timestamp,open,high,low,close,volume,ema5,ema10,ema20,ema60,ema120,rsi14,macd,macd_signal,macd_hist,bb_mid,bb_upper,bb_lower,bb_width,bb_percent_b,atr14,prev20_high,prev20_low,prev60_high,prev60_low,return_1,return_5,return_20,return_60
2026-08-12 09:00:00+09:00,66994.046875,67144.359375,66735.7578125,66910.90625,0.0,,,,,,,,,,,,,,,,,,,,,,,
2026-08-12 09:10:00+09:00,66917.9765625,66998.40625,66794.3828125,66951.03125,0.0,,,,,,,,,,,,,,,,,,,,0.0005996780233417098,,,
2026-08-12 09:20:00+09:00,66979.3515625,67087.2890625,66845.6875,67074.296875,0.0,,,,,,,,,,,,,,,,,,,,0.001841131087880088,,,
2026-08-12 09:30:00+09:00,67065.8984375,67077.5625,66880.8671875,66886.1015625,0.0,,,,,,,,,,,,,,,,,,,,-0.0028057739144209393,,,
2026-08-12 09:40:00+09:00,66889.59375,67058.609375,66882.5,67005.4375,0.0,66965.07349537038,,,,,,,,,,,,,,,,,,,0.001784166436856749,,,
2026-08-12 09:50:00+09:00,67007.2265625,67091.1875,66920.890625,66969.3125,0.0,66966.4864969136,,,,,,,,,,,,,,,,,,,-0.0005391353500229235,0.0008728958143502386,,
2026-08-12 10:00:00+09:00,66961.2578125,66972.9375,66830.5703125,66946.96875,0.0,66959.98058127574,,,,,,,,,,,,,,,,,,,-0.00033364162130233854,-6.067867699943719e-05,,
2026-08-12 10:10:00+09:00,66954.1171875,66961.3671875,66853.3203125,66938.3125,0.0,66952.75788751716,,,,,,,,,,,,,,,,,,,-0.00012930010367351308,-0.0020273693700199047,,
2026-08-12 10:20:00+09:00,66952.8203125,66952.8203125,66822.6796875,66909.890625,0.0,66938.46880001144,,,,,,,,,,,,,,,,,,,-0.00042459802075234254,0.0003556652569707275,,
2026-08-12 10:30:00+09:00,66916.140625,66982.2890625,66856.5703125,66957.3203125,0.0,66944.75263750763,66944.58512045919,,,,,,,,,,,,,,,,,,0.0007088591396124944,-0.0007181086982679385,,
2026-08-12 10:40:00+09:00,66964.359375,67121.6875,66964.359375,67042.6015625,0.0,66977.36894583842,66962.40629173933,,,,,,,,,,,,,,,,,,0.0012736658158059022,0.0010943678494534925,,
2026-08-12 10:50:00+09:00,67041.8203125,67120.15625,67012.640625,67068.921875,0.0,67007.88658889229,66981.77276142308,,,,,,,,,,,,,,,,,,0.0003925908584478943,0.001821637742186688,,
2026-08-12 11:00:00+09:00,67067.140625,67075.5078125,66939.0703125,66978.1171875,0.0,66997.96345509487,66981.10811161889,,,,,,,,,,,,,,,,,,-0.00135390110592859,0.0005946473105369332,,
2026-08-12 11:10:00+09:00,66980.4921875,67050.6171875,66977.3203125,67023.421875,0.0,67006.44959506326,66988.80152314271,,,,,,,,,,,,,243.8223017416242,,,,,0.0006764102874550204,0.001696778293007517,,
2026-08-12 11:20:00+09:00,67021.7578125,67054.3125,66958.609375,67040.1796875,0.0,67017.69295920884,66998.1430075713,,,,69.7601630126407,,,,,,,,,233.2423605457939,,,,,0.00025002919921424116,0.0012374953868117267,,
2026-08-12 12:30:00+09:00,67225.546875,67361.453125,67192.0234375,67241.828125,0.0,67092.40468113923,67042.44939255834,,,,76.81415852624907,,,,,,,,,239.53029461395147,,,,,0.003007874358928575,0.002971641282659254,,
2026-08-12 12:40:00+09:00,67245.9921875,67325.7265625,67216.6796875,67290.0390625,0.0,67158.2828082595,67087.4656961841,,,,78.12781925904366,,,,,,,,,230.2100503558121,,,,,0.000716978387476086,0.0032968650951643586,,
2026-08-12 12:50:00+09:00,67287.1484375,67340.6484375,67265.671875,67286.2109375,0.0,67200.92551800633,67123.60119460516,,,,77.75112219166311,,,,,,,,,219.12194408039696,,,,,-5.688992090557843e-05,0.00459991655390235,,
2026-08-12 13:00:00+09:00,67291.8125,67354.7890625,67291.8125,67336.9375,0.0,67246.26284533757,67162.38961376785,,,,79.18340949535998,,,,,,,,,208.36881414608288,,,,,0.0007538923918173346,0.0046777024542958845,,
2026-08-12 13:10:00+09:00,67337.5078125,67418.0703125,67334.9375,67414.21875,0.0,67302.24814689171,67208.17672944642,67110.72661549496,,,81.17201759220978,,,,67063.602734375,67374.82091596098,66752.38455278902,0.009281284300178471,1.0632961638652405,199.42338545707696,,,,,0.001147679904510035,0.005579326670118512,,
2026-08-12 13:20:00+09:00,67409.390625,67439.671875,67394.9921875,67429.4609375,0.0,67344.6524104278,67248.4102218198,67141.08226520973,,,81.54645333330845,,,,67089.53046875,67430.52162494189,66748.53931255812,0.010165256898040667,0.9984446994846822,188.37026417442863,67418.0703125,66735.7578125,,,0.0002260975174468438,0.00279041807357161,0.00774992772572114,
2026-08-12 13:30:00+09:00,67424.2890625,67426.7265625,67342.1875,67349.59375,0.0,67346.29952361854,67266.80722694346,67160.94050185641,,,73.31848229765617,,,,67109.45859375,67462.12929464398,66756.78789285601,0.010510312801922366,0.8404523761703019,181.1490622691123,67439.671875,66794.3828125,,,-0.0011844553758783016,0.0008850446266599477,0.00595304497270166,
2026-08-12 13:40:00+09:00,67348.65625,67443.390625,67311.359375,67434.609375,0.0,67375.73614074569,67297.31670840828,67187.00420406056,,,76.08465545828597,,,,67127.47421875,67506.91553056105,66748.03290693894,0.011305097241542512,0.9047202382682924,177.64064710703286,67439.671875,66822.6796875,,,0.0012623034567302849,0.002205480668808102,0.0053718416261818724,
2026-08-12 13:50:00+09:00,67434.96875,67502.8828125,67433.8671875,67480.0078125,0.0,67410.4933646638,67330.53327278858,67214.90930962622,,,77.43027398475752,,,,67157.16953125,67549.15460479034,66765.18445770965,0.011673662731063858,0.9117992023703647,169.8817169565305,67443.390625,66822.6796875,,,0.0006732216278964032,0.0021246928923668307,0.00887936710506354,
2026-08-12 14:00:00+09:00,67511.28125,67511.28125,67431.6171875,67479.6875,0.0,67433.55807644254,67357.65222319066,67240.126280138,,,77.39718464178607,,,,67180.88203125,67590.27452437281,66771.48953812719,0.012187767732265747,0.8649376500173892,163.43759878106403,67502.8828125,66822.6796875,,,-4.746776273156783e-06,0.0009711415664814815,0.007077783799262605,
2026-08-12 14:10:00+09:00,67480.9296875,67489.9765625,67453.7421875,67480.046875,0.0,67449.05434262837,67379.9057962469,67262.97586060106,,,77.40884936283716,138.311415955337,,,67206.41875,67623.4814609246,66789.3560390754,0.012411395181642465,0.8280419440920397,154.35165422527373,67511.28125,66822.6796875,,,5.325676708300975e-06,0.0007502052781778179,0.007626394178676943,
2026-08-12 14:20:00+09:00,67482.859375,67548.046875,67460.078125,67529.7109375,0.0,67475.93987425225,67407.14309465655,67288.3792012581,,,79.02020748396927,142.19375203522213,,,67235.555859375,67657.43988072751,66813.67183802249,0.012549432096163311,0.8486207858524367,149.61001820918275,67511.28125,66822.6796875,,,0.0007359814463674397,0.0026743618999187646,0.008704534325910007,
2026-08-12 14:30:00+09:00,67530.15625,67569.359375,67517.75,67537.453125,0.0,67496.44429116817,67430.83582744627,67312.10052732876,,,79.26845873044437,144.23263711734035,,,67265.512890625,67683.78804103103,66847.23774021897,0.012436540879013356,0.8250733806574676,142.60997226566968,67548.046875,66822.6796875,,,0.00011464861010823668,0.0015250885406348225,0.008950638320916804,
2026-08-12 14:40:00+09:00,67534.8515625,67560.8203125,67495.171875,67511.15625,0.0,67501.34827744545,67445.43954063785,67331.05821520221,,,75.97983827155797,142.08862101795967,,,67295.576171875,67693.21116878609,66897.94117496391,0.011817567202204098,0.7710778475230686,137.11271978240757,67569.359375,66822.6796875,,,-0.00038936728856697744,0.0004615950488113807,0.008986199489845692,
2026-08-12 14:50:00+09:00,67512.15625,67557.28125,67491.2578125,67491.2578125,0.0,67497.9847891303,67453.77013552187,67346.31531970676,,,73.49515206105798,137.20225303675397,,,67322.273046875,67696.48896562333,66948.05712812666,0.011117150441066533,0.7257851111601838,132.03491390509274,67569.359375,66856.5703125,,,-0.00029474295220655033,0.0001714636348901788,0.007974296126368685,
2026-08-12 15:00:00+09:00,67491.6015625,67566.4765625,67491.6015625,67546.5625,0.0,67514.17735942021,67470.64147451789,67365.38647973469,,,75.85818984621099,136.2221135581931,,,67347.47109375,67710.67311948985,66984.26906801017,0.010785914299120456,0.77407805042448,127.9766164833004,67569.359375,66939.0703125,,,0.0008194348318955047,0.0009857080437898347,0.007517025380200826,
2026-08-12 15:10:00+09:00,67554.4296875,67557.046875,67464.078125,67507.203125,0.0,67511.85261461348,67477.28904733282,67378.89282690281,,,71.0062766391363,130.76203005152638,,,67369.38515625,67715.18818959227,67023.58212290774,0.010265880638222922,0.6992723537123897,125.4760545916361,67569.359375,66939.0703125,,,-0.0005826998968304631,-0.0003333023670252233,0.006534788956602755,
2026-08-12 15:20:00+09:00,67500.6328125,67559.078125,67478.5,67547.8125,0.0,67523.83924307566,67490.1114932723,67394.98041481682,,,72.9300784978388,128.2335155656474,,,67397.869921875,67701.32230546007,67094.41753828993,0.009004806351797788,0.7470611308989236,122.26905962080495,67569.359375,66939.0703125,,,0.0006015561765284616,0.00015338711367784974,0.008505693149080118,
2026-08-13 09:00:00+09:00,68033.171875,68779.4375,68006.171875,68732.859375,0.0,67926.84595371711,67716.06565358643,67522.39745864378,,,91.22591258512698,219.3247889392078,152.35132031084976,66.97346862835803,67483.341796875,68108.84853822054,66857.83505552946,0.0185381080631222,1.4988042458480448,201.5087696478903,67569.359375,66958.609375,,,0.01754382312528624,0.018096314636886435,0.025505076466971977,
2026-08-13 09:10:00+09:00,68748.5,68790.8984375,68628.03125,68704.0078125,0.0,68185.89990664474,67895.69150066162,67634.93177805866,,,89.63746361249592,285.89161877389415,179.05938000345864,106.83223877043551,67566.533203125,68355.3944180903,66777.6719881597,0.02335064942857894,1.2209599025761628,198.7486566373267,68779.4375,66958.609375,,,-0.0004197637456428982,0.017968993900946195,0.024818372097982655,
2026-08-13 09:20:00+09:00,68732.0078125,68799.7109375,68388.8125,68402.671875,0.0,68258.15722942984,67987.86975054131,67708.04988252926,,,74.95717662610657,310.7488993421139,205.3972838711897,105.35161547092417,67624.575390625,68477.54979383202,66771.60098741799,0.02522675812099121,0.9561077574247877,213.90221241323192,68790.8984375,67192.0234375,,,-0.004386002317686821,0.012674358891320292,0.017263714898441362,
2026-08-13 09:30:00+09:00,68388.296875,68459.5078125,68185.5234375,68311.6171875,0.0,68275.97721545323,68046.73292089744,67765.53248300267,,,71.16451130633675,319.41905691729335,228.20163848041042,91.21741843688292,67675.654296875,68563.99628565813,66787.31230809187,0.02625292649218306,0.8579493588365437,218.19379545514394,68799.7109375,67216.6796875,,,-0.0013311568832632403,0.011915973781501554,0.015181713953994702,
2026-08-13 09:40:00+09:00,68341.9765625,68604.1484375,68323.390625,68585.890625,0.0,68379.28168530215,68144.76159437063,67843.66182985956,,,75.23008583699718,344.4511747392535,251.45154573217906,92.99962900707442,67740.63828125,68693.33583278963,66787.94072971036,0.028127799669798257,0.9436100115844804,223.50361363691937,68799.7109375,67265.671875,,,0.004015033588608885,0.015368049483467816,0.01931569142312428,
2026-08-13 09:50:00+09:00,68584.703125,68616.3671875,68404.578125,68616.3671875,0.0,68458.31018603477,68230.5080658487,67917.25281630151,,,75.64106501727264,362.56904212410154,273.67504501056357,88.89399711353798,67804.609765625,68810.61601846296,66798.60351278706,0.02967368314087594,0.9034554554631354,222.66685998428227,68799.7109375,67291.8125,,,0.00044435615288040964,-0.0016948543761933221,0.019000413962990237,
2026-08-13 10:00:00+09:00,68624.421875,68633.40625,68446.8515625,68541.0703125,0.0,68485.89689485652,68286.9739288762,67976.66400641565,,,72.4429992017833,366.62552321338444,292.26514065112775,74.36038256225669,67860.95234375,68898.90438248518,66823.00030501482,0.03059055326772984,0.8276249495972714,220.08741909254783,68799.7109375,67311.359375,,,-0.0010973602667457838,-0.0023715865374939193,0.016715339633005755,
2026-08-13 10:10:00+09:00,68545.0625,68560.046875,68416.953125,68455.109375,0.0,68475.63438823768,68317.54400998962,68022.23023199511,,,68.86345723213894,358.76832650882716,305.56577782266766,53.2025486861595,67912.234765625,68961.13535022028,66863.33418102973,0.030889885694829106,0.7587826803359369,214.587871300223,68799.7109375,67311.359375,,,-0.001254152249272944,0.0007666001716397641,0.015210687186876237,
2026-08-13 10:20:00+09:00,68472.96875,68472.96875,68357.5390625,68378.15625,0.0,68443.14167549179,68328.56441726424,68056.12794799558,,,65.73219821571925,342.3851644011593,312.929655138366,29.45550926279327,67963.662890625,68997.93394389295,66929.39183735705,0.030436000923976605,0.7003794643896024,207.50514388592134,68799.7109375,67311.359375,,,-0.001124139975855476,0.0009740519290790672,0.015271992639153797,
2026-08-13 10:30:00+09:00,68375.828125,68435.0,68313.921875,68416.34375,0.0,68434.2090336612,68344.52429594347,68090.43421485314,,,66.54515752919133,328.69382469399716,316.08248904949227,12.61133564450489,68012.749609375,69035.0426473085,66990.4565714415,0.030061805876249608,0.6973965025922729,201.3317853940698,68799.7109375,67311.359375,,,0.0005584751343745697,-0.002472037228867019,0.014558316331909404,
2026-08-13 10:40:00+09:00,68436.0,68436.0,68339.8515625,68389.71875,0.0,68419.37893910747,68352.74146940828,68118.93750391476,,,65.38053784596678,312.0972613941558,315.285443518425,-3.18818212426919,68058.23515625,69062.4590843051,67054.0112281949,0.029510724918140323,0.6650446601048401,193.81868911592196,68799.7109375,67431.6171875,,,-0.00038916139829525687,-0.0033031249946628982,0.013481191940992732,
2026-08-13 10:50:00+09:00,68394.671875,68593.7421875,68388.3671875,68478.3125,0.0,68439.02345940498,68375.5725658795,68153.16369401812,,,67.42354391546358,302.6048997045873,312.74933475565746,-10.144435051070161,68108.16640625,69091.4480015258,67124.88481097421,0.02887411736826801,0.6882197813568217,194.6441398933561,68799.7109375,67431.6171875,,,0.001295424979357751,-0.0009156234680005593,0.01479889781647259,
2026-08-13 11:00:00+09:00,68481.1875,68621.5625,68439.2109375,68585.2734375,0.0,68487.77345210333,68413.69999708323,68194.31700292116,,,69.74496437821051,300.25187174606253,310.2498421537385,-9.99797040767595,68163.427734375,69123.2437755046,67203.6116932454,0.02816219996652427,0.7197534137002618,193.76609865097353,68799.7109375,67453.7421875,,,0.0015619680683574,0.0019014513845410086,0.016378568386997694,
2026-08-13 11:10:00+09:00,68589.2265625,68634.921875,68575.453125,68608.921875,0.0,68528.15625973555,68449.19488397718,68233.80318121439,,,70.2497449129375,296.8731426133454,307.57450224565986,-10.70135963231445,68217.38828125,69149.57575191854,67285.20081058145,0.027329907935650665,0.710007968391382,184.1734308901897,68799.7109375,67460.078125,,,0.00034480342958098653,0.003374844214229622,0.015981275834259456,
2026-08-13 11:20:00+09:00,68610.4296875,68636.703125,68588.421875,68609.921875,0.0,68555.4114648237,68478.41797325405,68269.62400919397,,,70.27233136489735,290.92259252232907,304.2441203009937,-13.321527778664631,68271.01171875,69163.10238083413,67378.92105666587,0.02613380524545889,0.6899527540498118,174.46684654089046,68799.7109375,67464.078125,,,1.4575363854518741e-05,0.002829413476220788,0.015879614945133458,
2026-08-13 12:30:00+09:00,68757.0,68761.5625,68679.46875,68742.9375,0.0,68617.9201432158,68526.5124326624,68314.70148450883,,,73.18821622836184,293.55605649635254,302.1065075400655,-8.55045104371294,68332.60078125,69175.04936770679,67490.15219479322,0.02465729613171537,0.7435381371317945,172.83640214511257,68799.7109375,67464.078125,,,0.0019387228751308605,0.005164793136395174,0.018245595519629454,
2026-08-13 12:40:00+09:00,68737.7265625,68784.0078125,68677.4296875,68733.96875,0.0,68656.60301214387,68564.23176308742,68354.63170026989,,,72.6706303842498,291.5584877409856,299.9969035802495,-8.43841583926394,68394.736328125,69159.53954931063,67629.93310693937,0.022364388321243787,0.7217775844021068,168.10366806331882,68799.7109375,67464.078125,,,-0.00013046794807103357,0.003733390042285345,0.018412917135911533,
2026-08-13 12:50:00+09:00,68735.34375,68792.90625,68699.6328125,68699.6328125,0.0,68670.94627892924,68588.85013570788,68387.48894905372,,,70.61180177036886,283.93178800113674,296.78388046442694,-12.852092463290205,68452.38984375,69120.47730836362,67784.30237913638,0.019519770343697385,0.6850378744143825,162.75865159451033,68799.7109375,67464.078125,,,-0.0004995483037635307,0.0016674042293380875,0.017070747493627136,
2026-08-13 13:00:00+09:00,68699.953125,68720.8671875,68649.578125,68716.359375,0.0,68686.0839776195,68612.03363376099,68418.80994200098,,,71.04219885481058,276.055076233446,292.63811961823075,-16.58304338478473,68512.84765625,69029.54937681045,67996.14593568955,0.0150833526334477,0.6969334634005644,156.22510951633103,68799.7109375,67464.078125,,,0.0002434738267911296,0.001565940654128628,0.01791151453513873,
2026-08-13 13:10:00+09:00,68714.453125,68742.3203125,68669.5,68711.609375,0.0,68694.59244341301,68630.13831398626,68446.6956022866,,,70.72542921757476,266.3590191364201,287.3822995218686,-21.023280385448516,68571.0375,68845.04317507983,68297.03182492018,0.007991877768506123,0.7565127071894442,150.26762401516453,68799.7109375,67478.5,,,-6.912473307962852e-05,0.0014821107096618658,0.01722923114645636,
2026-08-13 13:20:00+09:00,68714.171875,68742.7578125,68623.59375,68711.1796875,0.0,68700.12152477534,68644.87310917057,68471.88456278312,,,70.6947207652311,255.69268572267902,281.0443767620307,-25.351691039351692,68569.953515625,68841.55085100443,68298.35618024558,0.007921759355357778,0.759991821491362,148.04594104979563,68799.7109375,68006.171875,,,-6.25349200678027e-06,-0.0004619792760528485,-0.0003154195489193379,
2026-08-13 13:30:00+09:00,68712.1796875,68792.3203125,68710.2890625,68710.2890625,0.0,68703.5107040169,68656.76691886682,68494.58975323234,,,70.62627044947752,244.35094802560343,273.7056910147453,-29.35474298914187,68570.267578125,68842.49803249298,68298.03712375702,0.007940189355621654,0.7571745411439725,143.33060597481023,68799.7109375,68185.5234375,,,-1.2961864489180464e-05,-0.0003445121521518102,9.142479747525911e-05,
2026-08-13 13:40:00+09:00,68708.859375,68708.859375,68572.453125,68641.671875,0.0,68682.89776101126,68654.02236543648,68508.59757435307,,,65.37434516670208,227.20660925409175,264.40587466261456,-37.19926540852282,68582.217578125,68844.7823531171,68319.65280313289,0.007656934530966588,0.6132183417916413,142.93812965518094,68799.7109375,68185.5234375,,,-0.0009986450127954516,-0.000843686277890221,0.003494015561800845,
2026-08-13 13:50:00+09:00,68642.9921875,68642.9921875,68503.296875,68510.4921875,0.0,68625.42923650751,68627.92596944803,68508.7780137004,,,56.69450729087944,200.72070939889818,251.66884160987132,-50.94813221097314,68592.161328125,68826.5301410272,68357.79251522281,0.006833690858086184,0.3257679005715532,142.7064998583823,68792.90625,68185.5234375,,,-0.0019110794349369575,-0.0029958977654293006,0.0029112910539672576,
2026-08-13 14:00:00+09:00,68510.859375,68634.453125,68484.1171875,68609.359375,0.0,68620.07261600501,68624.55022500292,68518.35719096703,,,60.907300958692396,185.5690739351412,238.44888807492532,-52.879814139784116,68593.334765625,68827.8012298766,68358.8683013734,0.006836421207767288,0.5341724976024872,143.25145968992643,68792.90625,68313.921875,,,0.0014430955659963107,-0.0014881036979058626,0.00034218043661948805,
2026-08-13 14:10:00+09:00,68607.4375,68700.1875,68601.2109375,68615.4296875,0.0,68618.52497317002,68622.89194545694,68527.60219063684,,,61.157152376731496,172.06762864091434,225.17263618812314,-53.1050075472088,68593.287890625,68827.7362915422,68358.8394897078,0.006835899200255259,0.547221044776549,140.08896703350314,68792.90625,68313.921875,,,8.847644920884079e-05,-0.0013935141331509193,-1.3662920938961598e-05,
2026-08-13 14:20:00+09:00,68612.0703125,68686.921875,68603.7265625,68669.8515625,0.0,68635.63383628002,68631.43005764658,68541.1497498619,68020.25475069137,,63.41471467500525,163.87003470794298,212.91211589208712,-49.04208118414414,68599.726953125,68835.15692289578,68364.29698335423,0.006863874835293373,0.6489288076689438,136.02513456682436,68792.90625,68313.921875,,,0.0007931433971608559,-0.0005885217563735834,0.0018788917274394912,
2026-08-13 14:30:00+09:00,68669.1328125,68703.6796875,68525.3671875,68560.859375,0.0,68610.70901585335,68618.59902443811,68543.0268570179,68037.97949247199,,56.350946328952105,146.88542011991376,199.70677673765246,-52.8213566177387,68605.014453125,68831.8067126635,68378.2221935865,0.006611535945188392,0.4026530309834034,139.04566066919406,68792.90625,68313.921875,68799.7109375,66735.7578125,-0.0015871912494349605,-0.001177309610802646,0.001544807991185726,0.024658956476172333
2026-08-13 14:40:00+09:00,68558.6328125,68558.6328125,68419.328125,68471.6015625,0.0,68564.33986473558,68591.87221317663,68536.2244480162,68052.19660952209,,51.31029697692839,124.784196637891,184.72226071770018,-59.93806407980918,68609.68671875,68820.90764511446,68398.46579238554,0.006157175071511826,0.1731262412613963,139.22320276425162,68792.90625,68313.921875,68799.7109375,66794.3828125,-0.001301877095965187,-0.0005676594016221781,0.001366595966091122,0.022711678731610174
2026-08-13 14:50:00+09:00,68475.53125,68524.953125,68377.2578125,68386.7109375,0.0,68505.13022232373,68554.5701630536,68521.98506606228,68063.16429240661,,47.00387020127564,99.27447941820719,167.6327044578016,-68.3582250395944,68608.205078125,68825.16783481446,68391.24232143554,0.006324688320949517,-0.01044276908322669,139.82835345966222,68792.90625,68313.921875,68799.7109375,66822.6796875,-0.0012397931852450306,-0.003245161294730403,-0.0004331247604852928,0.0195665720498841
2026-08-13 15:00:00+09:00,68380.921875,68400.75,68305.546875,68343.4921875,0.0,68451.2508773825,68516.19234931658,68504.98574429443,68072.35537093427,,44.93608726485641,74.70925106183859,149.048013778609,-74.33876271677042,68605.89375,68832.87127447453,68378.91622552548,0.006616852053604363,-0.07803424173271749,136.64083714111493,68792.90625,68339.8515625,68799.7109375,66822.6796875,-0.0006319758533130937,-0.00396321208274153,-0.0006759285364074108,0.02178913991030229
2026-08-13 15:10:00+09:00,68342.578125,68362.7734375,68281.75,68360.1171875,0.0,68420.872980755,68487.81504716811,68491.18873888544,68081.79018459216,,45.92161572841532,55.93781287877937,130.42597359864308,-74.48816071986371,68599.983984375,68845.35090138331,68354.61706736668,0.007153556101826583,0.01120794971136066,132.66816573817815,68792.90625,68305.546875,68799.7109375,66822.6796875,0.00024325651891454747,-0.004510485576309953,-0.0017260254843458611,0.020217459030843488
2026-08-13 15:20:00+09:00,68361.328125,68406.2890625,68355.171875,68406.2890625,0.0,68416.01167467001,68472.99214086481,68483.10305542016,68092.42949206455,,48.669378089973584,44.27660418403684,113.19609971572184,-68.919495531685,68591.034765625,68850.54359863725,68331.52593261274,0.007566844089726657,0.1440473702175072,126.84309586402257,68792.90625,68281.75,68799.7109375,66822.6796875,0.000675421238283791,-0.002254497885660456,-0.002609661900132343,0.021457239276571727
2026-08-14 09:00:00+09:00,68811.171875,69532.6328125,68683.2890625,69478.8828125,0.0,68770.30205394668,68655.88135388939,68577.9392227611,68137.88697798045,,77.39887305528535,120.19878706782765,114.596637186143,5.602149881684653,68634.5328125,69100.75953332928,68168.3060916707,0.0135857767722542,1.4055143798902567,198.23599973087812,68792.90625,68281.75,68799.7109375,66822.6796875,0.01567975349488715,0.01471093456285777,0.012679997203352,0.037819696840269534
2026-08-14 09:10:00+09:00,69495.9609375,69495.9609375,69146.8984375,69368.828125,0.0,68969.81074429779,68785.50803954585,68653.26197535527,68178.24570411224,,72.89088599303334,169.5329007281398,125.58388989454238,43.94901083359741,68672.478125,69237.56639226036,68107.38985773963,0.016457488725884307,1.1161426810151462,209.00932117867256,69532.6328125,68281.75,69532.6328125,66822.6796875,-0.0015840019736212962,0.014361228578423368,0.011061173504652189,0.03630978335463708
2026-08-14 09:20:00+09:00,69351.453125,69516.0625,69309.1796875,69472.671875,0.0,69137.43112119853,68910.44691871933,68731.30101341667,68220.68590643643,,74.40566202776307,214.5368171203736,143.37447533970862,71.16234178066497,68708.96484375,69373.09489879759,68044.83478870241,0.019331685655805588,1.0749679791221607,208.85742770162454,69532.6328125,68281.75,69532.6328125,66822.6796875,0.0014969800241237952,0.016522124511900937,0.010615408673800175,0.038301979364504524
2026-08-14 09:30:00+09:00,69469.1015625,69608.2421875,69420.6171875,69608.2421875,0.0,69294.36814329903,69037.31878577036,68814.81922047223,68266.17955499589,,76.26990094592121,258.16615754597296,166.3328117809615,91.83334576501147,68752.678515625,69524.06693834938,67981.29009290061,0.022439516230602558,1.054560871456516,207.3408257229371,69532.6328125,68281.75,69532.6328125,66856.5703125,0.0019514192968412836,0.018258087483621566,0.012719670541358141,0.039591218146540985
2026-08-14 09:40:00+09:00,69600.9609375,69600.9609375,69306.7265625,69306.7265625,0.0,69298.48761636602,69086.30201790301,68861.66753876058,68300.29585032389,,64.94058306892263,265.3540962549596,186.13706867576113,79.21702757919846,68783.033203125,69590.61326034875,67975.45314590125,0.023481955349042644,0.8242361885305352,214.06759709987017,69608.2421875,68281.75,69608.2421875,66939.0703125,-0.00433160809014288,0.013163080651507064,0.008836928599850413,0.033771437074817
2026-08-14 09:50:00+09:00,69295.609375,69394.6875,69183.390625,69291.3671875,0.0,69296.11414007735,69123.58659419337,68902.59131483099,68332.78999252639,,64.41566625102907,266.73644457390765,202.25694385539043,64.47950071851722,68811.78359375,69648.24687270726,67975.32031479276,0.024311629063288036,0.7866734295544042,213.86968837845086,69608.2421875,68281.75,69608.2421875,66939.0703125,-0.00022161449200963634,-0.002698886588404781,0.008367844538475389,0.03313673830395092
2026-08-14 10:00:00+09:00,69283.5390625,69287.6875,69026.65625,69127.75,0.0,69239.99276005157,69124.34357706731,68924.03499913281,68358.8542550665,,58.94936574385492,251.72766611070256,212.15108830645286,39.576577804249695,68832.590625,69678.69881311865,67986.48243688134,0.02458452254770571,0.6744217696653534,217.50120617284725,69608.2421875,68281.75,69608.2421875,66939.0703125,-0.0023612925266326412,-0.00347530917728045,0.006056336458790668,0.03209455420316276
2026-08-14 10:10:00+09:00,69125.609375,69127.796875,68929.25,68970.453125,0.0,69150.14621503439,69096.36349487325,68928.45577302492,68378.90667703153,,54.1885095747022,224.55206143314717,214.63128293179176,9.920778501355414,68845.554296875,69691.76935788481,67999.33923586518,0.02458299797720501,0.5737985140420212,216.14732537478673,69608.2421875,68281.75,69608.2421875,66958.609375,-0.0022754519711692955,-0.0072290115875149885,0.00377338067370081,0.029050012600539077
2026-08-14 10:20:00+09:00,68977.7890625,69089.1875,68861.5390625,68904.609375,0.0,69068.3006016896,69061.49910944175,68926.18468749874,68396.14283106328,,52.284969901226255,195.44914253838942,210.7948548531113,-15.34571231472188,68855.2703125,69699.50990489406,68011.03072010593,0.02452214880756341,0.5292210072499023,216.96883338373053,69608.2421875,68281.75,69608.2421875,66958.609375,-0.0009546660492525394,-0.010108469778688844,0.0028281108281067446,0.027810630821558435
2026-08-14 10:30:00+09:00,68931.3671875,68931.3671875,68748.7578125,68813.1171875,0.0,68983.2394636264,69016.3387599978,68915.41635416553,68409.81412143825,,49.67379361704303,163.12184762040852,201.26025340657077,-38.13840578616225,68863.842578125,69702.69719789107,68024.98795835892,0.024362701480516665,0.46976508835396147,214.5145863563212,69608.2421875,68281.75,69608.2421875,67192.0234375,-0.0013278093922871603,-0.0071220991018075,0.0024976855577207857,0.02336773264966907
2026-08-14 10:40:00+09:00,68815.75,68960.8828125,68815.75,68954.2578125,0.0,68973.57891325094,69005.0513149982,68919.11554067358,68427.66473425995,,53.52938055405832,147.19433766904694,190.44707025906604,-43.25273259001909,68886.030859375,69709.66395548881,68062.39776326118,0.023912920684752266,0.541418292591036,209.74680340229824,69608.2421875,68281.75,69608.2421875,67216.6796875,0.0020510715219514974,-0.00486509919897804,0.006477338154067036,0.024732022349611693
2026-08-14 10:50:00+09:00,68953.9296875,68962.4296875,68770.53125,68824.546875,0.0,68923.9015671673,68972.23232590762,68910.10900108563,68440.67726346453,,49.75664277605306,122.69077972802916,176.89581215285867,-54.20503242482951,68896.790234375,69711.25635056778,68082.32411818222,0.02364307868108533,0.4556498680923005,208.47192012356265,69608.2421875,68281.75,69608.2421875,67265.671875,-0.0018811157079335894,-0.004386127495832004,0.003136416109409179,0.022862573416846388
2026-08-14 11:00:00+09:00,68822.6484375,68933.109375,68811.3125,68888.7265625,0.0,68912.17656561153,68957.0494598335,68908.0725783632,68455.36740441652,,51.575244195469516,107.21439709926199,162.95952914213933,-55.745132042877344,68910.455078125,69714.68663414638,68106.22352210362,0.023341350891083336,0.48649113214825007,202.28084547187962,69608.2421875,68281.75,69608.2421875,67291.8125,0.0009325115880030044,-0.0011849503489832491,0.003983023588786105,0.023045138672960874
2026-08-14 11:10:00+09:00,68883.328125,68978.1328125,68830.6328125,68830.6328125,0.0,68884.99531457436,68934.06461486378,68900.6973625667,68467.67118828812,,49.817493633497165,89.23295034340117,148.2142133823917,-58.981263038990534,68918.494140625,69716.1320271805,68120.8562540695,0.023147281335774934,0.4449240503705146,198.36792793817392,69608.2421875,68281.75,69608.2421875,67311.359375,-0.0008432983580745068,-0.0010736083285429743,0.0023413659173803225,0.02101061302442231
2026-08-14 11:20:00+09:00,68832.09375,68908.09375,68808.3515625,68889.0078125,0.0,68886.33281388291,68925.87246897945,68899.58407208415,68481.48550383605,,51.60242578519634,78.78471769602038,134.32831424511744,-55.54359654909706,68934.9015625,69715.7618238086,68154.0413011914,0.02265500475403241,0.4706133400084336,191.3232321925901,69608.2421875,68281.75,69608.2421875,67311.359375,0.0008480962271408821,0.001102851143819139,0.0047862357690875434,0.021645536753628347
2026-08-14 12:30:00+09:00,68953.796875,68989.2578125,68830.1484375,68834.3203125,0.0,68868.99531342194,68909.22662234682,68893.36847593328,68493.05385821848,,49.81481190121948,65.3384132834326,120.53033405278049,-55.19192076934789,68953.0375,69706.37742217672,68199.69757782329,0.021850811784084715,0.4212060956779101,189.0222423931194,69608.2421875,68281.75,69608.2421875,67311.359375,-0.0007938494360210102,-0.0017393777237967312,0.005297360390627226,0.022045070798960786
2026-08-14 12:40:00+09:00,68829.421875,68829.90625,68728.9296875,68733.1796875,0.0,68823.72343811463,68877.2180887383,68878.1124008444,68500.9268362277,,46.599610836456506,45.990764090864104,105.62242006039722,-59.631655969533114,68970.3609375,69685.79295304221,68254.92892195778,0.020746071379575126,0.3342391416323203,183.048555436468,69608.2421875,68281.75,69608.2421875,67311.359375,-0.001469334258562216,-0.0013275377993543502,0.005066316909386748,0.01925673366444114
2026-08-14 12:50:00+09:00,68736.7578125,68771.25,68637.1171875,68647.546875,0.0,68764.99791707643,68835.45968624043,68856.15377933541,68505.73405061368,,44.00962962083079,23.477130659739487,89.19336218026568,-65.7162315205262,68985.563671875,69658.74074677961,68312.38659697039,0.019516462258872925,0.2489391651350431,179.55457379814885,69608.2421875,68281.75,69608.2421875,67431.6171875,-0.0012458729959727854,-0.0035010037133026417,0.0044489193889276635,0.01730199951582878
2026-08-14 13:00:00+09:00,68643.7421875,68677.8515625,68565.84375,68645.5390625,0.0,68725.17829888429,68800.92866374218,68836.09523487488,68510.3178214952,,43.947952995255726,5.4105310409504455,72.43679595240263,-67.02626491145219,68999.834765625,69630.10407611264,68369.56545513736,0.018268719414430586,0.21893308365999983,174.72980513399537,69608.2421875,68281.75,69608.2421875,67431.6171875,-2.9248131818260248e-05,-0.002689118818712699,0.004175268954222711,0.017277074119526725
2026-08-14 13:10:00+09:00,68651.6875,68679.890625,68579.2890625,68655.9375,0.0,68702.09803258954,68774.56663397087,68818.93735536298,68515.09223718388,,44.38267597314492,-7.976365737777087,56.35416361436669,-64.33052935214377,69012.3171875,69603.76450200938,68420.86987299062,0.017140340698964588,0.1987223724266777,169.43493066013855,69608.2421875,68355.171875,69608.2421875,67453.7421875,0.00015148016378074836,-0.0033832728892592145,0.0036494954034402838,0.01742575293668991
2026-08-14 13:20:00+09:00,68651.4765625,68730.859375,68627.71875,68649.3828125,0.0,68684.52629255969,68751.80593915799,68802.78930366175,68519.49520686638,,44.150229653571294,-18.896657479082933,41.30399939567677,-60.2006568747597,68970.8421875,69541.5757496508,68400.10862534921,0.01654999544877916,0.218380522613219,164.6996231129858,69608.2421875,68565.84375,69608.2421875,67460.078125,-9.547153150446519e-05,-0.002686704817602692,-0.011938879360489096,0.016580433404139283
2026-08-14 13:30:00+09:00,68652.15625,68721.109375,68559.53125,68584.109375,0.0,68651.05398670647,68721.31565476563,68781.9626437892,68521.61370418224,,41.80233345556094,-32.44409294615616,26.55438092731018,-58.99847387346634,68931.60625,69495.35518007667,68367.85731992332,0.01635676174531841,0.1917981955613344,164.47665896205822,69608.2421875,68565.84375,69608.2421875,67464.078125,-0.0009508233697931301,-0.0021688260775619694,-0.011312267645432472,0.015497419603058171
2026-08-14 13:40:00+09:00,68583.859375,68639.65625,68536.3125,68536.3125,0.0,68612.80682447099,68687.67871753551,68758.56739199975,68522.09563191397,,40.11984209651149,-46.50130343521596,11.943244054804953,-58.44454749002091,68884.78828125,69415.5859781342,68353.9905843658,0.015411173065292773,0.17174331831546294,160.1100226076255,69608.2421875,68559.53125,69608.2421875,67464.078125,-0.0006969088821823233,-0.0016203692639235046,-0.013478096490728952,0.015184990258554576
2026-08-14 13:50:00+09:00,68538.296875,68555.5078125,68525.8828125,68539.859375,0.0,68588.49100798066,68660.80247343815,68737.73805704739,68522.67804972007,,40.31182902110823,-56.70191645731393,-1.7857880476188228,-54.916128409695105,68831.369140625,69266.62751889793,68396.11076235207,0.012647093431591797,0.16513020750837212,150.78966384993797,69608.2421875,68536.3125,69608.2421875,67464.078125,5.1751762979668214e-05,-0.0015394982535396062,-0.015348510160939743,0.015536850200853491
2026-08-14 14:00:00+09:00,68541.84375,68591.1015625,68471.1484375,68504.78125,0.0,68560.58775532045,68632.43497826757,68715.55169447145,68522.09126940137,,38.98071965548164,-66.84592903635348,-14.797816245365755,-52.04811279098773,68791.271875,69190.21759482742,68392.32615517259,0.011598730738758204,0.14094034506255568,148.58705393208527,69600.9609375,68525.8828125,69608.2421875,67464.078125,-0.0005117916103106745,-0.0022016486192472096,-0.011570959303305317,0.014186047587543715
2026-08-14 14:10:00+09:00,68505.71875,68632.8984375,68484.6328125,68592.3515625,0.0,68571.17569104697,68625.14708449165,68703.8183485694,68524.39488556854,,43.95597910931035,-67.04607431581826,-25.247467859456258,-41.798606456362,68756.32109375,69091.23339981951,68421.40878768048,0.00974200773810618,0.25520527571183915,148.5640947226506,69394.6875,68471.1484375,69608.2421875,67464.078125,0.0012783094975579168,-0.0008307612925780861,-0.010088062241700113,0.016074557784458543
2026-08-14 14:20:00+09:00,68596.5,68626.8125,68564.6875,68622.03125,0.0,68588.12754403132,68624.58056912952,68696.0291010866,68527.59607784498,,45.57565809072542,-64.07121506961994,-33.012217301488995,-31.058997768130943,68731.03515625,69023.65026892028,68438.42004357972,0.008514788465066979,0.313741837775775,142.3898736710327,69287.6875,68471.1484375,69608.2421875,67478.5,0.00043269674860124674,0.0005529250922053919,-0.007315712575629907,0.015903087165109797
2026-08-14 14:30:00+09:00,68621.46875,68689.9765625,68595.78125,68684.0625,0.0,68620.10586268755,68635.39546565143,68694.88942479265,68532.72612447302,,48.89964618452868,-56.06196677053231,-37.622167195297656,-18.43979957523465,68716.715625,68988.34128946696,68445.08996053303,0.007905664931638325,0.4398931520994611,138.94740501595894,69127.796875,68471.1484375,69608.2421875,68006.171875,0.0009039553168284087,0.0021557915010381734,-0.004152366876305047,-0.0007099497306487512
2026-08-14 14:40:00+09:00,68678.90625,68748.4609375,68603.9921875,68735.390625,0.0,68658.5341167917,68653.5764037148,68698.74668195526,68539.37086219521,,51.53721725959464,-45.053480590097024,-39.10842987425753,-5.945050715839493,68708.2546875,68966.13661903222,68450.37275596778,0.00750657785458591,0.5526131034826159,139.3417868005333,69089.1875,68471.1484375,69608.2421875,68185.5234375,0.0007473076450594807,0.0028528107846004236,-0.002455840785324792,0.0004567828500725568
2026-08-14 14:50:00+09:00,68731.9765625,68853.0625,68731.9765625,68838.703125,0.0,68718.59045286114,68687.23580758483,68712.07586700714,68549.18503474619,,56.413757875481124,-27.673715285302023,-36.82148695646643,9.147771671164406,68709.533984375,68969.72751695565,68449.34045179434,0.007573724270632516,0.7482174313555676,138.03779756478093,68989.2578125,68471.1484375,69608.2421875,68185.5234375,0.0015030466701446699,0.004874431666037848,0.00037181773687544606,0.006374476874190016
2026-08-14 15:00:00+09:00,68846.46875,68864.2109375,68666.7109375,68710.84375,0.0,68716.0082185741,68691.52816075122,68711.95852253026,68554.48532049221,,49.74266567944255,-23.941328333865386,-34.245455231946224,10.304126898080838,68697.36328125,68932.16226554367,68462.56429695633,0.006835749527456784,0.5287064034594371,142.28509773872517,68989.2578125,68471.1484375,69608.2421875,68185.5234375,-0.001857376289728041,0.001727483965789256,-0.003530080233216215,0.005844197208861424
2026-08-14 15:10:00+09:00,68712.2265625,68753.171875,68685.5078125,68712.578125,0.0,68714.8648540494,68695.35542697826,68712.01753228929,68559.66869113181,,49.82933330447842,-20.605903191462858,-31.51754482384955,10.911641632386694,68691.76484375,68919.39691092378,68464.13277657623,0.006627637758079496,0.5457169359054055,136.95502379310196,68989.2578125,68471.1484375,69608.2421875,68281.75,2.5241648993645782e-05,0.0013195015267053467,-0.0016268723164042376,0.0018471364714454097
2026-08-14 15:20:00+09:00,68712.078125,68732.2734375,68694.078125,68718.328125,0.0,68716.01927769961,68699.53228116402,68712.61854111888,68564.87063978323,,50.13634230084402,-17.299163798510563,-28.673868618781757,11.374704820271194,68683.244921875,68892.78809065495,68473.70175309504,0.0061017259454851334,0.5837135453502758,129.90075870073753,68989.2578125,68471.1484375,69608.2421875,68281.75,8.36819132232769e-05,0.0004988875694416084,-0.002473531534153195,0.0014859565097840033
2026-08-17 09:00:00+09:00,68882.0625,69081.359375,68768.9296875,68987.21875,0.0,68806.41910179975,68751.83891186147,68738.7709419647,68578.71811880673,,61.882961287591286,6.938692293391796,-21.551356436347046,28.49004872973884,68691.07421875,68931.48746214673,68450.66097535327,0.006999839386151514,1.1159072750441212,146.55293665068484,68989.2578125,68471.1484375,69608.2421875,68281.75,0.003912938983481773,0.00366373308873591,0.0022749454872301733,0.006509213169066053
2026-08-17 09:10:00+09:00,68997.7890625,69100.4296875,68964.7421875,68986.2109375,0.0,68866.34971369983,68794.4520074321,68762.3366558252,68592.07853909176,,61.82417502598958,25.768996869170223,-12.087285775243593,37.85628264441382,68695.934375,68955.33683869182,68436.53191130818,0.007552192602135152,1.0595100338847674,145.77683403277877,69081.359375,68471.1484375,69608.2421875,68281.75,-1.4608684307915176e-05,0.0021428034783304017,0.001411010668996182,0.007758391847577206
2026-08-17 09:20:00+09:00,68965.75,69064.0625,68920.203125,68988.1484375,0.0,68906.94928829989,68829.66954017172,68783.84253979423,68605.06443740023,,61.89911033898566,40.382979122325196,-1.5932327957298362,41.97621191805503,68703.62578125,68986.99953686963,68420.25202563037,0.008249164506161021,1.002027182488834,145.63987267329458,69100.4296875,68471.1484375,69608.2421875,68281.75,2.808532275744291e-05,0.004035821310955701,0.0022347591187308335,0.008920863342231522
2026-08-17 09:30:00+09:00,68984.6484375,69016.078125,68795.828125,68795.828125,0.0,68869.90890053326,68823.51655559504,68784.98402409954,68611.31898453465,,51.16350553369066,36.03068411699496,5.931550586815123,30.099133530179838,68706.758203125,68992.74247694165,68420.77392930836,0.008324778560244763,0.6557252094429836,150.96916748234497,69100.4296875,68471.1484375,69608.2421875,68281.75,-0.002787729731205002,0.0012115685697100531,0.0009114730001555937,0.0055466918312190305
2026-08-17 09:40:00+09:00,68790.2109375,68805.890625,68642.6171875,68656.328125,0.0,68798.71530868884,68793.11865912321,68772.73108132815,68612.7946940581,,45.058914567227895,21.081955162764643,8.961631502005027,12.120323660759617,68707.197265625,68992.84333342078,68421.55119782922,0.00831488051219613,0.41095774393546286,151.84804391217747,69100.4296875,68471.1484375,69608.2421875,68281.75,-0.0020277392365498637,-0.0009022338245369133,0.00012791789946975385,0.0038983838488149125
2026-08-17 09:50:00+09:00,68663.4765625,68720.2265625,68539.25,68544.9375,0.0,68714.12270579257,68747.9948120099,68751.03645453499,68610.5698680234,,40.86598677608596,0.24387600875343196,7.218080403354708,-6.974204394601276,68702.1671875,68995.42094929861,68408.9134257014,0.008536958113658023,0.23192213028117978,153.92865238273623,69100.4296875,68471.1484375,69608.2421875,68281.75,-0.00162243784429017,-0.006411060744494823,-0.0014655222156301217,0.0009729357743737399
2026-08-17 10:00:00+09:00,68552.546875,68686.1484375,68532.9765625,68622.359375,0.0,68683.53492886171,68725.15200528082,68738.78149457928,68610.95640923576,,44.71661021115428,-9.90892960774363,3.7926784011350407,-13.70160800887867,68700.48828125,68995.1625327383,68405.8140297617,0.008578519858023109,0.3674317388516319,153.87459685539795,69100.4296875,68471.1484375,69608.2421875,68281.75,0.0011295053701085855,-0.005274265067690687,-0.0004890782388631276,0.0005407274133535367
2026-08-17 10:10:00+09:00,68617.859375,68617.859375,68492.0390625,68538.0,0.0,68635.02328590781,68691.12436795703,68719.65944747649,68608.5643958182,,41.54237320432744,-24.4800074599043,-1.8618587710728276,-22.61814868883147,68694.919140625,68997.35423730273,68392.48404394728,0.008805166392542486,0.24057385807935053,152.19214797286952,69100.4296875,68471.1484375,69608.2421875,68281.75,-0.001229327813388137,-0.00652501114604942,-0.0016224881846966799,-0.0010337121333755528
2026-08-17 10:20:00+09:00,68535.0703125,68682.5625,68512.453125,68655.640625,0.0,68641.89573227188,68684.67277832847,68713.56241676444,68610.1078787422,,47.17391785656317,-26.232682330271928,-6.736023482912648,-19.496658847359278,68698.495703125,68997.2742499311,68399.71715631889,0.00869825587148959,0.4282828727445324,153.47194990337883,69100.4296875,68471.1484375,69608.2421875,68281.75,0.0017164292071552012,-0.002037732575081219,0.001042971187522168,0.0006663577038215074
2026-08-17 10:30:00+09:00,68655.203125,68709.1328125,68557.390625,68698.78125,0.0,68660.85757151459,68687.23795499602,68712.1546865964,68613.01520238999,,49.11003786126413,-23.865495321821072,-10.161917850694334,-13.703577471126739,68706.619140625,68996.00469160592,68417.23358964408,0.0084238041283511,0.48645770219274576,153.3483954459946,69100.4296875,68471.1484375,69608.2421875,68281.75,0.0006283624274316946,0.0006183424916448299,0.0023705499183370726,-0.0006423387129769198
2026-08-17 10:40:00+09:00,68712.71875,68771.6328125,68683.2578125,68729.4375,0.0,68683.7175476764,68694.91059954219,68713.80066882532,68616.83232690179,,50.498454806187546,-19.293377348571084,-11.988209750269684,-7.3051675983014,68716.098046875,68995.25207260344,68436.94402114657,0.008124850905766208,0.5238926397177789,148.70743862842357,69100.4296875,68471.1484375,69608.2421875,68281.75,0.0004462415408570397,0.002691664865840826,0.0027659543910465434,-6.592446329534152e-05
2026-08-17 10:50:00+09:00,68722.859375,68765.703125,68702.09375,68705.421875,0.0,68690.95232345094,68696.8217405345,68713.002688461,68619.73690224926,,49.36228669569024,-17.40714244247647,-13.071996288711041,-4.335146153765429,68726.130078125,68988.07709925194,68464.18305699807,0.00762292364866655,0.46047253556098283,142.6290055121076,69100.4296875,68471.1484375,69608.2421875,68281.75,-0.00034942269096849277,0.0012104290898260484,0.0029288557869819876,8.426628008040282e-05
2026-08-17 11:00:00+09:00,68706.2578125,68815.921875,68691.953125,68727.25,0.0,68703.0515489673,68702.35415134642,68714.35957527424,68623.26192184765,,50.453438679565615,-13.989676149183651,-13.255532260805564,-0.7341438883780871,68732.875,68987.54179915,68478.20820085,0.007410334549515057,0.4889561575777162,141.29613011838563,69100.4296875,68484.6328125,69608.2421875,68281.75,0.0003177060034609269,0.0027612419387785803,0.001966668796550719,0.00015848664130424517
2026-08-17 11:10:00+09:00,68725.9765625,68766.8125,68709.90625,68716.9609375,0.0,68707.68801181154,68705.00993064707,68714.60732405765,68626.3340207215,,49.90752839013368,-11.973527473252034,-12.99913130329486,1.0256038300428258,68737.621484375,68987.33821634918,68487.90475240083,0.007265794962979193,0.4586320333610188,135.26828153850096,69100.4296875,68492.0390625,69608.2421875,68281.75,-0.00014970863085606023,0.0008931576770936367,0.0013833704099222022,7.788440044809164e-05
2026-08-17 11:20:00+09:00,68707.84375,68773.53125,68706.75,68721.4375,0.0,68712.27117454103,68707.99676143851,68715.25781700455,68629.45216758309,,50.160202247602285,-9.900368653383339,-12.379378773312556,2.4790101199292174,68739.490234375,68988.13284663243,68490.84762211757,0.007234345538777174,0.463697424566331,130.3763507143223,69100.4296875,68492.0390625,69608.2421875,68281.75,6.514494295051243e-05,0.000329791148951486,0.000544158260877392,0.00014928884275677845
2026-08-17 12:30:00+09:00,68763.71875,68833.96875,68670.703125,68821.546875,0.0,68748.69640802736,68728.64223663151,68725.38058443269,68635.75035471152,,55.55888245212933,-0.17734116027713753,-9.938971250705473,9.761630090428335,68743.798046875,68994.9796877861,68492.61640596391,0.007307761515877112,0.6547661442193489,132.72558459187073,69100.4296875,68492.0390625,69608.2421875,68281.75,0.0014567415735446954,0.0013401735610014676,0.001253448175919214,0.0016192307443037013
2026-08-17 12:40:00+09:00,68818.0,68920.828125,68814.4375,68848.9765625,0.0,68782.12312618492,68750.52120497123,68737.1516299629,68642.7413779177,,56.93534099955936,9.630559623881709,-6.025065075788037,15.655624699669746,68744.31171875,68996.30828728744,68492.31515021257,0.00733141585789422,0.7076711686144435,130.84451604959426,69100.4296875,68492.0390625,69608.2421875,68281.75,0.0003985624959843559,0.0020894229826748933,0.00014923926561105638,0.003020099625159478
2026-08-17 12:50:00+09:00,68846.71875,68882.1484375,68840.140625,68847.7109375,0.0,68803.98572995662,68768.19206543101,68747.68108782358,68649.46169134663,,56.84785046265271,17.104100869313697,-1.3992318867676903,18.503332756081388,68751.155078125,69006.5551622786,68495.7549939714,0.007429695802590693,0.6890286365703231,124.49903722462325,69100.4296875,68492.0390625,69608.2421875,68281.75,-1.8382626194135554e-05,0.001752739088207278,0.001991929949193727,0.004922147531462695
2026-08-17 13:00:00+09:00,68853.046875,68943.609375,68848.8984375,68942.5,0.0,68850.15715330442,68799.88441717082,68766.23526993563,68659.0695047451,,61.606412314544166,30.32604157878086,4.94582280634202,25.380218772438838,68762.651171875,69030.46734364702,68494.83500010298,0.0077895824901400065,0.8357691713219233,122.45613724429302,69100.4296875,68492.0390625,69608.2421875,68281.75,0.0013767932326180787,0.003282145476502185,0.0033461395464122745,0.004855614861219548
2026-08-17 13:10:00+09:00,68942.8125,68986.53125,68891.2734375,68956.609375,0.0,68885.64122720296,68828.37986404885,68784.36613708461,68668.82491032722,,62.27330548781508,41.46505020780023,12.249668286633664,29.215381921166568,68774.565234375,69054.36654376551,68494.76392498448,0.008136767086407308,0.8253096653149051,120.5133997625578,69100.4296875,68492.0390625,69608.2421875,68281.75,0.0002046542408529195,0.0034221035466552863,0.003467506508111784,0.004972346439479525
2026-08-17 13:20:00+09:00,68955.4375,68962.3828125,68906.8125,68906.8125,0.0,68892.69831813531,68842.6403433127,68796.0276954575,68676.62778211977,68354.95194687592,58.41663022160947,45.74725725095777,18.94918607949849,26.798071171459284,68770.544921875,69040.13291381414,68500.95692993586,0.007840216832523372,0.7527330263206982,115.87460781523225,69100.4296875,68492.0390625,69608.2421875,68281.75,-0.0007221479630646899,0.001238937932547035,-0.0011655238674193047,0.003450727387757979
2026-08-17 13:30:00+09:00,68901.15625,68940.203125,68886.75,68918.078125,0.0,68901.15825375688,68856.35630361947,68807.65154589011,68684.54418680437,68364.25981758871,59.034738794051776,49.47960884030908,25.055270631660612,24.42433820864847,68767.13828125,69027.29613283656,68506.98042966342,0.007566342241044046,0.7900928087111364,111.4159304712871,69100.4296875,68492.0390625,69608.2421875,68281.75,0.00016349072887389404,0.001003668695601645,-0.0009876294345507741,0.005210243180385987
2026-08-17 13:40:00+09:00,68916.3125,68943.296875,68903.03125,68904.3515625,0.0,68902.2226900046,68865.08271432502,68816.86107128153,68691.75098600751,68373.18695386824,57.90532069707558,50.744949301035376,30.193206365535566,20.55174293549981,68762.9484375,69011.15860581849,68514.73826918151,0.0072192997525139975,0.7848455523759147,106.33376579476659,69064.0625,68492.0390625,69608.2421875,68281.75,-0.0001991721602436769,0.0008226943819733545,-0.0012146560952555063,0.006320138424175559
2026-08-17 13:50:00+09:00,68903.2265625,68934.9296875,68873.2578125,68926.640625,0.0,68910.36200166974,68876.27506172046,68827.31626687376,68699.4522856466,68382.3349484324,59.2680117353223,52.93606776114029,34.74177864465651,18.19428911648378,68769.4890625,69027.5200300888,68511.4580949112,0.007504228142637246,0.8045207402206889,103.14363073799755,69016.078125,68492.0390625,69608.2421875,68281.75,0.0003234782999124164,-0.00023003771258656158,0.0019014597769260178,0.007895242805191494
2026-08-17 14:00:00+09:00,68925.9609375,68969.171875,68902.0234375,68953.703125,0.0,68924.80904277983,68890.35289140765,68839.35311050483,68707.78837874015,68391.77905052442,60.92211288551345,56.20832789072301,39.035088493869814,17.173239396853198,68784.3578125,69048.78463779943,68519.93098720058,0.007688574370941321,0.8202120516862024,100.57254550671202,68986.53125,68492.0390625,69608.2421875,68281.75,0.0003926275784602584,-4.214606875740934e-05,0.004331356018029142,0.008928588779541613
2026-08-17 14:10:00+09:00,68953.1171875,68975.328125,68901.703125,68973.0,0.0,68940.87269518655,68905.37963842443,68852.08138569485,68716.48384173228,68401.386008367,62.1038616691592,59.670865566135035,43.162243908322864,16.50862165781217,68805.7609375,69058.23257684252,68553.28929815748,0.007338677340458524,0.8312036610042963,98.64772082766116,68986.53125,68492.0390625,69608.2421875,68281.75,0.0002798526275669122,0.000960536376573895,0.006244990740563505,0.008965502660256863
2026-08-17 14:20:00+09:00,68973.6875,68977.2265625,68863.34375,68921.1875,0.0,68934.31096345771,68908.25379507453,68858.66292039058,68723.19543708532,68409.97776855929,57.10997896126324,57.57047923700884,46.04389097406006,11.526588262948778,68820.70234375,69063.16136674154,68578.24332075847,0.007046107195491385,0.7072209048155444,99.73594166139965,68986.53125,68492.0390625,69608.2421875,68355.171875,-0.0007511997448277352,4.511697198461562e-05,0.004354675760519955,0.007527062855720246
2026-08-17 14:30:00+09:00,68920.859375,69018.7890625,68914.1171875,69011.5234375,0.0,68960.04845480515,68927.03009369734,68873.22106487719,68732.6488141481,68419.92067217815,62.73620870430261,62.47508918726817,49.33013061670168,13.144958570566487,68844.378515625,69063.10791077577,68625.64912047422,0.006354313884934889,0.8820815253473122,100.08850832844253,68986.53125,68492.0390625,69608.2421875,68471.1484375,0.001310713595873647,0.001555371650262094,0.006908918227844341,-0.006726639175549831
2026-08-17 14:40:00+09:00,69031.6796875,69118.859375,69020.3203125,69118.828125,0.0,69012.97501153676,68961.9024630251,68896.6122134603,68745.31043089734,68431.472861481,68.09073256700803,74.16568357351935,54.297241208065216,19.86844236545413,68867.537890625,69099.13504312726,68635.94073812274,0.006725872874098756,1.0425158117445963,100.60618184069664,69018.7890625,68512.453125,69608.2421875,68471.1484375,0.0015548807236109852,0.002788290539874172,0.006746532342913447,-0.003603924222988275
2026-08-17 14:50:00+09:00,69127.5625,69191.859375,69092.9375,69183.890625,0.0,69069.94688269118,69002.26394702052,68923.97206217838,68759.69010939251,68443.90951872926,70.82788205270197,87.66995913455321,60.97178479336282,26.698174341190388,68891.793359375,69147.92609790781,68635.6606208422,0.007435798258195546,1.0702068140492396,100.4858742092183,69118.859375,68557.390625,69608.2421875,68471.1484375,0.0009413137022857843,0.003338290614830486,0.007061397104479283,-0.004156760380824243
2026-08-17 15:00:00+09:00,69188.0234375,69225.5703125,69147.109375,69153.1484375,0.0,69097.68073429412,69029.69749074406,68945.79838363758,68772.59038244521,68455.6324760643,67.86564135815368,94.79877592300181,67.73718301929063,27.061592903711187,68912.97890625,69181.67591129548,68644.28190120454,0.007798153825595254,0.9469151623207568,98.91266444427414,69191.859375,68670.703125,69608.2421875,68471.1484375,-0.00044435470775461283,0.0026118689559682107,0.006164912050967919,-0.006537929068430426
2026-08-17 15:10:00+09:00,69156.9296875,69183.359375,69114.0234375,69120.28125,0.0,69105.21423952942,69046.16726515423,68962.41579948162,68783.99008302078,68466.618406212,64.74780308178985,96.68181940772047,73.5261102969766,23.15570911074387,68933.721875,69199.15711307274,68668.28663692727,0.007701172397279207,0.8514216430993897,96.8000410911117,69225.5703125,68670.703125,69600.9609375,68471.1484375,-0.000475281143991646,0.002888716187601892,0.006038233427265505,-0.002690147432253376
2026-08-17 15:20:00+09:00,69109.5078125,69180.75,69109.5078125,69169.65625,0.0,69126.69490968628,69068.61980785347,68982.15298524528,68796.63487538075,68478.2388664399,67.18664428093231,100.99409770021157,79.0197077776236,21.974389922587974,68955.8421875,69222.49835476125,68689.18602023876,0.007734113856115949,0.9009171524064538,94.974480120318,69225.5703125,68670.703125,69394.6875,68471.1484375,0.0007143344776248117,0.002291397213440849,0.006437130104871125,-0.0017565093956171118
2026-08-18 09:00:00+09:00,68847.3515625,68954.7734375,68579.6015625,68722.6484375,0.0,68992.01275229086,69005.71592233465,68957.4382664124,68794.2090905322,68482.27869406073,40.12310624769417,67.5629905481619,76.72836433173126,-9.16537378356935,68956.1265625,69221.7733256073,68690.47979939269,0.007704805253715279,0.06054776977334137,130.33735207600958,69225.5703125,68670.703125,69287.6875,68471.1484375,-0.006462484226961829,-0.005731863491428402,8.276704793708234e-05,-0.005860187298154518
2026-08-18 09:10:00+09:00,68738.4921875,68864.2734375,68682.3984375,68861.046875,0.0,68948.35745986058,68979.4124591829,68948.25813389693,68796.40049330164,68488.53932515063,47.21285078453014,51.64091026609822,71.71087351860466,-20.06996325250644,68963.10703125,69210.4236969988,68715.79036550119,0.007172433969273872,0.2936650246739632,134.0186126420089,69225.5703125,68579.6015625,69225.5703125,68471.1484375,0.002013869381443767,-0.004666458435388154,0.002031525824820024,-0.0015862770946526439
2026-08-18 09:20:00+09:00,68860.296875,69031.9609375,68844.28125,69020.6796875,0.0,68972.46486907372,68986.9155916042,68955.15542471627,68803.75390950487,68497.33503361922,53.98119344550778,51.31208699363924,67.63111621361158,-16.319029219972336,68973.063671875,69212.6968519002,68733.43049184981,0.006948601882183999,0.599351883616432,137.85154656043684,69225.5703125,68579.6015625,69225.5703125,68471.1484375,0.002318187418639983,-0.0019155852335447365,0.002893466095170494,0.0016845072274962458
2026-08-18 09:30:00+09:00,69033.75,69087.578125,68923.34375,69057.171875,0.0,69000.70053771582,68999.68946131252,68964.87127712424,68812.0626952588,68506.58853512966,55.38936306001562,53.38076648680726,64.78104626825072,-11.400279781443459,68983.4734375,69218.68807121033,68748.25880378966,0.00681944883286983,0.6566621011997973,139.73603430611993,69225.5703125,68579.6015625,69225.5703125,68471.1484375,0.0005287138241063527,-0.0009130370111160024,0.00302394200894196,0.0035466303151914236
2026-08-18 09:40:00+09:00,69082.6171875,69093.203125,68953.2265625,68964.34375,0.0,68988.58160847722,68993.26296834661,68964.82103644575,68817.05551672573,68514.15473702835,51.10535398396066,46.98810635766131,61.222458286132834,-14.234351928471526,68989.305078125,69216.410316923,68762.19983932702,0.006583781023473368,0.44504457876639025,139.75321489139708,69225.5703125,68579.6015625,69225.5703125,68471.1484375,-0.00134422135282386,-0.0029682451978355617,0.0016940695763418834,0.00014626997403732744
2026-08-18 09:50:00+09:00,68956.7734375,69015.2890625,68891.6484375,68906.2421875,0.0,68961.13513481815,68977.44100819268,68959.24209845091,68819.97966986586,68520.63552133368,48.573069594517506,36.809252480336,56.33981712497347,-19.530564644637472,68987.4921875,69216.63273147237,68758.35164352763,0.0066429590845133914,0.32270706311626046,138.60231561344017,69225.5703125,68579.6015625,69225.5703125,68471.1484375,-0.0008424869916927591,0.0026715173843594453,-0.0005259138049824585,0.0011870083597989023
2026-08-18 10:00:00+09:00,68921.4765625,69033.7265625,68885.90625,68974.8125,0.0,68965.69425654544,68976.96309761218,68960.72499383653,68825.05615609976,68528.1425788323,51.61988388263479,33.88488474189944,51.84883064835867,-17.96394590645923,68988.40234375,69217.18932027575,68759.61536722425,0.006632621390064011,0.4703002243476247,139.26074396248015,69225.5703125,68579.6015625,69225.5703125,68471.1484375,0.0009951248293791348,0.0016521042035058109,0.0002639794091527925,0.0012496375211972222
2026-08-18 10:10:00+09:00,68983.140625,69011.90625,68921.7265625,68921.7265625,0.0,68951.03835853029,68966.92009122815,68957.01085751876,68828.22567762107,68534.6480992235,49.19013473181299,26.972785263162223,46.87362157131938,-19.90083630815716,68989.148046875,69216.96158417167,68761.33450957832,0.006604329629984415,0.35202485072870815,135.75495421516015,69225.5703125,68579.6015625,69225.5703125,68471.1484375,-0.0007696423603905655,-0.0014336735808460066,0.00021643814245497772,0.0013234478062718047
2026-08-18 10:20:00+09:00,68934.6484375,68938.671875,68795.71875,68815.8125,0.0,68905.96307235354,68939.44598373212,68943.56339489792,68827.81868819088,68539.29544469088,44.67219411937635,12.800955497630639,40.05908835658164,-27.258132858951,68984.034765625,69222.34817439187,68745.72135685812,0.006909233696653118,0.14705665011582436,136.26910927122015,69225.5703125,68579.6015625,69225.5703125,68471.1484375,-0.0015367296755682824,-0.0034950660220618435,-0.001483872269544606,-0.0010625107665829248
2026-08-18 10:30:00+09:00,68810.40625,68816.2265625,68654.6484375,68695.9765625,0.0,68835.96756906903,68895.17881623536,68919.98369657432,68823.49599554527,68541.8852152332,40.175978746282304,-8.00777173176175,30.44571633891296,-38.45348807067471,68973.616015625,69241.3560060958,68705.8760251542,0.007763548032921668,-0.018487082629661873,138.07689610899016,69225.5703125,68579.6015625,69225.5703125,68471.1484375,-0.001741401185955671,-0.0038913904331903115,-0.0030241195987599223,-0.0020098077437524786
2026-08-18 10:40:00+09:00,68691.78125,68702.1796875,68380.5390625,68380.5390625,0.0,68684.15806687936,68801.60795191984,68868.60801713867,68808.97281741264,68539.21833667564,31.257752302381604,-49.38275435613468,14.480022199903432,-63.86277655603811,68946.3109375,69318.61343592353,68574.00843907648,0.010799780100229485,-0.2598282007181102,151.18859102977657,69225.5703125,68579.6015625,69225.5703125,68471.1484375,-0.004591790025912368,-0.007629252565674927,-0.0079229389035671,-0.005130573423247742
2026-08-18 10:50:00+09:00,68390.7734375,68536.59375,68331.171875,68536.59375,0.0,68634.96996125291,68753.42355157077,68836.98761074452,68800.042356186,68539.17495507769,38.52782552835769,-68.78747787259636,-2.1734778145965254,-66.61400005799983,68925.45546875,69338.28964112997,68512.62129637004,0.011979149635569454,0.029033998677679546,155.0623970276497,69225.5703125,68380.5390625,69225.5703125,68380.5390625,0.0022821505890346927,-0.006353315567186213,-0.006049122180484812,-0.0016162722493497927
2026-08-18 11:00:00+09:00,68537.6328125,68626.6484375,68485.3203125,68520.0625,0.0,68596.66747416861,68710.99426946699,68806.80426686408,68790.86268877005,68538.8590467293,38.06852738192359,-84.52543814477394,-18.64386988063201,-65.88156826414193,68902.80859375,69350.91251632558,68454.70467117442,0.013006840554718044,0.07292708848644078,154.0813775971033,69225.5703125,68331.171875,69225.5703125,68331.171875,-0.00024120326230836486,-0.00582782937301729,-0.006566881243385114,-0.0018278909920972364
2026-08-18 11:10:00+09:00,68523.140625,68533.796875,68254.578125,68319.0,0.0,68504.11164944575,68639.72258410935,68760.34671763894,68775.39178094153,68535.22501289906,32.927099605089694,-111.9316698321636,-37.301429870938335,-74.63023996122527,68872.69921875,69387.74267862922,68357.65575887078,0.014956389562818346,-0.037526696174187975,163.01976134016735,69225.5703125,68331.171875,69225.5703125,68331.171875,-0.002934359553452004,-0.007219452651234803,-0.008737334945077668,-0.0049076236123059
2026-08-18 11:20:00+09:00,68317.3984375,68317.3984375,68098.5390625,68098.5390625,0.0,68368.92078713051,68541.32558018038,68697.31741714952,68753.1998885336,68528.00706330569,28.398190670481853,-149.71484158345265,-59.784112213441205,-89.93072937001145,68827.05,69437.74199899551,68216.3580010045,0.01774569733834316,-0.09646346988194625,167.1227024944411,69225.5703125,68254.578125,69225.5703125,68254.578125,-0.003226934491137201,-0.008696833932573145,-0.013229448206962702,-0.008024016057136318
2026-08-18 12:30:00+09:00,67837.1484375,67946.0625,67675.8125,67946.0625,0.0,68227.96802475367,68433.0959292385,68625.76932980194,68726.73636759809,68518.38814490395,25.759250968025214,-189.77426213977742,-85.78214219870846,-103.99211994106896,68768.41171875,69473.67183084402,68063.15160665597,0.02051116477659557,-0.08301129232186086,185.38012106626675,69225.5703125,68098.5390625,69225.5703125,68098.5390625,-0.002239057762458918,-0.006353804290763043,-0.01696738293767186,-0.009303129847634595
2026-08-18 12:40:00+09:00,67948.0234375,67991.5078125,67895.21875,67925.609375,0.0,68127.18180816912,68340.82564664968,68559.08742934461,68700.46990882438,68508.5901487072,25.418040670064727,-220.6287667107972,-112.75146710112621,-107.877299609671,68705.49765625,69473.02467368211,67937.97063881787,0.022342521155213527,-0.008052657129407143,179.01647402581912,69225.5703125,67675.8125,69225.5703125,67675.8125,-0.00030102001863607786,-0.008914717548244022,-0.01818748900405598,-0.008910650467224945
2026-08-18 12:50:00+09:00,67920.1171875,68019.1796875,67908.078125,67991.796875,0.0,68082.05349711275,68277.3658699861,68505.05975750227,68677.23472738752,68500.04811112526,28.70901506053697,-237.00832138370606,-137.60283795764218,-99.40548342606388,68647.430078125,69445.80709721541,67849.0530590346,0.023260215806529132,0.08939624547812422,174.16540891683204,69225.5703125,67675.8125,69225.5703125,67675.8125,0.0009744115747949422,-0.007709648907573641,-0.016793907273066844,-0.007996259475838707
2026-08-18 13:00:00+09:00,67982.9609375,68105.203125,67937.9609375,68096.2734375,0.0,68086.79347724184,68244.43997317043,68466.12772702586,68658.18681624366,68493.37414957774,33.68341233305952,-238.80604360453435,-157.84347908702063,-80.96256451751373,68596.2296875,69398.0756995019,67794.3836754981,0.02337871966592991,0.18824671912266258,173.67089310134403,69183.359375,67675.8125,69225.5703125,67675.8125,0.0015366054039147592,-0.003260096934966872,-0.014814867561031564,-0.005963201473619728
2026-08-18 13:10:00+09:00,68094.53125,68097.2421875,67887.1328125,67920.1328125,0.0,68031.23992232789,68185.47503486671,68414.12821135673,68633.98832431763,68483.89908615497,29.895986927188247,-251.54418302421982,-176.58361987446048,-74.96056314975934,68533.753515625,69341.83874078111,67725.66829046888,0.023582109068982494,0.12032426529859666,176.2736418083909,69180.75,67675.8125,69225.5703125,67675.8125,-0.002586641178854876,-0.0026198249251171424,-0.018064618291347978,-0.009800199799061993
2026-08-18 13:20:00+09:00,67917.296875,67917.296875,67786.1796875,67860.7890625,0.0,67974.42296905193,68126.44122170913,68361.42924479894,68608.63752884821,68473.59974692101,28.724128871932862,-263.39158076871536,-193.94521205331148,-69.44636871540388,68490.660546875,69344.48353088563,67636.83756286438,0.024932537580836002,0.1311463288231356,173.25074775064869,69093.203125,67675.8125,69225.5703125,67675.8125,-0.0008737284151640878,-0.0012550166170408605,-0.012541125736500347,-0.011093262231289591
2026-08-18 13:30:00+09:00,67857.109375,67933.1328125,67805.7421875,67811.296875,0.0,67920.04760436795,68069.1422495802,68309.03568577048,68582.49521232859,68462.65259201323,27.74727674377624,-273.6202112720348,-209.88021189705614,-63.73999937497865,68438.173046875,69322.96891639527,67553.37717735473,0.02585679395369745,0.1457509616229947,169.97502469703093,69093.203125,67675.8125,69225.5703125,67675.8125,-0.0007293193637111228,-0.0016829072429650482,-0.01524446762921794,-0.012706959856953692
2026-08-18 13:40:00+09:00,67811.171875,67846.0625,67780.5,67802.2890625,0.0,67880.79475707863,68020.62348829288,68260.77410260186,68556.91468282601,68451.73749235185,27.56354491289305,-279.234488460992,-223.75106720984334,-55.483421251148656,68377.253515625,69261.01019289071,67493.49683835928,0.025849434770402614,0.1747043230813848,162.5169872186716,69093.203125,67675.8125,69225.5703125,67675.8125,-0.00013283645815831413,-0.0027872158291154525,-0.017652544578181772,-0.013575271108747011
2026-08-18 13:50:00+09:00,67806.8671875,67882.109375,67787.65625,67867.859375,0.0,67876.48296305243,67992.84819496691,68223.35365235407,68534.32270552024,68442.08661437909,31.13805026189715,-275.22029906816897,-234.04491358150847,-41.1753854866605,68317.787890625,69170.03193161488,67465.54384963511,0.024949403875731607,0.23603305274953668,157.65528277448078,69093.203125,67675.8125,69225.5703125,67675.8125,0.000967081103110834,-0.0033542813867728505,-0.017222143156293335,-0.014103167345222989
2026-08-18 14:00:00+09:00,67878.75,67878.75,67716.3515625,67770.7109375,0.0,67841.22562120162,67952.4596027002,68180.24482236797,68509.28625410974,68430.98949575299,28.865317601911613,-276.6885981299856,-242.57365049120392,-34.1149476387817,68258.10625,69087.75922273118,67428.45327726881,0.024309287740639195,0.20626555408129854,157.9940795405893,69093.203125,67675.8125,69225.5703125,67675.8125,-0.0014314351210521492,-0.002199964411325528,-0.017307970287181895,-0.01368245186917827
2026-08-18 14:10:00+09:00,67763.2734375,67776.3515625,67702.546875,67776.3515625,0.0,67819.60093496775,67920.43995902743,68141.77879761864,68485.25560848319,68420.16903404632,29.18849194338287,-274.23586408291885,-248.90609320954692,-25.329770873371928,68201.61171875,69000.33507762148,67402.88835987853,0.02342241887670488,0.23378758018867674,151.98055153769008,69033.7265625,67675.8125,69225.5703125,67675.8125,8.323101413543199e-05,-0.0012442752459337347,-0.016397507528062127,-0.013625257384417222
2026-08-18 14:20:00+09:00,67777.28125,67808.703125,67714.5078125,67720.6796875,0.0,67786.62718581184,67884.1199096588,68101.67412046448,68460.18754550014,68408.6072266654,27.843934435879618,-273.63007257501886,-253.85088908264134,-19.779183492377513,68138.905078125,68879.79761217051,67398.01254407948,0.021746534764421094,0.2177556991016303,147.85303446356937,69033.7265625,67675.8125,69225.5703125,67675.8125,-0.0008214056041163653,-0.0013363140313780164,-0.018182475124524644,-0.01451793815014324
2026-08-18 14:30:00+09:00,67709.390625,67734.65625,67672.1796875,67682.171875,0.0,67751.80874887457,67847.40208517537,68061.72152565833,68434.67883499194,68396.6000307701,26.920207081522463,-273.1090064639866,-257.7025125589104,-15.406493905076161,68076.92734375,68749.76903186015,67404.08565563984,0.01976709920272072,0.2066505570881301,141.75471503760014,69011.90625,67675.8125,69225.5703125,67675.8125,-0.0005686270822693462,-0.001771580121568972,-0.017984962787836456,-0.01891722696822007
2026-08-18 14:40:00+09:00,67679.53125,67700.28125,67616.96875,67645.25,0.0,67716.28916591639,67810.64716059803,68022.05757083373,68408.79592236925,68384.18102199705,26.028579981378243,-272.53374519222416,-260.6687590855732,-11.864986106650974,68018.39921875,68624.28087599916,67412.51756150083,0.017815228356098844,0.19206097074783787,137.580271106343,68938.671875,67672.1796875,69225.5703125,67672.1796875,-0.000545518472252815,-0.0032800412013879177,-0.01701008035035556,-0.019438101024491394
2026-08-18 14:50:00+09:00,67643.5234375,67648.1328125,67533.7578125,67533.7578125,0.0,67655.44538144427,67760.30364276202,67975.5528319448,68380.10614827517,68370.1244400219,23.497678746029536,-277.8712079258403,-264.10924885362664,-13.761959072213642,67960.28828125,68515.93052725028,67404.64603524972,0.01635196848196947,0.11618247008724719,135.9227517416042,68816.2265625,67616.96875,69225.5703125,67616.96875,-0.0016481894515875117,-0.003496394264161151,-0.01691829431877434,-0.02108174603812729
2026-08-18 15:00:00+09:00,67530.046875,67530.046875,67368.9609375,67397.15625,0.0,67569.34900429618,67694.27684407802,67920.46744318816,68347.87828275794,68354.04232117857,20.825769550053536,-289.7833480114059,-269.24406868518247,-20.539279326223436,67911.119140625,68483.10627428864,67339.13200696136,0.016845168829546647,0.05072163307851926,137.9851891172039,68702.1796875,67533.7578125,69225.5703125,67533.7578125,-0.0020227152601112186,-0.005594802667274412,-0.014381033346361649,-0.020330765878109003
2026-08-18 15:10:00+09:00,67401.5,67578.59375,67401.5,67503.84375,0.0,67547.51391953079,67659.65264515474,67880.78899621786,68320.20501938883,68339.98945223347,27.736998554502406,-287.3031632008351,-272.855887588313,-14.447275612522105,67859.481640625,68380.475409128,67338.487872122,0.015355076576096383,0.15869275975519287,141.0889256088322,68626.6484375,67368.9609375,69225.5703125,67368.9609375,0.0015829673822476131,-0.0032019161429064358,-0.01506859246269443,-0.01678628039795127
2026-08-18 15:20:00+09:00,67499.9375,67539.4375,67478.7421875,67506.7734375,0.0,67533.93375885386,67631.85642558115,67845.16846681616,68293.53513145803,68326.21728670069,27.92306163478763,-281.852181076305,-274.6551462859114,-7.197034790393559,67808.8171875,68254.65814628797,67362.97622871202,0.013149940591211478,0.16126513945566023,135.34652467248705,68626.6484375,67368.9609375,69225.5703125,67368.9609375,4.3400306371399466e-05,-0.0025915013162393086,-0.014788209840001287,-0.015145743804930945
2026-08-19 09:00:00+09:00,66812.2734375,66833.5078125,65623.3515625,65672.796875,0.0,66913.55479756925,67275.66378002094,67638.27593426224,68207.609286984,68282.35909807753,10.206518230067644,-420.66960256190214,-303.8580375411096,-116.81156502079256,67676.50703125,68671.09715054232,66681.91691195768,0.029392477919496104,-0.5073044751719948,260.2090496958808,68533.796875,67368.9609375,69225.5703125,67368.9609375,-0.027167296985360356,-0.02915878239787717,-0.038733048273540294,-0.042982528243914686
2026-08-19 09:10:00+09:00,65687.0234375,65687.0234375,65326.76171875,65418.23046875,0.0,66415.1133546295,66937.94863251713,67426.84303278489,68116.15424376322,68235.01812899775,9.322352882798796,-544.9430267023272,-352.0750353733531,-192.86799132897409,67542.4916015625,68921.51638860727,66163.46681451774,0.04083428829305616,-0.27020411553470913,267.3556689140322,68317.3984375,65623.3515625,69225.5703125,65623.3515625,-0.0038762839160716434,-0.031325479467965156,-0.03935926718325111,-0.04551882942674135
2026-08-19 09:20:00+09:00,65434.30859375,65706.578125,65391.0390625,65677.6796875,0.0,66169.30213225301,66708.8088243322,67260.25604751967,68036.20425831196,68192.74807211349,17.195457051073006,-615.4012643285823,-404.740281164399,-210.66098316418334,67429.0724609375,69014.37513184808,65843.76979002693,0.04702133999630387,-0.05238435081659419,270.7973398844585,68105.203125,65326.76171875,69225.5703125,65326.76171875,0.00396600789857704,-0.02551259812983575,-0.03338505174600814,-0.04337532809235223
2026-08-19 09:30:00+09:00,65691.34375,65924.578125,65589.71875,65924.578125,0.0,66087.72746316867,66566.22142445362,67133.04862632732,67966.97061459681,68155.25765976451,23.961431377188205,-643.8948655818531,-452.5711980478899,-191.3236675339632,67329.0208984375,69025.05573231616,65632.98606455885,0.0503804989660266,0.08596287488220694,275.37319953556863,68105.203125,65326.76171875,69225.5703125,65326.76171875,0.0037592442162202033,-0.02339519555136449,-0.029459157870087238,-0.04038213014150083
2026-08-19 09:40:00+09:00,65931.5234375,66013.3828125,65803.203125,65855.140625,0.0,66010.19851711245,66436.93400637113,67011.34310239139,67897.73028706903,68117.23919637997,23.382759518914426,-664.4202527109883,-494.9410089805096,-169.4792437304787,67222.1880859375,69004.74001266703,65439.63615920796,0.05303462971037776,0.11654764710118935,270.7165201044566,68105.203125,65326.76171875,69225.5703125,65326.76171875,-0.001053286983017765,-0.024466179146143574,-0.03142520639553259,-0.04182046266565187
2026-08-19 09:50:00+09:00,65833.8125,65939.328125,65765.96875,65829.75,0.0,65950.04901140831,66326.53691430364,66898.81042597316,67829.9276547061,68079.42945759684,23.162482742741417,-674.9551186644676,-530.9438309173012,-144.01128774716642,67108.8619140625,68942.18998367537,65275.53384444961,0.054637435871303694,0.15115029457532322,263.76243831128113,68105.203125,65326.76171875,69225.5703125,65326.76171875,-0.0003855526654263919,0.002389926003893761,-0.03328410385893221,-0.04185509376875507
2026-08-19 10:00:00+09:00,65817.109375,66190.5,65797.9921875,66129.046875,0.0,66009.71496593888,66290.62963443024,66825.49961159477,67774.16107176492,68047.19172895887,31.369807864801828,-651.641600609044,-555.0833848556498,-96.55821575339417,67019.3076171875,68860.33649542373,65178.27873895127,0.05494025359832546,0.25821651884124724,272.9585364676182,68097.2421875,65326.76171875,69225.5703125,65326.76171875,0.004546529114875852,0.010865723532365479,-0.026370471660361217,-0.03780455532558047
2026-08-19 10:10:00+09:00,66175.6796875,66219.609375,65895.9609375,65996.8515625,0.0,66005.42716479259,66237.21543953383,66746.58074977621,67715.8886288382,68013.30180885212,29.85305224765814,-636.4954036925919,-571.3657886230383,-65.12961506955367,66926.1107421875,68776.00527233054,65076.21621204447,0.05528169826778646,0.24883455122826528,276.5792436842169,67933.1328125,65326.76171875,69225.5703125,65326.76171875,-0.001999050625209886,0.004859670386022197,-0.027467076727966,-0.03958425020387635
2026-08-19 10:20:00+09:00,66007.21875,66184.03125,65950.578125,66165.65625,0.0,66058.83685986174,66224.2046778004,66691.25460694038,67665.06133772875,67982.76221283805,34.2263479147329,-603.9093153256545,-577.8744939635615,-26.034821362093,66843.8287109375,68675.21500306146,65012.44241881352,0.05479597226675023,0.3148472378945859,273.4988066353443,67933.1328125,65326.76171875,69225.5703125,65326.76171875,0.00255776879507863,0.003656877781498924,-0.024267942081000027,-0.03719045094189133
2026-08-19 10:30:00+09:00,66146.03125,66217.7109375,65938.8125,66123.2109375,0.0,66080.29488574117,66205.84217956396,66637.15520985081,67614.5088655901,67952.02582812171,33.6581235163534,-574.8826976270502,-577.2761346962593,2.393437069209085,66759.8748046875,68561.51612955114,64958.23347982386,0.053973777815926556,0.32331004001707037,273.88449455424825,67882.109375,65326.76171875,69225.5703125,65326.76171875,-0.0006415006652337185,0.004070605725777332,-0.02476432799270578,-0.03920771996597172
2026-08-19 10:40:00+09:00,66123.109375,66123.109375,65828.6875,65867.28125,0.0,66009.29034049412,66144.28564691596,66563.8338803412,67557.22271425927,67917.56724005358,30.38274197918868,-566.0057192577369,-575.0220516085549,9.016332350817947,66659.8458984375,68426.11513733568,64893.576659539314,0.052993499012561805,0.275638778340524,275.3587047646591,67882.109375,65326.76171875,69225.5703125,65326.76171875,-0.0038704969687861634,0.0005701259688819516,-0.02947754862792884,-0.043307765218459915
2026-08-19 10:50:00+09:00,65870.5,65976.7265625,65815.5078125,65906.90625,0.0,65975.16231032941,66101.1257565676,66501.26934411823,67503.11397772619,67884.3331741023,31.49429964881419,-549.4396453871159,-569.9055703642671,20.46592497715119,66566.6556640625,68284.66286456607,64848.64846355894,0.05161765101055152,0.3079899159127148,267.2058508528977,67878.75,65326.76171875,69225.5703125,65326.76171875,0.0006015885163015433,-0.0033591989526160493,-0.027501625137426267,-0.04271463273731302
2026-08-19 11:00:00+09:00,65908.0078125,65912.46875,65696.5625,65698.78125,0.0,65883.03529021962,66027.97220991894,66424.84190658317,67443.9555276368,67848.20834891053,28.885533569830713,-546.8016713245306,-565.2847905563198,18.483119231789146,66462.7771484375,68126.01318800791,64799.54110886708,0.050050151706894724,0.27032848006503535,263.5415936491193,67808.703125,65326.76171875,69225.5703125,65326.76171875,-0.0031578632929686323,-0.004516432306133966,-0.03065332176495461,-0.04704962468723939
2026-08-19 11:10:00+09:00,65698.0390625,65708.1796875,65582.2109375,65585.96875,0.0,65784.01311014642,65947.60794447912,66344.94922500382,67383.03792837003,67810.8159588459,27.553258777447866,-547.5028122005606,-561.728394885168,14.225582684607389,66356.0416015625,67955.44119185169,64756.6420112733,0.048206600384418645,0.2592618954518878,253.7149619598965,67808.703125,65326.76171875,69225.5703125,65326.76171875,-0.0017171170888349296,-0.008761153940795352,-0.03152229049310662,-0.04888060267971961
2026-08-19 11:20:00+09:00,65581.2265625,65783.59375,65581.2265625,65724.25,0.0,65764.09207343095,65906.99740911929,66285.8350130987,67328.65143891527,67776.32726531127,31.710977176615316,-530.7818079045683,-555.539077489048,24.757269584479786,66258.1455078125,67757.42943484792,64758.86158077709,0.04525583731765121,0.32194983278844513,250.04726378418962,67734.65625,65326.76171875,69225.5703125,65326.76171875,0.002108396851270067,-0.006033598971427745,-0.028928177402699484,-0.04618647104014573
2026-08-19 12:30:00+09:00,65815.546875,65875.3984375,65704.6171875,65706.71875,0.0,65744.9676322873,65870.58310746124,66230.68108327978,67275.47331796723,67742.11886009951,31.464435451863125,-513.0310147050914,-547.0374649322567,34.006450227165374,66161.2189453125,67534.63649987901,64787.801390746,0.04151729899963737,0.33453677514120694,244.38540565674754,67700.28125,65326.76171875,69225.5703125,65326.76171875,-0.0002667394454862748,-0.002437667032142765,-0.028657315184732135,-0.046596763322032886
2026-08-19 12:40:00+09:00,65713.53125,65713.53125,65646.0625,65696.09375,0.0,65728.67633819154,65838.85776974101,66179.7680039198,67223.69038131257,67708.30026323836,31.305579572698548,-494.12476915330626,-536.4549257764667,42.330156623160406,66069.3357421875,67301.81348567833,64836.85799869667,0.03730861615743019,0.34858063597548516,231.74850168126557,67648.1328125,65326.76171875,69225.5703125,65326.76171875,-0.0001617034026676345,-0.003198640506661632,-0.027211044106298266,-0.04656103337087403
2026-08-19 12:50:00+09:00,65693.2890625,65743.4609375,65657.671875,65667.84375,0.0,65708.39880879436,65807.76431160627,66131.0133130703,67172.6790163515,67674.57370930053,30.85946547802496,-475.9346933602792,-524.3508792932292,48.41618593295004,65982.8701171875,67063.94082474476,64901.79940963025,0.032768223196027714,0.3542989070995526,221.3228274540323,67578.59375,65326.76171875,69225.5703125,65326.76171875,-0.000430010345934706,-0.0004708991462455403,-0.025658538078155213,-0.04727920649331663
2026-08-19 13:00:00+09:00,65663.109375,65677.5078125,65524.51171875,65553.9296875,0.0,65656.90910169625,65761.61256176876,66076.0529677779,67119.60526786456,67639.52174199805,29.061092748627672,-465.3466139684606,-512.5500262282756,47.20341225981497,65885.3744140625,66724.90883642345,65045.83999170156,0.025484697623020667,0.30260206268230466,216.44234647517285,67578.59375,65326.76171875,69225.5703125,65326.76171875,-0.0017347008215112814,-0.0004885048297773587,-0.028885970845178743,-0.04930516104895566
2026-08-19 13:10:00+09:00,65558.9765625,65621.8984375,65470.37109375,65487.859375,0.0,65600.5591927975,65711.83925508353,66020.03453037048,67066.10540252474,67603.95707477495,28.040413179291264,-457.0185810949042,-501.4437372016013,44.4251561066971,65784.4287109375,66196.58716229655,65372.27025957844,0.012530577811053536,0.1402241238053142,211.80556056623195,67539.4375,65326.76171875,69225.5703125,65326.76171875,-0.001007877221319342,-0.003596703271623536,-0.029906836894955102,-0.05052905665985241
2026-08-19 13:20:00+09:00,65470.19921875,65566.90625,65446.359375,65541.6484375,0.0,65580.922274365,65680.89547006834,65974.4739500971,67016.12320695016,67569.8693287043,30.190059666562888,-440.99471467151307,-489.3539326955837,48.35921802407063,65777.8712890625,66200.95367911819,65354.78889900682,0.012863973301794458,0.22083114646840862,205.2870830257868,66833.5078125,65326.76171875,69225.5703125,65326.76171875,0.0008213593025234722,-0.0025122288198267118,-0.0019969979008146455,-0.04903483507883555
2026-08-19 13:30:00+09:00,65541.2734375,65577.7734375,65291.1015625,65291.1015625,0.0,65484.31537041001,65610.02385051045,65909.39086556404,66959.56512024687,67532.20374579183,26.255639922958622,-443.4014678763051,-480.16343973172803,36.76197185542293,65771.51484375,66219.12822670423,65323.90146079578,0.013611162340341263,-0.03663864793239897,211.10028245251632,66219.609375,65326.76171875,69225.5703125,65326.76171875,-0.003822712442744236,-0.006164631173371737,-0.0019433253595987354,-0.05391015427111079
2026-08-19 13:40:00+09:00,65257.87109375,65296.7109375,65176.1015625,65176.6484375,0.0,65381.75972610668,65531.22832087218,65839.60587241508,66901.10883556664,67493.26894730768,24.673753532144232,-449.36425636579224,-474.00360305854093,24.63934669274869,65746.46328125,66263.0478516857,65229.878710814315,0.01571444438694282,-0.05152135425707777,204.63664620590802,66219.609375,65291.1015625,69225.5703125,65291.1015625,-0.0017529666717360781,-0.007479997582530595,-0.007628638106339181,-0.05703481662580634
2026-08-19 13:50:00+09:00,65173.76953125,65337.87890625,65133.98046875,65323.7890625,0.0,65362.43617157112,65493.51209207723,65790.48046194698,66849.39343317102,67457.40977565796,30.47329865581544,-437.1772828875837,-466.6383390243495,29.461056136765762,65716.423828125,66257.38211021558,65175.465546034415,0.016463412053747968,0.13709330402741574,204.5839170126289,66219.609375,65176.1015625,69225.5703125,65176.1015625,0.0022575666059463373,-0.0035107067737524256,-0.009113278834501415,-0.05579480320676167
2026-08-19 14:00:00+09:00,65326.37109375,65568.5390625,65326.37109375,65449.44140625,0.0,65391.437916464085,65485.49924010864,65758.0005518806,66803.49336671458,67424.22021583303,35.070686040185024,-412.6234582064935,-455.83536286077833,43.21190465428481,65696.1388671875,66245.13558591399,65147.14214846102,0.016713211101685787,0.27531973095415724,207.45292294029827,66219.609375,65133.98046875,69225.5703125,65133.98046875,0.0019235311599850036,-0.0005866426100448185,-0.006160479119772577,-0.0535580391483893
2026-08-19 14:10:00+09:00,65449.87890625,65503.53125,65239.87890625,65257.671875,0.0,65346.84923597606,65444.07608281616,65710.35020170148,66752.81069485508,67388.40949945564,31.632804783466156,-403.9817238898977,-445.4646350666022,41.48291117670453,65667.5349609375,66244.60076051907,65090.469161355926,0.01757537571418936,0.14487317890378543,211.4671672838484,66219.609375,65133.98046875,69183.359375,65133.98046875,-0.002930040763215569,-0.00433276503215807,-0.008690267318347655,-0.0558824313956332
2026-08-19 14:20:00+09:00,65261.83984375,65436.2890625,65260.12109375,65436.2890625,0.0,65376.66251148404,65442.66026094049,65684.24914082515,66709.64605117131,67356.14304595225,37.75336035354185,-378.3586894664768,-432.04344594657715,53.68475648010036,65632.8970703125,66177.23344326898,65088.560697356,0.01658730293052109,0.319405777768772,209.12074015643066,66219.609375,65133.98046875,69180.75,65133.98046875,0.0027371063411845142,0.00222369505990061,-0.010475847532015359,-0.05397406015733963
2026-08-19 14:30:00+09:00,65432.5703125,65447.87109375,65233.19140625,65266.23046875,0.0,65339.8518305727,65410.58211690585,65644.43783872276,66662.3209501083,67321.59903641173,34.5792724247584,-367.537810266178,-419.1423188104974,51.6045085443194,65596.366015625,66136.14404404102,65056.58798720897,0.016457558892437753,0.19419323361143706,209.51780782382846,66219.609375,65133.98046875,69093.203125,65133.98046875,-0.0025988422660638832,0.0013744497975514136,-0.011070544676787919,-0.0502951799346536
2026-08-19 14:40:00+09:00,65251.01953125,65296.609375,65190.1484375,65295.171875,0.0,65324.95851204847,65389.598436559325,65611.1744136063,66617.49639026869,67288.10437258675,35.57203069236907,-352.5627322144719,-405.82640149129236,53.26366927682045,65552.841796875,66039.7793671732,65065.90422657679,0.01485633748135752,0.23541790817537497,202.15660280069784,66217.7109375,65133.98046875,69093.203125,65133.98046875,0.0004434361543808052,-0.00043808217359564416,-0.01315613604300947,-0.05178363039517764
2026-08-19 14:50:00+09:00,65302.76171875,65351.0,65250.96875,65351.0,0.0,65333.63900803232,65382.58053900308,65586.39589802476,66575.9719184566,67256.08611849442,37.541010192906036,-332.3587866501475,-391.1328785230634,58.7740918729159,65514.23125,65931.63864203524,65096.82385796475,0.012742495304338693,0.30447010149473863,194.86193474350515,66217.7109375,65133.98046875,69093.203125,65133.98046875,0.0008550115329641894,-0.0015040832149959549,-0.01167836417124235,-0.05316782889005078
2026-08-19 15:00:00+09:00,65345.4296875,65360.87890625,65283.4296875,65320.609375,0.0,65329.29579702155,65371.31305463888,65561.08289583192,66534.81249080229,67224.09476736229,36.88026792185946,-315.1662434114405,-375.93955150073884,60.773308089298325,65486.89765625,65879.08314187154,65094.71217062846,0.011977525265593637,0.28799791508542966,186.4753121725405,66123.109375,65133.98046875,69093.203125,65133.98046875,-0.0004650368777830982,0.0009644459906654745,-0.008299596774384854,-0.05410824681270654
2026-08-19 15:10:00+09:00,65317.359375,65422.078125,65254.28125,65403.30859375,0.0,65353.96672926437,65377.13042538635,65546.05677182412,66497.71400237434,67193.99912812903,39.97623157426352,-291.5075753507772,-359.05315627074657,67.54558091996938,65461.7177734375,65804.33903904656,65119.09650782844,0.010467836080772296,0.41476130417113416,185.1411380887876,65976.7265625,65133.98046875,69093.203125,65133.98046875,0.0012660509376944962,-0.0005040088492563877,-0.0076410453001652945,-0.0516358883825383
2026-08-19 15:20:00+09:00,65414.578125,65453.73046875,65407.08984375,65431.1796875,0.0,65379.704382009586,65386.95756395246,65535.116097126585,66462.74566418174,67164.86161671366,41.026083301753665,-267.4262230912791,-340.7277696348531,73.30154654357398,65448.3376953125,65773.32988327953,65123.345507345475,0.009931258742735094,0.4736024303848165,175.51833358244565,65912.46875,65133.98046875,69033.7265625,65133.98046875,0.000426141954424919,0.0025273287206157846,-0.004073158701098478,-0.05043175174963177
2026-08-20 09:00:00+09:00,65732.7890625,65905.0234375,65652.25,65734.4375,0.0,65497.94875467306,65450.135734142925,65554.09908787644,66438.86670797906,67141.2182428837,51.05694902860015,-221.3199680664111,-316.8462093211647,95.52624125475359,65455.7611328125,65799.24570415144,65112.27656147356,0.010495166976730919,0.9056606765497309,196.82729189798525,65875.3984375,65133.98046875,69033.7265625,65133.98046875,0.004634759971444247,0.006727382934850423,0.0022637273311603145,-0.04697910559742369
2026-08-20 09:10:00+09:00,65749.4296875,66149.1328125,65667.0,66149.1328125,0.0,65715.01010728205,65577.22611202602,65610.76896641203,66429.36723599613,67124.82013659636,60.86071877113132,-149.59356135955022,-283.3956797288418,133.80211836929158,65477.0052734375,65921.87828855768,65032.13225831731,0.013588679361933493,1.2554150467869192,217.20625765527203,65905.0234375,65133.98046875,69011.90625,65133.98046875,0.0063086462480188565,0.012213016059432924,0.00646462778198309,-0.04022815283778103
2026-08-20 09:20:00+09:00,66145.9296875,66220.1171875,65925.1171875,66027.75,0.0,65819.25673818804,65659.1395462031,65650.48144580136,66416.19945776675,67106.68674590882,57.24611391603043,-101.37584814068396,-246.99171341121024,145.61586527052629,65493.0568359375,65990.03941455747,64996.07425731753,0.01517664933139183,1.0379395446287547,222.7629535370383,66149.1328125,65133.98046875,68938.671875,65133.98046875,-0.0018349872075278384,0.010825689346227074,0.004885820751778125,-0.04051485260019272
2026-08-20 09:30:00+09:00,66004.25,66181.8828125,65810.5625,66165.84375,0.0,65934.78574212536,65751.26758325708,65699.56357001075,66407.99107390555,67091.1356220095,60.14610108235007,-51.42713153740624,-207.87879703644947,156.45166549904323,65516.5443359375,66088.44352415086,64944.64514772414,0.017458160957969156,1.0676694664412274,233.37419346296414,66220.1171875,65133.98046875,68816.2265625,65133.98046875,0.002091450185717436,0.01165896913543718,0.007150349026649794,-0.036830873351048066
2026-08-20 09:40:00+09:00,66156.7734375,66211.5,66034.4375,66047.84375,0.0,65972.47174475025,65805.19052266488,65732.73311096212,66396.18296492503,67073.8911282573,56.61243902278845,-21.120562899071956,-170.52715020897398,149.40658730990202,65535.5443359375,66149.95640647046,64921.132265404536,0.01875049873343432,0.9169021399743296,229.35192964418098,66220.1171875,65133.98046875,68702.1796875,65133.98046875,-0.0017833974950255405,0.009424620883272894,0.005786698303155369,-0.03411343847944681
2026-08-20 09:50:00+09:00,66026.7109375,66246.546875,66026.7109375,66237.046875,0.0,66060.6634548335,65883.70985945308,65780.76299325144,66390.96538820617,67060.05899183982,60.608658116455324,17.957716665419866,-132.83017683409523,150.7878934995151,65569.7001953125,66256.13246417072,64883.26792645429,0.02093748383212179,0.9860979807938923,228.67221591959665,66220.1171875,65133.98046875,68626.6484375,65133.98046875,0.0028646374242913275,0.007646058810497847,0.010420690121194287,-0.033552103324364535
2026-08-20 10:00:00+09:00,66244.46875,66325.3203125,66212.203125,66282.5,0.0,66134.608969889,65956.21715773434,65828.54747008464,66387.4091459699,67047.20677709866,61.525464367377154,51.99584633370978,-95.86497220053423,147.860818534244,65609.4322265625,66361.19804837102,64857.66640475397,0.02291639467973231,0.9476578702516051,220.4182853181969,66246.546875,65133.98046875,68626.6484375,65133.98046875,0.000686219074437,0.0020161592726850586,0.012134167043843735,-0.03265558171374994
2026-08-20 10:10:00+09:00,66269.8984375,66275.1015625,66062.3671875,66184.8125,0.0,66151.343479926,65997.77994723718,65862.47747293372,66380.76663298727,67032.95232623753,58.380576940418166,70.27861634352303,-62.636254491722774,132.9148708352458,65641.5904296875,66432.98717856052,64850.19368081446,0.02411266222200211,0.8432046385621825,220.39789440261143,66325.3203125,65133.98046875,68533.796875,65133.98046875,-0.0014738053030588505,0.002378734698668339,0.009813058991235524,-0.031238564674541447
2026-08-20 10:20:00+09:00,66191.046875,66191.046875,65919.7578125,65966.7890625,0.0,66089.82534078401,65992.14524092134,65872.41191003527,66367.19359788933,67015.32979295262,51.992897733534605,66.40964493989304,-36.82707460539961,103.23671954529266,65675.3748046875,66461.71164033898,64889.03796903601,0.023946169717035556,0.6852986179714351,224.03297783813917,66325.3203125,65133.98046875,68317.3984375,65133.98046875,-0.003294161141576102,-0.003008420602208406,0.01034884515393264,-0.031303902100506265
2026-08-20 10:30:00+09:00,65955.546875,66050.75,65857.0390625,66050.75,0.0,66076.80022718935,66002.80065166291,65889.39649003191,66356.81839795853,66999.38632530051,54.07674625346961,69.31933307163126,-15.597793069993434,84.91712614162469,65719.0798828125,66486.62192939517,64951.53783622983,0.02335827123420841,0.716059900994476,221.86711781398637,66325.3203125,65133.98046875,68105.203125,65133.98046875,0.0012727758724235816,4.400219348577039e-05,0.01341126896603484,-0.027894368419067672
2026-08-20 10:40:00+09:00,66064.6796875,66177.453125,66047.7265625,66120.859375,0.0,66091.4866097929,66024.26587408783,65911.44057431459,66349.08203655005,66984.86521868398,55.80197626279784,76.40181000594748,2.8021275451947485,73.59968246075273,65758.9333984375,66523.002746066,64994.86405080899,0.023238495764490726,0.7368410522460009,215.28564957727306,66325.3203125,65133.98046875,68105.203125,65133.98046875,0.001061447069109711,-0.0017541165477873433,0.012201838318615987,-0.026569507680622162
2026-08-20 10:50:00+09:00,66125.890625,66180.1796875,65952.6875,66022.859375,0.0,66068.61086486194,66024.01014698095,65922.05188866559,66338.3862115812,66968.96429564788,52.815165801309014,73.26241945583024,16.89418592732185,56.36823352850839,65787.604296875,66546.08185876583,65029.12673498417,0.023058373077946438,0.6550837427138424,216.15754514318215,66325.3203125,65190.1484375,68105.203125,65133.98046875,-0.0014821343964118716,-0.003917182137064823,0.00876123548848562,-0.02895845661528562
2026-08-20 11:00:00+09:00,66026.3671875,66063.8984375,65952.7578125,65952.7578125,0.0,66029.9931807413,66011.05517707531,65924.9762623641,66325.74265751295,66952.16749427353,50.72367896847573,64.37573618203169,26.390495978263818,37.98524020376787,65822.35859375,66543.29286931231,65101.424318187695,0.021905452522959636,0.5904376606648987,208.6563365615263,66325.3203125,65190.1484375,68105.203125,65133.98046875,-0.0010617771354286543,-0.0035061621954433075,0.010651405689608762,-0.03147772288842443
2026-08-20 11:10:00+09:00,65946.8828125,66016.59375,65932.3515625,65997.40625,0.0,66019.1308704942,66008.5735539707,65931.87435642465,66314.97752939777,66936.38631668224,52.02672309332519,60.24130713638442,33.16065820988794,27.08064892649648,65850.414453125,66552.49429509405,65148.33461115596,0.021323475267382333,0.6046831058863239,199.76961162856014,66325.3203125,65190.1484375,68097.2421875,65133.98046875,0.0006769760504470312,0.00046413032883863004,0.00857501541635508,-0.028308639616590137
2026-08-20 11:20:00+09:00,65993.296875,65995.6875,65861.8984375,65982.4921875,0.0,66006.9179761628,66003.83148733966,65936.69510224136,66304.07637064702,66920.6194715718,51.53648168622143,55.12584569450701,37.55369570681176,17.572149987695248,65886.2275390625,66536.62781279038,65235.82726533463,0.019743132913241,0.5740041573827604,195.1794831193773,66325.3203125,65190.1484375,67933.1328125,65133.98046875,-0.0002259795247635532,-0.0010334146470706296,0.010974461273551839,-0.027678677200026147
2026-08-20 12:30:00+09:00,65928.9765625,65938.859375,65766.953125,65790.359375,0.0,65934.7317757752,65965.01837600517,65922.7583663136,66287.23319046186,66901.93748650451,45.57807962752542,35.16295672215347,37.0755479098801,-1.9125911877266333,65910.9869140625,66504.73533792213,65317.23849020286,0.01801667526641017,0.39841864482068023,196.63373878942178,66325.3203125,65190.1484375,67933.1328125,65133.98046875,-0.0029118756526204104,-0.00499842263279715,0.007583830255443402,-0.029802372069734906
2026-08-20 12:40:00+09:00,65789.8671875,65870.5390625,65731.8984375,65870.5390625,0.0,65913.33420468347,65947.84031900423,65917.78509928373,66273.57108790573,66884.88957866972,48.26613062027029,25.517899615937495,34.764018251091585,-9.24611863515409,65936.9638671875,66473.10575084902,65400.82198352597,0.01626225571263604,0.43805296068845123,192.4913735187488,66325.3203125,65250.96875,67882.109375,65133.98046875,0.0012187148430513606,-0.0023070844544136326,0.007949978768496235,-0.028490925995423466
2026-08-20 12:50:00+09:00,65882.6015625,65946.2578125,65866.2578125,65885.7109375,0.0,65904.12644895565,65936.54406782164,65914.7304172091,66260.85436166292,66868.37422922891,48.78165447509892,18.880720690940507,31.587358739061372,-12.706638048120865,65965.2189453125,66422.16699729336,65508.270893331646,0.013854211637186644,0.41300104304215984,184.45627541026676,66325.3203125,65254.28125,67882.109375,65133.98046875,0.00023032869042727278,-0.0010165894076880067,0.00865119857127783,-0.029205996118836675
2026-08-20 13:00:00+09:00,65882.0078125,66085.1875,65872.03125,66085.1875,0.0,65964.48013263711,65963.57014639952,65930.96442509395,66255.09479242806,66855.42899403504,55.114733600391496,29.3781470808608,31.14551640742126,-1.767369326560459,65999.312890625,66378.63040401631,65619.9953772337,0.011494589770045428,0.6131962094331329,186.5062735952477,66325.3203125,65254.28125,67878.75,65133.98046875,0.0030276149359491633,0.0013300712101849133,0.010425755529975822,-0.024870971754368032
2026-08-20 13:10:00+09:00,66087.5703125,66138.4375,66039.6796875,66133.96875,0.0,66020.97633842475,65994.55171069052,65950.29817032309,66251.12344677468,66843.50403132373,56.530273163848214,41.15921451363829,33.14825602866467,8.01095848497362,66034.45234375,66313.76225065603,65755.14243684398,0.008459520659065852,0.6781469324743274,180.2385263741586,66325.3203125,65407.08984375,67808.703125,65133.98046875,0.0007381570945834692,0.0022957084141284056,0.01074088937195583,-0.024232387471985306
2026-08-20 13:20:00+09:00,66136.2421875,66145.9296875,66032.1015625,66129.453125,0.0,66057.13526728317,66019.07924056497,65967.36054695898,66247.13425589683,66831.70153700434,56.35310500063567,49.56012387534429,36.43062959800059,13.129494277343696,66054.203125,66299.67593214872,65808.73031785128,0.007432465930568862,0.6532756334073494,175.4949262760044,66325.3203125,65652.25,67808.703125,65133.98046875,-6.827996391789437e-05,0.0051541556121801335,0.00600926455025963,-0.023496907736939243
2026-08-20 13:30:00+09:00,66122.546875,66127.1796875,66043.2421875,66077.9765625,0.0,66064.08236568878,66029.78784455315,65977.89540558193,66241.58810201497,66819.24327296295,54.2652387729916,51.470852732803905,39.43867422496126,12.032178507842644,66050.6453125,66292.54812993434,65808.74249506566,0.00732476772300544,0.5564922109834902,169.11749850628982,66325.3203125,65667.0,67734.65625,65133.98046875,-0.0007784211129449048,0.003149169612885361,-0.001075694373827929,-0.023701888814424255
2026-08-20 13:40:00+09:00,66076.6875,66185.6328125,66075.828125,66169.7734375,0.0,66099.31272295919,66055.23977054349,65996.16950385986,66239.23352285054,66808.50823436026,57.303206282368315,59.704127732431516,43.49176492645531,16.212362805976205,66057.746484375,66304.82689533668,65810.66607341333,0.007480739931693436,0.7267014060098269,164.8808691486977,66325.3203125,65731.8984375,67700.28125,65133.98046875,0.0013892204297929478,0.0043114431939492714,0.002150965881769329,-0.021811975896312008
2026-08-20 13:50:00+09:00,66172.3515625,66231.09375,66126.4609375,66159.609375,0.0,66119.4116069728,66074.21606226284,66011.7352058732,66236.62289505216,66797.7826333791,56.852894405205355,64.66350198874716,47.72611233891368,16.937389649833477,66057.434765625,66303.98404414118,65810.88548710883,0.007464694304008193,0.7072093051537628,160.5774365309336,66325.3203125,65731.8984375,67648.1328125,65133.98046875,-0.00015360582290036007,0.0011261506218771533,-9.422346405130178e-05,-0.020347578485343187
2026-08-20 14:00:00+09:00,66168.8515625,66222.1015625,66121.2265625,66143.546875,0.0,66127.4566963152,66086.82166457869,66024.288698171,66233.57122226356,66786.96881919101,56.10257228470504,66.53080658284307,51.48705118769956,15.043755395143513,66062.219921875,66311.53822729112,65812.90161645888,0.007547984482233964,0.6630986400883399,156.31297677872405,66325.3203125,65731.8984375,67578.59375,65133.98046875,-0.0002427840815829585,0.00014482912761826228,0.0014489969629023491,-0.018600330410824983
2026-08-20 14:10:00+09:00,66132.7890625,66185.140625,66056.03125,66177.8671875,0.0,66144.2601933768,66103.37539601892,66038.91522096423,66231.74486046802,66776.90102362588,57.39636471259189,69.97341138926276,55.184323228012204,14.789088161250561,66059.2609375,66301.51402904467,65817.00784595533,0.007334417252226606,0.7447982175247638,154.36986236595806,66325.3203125,65731.8984375,67578.59375,65133.98046875,0.0005188762036734129,0.0007321104320716643,-0.0008934529888037224,-0.019642978663715005
2026-08-20 14:20:00+09:00,66178.390625,66241.328125,66151.6484375,66179.328125,0.0,66155.94950391787,66117.18498310639,66052.28787849145,66230.02627897727,66767.02378563206,57.453849230573496,71.98973311633745,58.545405205677255,13.444327910660192,66054.10234375,66281.03009899976,65827.17458850023,0.006870966289688375,0.7759155245513583,149.7491355898182,66325.3203125,65731.8984375,67539.4375,65133.98046875,2.2075922994968522e-05,0.0015338175860173386,-0.0015565477313016496,-0.01966388326541768
2026-08-20 14:30:00+09:00,66175.0390625,66231.03125,66157.75,66177.8515625,0.0,66163.25019011192,66128.21527026886,66064.2463245875,66228.31563253538,66757.28540177864,57.36959515807718,72.6312880806654,61.36258178067489,11.268706299990512,66053.754296875,66279.89908765086,65827.60950609915,0.006847295605923024,0.7743756891309376,144.28714376197405,66275.1015625,65731.8984375,66833.5078125,65133.98046875,-2.2311536575503332e-05,0.0001220817992921841,-0.00010517424220246596,0.0076904702027738026
2026-08-20 14:40:00+09:00,66183.0703125,66271.6484375,66154.4765625,66174.65625,0.0,66167.05221007462,66136.65908476543,66074.76155557917,66226.55630851783,66747.65516786494,57.17419809087924,72.05132714867068,63.500330854274054,8.550996294396626,66064.14765625,66292.44624313693,65835.84906936307,0.006911421549698323,0.742026451536315,142.35033885040448,66241.328125,65731.8984375,66325.3203125,65133.98046875,-4.828371463494463e-05,0.0002274329480198567,0.0031510884560874697,0.011562920241496633
2026-08-20 14:50:00+09:00,66178.78125,66181.09375,66060.21875,66103.078125,0.0,66145.72751504974,66130.55345571716,66077.45837171449,66222.50784348445,66737.00100186717,52.83315160456232,65.06590816038079,63.8134463154954,1.2524618448853886,66066.7640625,66295.58731151272,65837.9408134873,0.006927030626057069,0.5793495911291269,140.81638607537562,66271.6484375,65731.8984375,66325.3203125,65133.98046875,-0.0010816546553651385,-0.0006118321727813791,0.0007922411933247719,0.006477062519931964
2026-08-20 15:00:00+09:00,66104.2421875,66223.671875,66089.7421875,66220.2890625,0.0,66170.58136419984,66146.86902058676,66091.06129464644,66222.43509656691,66728.4603086545,58.40283594824377,68.20166997113847,64.69109104662402,3.510578924514448,66071.735546875,66309.20121011765,65834.26988363235,0.007188116409449457,0.8127894652146008,140.32447903427737,66271.6484375,65731.8984375,66325.3203125,65133.98046875,0.0017731540016692193,0.0006410281383020244,0.0015037567333493485,0.00448559468881693
2026-08-20 15:10:00+09:00,66227.609375,66244.84375,66154.1171875,66183.6875,0.0,66174.95007613323,66153.56328957099,66099.88283801345,66221.16468356471,66719.45579942054,56.17218700684948,66.9614536408626,65.14516356547175,1.816290075390853,66079.776953125,66320.94112187241,65838.61278437758,0.007299182287449095,0.715435293341267,136.78177071040042,66271.6484375,65731.8984375,66325.3203125,65133.98046875,-0.0005527242936896881,6.587215560371895e-05,0.002435946072655293,0.004988932859028461
2026-08-20 15:20:00+09:00,66183.34375,66185.0703125,66139.0703125,66160.859375,0.0,66170.2531757555,66154.88985055807,66105.69012725027,66219.18746033308,66710.2228006698,54.767197413333605,63.4056336825015,64.7972575888777,-1.3916239063761964,66090.18203125,66326.4344240313,65853.92963846872,0.0071493945248805,0.6495801649201165,130.2973585168004,66271.6484375,65731.8984375,66325.3203125,65133.98046875,-0.00034492071781278,-0.00025676547513708847,0.003155312520692677,0.005029783266684129
2026-08-21 09:00:00+09:00,65427.69140625,65770.46875,65427.69140625,65708.9609375,0.0,66016.489096337,66073.8118663657,66067.9063948931,66202.45872187954,66693.6730178075,35.720359765484176,23.848285325570032,56.60746313621617,-32.759177810646136,66075.759765625,66362.68766851793,65788.83186273207,0.008684815851098263,-0.13918291742764746,173.35954496202893,66271.6484375,65731.8984375,66325.3203125,65133.98046875,-0.006830298786456801,-0.007037366552244073,-0.004370555282238842,-0.006352517650739187
2026-08-21 09:10:00+09:00,65722.3515625,65934.9375,65704.3984375,65713.9765625,0.0,65915.651585058,66008.38726566284,66034.19879180804,66186.44291337529,66677.47968796772,35.98645868931604,-7.015607664347044,43.88284897610353,-50.898456640450576,66062.333984375,66387.97836715575,65736.68960159425,0.009858700507244373,-0.03487399183780728,177.44379621474116,66271.6484375,65427.69140625,66325.3203125,65133.98046875,7.633091329473096e-05,-0.005886285079859888,-0.004069498075898181,-0.004286189315139022
2026-08-21 09:20:00+09:00,65735.5078125,65917.671875,65616.4921875,65616.4921875,0.0,65815.931785872,65937.13361508778,65994.41721044538,66167.7560043302,66659.94270448892,33.116906795033515,-38.89330179987883,27.327618820907063,-66.22092062078589,66053.640625,66415.16919923303,65692.11205076697,0.010946514705692065,-0.10458352210111475,186.2820741636882,66271.6484375,65427.69140625,66325.3203125,65133.98046875,-0.0014834648593710087,-0.009118004218165332,-0.002642745672036373,-0.008299835498117636
2026-08-21 09:30:00+09:00,65633.140625,65715.3203125,65537.34375,65715.3203125,0.0,65782.39462808134,65896.80392370817,65967.8365534982,66152.922047221,66644.3291112329,38.47325882922656,-55.54174960634555,10.75374513545654,-66.29549474180209,66045.8796875,66428.82729712236,65662.93207787763,0.011596411810526425,0.06840130778467367,185.68882333056763,66271.6484375,65427.69140625,66325.3203125,65133.98046875,0.0015061476422359998,-0.00707677684928032,-0.0023564214322387977,-0.006168645158286967
2026-08-21 09:40:00+09:00,65708.171875,65786.671875,65591.8984375,65760.2109375,0.0,65775.00006455423,65871.96883530667,65948.0626853079,66140.04627313178,66629.71558770012,40.79272280134993,-64.37143236519478,-4.271290364673725,-60.10014200052105,66039.6046875,66436.69647848223,65642.51289651777,0.012025868200189051,0.14820004298136555,186.33772434266993,66271.6484375,65427.69140625,66325.3203125,65133.98046875,0.0006831074517559266,-0.00605567160530851,-0.0019048136267217908,-0.0016255462570804458
2026-08-21 09:50:00+09:00,65749.46875,65799.2109375,65459.0703125,65459.0703125,0.0,65669.69014720283,65796.89637661455,65901.49198313573,66117.71919245533,66610.36607901914,32.06101230862093,-94.57831136582536,-22.332694564904052,-72.24561680092131,66008.298828125,66478.13937202567,65538.45828422433,0.014235802232203073,-0.08448395179483288,197.3236458181935,66271.6484375,65427.69140625,66325.3203125,65133.98046875,-0.004579374377101875,-0.0038029915773236667,-0.009474395264445601,-0.006794977385241818
2026-08-21 10:00:00+09:00,65451.1015625,65476.609375,65260.21875,65390.890625,0.0,65576.75697313523,65723.07714904826,65852.8632823609,66093.88874762073,66590.20945994444,30.470745287309427,-122.60568951313326,-42.3872935545499,-80.21839595858336,65971.144921875,66508.0885666821,65434.20127706791,0.016278136310744953,-0.0403307241707522,198.68557290260827,66271.6484375,65427.69140625,66325.3203125,65133.98046875,-0.0010415621116296458,-0.004916548265690768,-0.01123595240154096,-0.004686397816550114
2026-08-21 10:10:00+09:00,65384.48828125,65619.7421875,65354.94140625,65605.0625,0.0,65586.19214875682,65701.61994013039,65829.26320785032,66077.8616575348,66573.92603911892,40.461195262081624,-126.0823098335386,-59.12629681034764,-66.95601302319096,65944.925390625,66499.31658185073,65390.53419939926,0.016813763544102706,0.1934809787709884,203.40808778456483,66271.6484375,65260.21875,66325.3203125,65133.98046875,0.0032752555127015803,-0.00017418924905854283,-0.00792975898362236,0.00029112553132781827
2026-08-21 10:20:00+09:00,65625.84375,65714.40625,65479.6484375,65644.5078125,0.0,65605.63070333788,65691.23591692485,65811.66745591219,66063.65333474678,66558.56375438142,42.110994909931634,-124.22268760782026,-72.14557496984217,-52.07711263797809,65923.251953125,66488.91993234801,65357.58397390199,0.017161410047709234,0.2536150614289008,205.64735383566733,66271.6484375,65260.21875,66325.3203125,65133.98046875,0.00060125409529177,-0.0010775645566857284,-0.006559957985244891,-0.0012132840998565486
2026-08-21 10:30:00+09:00,65639.25,65729.4296875,65608.5234375,65698.109375,0.0,65636.45692722526,65692.48563657487,65800.85240058722,66051.66828688623,66544.34136794537,44.36695123383208,-117.07416734428261,-81.13129344473026,-35.94287389955235,65899.66875,66461.57520172035,65337.762298279646,0.017053392297069824,0.3206468582244463,199.5944178474054,66271.6484375,65260.21875,66325.3203125,65133.98046875,0.00081654298716205,-0.0009443637971147112,-0.007128089428105833,-0.00013102731598513273
2026-08-21 10:40:00+09:00,65701.0703125,65905.34375,65692.328125,65905.34375,0.0,65726.08586815017,65731.18711174307,65810.80395767414,66046.87076108667,66533.7794238471,52.133611253461716,-93.60777919086104,-83.62659059395642,-9.981188596904616,65886.95546875,66436.12298947961,65337.78794802039,0.016669992317070375,0.5167419599265153,200.55307550116214,66271.6484375,65260.21875,66325.3203125,65133.98046875,0.003154343054487585,0.006817595107438956,-0.00384321533035048,0.003185120880950354
2026-08-21 10:50:00+09:00,65906.7734375,65922.3203125,65701.8828125,65734.96875,0.0,65729.04682876679,65731.87468233524,65803.58155694327,66036.6444656412,66520.57594163474,46.39859068139306,-87.74684511976375,-84.45064149911789,-3.296203620645855,65866.5265625,66406.31148963768,65326.74163536233,0.01639026544463311,0.3781386753446266,201.97339153679343,66271.6484375,65260.21875,66325.3203125,65133.98046875,-0.0025851469745198363,0.005261866319778319,-0.0061771426587108325,0.0010221897989455275
2026-08-21 11:00:00+09:00,65740.3125,65891.09375,65725.5390625,65885.71875,0.0,65781.2708025112,65759.84633100156,65811.4041467582,66031.69608152182,66510.082434335,51.48413120322899,-70.12934013392078,-81.58638122607847,11.457041092157695,65851.919140625,66372.68908169957,65331.14919955043,0.01581639374738585,0.532451574782959,199.37205553416536,66271.6484375,65260.21875,66325.3203125,65133.98046875,0.002293299941669158,0.004277966353587459,-0.0044145943336654225,0.005061314616555679
2026-08-21 11:10:00+09:00,65883.140625,65968.5625,65833.53125,65917.28125,0.0,65826.6076183408,65788.47086172855,65821.48768040029,66027.94477557029,66500.28406765178,52.50026490609996,-53.0094505850866,-75.8709950978801,22.8615445127935,65838.816796875,66338.74655027875,65338.887043471266,0.015186474415119564,0.5784754783954843,194.7762837102964,66271.6484375,65260.21875,66325.3203125,65133.98046875,0.00047904918696817234,0.004155312402967848,-0.003959648464623933,0.00655727457116928
2026-08-21 11:20:00+09:00,65920.3515625,66027.7734375,65920.3515625,66008.453125,0.0,65887.2227872272,65828.46763686881,65839.29391321931,66027.30570505979,66492.15463058316,55.405758982284226,-31.71936531936808,-67.0406691421777,35.321303822809625,65830.346875,66312.43523032039,65348.25851967961,0.01464638660451808,0.6847236590911121,188.75599112384668,66271.6484375,65260.21875,66325.3203125,65133.98046875,0.0013831255365981399,0.004723785097506816,-0.002559745194206209,0.007122260404315961
2026-08-21 12:30:00+09:00,66075.90625,66125.8828125,66012.4609375,66043.9609375,0.0,65939.46883731814,65867.64823698357,65858.78601076985,66027.85177825454,66484.74647036691,56.52121868171971,-11.845092785602901,-56.00155387086275,44.15646108525985,65823.812109375,66290.34696775686,65357.277250993124,0.014175261001494745,0.7359403849141841,183.6612551507148,66271.6484375,65260.21875,66325.3203125,65133.98046875,0.0005379282625024295,0.002103276906131102,-0.001975005536957397,0.011530811350752401
2026-08-21 12:40:00+09:00,66031.890625,66031.890625,65922.21875,65949.8515625,0.0,65942.9297457121,65882.59429616838,65867.45892045843,66025.29439413143,66475.90523222035,52.75478261486878,-3.646395298623247,-45.53052215641485,41.8841268577916,65816.15078125,66268.91924033592,65363.3823221641,0.013758582162933068,0.647648073277805,179.23846460423516,66244.84375,65260.21875,66325.3203125,65133.98046875,-0.0014249504975792915,0.003268926974274944,-0.0023179943634432654,0.011863192470558781
2026-08-21 12:50:00+09:00,65948.078125,65964.5078125,65804.1328125,65924.3828125,0.0,65936.74743464141,65890.19220822868,65872.88024351001,66021.98581768449,66466.78915916712,51.74973499965552,0.7869448441488203,-36.26702875630212,37.05397360045094,65801.35546875,66218.24988811597,65384.46104938403,0.012671301872009584,0.6475521595337076,177.89107427536123,66244.84375,65260.21875,66325.3203125,65133.98046875,-0.0003861835833832705,0.0005868352540359112,-0.0044685134146834615,0.009194104607517017
2026-08-21 13:00:00+09:00,65922.71875,66000.1171875,65901.109375,65990.3671875,0.0,65954.62068559427,65908.40584082346,65884.06947627096,66020.94914128499,66458.91441583379,54.18502355411015,9.51510227972176,-27.110602549097344,36.6257048288191,65791.689453125,66180.70970839103,65402.669197858966,0.011825817470250601,0.7553565420894768,172.25655557712116,66244.84375,65260.21875,66325.3203125,65190.1484375,0.001000910015155787,0.0011087523046167114,-0.0029209661746333326,0.008264788356136199
2026-08-21 13:10:00+09:00,65994.8125,66013.6875,65920.25,65921.953125,0.0,65943.73149872952,65910.868983401,65887.67744281658,66017.70337025925,66450.03902259687,51.294285967420265,10.787435999562149,-19.530994839365444,30.318430838927593,65779.744140625,66135.97782185544,65423.510459394565,0.010831105711474835,0.699600700141272,166.62662303589823,66185.0703125,65260.21875,66325.3203125,65190.1484375,-0.001036728016766686,-0.0013104382227560052,-0.003610990731632957,0.010179358700880714
2026-08-21 13:20:00+09:00,65922.90625,65949.8828125,65877.59375,65916.2890625,0.0,65934.58401998636,65911.85445232809,65890.4023589769,66014.37831098845,66441.21670920684,51.051454556280135,11.209510868386133,-13.38289369781513,24.59240456620126,65790.110546875,66149.55377869037,65430.66731505963,0.010926968470717785,0.6755193928506202,159.88822585476265,66125.8828125,65260.21875,66325.3203125,65190.1484375,-8.592073249502619e-05,-0.0019331347361316586,0.003155248873851546,0.007335379296059097
2026-08-21 13:30:00+09:00,65916.65625,65940.0078125,65877.5078125,65895.8203125,0.0,65921.66278415758,65908.93915417753,65890.91835455054,66010.49116349702,66432.20189273235,50.12789833154694,9.779617835505633,-8.750391391150977,18.53000922665661,65799.202734375,66159.68074979074,65438.724718959245,0.01095691134346912,0.6340131353275098,152.9319240079939,66125.8828125,65260.21875,66325.3203125,65190.1484375,-0.0003105264311920042,-0.0008192778106376197,0.002767200518249746,0.009646486999911108
2026-08-21 13:40:00+09:00,65899.703125,66043.4375,65899.703125,66043.4375,0.0,65962.25435610506,65933.39339887252,65905.44398745049,66011.57137125122,66425.77603500124,56.271835376062086,20.323612691950984,-2.9355905745305853,23.25920326648157,65820.55,66185.75552016575,65455.34447983425,0.011097006031269853,0.8051535199944938,152.55229997170863,66125.8828125,65260.21875,66325.3203125,65190.1484375,0.002240160101201427,0.0018059279802224992,0.0065066768775141615,0.011459738959451293
2026-08-21 13:50:00+09:00,66054.2578125,66078.9375,65991.5234375,65991.5234375,0.0,65972.01071657005,65943.96249680479,65913.64203031235,66010.9140619479,66418.59830611692,53.76336872234876,24.21167646617687,2.4938628336109057,21.717813632565964,65834.36015625,66203.47249163964,65465.247820860364,0.011213364404654116,0.7128935640746022,147.89956872372946,66125.8828125,65260.21875,66325.3203125,65250.96875,-0.0007860593643388425,1.75214966862125e-05,0.004203024860665039,0.009801279819742659
2026-08-21 14:00:00+09:00,66000.5390625,66030.3671875,65889.84375,65889.84375,0.0,65944.62172771337,65934.12272465846,65911.37552742545,66006.94454352338,66409.85856138772,49.1426484273954,18.870763594517484,5.769242985792221,13.101520608725263,65840.841796875,66209.06989735467,65472.61369639533,0.011185400746110902,0.566537498171878,147.37270220774877,66125.8828125,65260.21875,66325.3203125,65254.28125,-0.001540799214861277,-0.00048708166973021605,0.0019712955699489054,0.008714468227509542
2026-08-21 14:10:00+09:00,65887.8515625,65978.0703125,65886.7890625,65975.5703125,0.0,65954.93792264225,65941.65864972056,65917.48931648018,66005.91588021113,66402.6802432243,52.82402293756884,21.30982244327606,8.877358877288989,12.432463565987073,65866.666796875,66194.39331824762,65538.94027550238,0.009951210143464229,0.6661499886687247,143.36616990719529,66125.8828125,65260.21875,66325.3203125,65254.28125,0.0013010588221344932,0.0008993414350706441,0.007890426758801139,0.00874973653557154
2026-08-21 14:20:00+09:00,65982.953125,65985.078125,65862.4296875,65888.890625,0.0,65932.9221567615,65932.06446340773,65914.7656315773,66002.07898659765,66394.18785284043,48.96457768667053,16.063300060472102,10.314547113925613,5.748752946546489,65891.566796875,66136.00660413543,65647.12698961458,0.007419456514487266,0.4945259082286981,141.8863318781099,66125.8828125,65260.21875,66325.3203125,65260.21875,-0.001313814902841104,-0.00010516126010928772,0.0076157396732199345,0.00699530315189234
2026-08-21 14:30:00+09:00,65887.4296875,65890.1171875,65825.328125,65860.7890625,0.0,65908.87779200767,65919.10529960632,65909.6250059509,65997.44653006986,66385.3713439092,47.74661546367764,9.527999190060655,10.157237529152622,-0.6292383390919678,65904.353125,66111.40232202072,65697.30392797927,0.006283323853524955,0.3947977989607124,136.37938406538777,66125.8828125,65354.94140625,66325.3203125,65260.21875,-0.0004264992509881438,-0.0027655804181906385,0.0038979699546815016,0.0019221517260263887
2026-08-21 14:40:00+09:00,65860.921875,65862.8984375,65753.0234375,65757.609375,0.0,65858.45498633845,65889.74240422336,65895.14732681272,65989.58301678888,66374.99511301814,43.47098906396294,-3.9316902290738653,7.339451977507325,-11.27114220658119,65910.008203125,66093.15917554857,65726.85723070144,0.005557607332079862,0.08395299214530146,134.48621377500294,66125.8828125,65479.6484375,66325.3203125,65260.21875,-0.001566633029587372,-0.003544607705890268,0.001722940216461799,-0.005918799247297435
2026-08-21 14:50:00+09:00,65760.2734375,65868.1484375,65753.7578125,65868.1484375,0.0,65861.68613672564,65885.81622845547,65892.57600402103,65985.60155517285,66366.61748201784,48.76439587184436,-5.614294443745166,4.748702693256827,-10.362997137001994,65918.51015625,66075.43488723728,65761.58542526273,0.0047611734735905535,0.339535430670612,133.05081457678844,66125.8828125,65608.5234375,66325.3203125,65260.21875,0.0016810079251758925,-0.0003292664129287415,0.0025881880638212174,-0.002417189174248713
2026-08-21 15:00:00+09:00,65862.0625,65940.9375,65832.8515625,65893.1328125,0.0,65872.16836198376,65887.14651646357,65892.62903339998,65982.56979311799,66358.79128913325,49.90618367631309,-4.875537980100489,2.8238545585853636,-7.699392538685853,65917.899609375,66075.11923661643,65760.67998213357,0.004770164952861127,0.4212350349967102,131.26760907130355,66125.8828125,65692.328125,66325.3203125,65260.21875,0.0003793089010799555,-0.0012495155344550701,-0.00018527993035466483,-0.00412162714240305
2026-08-21 15:10:00+09:00,65896.28125,65989.109375,65884.7578125,65988.3671875,0.0,65910.90130382251,65905.55027483383,65901.74695283808,65982.75987162231,66352.66857670956,54.10466311081919,3.355865664969315,2.930256779862154,0.4256088851071609,65930.56953125,66066.12874178066,65795.01032071935,0.0041121807833437276,0.7131823283115317,129.34503431621044,66125.8828125,65701.8828125,66325.3203125,65260.21875,0.0014452852814115236,0.0015097622915851705,0.00385484989676832,-0.0009005072553939231
2026-08-21 15:20:00+09:00,65990.390625,66033.5390625,65967.171875,66033.5390625,0.0,65951.780556715,65928.8209635004,65914.29858232969,65984.4247631265,66347.3937087061,55.988873778761814,13.370182017490151,5.0182418273877545,8.351940190102397,65937.960546875,66078.94287721907,65796.97821653092,0.004276211431921837,0.8389733855006462,124.84661668648113,66125.8828125,65725.5390625,66325.3203125,65260.21875,0.0006845430024302601,0.002622956731296755,0.0022435865511447606,-0.003072416753181262
2026-08-24 09:00:00+09:00,65978.953125,66226.078125,65823.1875,66226.078125,0.0,66043.21307947667,65982.8677201367,65943.99187210781,65992.34782417153,66345.38849244651,62.967627210648956,36.42303107411135,11.299199676732474,25.123831397378876,65953.400390625,66141.6536335459,65765.1471477041,0.005708674361167719,1.2242311743059338,144.70690299458963,66125.8828125,65753.0234375,66325.3203125,65260.21875,0.0029157768193790456,0.007124175505353714,0.00468461182172919,-0.0008512333572210373
2026-08-24 09:10:00+09:00,66231.7109375,66257.7265625,65846.6171875,65846.6171875,0.0,65977.68111548445,65958.09489602094,65934.71809262135,65987.56977051018,66337.14433864574,47.11209852230587,23.798914596263785,13.799142660638736,9.999771935625049,65945.30859375,66137.27667584975,65753.34051165025,0.005822039086429854,0.2429483975395438,163.73565099497608,66226.078125,65753.0234375,66275.1015625,65260.21875,-0.0057297812016555705,-0.0003268840936135886,-0.002451745645266512,-0.005109862817848088
2026-08-24 09:20:00+09:00,65846.0,65846.0,65653.390625,65717.328125,0.0,65890.89678532297,65914.31911947166,65914.01428618122,65978.70938869017,66326.89944255243,43.12739494415029,3.323354938736884,11.703985116258366,-8.380630177521482,65928.976953125,66139.29437143325,65718.65953481676,0.006380120791432233,-0.00316523906453106,165.84214467390638,66257.7265625,65753.0234375,66271.6484375,65260.21875,-0.0019634883008772253,-0.0026680274559149897,-0.004945687809504773,-0.0037816140674006293
2026-08-24 09:30:00+09:00,65720.78125,65915.9765625,65667.359375,65865.0234375,0.0,65882.27233604866,65905.35626820408,65909.34849106873,65974.98198045442,66319.26512841933,48.487416216465306,-0.9746609460999025,9.168255903786713,-10.142916849886616,65924.735546875,66136.61362243918,65712.85747131082,0.006427877906723643,0.35908851301390077,171.75464773291307,66257.7265625,65653.390625,66271.6484375,65260.21875,0.002247433313464553,-0.0018691741477634416,-0.0012862519473544332,-0.0028118766630205183
2026-08-24 09:40:00+09:00,65856.5703125,65913.2109375,65756.7578125,65842.453125,0.0,65868.99926569911,65893.91933307606,65902.97750382408,65970.63677207887,66311.38393828017,47.74685039616399,-6.131425830826629,6.108319556864045,-12.239745387690675,65920.6390625,66135.53263772611,65705.7454872739,0.0065197661394744534,0.31808218924706855,170.6616818234193,66257.7265625,65653.390625,66271.6484375,65260.21875,-0.000342675236750134,-0.0028937709565912684,-0.001242782776336715,-0.004210566115316783
2026-08-24 09:50:00+09:00,65848.296875,66036.9609375,65826.296875,65992.0625,0.0,65910.0203437994,65911.76354524404,65911.46178917417,65971.33925496152,66306.10589797802,52.88385858724193,1.8328985567059135,5.25323535683242,-3.420336800126506,65920.723828125,66135.72866326662,65705.71899298338,0.006523133323056365,0.665900157147647,173.51899472888934,66257.7265625,65653.390625,66271.6484375,65260.21875,0.002272232699410015,-0.0035335872457720185,2.5690302573710966e-05,-0.00046645775859355254
2026-08-24 10:00:00+09:00,66011.6796875,66092.1328125,65881.0703125,65904.609375,0.0,65908.21668753294,65910.46278701785,65910.80917830043,65969.15139004475,66299.4695918131,49.80177899723516,1.0755484494147822,4.417697975348892,-3.3421495259341096,65919.856640625,66134.9745245012,65704.7387567488,0.006526649020156586,0.46456067401216683,176.20067367682583,66257.7265625,65653.390625,66271.6484375,65260.21875,-0.0013252067246724009,0.0008807162763557752,-0.00026309520846734546,-0.000730044339266045
2026-08-24 10:10:00+09:00,65903.6015625,66208.3828125,65903.6015625,66171.7109375,0.0,65996.04810418864,65957.96245074188,65935.65696489086,65975.79268668262,66297.35787851868,57.87655331000296,21.777173169350135,7.889593014149141,13.887580155200993,65932.627734375,66174.0958947383,65691.15957401169,0.0073246939690047854,0.9950615492437681,185.38500055705256,66257.7265625,65653.390625,66271.6484375,65260.21875,0.0040528510074338,0.006914200949188487,0.0038749431837374892,0.002641083906232966
2026-08-24 10:20:00+09:00,66176.453125,66183.0,66025.0,66068.3671875,0.0,66020.15446529243,65978.03603924335,65948.29603371078,65978.8279162176,66293.5729084192,54.241065050662904,29.504276033461792,12.212529618011672,17.29174641545012,65941.255078125,66189.09218348746,65693.41797276255,0.007516905920848144,0.7564428542471429,183.42892908869166,66257.7265625,65653.390625,66271.6484375,65260.21875,-0.0015617512156760327,0.003087279703057444,0.0026184798092159234,0.001301481607514532
2026-08-24 10:30:00+09:00,66066.453125,66085.53125,65960.671875,66084.3203125,0.0,66041.5430810283,65997.36045256275,65961.2507269288,65982.28668330883,66290.1141878255,54.713966456745865,36.49465689812496,17.06895507403433,19.425701824090627,65943.29921875,66195.11621488047,65691.48222261954,0.007637379358140035,0.7800071002295076,179.24538951092796,66257.7265625,65653.390625,66271.6484375,65260.21875,0.00024146389080148545,0.0036734230883048724,0.0006190291427516925,0.004468146097583059
2026-08-24 10:40:00+09:00,66089.6875,66129.2890625,65968.5390625,66025.640625,0.0,66036.2422623522,66002.5023020968,65967.38309817368,65983.70812402002,66285.74272397715,52.562200920625656,36.87455678470724,21.030075416168913,15.844481368538325,65945.005078125,66198.56190823845,65691.44824801155,0.007689948004797618,0.659008824252375,177.92429026014742,66257.7265625,65653.390625,66271.6484375,65260.21875,-0.0008879517444155827,0.000508820663091214,0.0005169934822357725,0.002354642374382765
2026-08-24 10:50:00+09:00,66040.1796875,66124.6484375,65775.0234375,65775.0234375,0.0,65949.1693207348,65961.14250853374,65949.06313049047,65976.86600315051,66277.30108287836,44.51082453023404,16.759722003160277,20.176004733567186,-3.416282730406909,65939.2640625,66202.56887875174,65675.95924624827,0.0079862831348001,0.18811693736171395,190.18862667013687,66257.7265625,65653.390625,66271.6484375,65260.21875,-0.003795755484197527,-0.0019662651630730776,-0.0017426101803436067,-0.0016799924964762125
2026-08-24 11:00:00+09:00,65785.6875,65880.46875,65754.9296875,65854.859375,0.0,65917.73267215653,65941.81830243669,65940.09134425328,65972.8657858341,66270.31857531013,47.281174132480956,7.177920855174307,17.57638795788861,-10.398467102714303,65933.228515625,66198.45467657753,65668.00235467247,0.008045295730958373,0.3522597839829489,185.57080065798425,66257.7265625,65653.390625,66271.6484375,65260.21875,0.0012137728476198095,-0.004788323560188323,-0.0018296308304458497,-0.003485321502643801
2026-08-24 11:10:00+09:00,65862.3203125,65999.2890625,65846.2578125,65906.6015625,0.0,65914.02230227103,65935.41525881183,65936.90184122915,65970.69318834774,66264.30672385872,49.05637377202511,3.7165939346159576,14.80442915323408,-11.087835218618123,65934.1140625,66198.85999523188,65669.36812976812,0.008030620764265443,0.4480398060961709,183.24654703955682,66257.7265625,65653.390625,66271.6484375,65260.21875,0.0007857003718640954,-0.0024484580425745417,0.00026880005615503855,-0.003437978875265979
2026-08-24 11:20:00+09:00,65912.2421875,66013.2421875,65901.0703125,65968.7109375,0.0,65932.25184734736,65941.4690185733,65939.93127896922,65970.62819651666,66259.42084309246,51.181397912631915,5.91696778392361,13.026936879371988,-7.109969095448378,65939.51015625,66202.45124321437,65676.56906928564,0.007975221118303653,0.5555272315694656,178.16978475101703,66257.7265625,65653.390625,66271.6484375,65260.21875,0.0009423847312337585,-0.001749422169333159,0.0016386362285696343,-0.002430720048389956
2026-08-24 12:30:00+09:00,65630.0703125,65729.1484375,65585.171875,65638.65625,0.0,65834.38664823158,65886.41215155997,65911.23841906739,65959.74387040135,66249.16027130582,41.3179967081898,-18.755671283244737,6.670415246848643,-25.42608653009338,65933.5625,66217.25520785803,65649.86979214197,0.008605411177593622,-0.01976353609268251,192.83901887594442,66257.7265625,65653.390625,66271.6484375,65260.21875,-0.005003200499289706,-0.0058611226083805645,-0.0018089636489313499,-0.00664851339817385
2026-08-24 12:40:00+09:00,65640.8203125,65706.21875,65584.2578125,65630.1171875,0.0,65766.29682798772,65839.81306718542,65884.46496844193,65948.93643817506,66238.92815421813,41.09732983971255,-38.55352543805202,-2.3743728901314896,-36.17915254792053,65921.6609375,66233.87076334335,65609.45111165664,0.009472146830140063,0.033096453302731865,187.77629877766267,66257.7265625,65585.171875,66271.6484375,65260.21875,-0.00013009197609825662,-0.002203058888115672,-0.003613753470326553,-0.008155630916731549
2026-08-24 12:50:00+09:00,65631.7109375,65653.9296875,65544.0703125,65592.7734375,0.0,65708.45569782515,65794.89677087897,65856.68482263794,65937.25896274309,66228.24791096659,40.088970790884765,-56.60429692186881,-13.220357696478953,-43.38393922538985,65906.64296875,66250.21747967838,65563.06845782163,0.010426096534495987,0.04322931232311526,182.21080422211534,66257.7265625,65584.2578125,66271.6484375,65260.21875,-0.0005690032503418152,-0.003979750924796521,-0.004558280387953029,-0.008567703812867311
2026-08-24 13:00:00+09:00,65594.15625,65707.796875,65594.15625,65662.9296875,0.0,65693.2803610501,65770.90275571916,65838.2319526248,65928.26456027609,66218.90380809938,42.92232575092083,-64.50506606820272,-23.477299370823708,-41.027766697379015,65890.37109375,66247.48145764478,65533.260729855225,0.010839531117124103,0.1815530585986881,177.41170659910713,66257.7265625,65544.0703125,66271.6484375,65260.21875,0.0010695728557177375,-0.003697230159393383,-0.00493174045472744,-0.0072662747948532
2026-08-24 13:10:00+09:00,65664.296875,65787.046875,65664.296875,65703.03125,0.0,65696.53065736673,65758.56248195203,65825.35569523196,65920.8798615785,66210.37698895724,44.536972016803844,-66.76104185443546,-32.13404786754606,-34.6269939868894,65873.845703125,66233.50566449943,65514.18574175056,0.010919658858094407,0.2625334045076482,173.6049552348852,66257.7265625,65544.0703125,66271.6484375,65260.21875,0.0006107184478494343,-0.004027359087730442,-0.005005150673314307,-0.0071751471856090765
2026-08-24 13:20:00+09:00,65708.4765625,65754.8671875,65605.15625,65673.546875,0.0,65688.86939657782,65743.10509886984,65810.89771235273,65912.77058333003,66201.50376393316,43.56124853301096,-70.11976457180572,-39.731191208397995,-30.388573363407723,65846.219140625,66177.14627505075,65515.29200619927,0.010051515143762235,0.23910832980702984,171.8982396823934,66257.7265625,65544.0703125,66271.6484375,65260.21875,-0.0004487521266379746,0.0005315560523833085,-0.008343106909594056,-0.007642586655528971
2026-08-24 13:30:00+09:00,65672.65625,65691.296875,65604.3671875,65636.65625,0.0,65671.46501438522,65723.75076271169,65794.30328736675,65903.71765436839,66192.16744138881,42.31219683106013,-74.89499872847227,-46.76395271241285,-28.131046016059422,65835.72109375,66179.02157683096,65492.42061066905,0.010429003506837738,0.2100720017002424,165.82905738365102,66257.7265625,65544.0703125,66271.6484375,65260.21875,-0.0005617273126761191,9.963508797827814e-05,-0.0031886366599840343,-0.008177891843298646
2026-08-24 13:40:00+09:00,65638.3671875,65715.7265625,65623.40625,65700.703125,0.0,65681.21105125682,65719.56028312774,65785.38898618896,65897.06144029074,66184.04406425843,45.247485256686986,-72.67362236998451,-51.94588664392719,-20.727735726057325,65834.88984375,66179.41132224526,65490.36836525475,0.010466227840980034,0.30525638149458506,160.5784327491045,66208.3828125,65544.0703125,66271.6484375,65260.21875,0.0009757790640043673,0.0016454508910626053,-0.000252977418198963,-0.0071621546957412185
2026-08-24 13:50:00+09:00,65698.109375,65731.171875,65626.5703125,65637.9921875,0.0,65666.80476333789,65704.72972028633,65771.35119583763,65888.56736642875,66175.01841340293,42.94342671155409,-75.1076202672266,-56.57823336858707,-18.529386898639522,65823.53828125,66178.15321039522,65468.923352104786,0.010774714893934213,0.23838369665195222,156.58008487416848,66208.3828125,65544.0703125,66257.7265625,65260.21875,-0.0009544941609024304,-0.00037978049591580465,-0.0034469167116509825,-0.0070357682379106334
2026-08-24 14:00:00+09:00,65628.53125,65737.4921875,65621.9921875,65724.390625,0.0,65686.00005055859,65708.30443023426,65766.87876051976,65883.18452244748,66167.57002020619,46.95136095825365,-69.26648833183572,-59.11588436123681,-10.150603970598908,65817.63515625,66174.71618027502,65460.55413222499,0.010850618475650463,0.3694350511839661,153.64579309744215,66208.3828125,65544.0703125,66257.7265625,65260.21875,0.0013162870255567505,0.000325089643409715,-0.0017931060341245253,-0.007488617831794109
2026-08-24 14:10:00+09:00,65723.3828125,65787.296875,65676.5390625,65676.5390625,0.0,65682.8463878724,65702.52890882803,65758.27497975597,65876.4092614656,66159.45380602923,45.063313346754164,-67.71795988293889,-60.83629946557723,-6.881660417361658,65801.858984375,66154.57409492086,65449.143873829125,0.010720521152133993,0.322349655390374,150.58236591191059,66208.3828125,65544.0703125,66257.7265625,65260.21875,-0.0007280639964092339,4.556153340851132e-05,-0.004781233159669718,-0.007662740724442063
2026-08-24 14:20:00+09:00,65685.90625,65727.5625,65679.9375,65711.3984375,0.0,65692.36373774827,65704.14155040475,65753.81054716016,65870.9990705159,66152.04793216924,46.74345500819153,-62.95220585734933,-61.25948074393165,-1.69272511341768,65792.1984375,66143.7090889704,65440.68778602961,0.010685481252137093,0.38506749416836933,143.4710138824884,66208.3828125,65544.0703125,66257.7265625,65260.21875,0.0005307736293294063,0.0011387263119455593,-0.0029316756344101025,-0.006793456761987504
2026-08-24 14:30:00+09:00,65715.2890625,65720.3828125,65550.7890625,65633.4765625,0.0,65672.73467933218,65691.2933707857,65742.35016766872,65863.21144730227,66143.4765045714,43.538091369896044,-64.71693896144279,-61.95097238743388,-2.765966574008914,65765.28671875,66076.56690581985,65454.006531680134,0.009466397931208683,0.28827731136576945,145.33692360516778,66208.3828125,65544.0703125,66257.7265625,65260.21875,-0.0011858197641937407,-0.0010232243994725554,-0.008133904464225905,-0.0011487683555336803
2026-08-24 14:40:00+09:00,65624.2265625,65686.1328125,65569.2421875,65616.171875,0.0,65653.88041122146,65677.63491700648,65730.33318741455,65855.111789194,66134.76072557023,42.83558502849867,-66.74248055055796,-62.909274020058696,-3.833206530499261,65742.676953125,66027.15198203533,65458.20192421468,0.008654196698231732,0.2776517000286849,143.3050451333701,66183.0,65544.0703125,66257.7265625,65260.21875,-0.00026365642056946914,-0.00033243418594630647,-0.00684435429161856,-0.0014883392029544362
2026-08-24 14:50:00+09:00,65623.109375,65626.0234375,65545.8984375,65566.4296875,0.0,65624.73016998098,65657.41578436893,65714.72333027984,65845.6468022532,66125.36682411454,40.79777746489493,-71.53688301438524,-64.634795818924,-6.902087195461235,65716.782421875,65963.9918832755,65469.57296047451,0.007523480374115575,0.19590012145323488,138.7921847667008,66129.2890625,65544.0703125,66257.7265625,65260.21875,-0.0007580781700395889,-0.0024033838274936103,-0.007836815488923787,-0.0007629560546599246
2026-08-24 15:00:00+09:00,65564.6484375,65569.578125,65470.94921875,65517.69140625,0.0,65589.05058207066,65632.01135198367,65695.95838513414,65834.89416631867,66115.32260233165,38.84769175777187,-78.36590016678383,-67.38101668849598,-10.984883478287855,65691.3849609375,65909.05710497667,65473.71281689833,0.006627113864888251,0.10102025122643472,135.92337915836504,66129.2890625,65544.0703125,66257.7265625,65260.21875,-0.0007433420041672578,-0.0024186362210535384,-0.007693211515128695,-0.0030073490520963198
2026-08-24 15:10:00+09:00,65516.28125,65623.9921875,65488.53125,65531.1484375,0.0,65569.74986721377,65613.67264025936,65680.26219964518,65824.93528996396,66105.66683101213,39.704659901652555,-81.74971566892054,-70.2547564845809,-11.494959184339649,65679.1912109375,65903.9632774197,65454.41914445531,0.006844544286798785,0.17068244788053183,135.89034761133897,66124.6484375,65470.94921875,66257.7265625,65260.21875,0.0002053953819367571,-0.0027430553037376404,-0.0037077143762895837,-0.0034832993497802
2026-08-24 15:20:00+09:00,65531.05859375,65554.640625,65498.33984375,65537.328125,0.0,65558.94261980918,65599.79181930311,65666.64943063135,65815.50554685039,66096.27280281359,40.119650337394255,-82.97626595498878,-72.79905837866248,-10.177207576326296,65663.3146484375,65880.95514830074,65445.674148574275,0.006628983048707865,0.21056277779944835,130.20537858552905,66013.2421875,65470.94921875,66257.7265625,65260.21875,9.430152907952127e-05,-0.001464929827516337,-0.004821682910168712,0.0011955228225271064
2026-08-25 09:00:00+09:00,65195.26171875,65279.62890625,64934.98828125,64949.98046875,0.0,65355.9552361228,65481.64430102072,65598.39524378552,65787.12767543725,66077.32582208527,23.53778598986861,-129.8455840172319,-84.20836350637637,-45.637220510855514,65615.48359375,65973.4606515091,65257.5065359909,0.010911359275364655,-0.42953320691272767,163.92926895441983,66013.2421875,65470.94921875,66257.7265625,65260.21875,-0.008962032372295425,-0.010152853895821656,-0.014514799292796532,-0.006742684677266575
2026-08-25 09:10:00+09:00,64946.30078125,64991.2109375,64609.46875,64663.26953125,0.0,65125.0600011652,65332.84888833514,65509.33565211547,65750.2798674311,66053.95299083179,19.33645593771584,-187.95836572962435,-104.95836395102597,-83.00000177859837,65550.2115234375,66067.40995162564,65033.01309524935,0.01578022148725548,-0.35744846063689584,179.4873345648184,66013.2421875,64934.98828125,66257.7265625,64934.98828125,-0.00441433446832129,-0.013774734426666324,-0.01978879665371669,-0.014355492287656868
2026-08-25 09:20:00+09:00,64670.28125,65073.78125,64647.140625,65010.0390625,0.0,65086.719688276804,65274.15619272875,65461.78359596161,65726.0096771055,66036.6982151569,34.55232515350566,-203.68382052446395,-124.70345526571359,-78.98036525875037,65518.7806640625,66084.76245000244,64952.798878122565,0.017276932818451614,0.05056716116966128,197.14114102447425,65787.296875,64609.46875,66257.7265625,64609.46875,0.005362697150387952,-0.0077483246563473385,-0.009576935656722907,-0.00966522213575327
2026-08-25 09:30:00+09:00,65007.8203125,65040.51171875,64828.71875,64859.62890625,0.0,65011.022760934546,65198.787595187154,65404.43553027479,65697.6037501922,66017.24252410058,31.754351447772038,-225.68168138339388,-144.89910048924963,-80.78258089414425,65480.25625,66111.77497796895,64848.73752203106,0.01928882885118353,0.00862316803649781,198.1877001477261,65787.296875,64609.46875,66257.7265625,64609.46875,-0.0023136450680393272,-0.010247333478223042,-0.011739858380090618,-0.012762627063802046
2026-08-25 09:40:00+09:00,64865.4296875,65078.48046875,64781.3984375,64984.328125,0.0,65002.12454895637,65159.794964244036,65364.425301201,65674.21766412031,66000.1695588262,36.35581843388675,-230.39708561606676,-161.99869751461307,-68.39838810145369,65449.833984375,66114.49236604867,64785.175602701325,0.02031046807031922,0.14981570065902902,205.2515809407457,65787.296875,64609.46875,66257.7265625,64609.46875,0.0019226014834319294,-0.008437939351834123,-0.009276102848124856,-0.01397482468938649
2026-08-25 09:50:00+09:00,64993.3515625,65237.37109375,64971.5703125,65140.390625,0.0,65048.213240970916,65156.26690256329,65343.088665372336,65656.71513824751,65985.95833677948,41.657637101395096,-219.01645262894453,-173.40224853747935,-45.61420409146518,65423.70703125,66093.86326408295,64753.550798417054,0.020486648135448565,0.2886191365763032,209.57652381997815,65787.296875,64609.46875,66257.7265625,64609.46875,0.0024015405637465292,0.0029316430101409274,-0.007957900522971517,-0.00904508112358382
2026-08-25 10:00:00+09:00,65117.33984375,65119.671875,64956.19921875,65039.0390625,0.0,65045.155181480615,65134.95274982451,65314.13156033688,65636.46346363284,65970.30677852694,39.364213314538894,-215.68911322161875,-181.85962147430726,-33.829491747311494,65390.507421875,66067.77399092635,64713.240852823656,0.020714522512629435,0.24052435522743523,207.76330113640827,65787.296875,64609.46875,66257.7265625,64609.46875,-0.0015558943004112535,0.005811174318496315,-0.01010595972312922,-0.0128507315934836
2026-08-25 10:10:00+09:00,65027.8984375,65061.78125,64932.62109375,65038.73828125,0.0,65043.01621473709,65117.45921008369,65287.90362899527,65616.86591666947,65954.90895212567,39.357288313493356,-210.64822172617278,-187.61734152468037,-23.03088020149241,65358.7669921875,66039.4917715967,64678.042212778295,0.02083040457267416,0.26493531555054506,202.14879078737914,65787.296875,64609.46875,66257.7265625,64609.46875,-4.624626291138689e-06,0.0004414582603529116,-0.009666123179828623,-0.01332796122792157
2026-08-25 10:20:00+09:00,65035.328125,65041.48828125,64839.9296875,64935.01171875,0.0,65007.01471607473,65084.286938932106,65254.29487563858,65594.51004132784,65938.05114661533,36.94359894873948,-212.57273939525476,-192.60842109879525,-19.96431829645951,65323.684765625,66015.73418094954,64631.63535030046,0.021188315319552085,0.2191869263463447,202.10663385613776,65787.296875,64609.46875,66257.7265625,64609.46875,-0.0015948427851021352,0.0011622455103614815,-0.010689827473501112,-0.016262180909121238
2026-08-25 10:30:00+09:00,64934.69921875,65256.9609375,64931.75,65242.87109375,0.0,65085.63350863315,65113.12042162627,65253.2068964111,65582.9808955056,65926.56056722913,47.27819607825414,-187.09948840212746,-191.5066345594617,4.407146157334239,65300.7931640625,65971.40027169994,64630.18605642507,0.020539018751352504,0.4568137068241316,210.8997984021279,65787.296875,64609.46875,66257.7265625,64609.46875,0.004741038260428931,0.003978543384378419,-0.006968449491003836,-0.012129645653871424
2026-08-25 10:40:00+09:00,65244.890625,65277.171875,65120.94140625,65234.0390625,0.0,65135.10202658877,65135.105629057856,65251.38138841957,65571.54017966935,65915.11393078732,47.04000547067881,-165.7141747220303,-186.34814259197543,20.63396786994514,65280.5955078125,65933.46049942677,64627.73051619823,0.020001808700906818,0.4643445077385866,206.9948462841188,65787.296875,64609.46875,66257.7265625,64609.46875,-0.00013537159082577244,0.0014376400970499414,-0.006154257793962947,-0.01085389099506362
2026-08-25 10:50:00+09:00,65233.109375,65271.1796875,65177.08984375,65197.58984375,0.0,65155.93129897585,65146.46639536552,65246.258384165325,65559.27951291788,65903.25402852225,46.00979410938653,-149.97844869377877,-179.07420381233612,29.09575511855735,65254.25546875,65875.09737575178,64633.41356174822,0.01902839600396941,0.45436388526537136,198.93020324596748,65787.296875,64609.46875,66257.7265625,64609.46875,-0.0005587453923415753,0.002437778656256606,-0.008015301111816142,-0.01102464577965212
2026-08-25 11:00:00+09:00,65198.55859375,65266.66015625,65168.69921875,65185.87890625,0.0,65165.9138347339,65153.63230643542,65240.5079576972,65547.03687007632,65891.3965884847,45.66376011667678,-136.8749381452144,-170.6343506789118,33.7594125336974,65229.7224609375,65819.89835315103,64639.546568723956,0.018095305941764867,0.4628555187818228,191.71811283554123,65787.296875,64609.46875,66257.7265625,64609.46875,-0.00017962224566991924,0.0022623536201411554,-0.007470858898077304,-0.012190995679175254
2026-08-25 11:10:00+09:00,65182.83984375,65490.44921875,65182.83984375,65490.44921875,0.0,65274.0922960726,65214.871745038065,65264.31188732127,65545.18153724594,65884.76935923289,55.11790374622387,-100.75261933201546,-156.65800440953254,55.90538507751708,65218.675,65779.93495523088,64657.41504476913,0.01721163317810055,0.7421108224603313,199.9960601330026,65727.5625,64609.46875,66257.7265625,64609.46875,0.004672335751398471,0.008553744510060968,-0.0033624184540852475,-0.006545678424178192
2026-08-25 11:20:00+09:00,65490.03125,65598.96875,65455.91015625,65598.6796875,0.0,65382.28809321507,65284.65500730387,65296.15643971925,65546.93557495918,65880.04060432821,57.91983032265399,-62.66970971389674,-137.86034547040538,75.19063575650864,65216.93515625,65773.23478268756,64660.63552981244,0.017059974532834178,0.8431105407122228,195.9290982485024,65720.3828125,64609.46875,66257.7265625,64609.46875,0.0016526145421371652,0.005453601102850314,-0.0005301696149961899,-0.004818374631175737
2026-08-25 12:30:00+09:00,65785.09375,65846.1875,65674.2421875,65721.3515625,0.0,65495.30924964339,65364.05438097589,65336.65121331741,65552.65413192773,65877.41764495916,60.899359461809325,-22.332696939432935,-114.75481576421089,92.42211882477795,65222.194140625,65795.228029123,64649.160252127,0.01757174520263713,0.9355391817954792,199.6132921236094,65686.1328125,64609.46875,66257.7265625,64609.46875,0.0018700357321883576,0.007470218110105176,0.0016029537306805342,-0.002647645164330803
2026-08-25 12:40:00+09:00,65720.53125,65723.046875,65594.09375,65594.8203125,0.0,65528.47960392893,65406.01182307118,65361.2387465729,65554.03662965141,65872.74661467058,56.45878496098692,-0.5687815527198836,-91.91760892191269,91.3488273691928,65223.613671875,65800.18128069294,64647.04606305706,0.01767971985479118,0.8219107654920451,194.56613732906587,65846.1875,64609.46875,66257.7265625,64609.46875,-0.0019252685313336793,0.0060927170728548585,0.0004330055050323356,-0.006792759500139578
2026-08-25 12:50:00+09:00,65596.578125,65747.9375,65593.7109375,65736.1015625,0.0,65597.68692345262,65466.02813933097,65396.93996713738,65560.00597171202,65870.48801876695,59.96870698034269,27.759500092739472,-67.98218711898225,95.74168721172173,65234.5341796875,65840.49259609159,64628.57576328342,0.018577841446218643,0.9138628734533715,191.68473912698974,65846.1875,64609.46875,66257.7265625,64609.46875,0.0021538476563687237,0.008440825919388661,0.0033336058026789406,-0.0038705255113848924
2026-08-25 13:00:00+09:00,65729.140625,65813.4921875,65687.84375,65763.7265625,0.0,65653.03346980175,65520.1551253617,65431.87202383859,65566.6853353444,65868.72336659725,60.63687991536781,51.841378873737995,-44.017473920438206,95.8588527941762,65246.1630859375,65882.60443326378,64609.72173861122,0.01950892794992431,0.9066073635353878,186.96786043934762,65846.1875,64609.46875,66257.7265625,64609.46875,0.00042024092307535454,0.004172781634726785,0.0035491232878639423,-0.0019140611105182836
2026-08-25 13:10:00+09:00,65784.96875,65830.0625,65749.890625,65764.1796875,0.0,65690.0822090345,65564.52322756866,65463.52037275872,65573.16056000524,65866.99537190143,60.64848240444495,70.15430949846632,-21.183117236657303,91.33742673512361,65257.5056640625,65921.77653966735,64593.234788457645,0.020358451302887243,0.8813760636247604,179.33957576510852,65846.1875,64609.46875,66257.7265625,64609.46875,6.890196521558423e-06,0.0025229166316824703,0.0034614099932075426,-0.0032040742353378615
2026-08-25 13:20:00+09:00,65761.34375,65798.4765625,65723.859375,65773.640625,0.0,65717.93501435634,65602.54457255617,65493.05563487694,65579.73367689032,65865.45231823364,60.907575056879715,84.45728651784884,-0.055036485756073006,84.51232300360492,65298.688671875,65983.40492411162,64613.9724196384,0.020971822441252945,0.8468239227370276,171.85940517474364,65846.1875,64609.46875,66257.7265625,64609.46875,0.0001438615602742388,0.0007956175771928198,0.012681453486291572,-0.0017491567835908883
2026-08-25 13:30:00+09:00,65773.09375,65870.140625,65764.3515625,65840.34375,0.0,65758.73792623756,65645.78078663687,65526.13069346009,65588.27826945129,65865.03730057689,62.768793764430946,100.02189345306397,19.960349502007936,80.06154395105602,65357.5423828125,66015.49971941553,64699.58504620947,0.020134090500197824,0.8668941284857142,167.14009498369055,65846.1875,64609.46875,66257.7265625,64609.46875,0.001014131563437326,0.003743030872412012,0.018203134906148666,-0.00031043224338833664
2026-08-25 13:40:00+09:00,65852.9765625,65877.671875,65705.59375,65736.9375,0.0,65751.47111749172,65662.35473452107,65546.20753217817,65593.15234258403,65862.91994850125,58.14693256671383,102.8276038045442,36.53380036251519,66.293803442029,65393.8873046875,66051.3524846544,64736.4221247206,0.02010784821228308,0.7608884894328312,167.49281141342695,65870.140625,64647.140625,66257.7265625,64609.46875,-0.0015705606032775377,1.2716566393899953e-05,0.011181325961074462,-0.00031436475864132785
2026-08-25 13:50:00+09:00,65735.65625,65773.21875,65684.0390625,65746.71875,0.0,65749.88699499448,65677.69364642633,65565.3038386374,65598.1873067616,65860.9992675343,58.458525270446756,104.63425603086944,50.15389149618604,54.480364534683396,65438.241796875,66064.50274684728,64811.98084690273,0.01914051883961789,0.7462846782468632,161.89901684818216,65877.671875,64781.3984375,66257.7265625,64609.46875,0.000148793819304327,-0.0002586199625387309,0.013677072451836247,-0.0018435266571250608
2026-08-25 14:00:00+09:00,65753.578125,65795.65625,65678.3203125,65688.5390625,0.0,65729.43768416299,65679.6655402579,65577.0405266243,65601.14965940875,65858.14868563291,55.79757347243884,100.2161964528641,60.16635248752166,40.04984396534244,65473.45234375,66072.25604025507,64874.64864724493,0.018291496020745007,0.679597019862565,158.71593975188344,65877.671875,64781.3984375,66257.7265625,64609.46875,-0.0008849063285002456,-0.001150179708154675,0.010836627196412874,-0.0031049328096476314
2026-08-25 14:10:00+09:00,65698.2265625,65773.8125,65694.3828125,65764.4296875,0.0,65741.10168527532,65695.07720339282,65594.88711337437,65606.50310295273,65856.59961128361,58.45412642014558,101.6666418381501,68.46641035764735,33.20023148050275,65504.654296875,66095.77117250007,64913.53742124994,0.018048087787657142,0.7197326800645822,153.4700467338918,65877.671875,64839.9296875,66257.7265625,64609.46875,0.0011553099837977587,-0.00014003995236500089,0.009579909738221648,-0.0033935905606469197
2026-08-25 14:20:00+09:00,65767.3125,65860.90625,65767.3125,65807.0078125,0.0,65763.07039435022,65715.42822323048,65615.08908471966,65613.07702785592,65855.77991213017,59.90989598280787,105.04098204783804,75.7813246956855,29.259657352152544,65543.052734375,66107.36241976482,64978.743048985176,0.017219511812389544,0.7338743113567736,149.3990835743281,65877.671875,64839.9296875,66257.7265625,64609.46875,0.0006474339578754762,-0.0005063147547736957,0.01180781206287529,-0.0034305483730864283
2026-08-25 14:30:00+09:00,65805.9296875,65824.7265625,65740.921875,65799.0390625,0.0,65775.05995040014,65730.63019400676,65632.60813022255,65619.17414374588,65854.84204684703,59.489754783083924,105.85196389819612,81.79545253618763,24.056511362008493,65581.0677734375,66105.380690269,65056.75485660602,0.01598976456567705,0.7078637413509933,144.71376956901895,65877.671875,64839.9296875,66257.7265625,64609.46875,-0.00012109272651794623,0.0009446981386986852,0.01168996818422574,-0.006448200989555453
2026-08-25 14:40:00+09:00,65794.40625,65810.8515625,65675.8828125,65734.3671875,0.0,65761.4956961001,65731.30964736917,65642.29946901088,65622.95096485257,65852.85072685783,56.054066425626,100.12204838039179,85.46077170502846,14.661276675363325,65621.035546875,66056.62342550902,65185.44766824099,0.013275861162625668,0.6300904434948885,144.01769674266046,65877.671875,64839.9296875,66257.7265625,64609.46875,-0.000982869596903524,-0.0001878658393122956,0.012310084307248781,-0.001704719312768388
2026-08-25 14:50:00+09:00,65732.0703125,65782.0703125,65711.140625,65752.9296875,0.0,65758.64035990008,65735.24056375658,65652.83568029555,65627.21256231642,65851.19913943042,56.824812836362135,95.97257555727265,87.5631324754773,8.409443081795345,65646.5384765625,66049.04654414265,65244.030408982355,0.012262887790309096,0.6321603459740757,138.797124653899,65877.671875,64931.75,66208.3828125,64609.46875,0.0002823865322540975,0.000980241392470882,0.00781784408318087,0.0005417378264722661
2026-08-25 15:00:00+09:00,65751.71875,65839.203125,65727.5390625,65802.4296875,0.0,65773.23680243338,65747.45676807356,65667.08272860074,65632.95738609292,65850.39303278695,58.89514192764709,95.57657747012854,89.16582147440755,6.41075599572099,65674.9580078125,66034.97373809437,65314.94227753062,0.010963561795929796,0.6770362639261623,136.85904878576338,65877.671875,65120.94140625,66208.3828125,64609.46875,0.0007528181669662626,0.0005778199580011023,0.008713098762065385,-0.0009503336783808214
2026-08-25 15:10:00+09:00,65805.8828125,65875.8203125,65801.6484375,65835.609375,0.0,65794.0276599556,65763.48451478746,65683.13288540067,65639.60171359807,65850.148674807,60.27035997061364,96.82394347057561,90.69744587364116,6.126497596934456,65706.858984375,65998.62316375901,65415.094804990986,0.008880783038294168,0.7206411885393655,132.3813935153517,65877.671875,65168.69921875,66208.3828125,64609.46875,0.0005042319509716009,0.00043462791351167596,0.009785937375584863,-0.00010394129737245628
2026-08-25 15:20:00+09:00,65832.453125,65904.2421875,65822.65625,65877.46875,0.0,65821.84135663707,65784.20892118974,65701.64106298157,65647.40063282436,65850.60024629779,61.99775929262851,100.03702716357657,92.56536213162825,7.471665031948319,65741.4384765625,65919.99060149128,65562.88635163372,0.005431950655976004,0.8809259438714475,128.7531466571123,65877.671875,65168.69921875,66208.3828125,64609.46875,0.0006358166256434927,0.0011919579467642993,0.010609504011515059,-0.0017364777771569084
2026-08-26 09:00:00+09:00,65604.4921875,65694.5625,65452.51171875,65673.6875,0.0,65772.45673775805,65764.11411733706,65698.97881888808,65648.2624973219,65847.67606867304,50.48894513136555,85.15832319467154,91.0839543442369,-5.925631149565362,65750.600390625,65891.54015115062,65609.66063009937,0.004287101857269713,0.2271426801842269,149.9105669851757,65904.2421875,65182.83984375,66208.3828125,64609.46875,-0.003093337583648381,-0.0009231044596035298,0.0027979389885990358,-0.0035038804901497134
2026-08-26 09:10:00+09:00,65674.4609375,65742.4921875,65553.9609375,65638.8984375,0.0,65727.9373043387,65741.34763009395,65693.2568778035,65647.95547896708,65844.2251987363,48.82269751277163,69.75555785499455,86.81827504638844,-17.062717191393887,65752.611328125,65885.75533241095,65619.46732383905,0.004049846891145318,0.07297029169715931,152.6691872005203,65904.2421875,65452.51171875,66208.3828125,64609.46875,-0.0005297260413464899,-0.0017342383151891516,0.0006131030409697313,-0.008051968015505118
2026-08-26 09:20:00+09:00,65640.75,65707.5234375,65527.2109375,65581.8203125,0.0,65679.23164039248,65712.34266325868,65682.64387158412,65645.7871128534,65839.88792788942,46.13263037817736,52.33968833980907,79.92255770507258,-27.582869365263505,65745.634765625,65897.8553811614,65593.4141500886,0.004630592314730675,-0.03808235023800493,154.64370954334026,65904.2421875,65452.51171875,66183.0,64609.46875,-0.0008695777406190208,-0.0033526022678446177,-0.0021230733495690712,-0.007364293923280973
2026-08-26 09:30:00+09:00,65582.34375,65686.1484375,65518.05078125,65518.05078125,0.0,65625.50468734499,65677.01686652983,65666.96833917135,65641.5990364074,65834.56830563092,43.26448540213592,33.01128450781107,70.54030306562028,-37.52901855780921,65741.7962890625,65911.86120113879,65571.73137698622,0.005173722705370512,-0.15782384232246732,155.6047057366731,65904.2421875,65452.51171875,66129.2890625,64609.46875,-0.0009723659841421872,-0.004823508079665251,-0.001170359654684039,-0.008568893930848032
2026-08-26 09:40:00+09:00,65510.94921875,65673.6328125,65480.609375,65610.46875,0.0,65620.49270823,65664.91720897895,65661.58742591694,65640.57837127929,65830.86418074447,48.28277766852435,24.86412477324484,61.4050674071452,-36.54094263390036,65735.5146484375,65914.97811771427,65556.05117916073,0.005460167771913473,0.15161183236502673,158.27747229119646,65904.2421875,65452.51171875,66129.2890625,64609.46875,0.0014105726230861926,-0.004052979039210536,-0.0019111691979566414,-0.006288040086699254
2026-08-26 09:50:00+09:00,65604.5703125,65640.2109375,65397.3203125,65404.55078125,0.0,65548.51206590334,65617.57785848278,65637.10774547246,65632.83976177013,65823.81767827348,39.829448897962564,1.7711659382039215,49.47828711335695,-47.70712117515303,65717.555859375,65947.04507098242,65488.066647767584,0.006984106715669366,-0.18196033254158472,164.32126891325387,65904.2421875,65452.51171875,66124.6484375,64609.46875,-0.003138492570974094,-0.004098090559480183,-0.005461609309938553,-0.0056324215011801515
2026-08-26 10:00:00+09:00,65393.76953125,65612.9375,65390.55078125,65578.078125,0.0,65558.36741893557,65610.39608875863,65631.48587685604,65631.04429826947,65819.75586747557,48.07910820310877,-2.499155196812353,39.082798651323095,-41.58195384813545,65708.25078125,65944.4181196692,65472.08344283081,0.007188361754003154,0.2244058871109716,168.46880104445003,65904.2421875,65397.3203125,66013.2421875,64609.46875,0.0026531386834285353,-0.0009265894758717641,-0.0028298317318686816,-0.00420289789738848
2026-08-26 10:10:00+09:00,65581.28125,65658.8515625,65537.5390625,65555.9921875,0.0,65557.57567512372,65600.50447034797,65624.29600167926,65628.5835733262,65815.39613722805,47.192247747299234,-7.578209160739789,29.75059708891052,-37.32880624965031,65697.368359375,65940.43763520711,65454.299083542894,0.007399665523966862,0.20918543408864834,165.10049382698932,65904.2421875,65390.55078125,66013.2421875,64609.46875,-0.00033678842276985144,-0.00039383055970276803,-0.0033090526148749078,-0.005319791442553901
2026-08-26 10:20:00+09:00,65570.59375,65632.546875,65507.1015625,65618.8125,0.0,65577.98795008249,65603.83320301196,65623.77376342409,65628.26321026633,65812.14682091023,50.0164446258038,-6.459856606437825,22.508506349840854,-28.96836295627868,65686.291796875,65922.38017873616,65450.203415013835,0.0071883607797873506,0.35708890809654475,162.26798087506154,65904.2421875,65390.55078125,66013.2421875,64609.46875,0.0009582695708474365,0.0015379230234797703,-0.003364673350448655,-0.00530400598295
2026-08-26 10:30:00+09:00,65615.65625,65736.9609375,65596.65625,65732.0703125,0.0,65629.348737555,65627.1490411007,65634.08772047894,65631.66672181497,65810.82324225882,54.71833436034304,3.5247733903233893,18.71175975793736,-15.186986367613972,65686.0484375,65921.93744573106,65450.15942926892,0.007182316910280246,0.5975498505528656,160.6991742054143,65904.2421875,65390.55078125,65904.2421875,64609.46875,0.0017259960701057064,0.0018533865832195406,-7.404037494140869e-05,0.0014231562289179767
2026-08-26 10:40:00+09:00,65728.203125,65742.6015625,65643.7734375,65644.8828125,0.0,65634.52676253667,65630.37336317329,65635.11582448095,65632.10003626366,65808.08042523802,50.759787166142544,4.352192636884865,15.839846333726863,-11.487653696841997,65680.956640625,65915.78139016202,65446.13189108797,0.007150466788170473,0.4231898933223184,156.2798135478847,65904.2421875,65390.55078125,65904.2421875,64609.46875,-0.0013264073318473013,0.003674546012154556,-0.0015489128497382376,0.00022498245672508688
2026-08-26 10:50:00+09:00,65642.9375,65827.0390625,65642.9375,65824.296875,0.0,65697.78346669112,65665.63218350543,65653.13306738752,65638.40157195993,65808.34846572996,57.56327695149371,19.263090848442516,16.524495236669996,2.7385956117725208,65687.74453125,65930.75923675654,65444.72982574348,0.007399088132518154,0.7809548983164772,158.26708133017866,65904.2421875,65390.55078125,65904.2421875,64609.46875,0.00273310050704878,0.003754589293249344,0.0020666894779137746,0.003529709529977554
2026-08-26 11:00:00+09:00,65826.4296875,65844.09375,65771.84375,65819.5,0.0,65738.35564446075,65693.6081501408,65668.97753716013,65644.33922533828,65808.53278861045,57.33517993738264,30.343239409077796,19.288244071151556,11.05499533792624,65690.498046875,65938.13002738343,65442.86606636657,0.007539354636395896,0.7604711089014695,152.12300409230875,65904.2421875,65390.55078125,65904.2421875,64609.46875,-7.287392691956995e-05,0.004019583926764936,0.0008373875172593692,0.0023844551750149545
2026-08-26 11:10:00+09:00,65829.1796875,66061.8984375,65829.1796875,66052.078125,0.0,65842.9298046405,65758.7845092061,65705.46330743059,65657.70771385178,65812.55833136069,64.64937215116683,57.23171632230515,26.876938521382275,30.35477780092287,65702.7515625,65992.84487278486,65412.65825221513,0.008830476757397671,1.1020934473755621,158.57124933571527,65904.2421875,65390.55078125,65904.2421875,64609.46875,0.0035335747764719816,0.006602765403595168,0.003724076213862615,0.005312492716993189
2026-08-26 11:20:00+09:00,66071.8671875,66227.546875,66059.328125,66227.546875,0.0,65971.13549476034,65844.01403025954,65755.18555196101,65676.39096503696,65819.4176461316,68.97128357466208,91.64348066944513,39.83024695099485,51.81323371845028,65724.176953125,66092.34227834108,65356.01162790892,0.011203345322335733,1.183619406009472,159.77821366887846,66061.8984375,65390.55078125,66061.8984375,64609.46875,0.0026565212629334756,0.007537820734147438,0.006512371891829183,0.00843566437875598
2026-08-26 12:30:00+09:00,66200.1484375,66332.5390625,66159.8125,66328.1875,0.0,66090.15282984023,65932.04557021234,65809.75716605996,65697.76134323247,65827.8270652038,71.14991635213413,125.58820651783026,56.98183886436193,68.60636765346833,65753.86796875,66206.59797772669,65301.137959773296,0.013770444932360813,1.1342848053612977,160.7030957282443,66227.546875,65390.55078125,66227.546875,64609.46875,0.0015196187953323559,0.010409108192815486,0.00903363549246916,0.010535747698146913
2026-08-26 12:40:00+09:00,66331.390625,66384.4375,66280.8984375,66357.3671875,0.0,66179.2242823935,66009.37677335556,65861.91050143521,65719.387764356,65836.57979449796,71.76884538922933,153.07959692306758,76.20139047610307,76.87820644696451,65784.08984375,66307.68615718817,65260.493530311825,0.015918630619708125,1.0474421124029665,156.61995049765545,66332.5390625,65390.55078125,66332.5390625,64609.46875,0.0004399289140835094,0.00809838217508485,0.009192556177689326,0.0099947798313611
2026-08-26 12:50:00+09:00,66363.2578125,66386.3203125,66271.7265625,66271.7265625,0.0,66210.05837576234,66057.07673501817,65900.94060248899,65737.4972331476,65843.77230305997,67.21140860060665,166.04220795938454,94.16955397275937,71.87265398662517,65807.5546875,66372.74611330025,65242.36326169975,0.017177098540864265,0.9106324457618781,153.6180790335372,66384.4375,65390.55078125,66384.4375,64609.46875,-0.0012905970901168073,0.006870707958887667,0.007131908004441856,0.009654993303111592
2026-08-26 13:00:00+09:00,66279.1796875,66311.3203125,66198.3515625,66221.2890625,0.0,66213.80193800823,66086.93352183304,65931.44997963289,65753.35926033948,65850.012249497,64.6092267408167,170.28237662932952,109.39211850407341,60.89025812525611,65826.838671875,66420.16124273997,65233.51610101003,0.018026767890904995,0.8324080441183597,150.71455553114168,66386.3203125,65390.55078125,66386.3203125,64609.46875,-0.0007610711628650568,0.002561780678266956,0.0058582230978247996,0.007560335406304963
2026-08-26 13:10:00+09:00,66220.5703125,66324.890625,66187.1484375,66324.890625,0.0,66250.83150033883,66130.19844968157,65968.9205172869,65772.09799360704,65857.86147884416,67.40109603906092,179.928418303738,123.49937846400633,56.42903983973167,65849.209765625,66480.97576533984,65217.44376591015,0.019188263669783392,0.8764691828855208,149.78795781463157,66386.3203125,65390.55078125,66386.3203125,64609.46875,0.0015644751705485849,0.0014698377728490364,0.006791728393480412,0.009871889897898
2026-08-26 13:20:00+09:00,66335.21875,66399.1171875,66293.640625,66376.0078125,0.0,66292.5569377259,66174.8910611031,66007.69073587863,65791.89831553795,65866.42588105335,68.71257167679997,189.51311641556094,136.70212605431726,52.81099036124368,65884.32578125,66550.31178971748,65218.3397727825,0.020216827009164717,0.8691384090646478,146.62285814930073,66386.3203125,65390.55078125,66386.3203125,64609.46875,0.0007707089603663508,0.0007209651628126146,0.010694089813366947,0.010114065303786335
2026-08-26 13:30:00+09:00,66375.4609375,66442.34375,66300.71875,66324.6484375,0.0,66303.25410431727,66202.11967499345,66037.87718365209,65809.36553265146,65873.99980760619,65.8462448753219,190.7657574841869,147.5148523402912,43.25090514389569,65918.61328125,66600.93631688552,65236.29024561448,0.020701983906254315,0.7975388013038549,146.2658682814935,66399.1171875,65390.55078125,66399.1171875,64609.46875,-0.0007737641460010547,-0.0004930688390265558,0.01044731121825504,0.010530782631053004
2026-08-26 13:40:00+09:00,66331.359375,66375.8671875,66255.578125,66280.9765625,0.0,66295.82825704485,66216.45729090372,66061.02950544714,65824.8281893678,65880.72669611684,63.42350637185203,186.08940638428612,155.22976314909022,30.859643235195904,65953.57109375,66634.93154101673,65272.21064648326,0.02066182121657106,0.7402586399484911,144.41038215424396,66442.34375,65390.55078125,66442.34375,64609.46875,-0.0006584561852770454,0.00013957686753918175,0.010660824092233012,0.010131720100442054
2026-08-26 13:50:00+09:00,66288.328125,66385.359375,66282.1328125,66371.6328125,0.0,66321.09644219658,66244.67102210305,66090.6107727855,65842.75620979836,65888.84084680086,66.20340566507306,187.53675915348867,161.69116234996991,25.84559680351876,65996.2501953125,66670.03470676676,65322.46568385824,0.020418872571100054,0.7785628125951533,141.55127003608368,66442.34375,65390.55078125,66442.34375,64609.46875,0.0013677567033809623,0.0022703235187420123,0.013028196368355394,0.012280722449548032
2026-08-26 14:00:00+09:00,66377.453125,66418.953125,66344.46875,66374.546875,0.0,66338.91325313106,66268.28481353885,66117.65230632974,65860.19196931316,65896.86904561406,66.29208953166818,186.7660147800343,166.7061328359828,20.05988194405151,66034.4541015625,66703.03739848794,65365.87080463706,0.02024952900790682,0.7543383711509521,136.76077753350629,66442.34375,65390.55078125,66442.34375,64609.46875,4.390524048480948e-05,0.0007486819734201511,0.011645673923035282,0.013078230480328967
2026-08-26 14:10:00+09:00,66378.75,66378.75,66296.0234375,66302.1171875,0.0,66326.64789792072,66274.43615425906,66135.22039025072,65874.68132072913,65903.56736200886,61.94142772533811,178.25590078624373,169.016086426035,9.239814360208726,66079.332421875,66690.8227630236,65467.84208072641,0.018507763887341235,0.6821654003614522,132.90119074539868,66442.34375,65390.55078125,66442.34375,64609.46875,-0.0010912268468875608,-0.0011132128525825902,0.013723302056640962,0.011764920474960139
2026-08-26 14:20:00+09:00,66297.859375,66338.9296875,66262.171875,66331.2265625,0.0,66328.17411944715,66284.76168303014,66153.88764475065,65889.65001718063,65910.63610912442,62.99262176256613,171.87914166534028,169.58869747389608,2.290444191444209,66116.98984375,66692.04381445021,65541.93587304978,0.017395043908054648,0.6862753147231898,128.89094944215591,66442.34375,65390.55078125,66442.34375,64609.46875,0.00043904140975881134,9.918069910619387e-05,0.011484759221891183,0.012113683304052048
2026-08-26 14:30:00+09:00,66329.1015625,66373.4921875,66266.4375,66290.96875,0.0,66315.77232963144,66285.89024066101,66166.94298810772,65902.8080084206,65916.92259905626,60.50368315206229,161.71291922969976,168.01354182505685,-6.300622595357083,66153.738671875,66671.8074140746,65635.66992967541,0.015662568816230852,0.6324438891471698,127.33121644628764,66442.34375,65507.1015625,66442.34375,64609.46875,-0.0006069209720110935,0.00015075498307681734,0.01121143221199139,0.020646477051601275
2026-08-26 14:40:00+09:00,66294.6484375,66338.3671875,66286.8984375,66320.7421875,0.0,66317.42894892096,66292.2269582681,66181.590530907,65916.51076839042,65923.59730299748,61.70868650279486,154.28013690286025,165.26686084061754,-10.98672393775729,66188.83515625,66649.07096728303,65728.59934521698,0.013906750585549944,0.643303745697151,121.9124688429814,66442.34375,65507.1015625,66442.34375,64609.46875,0.0004491326354316705,-0.0007667526448199569,0.010697080010400928,0.025632367003171508
2026-08-26 14:50:00+09:00,66317.7421875,66324.6875,66284.6484375,66319.9375,0.0,66318.26513261397,66297.26523858299,66194.76643272537,65929.73787434484,65930.1483806339,61.653937598222,146.63436215218098,161.54036110293023,-14.90599895074925,66218.228515625,66630.62621671705,65805.83081453295,0.012455715301859504,0.623314199019138,116.06436838991131,66442.34375,65596.65625,66442.34375,64647.140625,-1.2133270428815734e-05,-0.0008227457296672291,0.008943384632572604,0.020149171672404043
2026-08-26 15:00:00+09:00,66319.109375,66340.328125,66265.21875,66265.21875,0.0,66300.58300507598,66291.43860429517,66201.47617722771,65940.73724731714,65935.68673384655,57.892571803460754,134.60800743693835,156.15389036973187,-21.545882932793518,66249.2453125,66566.92479638186,65931.56582861814,0.009590433291227857,0.5251408074969319,113.13901171920337,66442.34375,65642.9375,66442.34375,64781.3984375,-0.0008250723999853049,-0.0005565197472601202,0.009449875008107567,0.021671259417498145
2026-08-26 15:10:00+09:00,66265.7421875,66311.0703125,66230.6484375,66257.8125,0.0,66286.32617005066,66285.3247671506,66206.84154130127,65951.13315724117,65941.01112667554,57.38229066401689,123.06084340148664,149.53528097608284,-26.47443757459621,66270.92109375,66521.79823687363,66020.04395062638,0.007571258675240711,0.4738744757956219,110.80207338211741,66442.34375,65642.9375,66442.34375,64781.3984375,-0.00011176677810331714,-0.0011067798125340422,0.0065859514735606695,0.019596792207351887
2026-08-26 15:20:00+09:00,66256.0078125,66282.640625,66240.671875,66257.0078125,0.0,66276.55338420044,66280.1762299414,66211.61928141543,65961.16183446276,65946.23421239166,57.32317120482392,112.5473256426485,142.137689909396,-29.590364266747486,66292.796484375,66435.30166036676,66150.29130838322,0.0042992657890169915,0.3744302737569997,105.88540742625189,66442.34375,65771.84375,66442.34375,64839.9296875,-1.2144794245938506e-05,-0.0005123011194492211,0.006647085020396792,0.017141702356808564
2026-08-27 09:00:00+09:00,66775.78125,66954.6875,66588.9296875,66770.03125,0.0,66441.04600613363,66369.24077904296,66264.80137366158,65987.6821431689,65959.85069235213,75.00436014047415,143.9525950550451,142.50067093852581,1.4519241165192796,66328.694140625,66550.31249925916,66107.07578199083,0.006682427914661088,1.4957142361647424,148.1564274315196,66442.34375,65829.1796875,66442.34375,64839.9296875,0.0077429309659107215,0.00677448785524426,0.010869500935932974,0.026614664245524722
2026-08-27 09:10:00+09:00,66788.4765625,66788.4765625,66413.21875,66462.8828125,0.0,66448.32494158909,66386.26660330787,66283.66627259858,66003.26249298303,65968.16527285044,59.1925336110046,142.41550804133294,142.48363835908725,-0.06813031775431,66340.4609375,66564.32704237556,66116.59483262444,0.006749006615629841,0.7734265534928797,164.37795493641107,66954.6875,66059.328125,66954.6875,64839.9296875,-0.004600094260102661,0.002155389734798785,0.0035534448821452624,0.021896865912304442
2026-08-27 09:20:00+09:00,66477.140625,66634.21875,66335.6875,66335.6875,0.0,66410.77912772607,66377.07040270643,66288.62067520824,66014.16167354096,65974.24002040664,54.10571607824514,129.44163422100246,139.8752375314703,-10.433603310467845,66340.8359375,66564.64366770531,66117.02820729469,0.006747208624750031,0.4884980793664343,173.96033315523886,66954.6875,66159.8125,66954.6875,64839.9296875,-0.001913779648391678,0.0010634349562153034,0.00011307409839900195,0.021570424708887037
2026-08-27 09:30:00+09:00,66341.6796875,66359.4609375,66076.0390625,66177.859375,0.0,66333.13921015072,66340.85021585072,66278.07197995031,66019.52881129371,65977.60562957347,48.53245411956978,105.21152214842732,132.9424944548617,-27.73097230643438,66331.860546875,66566.43523666849,66097.28585708152,0.007072760747536094,0.17174384412363344,181.77901471557894,66954.6875,66187.1484375,66954.6875,64931.75,-0.0023792340284405356,-0.001206697323428818,-0.0027051677923384254,0.014330888043024403
2026-08-27 09:40:00+09:00,66170.96875,66193.09375,66036.0625,66054.8828125,0.0,66240.38707760049,66288.85614251423,66256.81586876456,66020.68795887424,65978.88293838219,44.671296750211894,75.21872824942693,121.39774121377476,-46.179012964347834,66321.018359375,66584.0301211369,66058.0065976131,0.00793147536838802,-0.005938489389552182,180.01131723589475,66954.6875,66076.0390625,66954.6875,65120.94140625,-0.0018582735020657992,-0.0030506207067483304,-0.0032720401481542982,0.012583058810961445
2026-08-27 09:50:00+09:00,66061.421875,66065.2734375,65875.3203125,65890.546875,0.0,66123.77367673366,66216.43627569346,66221.93310745366,66016.42103809147,65977.422838161,40.08215764170889,37.753487550784484,104.66889048117672,-66.91540293039223,66304.48125,66625.6560250371,65983.3064749629,0.009687875358714147,-0.14440673298857704,180.72144636190228,66954.6875,66036.0625,66954.6875,65168.69921875,-0.002487869639652196,-0.013171843093902957,-0.00499449938505192,0.010628568217179613
2026-08-27 10:00:00+09:00,65883.9921875,65991.078125,65800.796875,65873.59375,0.0,66040.38036782245,66154.10127102192,66188.75793055331,66011.73817618683,65975.70665488561,39.62985713901714,6.617753527054447,85.05866309035227,-78.44090956329782,66281.91640625,66653.6233424779,65910.2094700221,0.011215938113486713,-0.04925347962790805,181.40428947890928,66954.6875,65875.3203125,66954.6875,65168.69921875,-0.0002572922187481508,-0.008866438492631357,-0.006804336512993725,0.010550058621424219
2026-08-27 10:10:00+09:00,65864.6171875,65880.7109375,65782.59375,65849.390625,0.0,65976.71712021498,66098.69933538156,66156.43723478634,66006.41530565612,65973.61878662305,38.954031363874094,-19.78248969411652,64.09043253345851,-83.87292222757503,66255.585546875,66669.15278634323,65842.01830740676,0.012483996211176481,0.008913082190357354,175.45521076613005,66954.6875,65800.796875,66954.6875,65182.83984375,-0.0003674177105298382,-0.007330848496896913,-0.0079338484620467,0.005480820646855955
2026-08-27 10:20:00+09:00,65842.578125,66070.890625,65842.578125,66058.6484375,0.0,66004.02755931,66091.41735394855,66147.12401599716,66008.12786735591,65975.02423539788,47.31894778083844,-23.54806854610797,46.56273231754522,-70.1108008636532,66242.285546875,66663.15751077716,65821.41358297285,0.01270704838842968,0.2818373221247678,179.2307314256922,66954.6875,65782.59375,66954.6875,65390.55078125,0.0031778245859810372,-0.001801371918430994,-0.004010575348177836,0.007011859875704962
2026-08-27 10:30:00+09:00,66019.7109375,66285.3984375,65957.7734375,66231.40625,0.0,66079.82045620667,66116.86988050335,66155.150895426,66015.44847006556,65979.2619546475,53.03997054471627,-12.448704329915927,34.76044498805299,-47.209149317968915,66239.80703125,66660.32208534691,65819.2919771531,0.012696747558413558,0.49001131925223546,189.83032203814278,66954.6875,65782.59375,66954.6875,65390.55078125,0.0026152186971166724,0.0026723753034438857,-0.000747881444584042,0.007760867288539419
2026-08-27 10:40:00+09:00,66220.8125,66263.296875,66002.328125,66110.46875,0.0,66090.03655413778,66115.70603859365,66150.89545300449,66018.5638890798,65981.4306620087,49.026175226734495,-13.25819157557271,25.15671767532785,-38.414909250900564,66226.748828125,66646.29729365144,65807.20036259855,0.012670060751895819,0.3614223532207534,194.91163832113259,66954.6875,65782.59375,66954.6875,65390.55078125,-0.0018259841795220666,0.0033376847731618753,-0.003934874756476026,0.007861115177134392
2026-08-27 10:50:00+09:00,66123.78125,66255.3671875,66100.0078125,66121.7734375,0.0,66100.61551525853,66116.80920203117,66148.12192771834,66021.94780870013,65983.75037730607,49.41155202270457,-12.839516294247005,17.55747088141288,-30.396987175659884,66214.11015625,66630.3037227715,65797.9165897285,0.012571144293546438,0.3890699830829468,192.0864766553374,66954.6875,65782.59375,66954.6875,65390.55078125,0.00017099693458155762,0.003767514012395834,-0.0038082887100688856,0.005866972117799074
2026-08-27 11:00:00+09:00,66127.671875,66234.71875,66103.6015625,66234.71875,0.0,66145.31659350569,66138.24730166186,66156.36924412612,66028.9239051362,65987.89861487127,53.21712116027143,-3.3552925975382095,13.374918185622661,-16.73021078316087,66210.740234375,66625.11633725437,65796.36413149563,0.012516884765599796,0.528933275179699,187.73152742995617,66954.6875,65782.59375,66954.6875,65390.55078125,0.0017081410045174383,0.005851658175462404,-0.0010165352232930358,0.007161884098103588
2026-08-27 11:10:00+09:00,66237.828125,66353.453125,66212.0,66249.7421875,0.0,66180.12512483713,66158.51909908697,66165.26190539982,66036.16384882026,65992.22660780729,53.71587483284446,5.312054801281192,11.762345508754368,-6.450290707473176,66206.666015625,66617.81318759666,65795.51884365334,0.012420114067505907,0.5523853437546795,184.42592725638787,66954.6875,65782.59375,66954.6875,65390.55078125,0.00022682118658501338,0.002892789279223651,-0.0012284466792306103,0.00738338868221744
2026-08-27 11:20:00+09:00,66244.4765625,66254.7890625,66164.1875,66164.1875,0.0,66174.81258322476,66159.5497174348,66165.15958107602,66040.36134558026,65995.06893660387,50.41935546843988,5.217300002055708,10.453336407414636,-5.236036405358927,66200.326953125,66609.98627111997,65790.66763513003,0.012376353315748463,0.45589084449259276,177.72418691664586,66954.6875,65782.59375,66954.6875,65390.55078125,-0.001291396534915723,-0.0010149074858274432,-0.001912496564624444,0.005937741491711668
2026-08-27 12:30:00+09:00,66314.03125,66432.609375,66254.65625,66367.5234375,0.0,66239.04953464985,66197.36312108302,66184.43232930687,66051.08797154482,66001.22520934597,57.150029014297125,21.304136127990205,12.623496351529749,8.680639776460456,66202.666015625,66615.57016807463,65789.76186317537,0.012473943340957755,0.6996315862857685,184.202593208314,66954.6875,65782.59375,66954.6875,65390.55078125,0.0030732023649500118,0.0038882599437022325,0.0007053788672590766,0.008006940083753689
2026-08-27 12:40:00+09:00,66371.703125,66426.203125,66331.65625,66415.328125,0.0,66297.80906476657,66236.9931217952,66206.42240508717,66063.0302716581,66008.06988563777,58.57387081359781,37.47847983203246,17.594493047630294,19.88398678440217,66207.435546875,66627.78463958252,65787.08645416748,0.012697942134004273,0.7472856272698716,177.7986133362916,66954.6875,65782.59375,66954.6875,65390.55078125,0.0007203024163620064,0.00443960698932977,0.001438340091921786,0.010319778359008547
2026-08-27 12:50:00+09:00,66414.203125,66511.34375,66414.203125,66440.5234375,0.0,66345.38052234438,66273.99863374152,66228.71774150744,66075.40709676767,66015.21787823054,59.3407111231615,51.733463733122335,24.422287184728702,27.311176548393632,66216.20078125,66648.15477838855,65784.24678411144,0.013046776832320665,0.7596603547322337,172.03732845512792,66954.6875,65782.59375,66954.6875,65390.55078125,0.0003793599039754181,0.0031072025575711315,0.0026455007741146286,0.010552689178880081
2026-08-27 13:00:00+09:00,66442.0,66506.0625,66368.1015625,66391.9296875,0.0,66360.89691072959,66295.44064351579,66244.26173636387,66085.78488662773,66021.44451970607,57.143641399074895,58.43591876977007,31.22501350173698,27.210905268033088,66222.906640625,66661.3518528409,65784.46142840911,0.013241497072764554,0.6927527569758981,169.60330052976164,66954.6875,65782.59375,66954.6875,65390.55078125,-0.0007313872240292119,0.0021462347671872273,0.0020241716778681695,0.010707965727944524
2026-08-27 13:10:00+09:00,66394.078125,66419.71875,66304.7734375,66407.2421875,0.0,66376.34533631973,66315.76819696746,66259.78368409112,66096.32447026289,66027.82134066135,57.67542394601425,64.24270355611225,37.82855151261204,26.41415204350021,66230.418359375,66676.0323641195,65784.80435463051,0.01345647561295877,0.6984047025478717,165.69915852763583,66954.6875,65782.59375,66954.6875,65390.55078125,0.0002306379716943141,0.0036735082328336333,0.0022674488323581876,0.009774470835594906
2026-08-27 13:20:00+09:00,66407.6171875,66446.8984375,66312.890625,66314.84375,0.0,66355.8448075465,66315.60011570064,66265.02749989196,66103.48903681165,66032.56551271654,53.37180407333688,60.68925270714681,42.40069175151899,18.288560955627815,66207.658984375,66581.40890021919,65833.9090685308,0.01129023202383272,0.643391023089468,163.43549095423327,66954.6875,65782.59375,66954.6875,65390.55078125,-0.0013913909756877452,-0.0007937570180633902,-0.006817242578420979,0.007717049511610563
2026-08-27 13:30:00+09:00,66309.1328125,66325.1796875,66189.890625,66189.890625,0.0,66300.52674669767,66292.74384466416,66257.8716070451,66106.32187576864,66035.1659277956,48.14038136288554,47.24582394848403,43.369718190912,3.8761057575720272,66194.009375,66548.944657382,65839.07409261799,0.010724090766922462,0.4941978859183105,161.4250317789309,66788.4765625,65782.59375,66954.6875,65390.55078125,-0.0018842406606740525,-0.003394359500501265,-0.004107438256479856,0.005940080099479106
2026-08-27 13:40:00+09:00,66179.5390625,66232.578125,66128.8203125,66158.3671875,0.0,66253.14022696512,66268.31172517977,66248.39499565985,66108.02827943196,66037.20231225353,46.8916344382023,33.66011895012343,41.427798342754286,-7.767679392630853,66185.143359375,66534.29112842499,65835.99559032501,0.010550638748462652,0.46165495780217425,157.30594468757872,66634.21875,65782.59375,66954.6875,65390.55078125,-0.0004762575855971063,-0.00424674935418623,-0.0026730756728796656,0.006450202810815542
2026-08-27 13:50:00+09:00,66179.859375,66271.046875,66179.859375,66238.2421875,0.0,66248.17421381008,66262.84453651072,66247.42806154939,66112.2975878932,66040.52528539811,50.402292214947174,29.004251855105394,38.94308904522451,-9.938837190119116,66188.1625,66538.04960981703,65838.27539018299,0.010572498060118235,0.5715654936904996,154.11835488846597,66511.34375,65782.59375,66954.6875,65390.55078125,0.0012073302802897423,-0.0023148521322303717,0.0009124322404845397,0.0073808498314298365
2026-08-27 14:00:00+09:00,66242.421875,66244.640625,66168.78125,66169.53125,0.0,66221.95989254006,66245.87848441786,66240.00931759231,66114.1741014049,66042.65761539152,47.493836224325726,19.544745562947355,35.06342034876908,-15.518674785821723,66193.894921875,66538.57778575018,65849.21205799983,0.010414340001656829,0.46465784286301376,148.52842775357556,66511.34375,65782.59375,66954.6875,65390.55078125,-0.0010373303280829527,-0.003579593575484208,0.0017356542411168796,0.00557884510106077
2026-08-27 14:10:00+09:00,66155.078125,66182.7265625,66034.328125,66034.328125,0.0,66159.41597002672,66207.41478270551,66220.42063258351,66111.55620053917,66042.51993786439,42.3190367900502,1.1252848432923201,28.27579324767373,-27.15050840438141,66201.083984375,66525.56487933663,65876.60308941337,0.00980288766988203,0.24304209898903234,148.51914273546302,66511.34375,65782.59375,66954.6875,65390.55078125,-0.0020432837054441544,-0.004230057844326951,0.002182122577807144,0.0030184083034470177
2026-08-27 14:20:00+09:00,66033.203125,66123.078125,66013.6875,66075.7734375,0.0,66131.53512585115,66183.47999266814,66206.64470924223,66110.38299519362,66043.06958248647,44.32173423423664,-10.012561559211463,20.618122286296693,-30.630683845508155,66211.19296875,66505.42019530144,65916.96574219855,0.00888753738934489,0.26987253552771534,145.7242486115014,66511.34375,65782.59375,66954.6875,65390.55078125,0.0006276328339640536,-0.0017240878693475237,0.0030692068853461763,0.0030102050255231827
2026-08-27 14:30:00+09:00,66075.3984375,66075.3984375,66007.7890625,66063.21875,0.0,66108.76300056744,66161.61431218302,66192.98509407631,66108.83662649874,66043.4026265776,43.825343868484296,-19.626204762782436,12.569256876480866,-32.1954616392633,66221.884375,66475.4815415222,65968.28720847779,0.00765901390199461,0.1871699570308427,140.17140049639414,66511.34375,65782.59375,66954.6875,65390.55078125,-0.0001900043971770904,-0.001438192046522846,0.003247230125753342,0.005931313815749961
2026-08-27 14:40:00+09:00,66068.140625,66123.9765625,65993.6015625,66121.4765625,0.0,66113.00085454497,66154.31653951338,66186.17475773572,66109.25105062993,66044.69310485732,46.80268931118106,-22.287254084512824,5.597954684282129,-27.885208768794953,66225.02578125,66471.92495224718,65978.12661025283,0.007456370702299603,0.2903005945062672,139.47165760379457,66511.34375,65842.578125,66954.6875,65390.55078125,0.0008818494406162003,-0.0017628128577065194,0.0009510961317873434,0.007352014376955207
2026-08-27 14:50:00+09:00,66117.1796875,66138.0390625,66080.5390625,66127.2265625,0.0,66117.74275719665,66149.3910891473,66180.56064390375,66109.84041167484,66046.05729423984,47.1007035768642,-23.65944652649341,-0.2535255578729787,-23.405920968620432,66219.816796875,66470.32719970799,65969.30639404203,0.007566025245929177,0.31519682750113726,133.61653920352353,66511.34375,65957.7734375,66954.6875,65390.55078125,8.696115542083938e-05,-0.0006393378750132461,-0.001572965053871278,0.00831642439019098
2026-08-27 15:00:00+09:00,66131.3828125,66131.3828125,66053.921875,66061.46875,0.0,66098.98475479777,66133.40520930233,66169.21855877007,66108.25445555436,66046.3120290458,44.06077287713783,-29.710540217201924,-6.144928489738768,-23.565611727463157,66217.366796875,66473.01278969766,65961.72080405233,0.007721418268016461,0.19508998526893712,129.605424796129,66511.34375,65993.6015625,66954.6875,65390.55078125,-0.000994413586026477,0.0004110078162471442,-0.0007411836722153176,0.00829417179342462
2026-08-27 15:10:00+09:00,66059.9296875,66114.9921875,66021.078125,66110.6015625,0.0,66102.85702403185,66129.25909170191,66163.63598769672,66108.33140988044,66047.3746659624,46.8224540011759,-30.193417294343817,-10.954626250659778,-19.23879104368404,66216.808203125,66473.33455756307,65960.28184868692,0.0077480736809650685,0.2929907808933655,127.05604177497693,66511.34375,65993.6015625,66954.6875,65390.55078125,0.0007437438711199729,0.000527093716624405,-0.00016895909500314055,0.007622759325279116
2026-08-27 15:20:00+09:00,66107.421875,66149.4609375,66103.3828125,66126.84375,0.0,66110.85259935458,66128.8199386652,66160.13196505893,66108.93837185157,66048.68820454154,47.740947692258636,-28.931982186200912,-14.550097437768006,-14.381884748432906,66211.414453125,66470.72886343105,65952.10004281896,0.007832921632859292,0.33693404653988585,121.27190486247858,66511.34375,65993.6015625,66954.6875,65390.55078125,0.0002456820406429028,0.0009630926437413923,-0.001628677558172642,0.011043466549686354
2026-08-28 09:00:00+09:00,66104.4921875,66412.1796875,66012.203125,66317.4765625,0.0,66179.72725373639,66163.12114299879,66175.11716481522,66115.77568957776,66053.13098731772,57.10550521435782,-12.40679320190975,-14.121436590596355,1.7146433886866053,66214.801171875,66477.77287206604,65951.82947168397,0.007942988441766413,0.6952213689731767,141.17938040801582,66511.34375,65993.6015625,66954.6875,65390.55078125,0.0028828354974979042,0.002964241123906808,0.0010224096390940574,0.011275085495653148
2026-08-28 09:10:00+09:00,66305.3203125,66545.53125,66305.3203125,66527.328125,0.0,66295.59421082426,66229.34059427174,66208.6610657852,66129.26921205061,66060.96895653561,64.62118473313704,17.421975725403172,-7.812754127396451,25.234729852799624,66232.958203125,66527.67446412175,65938.24194212825,0.008899383901679443,0.9994124193884304,148.25306305744326,66511.34375,65993.6015625,66954.6875,65507.1015625,0.0031643478216820675,0.006050481523247386,0.005488477055658025,0.014816890189409904
2026-08-28 09:20:00+09:00,66518.203125,66583.421875,66424.0703125,66583.421875,0.0,66391.5367655495,66293.7190089496,66244.35257142471,66144.15946329485,66069.60454196477,66.31992393883755,45.068267896655016,2.7634502774138436,42.30481761924117,66243.753125,66571.37325524708,65916.13299475293,0.009891351706140899,1.0183880943821095,149.0458130176259,66545.53125,65993.6015625,66954.6875,65507.1015625,0.0008431685381171672,0.007901022106778344,0.003253073586561017,0.01470019554224633
2026-08-28 09:30:00+09:00,66571.75,66589.078125,66385.3984375,66385.3984375,0.0,66389.49065619968,66310.38799595876,66257.78551105093,66152.06893785894,66074.82427577527,56.08236234793623,50.418128368182806,12.294385895567636,38.12374247261517,66242.256640625,66566.98895294826,65917.52432830173,0.009804385562677587,0.7203996822042589,152.94823262350977,66583.421875,65993.6015625,66954.6875,65596.65625,-0.002974065194062292,0.00415662342355505,-0.0004506442766294416,0.009939259814790269
2026-08-28 09:40:00+09:00,66408.53125,66524.8203125,66360.1171875,66524.8203125,0.0,66434.60054163312,66349.37568987535,66283.21739690322,66164.29029440455,66082.26222679552,60.68407990401937,65.15702186162525,22.86691308877916,42.2901087728461,66246.471484375,66583.34908265002,65909.59388609997,0.0101704314426612,0.9131305102361869,153.78786779325907,66589.078125,65993.6015625,66954.6875,65642.9375,0.00210018887107033,0.0060183813400287445,0.0012687569368610152,0.013404510181141527
2026-08-28 09:50:00+09:00,66521.5703125,66547.828125,66454.421875,66493.2734375,0.0,66454.15817358874,66375.53891671619,66303.2227341029,66175.07662696505,66089.05580052617,59.17324678485319,73.44549799624656,32.98263007027264,40.46286792597392,66251.538671875,66599.8695974399,65903.20774631009,0.010515406360298778,0.8469901003377338,149.47489509374057,66589.078125,65993.6015625,66954.6875,65642.9375,-0.0004742121038705527,0.0026508378200174043,0.001526446820826255,0.010163064313020831
2026-08-28 10:00:00+09:00,66482.84375,66517.34375,66424.671875,66460.0,0.0,66456.10544905916,66390.89547731324,66318.15390228358,66184.41837690062,66095.18710960839,57.5458926744879,76.44804128695978,41.67571231361007,34.77232897334971,66254.1765625,66607.94076072564,65900.41236427435,0.010679000678302224,0.7909048435827297,145.41753651561623,66589.078125,65993.6015625,66954.6875,65771.84375,-0.000500403060036958,-0.001012037111628672,0.0007944587180874763,0.00973115869916974
2026-08-28 10:10:00+09:00,66462.84375,66632.7421875,66423.4765625,66631.0078125,0.0,66514.40623687278,66434.55226552901,66347.94951278038,66199.06065347765,66104.04365015206,63.154377270592235,91.57090735474776,51.65475132183761,39.91615603291015,66269.984765625,66659.61762803468,65880.35190321533,0.0117589543377045,0.9632861877233,149.9781142645008,66589.078125,65993.6015625,66954.6875,65782.59375,0.002573093778212465,0.0007146814651450839,0.004767621314043957,0.008764745999428003
2026-08-28 10:20:00+09:00,66630.7578125,66631.921875,66432.9296875,66462.0234375,0.0,66496.94530374852,66439.5470240692,66358.81369608702,66207.68238410132,66109.96067143054,55.370129692383614,88.89552854911017,59.102906767292126,29.792621781818042,66283.59140625,66680.03302972032,65887.14978277967,0.011961983805027885,0.7250419994854079,153.47911949560788,66632.7421875,65993.6015625,66954.6875,65782.59375,-0.0025361221531501332,0.0011542447858039484,0.004111395409939211,0.003540468786237261
2026-08-28 10:30:00+09:00,66444.3203125,66676.3984375,66406.96875,66630.5625,0.0,66541.48436916569,66474.27711060207,66384.69453455492,66221.54730593407,66118.56566033252,60.587862966699845,99.23109112532984,67.12854363889967,32.10254748643017,66307.201171875,66726.57909651534,65887.82324723466,0.012649543857333766,0.8855249753576248,161.761302924493,66632.7421875,65993.6015625,66954.6875,65782.59375,0.002535870167396981,0.0015895148157225591,0.007137348344189665,0.004558770733784856
2026-08-28 10:40:00+09:00,66623.7578125,66682.8671875,66593.7578125,66637.03125,0.0,66573.33332944379,66503.86877231077,66408.72660269255,66235.16973032967,66127.13533950057,60.777401314624946,106.71394110811525,75.04562313274279,31.66831797537246,66327.140625,66768.83511703486,65885.44613296514,0.013318665266519213,0.8507974749383351,156.57187950131495,66676.3984375,65993.6015625,66954.6875,65782.59375,9.70838269600538e-05,0.00216199030470543,0.006020526048549968,0.004214514142940384
2026-08-28 10:50:00+09:00,66650.0078125,66699.84375,66603.5390625,66641.8828125,0.0,66596.1831571292,66528.96223416335,66430.93195600755,66248.50458548279,66135.64356219477,60.92916426275133,111.74747880280484,82.3859942667552,29.36148453604963,66350.758203125,66806.50731196546,65895.00909428456,0.013737570486993606,0.8193913095252067,152.2670800726496,66682.8671875,65993.6015625,66954.6875,65782.59375,7.280580195412334e-05,0.0027367260382185066,0.007138505496062431,0.005585432418920178
2026-08-28 11:00:00+09:00,66646.09375,66709.4609375,66612.2734375,66649.90625,0.0,66614.09085475281,66550.95205522455,66451.7866506735,66261.66529579482,66144.14377191056,61.19656529901688,115.05770444618247,88.92033630264066,26.137368143541806,66381.537109375,66830.74774799623,65932.32647075377,0.013534204183343135,0.7987119154710058,148.33282435317463,66699.84375,65993.6015625,66954.6875,65782.59375,0.0001203963207727643,0.0002836282703868598,0.009322092652093605,0.006472498399955118
2026-08-28 11:10:00+09:00,66647.0625,66777.2109375,66631.078125,66775.203125,0.0,66667.79494483522,66591.72497700191,66482.58821965697,66278.5026016704,66154.57450501948,65.20183013372001,126.33517947224027,96.40330493656059,29.931874535679682,66416.50859375,66873.8864252382,65959.13076226179,0.01377301641330927,0.8921205910689739,148.17568064937643,66709.4609375,65993.6015625,66954.6875,65782.59375,0.0018799257500830002,0.004712159987041442,0.010585266749265854,0.006789494799864126
2026-08-28 11:20:00+09:00,66778.046875,66816.453125,66642.0,66682.8828125,0.0,66672.82423405681,66608.29912891066,66501.66389516584,66291.76096923859,66163.30687373817,60.26584305005843,126.36650757559983,102.39594546436844,23.970562111231388,66447.491796875,66888.6073683264,66006.37622542359,0.013277117300374851,0.7668133147629529,150.05264096013525,66777.2109375,65993.6015625,66954.6875,65782.59375,-0.00138255382506558,0.0007852299385886496,0.009379864835907581,0.004623281967587767
2026-08-28 12:30:00+09:00,66842.8203125,66842.8203125,66553.890625,66560.1796875,0.0,66635.27605187122,66599.55013956326,66507.2368277691,66300.56158295207,66169.86675495737,54.37403203202695,115.16269474972796,104.94929532144035,10.213399428287616,66469.426953125,66886.48914103929,66052.36476521072,0.012548993034298383,0.6088000027392181,159.972429998697,66816.453125,65993.6015625,66954.6875,65782.59375,-0.0018400992852246612,-0.0011532861092157232,0.006634805328119553,0.003551187311938042
2026-08-28 12:40:00+09:00,66554.09375,66589.8515625,66446.6796875,66552.8671875,0.0,66607.80643041414,66591.06233009721,66511.5825763149,66308.83389785528,66176.19734061924,54.034994620546705,104.48905000297236,104.85724625774675,-0.36819625477438933,66490.708984375,66878.13820661447,66103.27976213553,0.011653634865903338,0.5802187852089531,158.77239035593294,66842.8203125,66012.203125,66954.6875,65782.59375,-0.00010986298466042488,-0.00133573094341366,0.006436692526303078,0.004102091415983056
2026-08-28 12:50:00+09:00,66558.390625,66733.171875,66555.9921875,66685.671875,0.0,66633.76157860944,66608.26406553408,66528.16250952301,66321.18924136822,66184.61840730322,59.03121285970801,105.52985554322368,104.99176811484215,0.5380874283815302,66521.919140625,66863.91004228091,66179.92823896909,0.0102820515725938,0.739410951551797,160.31041158050917,66842.8203125,66012.203125,66954.6875,65782.59375,0.0019954765754246484,0.0005366192844420414,0.009448822994871708,0.004731525339856546
2026-08-28 13:00:00+09:00,66686.3515625,66690.7109375,66511.71875,66560.7109375,0.0,66609.4113649063,66599.61804225516,66531.26235980654,66329.0424117332,66190.83481276102,53.17438919010557,95.1742881682876,103.02827212553125,-7.853983957243642,66544.424609375,66829.7250177288,66259.1242010212,0.008574735149595152,0.5285424199337396,161.6448241461871,66842.8203125,66012.203125,66954.6875,65782.59375,-0.0018738798603429307,-0.0032121532763963456,0.006808429576525166,0.0028047507857280607
2026-08-28 13:10:00+09:00,66558.4296875,66651.1796875,66556.9609375,66634.2421875,0.0,66617.68830577086,66605.91334139058,66541.06996244402,66339.04896175834,66198.16386027737,55.94429472571516,91.84208537403902,100.79103477523282,-8.9489494011938,66569.79453125,66783.24353196881,66356.34553053118,0.0064127883290555875,0.6509673412219568,156.82867599288804,66842.8203125,66012.203125,66954.6875,65782.59375,0.001104724528393941,-0.0007294319463777565,0.0076731083585097615,0.005009266884506314
2026-08-28 13:20:00+09:00,66636.1796875,66646.5390625,66603.140625,66610.3984375,0.0,66615.25834968057,66606.72881341047,66547.67267435411,66347.94566588101,66204.97765494221,54.812038403041676,86.28268620048766,97.8893650602838,-11.606678859796133,66584.440625,66764.16070631833,66404.72054368167,0.005398260603569647,0.5722173401814213,148.7265161005389,66842.8203125,66012.203125,66954.6875,65782.59375,-0.00035783028691027674,0.0007544863946549185,0.004416963524297213,0.004208754902744749
2026-08-28 13:30:00+09:00,66611.7734375,66613.0234375,66517.71875,66580.5703125,0.0,66603.6956706204,66601.97272233583,66550.80578274895,66355.57270347507,66211.18579804234,53.35718922499273,78.56430153515248,94.02435235525753,-15.460050820105053,66587.102734375,66764.92733519358,66409.27813355642,0.005341112423165429,0.48163240112748135,144.9106712005004,66842.8203125,66305.3203125,66954.6875,65782.59375,-0.000447799828550588,0.0004162574231694194,0.0008003055135472614,0.004368642787408339
2026-08-28 13:40:00+09:00,66583.0,66590.6015625,66537.28125,66557.359375,0.0,66588.25023874693,66593.86120463841,66551.42993439191,66362.18865991851,66216.90767534742,52.196189204183106,69.77022962886258,89.17352780997855,-19.40329818111597,66585.799609375,66764.09436492731,66407.50485382268,0.005355338723820331,0.4202437719300934,138.36850272189324,66842.8203125,66360.1171875,66954.6875,65782.59375,-0.00034861427877619366,-0.001924138970070155,-0.0003914262629657328,0.003567770499778744
2026-08-28 13:50:00+09:00,66558.6171875,66626.6484375,66557.2109375,66580.671875,0.0,66585.72411749796,66591.46314470415,66554.2148811165,66369.35204401954,66222.92030674664,53.29539704782331,63.94487152987858,84.12779655395856,-20.182925024079978,66595.56328125,66748.47121269153,66442.65534980847,0.004592135689152727,0.4513059718040476,133.44485967032944,66842.8203125,66360.1171875,66954.6875,65782.59375,0.00035026179251862466,0.00029989068955016407,0.0029415118700213405,0.003931462917919681
2026-08-28 14:00:00+09:00,66583.3984375,66583.6171875,66469.2265625,66499.7265625,0.0,66557.05826583198,66574.78376612157,66549.02551743874,66373.62661839595,66227.4956167591,49.07578884991527,52.194952118661604,77.74122766689918,-25.546275548237574,66594.30859375,66749.90602413198,66438.71116336802,0.004672994844985454,0.19606814515571713,132.08384290816304,66842.8203125,66360.1171875,66954.6875,65782.59375,-0.0012157479073201527,-0.002018716212326521,-0.00037720883547109896,0.00353892761426966
2026-08-28 14:10:00+09:00,66500.6171875,66516.796875,66443.296875,66473.5234375,0.0,66529.21332305466,66556.37279728129,66541.83484315885,66376.90192394034,66231.56219230854,47.757619632394935,40.30408275523223,70.2537986845658,-29.949715929333564,66593.32109375,66751.6967546037,66434.94543289629,0.004756502852012644,0.12179271864047775,127.89928270043711,66842.8203125,66406.96875,66954.6875,65782.59375,-0.0003940335750910462,-0.0020548593494517098,-0.0002970225254222969,0.0032556302322839237
2026-08-28 14:20:00+09:00,66471.0625,66501.2109375,66444.359375,66477.546875,0.0,66511.9911737031,66542.04081141196,66535.71217952468,66380.20175840131,66235.62805483237,47.98862976312845,30.84952675535169,62.37294429872298,-31.523417543371288,66594.1984375,66749.77993434433,66438.61694065567,0.004672524048482886,0.12511106762033292,122.82444554326304,66842.8203125,66406.96875,66954.6875,65782.59375,6.052691796587517e-05,-0.0015473498802496266,0.0002640215919349487,0.0033285394221860276
2026-08-28 14:30:00+09:00,66476.2421875,66476.2421875,66337.4375,66343.25,0.0,66455.74411580208,66505.89702751888,66517.38244814138,66378.99022533896,66237.40692995912,41.406977533214835,12.377408501823083,52.373837139343,-39.99642863751992,66579.810546875,66768.75920183958,66390.86189191042,0.005675854389268739,-0.12599161375174717,124.0590833616014,66842.8203125,66406.96875,66954.6875,65782.59375,-0.0020201839765917606,-0.0032169151091715475,-0.004318677173692942,-0.0063918084507411654
2026-08-28 14:40:00+09:00,66342.5703125,66413.84375,66314.8671875,66318.390625,0.0,66409.95961886806,66471.80495433362,66498.43084593743,66377.00335319669,66238.74550343088,40.30502038033725,-4.219185953246779,41.05523252082505,-45.27441847407183,66572.62890625,66788.00904657935,66357.24876592065,0.006470531323996638,-0.09020827282690258,122.26747472862986,66842.8203125,66337.4375,66842.8203125,65782.59375,-0.0003747084292674563,-0.003939300139422008,-0.0021611260848094505,-0.002174028290461427
2026-08-28 14:50:00+09:00,66314.8515625,66327.7265625,66247.21875,66301.203125,0.0,66373.70745424538,66440.78643990932,66479.6472534672,66374.5180998132,66239.77786081219,39.52188646459521,-18.545216526836157,29.135142711292808,-47.680359238128965,66556.1609375,66799.81429692225,66312.50757807774,0.007321737191274021,-0.023197819033863105,119.28464171229916,66842.8203125,66314.8671875,66842.8203125,65782.59375,-0.0002591664218328793,-0.002985327124817805,-0.004943067605049811,-0.0005198465004225827
2026-08-28 15:00:00+09:00,66301.3125,66400.0,66288.671875,66371.6796875,0.0,66373.03153199692,66428.2215758349,66469.364628137,66374.4250371144,66241.95805629464,44.300935371578184,-23.935911089894944,18.52093195105526,-42.456843040950204,66542.893359375,66796.19458296474,66289.59213578525,0.007613171318588627,0.16203544252850002,118.71631908999208,66842.8203125,66247.21875,66842.8203125,65782.59375,0.0010629756200219997,-0.0015320949565093,-0.0039820435803102905,0.0029287788141001414
2026-08-28 15:10:00+09:00,66368.09375,66443.8125,66365.890625,66393.53125,0.0,66379.86477133128,66421.91424386491,66462.14240164777,66375.05147032376,66244.46339833936,45.73280372361198,-26.143471233721357,9.588051314099937,-35.73152254782129,66530.47578125,66787.47140468255,66273.48015781745,0.007725651152038774,0.23356641365928882,115.80243022642122,66842.8203125,66247.21875,66842.8203125,65782.59375,0.00032923021690711707,-0.0012638195744192338,-0.003726658852042819,0.00512677372331849
2026-08-28 15:20:00+09:00,66387.859375,66451.0625,66387.859375,66398.4375,0.0,66386.05568088753,66417.64574498039,66456.07526815751,66375.81822539511,66247.00842481309,46.068041721883375,-27.18372808447748,2.2336954343844537,-29.417423518861934,66517.90234375,66774.90133073463,66260.90335676537,0.007727212612824666,0.2675772088604699,112.04533699596257,66842.8203125,66247.21875,66842.8203125,65782.59375,7.389650629563427e-05,0.0008318480026228148,-0.0037729798007030135,0.007708095456598896
2026-08-31 09:00:00+09:00,65668.5078125,65704.5,64832.1015625,65035.16015625,0.0,65935.75717267502,66166.28472884759,66320.75001940441,66331.86222312806,66226.9778749195,16.172359515034827,-136.44042707768676,-25.50112906802979,-110.93929800965697,66430.9001953125,67110.77895251274,65751.02143811225,0.02046875039180099,-0.5264624569314231,215.92323703196524,66842.8203125,66247.21875,66842.8203125,65782.59375,-0.020531768443346254,-0.019349541758425293,-0.02605822052675333,-0.012727916392902161
2026-08-31 09:10:00+09:00,65020.03125,65186.26953125,64845.8203125,64975.12890625,0.0,65615.54775053335,65949.71094292075,66192.59562767542,66287.37916355829,66206.2861564291,15.689527095376974,-225.27434592334612,-65.45577243909307,-159.81857348425305,66345.5125,67264.33013793897,65426.69486206103,0.027697958861617758,-0.2457320893534152,224.81795001182488,66842.8203125,64832.1015625,66842.8203125,64832.1015625,-0.0009230583865061925,-0.020000756490797134,-0.02561007914207747,-0.013276686548684413
2026-08-31 09:20:00+09:00,64969.640625,65297.12890625,64965.5703125,65278.25,0.0,65503.11516702224,65827.62713511697,66105.51509170633,66254.2929614744,66190.94671582695,27.46536740225244,-268.1257410055696,-105.98976615238837,-162.1359748531812,66281.416015625,67304.34605382613,65258.48597742387,0.03086626990467389,0.009660495751441562,232.44228170740882,66842.8203125,64832.1015625,66842.8203125,64832.1015625,0.0046651864929327935,-0.016474341054019348,-0.01925970893586315,-0.011813720927674742
2026-08-31 09:30:00+09:00,65246.05078125,65534.12109375,65240.7890625,65402.140625,0.0,65469.45698634816,65750.26595145934,66038.5270472581,66226.35354060639,66177.90859862321,31.666359901527215,-288.7601945200731,-142.54385182592534,-146.21634269414778,66223.8796875,67306.94572500969,65140.8136499903,0.03270922943870136,0.12064221661431378,236.79154953187964,66733.171875,64832.1015625,66842.8203125,64832.1015625,0.0018978852067879082,-0.014932036394735393,-0.017290413037473584,-0.012520731054234568
2026-08-31 09:40:00+09:00,65412.80859375,65451.62109375,65252.28125,65275.76953125,0.0,65404.894501315444,65663.99387505764,65965.88347430495,66195.18685177503,66162.99720907985,29.772221472190736,-311.71695965799154,-176.3784733923386,-135.33848626565293,66153.3845703125,67289.29212121945,65017.47701940554,0.034341630690101196,0.11369433702515248,234.1164276903168,66733.171875,64832.1015625,66842.8203125,64832.1015625,-0.0019322164770505523,-0.016908048005647713,-0.021142507889743034,-0.012625825145885061
2026-08-31 09:50:00+09:00,65281.03125,65365.328125,65120.53125,65150.01171875,0.0,65319.933573793634,65570.54257391079,65888.18140234734,66160.91881462667,66146.25364725622,27.978675019887177,-336.18266143660003,-208.33931100119088,-127.84335043540915,66082.849609375,67282.24683436714,64883.45238438286,0.03629980341592241,0.11112220739417238,234.8793167838656,66690.7109375,64832.1015625,66842.8203125,64832.1015625,-0.0019265619295348868,0.0017659918453967194,-0.021194172941972234,-0.014696546511544062
2026-08-31 10:00:00+09:00,65142.4609375,65165.5703125,65042.0703125,65089.19140625,0.0,65243.01951794576,65483.02417979064,65812.08711700475,66125.78021107333,66128.7815440991,27.127517772977427,-356.3715676855354,-237.9457623380598,-118.4258053474756,66005.5970703125,67251.12766168214,64760.06647894286,0.03774015073427294,0.13212237804019616,226.92365129930377,66651.1796875,64832.1015625,66842.8203125,64832.1015625,-0.0009335426179593043,0.0017554793952709868,-0.023187039133759968,-0.017294968037438796
2026-08-31 10:10:00+09:00,65094.390625,65275.578125,64997.26953125,65246.80859375,0.0,65244.28254321384,65440.07589141961,65758.25106717096,66096.96146952175,66114.20347880408,32.830407581402525,-355.5544215251721,-261.4674941754823,-94.0869273496898,65937.417578125,67192.30710836269,64682.5280478873,0.03806304754810434,0.22483275709369238,230.59400433149636,66646.5390625,64832.1015625,66842.8203125,64832.1015625,0.002421557006542674,-0.0004816521008146335,-0.020471125766188702,-0.015138679195331739
2026-08-31 10:20:00+09:00,65243.3203125,65307.87890625,65131.2109375,65307.87890625,0.0,65265.481330892566,65416.04007593423,65715.35848041659,66071.08991007021,66100.87579991888,34.95443614101056,-345.99059921690787,-278.3721151837674,-67.61848403314048,65873.7830078125,67120.81348012466,64626.75253550033,0.03786120715624518,0.27309932911533713,226.74214464710377,66626.6484375,64832.1015625,66842.8203125,64832.1015625,0.0009359892662375024,-0.0014412635098669524,-0.019115057144697745,-0.012942176517319104
2026-08-31 10:30:00+09:00,65307.9609375,65321.8203125,65181.3984375,65315.26171875,0.0,65282.07479351172,65397.71673826437,65677.25402692454,66046.30865789577,66087.89044320535,35.221120442119414,-333.96572092163115,-289.4908363313402,-44.47488459029097,65811.678125,67039.92517226297,64583.43107773705,0.03732611239391523,0.2979167109107939,220.57641110088207,66626.6484375,64832.1015625,66842.8203125,64832.1015625,0.00011304627594155292,0.0006050053148909385,-0.01866206333775544,-0.01585506983307794
2026-08-31 10:40:00+09:00,65309.890625,65339.0390625,65174.828125,65232.26171875,0.0,65265.47043525781,65367.63400744357,65634.8738070984,66019.61859431722,66073.74781966064,33.55546939081246,-327.3597254376218,-297.0646141525965,-30.295111285025314,65744.2576171875,66943.95887436523,64544.55636000976,0.03649600134397431,0.28661525301642576,216.5503058436762,66626.6484375,64832.1015625,66842.8203125,64832.1015625,-0.0012707596634520257,0.0012624709931761124,-0.020252276197836094,-0.017813153072485877
2026-08-31 10:50:00+09:00,65242.5703125,65243.1796875,65143.5703125,65181.73046875,0.0,65237.55711308855,65333.83336404474,65591.71729868426,65992.14685249534,66059.00373121584,32.546333711487804,-322.48447569445125,-302.14858646096746,-20.335889233483783,65678.3578125,66849.27739236956,64507.43823263045,0.03565617712952948,0.2879327699835156,208.19738221198506,66583.6171875,64832.1015625,66842.8203125,64832.1015625,-0.0007746358729345815,0.0014217270256504655,-0.019819571626528032,-0.018946162727542903
2026-08-31 11:00:00+09:00,65175.30859375,65406.7890625,65150.69921875,65372.75,0.0,65282.6214087257,65340.9091160366,65570.86327023814,65971.8387589709,66047.66069433624,39.903911550780826,-299.75177353733307,-301.6692238762406,1.9174503389075426,65623.319140625,66741.87052240889,64504.7677588411,0.03409005812055734,0.387993906804092,211.61827232184328,66516.796875,64832.1015625,66842.8203125,64832.1015625,0.0029305685792060387,0.001930230902696728,-0.01655957711546574,-0.015350957447647251
2026-08-31 11:10:00+09:00,65374.8984375,65447.69921875,65277.5,65356.12890625,0.0,65307.12390790047,65343.67635062085,65550.41237842976,65951.65155068497,66036.23041684722,39.50017797744397,-279.8511764935902,-297.3056143997105,17.454437906120347,65567.2482421875,66619.35020061085,64515.14628376417,0.03209230177045597,0.39966783435424547,208.65976849528303,66501.2109375,64832.1015625,66842.8203125,64832.1015625,-0.00025425110233234793,0.0007388082541963659,-0.016869123808955222,-0.015828292918447007
2026-08-31 11:20:00+09:00,65363.98046875,65387.30859375,65291.08984375,65361.6015625,0.0,65325.283126100316,65346.93548005342,65532.430395960255,65932.305649433,66025.07952669272,39.71645055983235,-260.6337882656517,-289.97124917289875,29.337460907247078,65518.1658203125,66510.79090568834,64525.540734936665,0.03030075927638663,0.4211362577275482,200.6282671741914,66476.2421875,64832.1015625,66842.8203125,64832.1015625,8.373593022703574e-05,0.0007094795692550449,-0.014796508122529417,-0.014374491947739876
2026-08-31 12:30:00+09:00,65676.0390625,65718.8984375,65593.78125,65645.046875,0.0,65431.87104240021,65401.13755186188,65543.15577491642,65922.88732895978,66018.79799525978,49.73815495426779,-219.99622226638894,-275.9762437915968,55.98002152520786,65484.4986328125,66409.65724346312,64559.34002216187,0.0282558049604446,0.586767955429067,211.81888201889203,66451.0625,64832.1015625,66842.8203125,64832.1015625,0.004336572325709609,0.006327929545502098,-0.010153197984062223,-0.008231525159738129
2026-08-31 12:40:00+09:00,65637.921875,65712.8984375,65625.6015625,65682.2109375,0.0,65515.317674100144,65452.24180379608,65556.3991237339,65914.99629973159,66013.23457281747,50.89092611548088,-182.68593939212587,-257.31818291170265,74.63224351957678,65453.5490234375,66305.90090332762,64601.19714354738,0.026044481700599968,0.6341358653963283,202.92445294611403,66451.0625,64832.1015625,66842.8203125,64832.1015625,0.0005661365825631037,0.007678232307593458,-0.009336062670431411,-0.007197218889192336
2026-08-31 12:50:00+09:00,65679.2421875,65713.3203125,65644.65625,65708.171875,0.0,65579.60240773343,65498.774544014974,65570.85367147354,65908.21517105187,66008.19221417587,51.7238761345235,-149.30138726110454,-235.71482378158305,86.41343652047851,65420.3736328125,66173.01901878713,64667.728246837876,0.023009510468375835,0.691191129016764,193.33442505710588,66451.0625,64832.1015625,66842.8203125,64832.1015625,0.000395250664212643,0.005130912727397963,-0.009996851302001342,-0.008002481572496056
2026-08-31 13:00:00+09:00,65701.9375,65737.5234375,65667.65625,65702.8125,0.0,65620.67243848895,65535.87235419407,65583.42117895225,65901.48065724688,66003.14461559446,51.529567476101185,-121.87148730362242,-212.94615648599094,91.07466918236852,65385.8376953125,66008.93587880726,64762.73951181774,0.019059117553813325,0.7543538186146619,184.51533666016974,66451.0625,64832.1015625,66842.8203125,64832.1015625,-8.156329490027758e-05,0.005304530723465817,-0.010403404322616105,-0.0070533785139969
2026-08-31 13:10:00+09:00,65709.2578125,65813.046875,65682.59375,65802.3671875,0.0,65681.23735482598,65584.32596024968,65604.27317976633,65898.23103528796,65999.82598041935,54.91754774524017,-91.05029161267157,-188.56698351132707,97.5166918986555,65356.0341796875,65818.98778295868,64893.08057641633,0.0141671265425422,0.9820493939984076,180.65375011301475,66451.0625,64832.1015625,66842.8203125,64832.1015625,0.0015152271830067843,0.006743494872574862,-0.008977173785151171,-0.0035127326056972885
2026-08-31 13:20:00+09:00,65801.796875,65886.2734375,65792.7578125,65869.1875,0.0,65743.88740321732,65636.11896747701,65629.50311502667,65897.27878822933,65997.66666669342,57.0857366209262,-60.53462571106502,-162.96051195127467,102.42588624020965,65397.735546875,65887.06494608041,64908.40614766959,0.014964719958986161,0.9817327079576227,174.42959831922798,65813.046875,64832.1015625,66842.8203125,64832.1015625,0.0010154697369715304,0.003414433162441055,0.012824252938659741,-0.003126500481986927
2026-08-31 13:30:00+09:00,65865.8125,66010.6328125,65833.3125,65995.9921875,0.0,65827.92233131155,65701.55046202664,65664.4068362146,65900.51529312345,65997.63898935138,60.92622488387853,-25.82101352934842,-135.53261226688943,109.71159873754101,65448.7787109375,65963.44808986639,64934.109332008615,0.015727394431666555,1.0316165085450975,174.63607790356883,65886.2734375,64845.8203125,66842.8203125,64832.1015625,0.001925098704155026,0.0047772638210759055,0.015711600706832973,-0.0010176095529708107
2026-08-31 13:40:00+09:00,65996.578125,66015.96875,65905.828125,65938.03125,0.0,65864.6253042077,65744.54696893088,65690.46630419417,65901.74532449644,65996.65373746128,58.355524097138506,-2.9531469934881898,-109.0167192122092,106.063572218721,65481.7677734375,66031.84872909183,64931.68681778317,0.01680104170545826,0.9147239346068341,170.0292598390282,66010.6328125,64965.5703125,66842.8203125,64832.1015625,-0.0008782493539203351,0.003498185513930885,0.01010721411802562,-0.0027743680576552965
2026-08-31 13:50:00+09:00,65937.5390625,66150.1328125,65937.5390625,66128.203125,0.0,65952.48457780514,65814.30263367071,65732.1555252233,65909.1701704146,65998.82810750326,63.75867285628378,30.167332736818935,-81.17990882240358,111.34724155922251,65518.0708984375,66134.20807994081,64901.93371693419,0.018808160040560854,0.9951269334808179,173.06958056481193,66015.96875,64997.26953125,66842.8203125,64832.1015625,0.0028840999859243155,0.006474465990325751,0.011101509722182712,1.476793373567098e-05
2026-08-31 14:00:00+09:00,66132.6171875,66185.2109375,66129.640625,66141.5390625,0.0,66015.5027393701,65873.80016618513,65771.14443353536,65916.78882261412,66001.18696626353,64.11033119559653,56.83647474505415,-53.57663210891204,110.41310685396618,65561.359375,66223.27324963188,64899.44550036812,0.02019219494354417,0.9382591978621578,164.77945427446824,66150.1328125,64997.26953125,66842.8203125,64832.1015625,0.00020166792487597007,0.005154402333787722,0.013263260432885726,0.0012120577095100504
2026-08-31 14:10:00+09:00,66135.15625,66236.53125,66101.2109375,66208.5625,0.0,66079.8559929134,65934.66604506056,65812.80329700818,65926.35517269235,66004.61466103603,65.90112157434413,82.42999156352016,-26.375307374425596,108.80529893794576,65614.2869140625,66304.83573783013,64923.738090294864,0.021048733629371617,0.9302922295161816,162.67522986200623,66185.2109375,64997.26953125,66842.8203125,64832.1015625,0.0010133335034230306,0.005152257267481808,0.01624789855479558,0.0014817735005390187
2026-08-31 14:20:00+09:00,66201.890625,66213.4609375,66119.8125,66176.4296875,0.0,66112.04722444227,65978.62307095862,65847.43438181693,65934.55433711226,66007.45457882882,64.24600661133012,98.97921779948229,-1.304402339644021,100.2836201391263,65668.648828125,66356.4661354715,64980.83152077851,0.020948118154424822,0.8691248053454327,157.74474469329152,66236.53125,64997.26953125,66842.8203125,64832.1015625,-0.00048532714329807547,0.002734067539849505,0.01670382221318545,0.0007498609443310489
2026-08-31 14:30:00+09:00,66175.3984375,66184.7578125,66060.328125,66092.21875,0.0,66105.43773296152,65999.27683078432,65870.74717878674,65939.72366212498,66008.85563950935,59.99350908364788,104.09948587267718,19.77637530282022,84.32311056985696,65710.9193359375,66393.73550742032,65028.1031644547,0.020782426372457665,0.7792108842665922,155.36509775091358,66236.53125,64997.26953125,66842.8203125,64832.1015625,-0.0012725216198223865,0.002338369785646277,0.012957111228440787,-0.0033966583799024397
2026-08-31 14:40:00+09:00,66091.2109375,66147.109375,66038.453125,66128.75,0.0,66113.20848864102,66022.81740700535,65895.31887604514,65945.92124697333,66010.83736447615,61.19351383564057,109.83894677477656,37.788889597211494,72.05005717756507,65751.962890625,66431.61560023969,65072.31018101032,0.020673229504805896,0.777190912391571,152.0287514829912,66236.53125,65131.2109375,66842.8203125,64832.1015625,0.0005527314817221907,8.26992076241595e-06,0.012569250563601475,-0.005991193938393313
2026-08-31 14:50:00+09:00,66129.703125,66167.65625,66094.6171875,66151.703125,0.0,66126.04003409401,66046.25117391346,65919.73642356465,65952.66819379387,66013.16572415423,61.965469813148864,114.91496803113841,53.21410528399688,61.700862747141535,65793.7849609375,66463.6717660904,65123.8981557846,0.020363224445914402,0.7671482415456814,146.38663084134896,66236.53125,65143.5703125,66842.8203125,64832.1015625,0.0003470975180992486,0.0001536713938632417,0.01280621686630834,-0.00648387748545709
2026-08-31 15:00:00+09:00,66155.0703125,66180.1484375,66082.6484375,66147.0625,0.0,66133.04752272935,66064.58050592919,65941.38652608231,65959.04177760391,66015.37889400292,61.69824280678905,117.21214316894475,66.01371286098646,51.19843030795829,65839.525,66473.77972851378,65205.2702714862,0.01926668603741561,0.7424400530057096,142.89472863839546,66236.53125,65143.5703125,66842.8203125,64832.1015625,-7.015125508158526e-05,-0.0009288828767427537,0.01402374771541992,-0.0035901861419780356
2026-08-31 15:10:00+09:00,66145.21875,66250.25,66142.7109375,66245.7265625,0.0,66170.6072026529,66097.51615257842,65970.37129145542,65968.44127874804,66019.18629348221,65.14032426807192,125.54681080490991,77.92033244977115,47.62647835513876,65892.7248046875,66473.60293009249,65311.84667928253,0.0176310245820539,0.8038518256875193,140.36932391422437,66236.53125,65143.5703125,66842.8203125,64832.1015625,0.001491586455558691,0.0010471534249767434,0.01632353246988605,-0.004195332639591598
2026-08-31 15:20:00+09:00,66248.2578125,66268.3203125,66204.4375,66254.4375,0.0,66198.55063510194,66126.04730665506,65997.42521607871,65977.818204035,66023.07474317672,65.43566357847308,131.34097777548595,88.60446151491412,42.73651626057183,65936.8091796875,66486.11612792824,65387.50223144675,0.01666161754184381,0.7891173335143205,134.9060016703512,66250.25,65150.69921875,66842.8203125,64832.1015625,0.00013149433106129926,0.0024544303863305306,0.01348707986125719,-0.003591881180650458
2026-09-01 09:00:00+09:00,65885.46875,65885.46875,65582.6328125,65741.671875,0.0,66046.25771506797,66056.16086453595,65973.0677550236,65970.07570144368,66018.42345609942,42.57149190162852,93.47942366097413,89.57945394412613,3.8999697168480054,65956.086328125,66446.42242420839,65465.75023204162,0.014868562505179934,0.2813597093527666,173.2559078010404,66268.3203125,65277.5,66842.8203125,64832.1015625,-0.00773934010080457,-0.005853401508421063,0.005899109619895704,-0.010808428001805592
2026-09-01 09:10:00+09:00,65728.1015625,65759.7578125,65576.609375,65742.96875,0.0,65945.16139337866,65999.21684371123,65951.15356406897,65962.62957188816,66013.87048575068,42.62609524912407,62.85397472612385,84.23435810052568,-21.38038337440183,65975.1546875,66396.31554859043,65553.99382640958,0.012767256494821605,0.22435005368393426,173.9625170652518,66268.3203125,65291.08984375,66842.8203125,64832.1015625,1.9726833270450328e-05,-0.006178743035952672,0.005834728317287707,-0.013327714703024518
2026-09-01 09:20:00+09:00,65762.953125,65826.703125,65602.203125,65759.046875,0.0,65883.12322058578,65955.54957667281,65932.85768891955,65955.95472936724,66009.65852524241,43.34529525197645,39.42597798540373,75.2726820775013,-35.84670409209757,65980.8546875,66386.80147547157,65574.90789952844,0.012304987254082139,0.22680186286442697,177.57233727487667,66268.3203125,65576.609375,66842.8203125,64832.1015625,0.0002445603736140889,-0.005865953986996741,0.0017366123634137143,-0.010577116466534808
2026-09-01 09:30:00+09:00,65767.140625,65827.328125,65713.421875,65714.3984375,0.0,65826.88162622385,65911.70391500503,65912.05204592721,65948.03485094535,66004.77819321361,41.77908610561241,17.059712271337048,63.63008811626845,-46.570375844931405,65982.4640625,66383.89226661983,65581.03585838017,0.012167723949793381,0.16611012598409497,173.0247596123855,66268.3203125,65576.609375,66842.8203125,64832.1015625,-0.0006789702652605367,-0.00802056453405664,0.0004900489727823754,-0.013749907371711001
2026-09-01 09:40:00+09:00,65714.7890625,65965.2109375,65714.7890625,65943.2265625,0.0,65865.66327164925,65917.43530545865,65915.02104750556,65947.87720214386,66003.76081088778,51.459610199106656,17.595967483706772,54.423263989756116,-36.82729650604934,65994.216796875,66376.12355441964,65612.31003933036,0.011573946205623372,0.4332425606935745,178.58102678292943,66268.3203125,65576.609375,66842.8203125,64832.1015625,0.0034821611464286306,-0.00469720896053194,0.0035772519732728547,-0.010411698637910138
2026-09-01 09:50:00+09:00,65938.7109375,66010.859375,65860.7734375,66010.859375,0.0,65914.06197276617,65934.42149992072,65924.14850726693,65949.94219141782,66003.878142526,53.89943600076196,23.210796724364627,48.18077053667782,-24.969973812313192,66009.619140625,66367.35639744933,65651.88188380067,0.010838943217115577,0.5017334431224884,176.54566326272018,66268.3203125,65576.609375,66842.8203125,64832.1015625,0.001025621826919565,0.004094625103417293,0.004688488411359826,-0.009468871689526148
2026-09-01 10:00:00+09:00,66014.5625,66221.5625,66014.5625,66221.0078125,0.0,66016.37725267746,65986.52810220786,65952.42082205103,65958.82958883035,66007.46706269086,60.53687357789499,44.10934687902045,47.36648580514635,-3.257138926125897,66030.551171875,66386.31753466917,65674.78480908084,0.010775810786983114,0.7676709500150046,178.98548195824017,66268.3203125,65576.609375,66842.8203125,64832.1015625,0.003183543427395241,0.00727133367399091,0.006362090649521868,-0.00643509438544787
2026-09-01 10:10:00+09:00,66213.6015625,66395.7734375,66153.0703125,66369.4765625,0.0,66134.07702261831,66056.15509498824,65992.14041637951,65972.29342403263,66013.45069078688,64.43301597459336,71.82384518388426,52.25795768089394,19.56588750299032,66055.565625,66432.1731801514,65678.95806984861,0.011402750141885357,0.9167613384359847,183.53674217550875,66268.3203125,65576.609375,66842.8203125,64832.1015625,0.002242018883499508,0.009282824440268289,0.007595191036780191,-0.006076006414244772
2026-09-01 10:20:00+09:00,66372.390625,66408.0703125,66184.828125,66203.5390625,0.0,66157.2310359122,66082.95217999037,66012.27362077194,65979.87524824467,66016.59264734412,57.589478465427675,79.48179861153767,57.70272586702269,21.779072744514977,66065.94296875,66446.82605093387,65685.05988656612,0.011530391153700498,0.6806277309050691,186.3728454129724,66395.7734375,65576.609375,66842.8203125,64832.1015625,-0.002500208056390729,0.007443431525363753,0.0031448405898701903,-0.007188407725980062
2026-09-01 10:30:00+09:00,66205.09375,66332.671875,66142.703125,66218.75,0.0,66177.7373572748,66107.6426927194,66031.93803784129,65987.70720731861,66019.93409118967,58.02953863067649,85.78925231000176,63.32003115561851,22.46922115438325,66079.97890625,66461.66150780403,65698.29630469598,0.011552140538529371,0.6817886028666029,186.62969574061722,66408.0703125,65576.609375,66842.8203125,64832.1015625,0.00022976018677245413,0.004178191633356976,0.00425731167094856,-0.005129638908774159
2026-09-01 10:40:00+09:00,66230.28125,66340.90625,66193.6484375,66340.90625,0.0,66232.12698818321,66150.0542485886,66061.3635818564,65999.28750379996,66025.2394161287,61.4857791284712,99.4979923608189,70.55562339665859,28.94236896416031,66090.6140625,66488.58476848686,65692.64335651313,0.0120431837903796,0.8144605667386264,183.81741836628743,66408.0703125,65576.609375,66733.171875,64832.1015625,0.0018447380840018734,0.004999887565847905,0.003216526609651549,-0.0031848505775542435
2026-09-01 10:50:00+09:00,66341.3984375,66378.0234375,66116.34375,66173.3671875,0.0,66212.54038795548,66154.2929647543,66072.0305919177,66004.99503441308,66027.68780904393,54.81817432021658,95.73963849908614,75.5924264171441,20.147212081942044,66092.20546875,66491.23115381644,65693.17978368358,0.012074818270517512,0.6016998676870667,189.37900901869548,66408.0703125,65576.609375,66733.171875,64832.1015625,-0.00252542619584728,-0.0007194186040613282,0.0004812123432738069,-0.007682380233947406
2026-09-01 11:00:00+09:00,66162.25,66215.59375,66123.7265625,66126.90625,0.0,66183.99567530365,66149.31356207171,66077.2568450684,66008.99212344871,66029.32778327461,53.09854683660381,87.997723638764,78.07348586146807,9.924237777295929,66088.12265625,66483.96082647957,65692.28448602042,0.011979101669704914,0.5489892040066684,182.41387891021725,66408.0703125,65576.609375,66690.7109375,64832.1015625,-0.0007021093148903423,-0.0036548474549377152,-0.001233318575675213,-0.00651742869614691
2026-09-01 11:10:00+09:00,66127.7421875,66178.1796875,66114.1875,66174.6796875,0.0,66180.89034603577,66153.92558487685,66086.53521101427,66014.42450259793,66031.73029408827,54.673070936652216,84.74028423379059,79.40684553593258,5.333438697858014,66088.03515625,66483.79597286001,65692.27433963999,0.011976776603339019,0.6094657778303769,173.9551866666303,66408.0703125,65576.609375,66651.1796875,64832.1015625,0.0007224508178167444,-0.0004359189162493893,-2.644446078858831e-05,-0.006896791873266195
2026-09-01 11:20:00+09:00,66180.390625,66196.5234375,66049.6875,66050.328125,0.0,66137.36960569052,66135.08968308105,66083.08691710814,66015.60167054554,66032.0376962521,49.97059113392014,71.3026753354934,77.78601149584475,-6.483336160351342,66085.940625,66482.03397166086,65689.84727833915,0.011987219760053309,0.4550453191145177,172.01809744044243,66408.0703125,65576.609375,66646.5390625,64832.1015625,-0.0018791411320346896,-0.00254341670599334,-0.000633820830837184,-0.008408151364317495
2026-09-01 12:30:00+09:00,66134.0078125,66226.0234375,66103.15625,66207.3125,0.0,66160.68390379369,66148.22110433904,66094.9179250026,66021.88727151125,66034.93480044628,55.20829488545937,72.48503816063749,76.72581682880329,-4.240778668165802,66089.86875,66489.12795965653,65690.60954034346,0.01208231207620714,0.6470770706842773,172.28075565898226,66408.0703125,65576.609375,66626.6484375,64832.1015625,0.0023767387605238,-0.0020137462321747623,0.0011880233635144233,-0.005606107168323882
2026-09-01 12:40:00+09:00,66210.3671875,66210.3671875,66138.859375,66206.078125,0.0,66175.81531086247,66158.74056264103,66105.50461071664,66027.92631588793,66037.76361572817,55.159394709308835,72.48688181953912,75.87802982695047,-3.3911480074113456,66092.5875,66494.22735841866,65690.94764158133,0.012153854875742857,0.6412840665849747,165.08268829048353,66408.0703125,65576.609375,66626.6484375,64832.1015625,-1.864408859675315e-05,0.0004943217927435573,0.0008219743019655112,-0.00527787239906552
2026-09-01 12:50:00+09:00,66201.296875,66232.5,66172.2109375,66230.5078125,0.0,66194.04614474165,66171.78915352447,66117.40967755315,66034.5683321703,66040.94947022026,55.99022198370106,73.61107193041244,75.42463824764286,-1.8135663172304248,66096.759765625,66502.29132057949,65691.22821067051,0.01227084523938783,0.6649046112946865,157.597429305449,66408.0703125,65576.609375,66626.6484375,64832.1015625,0.0003689946329983318,0.0015667081431016694,0.0012615119908008232,-0.00525924495261032
2026-09-01 13:00:00+09:00,66235.1171875,66270.859375,66190.578125,66248.4609375,0.0,66212.18440899444,66185.72947788365,66129.89074992904,66041.58120447618,66044.3794118282,56.62624542591697,75.08513316337485,75.35673723078926,-0.27160406741441534,66096.896484375,66502.63062773879,65691.16234101121,0.012276949900657008,0.6867780363126887,152.0748450693455,66408.0703125,65576.609375,66583.6171875,64832.1015625,0.0002710703208077536,0.0011149468399154205,4.127624741823155e-05,-0.0037784459875011
2026-09-01 13:10:00+09:00,66249.421875,66285.390625,66219.640625,66284.7734375,0.0,66236.38075182962,66203.73747054116,66144.64148207864,66049.55472031303,66048.35286679798,57.949950503225615,78.28107705627917,75.94160519588725,2.3394718603919245,66098.41328125,66506.71060916483,65690.11595333517,0.0123542247883475,0.7282162330105577,145.90878470724942,66408.0703125,65576.609375,66516.796875,64832.1015625,0.0005481259411332928,0.0035494950465093655,0.00045787027472687925,-0.002839476384570827
2026-09-01 13:20:00+09:00,66291.0625,66370.3828125,66291.0625,66309.859375,0.0,66260.87362621975,66223.03236226094,66160.37651949972,66058.08929915522,66052.67528842116,58.883503943114675,81.89408706290124,77.13210156929006,4.761985493611178,66126.82265625,66510.1858542185,65743.45945828152,0.011594786580366664,0.7387249476735637,141.60168401387446,66408.0703125,65576.609375,66501.2109375,64832.1015625,0.00037845701507377427,0.0015488753602557193,0.008642729699365415,-0.0025224682299921364
2026-09-01 13:30:00+09:00,66302.3515625,66302.3515625,66177.9375,66187.5703125,0.0,66236.43918831318,66216.58471684986,66162.96640454736,66062.33457828128,66054.90495824064,52.73697602365722,74.03627411009802,76.51293607745166,-2.4766619673536354,66149.052734375,66490.02183464974,65808.08363410026,0.010309115132575566,0.5564825054439886,140.910269084312,66408.0703125,65576.609375,66476.2421875,64832.1015625,-0.0018442063314962898,-0.0002795485403176423,0.0067627241506340585,-0.0023465791546238846
2026-09-01 13:40:00+09:00,66169.6328125,66236.9296875,66118.5390625,66219.1484375,0.0,66230.67560470878,66217.05084787715,66168.31707435237,66067.47601628845,66057.61972649286,54.07023299409649,69.55520243359206,75.12138934867974,-5.566186915087684,66172.0578125,66463.09863491842,65881.01699008158,0.008796486977723793,0.5809003778382268,139.30172307828974,66408.0703125,65602.203125,66451.0625,64832.1015625,0.00047710053188088075,-0.0001715127269167338,0.006996779673139164,-0.0014964504802471579
2026-09-01 13:50:00+09:00,66215.46875,66232.328125,66127.7265625,66137.203125,0.0,66199.51811147253,66202.53308008131,66165.35384108071,66069.7621510003,66058.93515456736,50.11913008161178,58.71479140574229,71.84006976009225,-13.125278354349959,66193.198046875,66396.34742890544,65990.04866484455,0.006138074244020806,0.36218288897722273,136.82314017984046,66408.0703125,65713.421875,66451.0625,64832.1015625,-0.001237486655047304,-0.0016794022219619453,0.006433973338462851,-0.0024735599396409347
2026-09-01 14:00:00+09:00,66139.2109375,66250.9296875,66125.6328125,66250.9296875,0.0,66216.65530348169,66211.33246324834,66173.50392169207,66075.70207022979,66062.10861792162,55.03047954395605,58.62468186648039,69.19699218136988,-10.572310314889492,66208.583203125,66377.37982380722,66039.78658244279,0.005098934685382288,0.625436410408714,135.99983552413758,66408.0703125,65714.7890625,66451.0625,64832.1015625,0.001719555063207867,-0.0005105810617563877,0.00466618242752137,-0.0018193000473776255
2026-09-01 14:10:00+09:00,66252.5390625,66259.8203125,66204.9609375,66204.9609375,0.0,66212.7571814878,66210.17400402136,66176.49982795949,66079.94006587799,66064.46981328656,52.768807831914756,54.21897288993932,66.20138832308376,-11.982415433144439,66218.28828125,66360.76363598922,66075.81292651079,0.004303202587601768,0.45322930139603135,130.20408834384205,66408.0703125,65860.7734375,66451.0625,64832.1015625,-0.0006938581876032579,-0.0015819432960454405,0.0029404489554867297,-0.002840191038942508
2026-09-01 14:20:00+09:00,66209.4765625,66331.75,66174.5,66328.6875,0.0,66251.40062099187,66231.72191238111,66190.99389196334,66088.09571945577,66068.83704777769,57.79640684770239,60.01925177851808,64.96496101417063,-4.945709235652544,66223.672265625,66374.06972533476,66073.27480591525,0.004542105702217977,0.8491256919420654,132.13593917642476,66408.0703125,66014.5625,66451.0625,64832.1015625,0.001868841258237497,0.0021320798880171132,0.0016260653689368354,-0.0010504765266502458
2026-09-01 14:30:00+09:00,66332.078125,66462.6875,66289.921875,66440.3203125,0.0,66314.37385149459,66269.6488942209,66214.73926534779,66099.6440667687,66074.9772670293,61.752350347429,72.7848313718132,66.52893508569915,6.2558962861140515,66227.214453125,66393.6617545856,66060.76715166439,0.005026552991396445,1.140160151306041,135.03805959239443,66408.0703125,66049.6875,66408.0703125,64832.1015625,0.0016830245962577983,0.0033399987800923903,0.001067414625958163,0.021606161234538845
2026-09-01 14:40:00+09:00,66444.2421875,66514.9765625,66417.7109375,66417.7109375,0.0,66348.81954682973,66296.56926572618,66234.06990079086,66110.07248875989,66080.64228637594,60.51513295042088,80.15330021132831,69.25380811082498,10.899492100503338,66237.923046875,66423.37300112334,66052.47309262666,0.005599509939860298,0.9847342544615573,132.34002855008055,66462.6875,66049.6875,66462.6875,64845.8203125,-0.00034029599637175334,0.004241301404443121,0.0032350517515054023,0.022202064936746035
2026-09-01 14:50:00+09:00,66414.3125,66525.703125,66414.3125,66455.96875,0.0,66384.5359478865,66325.5509901396,66255.20312452505,66121.41334978415,66086.84602957634,61.90593742036706,88.06479445639707,73.0160053799394,15.048789076457666,66249.783984375,66457.78451986027,66041.78344888972,0.0062792819229216925,0.995635179842116,130.84364258221765,66514.9765625,66049.6875,66514.9765625,64965.5703125,0.0005760182330885044,0.003094885814691972,0.0035823501651721656,0.018041518423058234
2026-09-01 15:00:00+09:00,66457.9375,66509.921875,66430.9921875,66431.1328125,0.0,66400.068236091,66344.74768511421,66271.95833290362,66131.56808626665,66092.53672020318,60.41812644270486,91.27845681984036,76.6684956679196,14.609961151920757,66254.2953125,66473.6116148359,66034.97901016411,0.006620440268859552,0.9031563046534469,127.13550293348783,66525.703125,66049.6875,66525.703125,64997.26953125,-0.00037372019349279917,0.0034162375718869153,0.0013600441658121465,0.015733310525721134
2026-09-01 15:10:00+09:00,66426.203125,66436.5078125,66362.7109375,66362.7109375,0.0,66387.61580322734,66348.01373100253,66280.60143810327,66139.14654040545,66097.00240974527,56.39680273496749,87.29791785308043,78.79438010495177,8.503537748128664,66263.7625,66484.62908230543,66042.89591769456,0.006666285582725024,0.7240004722922928,123.32560093823871,66525.703125,66049.6875,66525.703125,64997.26953125,-0.0010299670064805033,0.0005129520691933287,0.002861328628835036,0.016651529565341106
2026-09-01 15:20:00+09:00,66358.2734375,66374.2421875,66290.2734375,66311.6875,0.0,66362.30636881823,66341.40896172934,66283.56201542677,66144.80362104789,66100.55092363378,53.535254452973014,79.1141681742447,78.85833771881036,0.25583045543433514,66273.0015625,66485.49636377278,66060.50676122721,0.006412710946021857,0.5910279622566953,120.51439729979309,66525.703125,66049.6875,66525.703125,64997.26953125,-0.0007688570400333772,-0.0019360655080375988,0.002794342885200418,0.017830783918580284
2026-09-02 09:00:00+09:00,65195.4296875,65195.4296875,64697.87890625,64737.37890625,0.0,65820.66388129549,66049.76713346037,66136.30648121945,66098.65854843156,66078.01915475141,19.931395968897775,-53.78505820574355,52.329658533899575,-106.11471673964313,66201.1365234375,66904.12276474458,65498.15028213042,0.021237890411691013,-0.5410997621133343,227.17826847480785,66525.703125,66049.6875,66525.703125,64997.26953125,-0.02374104253869269,-0.025299457140749992,-0.02171979959763215,-0.005405083277255418
2026-09-02 09:10:00+09:00,64745.671875,64887.9609375,64651.28125,64716.171875,0.0,65452.499879197,65807.29526828574,66001.0555663414,66053.33111651576,66055.50928235883,19.751539968528974,-158.9871775694919,10.066291313221281,-169.0534688827132,66134.4287109375,67089.86855377788,65178.98886809712,0.028893871511809607,-0.24220101169385713,227.85694126232158,66525.703125,64697.87890625,66525.703125,64697.87890625,-0.00032758557124645815,-0.026179693227329603,-0.020199085876986378,-0.008132761282684808
2026-09-02 09:20:00+09:00,64738.51171875,64816.8515625,64566.890625,64566.890625,0.0,65157.29679446467,65581.76715132469,65864.4684290708,66004.59536269557,66030.90401529505,18.48691506437588,-251.50714655738557,-42.24839626090009,-209.2587502964855,66052.4076171875,67225.577756101,64879.237478274,0.03552240353486315,-0.13312086751682584,229.43579813644146,66525.703125,64651.28125,66525.703125,64651.28125,-0.002306707051343171,-0.028062778829344492,-0.024777049740540402,-0.01134607789534392
2026-09-02 09:30:00+09:00,64574.5390625,64624.5703125,64449.62890625,64463.62109375,0.0,64926.07156089312,65378.467868129286,65731.05439713548,65954.07161617278,66004.9985124596,17.645248318176726,-329.366148723886,-99.67194675349728,-229.69420197038872,65965.284765625,67323.99452425551,64606.57500699448,0.04119469091835259,-0.052606493894827244,225.54334157312422,66525.703125,64566.890625,66525.703125,64566.890625,-0.0015994193037695004,-0.028616821358285804,-0.026318686751995224,-0.013038922337434644
2026-09-02 09:40:00+09:00,64456.609375,64640.37109375,64396.05078125,64638.05078125,0.0,64830.064634345414,65243.84657960578,65626.9588146702,65910.92339207695,65982.40433508424,23.943833871908268,-372.69871211674763,-154.27729982614736,-218.42141229060027,65885.6619140625,67355.00679228926,64416.31703583573,0.04460287217401855,0.07545326788148658,226.88455378218677,66525.703125,64449.62890625,66525.703125,64449.62890625,0.0027058623847133756,-0.02523894025091733,-0.02404416157820022,-0.009109157368511145
2026-09-02 09:50:00+09:00,64639.3515625,64640.6015625,64495.73828125,64495.73828125,0.0,64718.62251664695,65107.82688899564,65519.22352577304,65864.52388024656,65957.83134245889,22.436150829133496,-413.7540115029842,-206.17264216151472,-207.5813693414695,65798.02578125,67375.4626005244,64220.5889619756,0.04794784647547632,0.0872140538094471,221.02589145845914,66525.703125,64396.05078125,66525.703125,64396.05078125,-0.0022016830377762364,-0.003732629109836738,-0.026456805659282434,-0.010524301557610305
2026-09-02 10:00:00+09:00,64505.4296875,64704.08984375,64490.078125,64601.03125,0.0,64679.42542776464,65015.68222736006,65431.77664236609,65823.09789236962,65935.40489464965,26.141733251790797,-432.80525982264226,-251.49916569374022,-181.30609412890203,65713.838671875,67356.74206728762,64070.93527646237,0.05000174783932609,0.1613290151501861,220.52487912214065,66525.703125,64396.05078125,66525.703125,64396.05078125,0.0016325569961048725,-0.0017791631004132613,-0.025401643547708574,-0.01180489959501474
2026-09-02 10:10:00+09:00,64580.87890625,64582.69140625,64452.1015625,64466.76953125,0.0,64608.54012892643,64915.87991897641,65339.87120321218,65778.62811003783,65911.12992996536,24.53230022052412,-453.5095343913563,-291.90123943326347,-161.6082949580928,65621.6841796875,67326.13421343036,63917.23414594463,0.051947768639271114,0.1612060707049955,215.41093686341634,66525.703125,64396.05078125,66525.703125,64396.05078125,-0.002078321601870714,-0.001550656889016011,-0.027795110125733102,-0.013607895539158088
2026-09-02 10:20:00+09:00,64466.3203125,64623.44921875,64463.109375,64536.7890625,0.0,64584.62310678429,64846.954308707966,65263.387189811016,65737.91207569232,65888.41355199073,27.054551832635127,-458.97702867577027,-325.31639728176486,-133.6606313940054,65539.1451171875,67285.35621272263,63792.93402165236,0.053287576223730586,0.21299115632399496,211.47728735531518,66525.703125,64396.05078125,66525.703125,64396.05078125,0.001086133705149539,0.0011350272837387099,-0.02494095556319642,-0.012619221076021203
2026-09-02 10:30:00+09:00,64536.55859375,64548.890625,64381.921875,64412.48828125,0.0,64527.24483160619,64767.96048553378,65182.34919851949,65694.45555784175,65864.01809297022,25.42972071317037,-467.9459024322132,-353.8422983118545,-114.10360412035868,65448.812109375,67231.50759740257,63666.11662134743,0.054476022728981305,0.20933795617791712,208.2981061156498,66525.703125,64396.05078125,66525.703125,64396.05078125,-0.0019260453309758452,-0.003489624103352962,-0.027283047258682136,-0.01877610958366771
2026-09-02 10:40:00+09:00,64407.51171875,64434.46875,64314.33984375,64317.4296875,0.0,64457.30645023746,64686.04579498218,65099.97591175573,65649.30716865021,65838.4546482517,24.231201386544498,-477.22310271225433,-378.5184591919345,-98.70464352031985,65357.8234375,67176.09631257194,63539.550562428056,0.055640557761557366,0.2139060467041191,202.00030612524625,66525.703125,64381.921875,66525.703125,64381.921875,-0.001475778941110617,-0.0027646569913261088,-0.027515125398644535,-0.02077855222167624
2026-09-02 10:50:00+09:00,64287.5390625,64359.98046875,64234.30859375,64309.55078125,0.0,64408.05456057498,64617.592156121784,65024.697327898044,65605.38072971905,65813.18350995416,24.129690078033974,-479.68164129107026,-398.7510956117617,-80.93054567930858,65260.7544921875,67085.21991670408,63436.28906767092,0.055913096277027896,0.2393198856619776,196.54827533058582,66525.703125,64314.33984375,66525.703125,64314.33984375,-0.0001225003282668835,-0.004512009531581596,-0.02930342133170538,-0.021285344788022242
2026-09-02 11:00:00+09:00,64302.8515625,64350.75,64264.16015625,64291.421875,0.0,64369.17699871666,64558.28846864509,64954.86157047918,65562.30011153154,65788.03042507889,23.881778675851493,-477.58756983524654,-414.5183904564587,-63.06917937878785,65165.0775390625,66982.1283776727,63348.02670045229,0.05576762607306028,0.2595951512477428,188.69410164625828,66525.703125,64234.30859375,66525.703125,64234.30859375,-0.00028190068239886124,-0.0027199696452139266,-0.028903257934197013,-0.021481433918829618
2026-09-02 11:10:00+09:00,64285.46875,64482.58984375,64282.3515625,64481.48046875,0.0,64406.61148872778,64544.32337775507,64909.77765602878,65526.86340193214,65766.43455803214,31.793502162237814,-455.34295287031273,-422.6833029392295,-32.65964993108321,65072.7171875,66830.61803072193,63314.81634427807,0.05402881327843525,0.33183445157624286,189.5186859036684,66525.703125,64234.30859375,66525.703125,64234.30859375,0.002956204548089314,-0.0008570087628071432,-0.02784929267973224,-0.020073544086738004
2026-09-02 11:20:00+09:00,64481.05078125,64560.0,64469.0703125,64473.16015625,0.0,64428.79437790185,64531.38461020869,64868.19503700224,65492.31575453272,65745.05812163906,31.6384654003799,-433.38946931806277,-424.8245362149962,-8.56493310306655,64974.3591796875,66632.4738467233,63316.2445126517,0.0510390464167645,0.34886478800242227,182.47661458912066,66525.703125,64234.30859375,66525.703125,64234.30859375,-0.00012903414188869533,0.0009419272041639726,-0.029607927038845183,-0.021193935992454782
2026-09-02 12:30:00+09:00,64436.30078125,64466.171875,64377.859375,64412.78125,0.0,64423.45666860124,64509.82036289801,64824.822295382975,65456.921180613615,65723.0370163227,30.477019206710963,-416.06708618660195,-423.0730462093174,7.005960022715442,64874.1126953125,66408.89864566104,63339.326744963946,0.04731582095178144,0.3497082133154376,176.24976935061204,66525.703125,64234.30859375,66525.703125,64234.30859375,-0.0009364967701858129,0.001482515127909867,-0.030186672488407007,-0.023989501256409196
2026-09-02 12:40:00+09:00,64414.87890625,64431.08984375,64358.87890625,64379.55078125,0.0,64408.821372817496,64486.13498441655,64782.41548451316,65421.59756096235,65700.83063227191,29.82802021391261,-400.4047768393284,-418.53939233531963,18.134615495991227,64770.291796875,66134.44625271777,63406.13734103223,0.04212284422373368,0.35678270743044327,168.81842421842546,66525.703125,64234.30859375,66525.703125,64234.30859375,-0.0005158986788821318,0.0010884852895038932,-0.031245018435608896,-0.023635532320355757
2026-09-02 12:50:00+09:00,64376.69140625,64393.26171875,64323.19921875,64376.01171875,0.0,64397.88482146167,64466.11257247717,64743.71036396429,65387.316057938995,65678.93279899056,29.75534722791508,-383.85303772861516,-411.6021214139788,27.749083685363644,64667.5357421875,65806.87543361436,63528.19605076065,0.03523683648528388,0.3720644836517483,161.76442963139507,66509.921875,64234.30859375,66525.703125,64234.30859375,-5.4971842099793555e-05,0.0013157251975925988,-0.030936113938483056,-0.026496885193415753
2026-09-02 13:00:00+09:00,64361.30859375,64368.80078125,64250.4296875,64256.1484375,0.0,64350.63936014111,64427.93727520859,64697.275894777216,65350.22859497378,65655.41570210642,27.326936529076974,-376.07250060223305,-404.4961972516297,28.423696649396675,64562.2076171875,65406.50791395848,63717.907320416525,0.026154629091283115,0.31874980924558255,159.1799726041526,66436.5078125,64234.30859375,66525.703125,64234.30859375,-0.0018619246214516272,-0.0034945232276297755,-0.031743165254113026,-0.02850539391317175
2026-09-02 13:10:00+09:00,64265.51171875,64345.96875,64215.46875,64340.30859375,0.0,64347.19577134408,64412.00478767067,64663.2790089651,65317.116463786115,65633.67839453027,31.550989387799603,-358.9772809806818,-395.39241399744014,36.41513301675832,64463.638671875,64731.391368322285,64195.885975427715,0.008307092244983804,0.26969405021607135,157.13140313242744,66374.2421875,64234.30859375,66525.703125,64234.30859375,0.001309760362183221,-0.0020605715956536486,-0.02972898112794975,-0.02821770834021653
2026-09-02 13:20:00+09:00,64342.7109375,64342.7109375,64255.37890625,64255.7109375,0.0,64316.70082672939,64383.58772400327,64624.463002158904,65282.3162825964,65610.90207292647,29.683300452954867,-348.2412121919406,-385.96217363634025,37.72096144439968,64439.5552734375,64690.616045950665,64188.49450092434,0.007792132377321119,0.13386487244266224,152.14573371225407,65195.4296875,64215.46875,66525.703125,64215.46875,-0.0013148469147724606,-0.002438496047707961,-0.007440337821639775,-0.02902421238302011
2026-09-02 13:30:00+09:00,64268.78125,64354.5,64226.19140625,64253.73828125,0.0,64295.7133115696,64359.978734411765,64589.15588588187,65248.5924136998,65588.46961355992,29.63924127293761,-336.0185643552686,-375.9734517801259,39.954887424857304,64416.43359375,64645.55213353613,64187.31505396387,0.007113667336229674,0.1449538464851756,150.44308085780733,64887.9609375,64215.46875,66525.703125,64215.46875,-3.070009219752201e-05,-0.0019542307840495488,-0.007145564707430441,-0.027816897412753283
2026-09-02 13:40:00+09:00,64256.62890625,64296.19140625,64217.21875,64254.25,0.0,64281.89220771307,64340.75532815508,64557.26008722645,65215.99102308669,65566.41639680688,29.66840474926795,-322.57232350768027,-365.2932261256368,42.72090261795654,64400.8015625,64629.38656558536,64172.216559414635,0.007098824782903468,0.17943749475710447,145.33805052867822,64816.8515625,64215.46875,66525.703125,64215.46875,7.96403078928698e-06,-0.0018914144492511165,-0.00484211988487715,-0.02834621855093289
2026-09-02 13:50:00+09:00,64254.0703125,64285.73828125,64233.78125,64285.73828125,0.0,64283.174232225385,64330.752228717785,64531.40086760965,65185.490933190405,65545.2481634919,31.548559844190976,-305.84959586631885,-353.40450007377325,47.5549042074544,64391.907421875,64623.84132134381,64159.973522406195,0.007203821373057074,0.27112198590167425,138.66797772305836,64704.08984375,64215.46875,66525.703125,64215.46875,0.0004900575642856619,0.00046049824755334257,-0.002759429418978887,-0.02820735907923766
2026-09-02 14:00:00+09:00,64284.71875,64319.73828125,64244.921875,64262.73828125,0.0,64276.362248566926,64318.38605645091,64505.813954623016,65155.23674788088,65524.04965304162,30.89880656953183,-291.0970360804422,-340.94300727510705,49.845971194664855,64373.141796875,64581.958371172426,64164.32522257758,0.006487692490024166,0.23564474947340133,134.10715118926848,64704.08984375,64215.46875,66525.703125,64215.46875,-0.0003577776442322822,-0.0012056254344346984,-0.005806370945035777,-0.028486891897126942
2026-09-02 14:10:00+09:00,64257.37109375,64427.28125,64257.37109375,64420.53125,0.0,64324.418582377955,64336.95790982347,64497.69179227797,65131.14804303233,65505.80967943763,40.02489092822205,-263.6339443128163,-325.48119468264895,61.847250369832636,64369.3814453125,64571.84372126308,64166.91916936192,0.006290639164292413,0.626319346276597,136.66450869360645,64704.08984375,64215.46875,66525.703125,64215.46875,0.0024554348751746335,0.002565068693431982,-0.0011660775309221272,-0.0275518951517274
2026-09-02 14:20:00+09:00,64418.83984375,64454.7109375,64371.16015625,64440.37890625,0.0,64363.07202366865,64355.761727355566,64492.23342218007,65108.49987461323,65488.19925343453,41.07897557045076,-237.5296127220863,-307.8908782905364,70.36126556845011,64361.348828125,64537.441652842885,64185.25600340712,0.0054720054170440775,0.7243989164567357,132.87067101906314,64704.08984375,64215.46875,66525.703125,64215.46875,0.00030809519674668273,0.0029047434436115793,-0.0024868386872693993,-0.02738018255381003
2026-09-02 14:30:00+09:00,64441.08984375,64501.71875,64370.6015625,64393.87109375,0.0,64373.33838036243,64362.69070306364,64482.865581377206,65085.06942278165,65470.111184679416,39.33444404407474,-218.08063583222975,-289.9288297988751,71.84819396664534,64357.70390625,64527.834373004254,64187.57343949574,0.0052870272377052675,0.6062925065392436,132.74542219627293,64623.44921875,64215.46875,66525.703125,64215.46875,-0.0007217184828732792,0.002172947217499166,-0.0011307909180195974,-0.02050146798536978
2026-09-02 14:40:00+09:00,64397.9609375,64504.8984375,64385.73046875,64483.69140625,0.0,64410.12272232496,64384.6908309157,64482.944231365094,65065.352110764215,65453.806725531824,44.25796061159645,-193.19243088054645,-270.58155001520936,77.3891191346629,64355.0490234375,64515.28776251286,64194.810284362145,0.004979834263415758,0.9014084969552801,131.7756040929677,64623.44921875,64215.46875,66525.703125,64215.46875,0.0013948580971197,0.003079269683953223,-0.0008227502021921351,-0.01915455550142009
2026-09-02 14:50:00+09:00,64482.6796875,64503.2890625,64422.1796875,64481.30078125,0.0,64433.84874196665,64402.25627643103,64482.78771230652,65046.20288684571,65437.73224711394,44.15524484836332,-171.6822069909831,-250.80168141036413,79.11947441938102,64358.4896484375,64526.2905706681,64190.6887262069,0.005214569923788539,0.865942961397224,128.1565877291843,64560.0,64215.46875,66525.703125,64215.46875,-3.707332734625979e-05,0.003401076671265546,0.0010683099168524723,-0.01943072709339666
2026-09-02 15:00:00+09:00,64478.98046875,64497.48828125,64352.16015625,64415.5390625,0.0,64427.74551547777,64404.67132844356,64476.38307899161,65025.525384408145,65420.83649199636,41.31473038788129,-158.11892416308547,-232.2651299609084,74.14620579782294,64363.3951171875,64531.8428481231,64194.9473862519,0.005234271145234185,0.6547778204635886,129.38312610567115,64560.0,64215.46875,66525.703125,64215.46875,-0.001019857198183649,-7.749373380094848e-05,0.0015253932794996317,-0.019765217454365436
2026-09-02 15:10:00+09:00,64402.6015625,64420.83984375,64338.1484375,64338.1484375,0.0,64397.87982281852,64392.57625736291,64463.217875040034,65002.98843532919,65402.94082167411,38.200281868247224,-151.86410657242232,-216.18492528321121,64.3208187107889,64364.825,64531.90012161438,64197.74987838561,0.005191503950003237,0.420165964141664,126.0480032588375,64560.0,64215.46875,66525.703125,64215.46875,-0.0012014278872199968,-0.0015864349416493395,0.00044468754489157547,-0.024340303146658027
2026-09-02 15:20:00+09:00,64335.078125,64357.7109375,64263.08984375,64263.08984375,0.0,64352.94982979568,64369.033273069654,64444.158062536226,64978.72946511348,65384.10030964231,35.412078754495425,-151.22054349914106,-203.1920489263972,51.97150542725615,64363.4083984375,64533.403909772365,64193.41288710264,0.00528236510666173,0.20493763658884986,123.80322400820626,64560.0,64215.46875,66525.703125,64215.46875,-0.0011666265749459281,-0.0020309580365124313,-0.0004406813603389237,-0.02647700011480114
2026-09-03 09:00:00+09:00,64724.80859375,64724.80859375,64323.921875,64359.390625,0.0,64355.096761530454,64367.28006432971,64436.08497324707,64958.42327363435,65367.16295948293,41.32899520227199,-141.31090277506155,-190.8158196961301,49.50491692106854,64357.30390625,64518.43875759394,64196.169054906066,0.0050075078216037135,0.506475069584863,147.94004729333437,64560.0,64215.46875,66525.703125,64215.46875,0.0014985395424362835,-0.0019276312900093906,-0.0018934094388414202,-0.028112184471293933
2026-09-03 09:10:00+09:00,64364.609375,64472.12890625,64305.01953125,64355.98828125,0.0,64355.393934770305,64365.22701286066,64428.45671686639,64938.67130667093,65350.44932843776,41.18543935208647,-132.20797062343627,-179.09424988159134,46.88627925815507,64351.4453125,64503.57341600403,64199.31720899597,0.0047280399924282636,0.5149313921798797,149.30928498666762,64724.80859375,64215.46875,66525.703125,64215.46875,-5.286476016874708e-05,-0.0019433928671059864,-0.0018173744658402935,-0.030337564578408305
2026-09-03 09:20:00+09:00,64360.0703125,64360.0703125,64154.8203125,64169.859375,0.0,64293.54908151354,64329.70562415872,64403.8283985934,64913.46435809155,65330.93544490987,34.18905760956824,-138.4172901414131,-170.9588579335557,32.54156779214259,64339.29921875,64507.807736623545,64170.79070087645,0.005238121021512116,-0.0027634385733284247,153.30505034476278,64724.80859375,64215.46875,66525.703125,64215.46875,-0.0028921769554152155,-0.003813981704967606,-0.0037713303211852622,-0.030718594750351436
2026-09-03 09:30:00+09:00,64174.12890625,64359.58984375,64151.078125,64273.140625,0.0,64286.746262675704,64319.42107885713,64391.38194396546,64892.47013733445,65313.451233010535,40.25405442337582,-133.46577648579114,-163.4602416440028,29.994465158211653,64333.9787109375,64503.78225516159,64164.175166713416,0.0052788137039383376,0.3208574319944234,157.24838380227973,64724.80859375,64154.8203125,66525.703125,64154.8203125,0.0016094978391092418,-0.0010104085069085889,-0.0016528564576594462,-0.029381547899952842
2026-09-03 09:40:00+09:00,64263.94140625,64290.3984375,64140.0390625,64201.71875,0.0,64258.40375845047,64298.020655428554,64373.31878263541,64869.82255086446,65295.0754894897,37.66876987574099,-133.7628794452321,-157.52076920424867,23.757889759016564,64325.2640625,64503.237790746,64147.290334253994,0.00553355608686133,0.15291137709598424,156.75631174497406,64724.80859375,64151.078125,66525.703125,64151.078125,-0.0011112242891118118,-0.0009549975561277124,-0.0027074210423513323,-0.0322453765093087
2026-09-03 09:50:00+09:00,64184.921875,64263.9609375,64140.76171875,64234.16015625,0.0,64250.32255771699,64286.4096555779,64360.065580122515,64848.9811608771,65277.53969885765,39.56732684593146,-129.88337067333487,-151.9932894980659,22.10991882473104,64324.1646484375,64504.093533065934,64144.23576380907,0.005594441392650195,0.24988870638150212,154.35937653104736,64724.80859375,64140.0390625,66525.703125,64140.0390625,0.0005053043264515722,-0.0019457994790484934,-0.00034219731161422295,-0.029304947196586273
2026-09-03 10:00:00+09:00,64245.69140625,64329.859375,64225.69921875,64264.83984375,0.0,64255.16165306133,64282.48787160919,64350.99646237275,64829.82898654506,65260.80085827736,41.38559624915002,-122.91633464779443,-146.1778985280116,23.26156388021718,64320.3912109375,64501.96546378618,64138.81695808882,0.005645931233633559,0.3470285122588484,150.77371793954399,64724.80859375,64140.0390625,66525.703125,64140.0390625,0.0004776226142815254,-0.001416316335655643,-0.0011729622012930374,-0.02815898265692718
2026-09-03 10:10:00+09:00,64260.609375,64490.55078125,64258.2109375,64460.109375,0.0,64323.477560374224,64314.78269040752,64361.388168337246,64817.70703206817,65247.56628830584,51.406996431851915,-100.48001806483808,-137.0383224353769,36.55830437053882,64330.6111328125,64519.340959825735,64141.88130579926,0.005867496785429237,0.843078368260306,156.599869783148,64724.80859375,64140.0390625,66525.703125,64140.0390625,0.0030385126878829105,0.004523151567215056,0.0031810158897598306,-0.025909763682979703
2026-09-03 10:20:00+09:00,64458.109375,64507.69921875,64274.37890625,64350.8203125,0.0,64332.59181108282,64321.33498533342,64360.381705876556,64802.39927077085,65232.74404077187,46.604382145403385,-90.47485173272435,-127.72562829484639,37.25077656212204,64335.465234375,64521.00362265029,64149.926846099705,0.005767841659320409,0.5413797874060926,162.07990140578028,64724.80859375,64140.0390625,66525.703125,64140.0390625,-0.0016954526382232382,0.0012085870823275169,0.001510916467226453,-0.025730497648455142
2026-09-03 10:30:00+09:00,64347.71875,64457.28125,64294.30859375,64351.390625,0.0,64338.85808238855,64326.799647090986,64359.52541245974,64787.61210205705,65218.176215717795,46.63240123463161,-81.55949874622456,-118.49240238512203,36.93290363889747,64340.322265625,64522.15095221745,64158.49357903255,0.005652091260649411,0.5304362297897702,162.14366960893884,64724.80859375,64140.0390625,66525.703125,64140.0390625,8.8625521357244e-06,0.002331275204372929,0.0015118163389971073,-0.028031977207955694
2026-09-03 10:40:00+09:00,64347.578125,64435.4296875,64304.44140625,64433.6484375,0.0,64370.4548674257,64346.22669989262,64366.58474817786,64776.006736006,65205.20881442494,50.65443295100318,-67.08320582236774,-108.21056307257118,41.12735725020343,64347.7177734375,64532.078750127366,64163.356796747634,0.005730148109960467,0.733050034788689,159.91828472615748,64724.80859375,64140.0390625,66525.703125,64140.0390625,0.0012782600609106964,0.003105641620669397,0.002300823793963236,-0.026771404343776006
2026-09-03 10:50:00+09:00,64444.78125,64449.30078125,64314.6484375,64315.640625,0.0,64352.183453283804,64340.66559536669,64361.73292692283,64760.91276515334,65190.50520798817,45.37156369167389,-64.39062853647192,-99.44657616535133,35.05594762887941,64350.362890625,64531.2564201339,64169.469361116106,0.005622144814205848,0.4040256837287983,158.11357465643195,64724.80859375,64140.0390625,66525.703125,64140.0390625,-0.0018314625255849704,0.0007904910581510993,0.0008232195696122879,-0.02891216224584947
2026-09-03 11:00:00+09:00,64315.890625,64418.87109375,64277.0703125,64403.19140625,0.0,64369.18610427254,64352.0339246182,64365.68135352542,64749.184196008966,65177.49175671978,49.57346172663871,-54.56315519526834,-90.46989197133473,35.906736776066396,64349.4958984375,64529.19818834368,64169.79360853131,0.0055851965084484315,0.6494012898793196,156.9483751274011,64724.80859375,64140.0390625,66525.703125,64140.0390625,0.0013612673433585076,-0.0008829952245175132,-0.00026916641967311694,-0.02785377207465789
2026-09-03 11:10:00+09:00,64408.28125,64491.6015625,64405.5703125,64464.078125,0.0,64400.81677784836,64372.40559741489,64375.052474618235,64739.83645597588,65165.69979586491,52.32014685922798,-41.3847052960773,-80.65285463628325,39.26814934020595,64350.680859375,64533.05730954011,64168.30440920989,0.005668205766576274,0.8108879066412797,152.05278806472958,64724.80859375,64140.0390625,66525.703125,64140.0390625,0.0009453990931276302,0.0017600057303077676,0.00036776969894103395,-0.027467776052923165
2026-09-03 11:20:00+09:00,64462.41015625,64465.23046875,64373.859375,64455.828125,0.0,64419.15389356558,64387.57332970309,64382.74539370221,64730.52470741929,65153.96637981756,51.9075779017795,-31.24620802125719,-70.77152531327805,39.52531729202086,64353.7787109375,64541.02425310667,64166.53316876833,0.0058192555563903875,0.7725015850318699,147.71838132796321,64724.80859375,64140.0390625,66525.703125,64140.0390625,-0.00012797825145349773,0.001622925301002276,0.0009621572705234005,-0.027960114340085607
2026-09-03 12:30:00+09:00,64557.9609375,64613.53125,64481.26953125,64583.26953125,0.0,64473.859106127056,64423.15445725707,64401.84293061152,64725.696668856355,65144.53337405612,57.48474516751812,-12.780592757262639,-59.173338802074966,46.39274604481233,64358.7576171875,64563.98792848024,64153.52730589476,0.006377696490459658,1.0469755238597758,148.43157730453726,64724.80859375,64140.0390625,66525.703125,64140.0390625,0.001977189805130619,0.002322095634474719,0.0015442373541032506,-0.024238701823853126
2026-09-03 12:40:00+09:00,64583.6015625,64594.0,64535.609375,64579.69140625,0.0,64509.13653950137,64451.615720710324,64418.780880672326,64720.90961106598,65135.19714318329,57.28388255738394,1.546982936830318,-47.02927445429391,48.57625739112423,64363.6771484375,64584.54284505119,64142.81145182381,0.006863054020494327,0.9890172197956222,142.00008071135602,64724.80859375,64140.0390625,66525.703125,64140.0390625,-5.540328053954546e-05,0.004105545380315601,0.0015258784144847048,-0.02475805065354142
2026-09-03 12:50:00+09:00,64581.140625,64603.28125,64521.41015625,64557.9296875,0.0,64525.40092216758,64470.9455328539,64432.03314798925,64715.56600701463,65125.65553234556,56.00221882877418,11.018684529786697,-35.419682657477786,46.43836718726448,64370.7966796875,64606.567295329434,64135.02606404556,0.007325390636848703,0.8968539660953768,137.70515307125916,64724.80859375,64140.0390625,66525.703125,64140.0390625,-0.0003369746475421209,0.002402649276709301,0.002210501178323554,-0.023878745439464
2026-09-03 13:00:00+09:00,64559.71875,64561.37109375,64511.328125,64536.0,0.0,64528.93394811173,64482.77361778955,64441.93475294266,64709.67859694857,65115.9091599101,54.674666275770875,16.564587521075737,-25.022828621767083,41.58741614284282,64380.6892578125,64626.5379443195,64134.840571305496,0.007637342480833023,0.8158665282986579,131.4435684768835,64724.80859375,64140.0390625,66525.703125,64140.0390625,-0.00033969006760525833,0.001115689188334379,0.003075182722925174,-0.025885367882219623
2026-09-03 13:10:00+09:00,64527.05078125,64588.37109375,64507.48828125,64553.390625,0.0,64537.086173741154,64495.61307364599,64452.549597900506,64704.554401146976,65106.6113328868,55.57406140387288,22.108184308890486,-15.59662603563557,37.70481034452605,64395.204296875,64645.799706309015,64144.60888744099,0.007783045714979532,0.815620961457898,127.83208590710612,64724.80859375,64140.0390625,66525.703125,64140.0390625,0.00026947169021940276,0.0015136334888257164,0.004517379758051554,-0.024946322588410674
2026-09-03 13:20:00+09:00,64555.05859375,64587.609375,64467.69140625,64473.33984375,0.0,64515.83739707744,64491.563395483085,64454.529621314745,64696.97359598641,65096.1440355457,50.59703801406839,19.813695717464725,-8.514561685015511,28.328257402480236,64400.9017578125,64653.15703308603,64148.64648253897,0.007833905066179514,0.6435809139352082,127.26679182445568,64724.80859375,64140.0390625,66525.703125,64140.0390625,-0.0012400709006135102,-0.0017021387783225927,0.0017705142581903033,-0.02797202426551859
2026-09-03 13:30:00+09:00,64461.30078125,64494.26171875,64423.140625,64424.37109375,0.0,64485.34862930163,64479.34661334979,64451.6573805943,64688.03580902784,65085.04035055735,47.778228583342916,13.883883337097359,-4.034872680592937,17.918756017690296,64404.3208984375,64655.9012627018,64152.7405341732,0.007812530611448586,0.5398484901059977,123.25638481913742,64613.53125,64140.0390625,66525.703125,64140.0390625,-0.0007595193628664454,-0.002405095303458893,0.001062571088197073,-0.030342256167159465
2026-09-03 13:40:00+09:00,64422.7109375,64504.98828125,64422.7109375,64482.66015625,0.0,64484.452471617755,64479.94907569529,64454.610025894835,64681.302181067906,65075.08365313079,51.2590919291652,13.72963778738631,-0.4819705869970874,14.211608374383397,64419.9609375,64649.19270463592,64190.72917036408,0.007116793111946139,0.6367594455458335,120.32931045705618,64613.53125,64140.0390625,66525.703125,64140.0390625,0.0009047672722357625,-0.00116592232146151,0.0048745748283791634,-0.029134559953005734
2026-09-03 13:50:00+09:00,64485.41015625,64501.30078125,64419.3515625,64431.6796875,0.0,64466.86154357851,64471.17282329614,64452.42618414295,64673.11783701649,65064.44887683937,48.23103921531417,9.385509005842323,1.4915253315707946,7.893983674271528,64427.887890625,64647.004484493824,64208.77129675618,0.0068019176491025376,0.5086524639874311,117.5878753351236,64613.53125,64140.0390625,66525.703125,64140.0390625,-0.0007906074071147851,-0.0016164669719226366,0.002466645646351573,-0.030460605730015744
2026-09-03 14:00:00+09:00,64430.671875,64430.671875,64248.578125,64258.25,0.0,64397.324362385676,64432.459582696836,64433.93321422458,64659.51561285202,65051.1232755693,39.64999791162323,-7.959814928486594,-0.39874272044068326,-7.5610722080459105,64430.714453125,64639.29304895722,64222.135857292786,0.006474508240443681,0.08657202471596169,122.26742441832906,64613.53125,64140.0390625,66509.921875,64140.0390625,-0.0026916834752896968,-0.004572039084895119,0.0008805254921622208,-0.032708802642774426
2026-09-03 14:10:00+09:00,64263.96875,64270.58984375,63966.80859375,63966.80859375,0.0,64253.81910617379,64347.79576652468,64389.44515513176,64636.80390730769,65033.200718845015,29.99293880027645,-44.70763315419754,-9.260520807192055,-35.447112347005486,64417.346875,64696.82008124365,64137.87366875636,0.008676954882539785,-0.3060491510181177,135.2326976741627,64613.53125,64140.76171875,66436.5078125,64140.0390625,-0.00453547063995674,-0.007856445024060688,-0.004162139924452468,-0.03610314150677851
2026-09-03 14:20:00+09:00,63963.9296875,63981.83984375,63772.80078125,63981.83984375,0.0,64163.159352032526,64281.258326020186,64350.625601666834,64615.32967571563,65015.82285314097,30.927346458330618,-71.79009605862666,-21.766435857478978,-50.02366020114768,64403.196875,64735.741577176406,64070.6521728236,0.010326962582986059,-0.13353442182712086,140.50458087600822,64613.53125,63966.80859375,66374.2421875,63966.80859375,0.0002349851482423837,-0.006869003802241758,-0.0044036521477073265,-0.03513479665632091
2026-09-03 14:30:00+09:00,63978.01171875,64151.4296875,63959.12109375,64109.6015625,0.0,64145.30675552169,64250.048005380144,64327.67093127,64598.748426102,65000.84398883286,38.44755959444995,-81.99861112837971,-33.812870911659125,-48.18574021672058,64385.671484375,64740.56478756977,64030.778181180234,0.01102398390862141,0.1110522241617322,144.20486750986478,64613.53125,63772.80078125,65195.4296875,63772.80078125,0.0019968434646768785,-0.005785409485992488,-0.005437592580876727,-0.0096972931922239
2026-09-03 14:40:00+09:00,64110.16015625,64156.69921875,64041.53125,64140.78125,0.0,64143.79825368113,64230.181322583754,64309.87191400619,64583.73310885275,64986.628075794295,40.159830662992974,-86.57500984538638,-44.36529869840457,-42.2097111469818,64375.16953125,64745.65491168621,64004.684150813795,0.011510195099567378,0.18367404811758753,142.1308033127316,64613.53125,63772.80078125,64887.9609375,63772.80078125,0.0004863497313987164,-0.004514835542250073,-0.0032639686872678597,-0.008890986724483185
2026-09-03 14:50:00+09:00,64149.578125,64281.3203125,64143.62890625,64266.890625,0.0,64184.82904412076,64236.85574120489,64305.77845791036,64573.34483069364,64974.73158900431,46.62693256280972,-79.11389049436548,-51.315017057596755,-27.798873436768723,64370.94453125,64744.33412892006,63997.554933579944,0.011601184366303346,0.3606630890371658,142.01710754039362,64613.53125,63772.80078125,64816.8515625,63772.80078125,0.0019661340654468784,0.00013446716958531724,-0.0013131029365380797,-0.004646344234576549
2026-09-03 15:00:00+09:00,64269.51953125,64442.58984375,64269.51953125,64337.37890625,0.0,64235.67899816384,64255.13268030399,64308.78802441889,64565.608243006965,64964.196833917464,49.88696433587272,-66.74370457269833,-54.400754560617074,-12.34295001208126,64366.1310546875,64738.64425940146,63993.61784997355,0.011574820440814034,0.4614078802124867,144.4229726267941,64613.53125,63772.80078125,64724.80859375,63772.80078125,0.0010968055333702154,0.0057931655595555576,-0.0014940878498193033,-0.0019583477527023163
2026-09-03 15:10:00+09:00,64342.171875,64342.171875,64228.98046875,64267.6015625,0.0,64246.319852942564,64257.399749794175,64304.86550423614,64555.83753217067,64952.682862489084,46.8371570933141,-61.85763527995732,-55.892130704485126,-5.965504575472195,64363.7291015625,64738.12830781051,63989.32989531449,0.011633856877908001,0.3716242750274095,142.1921464570231,64613.53125,63772.80078125,64724.80859375,63772.80078125,-0.0010845537218989731,0.0044662941773456755,-0.0007469265956643323,-0.005731132270737627
2026-09-03 15:20:00+09:00,64265.01171875,64278.69921875,64233.390625,64269.48046875,0.0,64254.040058211714,64259.596244149776,64301.495500856516,64546.44877599294,64941.390260939675,46.93123759727417,-57.17470373686956,-56.14864531096202,-1.026058425907543,64357.0435546875,64733.15668361312,63980.930425761886,0.011688328367850295,0.38359474955363904,135.27189269223575,64613.53125,63772.80078125,64724.80859375,63772.80078125,2.9235667806437604e-05,0.002493837153146883,-0.0020761539076000757,-0.0035081048535849924
2026-09-04 09:00:00+09:00,64498.94140625,64595.390625,64228.46875,64569.109375,0.0,64359.06316380782,64315.871358849814,64326.982536489224,64547.19174645218,64935.23685786629,59.30049979249409,-28.952155690451036,-50.709347386859825,21.75719169640879,64362.2951171875,64747.07280975299,63977.51742462201,0.011956618136904771,0.7687451245335597,151.8183199999332,64613.53125,63772.80078125,64724.80859375,63772.80078125,0.0046620713916567524,0.0066779374471681585,0.0016292988755122195,-0.0004941387835817324
2026-09-04 09:10:00+09:00,64546.03125,64546.03125,64343.87890625,64463.671875,0.0,64393.93273420522,64342.744179968024,64340.00056872835,64544.45339001113,64927.44239533958,54.48768380576555,-14.92150231287087,-43.55177837206204,28.630276059191168,64362.6873046875,64747.861320097036,63977.51328927796,0.011968860578681484,0.6310895417038068,157.06204491065228,64613.53125,63772.80078125,64724.80859375,63772.80078125,-0.0016329402870906007,0.003061938240457751,0.00012169186601385107,-4.805043392930308e-05
2026-09-04 09:20:00+09:00,64468.0,64800.98828125,64455.73046875,64788.6484375,0.0,64525.504635303485,64423.817681337474,64382.72893718279,64552.45978501076,64925.148280333975,64.14632801389928,22.165276713007188,-30.408367355048195,52.57364406805539,64372.95625,64790.68162724409,63955.230872755914,0.012978287827012418,0.997566355966322,170.50459973846284,64613.53125,63772.80078125,64724.80859375,63772.80078125,0.00504123567658632,0.007014111219973307,0.0031800636254661896,0.003902570590490484
2026-09-04 09:30:00+09:00,64763.23046875,64841.890625,64673.55859375,64788.87109375,0.0,64613.29345478566,64490.19102904884,64421.40914257014,64560.210975461225,64922.89576485325,64.15194134170977,50.98703597302665,-14.129286689433227,65.11632266245988,64383.415234375,64830.747410572374,63936.08305817763,0.01389588217925214,0.9531932654852248,170.3494162750012,64800.98828125,63772.80078125,64800.98828125,63772.80078125,3.4366552685849427e-06,0.00811092243333622,0.003239093946487248,0.005843320488669201
2026-09-04 09:40:00+09:00,64796.671875,64846.30859375,64694.171875,64745.08984375,0.0,64657.22558444044,64536.53626808541,64452.23587601584,64566.2725777002,64919.95682400858,62.09335154401161,69.49461617990164,2.595493884433745,66.89912229546789,64392.7732421875,64861.62975794047,63923.91672643452,0.014562395503282914,0.8757189990168845,169.0485093089297,64841.890625,63772.80078125,64841.890625,63772.80078125,-0.0006757526294391969,0.00740023680806412,0.0028991040629087195,0.0066492109266163
2026-09-04 09:50:00+09:00,64739.421875,64815.48046875,64709.37109375,64724.26953125,0.0,64679.5735667103,64570.669588660785,64478.143843181,64571.45280568543,64916.72232330182,61.08940707186409,81.54201601514796,18.384798310576592,63.15721770457137,64402.18671875,64889.36959540085,63915.003842099155,0.0151293892792311,0.8305563761950792,164.5528568582919,64846.30859375,63772.80078125,64846.30859375,63772.80078125,-0.0003215736135395719,0.002403009082080798,0.0029172792123774993,0.006448789409378319
2026-09-04 10:00:00+09:00,64724.23828125,64821.12890625,64700.73046875,64720.2109375,0.0,64693.11935697353,64597.858924813365,64501.197852163765,64576.33012148263,64913.47420122246,60.882758724815126,89.72784583175962,32.6534078148132,57.074438016946424,64410.527734375,64913.24457477766,63907.81089397234,0.015609772442040303,0.8080095773964479,161.39896976127105,64846.30859375,63772.80078125,64846.30859375,63772.80078125,-6.270590273782517e-05,0.003979591218406631,0.0025842223140388754,0.006669459937185485
2026-09-04 10:10:00+09:00,64716.37890625,64723.66015625,64571.19921875,64641.859375,0.0,64676.0326963157,64605.85900666547,64514.59418767198,64578.47862159795,64908.98469996259,56.88238482775187,88.86843861308444,43.89641397446745,44.972024638616986,64418.9537109375,64931.15877404635,63906.74864782865,0.015902309292610686,0.7175941630775412,160.760538885466,64846.30859375,63772.80078125,64846.30859375,63772.80078125,-0.0012106197023317167,-0.0022656602049910823,0.0026137862821811186,0.002487208809166974
2026-09-04 10:20:00+09:00,64637.91015625,64774.55078125,64630.1015625,64738.48828125,0.0,64696.851224627135,64629.97342022629,64535.91743467941,64583.724839947194,64906.166577339245,60.34312383745136,94.89065694758756,54.095262569091474,40.795394378496084,64434.6595703125,64965.490927070154,63903.82821355484,0.016476578298001265,0.7861819550311634,159.59544459007557,64846.30859375,63772.80078125,64846.30859375,63772.80078125,0.0014948348822925173,-0.0007776460933713869,0.00487575093349224,0.004115326817500264
2026-09-04 10:30:00+09:00,64743.87890625,64772.96875,64668.66015625,64671.62109375,0.0,64688.44118100143,64637.545724503325,64548.841592686134,64586.60668433417,64902.28979248653,56.93745183143751,93.19340955213556,61.91489196570029,31.27851758643527,64444.1076171875,64984.65753017063,63903.55770420437,0.016775774635413302,0.710446316887667,155.64638381578447,64846.30859375,63772.80078125,64846.30859375,63772.80078125,-0.0010328815095203003,-0.001134738559747217,0.002930414735405229,0.004018454703040852
2026-09-04 10:40:00+09:00,64670.30078125,64757.890625,64667.03125,64713.44921875,0.0,64696.77719358429,64651.346359820905,64564.51850945412,64590.76545595436,64899.16846068924,58.51473239044015,94.13834068616416,68.35958170979306,25.778758976371094,64458.19609375,65011.25879970463,63905.133387795366,0.017160353204741872,0.7307632771580712,151.01874032894273,64846.30859375,63772.80078125,64846.30859375,63772.80078125,0.0006467771225242558,-0.00016717550585532148,0.004373152036647454,0.005186405208612355
2026-09-04 10:50:00+09:00,64720.21875,64733.109375,64621.23046875,64626.0,0.0,64673.18479572287,64646.73793076255,64570.37388950611,64591.92068690668,64894.65327952082,54.05681611081513,86.82986368933052,72.05363810570056,14.776225583629966,64476.58359375,65026.27614254637,63926.891044953634,0.01705092044764144,0.6359090700584971,148.22303789473256,64846.30859375,63772.80078125,64846.30859375,63772.80078125,-0.0013513298982781308,-0.0014556648709160847,0.00572300054856778,0.003883252077531152
2026-09-04 11:00:00+09:00,64639.3984375,64665.71875,64580.1796875,64642.55078125,0.0,64662.973457565255,64645.976630851175,64577.247879196,64593.58068999989,64890.48629607833,54.75931095937098,81.43462507426739,73.92983549941393,7.504789574853461,64510.370703125,65011.499962401416,64009.24144384859,0.015536393724432255,0.6318822196850515,143.7456110808231,64846.30859375,63772.80078125,64846.30859375,63772.80078125,0.0002561009694239669,1.0695952385786356e-05,0.010563950310411796,0.006013468798644839
2026-09-04 11:10:00+09:00,64646.2890625,64753.1484375,64622.0,64751.69921875,0.0,64692.54871129351,64665.198919560054,64593.86229248686,64598.76490405727,64888.19229480018,59.19093037613382,84.9865542211628,76.1411792437637,8.845374977399103,64548.863671875,64997.174520013454,64100.55282373654,0.013890588389514643,0.7262219927503943,142.84581296790716,64846.30859375,63772.80078125,64846.30859375,63772.80078125,0.0016884921182853674,0.00020406620313107027,0.012032466976255707,0.006393979668290806
2026-09-04 11:20:00+09:00,64758.98828125,64788.859375,64725.140625,64769.73828125,0.0,64718.27856794567,64684.206076230956,64610.61238665478,64604.37058855539,64886.23437722084,59.89023197240208,88.23991048473545,78.56092549195805,9.678984992777401,64581.8705078125,64991.49434763511,64172.246667989886,0.012685412689403599,0.7293174312301471,137.19387989877094,64846.30859375,63959.12109375,64846.30859375,63772.80078125,0.00027858824892090794,0.001517159858383188,0.010297002362531282,0.007999714519538736
2026-09-04 12:30:00+09:00,64753.48046875,64882.83984375,64749.19921875,64872.80078125,0.0,64769.78597238046,64718.496022598054,64635.58270994956,64613.17157847981,64886.01233431224,63.71580670901119,98.00476327830256,82.44969304922695,15.55507022907561,64618.471484375,64993.237147608306,64243.70582114169,0.011599335441536372,0.8393177681764712,136.94007597743015,64846.30859375,64041.53125,64846.30859375,63772.80078125,0.0015912137787630343,0.002462418004661515,0.011412700578074197,0.0096346534312175
2026-09-04 12:40:00+09:00,64875.66015625,64962.76953125,64875.66015625,64898.55078125,0.0,64812.70757533697,64751.23325144385,64660.627288168645,64622.5282736526,64886.21958136906,64.62367021353577,106.59255662621581,87.27826576462473,19.314290861591076,64650.0544921875,65007.02286498909,64293.0861193859,0.011043095805734622,0.8480648539144088,133.58498126475658,64882.83984375,64143.62890625,64882.83984375,63772.80078125,0.00039693060404211167,0.004217354953888419,0.009828702619763652,0.010027364435037267
2026-09-04 12:50:00+09:00,64894.80078125,64953.16015625,64886.87890625,64917.1484375,0.0,64847.52119605798,64781.399648908606,64685.05787381925,64632.18795115579,64886.73080213156,65.29899212539587,113.5897284757084,92.54055830684148,21.049170168866922,64679.04296875,65023.687311229645,64334.398626270355,0.010657063761631782,0.8454364969940897,128.77757188870254,64962.76953125,64228.46875,64962.76953125,63772.80078125,0.0002865650469250358,0.004247939676440549,0.009011394948103435,0.009821932097716424
2026-09-04 13:00:00+09:00,64916.1015625,64918.69140625,64794.5703125,64918.69140625,0.0,64871.24459945533,64806.361786607034,64707.3086864317,64641.58150706052,64887.25907657981,65.35807799674424,117.90045915863448,97.61253847720008,20.2879206814344,64711.5974609375,65015.19260503692,64408.00231683807,0.00938302115884829,0.8410692650022777,128.44496630736666,64962.76953125,64228.46875,64962.76953125,63772.80078125,2.376827675187876e-05,0.002578962243691141,0.010130918657619725,0.010207363435544625
2026-09-04 13:10:00+09:00,64931.23828125,64968.671875,64906.390625,64968.671875,0.0,64903.72035797022,64835.872711769385,64732.2004186763,64652.30578141919,64888.6047426694,67.30036050207295,123.92126322179683,102.87428342611943,21.0469797956774,64746.55703125,64994.3579376486,64498.756124851396,0.007654489065078826,0.9481719759989825,123.71898657112618,64962.76953125,64228.46875,64962.76953125,63772.80078125,0.0007698933491624427,0.0030713972146401147,0.010879058009344966,0.00850878771664898
2026-09-04 13:20:00+09:00,64968.03125,65065.7890625,64957.28125,65044.05859375,0.0,64950.49976989682,64873.72469031131,64761.901197254745,64665.15013592184,64891.17422781123,70.02983333584918,133.23996461633214,108.94741966416198,24.29254495217016,64770.3044921875,65035.92343617369,64504.685548201305,0.008201874178875614,1.0153135869268683,122.63247413747432,64968.671875,64228.46875,64968.671875,63772.80078125,0.001160354930681784,0.0026399016296132505,0.0073556724468912815,0.00936803441795786
2026-09-04 13:30:00+09:00,65041.37109375,65079.51171875,64996.69140625,65002.28125,0.0,64967.76026326456,64897.0986102547,64784.794535611436,64676.20361507194,64893.010707516834,66.70678624582703,135.68987173892674,114.29591007911493,21.393961659811808,64797.2349609375,65041.387277462185,64553.08264441282,0.0075358868838112875,0.919914690921576,119.78874830622615,65065.7890625,64343.87890625,65065.7890625,63772.80078125,-0.0006422930034383212,0.001598347998549965,0.008355238839705015,0.009448261859645424
2026-09-04 13:40:00+09:00,65002.12109375,65003.51953125,64911.26953125,64912.0390625,0.0,64949.18652967637,64899.81505611748,64796.91306198178,64683.93592482368,64893.32522578102,60.07541067416287,128.8641843365258,117.20956493059711,11.654619405928685,64803.4044921875,65052.561775587295,64554.24720878771,0.007689635609494256,0.7180040029939329,117.82169485578143,65079.51171875,64455.73046875,65079.51171875,63772.80078125,-0.001388292622422349,-7.870609111737537e-05,0.001904509940796606,0.006642728524199892
2026-09-04 13:50:00+09:00,64917.8515625,64959.48046875,64895.76171875,64957.98828125,0.0,64952.120446867586,64910.39200614157,64812.253559054945,64692.92124798519,64894.394036615224,62.139250618624395,125.71335058152908,118.91032206078351,6.8030285207455705,64811.8603515625,65069.79509384094,64553.92560928406,0.007959492009003038,0.7832653104360685,113.95719879465419,65079.51171875,64571.19921875,65079.51171875,63772.80078125,0.0007078689779835834,0.0006053245089936432,0.0026102814363795357,0.007392647081006398
2026-09-04 14:00:00+09:00,64956.01171875,65031.0390625,64952.109375,64983.578125,0.0,64962.6063395784,64923.69857320673,64828.57018438305,64702.45098165781,64895.86815377861,63.27776583036279,123.85347291785729,119.89895223219827,3.95452068565902,64823.784765625,65090.1816561314,64557.387875118606,0.008219109435512678,0.7999159619904839,111.45523370217889,65079.51171875,64571.19921875,65079.51171875,63772.80078125,0.00039394452363894494,0.00022943750533621632,0.0036834960276608264,0.008818354558033814
2026-09-04 14:10:00+09:00,64984.578125,65106.94921875,64952.2109375,65106.94921875,0.0,65010.7206326356,64957.01687239641,64855.08247337038,64715.71321893951,64899.35709700128,68.23687155199744,130.82643695152365,122.08444917606334,8.741987775460302,64842.91875,65131.98384814818,64553.853651851816,0.008915857081099739,0.9566972464705077,114.54687995559469,65079.51171875,64571.19921875,65079.51171875,63772.80078125,0.0018984964711037389,0.0009668926933481536,0.005912460507804251,0.011949376845944437
2026-09-04 14:20:00+09:00,65104.48046875,65136.640625,65069.75,65083.0,0.0,65034.81375509041,64979.92289559706,64876.788904477966,64727.75540848248,64902.392516885564,66.36332273711298,132.88820685593964,124.24520071203861,8.643006143901033,64861.058203125,65162.32026811052,64559.796138139485,0.00928945883189434,0.8683533751348164,111.1428617444808,65106.94921875,64571.19921875,65106.94921875,63772.80078125,-0.00036784427833558286,0.001241783341257685,0.005605498765298256,0.012758648210715373
2026-09-04 14:30:00+09:00,65069.69140625,65180.19140625,65069.69140625,65142.4296875,0.0,65070.685732560276,65009.469585033956,64902.08802667054,64741.35128648305,64906.36007342465,68.6626705392004,137.7299878995036,126.94215814953162,10.78782974997199,64886.08671875,65193.45861501802,64578.714822481976,0.0094742004584228,0.9169915530053496,111.09694304844645,65136.640625,64571.19921875,65136.640625,63772.80078125,0.0009131368790620265,0.003549274192082841,0.007743748669048811,0.012166663712876113
2026-09-04 14:40:00+09:00,65135.4296875,65180.1484375,65135.4296875,65163.19921875,0.0,65101.52356129019,65037.42042752777,64926.95575924953,64755.1823662295,64910.605348553996,69.44868303009606,141.6106622880543,129.87585897723616,11.734803310818137,64907.322265625,65229.30812958778,64585.33640166222,0.009921403401763883,0.8973419049765793,106.355643544986,65180.19140625,64580.1796875,65180.19140625,63772.80078125,0.00031883261569509713,0.003159133201777964,0.006560408634425974,0.012542903295530206
2026-09-04 14:50:00+09:00,65164.01171875,65182.44921875,65031.66015625,65031.66015625,0.0,65078.235759610136,65036.373105477265,64936.92760658291,64764.24721180394,64912.60625446633,59.30348735940733,132.5441353869246,130.40951425917387,2.1346211277507336,64925.32421875,65232.50427840716,64618.14415909284,0.009462565288767596,0.6730840498219176,109.52945918462986,65180.19140625,64580.1796875,65180.19140625,63772.80078125,-0.002018609645889735,0.0007399104918093258,0.005567187839285337,0.013429993296599774
2026-09-04 15:00:00+09:00,65034.421875,65073.73828125,64997.8984375,65002.6796875,0.0,65053.0504022401,65030.2470294814,64943.189709527396,64772.06467002348,64914.09507154127,57.31686999964718,121.61842437735322,128.65129628280977,-7.032871905456545,64939.7857421875,65232.602437398964,64646.96904697604,0.009018098592870378,0.6073947393386818,107.12305808215629,65182.44921875,64580.1796875,65182.44921875,63772.80078125,-0.000445636305153041,-0.0016015115513963174,0.004469402763130681,0.011350605484746312
2026-09-04 15:10:00+09:00,65005.1796875,65064.51953125,64974.828125,64997.5,0.0,65034.5336014934,65024.293024121136,64948.36211814383,64779.455992317795,64915.473665400095,56.94966548922323,111.25923498948396,125.17288402414461,-13.91364903466065,64958.3607421875,65213.968612186676,64702.75287218832,0.007869899026967655,0.5765611360335411,105.87794009414513,65182.44921875,64580.1796875,65182.44921875,63772.80078125,-7.968421494164435e-05,-0.0013137071124563748,0.005748460371986397,0.012395014736268362
2026-09-04 15:20:00+09:00,64988.7890625,65054.55859375,64980.87109375,65054.55859375,0.0,65041.20859891227,65029.795854962744,64958.47606820156,64788.475749741796,64917.77258983564,59.99048742846905,106.42683215010766,121.42367364933722,-14.99684149922956,64978.9611328125,65192.36567323632,64765.55659238868,0.0065684195839215195,0.6771224285747643,103.57862294456335,65182.44921875,64580.1796875,65182.44921875,63772.80078125,0.0008778582830109016,-0.0013489072202484964,0.006373631725861584,0.012771996014338427
2026-09-07 09:00:00+09:00,65600.421875,66207.140625,65600.421875,66207.140625,0.0,65429.85260760818,65243.85854042406,65077.39650218237,64834.989352209275,64939.08445818547,84.22687015854746,193.37178589816904,135.81329609910358,57.558489799065455,65051.733203125,65613.61733574721,64489.84907050278,0.017274993453832377,1.5281545204728542,178.5074378235231,65182.44921875,64622.0,65182.44921875,63772.80078125,0.017717160121669462,0.016020413650126963,0.022477269690376778,0.03022338164963001
2026-09-07 09:10:00+09:00,66183.78125,66292.2109375,66120.1015625,66292.2109375,0.0,65717.30538423879,65434.46806716513,65193.093115069765,64882.767109104054,64961.45018511629,84.9514560753067,266.0736203344204,161.86536094616696,104.20825938825345,65127.8568359375,65892.30913876991,64363.404533105095,0.023475432479165607,1.261560987682551,178.0504333361286,66207.140625,64725.140625,66207.140625,63772.80078125,0.0012849114415292018,0.019383647568296913,0.02350592570930199,0.028422253394601915
2026-09-07 09:20:00+09:00,66294.953125,66393.0390625,66250.2265625,66338.5078125,0.0,65924.37286032586,65598.83892995329,65302.18022911074,64930.496312494084,64984.21146821355,85.34599218850036,323.694767025685,194.23124216207054,129.46352486361445,65201.1421875,66119.30818093206,64282.976194067945,0.028164107640681228,1.1193681932983524,175.5334380978337,66292.2109375,64749.19921875,66292.2109375,63772.80078125,0.0006983757872194296,0.02055035471494393,0.022593552515056903,0.030888300884859055
2026-09-07 09:30:00+09:00,66324.46875,66381.2734375,66186.2890625,66223.5703125,0.0,66024.10534438392,65712.4264540527,65389.931665624004,64972.89218134673,65004.69673836705,79.75552849710944,355.9819074017287,226.5813752100022,129.40053219172648,65267.3931640625,66275.47627881254,64259.31004931247,0.030890864974981176,0.9742551156977726,176.92279073370273,66393.0390625,64794.5703125,66393.0390625,63772.80078125,-0.0017325909760416147,0.018863345705603995,0.020416781504353887,0.02909307272642958
2026-09-07 09:40:00+09:00,66242.3984375,66336.8203125,66188.4921875,66262.1171875,0.0,66103.44262542261,65812.37022377038,65472.99695342172,65015.16185367962,65025.480547443636,80.22340194430132,380.2962905179884,257.32435827159946,122.97193224638892,65334.6416015625,66417.00155080452,64252.28165232048,0.033132804365644,0.9284506215270695,174.88031460986684,66393.0390625,64794.5703125,66393.0390625,63772.80078125,0.0005820718336100317,0.01856224405872786,0.020718235202442425,0.0283775448750756
2026-09-07 09:50:00+09:00,66267.640625,66267.640625,66127.75,66157.9296875,0.0,66121.60497944841,65875.19921717576,65538.22864238155,65052.6296515098,65044.198715047874,75.16679591255593,386.7009064578597,283.1996679088515,103.50123854900818,65396.603515625,66517.80986863916,64275.39716261084,0.03428943684349828,0.8395120665470331,172.38105106630493,66393.0390625,64794.5703125,66393.0390625,63772.80078125,-0.0015723539244177909,-0.0007432874616762897,0.019089082888240405,0.02864449525181101
2026-09-07 10:00:00+09:00,66139.5390625,66358.203125,66122.46875,66358.203125,0.0,66200.47102796561,65963.01810950744,65616.32145024998,65095.43533916521,65065.917796204114,78.03308232230633,403.2881486448605,307.21736405605327,96.07078458880721,65466.080078125,66643.4098446019,64288.7503116481,0.035967626748750384,0.8788756014997516,176.9062884901403,66393.0390625,64895.76171875,66393.0390625,63772.80078125,0.0030272023088691036,0.000995474227918125,0.021387712106435863,0.03035582051233998
2026-09-07 10:10:00+09:00,66357.1328125,66432.03125,66330.890625,66381.0625,0.0,66260.66818531041,66039.02618050609,65689.15393117855,65137.58704935651,65087.65572519248,78.34038283606414,413.5115147612232,328.47619419708724,85.03532056413599,65532.9302734375,66757.6946280758,64308.165918799205,0.037378592702262584,0.8462430235459346,171.4944553837017,66393.0390625,64895.76171875,66393.0390625,63772.80078125,0.00034448453881341656,0.0006414779123502523,0.02055535793977148,0.029737249500145557
2026-09-07 10:20:00+09:00,66378.921875,66385.2109375,66267.9296875,66385.171875,0.0,66302.16941520694,66101.96176132315,65755.44135439963,65178.49146986941,65109.102273123186,78.39888426220949,417.1367059947079,346.2082965566114,70.92840943809648,65602.0748046875,66855.01906995122,64349.13053942378,0.03819831214162122,0.8125027553191587,167.62208357058014,66432.03125,64895.76171875,66432.03125,63772.80078125,6.190583345966338e-05,0.002440242374994739,0.02127449373171042,0.029932805242349758
2026-09-07 10:30:00+09:00,66404.2578125,66465.203125,66333.40625,66464.2265625,0.0,66356.18846430464,66167.82808880985,65822.94470755204,65220.646718808115,65131.50102170793,79.5435594784935,421.52961771901755,361.2725607890926,60.25705692992494,65679.6841796875,66944.28203557146,64415.08632380352,0.03850803704915098,0.8101944144386123,165.063140101253,66432.03125,64895.76171875,66432.03125,63772.80078125,0.0011908485775837807,0.0030501496719173016,0.023912166716955063,0.02912452473995386
2026-09-07 10:40:00+09:00,66461.6328125,66521.3515625,66420.1796875,66500.65625,0.0,66404.34439286977,66228.34229993534,65887.48866397566,65262.61424442096,65154.131686638386,80.06773325417441,423.07367328401597,373.6327832880773,49.440889995938676,65756.817578125,67024.11372605992,64489.521430190085,0.03854493555529071,0.7934746835169885,160.49947830830635,66465.203125,64895.76171875,66465.203125,63772.80078125,0.0005481097032813409,0.005180430586611218,0.023748702962762325,0.02974564916493372
2026-09-07 10:50:00+09:00,66491.828125,66513.421875,66446.21875,66492.828125,0.0,66433.83897024652,66276.43063176527,65945.14004121607,65302.94912575142,65176.25890049561,79.59575486116387,418.8375852134486,382.6737436731516,36.16384154029703,65832.280078125,67086.08374122149,64578.4764150285,0.03809084727457632,0.7634176571328811,153.83545307199876,66521.3515625,64952.109375,66521.3515625,63772.80078125,-0.00011771500375235,0.0020287619866139472,0.02322509845636489,0.029971506937507053
2026-09-07 11:00:00+09:00,66487.5,66606.046875,66487.5,66606.046875,0.0,66491.24160516435,66336.36085780794,66008.0835491955,65345.67364212022,65199.89175957833,81.31161412423981,419.77733005602204,390.0944609497257,29.682869106296323,65907.2349609375,67157.86389385142,64656.60602802356,0.037951188019195864,0.7793841944925655,151.31484035257026,66521.3515625,64952.2109375,66521.3515625,63772.80078125,0.0017027212286286897,0.003389285536066877,0.02302515590483667,0.03207584720156187
2026-09-07 11:10:00+09:00,66608.9375,66668.7109375,66595.4765625,66604.890625,0.0,66529.12461177623,66385.18445184286,66064.92231831973,65386.959444837594,65223.11488132084,81.23648119730268,415.637573678483,395.2030834954772,20.434490183005835,65983.3294921875,67209.04693436179,64757.612050013224,0.03715233685864271,0.7535499257112293,145.7376642559581,66606.046875,64974.828125,66606.046875,63772.80078125,-1.7359534970950996e-05,0.003309756437984701,0.023383842554891343,0.03177989537245929
2026-09-07 11:20:00+09:00,66600.890625,66600.890625,66456.3203125,66460.109375,0.0,66506.11953285083,66398.80716514416,66102.55918086071,65422.14468844947,65243.56107129902,72.23579829381272,396.10806285643775,395.3840793676693,0.7239834887684538,66049.2134765625,67227.79812158723,64870.62883153776,0.03568807508791769,0.6743175172746642,145.93999627338965,66668.7109375,64974.828125,66668.7109375,63772.80078125,-0.002173733019323554,-6.194591757013868e-05,0.02022767179273388,0.030815365483855883
2026-09-07 12:30:00+09:00,66169.7734375,66310.8203125,66125.046875,66187.3203125,0.0,66399.85312606723,66360.35501011794,66110.63166958826,65447.23241382818,65259.16039759986,58.976945496308915,354.53216121117293,387.21369573637,-32.681534525197094,66100.41953125,67207.39015956793,64993.448902932054,0.03349360370684494,0.5392516201545713,159.44874653957612,66668.7109375,64974.828125,66668.7109375,63772.80078125,-0.004104553318755366,-0.004711772111271495,0.01571624944797545,0.02736463218530405
2026-09-07 12:40:00+09:00,66187.6875,66211.59375,66033.3203125,66145.296875,0.0,66315.00104237816,66321.25353100558,66113.93311772271,65470.11977321086,65273.807281523834,57.23410488132611,314.5658995379781,372.6841364966917,-58.11823695871357,66156.1013671875,67148.54057409719,65163.66216027781,0.03000295320914803,0.4945565974659827,160.79336732246355,66668.7109375,64974.828125,66668.7109375,63772.80078125,-0.0006349167378523202,-0.005226597511338693,0.017124531590832603,0.02578424517104616
2026-09-07 12:50:00+09:00,66142.40625,66268.2421875,66138.671875,66262.6484375,0.0,66297.55017408545,66310.59805945911,66128.09648151103,65496.104319581,65290.151763440794,60.724533297660436,289.0298829901585,355.95328579538506,-66.92340280522654,66219.0998046875,67058.89412968955,65379.305479685456,0.025364111788864878,0.5259281537847919,158.56314912085904,66668.7109375,64974.828125,66668.7109375,63772.80078125,0.0017741482470290393,-0.0051556645922022915,0.019383335518740052,0.0284172127574569
2026-09-07 13:00:00+09:00,66266.7890625,66280.8125,66231.1796875,66267.4296875,0.0,66287.5100118903,66302.74926455745,66141.36631065284,65521.393675906205,65306.30511755747,60.86468142594299,266.11065483458515,337.98475960322514,-71.87410476864,66282.5962890625,66908.00274341503,65657.18983470996,0.018870909993479883,0.487874604221829,150.78241079079768,66668.7109375,64974.828125,66668.7109375,63772.80078125,7.215603530408288e-05,-0.005066608988219423,0.019538131274279724,0.031267264320145705
2026-09-07 13:10:00+09:00,66271.703125,66292.0703125,66198.2890625,66227.0078125,0.0,66267.34261209355,66288.9780914561,66149.52264416209,65544.5285656306,65321.52334392016,58.94951777660012,241.89685750659555,318.7671791838992,-76.87032167730365,66341.21875,66617.60536502324,66064.83213497676,0.008332274270232191,0.2933855489159659,146.71089930574072,66668.7109375,64980.87109375,66668.7109375,63772.80078125,-0.000609981029755069,-0.0035073905940288252,0.018022552824801474,0.035333937528514436
2026-09-07 13:20:00+09:00,66225.5625,66290.2421875,66220.9609375,66281.296875,0.0,66271.99403306236,66287.58150664589,66162.07257090855,65568.6849036427,65337.387369227275,60.73646019552211,224.50002575383405,299.9137484978862,-75.41372274405217,66344.9265625,66615.95664749033,66073.89647750967,0.00817033340853896,0.3826150840371326,141.1802100696164,66668.7109375,65600.421875,66668.7109375,63772.80078125,0.00081974204019164,0.001419857490170262,0.0011200642302320318,0.03593921395298261
2026-09-07 13:30:00+09:00,66282.6875,66298.2578125,66203.203125,66231.0,0.0,66258.32935537491,66277.293959983,66168.63708796487,65590.40015270359,65352.157825934264,58.208378296648064,204.2993381896522,280.7908664362394,-76.49152824658722,66341.866015625,66616.56567723009,66067.16635401991,0.008281336600944909,0.29820503786353564,137.88552988607236,66668.7109375,66033.3203125,66668.7109375,63959.12109375,-0.0007588396330695524,0.001295679799607763,-0.0009233503700413204,0.03309018283995835
2026-09-07 13:40:00+09:00,66233.6328125,66292.390625,66226.3515625,66291.859375,0.0,66269.50602858327,66279.94221725881,66180.37254387299,65613.3988157297,65367.69008294362,60.358499376421726,190.99927000472962,262.83254714993745,-71.83327714520783,66339.53359375,66615.0985055846,66063.96868191542,0.008307713271609483,0.4134972982724618,132.75363935849578,66668.7109375,66033.3203125,66668.7109375,64041.53125,0.0009188956077970101,0.0004408356470622099,-0.0007031879226443438,0.03353682451443474
2026-09-07 13:50:00+09:00,66290.296875,66337.5625,66267.203125,66337.5625,0.0,66292.19151905552,66290.41863230267,66195.34301588508,65637.14188734512,65383.72103198588,61.942015779640045,182.04819213898736,246.67567614774742,-64.62748400876006,66345.233203125,66615.63542014395,66074.83098610604,0.00815136834898396,0.48581612382923006,128.2969061900318,66668.7109375,66033.3203125,66668.7109375,64143.62890625,0.0006894228858700391,0.001058330054911183,0.0017213234949744471,0.032219885774192214
2026-09-07 14:00:00+09:00,66333.7578125,66366.2578125,66257.9375,66266.078125,0.0,66283.48705437034,66285.99308552036,66202.07969294365,65657.76274759609,65398.305446746446,58.03696163711885,167.25815885797783,230.79217268979352,-63.534013831815685,66345.43125,66615.59537224133,66075.26712775866,0.008144166588451587,0.35313903944449365,126.87000664074381,66668.7109375,66033.3203125,66668.7109375,64228.46875,-0.0010775851916476897,0.0005899453076698702,5.9776802615374436e-05,0.029977895455772785
2026-09-07 14:10:00+09:00,66264.8125,66293.0,66222.46875,66269.6796875,0.0,66278.8845987469,66283.02701315301,66208.5177876633,65677.82559808475,65412.70832675891,58.180012387302924,154.05175419214356,215.44408899026354,-61.392334798119975,66351.01875,66609.82382139096,66092.21367860904,0.007801088099825491,0.3428565134700765,122.84580973783355,66668.7109375,66033.3203125,66668.7109375,64228.46875,5.435001741327383e-05,-0.0001752709745843628,0.001689139919097471,0.03115221474467167
2026-09-07 14:20:00+09:00,66271.0234375,66324.890625,66243.3671875,66298.109375,0.0,66285.29285749793,66285.76926076155,66217.05031979061,65698.16277109836,65427.34305482901,59.357798032574905,144.2171757024771,201.19870633270625,-56.981530630229145,66348.0140625,66607.80919281144,66088.21893218857,0.007831285803572388,0.40395376649250353,119.89421172084545,66668.7109375,66033.3203125,66668.7109375,64228.46875,0.0004289999232538477,0.0010132622940919322,-0.0009055964021027485,0.03156442049094177
2026-09-07 14:30:00+09:00,66297.8203125,66340.15625,66261.9375,66266.0,0.0,66278.86190499863,66282.17484971399,66221.71219409627,65716.7803851607,65441.2051530963,57.391828127303846,132.3070894133998,187.42038294884497,-55.113293535445166,66342.2609375,66603.96293861918,66080.55893638082,0.007889450779065952,0.35429813839047797,116.91739302649934,66668.7109375,66033.3203125,66668.7109375,64228.46875,-0.0004843181095615101,-0.0003900837183298256,-0.0017333633368703527,0.02628022349115766
2026-09-07 14:40:00+09:00,66265.578125,66331.609375,66264.78125,66295.9609375,0.0,66284.5615824991,66284.68141112963,66228.78350299186,65735.76991146691,65455.33334787984,58.76423036720965,123.85809842435992,174.70792604394796,-50.84982761958804,66337.800390625,66599.46586363329,66076.1349176167,0.00788887998901075,0.42005163569351056,113.33958816746367,66668.7109375,66033.3203125,66668.7109375,64343.87890625,0.0004521313720460274,-0.0006271192508768841,-0.0013438383147968969,0.028423591291122152
2026-09-07 14:50:00+09:00,66296.6015625,66320.703125,66181.203125,66181.203125,0.0,66250.10876333274,66265.86717728787,66224.25203842121,65750.37427912373,65467.331195435545,51.872374422440586,106.67256091527815,161.10085301821402,-54.42829210293587,66323.64921875,66587.04174414916,66060.25669335084,0.007942642737598331,0.22959351535483946,115.20818901264484,66668.7109375,66033.3203125,66668.7109375,64455.73046875,-0.0017309925201655085,-0.0012808212346578918,-0.004258282269091862,0.021493806725160658
2026-09-07 15:00:00+09:00,66174.2265625,66231.3828125,66173.9375,66230.9375,0.0,66243.71834222184,66259.51632687189,66224.88874904776,65766.1304503,65479.95278724653,54.37002923076017,95.9598812609911,148.07265866676946,-52.11277740577836,66310.16328125,66563.34490604029,66056.98165645971,0.007636284161039909,0.3435396302641916,111.08226926174164,66668.7109375,66033.3203125,66668.7109375,64571.19921875,0.0007514879248426976,-0.0005846140751349926,-0.004055881027489883,0.02225793383810193
2026-09-07 15:10:00+09:00,66228.53125,66297.96875,66220.140625,66296.8828125,0.0,66261.43983231456,66266.31023334972,66231.7453265194,65783.53216709344,65493.455762870566,57.518163268101866,91.73379100466263,136.8048851343481,-45.07109412968546,66300.366015625,66539.27808023902,66061.45395101098,0.007206960654115165,0.4927102820641887,108.70697324304582,66668.7109375,66033.3203125,66668.7109375,64571.19921875,0.0009956874383667547,-1.850071610731696e-05,-0.002946863865252336,0.023967732109028805
2026-09-07 15:20:00+09:00,66302.5390625,66348.9921875,66274.0078125,66346.96875,0.0,66289.94947154305,66280.97541819522,66242.71898589851,65802.00549768054,65507.563415550394,59.78740956278841,91.37281170407368,127.71847044829322,-36.345658744219534,66287.412109375,66482.7425096771,66092.0817090729,0.005893438711404408,0.6524510279323851,106.29821622568542,66668.7109375,66033.3203125,66668.7109375,64571.19921875,0.0007554795244544277,0.001221874717049376,-0.0038897087750338066,0.025070954535323597
2026-09-08 09:00:00+09:00,65843.6875,66033.75,65763.109375,65970.453125,0.0,66183.45068936204,66224.51681943245,66216.78890390818,65807.52837070741,65515.214485128075,41.73803295082207,60.01327308731561,114.1774309760977,-54.164157888782086,66255.690234375,66440.25169797616,66071.12877077384,0.0055711883144915104,-0.27274286790280117,140.4097275667079,66668.7109375,66033.3203125,66668.7109375,64571.19921875,-0.005674948412771275,-0.004909919215242531,-0.009525389112520544,0.019317646982135894
2026-09-08 09:10:00+09:00,65959.1484375,66300.0625,65911.8828125,66254.03125,0.0,66206.97754290803,66229.88307953565,66220.33579401216,65822.16780937274,65527.42633248134,53.19816787516082,57.38153886520013,102.8182525539182,-45.43671368871807,66245.386328125,66404.38747700641,66086.38517924357,0.004800368982493642,0.5271850924846243,158.10758184765731,66600.890625,65763.109375,66668.7109375,64571.19921875,0.004298562637771841,0.0011004351924888134,-0.003100779203314419,0.024940060366263284
2026-09-08 09:20:00+09:00,66237.25,66484.8984375,66237.25,66427.0625,0.0,66280.33919527203,66265.73388325644,66240.0240517253,65842.0004221802,65542.29635177916,58.55505676537541,68.46878084087803,95.94835821131018,-27.479577370432153,66257.3734375,66432.39776732952,66082.3491076705,0.005283165351992374,0.9847584980479205,164.5033572513961,66366.2578125,65763.109375,66668.7109375,64580.1796875,0.002611633537393354,0.002961229410349153,0.0036221769723878694,0.026083003535920524
2026-09-08 09:30:00+09:00,66435.84375,66476.578125,66364.640625,66389.046875,0.0,66316.57508851468,66288.15442720981,66254.21670156097,65859.93637145298,65556.29222819605,57.011112658373484,73.34250995752518,91.42718856055319,-18.08467860302801,66269.5609375,66445.61411998625,66093.50775501376,0.005313244270692539,0.8393461447631948,160.74865316201067,66484.8984375,65763.109375,66668.7109375,64580.1796875,-0.000572291225432453,0.0013901718842597166,0.003685069256860851,0.026556096046523425
2026-09-08 09:40:00+09:00,66388.9296875,66649.640625,66362.28125,66649.3671875,0.0,66427.50578817647,66353.82947453529,66291.85008117421,65885.81934902829,65574.3595828953,64.00933375907616,97.09143935141037,92.56003871872463,4.531400632685745,66288.896875,66530.43405665968,66047.35969334033,0.00728740989958356,1.2462004607801884,169.79227615043848,66484.8984375,65763.109375,66668.7109375,64580.1796875,0.0039211334512776475,0.0045578335106681855,0.005836149914302924,0.029915233882929604
2026-09-08 09:50:00+09:00,66636.75,66791.84375,66636.75,66734.6328125,0.0,66529.88146295099,66423.06644507434,66334.01986510999,65913.64929865031,65593.53765280612,65.96377852707386,121.39351150499715,98.32673327597914,23.066778229018013,66312.25703125,66621.77497853577,66002.73908396423,0.00933516550763485,1.1823122616215003,168.74238142540716,66649.640625,65763.109375,66668.7109375,64580.1796875,0.0012793163475974811,0.011583665888303729,0.007050267789217246,0.03262824269643794
2026-09-08 10:00:00+09:00,66730.203125,66752.3515625,66583.7578125,66640.34375,0.0,66566.70222530066,66462.57140960627,66363.19356843285,65937.47534623554,65610.84023292502,61.95699497339903,131.52856006972434,104.96709863472819,26.561461434996147,66332.923828125,66670.81077203414,65995.03688421586,0.010187608940158691,0.9549153606208457,168.73176489502094,66791.84375,65763.109375,66791.84375,64580.1796875,-0.0014128955015744182,0.005830777278175159,0.006241199038770073,0.03090523106847254
2026-09-08 10:10:00+09:00,66634.3203125,66683.7734375,66520.15625,66547.09375,0.0,66560.16606686711,66477.93910785968,66380.70787143924,65957.46283488355,65626.31549767008,58.19231390359675,130.53147777632694,110.07997446304795,20.45150331327899,66346.213671875,66695.64433696619,65996.78300678381,0.0105335525797855,0.7874391090898964,168.36643793823376,66791.84375,65763.109375,66791.84375,64622.0,-0.001399302505848743,0.001806963088274438,0.004010133891937384,0.027727373225907792
2026-09-08 10:20:00+09:00,66539.671875,66591.546875,66415.4375,66466.5078125,0.0,66528.94664874475,66475.86069052156,66388.87929439741,65974.15283414966,65640.20297394827,55.07766926133751,121.83424190228106,112.43082795089458,9.403413951386483,66357.9890625,66706.96821434857,66009.00991065142,0.010518074968181535,0.6554802764365288,168.91950487121707,66791.84375,65763.109375,66791.84375,64725.140625,-0.0012109610346432431,0.0011667728510373898,0.0035558546979510552,0.02619694901162184
2026-09-08 10:30:00+09:00,66457.0625,66562.8125,66437.7109375,66545.453125,0.0,66534.4488074965,66488.51386042673,66403.79108778814,65992.88399122671,65655.16578636235,57.47871810765353,119.92937556903053,113.93053747452177,5.998838094508756,66370.66875,66727.45619142221,66013.88130857778,0.010751358940381837,0.7449418823477669,165.78965184470158,66791.84375,65763.109375,66791.84375,64749.19921875,0.0011877457549402948,-0.0015591155157957948,0.0038254131410837555,0.025783569132310946
2026-09-08 10:40:00+09:00,66546.9296875,66648.1796875,66514.890625,66604.34375,0.0,66557.74712166435,66509.57384034914,66422.89134133213,66012.9318521701,65670.8546783233,59.22933458766827,121.76807003079739,115.4980439857769,6.2700260450204865,66384.0078125,66754.5306220142,66013.4850029858,0.01116301415728699,0.7973311383837484,163.4681811772229,66791.84375,65763.109375,66791.84375,64794.5703125,0.0008849684273601888,-0.0019523455364782727,0.004021571489003728,0.026283991679561858
2026-09-08 10:50:00+09:00,66610.203125,66611.4375,66507.546875,66517.6875,0.0,66544.3939144429,66511.04905119474,66431.91954691954,66029.48121767273,65684.85191504523,55.60179714458245,114.90822301330627,115.38007979128278,-0.4718567779765124,66396.58828125,66767.32626032105,66025.85030217897,0.011167380393119817,0.6633218412818577,159.2126414502784,66791.84375,65763.109375,66791.84375,64794.5703125,-0.0013010600378448034,-0.0018405704877535456,0.0037969558802828374,0.024655104252475635
2026-09-08 11:00:00+09:00,66522.7421875,66561.3125,66471.6484375,66522.2421875,0.0,66537.01000546194,66513.0841668866,66440.5217031653,66045.6373150441,65698.69307657341,55.755181422502915,108.58754047239199,114.02157192750464,-5.434031455112645,66409.21640625,66779.00741960657,66039.42539289342,0.011136737741172095,0.6528238615428704,154.2448858109728,66791.84375,65763.109375,66791.84375,64794.5703125,6.847332899240222e-05,-0.0003734432429665091,0.0038111320469780274,0.024700910423706146
2026-09-08 11:10:00+09:00,66522.15625,66613.4765625,66498.28125,66525.7578125,0.0,66533.25927447464,66515.38846608903,66448.63942786385,66061.3789706984,65712.36356807634,55.88187690375056,102.67842263581406,111.75294206916654,-9.074519433352478,66420.598828125,66790.02349005737,66051.17416619264,0.011123797991894621,0.6423280511714308,151.45563057447475,66791.84375,65763.109375,66791.84375,64895.76171875,5.284886504708375e-05,0.0008914264033119679,0.0034337093417304843,0.02396671953669971
2026-09-08 11:20:00+09:00,66517.46875,66538.6171875,66424.53125,66445.1328125,0.0,66503.88378714977,66502.61471089102,66448.30546449586,66073.96106387222,65724.47545641391,52.19086799455826,90.44702350303123,107.49175835593948,-17.04473485290825,66429.55546875,66792.17637127086,66066.93456622913,0.010917456844685695,0.5214788276705954,148.78636678344083,66791.84375,65763.109375,66791.84375,64895.76171875,-0.0012119365889410316,-0.0015075457118243207,0.002703238651797335,0.02154038737805064
2026-09-08 12:30:00+09:00,66663.7109375,66710.859375,66634.140625,66642.296875,0.0,66550.02148309984,66528.01146800174,66466.78083692482,66092.5950248928,65739.64605837403,59.27487870897816,95.56147049584251,105.1057007839201,-9.544230288077586,66446.872265625,66815.35118572721,66078.3933455228,0.01109093347928228,0.765177461604576,157.1392379060522,66791.84375,65763.109375,66791.84375,64895.76171875,0.002967321369593323,0.0005698295766183303,0.005224088053064069,0.025230124135066312
2026-09-08 12:40:00+09:00,66647.3828125,66649.6796875,66546.7109375,66628.3515625,0.0,66576.13150956656,66546.25512154687,66482.16852507484,66110.16081301107,65754.33540554966,58.613347930520185,97.36704967258265,103.55797056165261,-6.190920889069957,66469.2296875,66824.5439510624,66113.91542393761,0.010691090155034989,0.7239170944119083,153.26991734133418,66791.84375,65763.109375,66791.84375,64895.76171875,-0.00020925618044287386,0.0016636787395833963,0.006756426543885086,0.026440588291294587
2026-09-08 12:50:00+09:00,66616.34375,66625.8125,66550.1484375,66625.8125,0.0,66592.69183971104,66560.72009944744,66495.84890363914,66127.06742569924,65768.73998562322,58.485363718157124,97.46953492875036,102.34028343507217,-4.870748506321803,66488.9734375,66832.82800754966,66145.11886745034,0.010343205866244477,0.698978106471349,147.90800360266746,66791.84375,65763.109375,66791.84375,64895.76171875,-3.810783908730908e-05,0.0015569275642886016,0.005962092866343527,0.025675429040825426
2026-09-08 13:00:00+09:00,66624.6171875,66641.75,66574.578125,66578.1484375,0.0,66587.84403897403,66563.88888818427,66503.68695448303,66141.85696706975,65782.11863772036,56.0127890419441,92.6368043183029,100.39958761171832,-7.762783293415424,66503.03671875,66837.18569197661,66168.88774552337,0.010049134286597454,0.6123925625518307,142.1411372739055,66791.84375,65763.109375,66791.84375,64952.109375,-0.0007153993431600059,0.0007875239113797061,0.004242516587023681,0.024538050358395846
2026-09-08 13:10:00+09:00,66582.5703125,66582.5703125,66477.2734375,66483.5390625,0.0,66553.07571348269,66549.27982896895,66501.76810762749,66153.0596587232,65793.71236374977,51.370385899272485,80.24760022955888,96.36919013528643,-16.121589905727546,66509.865234375,66836.47449840733,66183.25597034267,0.009821378013062886,0.4596977569619798,139.50940425434084,66791.84375,65763.109375,66791.84375,64952.2109375,-0.001421027427472188,0.0005780144966882617,0.0020584258041178582,0.02114351632611222
2026-09-08 13:20:00+09:00,66493.796875,66543.921875,66477.1328125,66512.2265625,0.0,66539.4593298218,66542.54287142915,66502.76415094869,66164.83562278145,65805.58863149771,52.65183689046316,71.91491782123921,91.47833567247699,-19.563417851237773,66536.95390625,66750.37006590523,66323.53774659477,0.006414966334525352,0.44206778017666576,134.3150941290308,66791.84375,65763.109375,66791.84375,64974.828125,0.0004314977873400849,-0.001951768150248001,0.008212364957891793,0.0219600596545948
2026-09-08 13:30:00+09:00,66511.59375,66511.59375,66375.8671875,66454.203125,0.0,66511.0405948812,66526.48109935112,66498.13929133453,66174.32308187058,65816.30953221676,49.79377477385273,59.938269434991525,85.1703224249799,-25.232052989988375,66546.9625,66721.62291876214,66372.30208123785,0.005249237897586731,0.23445793941924226,134.46111419124287,66791.84375,65911.8828125,66791.84375,64974.828125,-0.0008723725020012285,-0.002613728741835075,0.003021278422209228,0.02013700507937477
2026-09-08 13:40:00+09:00,66455.2890625,66529.2890625,66420.8984375,66485.6796875,0.0,66502.58695908746,66519.06266083273,66496.9526623979,66184.5314951699,65827.37350172558,51.336987009376756,52.38274911031476,78.61280776204687,-26.230058651732108,66549.893359375,66718.26145836363,66381.52526038636,0.0050599058988549375,0.3093057049977982,132.5989363918684,66791.84375,66237.25,66791.84375,64974.828125,0.0004736579632260707,-0.002103281104451793,0.0008824293186229237,0.020294897804364886
2026-09-08 13:50:00+09:00,66483.25,66503.453125,66371.65625,66382.296875,0.0,66462.49026439164,66494.19615431769,66486.03306359811,66191.015605984,65836.54578888715,46.30288650260059,37.619165532742045,70.4140793161859,-32.79491378344386,66549.555859375,66719.23425853017,66379.87746021984,0.005099309738857131,0.007129413031379511,132.54164629244923,66791.84375,66362.28125,66791.84375,64974.828125,-0.0015549636099972952,-0.002941679321164292,-0.00010167339821443022,0.020768910335440482
2026-09-08 14:00:00+09:00,66384.96875,66384.96875,66155.2890625,66166.84375,0.0,66363.9414262611,66434.67753535084,66455.63408135067,66190.22308611567,65842.00525931877,37.950696036553936,8.436403008643538,58.018544054677434,-49.5821410460339,66525.4296875,66757.29974151842,66293.55963348158,0.006970869789420984,-0.2732476257402148,139.48007780727428,66791.84375,66362.28125,66791.84375,64974.828125,-0.0032456413101478176,-0.004763514652886935,-0.0072397302159306065,0.017909478010702307
2026-09-08 14:10:00+09:00,66177.09375,66292.328125,66120.46875,66292.328125,0.0,66340.07032584073,66408.79582437796,66440.0811331268,66193.5707923086,65849.44861247053,44.257382226223164,-4.51357649610145,45.51211994452166,-50.02569644062311,66503.314453125,66735.52441365787,66271.10449259213,0.006983410148573666,0.045699229178554616,141.79288474961183,66791.84375,66155.2890625,66791.84375,64974.828125,0.001896484219107153,-0.0033061355613072108,-0.006627813308611619,0.01992119889226518
2026-09-08 14:20:00+09:00,66297.71875,66343.6328125,66204.2734375,66204.2734375,0.0,66294.80469639382,66371.60993585468,66417.62325735283,66193.92169870832,65855.31348561152,41.10049632490077,-21.632440620946,32.08320783142813,-53.71564845237413,66481.5109375,66738.70656880236,66224.31530619765,0.007737358182010851,-0.0389623039010474,141.61906262463958,66752.3515625,66120.46875,66791.84375,64980.87109375,-0.0013282787011789088,-0.0037609312240173276,-0.006543638402225382,0.017673086538480653
2026-09-08 14:30:00+09:00,66196.8125,66196.8125,66051.578125,66128.2421875,0.0,66239.2838600959,66327.36125433564,66390.06315546208,66191.76827211132,65859.82470382456,38.54394972529165,-40.863303503690986,17.493905564404308,-58.357209068095294,66460.568359375,66758.04906014925,66163.08765860075,0.008952096201334586,-0.05856761633621754,142.41022333002246,66710.859375,66120.46875,66791.84375,65600.421875,-0.0011484341727845404,-0.005376157718174013,-0.00629406242853392,-0.001191690756543684
2026-09-08 14:40:00+09:00,66129.7109375,66129.7109375,65855.5,65896.5,0.0,66125.02257339726,66249.02284445643,66343.05714065616,66182.08734515685,65860.43090706713,32.00857315531432,-73.95109646307537,-0.795094841091629,-73.15600162198375,66432.06796875,66817.90892777186,66046.22700972813,0.011616105619453754,-0.19402684736697953,151.82456005644943,66710.859375,66051.578125,66791.84375,65763.109375,-0.003504435923805671,-0.007318169118413764,-0.008575865217832379,-0.005969192034839144
2026-09-08 14:50:00+09:00,65904.6328125,65930.859375,65773.3828125,65773.3828125,0.0,66007.80931976484,66162.54283864616,66288.80244273653,66168.68719654514,65858.99209558668,29.17803681120985,-108.85314753993589,-22.406705380860483,-86.4464421590754,66393.464453125,66870.02956752773,65916.89933872226,0.014355783911207098,-0.1505738899941541,152.22827451670304,66710.859375,65855.5,66791.84375,65763.109375,-0.0018683418315085243,-0.005946496994576722,-0.011602149752436564,-0.008518807833261421
2026-09-08 15:00:00+09:00,65767.40625,65777.609375,65648.2734375,65678.7265625,0.0,65898.11506734323,66074.57624298322,66230.6999779521,66152.62291346169,65856.01249999847,27.187428362463862,-142.50849356835533,-46.427063018359455,-96.08143054999587,66347.18359375,66905.59443835872,65788.77274914128,0.016832993184094175,-0.09853514460163328,150.59310758693854,66710.859375,65773.3828125,66791.84375,65763.109375,-0.0014391269834764797,-0.009255996581429504,-0.013897249569402192,-0.008227338807451079
2026-09-08 15:10:00+09:00,65674.0625,65710.0,65452.3203125,65452.3203125,0.0,65749.51681572883,65961.43880107718,66156.56858124238,66129.66217244655,65849.339901858,23.12380957699594,-185.31351118528983,-74.20435265174554,-111.10915853354429,66293.915234375,66968.31447885201,65619.51598989799,0.02034573586709266,-0.1239589744259345,158.24214900930008,66710.859375,65648.2734375,66791.84375,65648.2734375,-0.0034471778283422516,-0.011358075331947881,-0.016016299236199405,-0.012221113803359773
2026-09-08 15:20:00+09:00,65442.44140625,65484.23046875,65370.421875,65370.421875,0.0,65623.15183548589,65853.98117815406,66081.69746636215,66104.7690479401,65841.42390141406,21.851485671404177,-223.27157970357803,-104.01779806211204,-119.25378164146599,66236.32421875,67012.01023646949,65460.63820103052,0.02342177126731038,-0.05815260554505837,155.0683236336358,66710.859375,65452.3203125,66791.84375,65452.3203125,-0.0012512686656329652,-0.011459858714394366,-0.017314814934431544,-0.01190345308899221
2026-09-09 09:00:00+09:00,65087.21875,65586.796875,65076.19140625,65390.1015625,0.0,65545.46841115726,65769.63942985333,66015.83118980385,66081.33732710601,65833.96402804359,22.948585591072217,-248.89651210731245,-132.9935408711521,-115.90297123616034,66179.54140625,67025.26940191751,65333.8134105825,0.02555859341713825,0.03327792872285879,180.4638339990904,66710.859375,65370.421875,66791.84375,65370.421875,0.0003010488067161088,-0.007684754691068552,-0.0170709254181034,-0.01458902617776392
2026-09-09 09:10:00+09:00,65373.87109375,65438.26953125,65275.94140625,65405.87109375,0.0,65498.93597202151,65703.49973237999,65957.73975208444,66059.19089322549,65826.88811177427,23.870863131433538,-264.87863030559674,-159.37055875804106,-105.50807154755569,66127.5783203125,67027.61197797711,65227.54466264789,0.02722112862820947,0.09906653466984214,179.1684262134411,66710.859375,65076.19140625,66791.84375,65076.19140625,0.00024116083127556642,-0.005587544733675398,-0.015640900616192166,-0.01469080743095974
2026-09-09 09:20:00+09:00,65424.3515625,65493.05859375,65339.62890625,65366.91015625,0.0,65454.92736676434,65642.30162762909,65901.47026676688,66036.49316414433,65819.28517036066,23.134098292380116,-277.4896680073143,-182.99438060789572,-94.4952873994186,66063.808984375,66989.29839282935,65138.319575920665,0.02801804566470685,0.1234971347273997,177.32994487676675,66710.859375,65076.19140625,66791.84375,65076.19140625,-0.0005956795139102633,-0.004747601279285973,-0.019137796542970653,-0.015338692210774663
2026-09-09 09:30:00+09:00,65371.859375,65404.30859375,65195.7890625,65404.30859375,0.0,65438.05444242623,65599.0301669238,65854.12153600337,66015.76580118058,65812.42605339189,25.51073712154661,-281.22448409264325,-202.64040130484523,-78.58408278779802,66002.6068359375,66932.55001797141,65072.6636539036,0.02817898342547184,0.17831462515863147,179.55777247485486,66649.6796875,65076.19140625,66791.84375,65076.19140625,0.0005721310279254155,-0.0007335373065580075,-0.018371202949570176,-0.015947194807921172
2026-09-09 09:40:00+09:00,65421.9296875,65562.8984375,65353.66015625,65482.94921875,0.0,65453.0193678675,65577.9245399831,65818.77179150305,65998.2964050353,65806.98015529863,30.385015981724493,-274.6724584148469,-217.0468127268456,-57.62564568800133,65945.463671875,66855.44427875149,65035.483064998516,0.027597974332374927,0.24586576371523725,181.67780881593666,66641.75,65076.19140625,66791.84375,65076.19140625,0.0012023768264024515,0.0017213801062072598,-0.01715346107411453,-0.01530371410808451
2026-09-09 09:50:00+09:00,65491.75,65728.53125,65491.75,65613.90625,0.0,65506.64832857833,65584.46666907708,65799.26078755037,65985.69344913251,65803.78885107882,37.696351632204895,-255.96221975372464,-224.8298941322214,-31.13232562150324,65897.2515625,66769.42994861088,65025.07317638911,0.026470857749922118,0.33756458712336695,186.24239613265547,66641.75,65076.19140625,66791.84375,65076.19140625,0.0019998645878414045,0.003422608042382258,-0.014482862772988936,-0.013218295864145135
2026-09-09 10:00:00+09:00,65598.28125,65753.03125,65567.6484375,65687.421875,0.0,65566.90617738556,65603.1857974267,65788.60946254557,65975.91405325932,65801.8654299866,41.41605351567758,-232.521758184419,-226.36826694266094,-6.153491241758076,65857.445703125,66690.7620922934,65024.12931395662,0.025306672017765458,0.3979836288263303,186.18099730175152,66582.5703125,65076.19140625,66791.84375,65076.19140625,0.001120427500839405,0.0043046713779935075,-0.01197465115013785,-0.013791915946069988
2026-09-09 10:10:00+09:00,65691.1328125,65772.828125,65665.2890625,65698.1015625,0.0,65610.63797242372,65620.4432092582,65779.98966254124,65966.80544700491,65800.15032473889,41.95817830339613,-210.65496270210133,-223.22560609454902,12.570643392447693,65816.739453125,66595.91769048144,65037.56121576856,0.02367720564192861,0.4238698638276213,180.56371624448357,66543.921875,65076.19140625,66791.84375,65076.19140625,0.00016258344741126862,0.00506665230861203,-0.012240230737652236,-0.01361445164147812
2026-09-09 10:20:00+09:00,65695.8828125,65794.03125,65668.640625,65685.8828125,0.0,65635.71958578248,65632.34131893852,65771.02710539446,65957.59486882442,65798.26160552833,41.485172511537776,-192.09694672361366,-216.99987422036196,24.902927496748305,65778.3234375,66501.76539787478,65054.88147712522,0.021996363621586294,0.43611054510018066,176.6227811555919,66529.2890625,65076.19140625,66791.84375,65076.19140625,-0.00018598330407426644,0.00430513256395626,-0.011561651127691586,-0.011649492752583979
2026-09-09 10:30:00+09:00,65683.9765625,65708.4921875,65626.9609375,65657.640625,0.0,65643.026598855,65636.94119276787,65760.22839297594,65947.76030345313,65795.9372918006,40.35282427799844,-177.62098965530458,-209.1240973073505,31.503107652045912,65736.921484375,66384.49702321536,65089.34594553463,0.01970203423640048,0.4387864004893041,169.8305289301925,66529.2890625,65076.19140625,66791.84375,65076.19140625,-0.0004299582542053315,0.0026677388287206227,-0.012454397193380595,-0.008002736551338652
2026-09-09 10:40:00+09:00,65657.09375,65657.09375,65518.9296875,65533.1484375,0.0,65606.40054507,65618.06978271916,65738.60173054966,65934.16647178253,65791.59367437415,35.72395336298091,-174.18625773960957,-202.1365293938023,27.950271654192733,65694.4640625,66275.10711961593,65113.821005384074,0.017677077221104058,0.3610888195225632,167.60770097089303,66503.453125,65076.19140625,66791.84375,65076.19140625,-0.001896080735081962,-0.0012308033024630571,-0.01279179054468349,-0.009254602616068475
2026-09-09 10:50:00+09:00,65532.16015625,65532.16015625,65407.55859375,65510.33984375,0.0,65574.38031129667,65598.4825210884,65716.86250323542,65920.27051676507,65786.94485072746,34.93330761988264,-171.32968884283036,-195.97516128360792,24.645472440777553,65661.6388671875,66204.76704519085,65118.51068918416,0.016543241605708945,0.36071517777469203,164.60642545511496,66384.96875,65076.19140625,66791.84375,65076.19140625,-0.0003480466648378977,-0.002695828610642992,-0.009921946839877793,-0.011353433819651704
2026-09-09 11:00:00+09:00,65512.33984375,65610.2890625,65497.421875,65515.4609375,0.0,65554.74052003112,65583.38768770869,65697.6814017368,65906.99807154326,65782.45751331875,35.27965519030762,-166.73064090267872,-190.1262572074221,23.395616304743385,65622.7955078125,66085.04306152434,65160.54795410065,0.014088017742456983,0.3838992554415936,160.91076560117818,66343.6328125,65076.19140625,66791.84375,65076.19140625,7.81722971092691e-05,-0.002779998518317117,-0.011718809845313483,-0.011347486292226705
2026-09-09 11:10:00+09:00,65515.12109375,65563.7265625,65374.8515625,65423.62890625,0.0,65511.03664877075,65554.34063653438,65671.5811640714,65891.14990218938,65776.52646196225,31.9911439344597,-168.55296605324838,-185.81159897658736,17.25863292333898,65583.76328125,65968.32653035696,65199.200032143024,0.011727391960043694,0.29179709011215055,162.90821091537973,66343.6328125,65076.19140625,66791.84375,65076.19140625,-0.0014016848837804519,-0.003992545963013128,-0.011791452284223958,-0.012130684033385686
2026-09-09 11:20:00+09:00,65429.421875,65495.23046875,65391.73828125,65495.23046875,0.0,65505.76792209718,65543.59333330086,65654.78585975507,65878.16893715858,65771.87694141328,36.92772727941755,-162.34807660081424,-181.11889450143275,18.77081790061851,65552.1126953125,65845.63954265449,65258.58584797052,0.008955526687791256,0.4031055811800533,158.66420924285262,66196.8125,65076.19140625,66791.84375,65076.19140625,0.0010944296991322044,-0.0024735911114686093,-0.009572486698726346,-0.01185955078296741
2026-09-09 12:30:00+09:00,65537.28125,65586.5,65421.1796875,65428.03125,0.0,65479.85569806479,65522.582045427975,65633.19018263553,65863.41032446486,65766.19354155521,34.40370801862176,-160.99719688337063,-177.09455497782034,16.097358094449703,65528.6892578125,65780.32808291988,65277.05043270512,0.0076802642615769814,0.2999950767343953,159.13964518979174,66129.7109375,65076.19140625,66791.84375,65076.19140625,-0.0010260169827490673,-0.0016040307845158752,-0.007109159818806776,-0.012123760021742092
2026-09-09 12:40:00+09:00,65432.03125,65467.98046875,65258.87890625,65279.87890625,0.0,65413.19676745986,65478.454201941066,65599.54148964644,65844.27814681847,65758.15528312042,29.600150553064125,-169.92251003200363,-175.660145988657,5.737635956653378,65504.0140625,65751.58822980017,65256.43989519983,0.007559053314318969,0.04733735208680229,162.70835356909234,65930.859375,65076.19140625,66791.84375,65076.19140625,-0.0022643558260817542,-0.003517932253895739,-0.007503094491229545,-0.015265531519118025
2026-09-09 12:50:00+09:00,65271.03125,65297.859375,65178.640625,65252.671875,0.0,65359.68846997325,65437.40286976996,65566.50628825153,65824.8812198736,65749.80018546553,28.80476199182482,-177.14919935035869,-175.95795666099735,-1.1912426893613315,65482.711328125,65739.63043963512,65225.79221661488,0.00784692955741351,0.05231151981479376,159.60195331415719,65794.03125,65076.19140625,66791.84375,65076.19140625,-0.0004167751488797222,-0.004011099956248376,-0.0064869510996771185,-0.016354092374135654
2026-09-09 13:00:00+09:00,65255.890625,65320.28125,65187.9296875,65187.9296875,0.0,65302.43554248217,65392.04410935724,65530.45137389425,65803.99756307446,65740.51306979668,26.949013205064205,-185.9569600772811,-177.9577573442541,-7.999202733027005,65469.491796875,65756.72502301194,65182.25857073807,0.008774567153449144,0.009871972052469135,157.65549682743168,65794.03125,65076.19140625,66791.84375,65076.19140625,-0.000992176805020728,-0.003602661953951647,-0.004039438536902473,-0.016269990136827617
2026-09-09 13:10:00+09:00,65175.171875,65185.26171875,65072.69921875,65117.6015625,0.0,65240.82421582145,65342.145464474095,65491.13234423766,65781.49277617037,65730.21701182485,25.06029394878705,-196.34868047498458,-181.6359419704002,-14.712738504584365,65456.85078125,65780.37222199007,65133.32934050994,0.009885029202557839,-0.024307164888301782,154.6251376790437,65794.03125,65076.19140625,66791.84375,65076.19140625,-0.0010788519490823045,-0.0057657466589140505,-0.0038675031497186207,-0.017384694334312667
2026-09-09 13:20:00+09:00,65121.94921875,65253.08984375,65117.2109375,65214.828125,0.0,65232.1588522143,65318.99685729698,65464.817656691215,65762.91360727954,65721.69818724923,32.140941044264736,-194.49678485524782,-184.20811054736976,-10.288674307878068,65448.087109375,65787.47304960604,65108.70116914397,0.010371149264114057,0.15635143250746603,153.2861211483977,65794.03125,65072.69921875,66791.84375,65072.69921875,0.0014930918855584618,-0.003258589948784363,-0.0026804276688953133,-0.016339549652504726
2026-09-09 13:30:00+09:00,65201.21875,65326.1796875,65152.87109375,65293.828125,0.0,65252.71527647621,65314.42072415208,65448.53293938729,65747.53375540153,65714.62595481536,37.322930115780885,-184.52738760495413,-184.27196595888665,-0.2554216460674752,65442.4849609375,65788.11483322152,65096.85508865349,0.010562859050670958,0.28494793439707716,154.71629776279786,65794.03125,65072.69921875,66791.84375,65072.69921875,0.0012113809431280043,0.00021368328164395045,-0.0017130414575382558,-0.014670749328464017
2026-09-09 13:40:00+09:00,65291.9609375,65321.6796875,65271.80859375,65316.390625,0.0,65273.94039265081,65314.77888794261,65435.947957064694,65733.39791506049,65708.04355266965,38.76126392799761,-172.8138725216195,-181.98034727143323,9.166474749813744,65439.958984375,65788.48750899684,65091.43045975315,0.010651856450737147,0.322728484692797,147.22735461902658,65794.03125,65072.69921875,66791.84375,65072.69921875,0.00034555333402730426,0.0009764925813622316,-0.0007728609342133597,-0.014775716327929622
2026-09-09 13:50:00+09:00,65317.98046875,65317.98046875,65223.46875,65296.41015625,0.0,65281.43031385055,65311.439118543945,65422.65864270139,65719.07044755851,65701.23969487759,37.93112671096487,-163.26111180081352,-178.2365001773093,14.975388376495772,65434.5640625,65788.43236411488,65080.69576088513,0.010815944346381737,0.30479474197103723,143.46195205695324,65794.03125,65072.69921875,66791.84375,65072.69921875,-0.0003059028301902744,0.0016641189445658622,-0.0016497145191182172,-0.013369248774139697
2026-09-09 14:00:00+09:00,65296.1484375,65296.1484375,65177.859375,65223.62890625,0.0,65262.163177983704,65295.47362539959,65403.703429706016,65702.82646259757,65693.34530167714,34.99136980275277,-159.72214130103384,-174.5336284020542,14.811487101020361,65421.598046875,65786.26338386552,65056.93270988448,0.011148163538568193,0.22856051762585522,141.68258271359946,65794.03125,65072.69921875,66791.84375,65072.69921875,-0.0011146286576220188,0.0016282439955690453,-0.0039601196279923645,-0.015209034203237715
2026-09-09 14:10:00+09:00,65218.66015625,65236.58984375,65091.46875,65091.46875,0.0,65205.265035322474,65258.381829872385,65373.966793543535,65682.78194743044,65683.39692892216,30.386088240734452,-165.67193880061677,-172.76129048176674,7.089351681149964,65395.476171875,65775.80758015142,65015.14476359858,0.011631734503371974,0.10033878972460056,141.92819064477092,65794.03125,65072.69921875,66791.84375,65072.69921875,-0.0020262619309324714,-0.0018915847598884872,-0.007962298388537126,-0.018182062434355162
2026-09-09 14:20:00+09:00,65096.87890625,65141.4296875,65049.46875,65097.8984375,0.0,65169.476169381654,65229.203031259225,65347.67456915844,65663.60543890813,65673.71926790691,30.86282744107686,-167.93255221140134,-171.79554282769368,3.862990616292336,65366.0,65742.6173710444,64989.382628955595,0.011523341524474554,0.1440663879144489,138.35910113443015,65794.03125,65072.69921875,66791.84375,65072.69921875,9.87792659079556e-05,-0.0030007382493320023,-0.008974677657799357,-0.01882633579246984
2026-09-09 14:30:00+09:00,65099.80078125,65118.6015625,65017.6796875,65058.23046875,0.0,65132.394269171105,65198.117110802996,65320.10846435763,65643.75707923081,65663.5458993258,29.519657631085764,-170.95432316331426,-171.6272988948178,0.6729757315035556,65334.0064453125,65700.92935454055,64967.08353608444,0.01123221823339996,0.12420447234722283,135.68501355339944,65794.03125,65049.46875,66791.84375,65049.46875,-0.0006093586690526509,-0.003952455942217825,-0.009739567484172706,-0.013827745801920366
2026-09-09 14:40:00+09:00,65061.3515625,65103.73828125,65034.4296875,65088.078125,0.0,65117.62222111407,65178.11002247517,65298.010336799765,65625.53809712488,65654.03403528738,31.920515363728626,-168.99260049698933,-171.10035921525213,2.107758718262801,65304.1162109375,65648.196825128,64960.035596746995,0.01053779253605078,0.1860647228764136,130.9438407102995,65794.03125,65017.6796875,66791.84375,65017.6796875,0.0004587837086091895,-0.003190558726758108,-0.009100961453261225,-0.017598221617646903
2026-09-09 14:50:00+09:00,65093.30078125,65161.62109375,65077.51953125,65161.62109375,0.0,65132.28851199272,65175.11203543423,65285.02088508074,65610.3277035716,65645.89497840247,37.56402087923342,-159.66312112312153,-168.812911596826,9.149790473704485,65279.315234375,65587.52974526747,64971.10072348252,0.009442945588074233,0.30907105852317146,127.5979636952781,65708.4921875,65017.6796875,66791.84375,65017.6796875,0.0011298992206953962,-0.0009506955307427845,-0.0075546353254297705,-0.019050088301736934
2026-09-09 15:00:00+09:00,65161.30859375,65179.87109375,65083.28125,65093.6015625,0.0,65119.39286216182,65160.29194944618,65266.790473406385,65593.38586288074,65636.7661616107,34.69900595505226,-155.96023668635462,-166.24237661473174,10.28213992837712,65257.337890625,65552.42402170195,64962.25175954805,0.00904376858190359,0.2225618033497047,125.3830979849011,65657.09375,65017.6796875,66791.84375,65017.6796875,-0.0010438587946137723,3.27663907568887e-05,-0.006707244890258868,-0.01951293735153503
2026-09-09 15:10:00+09:00,65093.23046875,65163.80078125,65077.05859375,65141.578125,0.0,65126.78794977455,65156.88943591051,65254.865487843876,65578.57249442562,65628.58123538573,38.27499457850878,-147.45460159559298,-162.484821610904,15.030220015311016,65238.8998046875,65513.8435074928,64963.9561018822,0.00842882708409944,0.32301525967951256,122.62303295026531,65610.2890625,65017.6796875,66791.84375,65017.6796875,0.000737039606787393,0.0006709846023975619,-0.00562906129978169,-0.02262270635305874
2026-09-09 15:20:00+09:00,65140.41015625,65154.0390625,65093.828125,65148.078125,0.0,65133.8846748497,65155.28737938132,65244.695262811125,65564.45792493626,65620.63903521407,38.76426636550785,-138.59172964021127,-157.70620321676546,19.11447357655419,65220.5306640625,65466.694921961185,64974.36640616381,0.007548673872852337,0.3528370046875008,118.16502613238922,65610.2890625,65017.6796875,66791.84375,65017.6796875,9.978266089172294e-05,0.0013810344302733757,-0.005607574261752846,-0.02377408282079918
2026-09-10 09:00:00+09:00,64768.53125,64927.1796875,64658.8984375,64798.76953125,0.0,65022.17962698314,65090.46595244835,65202.22614551959,65539.35338743834,65607.05441531385,26.57374274393625,-157.93356416643655,-157.7516754066997,-0.18188875973686436,65189.2876953125,65479.14811157497,64899.42727905003,0.008892884905177803,-0.17363141386798916,144.66607337293283,65586.5,65017.6796875,66752.3515625,65017.6796875,-0.005361763597688585,-0.004444878418354725,-0.009550973943915686,-0.027634524600572807
2026-09-10 09:10:00+09:00,64813.8984375,64813.8984375,64623.28125,64681.87890625,0.0,64908.746053405426,65016.1773985941,65152.66926558915,65511.23947002233,65591.76225813924,23.86869709689526,-180.612218690796,-162.32378406351896,-18.28843462727704,65148.6201171875,65480.54811087506,64816.69212349994,0.010189870271710998,-0.2030759981287339,147.94829581058048,65586.5,64658.8984375,66710.859375,64658.8984375,-0.00180390192353308,-0.0073623427325385515,-0.012418485387086009,-0.028028494388607328
2026-09-10 09:20:00+09:00,64680.94921875,64772.640625,64623.3203125,64639.01171875,0.0,64818.834608520294,64947.60182044063,65103.749499223515,65482.64183883307,65576.01431533942,22.9462048367064,-199.74174111083266,-169.8073754729817,-29.93436563785096,65109.169140625,65483.7044560629,64734.633825187106,0.011504840881288565,-0.1276543259015598,148.04629700268188,65586.5,64623.28125,66710.859375,64623.28125,-0.0006627387488562508,-0.0069836333040125265,-0.012059350039666628,-0.027494991897352383
2026-09-10 09:30:00+09:00,64628.0390625,64658.328125,64330.96875,64346.44140625,0.0,64661.37020776354,64838.29992695142,65031.624918940324,65445.38936563362,65555.69079618092,17.86991461403025,-235.79194182612264,-183.00428874360992,-52.78765308251272,65062.497265625,65554.51962425017,64570.474906999836,0.015124607240832762,-0.22766597576565584,160.85437400249032,65467.98046875,64623.28125,66710.859375,64623.28125,-0.004526218837828111,-0.01220628577993943,-0.014299007835791633,-0.033045258774019315
2026-09-10 09:40:00+09:00,64339.55078125,64526.12109375,64286.44140625,64434.46875,0.0,64585.73638850903,64764.876076596614,64974.75290285077,65412.244427416124,65537.15820037627,23.363351109845397,-254.32718913210556,-197.26886882130907,-57.05832031079649,65021.587109375,65575.70092866385,64467.47329008615,0.017043995507422995,-0.0297813724701065,166.48475353802672,65326.1796875,64330.96875,66710.859375,64330.96875,0.0013680219422584905,-0.010953651980811996,-0.012538998043901906,-0.03257858088272203
2026-09-10 09:50:00+09:00,64429.16015625,64553.01171875,64345.83984375,64383.96875,0.0,64518.480509006025,64695.62019903358,64918.48774543641,65378.53047077952,65518.09721772543,22.436201888786513,-269.9792810199069,-211.81095126102866,-58.16832975887826,64981.3890625,65594.86771463024,64367.910410369754,0.018881672459792727,0.013087936780265631,169.39097649959626,65326.1796875,64286.44140625,66710.859375,64286.44140625,-0.0007837420092021707,-0.006401368177986089,-0.012332972397713138,-0.0320774643586339
2026-09-10 10:00:00+09:00,64402.609375,64489.75,64302.30859375,64302.30859375,0.0,64446.42320392068,64624.10899807293,64859.80401670437,65343.244507598225,65498.001537990305,20.985939980038566,-285.6798295101253,-226.584726910848,-59.09510259927728,64940.6244140625,65617.55005100268,64263.69877712232,0.02084752473656823,0.028518506702007885,170.6802929103394,65326.1796875,64286.44140625,66710.859375,64286.44140625,-0.0012683305772448472,-0.00586826355261183,-0.012520316307526813,-0.03337129839209085
2026-09-10 10:10:00+09:00,64301.94921875,64464.2109375,64276.71875,64459.0703125,0.0,64450.638906780456,64594.101964332396,64821.63890201825,65314.25518972615,65480.82912104006,30.300101028531458,-282.22001011345856,-237.7117835513701,-44.50822656208845,64902.8365234375,65598.43551334708,64207.23753352792,0.02143508749909221,0.18101864912484572,171.8811425238866,65326.1796875,64286.44140625,66710.859375,64286.44140625,0.002437886324430316,-0.002783789564001049,-0.011588741920034007,-0.031065974563189047
2026-09-10 10:20:00+09:00,64463.8984375,64480.08984375,64275.6015625,64290.91015625,0.0,64397.39598993697,64538.97618104469,64771.093307183175,65280.7028935466,65461.161038977414,26.668444118894996,-289.7076283483839,-248.11095251077285,-41.59667583761103,64852.690625,65572.49295864177,64132.88829135823,0.022198071558939943,0.10976754138339333,174.21022386146612,65326.1796875,64276.71875,66710.859375,64276.71875,-0.0026087896619475526,-0.0008630042126090975,-0.01536007303523379,-0.032421075330362426
2026-09-10 10:30:00+09:00,64286.76953125,64332.25,64186.6796875,64332.25,0.0,64375.68065995799,64501.38960267292,64729.29870649907,65249.60607736475,65442.50135238275,28.9238013521352,-288.9747191638162,-256.28370584138156,-32.69101332243463,64803.48359375,65524.3152125407,64082.651974959306,0.02224669350523056,0.17313198986708708,172.1645159070757,65321.6796875,64275.6015625,66710.859375,64275.6015625,0.0006430122648681813,-0.0015863985842204942,-0.015067284269429937,-0.0346633742131206
2026-09-10 10:40:00+09:00,64335.109375,64496.890625,64335.109375,64491.37890625,0.0,64414.24674205533,64499.569476050565,64706.63967790392,65224.74617011508,65426.78032021527,36.960901262742524,-272.413299570042,-259.50962458711365,-12.90367498292835,64763.23203125,65458.936003857525,64067.52805864248,0.021484535307682844,0.3046201145143055,171.62709512799887,65317.98046875,64186.6796875,66649.6796875,64186.6796875,0.002473547967776657,0.001668274856852392,-0.012328874559468295,-0.032073023062043404
2026-09-10 10:50:00+09:00,64503.71875,64546.48828125,64394.96875,64527.19140625,0.0,64451.89496345355,64504.59164517773,64689.549366317835,65201.8755221195,65411.91108196791,38.64246496285074,-253.47656570517574,-258.3030128107261,4.826447105550358,64728.41015625,65397.66626897212,64059.15404352788,0.020678898527140735,0.34966984523939076,170.19084056528467,65296.1484375,64186.6796875,66641.75,64186.6796875,0.0005553067806483014,0.0034972743190413436,-0.010677687084860499,-0.031498619153800145
2026-09-10 11:00:00+09:00,64526.48046875,64599.19921875,64495.3515625,64553.62109375,0.0,64485.80367355237,64513.506090372684,64676.60381654947,65180.621278566396,65397.72447059242,39.91626805936214,-233.6431203329339,-253.37103431516766,19.72791398223376,64701.5177734375,65353.25305572421,64049.78249115079,0.020145903982310392,0.3865362335697207,165.45204168562148,65236.58984375,64186.6796875,66641.75,64186.6796875,0.00040958992517747816,0.0014668343926094174,-0.008262951606081259,-0.03040828546997698
2026-09-10 11:10:00+09:00,64548.26953125,64654.140625,64522.58984375,64562.2109375,0.0,64511.272761534914,64522.36151712311,64665.709256639995,65160.34552967897,65383.91432954957,40.349703998318354,-214.7562668181272,-245.64808081575956,30.89181399763237,64674.7333984375,65302.703955024364,64046.762841850636,0.019419347358362232,0.4104078529182321,163.0305230830771,65179.87109375,64186.6796875,66582.5703125,64186.6796875,0.00013306525032152905,0.004219893303589073,-0.008228952283525826,-0.028899305784455764
2026-09-10 11:20:00+09:00,64558.7109375,64614.48828125,64556.76953125,64597.4609375,0.0,64540.00215352328,64536.01595719163,64659.209416721904,65141.89029714851,65370.91509992891,42.1926377028581,-194.69954378722468,-235.45837341005262,40.75882962282793,64651.694921875,65255.02247833743,64048.367365412574,0.01866393625693765,0.4550542787296183,155.50825357714302,65179.87109375,64186.6796875,66543.921875,64186.6796875,0.000545985019535955,0.0041225192263600885,-0.007082417211936365,-0.028788175106433056
2026-09-10 12:30:00+09:00,64726.078125,64757.4296875,64645.01953125,64682.51171875,0.0,64587.50534193219,64562.65155020224,64661.428683581726,65126.82870441413,65359.53653164497,46.488479418225495,-169.98211107028328,-222.36312094209876,52.38100987181548,64631.4166015625,65201.03329223099,64061.79991089401,0.017626619394095645,0.5448504389219482,155.82686046448995,65179.87109375,64186.6796875,66529.2890625,64186.6796875,0.0013166273103564219,0.0029636955472427395,-0.00623103981455897,-0.02666033633594944
2026-09-10 12:40:00+09:00,64675.87109375,64747.76953125,64661.6484375,64739.19140625,0.0,64638.06736337147,64594.74970584728,64668.83465716918,65114.1192848022,65349.28289320869,49.197924759545224,-144.15802647927921,-206.72210204953487,62.56407557025565,64610.2951171875,65128.7335676107,64091.8566667643,0.016048168468597083,0.6243120460657184,150.8478771277407,65179.87109375,64186.6796875,66529.2890625,64186.6796875,0.0008762753021474001,0.0032854366567001136,-0.0064827989299443,-0.02626863844152527
2026-09-10 12:50:00+09:00,64739.3984375,64751.12890625,64684.44140625,64751.12890625,0.0,64675.75454433098,64623.18228773869,64676.672204700684,65102.21796091524,65339.39605044905,49.77472580570283,-121.33037585693819,-189.64375681101552,68.31338095407733,64593.171484375,65067.36064376883,64118.982324981174,0.014682330918169355,0.6665552857396837,144.83642161861638,65179.87109375,64186.6796875,66503.453125,64186.6796875,0.0001843937148533481,0.003059593081744527,-0.005261233793019904,-0.02457233397364278
2026-09-10 13:00:00+09:00,64747.671875,64790.96875,64706.859375,64755.9609375,0.0,64702.490008720655,64647.32386042256,64684.22351258634,65090.86527162293,65329.752494863125,50.02208256043005,-101.6773208723971,-172.05046962329186,70.37314875089476,64573.890625,64984.40063126913,64163.38061873087,0.012714426908333036,0.7217611138821256,140.49877543157237,65163.80078125,64186.6796875,66384.96875,64186.6796875,7.462466418139968e-05,0.003000981490357546,-0.005919678316052446,-0.021323108864475637
2026-09-10 13:10:00+09:00,64753.21875,64788.5390625,64723.640625,64753.91015625,0.0,64719.630057897106,64666.70318693664,64690.8603357924,65079.81756292218,65320.234439679436,49.90973568068961,-85.2845073987919,-154.6972771783919,69.41276977959998,64554.1822265625,64882.06624670715,64226.29820641785,0.010158412943529926,0.8045710028798987,135.0987512936029,65154.0390625,64186.6796875,66343.6328125,64186.6796875,-3.1669381788335116e-05,0.0024219097233770803,-0.0060503391672385165,-0.023206576270019985
2026-09-10 13:20:00+09:00,64757.6015625,64823.2890625,64743.66015625,64783.859375,0.0,64741.03983026474,64688.00431203906,64699.7173871455,65070.11401577719,65311.36873613102,51.6186795818018,-69.08012033372506,-137.57384580945853,68.49372547573347,64553.43671875,64879.15352230585,64227.71991519415,0.010091385373483702,0.8537162555546312,131.13661950477413,64927.1796875,64186.6796875,66343.6328125,64186.6796875,0.00046250826672444845,0.0015668478783055217,-0.00023009937314955042,-0.021455020782622736
2026-09-10 13:30:00+09:00,64783.30859375,64799.66015625,64735.98828125,64796.9296875,0.0,64759.669782676494,64707.80892575923,64708.97570146497,65061.15715255498,65302.86561136026,52.38221438075992,-54.55449163222511,-120.96997497401185,66.41548334178674,64559.1892578125,64897.59338804167,64220.78512758332,0.010483530977372743,0.851267033186771,126.31770918300455,64823.2890625,64186.6796875,66196.8125,64186.6796875,0.00020175260668464645,0.0008918597837850317,0.0017787173655972044,-0.020132283211539148
2026-09-10 13:40:00+09:00,64799.96875,64932.109375,64798.0703125,64914.44140625,0.0,64811.26032386767,64745.37846766664,64728.54386382545,65056.34680021711,65296.445376565054,58.69389800969431,-33.178155494206294,-103.41161107805074,70.23345558384445,64572.9607421875,64944.07424634557,64201.847238029426,0.011494393315486033,0.960075772285901,126.95070763421852,64823.2890625,64186.6796875,66129.7109375,64186.6796875,0.0018135383777708736,0.0025221567987865345,0.004261044223547561,-0.014903046349199145
2026-09-10 13:50:00+09:00,64912.58984375,64966.98828125,64872.109375,64962.671875,0.0,64861.73084091178,64784.88635990907,64750.8417696516,65053.27549119359,65290.928459183815,60.97996358860118,-12.20477035195654,-85.17024293283191,72.96547258087537,64603.772265625,64996.25230914217,64211.292222107826,0.012150375427101973,0.9572202017696997,124.65986467820292,64932.109375,64186.6796875,65930.859375,64186.6796875,0.000742985192588641,0.003192153039000001,0.009576760661237582,-0.012325820914686592
2026-09-10 14:00:00+09:00,64962.58984375,64995.078125,64847.87109375,64868.12109375,0.0,64863.86092519119,64800.019947880144,64762.01122908954,65047.204855211836,65283.93990768905,54.60029941484878,-3.17605775786069,-68.77140589783767,65.59534813997698,64625.4548828125,65025.958772322294,64224.9509933027,0.012394617267639942,0.8029511289322534,126.27037657618843,64966.98828125,64186.6796875,65794.03125,64186.6796875,-0.0014554632455994199,0.001763768971239088,0.006730129884868541,-0.012341979072609255
2026-09-10 14:10:00+09:00,64867.73828125,64902.5,64835.76171875,64892.87109375,0.0,64873.530981377466,64816.90197440193,64774.47407334292,65042.144731885215,65277.475960351214,55.90087441147719,5.908273280343565,-53.83547006220142,59.74374334254499,64650.9,65051.465506582936,64250.33449341707,0.012391645176878718,0.8020368576093311,122.01808405288925,64995.078125,64186.6796875,65794.03125,64186.6796875,0.00038154334644957544,0.0016826987432005946,0.00790417791307707,-0.00854743141387393
2026-09-10 14:20:00+09:00,64899.1015625,64955.83984375,64865.859375,64955.83984375,0.0,64900.96726883498,64842.16340519249,64791.74700385788,65039.31506342176,65272.159660903264,59.11032451325205,17.981444056364126,-39.472087238488314,57.45353129485244,64683.5765625,65071.489132644085,64295.66399235591,0.011994159592250399,0.8509338214392898,119.72968295982572,64995.078125,64186.6796875,65794.03125,64186.6796875,0.0009703492685511073,0.002452433425725431,0.01016341814613364,-0.006342043073284009
2026-09-10 14:30:00+09:00,64963.9609375,65030.44921875,64948.23046875,65010.0390625,0.0,64937.32453339,64872.68625197567,64812.53672372856,65038.35519453908,65267.82708902884,61.69445775040883,31.559148649474082,-25.265840060895833,56.824988710369915,64711.125,65109.4658565092,64312.7841434908,0.01231135624698854,0.8751988499491189,117.05033060555246,64995.078125,64186.6796875,65794.03125,64186.6796875,0.0008344010158343185,0.001472671630211364,0.008547575187306977,-0.005812232905568093
2026-09-10 14:40:00+09:00,65014.6484375,65100.1015625,65007.390625,65055.140625,0.0,64976.59656392667,64905.85977434373,64835.641857182985,65038.9055365214,65264.31161028457,63.74760987045423,45.43514841729484,-11.1256423652577,56.560790782552544,64749.3365234375,65125.08671031453,64373.586336560475,0.011606302305229505,0.9069247497973703,115.31180252658443,65030.44921875,64186.6796875,65794.03125,64186.6796875,0.0006937630426069319,0.001423413590160294,0.011887068745684903,-0.005362369813059709
2026-09-10 14:50:00+09:00,65050.66015625,65050.66015625,64878.69921875,64937.578125,0.0,64963.59041761779,64911.62674719031,64845.35007316556,65035.583326307584,65258.91105680879,55.41053394127595,46.41067360954912,0.38162082970366384,46.02905277984546,64779.6029296875,65110.99201830406,64448.21384107094,0.010231278786202327,0.7383530429019183,119.67820279254268,65100.1015625,64186.6796875,65794.03125,64186.6796875,-0.001807120834273035,0.0010707421469726697,0.009409403914832692,-0.006568033125992079
2026-09-10 15:00:00+09:00,64943.890625,65063.48828125,64943.890625,65057.28125,0.0,64994.820695078524,64938.109384064795,64865.53399476884,65036.294733641764,65255.57833272931,61.00298931219834,56.19504464497004,11.54430559275694,44.6507390522131,64807.898046875,65132.586675879065,64483.20941787094,0.010020032705557564,0.8840343961073507,120.1233423252182,65100.1015625,64335.109375,65794.03125,64186.6796875,0.0018433567813320728,0.0025335626776703535,0.008774852598091298,-0.005305878943014486
2026-09-10 15:10:00+09:00,65059.2109375,65118.5703125,65050.6484375,65093.75,0.0,65027.79713005235,64966.40767787119,64887.26885240991,65038.17851286662,65252.90348425445,62.544293372974956,66.12965107277705,22.461374688760962,43.66827638401609,64836.2259765625,65156.84388561613,64515.60806750887,0.00989008549539978,0.9016057995600363,116.39466608770262,65100.1015625,64394.96875,65794.03125,64186.6796875,0.0005605636955510196,0.0021231371433536594,0.00878015269846566,-0.005943520006251646
2026-09-10 15:20:00+09:00,65093.1015625,65143.46875,65074.03125,65128.80859375,0.0,65061.467617951566,64995.93511712188,64910.27263729944,65041.149990928374,65250.8523290395,64.0166626382924,75.95625730741449,33.16035121249167,42.79590609492282,64864.9853515625,65182.21594690688,64547.75475621812,0.009781258521065483,0.9158225058669053,113.04058279572386,65118.5703125,64495.3515625,65794.03125,64186.6796875,0.0005385861737878805,0.0018269413918643451,0.008910228276190146,-0.007393214090953504
2026-09-11 09:00:00+09:00,64276.8203125,64312.01953125,63341.87109375,63540.44140625,0.0,64554.45888071771,64731.29989696335,64779.81252005663,64991.94643077499,65222.58107411736,21.938831734191126,-43.91778703648015,17.744723562697306,-61.66251059917745,64813.896875,65464.08452816116,64163.709221838835,0.020063217442861502,-0.47929840912739125,232.604648310315,65143.46875,64522.58984375,65794.03125,64186.6796875,-0.024388089108272504,-0.023283313266222017,-0.01582612361647795,-0.03268480338344837
2026-09-11 09:10:00+09:00,63548.3203125,63608.921875,63214.76171875,63214.76171875,0.0,64107.89316006181,64455.56568274274,64630.76006278933,64933.67807956105,65189.39397733443,19.15822241146948,-163.31585625705338,-18.467392401252837,-144.84846385580056,64744.7619140625,65696.4462943118,63793.07753381321,0.029398034747969006,-0.3038380302678276,244.14432744886395,65143.46875,63341.87109375,65794.03125,63341.87109375,-0.005125549654553807,-0.026530345848958303,-0.02140485397851477,-0.037799263368174296
2026-09-11 09:20:00+09:00,63221.98046875,63661.51171875,63208.62890625,63597.5390625,0.0,63937.77512754121,64299.5608426986,64532.35806276178,64889.87024293609,65163.082325849566,30.334218158341343,-224.46525792551984,-59.66696550610624,-164.7982924194136,64690.51328125,65765.86463770448,63615.161924795524,0.03324602949985122,-0.00819400198351362,259.0542192382308,65143.46875,63214.76171875,65794.03125,63214.76171875,0.0060551892207239,-0.022437798805187592,-0.01677381764282182,-0.03179288548136239
2026-09-11 09:30:00+09:00,63616.109375,63637.7109375,63304.46875,63397.16015625,0.0,63757.57013711081,64135.48799061703,64424.24397642733,64840.928928618516,65133.89352965784,28.141006898939082,-285.8009667634833,-104.89376575758166,-180.90720100590164,64623.41171875,65836.85665375422,63409.966783745775,0.03755434455504463,-0.005276971012998633,264.3533598283572,65143.46875,63208.62890625,65708.4921875,63208.62890625,-0.0031507336479337233,-0.026063790206433013,-0.020729811739206183,-0.034428292689659856
2026-09-11 09:40:00+09:00,63382.62890625,63392.890625,63239.98046875,63332.859375,0.0,63615.99988307388,63989.55551505029,64320.3025858152,64791.48402522119,65104.12437007672,27.455016093364478,-335.7284252774043,-151.06069766154621,-184.6677276158581,64552.4982421875,65887.48006230708,63217.51642206793,0.04136112021911222,0.04320019613515779,256.6980975191889,65143.46875,63208.62890625,65657.09375,63208.62890625,-0.0010142533370820495,-0.02757534273277562,-0.02190339466209834,-0.03357520758518795
2026-09-11 09:50:00+09:00,63324.48046875,63660.828125,63314.8515625,63655.73828125,0.0,63629.24601579926,63928.861472541146,64257.01074728519,64754.24645984508,65080.18410414571,35.90422713592636,-345.2626931270279,-189.90109675464254,-155.36159637238535,64497.487109375,65884.07566873492,63110.898550015074,0.04299666921933076,0.19646770037048156,263.07513073210396,65143.46875,63208.62890625,65610.2890625,63208.62890625,0.005098126145516302,0.0018145431861709138,-0.016990291554964232,-0.028310058639955837
2026-09-11 10:00:00+09:00,63645.55859375,63645.55859375,63469.140625,63543.05078125,0.0,63600.51427094951,63858.71407412457,64189.01456004374,64714.53512612065,65054.7769417838,34.39842442708678,-357.7872597542082,-223.47832935455568,-134.30893039965252,64436.944140625,65878.12602150705,62995.76225974294,0.04473154027096217,0.1898748966966254,257.61245398338224,65143.46875,63208.62890625,65610.2890625,63208.62890625,-0.0017702645989606802,0.005193234199957875,-0.018699401658961112,-0.030106025784228607
2026-09-11 10:10:00+09:00,63542.12890625,63666.609375,63492.55859375,63492.55859375,0.0,63564.529045216346,63792.14035042009,64122.68542039672,64674.47032178062,65028.95515090721,33.71609687232325,-367.55047352474503,-252.29275818859358,-115.25771533615145,64372.3791015625,65860.5435457578,62884.21465736721,0.04623611756984678,0.2043940569725634,251.64376307385493,65143.46875,63208.62890625,65586.5,63208.62890625,-0.0007946138386371038,-0.0016507001732697368,-0.019932446039920726,-0.029516404772764293
2026-09-11 10:20:00+09:00,63471.44921875,63519.828125,63410.4296875,63428.76953125,0.0,63519.275873894236,63726.072928752794,64056.59819285894,64633.62767291076,65002.50580182197,32.83009782972074,-376.09969188029936,-277.0541449269348,-99.04554695336458,64303.97109375,65833.00541483918,62774.936772660825,0.04755645087175,0.21380578237231135,241.48338267572245,65143.46875,63208.62890625,65586.5,63208.62890625,-0.0010046699001082793,0.0004985929168135339,-0.021114583095963146,-0.03155131942754186
2026-09-11 10:30:00+09:00,63434.26171875,63487.46875,63324.5390625,63355.44921875,0.0,63464.66698884616,63658.68679966137,63989.82210008666,64591.72018261041,64975.28172606872,31.795839500819042,-384.3606748724851,-298.51545091604487,-85.84522395644024,64226.021484375,65781.34953261551,62670.69343613449,0.04843295637170651,0.22013226836298327,235.87240444888516,65143.46875,63208.62890625,65586.5,63208.62890625,-0.0011559472624464995,0.0003566844126876578,-0.024016107259453356,-0.03167727947262666
2026-09-11 10:40:00+09:00,63353.078125,63360.19921875,63233.69921875,63310.26171875,0.0,63413.19856548078,63595.33678495021,63925.102063768885,64549.70515100843,64947.76073421222,31.14463295436525,-390.0574772182372,-316.82385617648333,-73.23362104175385,64143.4009765625,65708.94662408119,62577.855329043814,0.04881392703485509,0.23391409597893678,228.06008984539338,65143.46875,63208.62890625,65467.98046875,63208.62890625,-0.0007132377807625989,-0.005427265032628803,-0.025436302241840347,-0.030171887884911874
2026-09-11 10:50:00+09:00,63301.05859375,63417.28125,63257.73046875,63417.28125,0.0,63414.559460320525,63562.96305132289,63876.73817674328,64512.57649851634,64922.463552655,34.562869563592486,-381.53851385985763,-329.76678771315824,-51.77172614669939,64070.858984375,65629.7977047075,62511.920264042514,0.048662956765186206,0.29037734907385915,223.16656780286527,65143.46875,63208.62890625,65326.1796875,63208.62890625,0.0016903978651268137,-0.0019792806562430876,-0.022365991480671865,-0.028127440183843055
2026-09-11 11:00:00+09:00,63418.421875,63501.7109375,63385.640625,63481.12890625,0.0,63436.749275630355,63548.08411585509,63839.06110336297,64478.75854467154,64898.63983949128,36.585513343039125,-365.42283478865284,-336.8979971282572,-28.524837660395633,64000.271875,65531.537790877905,62469.00595912209,0.0478518565942547,0.33048569051040255,215.51683528123206,65143.46875,63208.62890625,65326.1796875,63208.62890625,0.0010067863994089876,-0.0001800161743855666,-0.021754965741313415,-0.026182773243944357
2026-09-11 11:10:00+09:00,63472.6484375,63556.6484375,63465.640625,63514.6484375,0.0,63462.715662920236,63542.00490160871,63808.16465899507,64447.14837722329,64875.76394854928,37.674687386186335,-345.9583049916764,-338.7100587009411,-7.248246290735324,63928.2123046875,65407.5868260527,62448.8377833223,0.04628236792589696,0.3602234048191351,206.6233336540012,65143.46875,63208.62890625,65326.1796875,63208.62890625,0.0005280235532594268,0.0013539424914696951,-0.022187249209874804,-0.02461628018442119
2026-09-11 11:20:00+09:00,63514.2109375,63526.75,63404.05859375,63469.390625,0.0,63464.94065028016,63528.80230586167,63775.90046528125,64415.090746002854,64852.518108490614,36.756722875751635,-330.3760823018383,-337.0432634211205,6.667181119282191,63851.1798828125,65255.76047443093,62446.59929119408,0.04399544673086021,0.36409136645815854,200.62819598228683,65143.46875,63208.62890625,65326.1796875,63208.62890625,-0.0007125570811359339,0.001798446821150046,-0.023698623469812663,-0.026764426897736282
2026-09-11 12:30:00+09:00,63361.0390625,63395.94921875,63283.12890625,63316.78125,0.0,63415.55418352011,63490.253022977726,63732.17482573066,64379.08059859292,64827.134028184984,33.768832761511746,-326.57678580920765,-334.94996789873795,8.373182089530303,63764.2619140625,65071.87033832002,62456.65348980499,0.04101383392533671,0.32889347615032744,199.60201903712348,65143.46875,63208.62890625,65326.1796875,63208.62890625,-0.0024044562819528492,0.0001029774806327044,-0.026721322224487976,-0.030279230545574687
2026-09-11 12:40:00+09:00,63313.51171875,63501.12890625,63304.94140625,63443.83984375,0.0,63424.98273693008,63481.81426311813,63704.71435125631,64348.41696728659,64804.26966150011,38.26813095876327,-309.7427279638723,-329.9085199117648,20.1657919478925,63689.575,64886.54079947773,62492.60920052227,0.03758749526834588,0.39735080302327,199.3581248201861,65143.46875,63208.62890625,65321.6796875,63208.62890625,0.002006712774111463,0.0004187911122413013,-0.023002679255679448,-0.028668926181191545
2026-09-11 12:50:00+09:00,63446.75,63542.609375,63411.2890625,63525.1484375,0.0,63458.37130378672,63489.69320391484,63687.612835660475,64321.42455647392,64783.127161929864,41.02895228648501,-286.53766401993926,-321.2343487333997,34.696684713460456,63612.968359375,64633.035002884724,62592.90171586528,0.03207102796231611,0.4569538311865384,194.49828108302998,65143.46875,63208.62890625,65317.98046875,63208.62890625,0.0012815837432009758,0.0006934270390026587,-0.02355052014258585,-0.027126479304321438
2026-09-11 13:00:00+09:00,63515.44140625,63585.76171875,63476.78125,63562.76171875,0.0,63493.16810877448,63502.97838843032,63675.72225309757,64296.55036507313,64762.95583229053,42.31420118667935,-262.09118220894015,-309.40571542850785,47.31453321956769,63536.4189453125,64297.37754729952,62775.46034332548,0.023953462112556136,0.5173089399138886,188.389865916385,65143.46875,63208.62890625,65296.1484375,63208.62890625,0.0005921006432123566,0.0007575147219360812,-0.02351974315890537,-0.025464194730521195
2026-09-11 13:10:00+09:00,63563.73046875,63655.05859375,63516.1796875,63623.9296875,0.0,63536.75530168299,63524.96953371572,63670.789627802566,64274.49722810352,64744.128953864245,44.43508356376807,-235.07166553697607,-294.5389054502015,59.467239913225455,63461.175,63686.56811485195,63235.781885148055,0.007103338847789936,0.8610462715484999,184.8533687973575,65143.46875,63208.62890625,65236.58984375,63208.62890625,0.000962323962899081,0.0024348597170733566,-0.023106194305455352,-0.022545797332311657
2026-09-11 13:20:00+09:00,63620.80859375,63869.46875,63620.80859375,63862.41015625,0.0,63645.306919872004,63586.322374176496,63689.03920194042,64260.986176567334,64729.55508944087,51.86556557313311,-192.19956618671858,-274.071037597505,81.8714714107864,63477.2734375,63761.362710358284,63193.184164641716,0.008950897147086807,1.177844529071893,189.41099647254626,64312.01953125,63208.62890625,65179.87109375,63208.62890625,0.0037482826024946014,0.0086174454145993,0.0050671468890415294,-0.018978927291119607
2026-09-11 13:30:00+09:00,63872.16015625,63891.30078125,63802.1796875,63851.828125,0.0,63714.147321581346,63634.59614705349,63704.542908898475,64247.57115848316,64715.04720573111,51.536236608145764,-157.26415675348835,-250.70966142870165,93.4455046752133,63509.1267578125,63810.662727777744,63207.59078784725,0.009495831083149137,1.0682595134951895,182.24743199236437,63869.46875,63208.62890625,65179.87109375,63208.62890625,-0.00016570046799224691,0.006430699690542108,0.010077810766484951,-0.01854342386901353
2026-09-11 13:40:00+09:00,63852.51953125,63911.2109375,63821.44140625,63852.44140625,0.0,63760.24534980423,63674.204375998306,63718.62848007481,64234.61608463945,64700.789258632256,51.555435280634036,-128.05200263339066,-226.17812966963947,98.12612703624882,63521.871875,63856.95967181857,63186.78407818142,0.010550312417680912,0.9932580869678499,175.64186765362408,63891.30078125,63208.62890625,65179.87109375,63208.62890625,9.604756324277375e-06,0.0051521795194546804,0.0040080535742035295,-0.018984071343710496
2026-09-11 13:50:00+09:00,63851.9296875,63884.328125,63724.8984375,63724.8984375,0.0,63748.463045702825,63683.42147808952,63719.22561887721,64217.90403063487,64684.658831836685,47.35404821399569,-113.8800730933217,-203.71851835437593,89.83844526105423,63538.2587890625,63879.34977725212,63197.16780087288,0.010736554469394363,0.7735921717370933,174.4838547855081,63911.2109375,63233.69921875,65179.87109375,63208.62890625,-0.00199746424633207,0.002550812997512919,0.005169605080767692,-0.022048602108639126
2026-09-11 14:00:00+09:00,63720.96875,63820.6796875,63707.48046875,63818.71875,0.0,63771.88161380189,63708.02098207324,63728.70115517461,64204.81598864684,64670.345772632776,50.54661020578412,-93.99468942981912,-181.7737525694646,87.77906313964547,63562.5517578125,63910.79914542626,63214.30437019874,0.01095762765914935,0.8677945640063416,170.10638078297183,63911.2109375,63233.69921875,65179.87109375,63208.62890625,0.001472270883130733,0.0030615691840591985,0.0076715212260223264,-0.019585378315193025
2026-09-11 14:10:00+09:00,63831.94140625,63890.48046875,63810.828125,63823.69140625,0.0,63789.151544617926,63729.051968287196,63737.74784575322,64192.320100699406,64656.351485585124,50.71719723360643,-76.94712920138409,-160.8084278958485,83.86129869446441,63570.9494140625,63935.49872214713,63206.400105977875,0.011469053441696322,0.8466499408755213,163.64537813775956,63911.2109375,63233.69921875,65163.80078125,63208.62890625,7.791845946458764e-05,-0.0006062838828861938,0.00263846009071389,-0.02023111439242553
2026-09-11 14:20:00+09:00,63818.78125,63818.78125,63729.26953125,63731.48828125,0.0,63769.93045682862,63729.49493428043,63737.15169675291,64177.21086071746,64641.06449047215,47.44892517191473,-70.0691232765239,-142.66056697198357,72.59144369545967,63580.3712890625,63951.235131926616,63209.50744619839,0.011665985440003612,0.7037364859033551,158.70084219934816,63911.2109375,63233.69921875,65154.0390625,63208.62890625,-0.0014446535912990832,-0.0018846734272731647,0.0029655091734375194,-0.021744154003008
2026-09-11 14:30:00+09:00,63734.55859375,63860.5390625,63734.55859375,63860.5390625,0.0,63800.133325385745,63753.32113941126,63748.902874443105,64166.82817880869,64628.16324372881,52.101413911276985,-53.58721445190167,-124.84589646796721,71.25868201606553,63598.7703125,63986.510529724255,63211.03009527574,0.012193324346337242,0.8375568723228458,156.58298070296615,63911.2109375,63233.69921875,65143.46875,63208.62890625,0.0020249139747137157,0.00012681827149685354,0.005795647189215991,-0.0144791401987584
2026-09-11 14:40:00+09:00,63851.9609375,63901.08984375,63837.8203125,63861.609375,0.0,63820.625341923835,63773.0099095183,63759.63682687709,64156.82100491333,64615.492931848996,52.139259719310814,-39.97797646165418,-107.8723124667046,67.89433600505042,63620.4123046875,64016.02043678265,63224.804172592354,0.012436515821385231,0.8048434179488582,149.91773431346857,63911.2109375,63233.69921875,65143.46875,63208.62890625,1.676015448204282e-05,0.0021453300178122525,0.006824030277565951,-0.012681597150863477
2026-09-11 14:50:00+09:00,63863.62890625,64065.4296875,63826.6015625,63943.51953125,0.0,63861.590071699226,63804.011658924064,63777.14946538879,64149.82751397354,64604.38593349199,55.065353607968035,-22.325735070873634,-90.76299698753841,68.43726191666478,63649.8158203125,64049.67341476943,63249.95822585557,0.01256429698353738,0.8672603884595425,156.26847650536368,63911.2109375,63233.69921875,65143.46875,63208.62890625,0.0012826196685558067,0.0019555513444087236,0.009282079438337476,-0.010759635226574082
2026-09-11 15:00:00+09:00,63948.75,63991.48828125,63895.0390625,63976.48828125,0.0,63899.889474882824,63835.371044801504,63796.134114518434,64144.14426044162,64594.00745990122,56.22541323014791,-5.611221330844273,-73.73264185619958,68.1214205253553,63683.1271484375,64075.21272492371,63291.0415719513,0.012313640803860125,0.874103448845966,151.99567237998056,64065.4296875,63233.69921875,65143.46875,63208.62890625,0.0005155917322299253,0.0023940463428764325,0.010523200258745646,-0.005749395256597123
2026-09-11 15:10:00+09:00,63974.37109375,64030.0703125,63938.1796875,64008.51953125,0.0,63936.09949367189,63866.852587792135,63816.36129706429,64139.697548009106,64584.32997347724,57.37674808463512,10.10334038946894,-56.96544540706588,67.06878579653483,63712.6890625,64109.270333429005,63316.107791571,0.012449051413917597,0.8729758443420771,147.70245470998196,64065.4296875,63257.73046875,65143.46875,63208.62890625,0.0005006722135041386,0.004346850473308406,0.009322983729296963,-0.006610580129133181
2026-09-11 15:20:00+09:00,64008.73828125,64011.33984375,63956.6796875,64011.33984375,0.0,63961.1796103646,63893.12299796629,63834.93068246293,64135.48909868913,64574.85906224208,57.48278386737452,22.52516335679684,-41.06732365429334,63.59248701109018,63739.199609375,64141.169638985404,63337.22957976459,0.012612961319686304,0.8385081154417945,141.05657624855468,64065.4296875,63283.12890625,65143.46875,63208.62890625,4.406151744573705e-05,0.0023614078970177754,0.008352260689677093,-0.005787603862956958
