timestamp,open,high,low,close,volume,ema5,ema10,ema20,ema60,ema120,rsi14,macd,macd_signal,macd_hist,bb_mid,bb_upper,bb_lower,bb_width,bb_percent_b,atr14,prev20_high,prev20_low,prev60_high,prev60_low,return_1,return_5,return_20,return_60
2026-07-27 09:00:00+09:00,6806.27,6806.27,6683.37,6695.01,32097.0,,,,,,,,,,,,,,,,,,,,,,,
2026-07-27 09:10:00+09:00,6693.84,6741.3,6677.34,6685.03,16006.0,,,,,,,,,,,,,,,,,,,,-0.0014906624485998554,,,
2026-07-27 09:20:00+09:00,6684.12,6783.63,6684.12,6774.68,11645.0,,,,,,,,,,,,,,,,,,,,0.013410560610797706,,,
2026-07-27 09:30:00+09:00,6772.39,6782.24,6727.07,6731.96,8312.0,,,,,,,,,,,,,,,,,,,,-0.006305832895428298,,,
2026-07-27 09:40:00+09:00,6733.35,6750.96,6710.15,6744.16,9084.0,6730.421728395063,,,,,,,,,,,,,,,,,,,0.0018122508155129502,,,
2026-07-27 09:50:00+09:00,6747.05,6796.88,6726.41,6726.41,7688.0,6729.084485596709,,,,,,,,,,,,,,,,,,,-0.002631906716329402,0.004690060209021185,,
2026-07-27 10:00:00+09:00,6725.97,6744.1,6691.13,6708.24,7465.0,6722.13632373114,,,,,,,,,,,,,,,,,,,-0.002701292368440189,0.0034719365507709377,,
2026-07-27 10:10:00+09:00,6706.73,6706.73,6607.15,6607.15,9190.0,6683.807549154094,,,,,,,,,,,,,,,,,,,-0.015069526433162839,-0.024728843281158763,,
2026-07-27 10:20:00+09:00,6605.86,6612.37,6557.39,6567.39,8022.0,6645.001699436063,,,,,,,,,,,,,,,,,,,-0.006017723224082894,-0.024446075140078016,,
2026-07-27 10:30:00+09:00,6562.0,6655.17,6562.0,6654.86,7919.0,6648.287799624042,6670.39017499959,,,,,,,,,,,,,,,,,,0.013318837468156985,-0.013241085620744442,,
2026-07-27 10:40:00+09:00,6658.35,6670.03,6608.28,6641.17,5643.0,6645.915199749362,6665.077415908755,,,,,,,,,,,,,,,,,,-0.0020571432006082357,-0.012672435965098705,,
2026-07-27 10:50:00+09:00,6638.49,6658.45,6598.13,6655.68,5495.0,6649.1701331662425,6663.368794834435,,,,,,,,,,,,,,,,,,0.0021848559817021496,-0.007835140066544954,,
2026-07-27 11:00:00+09:00,6655.21,6662.85,6600.38,6612.13,5133.0,6636.823422110829,6654.052650319083,,,,,,,,,,,,,,,,,,-0.00654328333092935,0.0007537289148877857,,
2026-07-27 11:10:00+09:00,6610.86,6636.47,6601.09,6630.44,3709.0,6634.695614740553,6649.759441170159,,,,,,,,,,,,,86.53429789577581,,,,,0.00276915305657921,0.009600465329453467,,
2026-07-27 11:20:00+09:00,6634.99,6672.35,6608.75,6659.4,4155.0,6642.930409827035,6651.512270048312,,,,41.677722569081304,,,,,,,,,84.89613376036328,,,,,0.004367734268012402,0.0006822081907056354,,
2026-07-27 11:30:00+09:00,6655.26,6655.26,6611.65,6647.85,5845.0,6644.570273218023,6650.8464027668,,,,40.37462783990077,,,,,,,,,82.24283849176591,,,,,-0.001734390485629178,0.0010058468613212135,,
2026-07-27 11:40:00+09:00,6652.44,6665.37,6611.95,6613.93,5072.0,6634.356848812016,6644.134329536472,,,,36.741448579705356,,,,,,,,,80.18406431378264,,,,,-0.005102401528313649,-0.006272837636424833,,
2026-07-27 11:50:00+09:00,6619.4,6625.53,6607.46,6616.7,4278.0,6628.471232541345,6639.14626962075,,,,37.238135518723645,,,,,,,,,75.74734543422672,,,,,0.0004188130203977014,0.0006911539851757187,,
2026-07-27 12:00:00+09:00,6617.99,6643.43,6609.47,6612.74,6632.0,6623.227488360897,6634.345129689704,,,,36.79336792071796,,,,,,,,,72.76253504606767,,,,,-0.0005984856499463564,-0.002669506096126373,,
2026-07-27 12:10:00+09:00,6613.12,6684.59,6609.96,6684.59,5977.0,6643.681658907265,6643.480560655212,6655.076939843129,,,48.75327038732827,,,,6663.476,6769.002104713478,6557.9498952865215,0.031672990107108716,0.6000415966140733,72.89592539991999,,,,,0.010865390140849307,0.00378262305913446,,
2026-07-27 12:20:00+09:00,6687.26,6696.37,6659.37,6659.37,3951.0,6648.911105938178,6646.369549626991,6655.485802715212,,,45.4988867205248,,,,6661.694,6766.228921896944,6557.159078103057,0.03138388580950826,0.488884097496664,70.33193072849713,6806.27,6557.39,,,-0.0037728566748297387,0.0017328910850875623,-0.005323367702214088,
2026-07-27 12:30:00+09:00,6660.84,6660.84,6635.19,6638.15,3161.0,6645.324070625452,6644.875086058448,6653.834773885192,,,42.90383458053623,,,,6659.35,6763.789086361381,6554.91091363862,0.031366150258322734,0.3985054315457895,67.14036424789023,6796.88,6557.39,,,-0.0031864876106899587,0.0036619679978469044,-0.007012683563125344,
2026-07-27 12:40:00+09:00,6624.57,6657.15,6613.83,6618.8,3899.0,6636.482713750302,6640.134161320548,6650.498128753269,,,40.62824640361217,,,,6651.556,6742.842339262783,6560.269660737216,0.02744811567783035,0.32058651784849385,65.4389096587552,6796.88,6557.39,,,-0.0029149687789519207,0.00031737875375958957,-0.02300920486281277,
2026-07-27 12:50:00+09:00,6614.95,6629.97,6601.52,6620.6,6719.0,6631.188475833535,6636.582495625902,6647.650687919624,,,40.94204585255882,,,,6645.988,6730.296240309,6561.679759691001,0.025371168382789525,0.3494334604366666,62.79684468312981,6796.88,6557.39,,,0.0002719526198102784,0.0011886147043436157,-0.0165419877717633,
2026-07-27 13:00:00+09:00,6618.91,6641.78,6618.44,6625.15,6075.0,6629.1756505556905,6634.503860057555,6645.507765260611,,,41.779710592771686,,,,6640.0375,6711.630388718084,6568.444611281917,0.021564001323210444,0.39602668458717794,59.97849863433484,6796.88,6557.39,,,0.0006872488898286289,-0.008892093606339468,-0.017646378496358417,
2026-07-27 13:10:00+09:00,6626.98,6669.66,6617.74,6665.37,5410.0,6641.240433703794,6640.1158855016365,6647.399406664363,,,48.70562236079271,-11.310663251769256,,,6636.9855,6698.0149048717485,6575.956095128251,0.01839070007663833,0.7325477371084413,59.40289158902522,6796.88,6557.39,,,0.006070805944016433,0.0009009861293185484,-0.00907467727955924,
2026-07-27 13:20:00+09:00,6665.59,6688.46,6632.13,6648.23,4864.0,6643.570289135863,6641.591179046793,6647.478510791566,,,46.184178779598334,-9.901394885666377,,,6633.984999999999,6685.931349823638,6582.03865017636,0.0156606775033827,0.6371126176176324,59.18339933266627,6744.1,6557.39,,,-0.0025715001567805373,0.0015184953639191257,-0.008945714524226989,
2026-07-27 13:30:00+09:00,6648.5,6662.25,6632.76,6651.37,3619.0,6646.170192757242,6643.36914649283,6647.849128811417,,,46.72826845525466,-8.433946508967892,,,6636.196000000001,6687.140021984919,6585.251978015082,0.01535338075756606,0.6489281706545589,57.062442237475814,6706.73,6557.39,,,0.00047230616269300363,0.004920831570677464,0.006692749521352015,
2026-07-27 13:40:00+09:00,6651.46,6690.92,6651.46,6687.57,4137.0,6659.970128504829,6651.405665312315,6651.632068924616,,,52.66936305793351,-4.30037360404549,,,6642.205,6687.281218785518,6597.128781214482,0.013572667144575633,1.003203254645824,55.811553506227554,6696.37,6557.39,,,0.005442487788229977,0.010115397396006198,0.018299507110130397,
2026-07-27 13:50:00+09:00,6684.85,6708.57,6675.95,6694.3,4190.0,6671.41341900322,6659.20463525553,6655.695681407986,,,53.70310630257981,-0.4759461303419812,,,6644.177000000001,6694.4468554205205,6593.907144579481,0.0151320036839837,0.9985393291934916,54.15501397006844,6696.37,6562.0,,,0.00100634460648652,0.010437499528312744,0.0059264958241045385,
2026-07-27 14:00:00+09:00,6689.32,6716.38,6679.18,6716.38,4209.0,6686.402279335481,6669.60015611816,6661.475140321511,,,57.01981482036537,4.2871915898576844,,,6647.9375,6707.194053688178,6588.680946311822,0.01782704897215969,1.077509960840452,52.94394154363497,6708.57,6598.13,,,0.0032983284286631775,0.007652988506264391,0.011324811742509322,
2026-07-27 14:10:00+09:00,6716.57,6734.9,6708.92,6728.59,4495.0,6700.464852890322,6680.325582278494,6667.867031719463,,,58.77847055631884,8.944154856795649,,,6651.5830000000005,6720.482610768132,6582.683389231869,0.020716755926561067,1.0588347970437166,51.01794571908959,6716.38,6598.13,,,0.001817943594615068,0.012087427781529936,0.010954553103514675,
2026-07-27 14:20:00+09:00,6731.73,6752.93,6720.85,6741.01,5610.0,6713.979901926881,6691.3591127733125,6674.833028698561,,,60.5468866010566,13.48161434107169,,,6658.027,6734.637610518388,6581.416389481612,0.023013006861758913,1.041589470691417,49.665235310583185,6734.9,6600.38,,,0.0018458547778954504,0.013476922799363189,0.019491449805130845,
2026-07-27 14:30:00+09:00,6741.6,6752.08,6722.35,6752.08,5982.0,6726.679934617921,6702.399274087255,6682.189883108222,,,62.10725491240808,17.766044257914473,4.218217893856666,13.547826364057807,6664.1089999999995,6749.7723386928155,6578.445661307183,0.02570886481383065,1.0134693635713845,48.241289931255785,6752.93,6601.09,,,0.0016421871499967544,0.00964625417004994,0.01834569048207957,
2026-07-27 14:40:00+09:00,6753.08,6755.99,6719.13,6724.72,5654.0,6726.026623078615,6706.457587889572,6686.240370431248,,,56.19199973303041,18.737765198369743,7.122127354759282,11.615637843610461,6667.375,6756.962076634972,6577.787923365028,0.02687326770579777,0.8200517426953005,47.42834065045178,6752.93,6601.52,,,-0.00405208469093965,0.004544164438402776,0.009808691473706332,
2026-07-27 14:50:00+09:00,6726.32,6737.56,6718.02,6720.55,6675.0,6724.20108205241,6709.019844636923,6689.507954199701,,,55.32708443161126,18.952899665127006,9.488281816832828,9.464617848294179,6671.01,6763.000556037021,6579.0194439629795,0.027579198962981832,0.7692667711458504,45.43631631827665,6755.99,6601.52,,,-0.0006201001677393903,0.0006208701711338804,0.010935866483148704,
2026-07-27 15:00:00+09:00,6724.83,6748.02,6723.25,6748.02,6858.0,6732.140721368274,6716.110781975664,6695.080529990206,,,59.72495473531518,21.096803880790503,11.809986229624364,9.286817651166139,6677.7145,6771.613082838084,6583.815917161916,0.0281229701683364,0.8743693348451987,44.15300800982833,6755.99,6601.52,,,0.004087463079658793,0.0028876778047108864,0.020273876500053634,
2026-07-27 15:10:00+09:00,6746.01,6768.02,6744.89,6768.02,8431.0,6744.100480912184,6725.548821616453,6702.0271461816155,,,62.610968235770656,24.131523093850774,14.274293602469648,9.857229491381126,6685.280499999999,6782.617179925917,6587.943820074081,0.029119699592535683,0.9250170648052379,42.65136458055489,6755.99,6601.52,,,0.0029638323537868327,0.004006817969414156,0.02286940619946498,
2026-07-27 15:20:00+09:00,6767.62,6767.62,6755.73,6755.75,12412.0,6747.983653941457,6731.039944958916,6707.143608450033,,,59.78073129579892,25.255345575948922,16.4705039971655,8.784841578783421,6692.431,6788.4032663898315,6596.458733610168,0.028680838514384962,0.8298817584592799,40.48269568194389,6768.02,6601.52,,,-0.0018129379050298988,0.0005435362140258082,0.021626436242767832,
2026-07-30 09:00:00+09:00,5681.77,5712.25,5572.1,5707.18,38912.0,6401.049102627639,6544.883591330022,6611.908979073839,,,11.58505617982162,-57.79858661700564,1.6166858743312726,-59.415272491336914,6643.5605,7083.775201229978,6203.345798770021,0.13252372766981751,-0.5635497830759774,122.13750313323357,6768.02,6601.52,,,-0.1552114865114902,-0.1513133632329673,-0.14621839185350183,
2026-07-30 09:10:00+09:00,5719.69,5740.72,5666.15,5702.58,23679.0,6168.226068418426,6391.737483815472,6525.306219162045,,,11.54109806462533,-122.57760942781624,-23.22217318609823,-99.35543624171801,6595.7210000000005,7197.113870223782,5994.328129776219,0.18235849279367083,-0.24256034966598258,118.73982433800265,6768.02,5572.1,,,-0.0008060022638151088,-0.15147123375318983,-0.14367575311178082,
2026-07-30 09:20:00+09:00,5683.02,5716.14,5617.95,5690.4,20871.0,6008.950712278951,6264.221577667204,6445.791341146612,,,11.417563498511413,-172.90513317500063,-53.158765183878714,-119.74636799112191,6548.333500000001,7266.840467489528,5829.826532510473,0.2194472738719027,-0.09702517777776844,117.27197974243107,6768.02,5572.1,,,-0.002135875340635307,-0.15673041870059667,-0.14277321241610996,
2026-07-30 09:30:00+09:00,5692.08,5693.08,5595.79,5621.5,18016.0,5879.800474852635,6147.363109000439,6367.287403894553,,,10.718627879201293,-215.8613967014253,-85.69929148738802,-130.16210521403727,6498.468500000001,7321.339784740814,5675.597215259188,0.25325083432836926,-0.03287100684053341,115.84469547511456,6768.02,5572.1,,,-0.012108111907774388,-0.16940257268743297,-0.1506768598537499,
2026-07-30 09:40:00+09:00,5617.88,5642.03,5547.41,5630.24,17538.0,5796.613649901757,6053.340725545814,6297.092413047452,,,11.459059171248583,-246.35942200900809,-117.83131759171204,-128.52810441729605,6448.9505,7351.773819890993,5546.127180109007,0.2799907736587505,0.04658321181886872,114.32864579832065,6768.02,5572.1,,,0.0015547451747752739,-0.16660030344521337,-0.1495876506661028,
2026-07-30 09:50:00+09:00,5628.71,5653.29,5584.59,5648.44,11832.0,5747.222433267838,5979.722411810211,6235.315992757219,,,13.075686136301996,-265.9945196487488,-147.4639580031194,-118.5305616456294,6400.115,7363.185341179705,5437.044658820295,0.3009540738501433,0.10975072751215542,111.06945681272632,6768.02,5547.41,,,0.003232544260990622,-0.010292298473151495,-0.1474245866131333,
2026-07-30 10:00:00+09:00,5665.84,5781.42,5636.65,5760.8,12354.0,5751.748288845226,5939.918336935627,6190.123993447007,,,22.4853575878941,-269.3836756952842,-171.84790154155235,-97.53577415373184,6354.8865,7348.362571202015,5361.410428797984,0.31266524467494905,0.20100613531576603,113.47663846896018,6768.02,5547.41,,,0.019892218028340736,0.010209413984547444,-0.13571189596376487,
2026-07-30 10:10:00+09:00,5732.37,5741.81,5665.17,5704.55,9652.0,5736.015525896818,5897.124093856422,6143.878851213959,,,21.245435743987457,-273.45627743322166,-192.1695767198862,-81.28670071333545,6307.7025,7330.183216431851,5285.2217835681495,0.32420067891022153,0.20505433975086573,112.20187857832018,6768.02,5547.41,,,-0.009764268851548352,0.002486644172641661,-0.14194454764651632,
2026-07-30 10:20:00+09:00,5696.58,5803.15,5689.56,5803.15,8078.0,5758.393683931212,5880.037894973437,6111.428484431677,,,28.67053944664289,-265.66522435116985,-206.86870624614295,-58.796518105026905,6265.2915,7297.553685072664,5233.029314927337,0.32951768806692033,0.27615110449509045,112.30103010844012,6768.02,5547.41,,,0.0172844483789254,0.03231343947345011,-0.1275256075064235,
2026-07-30 10:30:00+09:00,5795.22,5930.6,5795.22,5930.6,13182.0,5815.795789287475,5889.231004978266,6094.206724009613,,,36.94591356364205,-246.36664744242717,-214.76829448539982,-31.598352957027345,6227.443,7250.465500556067,5204.420499443933,0.328552987335594,0.3549186357882403,113.94952795783726,6768.02,5547.41,,,0.021962210178954722,0.053347637045667806,-0.11319059090222594,
2026-07-30 10:40:00+09:00,5929.68,5974.51,5908.79,5970.66,10406.0,5867.417192858316,5904.0362768004,6082.440369342031,,,39.328555706874894,-225.2434131413629,-216.86331821659246,-8.380094924770447,6191.261,7196.71358380293,5185.808416197071,0.3247973502661023,0.39029766119570747,110.50456167513461,6768.02,5547.41,,,0.00675479715374494,0.05704583920516115,-0.10809793406330759,
2026-07-30 10:50:00+09:00,5973.89,5976.82,5899.38,5901.6,9647.0,5878.811461905545,5903.593317382145,6065.2174770237425,,,36.750406538370065,-211.6360539238167,-215.81786535803732,4.181811434220634,6150.522,7133.337821984967,5167.7061780150325,0.31958777547172984,0.3733628445779097,108.14280726976783,6768.02,5547.41,,,-0.011566560480750776,0.024441049854186936,-0.12131237362984226,
2026-07-30 11:00:00+09:00,5894.12,5952.74,5894.12,5912.46,8354.0,5890.027641270363,5905.205441494482,6050.6691458786245,,,37.44487238570888,-197.69688583116658,-212.1936694526632,14.496783621496604,6109.7155,7060.382864969991,5159.04813503001,0.3111985705291811,0.39625419612136004,104.60546389335583,6768.02,5547.41,,,0.0018401789345261488,0.03644634546107928,-0.12129287116617304,
2026-07-30 11:10:00+09:00,5920.81,5920.81,5810.33,5822.21,8531.0,5867.42176084691,5890.115361222758,6028.911131985422,,,34.09459504857223,-191.72235942431962,-208.0994074469945,16.37704802267487,6063.7755,6975.999067870828,5151.551932129171,0.3008764318107847,0.36759523185537474,105.02507361525902,6768.02,5547.41,,,-0.01526437388159918,0.003284423115032409,-0.13630004999250855,
2026-07-30 11:20:00+09:00,5808.07,5850.16,5781.79,5803.68,6296.0,5846.174507231273,5874.399841000438,6007.46054798681,,,33.43317266490246,-186.3347691121253,-203.74647978002065,17.411710667895363,6016.3555,6877.711714965088,5154.999285034912,0.28633820423845896,0.3765461395036086,102.40685407131194,6768.02,5547.41,,,-0.003182640268901249,-0.021400870063737254,-0.14046042108505818,
2026-07-30 11:30:00+09:00,5803.21,5804.48,5722.3,5731.71,6651.0,5808.019671487516,5848.456233545813,5981.198591035684,,,30.92389720561222,-185.7314460001544,-200.1434730240474,14.412027023893017,5966.705,6771.641270533253,5161.768729466747,0.26980930699045896,0.3540288165643718,100.96207878050392,6768.02,5547.41,,,-0.012400752625920108,-0.0400207012290098,-0.1476656277138677,
2026-07-30 11:40:00+09:00,5731.71,5785.83,5719.45,5750.17,5599.0,5788.736447658344,5830.586009264756,5959.195868079905,,,32.32687835415629,-181.6695666845053,-196.448691756139,14.7791250716337,5918.186,6649.094373611892,5187.277626388108,0.24700419135589585,0.38506356879609704,98.49193029618222,6768.02,5547.41,,,0.0032206793435118897,-0.025659143283177532,-0.14438996808296944,
2026-07-30 11:50:00+09:00,5763.06,5773.38,5665.06,5677.62,5991.0,5751.69763177223,5802.774007580255,5932.379118738962,,,29.767921715782094,-182.20433854051134,-193.5998211130135,11.395482572502146,5864.666,6494.442941127555,5234.889058872445,0.21476992590116978,0.3514982148559517,99.19393527502633,6768.02,5547.41,,,-0.012617018279459602,-0.0397195076161192,-0.1586243075746664,
2026-07-30 12:00:00+09:00,5679.06,5705.55,5643.39,5643.39,5711.0,5715.595087848154,5773.795097111118,5904.856345525727,,,28.616919383535574,-183.27751491156596,-191.53535987272397,8.257844961158014,5808.4345,6288.594882558764,5328.274117441237,0.16533211575641027,0.3281360707848473,96.548654183953,6768.02,5547.41,,,-0.006028934659240925,-0.030713423253369343,-0.1661682441836756,
2026-07-30 12:10:00+09:00,5644.99,5651.27,5593.8,5607.38,7968.0,5679.523391898771,5743.537806727279,5876.525264999467,,,27.415950112087543,-184.90228255371312,-190.2087444089218,5.306461855208681,5751.016,5965.4214745009485,5536.610525499051,0.07456264232300829,0.1650365380493962,93.7573217422421,6767.62,5547.41,,,-0.006380916434979733,-0.03382336724285284,-0.1699840876290567,
2026-07-30 12:20:00+09:00,5607.21,5652.6,5598.93,5626.35,5333.0,5661.798927932514,5722.230932776864,5852.699049285233,6212.8418218706265,,29.103902674445806,-182.55482378270244,-188.67796028367795,6.123136500975505,5746.9745,5967.492925395651,5526.45607460435,0.07674244087759582,0.22649791103945743,90.89394161779624,5976.82,5547.41,,,0.003383041634417605,-0.018381948842492002,-0.014162861518298042,
2026-07-30 12:30:00+09:00,5635.92,5680.16,5610.13,5612.5,4915.0,5645.365951955009,5702.279854090162,5829.822949353305,6193.158483448638,,28.581304115625727,-179.7400931355278,-186.89038685404793,7.150293718520146,5742.4705,5970.000137144213,5514.940862855788,0.07924451232068593,0.21438775706036375,89.40366007366794,5976.82,5547.41,6806.27,5547.41,-0.002461631430678901,-0.023941900848148845,-0.01579635884108599,-0.16168907888113693
2026-07-30 12:40:00+09:00,5611.28,5701.94,5609.03,5696.17,5007.0,5662.300634636673,5701.168971528314,5817.0940970339425,6176.863779073273,,36.05180848679805,-168.8119697722368,-183.2747034376857,14.462733665448894,5742.759,5970.038305516312,5515.479694483688,0.07915334964128287,0.3975071665804254,89.6541129255488,5976.82,5547.41,6796.88,5547.41,0.014907795100222776,0.0032672140791387694,0.0010139884718123326,-0.1479215500902763
2026-07-30 12:50:00+09:00,5691.48,5695.39,5633.34,5640.63,5059.0,5655.077089757782,5690.161885795893,5800.287992554519,6159.2823436938215,,33.54357401380419,-162.75680793749507,-179.1711243376476,16.41431640015253,5743.7155,5969.098597544996,5518.332402455005,0.07847989599937374,0.27131049062048646,87.73810485943817,5976.82,5547.41,6796.88,5547.41,-0.009750411241237544,-0.0004890677411981681,0.0034030063150405354,-0.1673953603712648
2026-07-30 13:00:00+09:00,5641.78,5646.04,5585.67,5585.67,5069.0,5631.941393171855,5671.1633611057305,5779.848183739803,6140.475381605499,,31.228237688926797,-160.54223034118786,-175.44534553835567,14.903115197167807,5741.487,5972.133946660859,5510.840053339141,0.08034397592848637,0.16221750980056981,85.78324022662115,5976.82,5547.41,6796.88,5547.41,-0.00974359247105372,-0.0038716833886770496,-0.007916181192986427,-0.1702758186323151
2026-07-30 13:10:00+09:00,5578.52,5602.14,5551.76,5551.76,5854.0,5605.21426211457,5649.453659086506,5758.125499574107,6121.173237946303,,29.858798269199042,-159.68269256241456,-172.29281494316746,12.610122380752898,5736.653,5978.670069323584,5494.635930676416,0.08437570455231791,0.11801661238862346,83.25443735329107,5976.82,5584.59,6796.88,5547.41,-0.006070892122162608,-0.013257262701396155,-0.01711623032200027,-0.1768048207634456
2026-07-30 13:20:00+09:00,5558.91,5654.72,5558.91,5654.72,5731.0,5621.716174743047,5650.411175616232,5748.277356757526,6105.879689161178,,38.655084428433376,-148.97618641024383,-167.62948923658274,18.653302826338916,5731.349,5975.65561054498,5487.04238945502,0.08525274260736164,0.34317043278308756,84.66197754234172,5976.82,5551.76,6796.88,5547.41,0.01854547026528519,0.007522494432071314,-0.018414109151506763,-0.15932570271511837
2026-07-30 13:30:00+09:00,5655.84,5669.9,5611.18,5617.55,5212.0,5620.327449828698,5644.43641641328,5735.827132304428,6089.868879680484,,36.8580073303944,-141.85529200144538,-162.4746497895553,20.61935778810991,5726.999,5976.110290703526,5477.887709296474,0.08699540220053324,0.2803210771962603,82.80897914646012,5976.82,5551.76,6768.02,5547.41,-0.006573269764020173,-0.013802256603998808,-0.015250983863757894,-0.1625895913085995
2026-07-30 13:40:00+09:00,5621.75,5622.64,5576.24,5603.09,4996.0,5614.5816332191325,5636.91888615632,5723.185500656387,6073.908916412271,,36.15384149804685,-135.81316342473565,-157.1423525165914,21.32918909185574,5716.996,5969.121143958266,5464.870856041734,0.08820196619282772,0.27410821028850885,80.20833777885588,5976.82,5551.76,6768.02,5547.41,-0.0025740758871750646,-0.006655284959304231,-0.03447438029346117,-0.15196567355062307
2026-07-30 13:50:00+09:00,5605.7,5607.19,5571.21,5575.17,5147.0,5601.444422146089,5625.691815946079,5709.08878630816,6057.556820792196,,34.77247015050342,-131.75881011335696,-152.0656440359445,20.306833922587543,5699.224499999999,5938.392584114447,5460.056415885551,0.08393004490854783,0.24065415028236783,77.04917079465186,5976.82,5551.76,6768.02,5547.41,-0.004982964756946595,-0.0018798103002862776,-0.05993154149664459,-0.15108285026471702
2026-07-30 14:00:00+09:00,5576.06,5602.3,5572.44,5579.06,6337.0,5593.982948097393,5617.213303955883,5696.70509237405,6041.868400438353,,35.14428192326635,-126.77048418434606,-147.0066120656248,20.236127881278748,5679.6445,5888.977541202232,5470.311458797769,0.07371343090301918,0.25975006281299917,73.67851573789106,5976.82,5551.76,6768.02,5547.41,0.0006977365712614869,0.004917359540037802,-0.06558738899887107,-0.16165629329542608
2026-07-30 14:10:00+09:00,5583.12,5624.1,5552.14,5624.1,6677.0,5604.021965398262,5618.465430509359,5689.79032167176,6028.171075833817,,39.4480957270563,-117.82463926350465,-141.17021750520078,23.34557824169613,5665.7695,5849.656555387199,5481.882444612802,0.06491159069820909,0.3866981150134267,73.55576461375598,5976.82,5551.76,6768.02,5547.41,0.00807304456306257,-0.005414945390753156,-0.04702114680764535,-0.15314620767123865
2026-07-30 14:20:00+09:00,5632.81,5634.75,5592.36,5592.36,6386.0,5600.134643598842,5613.718988598566,5680.511243417306,6013.88218810156,,37.556685705948325,-112.00502128548396,-135.33717826125743,23.332156975773472,5649.764499999999,5797.061341171066,5502.467658828933,0.05214264813022429,0.30514008466301146,71.3296385699163,5952.74,5551.76,6768.02,5547.41,-0.005643569637808876,-0.00448416124467077,-0.05413990115789369,-0.1597612866003174
2026-07-30 14:30:00+09:00,5593.88,5614.55,5582.27,5595.12,7049.0,5598.463095732562,5610.337354307917,5672.378744044229,6000.152280294951,,37.83580304302561,-105.9489100914725,-129.45952462730045,23.510614535827955,5638.410000000001,5764.228817829346,5512.591182170656,0.044629183698718204,0.32796691009004103,68.54037867206513,5920.81,5551.76,6768.02,5547.41,0.0004935304594124723,-0.0014224294094865586,-0.03900408951240164,-0.15380974058283792
2026-07-30 14:40:00+09:00,5594.09,5678.72,5594.09,5629.32,7441.0,5608.748730488374,5613.78874443375,5668.277911278112,5987.993844875444,,41.335100836871526,-97.26849351392502,-123.02131840462538,25.752824890700353,5629.692,5730.091461472528,5529.292538527472,0.03566783457159928,0.4981474004215546,69.6896373383462,5850.16,5551.76,6768.02,5547.41,0.006112469437652868,0.009712708312033413,-0.030043007195434734,-0.15098847135333404
2026-07-30 14:50:00+09:00,5632.96,5635.68,5572.37,5609.33,8438.0,5608.9424869922495,5612.978063627613,5662.66382448972,5975.578636846741,,39.92058176218249,-90.95376834902163,-116.60780839350463,25.654040044482997,5623.573,5712.632929058885,5534.513070941116,0.0316737878423146,0.42003698997680955,69.23394895703579,5804.48,5551.76,6768.02,5547.41,-0.003551050570939296,0.005425645180370697,-0.021351394261049483,-0.15768237378742822
2026-07-30 15:00:00+09:00,5612.29,5614.75,5589.46,5600.31,7654.0,5606.064991328167,5610.674779331683,5656.7253650145085,5963.274747114061,,39.267597721735875,-85.68936808194394,-110.4241203311925,24.734752249248558,5616.08,5683.976716562535,5548.1832834374645,0.02417939792970734,0.38386772734823804,66.09509546010466,5785.83,5551.76,6768.02,5547.41,-0.0016080351842375773,-0.004230010134954942,-0.026061838171740903,-0.1575757575757576
2026-07-30 15:10:00+09:00,5595.54,5618.9,5571.17,5576.28,10039.0,5596.136660885444,5604.421183089558,5649.063901679794,5950.5863947496655,,37.507426606085716,-82.5052440199097,-104.84034506893595,22.33510104902625,5611.013,5674.783211258652,5547.242788741348,0.02273037373417318,0.22767065284507962,64.78330292724002,5773.38,5551.76,6768.02,5547.41,-0.0042908339002663,-0.0028753513722292734,-0.017849028290022995,-0.1568885670093274
2026-07-30 15:20:00+09:00,5576.62,5593.56,5576.62,5593.56,17247.0,5595.27777392363,5602.44642252782,5643.777815805528,5938.88061131525,,39.60396880490657,-77.69186768618056,-99.41064959238487,21.718781906204313,5608.5215,5670.916026770968,5546.126973229032,0.02224990196470417,0.38010566972549725,61.390209861008636,5705.55,5551.76,6768.02,5547.41,0.003098840086939836,-0.00027881439540156094,-0.008829799110109282,-0.15462995148639036
2026-07-31 09:00:00+09:00,5657.79,6386.05,5629.76,6237.03,45267.0,5809.195182615753,5717.825254795489,5700.278023824049,5948.656001108192,,74.24891804955155,-21.70438631147863,-83.86939693620363,62.165010624725,5640.004,5920.9538390388825,5359.054160961117,0.09962753183823367,1.5625135113840967,113.61162344236514,5701.94,5551.76,6768.02,5547.41,0.11503765044086411,0.10795442433544378,0.11228951845603463,-0.05681608531410576
2026-07-31 09:10:00+09:00,6242.96,6336.38,6233.01,6310.93,30234.0,5976.440121743835,5825.662481196309,5758.4353548884255,5960.533837137431,,75.95484315569267,28.302949652308598,-61.434927618501185,89.73787727080978,5674.233,6079.4950972210145,5268.970902778986,0.14284295242053482,1.2855373156853231,112.88007891076762,6386.05,5551.76,6768.02,5547.41,0.011848588190212395,0.12507732652562797,0.1216739093728616,-0.055898716301224116
2026-07-31 09:20:00+09:00,6305.53,6379.47,6305.53,6379.47,23102.0,6110.783414495891,5926.354757342435,5817.581511565719,5974.269449034564,,77.44712462126193,72.6275239868728,-34.622437297426394,107.24996128429919,5712.5815,6219.596874728397,5205.566125271604,0.17750832079276124,1.157661022959359,110.0986447028557,6386.05,5551.76,6768.02,5547.41,0.010860522934020844,0.1391280125564478,0.13665389755011148,-0.04203100293270978
2026-07-31 09:30:00+09:00,6376.9,6441.38,6376.9,6417.6,20048.0,6213.0556096639275,6015.672074189265,5874.726129511841,5988.80487693507,,78.25562001163306,109.56879990156631,-5.7841898576278545,115.35298975919416,5748.653,6341.288070987179,5156.017929012822,0.20618223816507225,1.0643835749424224,106.84017008122318,6386.05,5551.76,6768.02,5547.41,0.005976985548956204,0.15087477673287575,0.12665176776676268,-0.033224618304798614
2026-07-31 09:40:00+09:00,6417.73,6423.31,6376.35,6390.91,17245.0,6272.340406442619,6083.897151609399,5923.886498129761,6001.988651461788,,76.19652103500732,135.1336308899845,22.399374291894617,112.73425659808987,5786.1669999999995,6438.663853390098,5133.670146609901,0.22553682027846703,0.9634068324299274,102.56301507542153,6441.38,5551.76,6768.02,5547.41,-0.004158875592121691,0.14254785860882868,0.13301351090215086,-0.03443071251586394
2026-07-31 09:50:00+09:00,6395.86,6485.62,6395.86,6485.0,14169.0,6343.226937628413,6156.824942225871,5977.32587926026,6017.825089118778,,78.35839662409953,161.12882746620926,50.14526492675755,110.98356253945171,5831.1335,6543.381983445897,5118.885016554103,0.24429160589305574,0.9590157193712494,102.00208542717714,6441.38,5551.76,6768.02,5547.41,0.014722473012450443,0.03975770518980992,0.16100664736728088,-0.020481527354016316
2026-07-31 10:00:00+09:00,6484.59,6548.64,6484.59,6527.09,16680.0,6404.51462508561,6224.145861821167,6029.684366949759,6034.522299311605,,79.26559443174688,183.01681535394982,76.719575012196,106.29724034175382,5879.9,6640.850981049359,5118.9490189506405,0.25883126619478536,0.9252507823220879,99.29122218237879,6485.62,5551.76,6768.02,5547.41,0.00649036237471079,0.03425168715228977,0.17567942418260163,-0.014801174313034293
2026-07-31 10:10:00+09:00,6528.56,6532.87,6501.9,6520.28,10780.0,6443.103083390407,6277.988432399137,6076.407760573592,6050.448781301388,,78.69083043435305,197.53661423632275,100.88298285702136,96.65363137930139,5923.178,6725.319232467191,5121.036767532809,0.2708482616822223,0.8721925615040755,94.41113488363747,6548.64,5552.14,6768.02,5547.41,-0.0010433439710499925,0.022072366513205655,0.1530685869503705,-0.021767733824228808
2026-07-31 10:20:00+09:00,6517.89,6525.7,6432.38,6439.03,12144.0,6441.745388926938,6307.268717417475,6110.943211947535,6063.189149127573,,71.98422000475082,200.17991405315297,120.7423690962477,79.43754495690527,5964.252,6783.532919602054,5144.971080397947,0.2747304840915687,0.7897528726963468,94.33319667766334,6548.64,5552.14,6768.02,5547.41,-0.012461121301539202,0.0033392545499875137,0.14623456845065896,-0.03146702204947782
2026-07-31 10:30:00+09:00,6446.63,6460.94,6384.53,6402.17,12644.0,6428.553592617959,6324.523496068843,6138.679096523961,6074.303275385685,,69.10671654171746,197.02922400590433,135.99974007817903,61.029483927725295,6004.206,6827.068548458725,5181.3434515412755,0.2740953752948265,0.7418168142087719,93.05296834354452,6548.64,5552.14,6768.02,5547.41,-0.005724464709746635,0.0017618774165182316,0.14261416468412969,-0.037465965658202705
2026-07-31 10:40:00+09:00,6416.15,6416.15,6318.36,6351.62,11215.0,6402.909061745306,6329.450133147235,6158.959182569298,6083.395627012384,,65.25425845069154,188.28290873804963,146.45637381015317,41.82653492789646,6043.0285,6854.446362294755,5231.610637705246,0.268546760054087,0.690155722679852,93.39132774757705,6548.64,5552.14,6768.02,5547.41,-0.007895760343758496,-0.020567463377023865,0.13926929582416325,-0.050234988194516106
2026-07-31 10:50:00+09:00,6344.24,6386.76,6323.42,6367.96,7822.0,6391.259374496871,6336.4519271204645,6178.864022324603,6092.725606454601,,65.91569424303837,180.58818414086272,153.28273587629508,27.305448264567644,6082.4735,6876.348841153125,5288.598158846875,0.26103700777426325,0.6798056226216342,91.24480433703584,6548.64,5552.14,6768.02,5547.41,0.002572572036740217,-0.02437993041309372,0.14140374901865171,-0.04874893566168237
2026-07-31 11:00:00+09:00,6373.84,6397.74,6322.73,6360.19,6951.0,6380.902916331248,6340.767940371289,6196.133163055592,6101.494930833138,,65.27931595752085,171.88173969416948,157.00253663986996,14.879203054299524,6119.278,6892.727293867409,5345.828706132592,0.2527910298788218,0.6557387161059963,90.08517545581901,6548.64,5552.14,6768.02,5547.41,-0.0012201709809736005,-0.024552626574318892,0.13088138546611883,-0.0530330326753401
2026-07-31 11:10:00+09:00,6371.98,6372.1,6289.9,6294.15,6807.0,6351.985277554166,6332.291951212873,6205.468099907441,6107.811490477953,,59.97905929187741,157.83353689753767,157.16873669140352,0.6648002061341458,6154.3675,6891.853937621056,5416.881062378945,0.2396627882949971,0.59476953939038,89.52194863754627,6548.64,5571.17,6768.02,5547.41,-0.010383337604694232,-0.02250028342778343,0.12549084822865475,-0.0645662761440362
2026-07-31 11:20:00+09:00,6293.21,6376.72,6293.21,6376.03,5425.0,6360.000185036111,6340.244323719623,6221.712090392446,6116.605539970479,,63.89343845492514,151.5601753116016,156.04702441544316,-4.486849103841564,6193.4130000000005,6889.877888507666,5496.948111492335,0.2249050365308,0.6311028043289431,89.09252373486441,6548.64,5571.17,6768.02,5547.41,0.013008905094413103,-0.00408299061099604,0.13956983943150458,-0.054143221861412516
2026-07-31 11:30:00+09:00,6373.26,6396.17,6347.91,6371.2,5081.0,6363.733456690741,6345.872628497873,6235.949034164594,6124.952899315709,,63.49889418478718,144.53266779770092,153.74415309189473,-9.211485294193807,6230.507,6880.307694462538,5580.706305537461,0.20858677936243025,0.6082585792835832,86.17591489665983,6548.64,5571.17,6768.02,5547.41,-0.0007575246666028379,0.0030826781199126962,0.13178856416050255,-0.05640928425018665
2026-07-31 11:40:00+09:00,6370.6,6393.53,6361.05,6380.32,4212.0,6369.262304460495,6352.135786952805,6249.698649958443,6133.3255911414235,,63.95154008000318,138.10721128056866,150.61676472962952,-12.50955344906086,6269.056500000001,6855.241880789217,5682.871119210784,0.1870091235544668,0.5949047039097072,82.34049240404124,6548.64,5571.17,6768.02,5547.41,0.0014314414866900549,0.001940966965872759,0.1374477878819751,-0.05121402824206811
2026-07-31 11:50:00+09:00,6380.92,6397.73,6377.35,6392.52,4214.0,6377.014869640331,6359.478371143203,6263.3006832957335,6141.823768481048,,64.58424146946118,132.472369721213,146.9878857279462,-14.515516006733208,6308.6669999999995,6809.607719770314,5807.726280229685,0.1588103222979799,0.5836955319168785,77.91474294660966,6548.64,5571.17,6768.02,5547.41,0.001912129799132467,0.00508318147728315,0.1414582407045324,-0.048809993229720794
2026-07-31 12:00:00+09:00,6397.62,6399.47,6361.34,6398.99,5007.0,6384.339913093554,6366.66230366262,6276.223475362807,6150.255448202981,,64.93572587330686,127.06407653686165,143.0031238897293,-15.939047352867647,6349.8025,6721.994107367767,5977.610892632232,0.11722934921763868,0.5660781960505052,75.0729755932804,6548.64,5571.17,6768.02,5547.41,0.0010121204157358399,0.016656736811165862,0.14753742638461476,-0.051723320322109356
2026-07-31 12:10:00+09:00,6402.03,6402.03,6361.97,6397.66,4984.0,6388.77994206237,6372.298248451234,6287.788858661587,6158.367072852063,,64.79337106825655,121.27268926664965,138.65703696511338,-17.384347698463728,6390.007500000001,6524.686187233745,6255.328812766256,0.04215290427554093,0.5284102115827644,72.57204876518891,6548.64,5576.62,6768.02,5547.41,-0.00020784530058648443,0.0033923930721782014,0.14375460350832014,-0.05472206051400563
2026-07-31 12:20:00+09:00,6399.04,6426.42,6398.57,6398.57,4541.0,6392.043294708247,6377.074930551009,6298.33944355096,6166.242578660192,,64.85014988576029,115.4258452313934,134.0107986183694,-18.584953386975997,6398.0845,6513.026386442693,6283.1426135573065,0.035930093277978255,0.5021119368013932,69.44261671053258,6548.64,5629.76,6767.62,5547.41,0.0001422395063195303,0.00429589402310393,0.02590014798710283,-0.052870517707138354
2026-07-31 12:30:00+09:00,6398.22,6403.29,6375.79,6391.24,4878.0,6391.775529805498,6379.6503977235525,6307.187115593726,6173.619543294283,,63.95543101680755,108.94486092763054,128.99761108022165,-20.052750152591102,6402.1,6509.976449515199,6294.223550484801,0.03370033255188112,0.449664639275737,66.4467155169231,6548.64,6233.01,6548.64,5547.41,-0.001145568462953439,0.0017115129021743059,0.012725541243524985,0.11985954534463605
2026-07-31 12:40:00+09:00,6388.85,6398.52,6364.73,6364.73,4521.0,6382.760353203666,6376.9375981374515,6312.667390299085,6179.885459907585,,60.69397425879714,100.51087196111894,123.30026325640111,-22.789391295282172,6401.362999999999,6510.046189518918,6292.6798104810805,0.033956265101328854,0.33146887682375675,64.1140929800001,6548.64,6289.9,6548.64,5547.41,-0.0041478648900683535,-0.004347268369907509,-0.0023105367687284994,0.11611410975383074
2026-07-31 12:50:00+09:00,6364.1,6398.53,6364.1,6386.05,5123.0,6383.856902135778,6378.594398476097,6319.656210270601,6186.6449530253685,,62.356565877684076,94.45836354620405,117.5318833143617,-23.073519768157652,6399.7855,6508.396048378162,6291.174951621838,0.03394193395330581,0.4367671915614712,61.99380062428576,6548.64,6289.9,6548.64,5547.41,0.0033497100426884696,-0.0020221941275107014,-0.004916168037895852,0.12224975397160143
2026-07-31 13:00:00+09:00,6386.41,6392.19,6360.16,6379.6,4810.0,6382.437934757187,6378.777235116806,6325.365142625782,6192.971348008144,,61.508905950209446,88.12539127188484,111.65058490586634,-23.5251936339815,6399.219999999999,6508.12687783609,6290.313122163909,0.034037547649898164,0.4099230443942765,59.85352915112248,6548.64,6289.9,6548.64,5547.41,-0.0010100140149231773,-0.002822907125417662,-0.0017697010284919434,0.13485724450769365
2026-07-31 13:10:00+09:00,6381.41,6424.55,6373.03,6424.55,5309.0,6396.475289838125,6387.0995560046595,6334.811319518565,6200.564090696402,,65.07230197753705,85.74513788007425,106.46949550070792,-20.72435762063367,6396.1975,6498.573503609269,6293.821496390731,0.0320115204726774,0.6384723909921844,59.258277068899474,6548.64,6289.9,6548.64,5547.41,0.007045896294438414,0.004060282219308542,-0.009321511179645303,0.14107924351359813
2026-07-31 13:20:00+09:00,6431.95,6455.9,6418.2,6449.59,6245.0,6414.180193225417,6398.461454912903,6345.74262242156,6208.728874607995,,66.91006320841292,84.90060729811466,102.15571786018928,-17.25511056207462,6392.3225,6479.295864399711,6305.34913560029,0.02721181992920745,0.829224357337788,57.71840013540664,6548.64,6289.9,6548.64,5551.76,0.0038975492446942095,0.009129683754639295,-0.011873591447337128,0.14183562187081744
2026-07-31 13:30:00+09:00,6447.2,6451.39,6417.48,6451.39,6173.0,6426.583462150278,6408.084826746921,6355.80427742903,6216.684977079864,,67.0443002964922,83.41499949403533,98.4075741869585,-14.99257469292317,6388.878000000001,6459.163683777031,6318.59231622297,0.022002512421439413,0.9446993800210333,56.01780012573479,6532.87,6289.9,6548.64,5551.76,0.00027908750788818715,0.013615660051565559,-0.010565497187237316,0.11987744757672547
2026-07-31 13:40:00+09:00,6451.7,6498.95,6451.7,6475.87,6509.0,6443.012308100186,6420.409403702026,6367.239108150075,6225.182846683803,,68.89256584108962,83.25328398378497,95.3767161463238,-12.123432162538833,6390.719999999999,6467.771816850771,6313.668183149228,0.024113657569341643,1.0525502413843988,55.41367154532512,6525.7,6289.9,6548.64,5551.76,0.0037945311010494365,0.01406503237525536,0.005721358651846753,0.13521136636544506
2026-07-31 13:50:00+09:00,6478.69,6513.95,6468.81,6505.22,6867.0,6463.748205400125,6435.829512119839,6380.380145469115,6234.3643926941695,,70.99304035699552,84.51913896596761,93.20520071025257,-8.686061744284956,6395.8724999999995,6487.669117339666,6304.075882660333,0.028704955372286185,1.0955965653690303,54.67983786351614,6498.95,6289.9,6548.64,5551.76,0.004532209571841417,0.019690889710953563,0.016096104914427478,0.1209808466091693
2026-07-31 14:00:00+09:00,6504.52,6539.3,6491.59,6539.3,10438.0,6488.932136933417,6454.64232809805,6395.515369710151,6244.362281458295,,73.25157906970053,87.26635709769562,92.01743198774118,-4.751074890045558,6405.2565,6513.87055954574,6296.64244045426,0.03391403905393641,1.1170632999107764,54.181992301836424,6513.95,6289.9,6548.64,5551.76,0.005238869707711702,0.017861173156096477,0.02954836718821352,0.10263716993221594
2026-07-31 14:10:00+09:00,6538.2,6547.36,6507.38,6539.13,10163.0,6505.664757955612,6470.003722989313,6409.19295354728,6254.026796820318,,73.22095275628247,88.41068632229417,91.29608285465177,-2.8853965323576034,6413.815,6535.512326429161,6292.117673570839,0.03794849911609891,1.0148634061116593,53.16756428027665,6539.3,6289.9,6548.64,5551.76,-2.5996666309868743e-05,0.013883053031277903,0.026879879898743075,0.09521057973490366
2026-07-31 14:20:00+09:00,6537.84,6600.3,6537.84,6600.3,11489.0,6537.209838637074,6493.693955173074,6427.393624638015,6265.3800165967,,76.9546217610738,93.1793694888911,91.67274018149965,1.5066293073914494,6425.8205,6569.395964683234,6282.245035316766,0.04468704492546401,1.1076229681197591,53.83130968882833,6547.36,6289.9,6548.64,5551.76,0.009354455409205764,0.023081847477830264,0.03775201684226426,0.11839162261081726
2026-07-31 14:30:00+09:00,6604.66,6610.11,6513.51,6566.43,12310.0,6546.949892424716,6506.918690596151,6440.6351841963,6275.250507855824,,71.04781430369505,93.15176377053922,91.96854489930757,1.1832188712316452,6439.4345,6582.120631978574,6296.748368021426,0.04431635479127055,0.945016969200167,56.88621613962627,6600.3,6289.9,6600.3,5551.76,-0.005131584927957844,0.013984221425074939,0.04325921689187595,0.11060878213129555
2026-07-31 14:40:00+09:00,6567.46,6594.22,6564.64,6586.15,9702.0,6560.016594949811,6521.324383215032,6454.493738082367,6285.443933827764,,72.37723271336955,93.64168221034288,92.30317236151464,1.338509848828238,6449.9405,6602.972815472933,6296.908184527067,0.04745231850524298,0.9450350881088622,54.93577212965296,6610.11,6293.21,6610.11,5551.76,0.0030031539207757696,0.012440778328788094,0.032954675558301894,0.13121134414595148
2026-07-31 14:50:00+09:00,6590.76,6620.25,6580.36,6620.25,10720.0,6580.094396633208,6539.310858994117,6470.280048741189,6296.421181898984,,74.55316907172933,95.67860768642458,92.97825942649663,2.7003482599279494,6462.393,6627.800625108421,6296.985374891579,0.05119082826080701,0.9771757042534421,53.861074120392054,6610.11,6347.91,6610.11,5551.76,0.0051775316383624315,0.012379000810484264,0.039089967353088895,0.14069866016044985
2026-07-31 15:00:00+09:00,6620.52,6630.77,6604.87,6625.19,12114.0,6595.126264422139,6554.925248267913,6485.033377432504,6307.200487410492,,74.86210271422983,96.57820904020537,93.6982493492384,2.8799596909669702,6474.6365000000005,6649.889021953348,6299.383978046653,0.05413509220273516,0.929533048431899,51.86385454036409,6620.25,6360.16,6620.25,5551.76,0.0007461953853706849,0.013160772151646905,0.03837895277979797,0.15588367171402595
2026-07-31 15:10:00+09:00,6625.16,6625.16,6612.17,6619.17,14061.0,6603.1408429480925,6566.606112219201,6497.808293867503,6317.428996019985,,73.68806278984701,95.7021906246182,94.09903760431436,1.6031530203038358,6485.969,6667.708117517415,6304.229882482585,0.05604069878145124,0.8664621073865288,49.08929350176662,6630.77,6360.16,6630.77,5551.76,-0.0009086531857953606,0.0028589609563201,0.03545550111693041,0.15112596671054934
2026-07-31 15:20:00+09:00,6615.6,6615.6,6595.44,6595.45,24441.0,6600.5772286320625,6571.850455452074,6507.1075039753605,6326.544438773428,,69.09035718906013,92.03303442295055,93.6858369680416,-1.652802545091049,6495.7919999999995,6678.896587883562,6312.687412116437,0.05637637038980377,0.7721340878235498,47.27791539449761,6630.77,6360.16,6630.77,5551.76,-0.003583530865652329,0.004419448619721766,0.030701720115205777,0.1616575255124506
2026-08-03 09:00:00+09:00,6358.27,6393.0,6280.31,6302.95,37458.0,6501.368152421375,6522.959463551697,6487.663932168183,6325.770850616922,,37.783397414703714,64.77619655072795,87.90390888457887,-23.127712333850923,6491.0565,6688.412066860955,6293.7009331390445,0.0608084575634044,0.023432495490415067,66.41092143774775,6630.77,6360.16,6630.77,5551.76,-0.04434875558149942,-0.042999324339712874,-0.014803850157713905,0.11687301426979158
2026-08-03 09:10:00+09:00,6309.63,6319.09,6266.11,6293.82,21788.0,6432.185434947583,6481.297742905933,6469.202605295023,6324.723281744236,,37.21652044407452,41.954614781314376,78.71405006392597,-36.75943528261159,6485.819,6697.736887390397,6273.901112609604,0.06534807320105497,0.046996710932902884,65.45156990648009,6630.77,6280.31,6630.77,5551.76,-0.0014485280701893588,-0.049307805596465415,-0.016370845360760278,0.12241724299048751
2026-08-03 09:20:00+09:00,6294.51,6310.89,6231.66,6255.8,14275.0,6373.390289965056,6440.2981532866725,6448.878547647879,6322.463502014917,6321.9938025172605,34.870296481006804,20.563408383268325,67.08392172779443,-46.52051334452611,6479.0470000000005,6710.387575092242,6247.706424907759,0.07141191446589015,0.017492770321448626,66.43574348458868,6630.77,6266.11,6630.77,5551.76,-0.006040846417596835,-0.055755382109796026,-0.021191505873664473,0.11187537213291021
2026-08-03 09:30:00+09:00,6257.68,6303.01,6232.21,6288.52,10560.0,6345.100193310038,6412.702125416368,6433.606305014748,6321.35060030951,6321.440516525239,38.465615455975,6.179717804933716,54.90308094322229,-48.723363138288576,6475.2365,6716.290050670817,6234.1829493291825,0.07445397574924636,0.11270742646106166,66.74747609283236,6630.77,6231.66,6630.77,5551.76,0.005230346238690453,-0.04995339294805834,-0.011973799359909831,0.12044899777282869
2026-08-03 09:40:00+09:00,6282.69,6316.71,6259.42,6316.71,9399.0,6335.636795540026,6395.249011704301,6422.4733235847725,6321.19844947969,6321.36232616945,41.463740598536425,-2.9112046459549674,43.34022382538684,-46.25142847134181,6471.7695,6719.7493738184385,6223.789626181562,0.07663433434038036,0.18735466791645913,66.07194208620147,6630.77,6231.66,6630.77,5551.76,0.00448277178095946,-0.042262468823203836,-0.010858042138724322,0.10893986661212707
2026-08-03 09:50:00+09:00,6322.9,6364.75,6301.44,6361.81,9608.0,6344.361197026685,6389.169191394427,6416.695864195746,6322.529975726257,6322.030882761691,45.99705161952421,-6.402825316639792,33.39161399698152,-39.79443931362131,6470.88,6720.299381684761,6221.460618315239,0.07708978738124057,0.28135219632239256,65.87466050861569,6630.77,6231.66,6630.77,5551.76,0.007139792708546144,0.009338484360498,-0.0027885760862750297,0.12785451270514114
2026-08-03 10:00:00+09:00,6360.41,6377.07,6330.54,6333.09,10125.0,6340.604131351123,6378.972974777258,6408.733400939009,6322.876206030314,6322.213678087945,43.67731306689345,-11.35651301798407,24.441988593988402,-35.79850161197247,6466.307,6722.225545017762,6210.388454982238,0.07915446792667344,0.23972773252764126,64.49289904371456,6630.77,6231.66,6630.77,5551.76,-0.004514438500992646,0.006239453940532158,-0.014236016530340678,0.13381026806094876
2026-08-03 10:10:00+09:00,6336.98,6338.95,6288.98,6291.51,7253.0,6324.23942090075,6363.070615726847,6397.569267516245,6321.847805832598,6321.7061792765735,40.493285671068,-18.4251114960407,15.868568575982582,-34.29368007202328,6458.403,6725.422316612129,6191.383683387871,0.08268896091251318,0.18748890133213086,63.455549112020684,6630.77,6231.66,6630.77,5551.76,-0.006565515411907974,0.005708302695099032,-0.02451008513719477,0.13324603369021726
2026-08-03 10:20:00+09:00,6289.79,6327.48,6289.79,6302.29,5551.0,6316.922947267167,6352.019594685602,6388.495051562317,6321.206566297103,6321.38525069349,41.68029775290853,-22.89327142618731,8.116200575548604,-31.009472001735915,6450.947999999999,6726.522717026087,6175.373282973912,0.08543696741194859,0.23027641721949652,61.61515274687632,6630.77,6231.66,6630.77,5552.14,0.0017134201487400968,0.0021897044137570987,-0.023111298495363086,0.11451849074755249
2026-08-03 10:30:00+09:00,6300.8,6318.73,6257.46,6290.22,6316.0,6308.021964844778,6340.783304742765,6379.135522842096,6320.1906133037555,6320.8701225828545,40.7013243314167,-27.095923548937208,1.0737757506514418,-28.16969929958865,6441.6655,6725.635995331835,6157.695004668165,0.08816679330270567,0.23334289567120794,61.59049897924227,6630.77,6231.66,6630.77,5552.14,-0.0019151768642826639,-0.004193638777148179,-0.028667962760215993,0.11974437254675085
2026-08-03 10:40:00+09:00,6290.01,6321.84,6283.85,6296.03,4852.0,6304.024643229853,6332.6463402440795,6371.220711142849,6319.398462047895,6320.459542044296,41.41464157923069,-29.61633847646044,-5.064247094770935,-24.552091381689507,6431.206,6720.404448363763,6142.007551636238,0.08993599283361861,0.2662919687764508,59.90474905215352,6630.77,6231.66,6630.77,5552.14,0.00092365608834033,-0.010339824672538245,-0.032157252175944895,0.12367104579794352
2026-08-03 10:50:00+09:00,6287.91,6345.06,6279.67,6341.52,5309.0,6316.523095486569,6334.259732926974,6368.392071986387,6320.123758374193,6320.807648787365,46.80968315858187,-27.624682496867536,-9.576334175190254,-18.04834832167728,6421.317,6708.57372560274,6134.06027439726,0.0894697226761238,0.36110507972865624,60.29655269128544,6630.77,6231.66,6630.77,5552.14,0.007225187935889776,0.0013311037739871523,-0.030244827428012155,0.137457691873073
2026-08-03 11:00:00+09:00,6341.69,6371.62,6313.21,6340.75,6794.0,6324.59873032438,6335.439781485706,6365.759493701969,6320.800028591432,6321.137274427244,46.73123686074814,-25.810881572721883,-12.823243654696581,-12.987637918025301,6411.398,6695.378823056782,6127.417176943219,0.08858624064729141,0.37561131903284506,60.161798927622186,6630.77,6231.66,6630.77,5552.14,-0.00012142199346532045,0.00782642004860512,-0.030337369038388906,0.13652658333124212
2026-08-03 11:10:00+09:00,6348.14,6374.1,6346.52,6367.61,5233.0,6338.935820216253,6341.288912124668,6365.93573239702,6322.334781752368,6321.905418651587,49.886198382540776,-21.95299330938542,-14.64919358563435,-7.3037997237510695,6399.7635,6670.596190366224,6128.930809633776,0.08463834339072801,0.4406395513840631,58.24667043279206,6630.77,6231.66,6630.77,5552.14,0.004236091944959108,0.010364486559647279,-0.03525445813069106,0.13220070766878234
2026-08-03 11:20:00+09:00,6380.67,6387.09,6313.32,6314.63,5487.0,6330.83388014417,6336.4418371929105,6361.049472168733,6322.082165957208,6321.785163797842,44.31141836579545,-22.90657950410059,-16.3006707693276,-6.605908734772992,6387.1735,6649.109201825861,6125.237798174138,0.08201928500168706,0.3615242223676945,59.355479687592656,6630.77,6231.66,6630.77,5571.17,-0.008320233180109882,0.003880627386641411,-0.03834655969834444,0.1291529872898025
2026-08-03 11:30:00+09:00,6310.02,6336.3,6306.15,6335.22,4295.0,6332.295920096113,6336.219684976018,6358.589522438378,6322.512914614349,6322.0072272061425,46.79965045692326,-21.750140431537147,-17.39056470176951,-4.359575729767638,6374.627,6620.8020534965035,6128.451946503497,0.07723590839009187,0.4199614269596169,57.26937399562179,6630.77,6231.66,6630.77,5571.17,0.0032606819401928,0.0062245573798092035,-0.03809964850481684,0.13227598335692536
2026-08-03 11:40:00+09:00,6335.28,6347.52,6308.08,6323.16,5005.0,6329.250613397409,6333.845196798559,6355.215282206151,6322.534130528633,6322.026281301909,45.516811309083955,-21.558284856947466,-18.224108732805103,-3.3341761241423633,6359.7725,6579.279153828548,6140.265846171452,0.06902971885505282,0.4166027558586051,55.99584728164884,6630.77,6231.66,6630.77,5571.17,-0.0019036434409539504,-0.002895204935094542,-0.04487594879347456,0.12325467374389798
2026-08-03 11:50:00+09:00,6318.11,6330.29,6309.11,6319.01,3717.0,6325.837075598274,6331.14788828973,6351.767160091279,6322.418585265399,6321.976425412622,45.05909380528843,-21.49334633147737,-18.87795625253956,-2.6153900789378106,6344.4635,6527.462777514983,6161.464222485017,0.057687865180399596,0.43045464346733386,53.50900104724538,6630.77,6231.66,6630.77,5571.17,-0.000656317410914764,-0.003428616488585723,-0.04621452365894407,0.12651778376383627
2026-08-03 12:00:00+09:00,6315.58,6319.16,6302.03,6307.37,3414.0,6319.681383732182,6326.824635873415,6347.538859130205,6321.925189027189,6321.734996893406,43.73077467093314,-22.126077158171938,-19.527580433666035,-2.598496724505903,6328.8735,6461.9110754852945,6195.835924514705,0.04204147088270759,0.41918260716358036,50.91050097244215,6625.16,6231.66,6630.77,5571.17,-0.0018420607025467772,-0.009460378383726376,-0.04710560387480611,0.12625372524020984
2026-08-03 12:10:00+09:00,6308.08,6308.08,6290.0,6290.31,3525.0,6309.890922488123,6320.185611169157,6342.088491593995,6320.888625452527,6321.215575457151,41.78646114246905,-23.730569091813777,-20.368178165295586,-3.3623909265181915,6313.6165,6367.027312865984,6260.205687134016,0.016919245211039866,0.2818185237277753,48.56546518869628,6615.6,6231.66,6630.77,5571.17,-0.002704772353611662,-0.003851373714691131,-0.04626522830132884,0.12804773074522813
2026-08-03 12:20:00+09:00,6292.56,6294.44,6262.7,6280.65,4408.0,6300.143948325416,6312.997318229311,6336.237206680282,6319.569326257362,6320.545070077695,40.683450531632324,-25.487814121398515,-21.392105356516172,-4.0957087648823425,6312.5015,6367.658958344317,6257.344041655683,0.017475626213892256,0.21126751525451362,47.36364624664653,6393.0,6231.66,6630.77,5576.62,-0.0015356953790831573,-0.008613749798744297,-0.0035380258450408153,0.12283590414691159
2026-08-03 12:30:00+09:00,6281.23,6295.22,6271.88,6293.35,3444.0,6297.879298883612,6309.425078551254,6332.152710805969,6318.709676216137,6320.095564787154,42.82041060485294,-25.561008214418507,-22.225885928096638,-3.3351222863218695,6312.478,6367.667666641547,6257.288333358453,0.017485895916483786,0.32670669018319354,45.64767151474322,6387.09,6231.66,6630.77,5629.76,0.002022083701527899,-0.004714414944426482,-7.467642862357682e-05,0.009029938929266068
2026-08-03 12:40:00+09:00,6293.27,6299.99,6284.05,6287.3,3141.0,6294.3528659224085,6305.40233699648,6327.8810240625435,6317.679850766428,6319.553489336127,42.04335125290805,-25.809681555509087,-22.94264505357913,-2.867036501929956,6314.053,6364.255430259949,6263.850569740051,0.0159018083186661,0.23354875589217433,43.525694977975824,6387.09,6231.66,6630.77,6231.66,-0.0009613321998618307,-0.0050181911407007895,0.005035327216343255,-0.0037442975916386345
2026-08-03 12:50:00+09:00,6288.54,6311.2,6267.84,6269.22,4004.0,6285.975243948273,6298.823730269847,6322.29425986611,6316.091003200316,6318.721530834704,39.7234067987314,-27.152662873394547,-23.784648617542217,-3.36801425585233,6313.088000000001,6365.8911425580445,6260.284857441957,0.016728150330882086,0.0846080566911479,43.5138596224061,6387.09,6232.21,6630.77,6231.66,-0.0028756381912744544,-0.006048479794272366,-0.0030690846176842923,-0.017281999915353508
2026-08-03 13:00:00+09:00,6269.0,6284.22,6252.75,6276.98,4566.0,6282.976829298848,6294.852142948056,6317.978616069338,6314.808675226534,6318.03158817628,41.22253606585699,-27.27639281905067,-24.482997457843908,-2.7933953612067626,6311.1015,6366.151667038848,6256.051332961151,0.017445502037591532,0.190087225567173,42.653583935091405,6387.09,6257.46,6630.77,6231.66,0.0012377935373140136,-0.0021191324433932346,-0.006289666614424316,-0.02191161805036168
2026-08-03 13:10:00+09:00,6270.66,6293.63,6263.46,6286.24,3859.0,6284.064552865899,6293.286298775682,6314.955890729401,6313.871997350254,6317.506107379978,43.04295678294884,-26.323800693065095,-24.85115810488815,-1.4726425881769458,6307.323,6358.143872523059,6256.5021274769415,0.016114878696733566,0.29257538336797934,41.76189936829917,6387.09,6252.75,6630.77,6231.66,0.001475231719712422,0.0008900352670504486,-0.011878694899722042,-0.016377949306123907
2026-08-03 13:20:00+09:00,6287.01,6306.71,6285.32,6288.55,3966.0,6285.5597019106,6292.425153543739,6312.441043993267,6313.041767928934,6317.0274940348545,43.512954192796286,-25.09320799386751,-24.899568082684024,-0.19363991118348522,6305.0960000000005,6355.102203775182,6255.089796224819,0.0158621546048407,0.33456052698593125,40.30676369913497,6387.09,6252.75,6630.77,6231.66,0.000367469266206788,-0.0007627098445184277,-0.0070329017904372515,-0.03029298380878953
2026-08-03 13:30:00+09:00,6289.15,6289.56,6264.54,6265.44,3899.0,6278.853134607067,6287.518761990331,6307.9647540891465,6311.481054226346,6316.174808183038,39.96032643379436,-25.686638693997338,-25.05698220494669,-0.6296564890506495,6303.7925,6356.436851596395,6251.148148403604,0.0167024379677458,0.13573964882278236,39.21485200633965,6387.09,6252.75,6630.77,6231.66,-0.003674933013174786,-0.0034768501582556066,-0.004143679339300155,-0.04008677680252615
2026-08-03 13:40:00+09:00,6262.4,6276.62,6256.96,6269.81,3919.0,6275.838756404712,6284.298987082997,6304.330967985418,6310.11479015335,6315.408447717204,40.94224226959998,-25.510248060832964,-25.147635376123944,-0.3626126847090205,6302.168500000001,6356.862090218644,6247.474909781357,0.01735707010012293,0.20418380041752773,37.81807686302967,6387.09,6252.75,6630.77,6231.66,0.0006974769529355385,9.411059111030795e-05,-0.005153682232966084,-0.038413994491034
2026-08-03 13:50:00+09:00,6272.39,6273.41,6231.45,6231.45,4996.0,6261.042504269808,6274.690080340633,6297.389923415378,6307.5356167057,6314.020704779729,35.46001865017615,-28.141392173757595,-25.746386735650674,-2.395005438106921,6299.2300000000005,6361.907887647917,6236.552112352084,0.019900174353981857,-0.04070105537653416,38.11392851567041,6387.09,6252.75,6630.77,6231.66,-0.0061182077287829095,-0.00725348814238691,-0.00934307544092261,-0.03223777494436275
2026-08-03 14:00:00+09:00,6232.71,6268.38,6232.71,6242.49,4495.0,6254.858336179873,6268.835520278699,6292.16135928058,6305.4029735350205,6312.838379080891,38.0317722512135,-29.001446482472602,-26.397398685015062,-2.6040477974575396,6296.553,6363.945060392933,6229.160939607067,0.02140601703596643,0.09889191927963703,38.029362193122545,6387.09,6231.45,6630.77,6231.45,0.001771658281780386,-0.006959645193311159,-0.00850377142421499,-0.02494154325798914
2026-08-03 14:10:00+09:00,6243.94,6262.13,6230.35,6237.03,4190.0,6248.915557453249,6263.052698409843,6286.910753634811,6303.161236697806,6311.585348021703,37.24139449660999,-29.780332946766066,-27.073985537365264,-2.706347409400802,6291.3285,6360.152184084802,6222.5048159151975,0.021878903346026886,0.10552460448720566,37.58297917932806,6387.09,6231.45,6630.77,6231.45,-0.0008746509806183411,-0.008192667626082395,-0.016477122204140437,-0.018041066688498364
2026-08-03 14:20:00+09:00,6232.64,6275.99,6232.64,6264.94,3804.0,6254.257038302167,6263.395844153508,6284.818300907686,6301.908081396238,6310.814350533741,43.684136885148774,-27.82475586953933,-27.224139603800076,-0.6006162657392551,6287.538,6353.340747541455,6221.735252458544,0.02093116496201075,0.3282898446925543,37.99490923794745,6387.09,6230.35,6630.77,6230.35,0.004474886284016488,-7.980285502695583e-05,-0.011955998896029718,-0.016177865438853356
2026-08-03 14:30:00+09:00,6271.52,6281.6,6252.85,6272.14,4406.0,6260.2180255347785,6264.985690671052,6283.610843678382,6300.932078727509,6310.175105070374,45.245747244263704,-25.40115837747271,-26.859543358534605,1.4583849810618936,6282.764499999999,6337.572994040654,6227.956005959345,0.017447254004397044,0.4030761546548036,37.33455857809406,6387.09,6230.35,6630.77,6230.35,0.0011492528260448331,0.00037162210657104566,-0.01499306647234977,-0.0138439260462343
2026-08-03 14:40:00+09:00,6269.58,6279.58,6258.51,6265.12,4989.0,6261.852017023186,6265.010110549042,6281.849810947107,6299.757912211852,6309.430392589872,43.96564492666696,-23.77285654320349,-26.242205995468385,2.469349452264897,6280.289,6333.567910236644,6227.010089763356,0.016967025000487766,0.3576453616203383,36.17280439394447,6387.09,6230.35,6630.77,6230.35,-0.001119235221152648,0.005403236806842626,-0.007840522722629917,-0.004612219282984942
2026-08-03 14:50:00+09:00,6266.03,6266.03,6248.02,6251.59,5568.0,6258.431344682125,6262.570090449216,6278.9679241902395,6298.178636401628,6308.474353042932,41.52703036882523,-23.305521983099425,-25.654869192994596,2.3493472098951713,6276.1075,6324.3770149654965,6227.837985034504,0.01538199113558729,0.24603535981742009,34.87546122294839,6347.52,6230.35,6630.77,6230.35,-0.0021595755548177165,0.0014577516343639019,-0.013200804391954812,-0.019516846689868084
2026-08-03 15:00:00+09:00,6251.37,6252.86,6223.29,6228.03,6641.0,6248.297563121418,6256.290074003904,6274.116693314979,6295.878681109772,6307.14469431495,37.61458601917988,-24.55321687779633,-25.434538729954944,0.8813218521586137,6271.351000000001,6318.879418404195,6223.822581595806,0.015157314079277265,0.04426213353464565,34.49649970702348,6347.52,6230.35,6630.77,6230.35,-0.0037686412576640738,-0.0014429945021909862,-0.015044692843451668,-0.0224714339527875
2026-08-03 15:10:00+09:00,6229.35,6243.07,6223.42,6241.34,7451.0,6245.978375414279,6253.571878730467,6270.995103475457,6294.090527630763,6306.057013417183,40.996647063662486,-24.189180491844127,-25.18546708233278,0.9962865904886549,6267.4675,6311.336398265219,6223.5986017347805,0.013998923254159447,0.20220929823630485,33.43603544223607,6330.29,6223.29,6630.77,6223.29,0.0021371123774291956,-0.003766995374257287,-0.01229148236828237,-0.02178260651503361
2026-08-03 15:20:00+09:00,6241.91,6257.45,6241.91,6257.45,11249.0,6249.802250276187,6254.276991688563,6269.7050936206515,6292.8891988559835,6305.2535917078085,44.89089758439488,-22.3431784174727,-24.617009349360767,2.2738309318880674,6264.9715,6304.986351380508,6224.956648619492,0.012774152725358107,0.40601614474990017,32.198461482076326,6319.16,6223.29,6630.77,6223.29,0.0025811764781280555,-0.0023421033331527674,-0.007914550755703242,-0.021129382465756907
2026-08-04 09:00:00+09:00,6351.38,6389.4,6319.19,6359.79,35457.0,6286.464833517459,6273.461175017915,6278.284608513923,6295.082667745951,6306.1550199440435,62.0336512169952,-12.478382736213462,-22.189284026731308,9.710901290517846,6268.4455,6325.213583453682,6211.6774165463175,0.018112332141575538,1.3045409889038193,39.32357137621372,6311.2,6223.29,6630.77,6223.29,0.016354904953295613,0.01511064432923881,0.011045560552659595,-0.0061259667541283536
2026-08-04 09:10:00+09:00,6367.93,6371.0,6261.42,6287.07,21855.0,6286.666555678306,6275.935506832839,6279.121312464978,6294.81995732805,6305.839565068936,50.106328536608665,-10.408376060170667,-19.83310243341918,9.424726373248514,6268.7665,6325.878561519474,6211.654438480526,0.018221148137986663,0.6602419831558598,44.341887706484165,6389.4,6223.29,6630.77,6223.29,-0.011434339813107042,0.0056753561893854165,0.001022187194000601,-0.017286007696564076
2026-08-04 09:20:00+09:00,6289.74,6325.56,6249.76,6256.12,16642.0,6276.4843704522045,6272.332687408685,6276.930711277837,6293.5511062681135,6305.0177540760615,46.048251943184056,-11.13690785460858,-18.093863517657063,6.956955663048483,6266.905000000001,6323.110372874879,6210.699627125122,0.017937202773898365,0.40405721509925996,46.5888957274496,6389.4,6223.29,6630.77,6223.29,-0.004922801877504157,0.004510254446430162,-0.005915768231546048,-0.0222627868414349
2026-08-04 09:30:00+09:00,6254.19,6254.19,6163.54,6163.54,14538.0,6238.836246968137,6252.552198788924,6266.131595918043,6289.288447046208,6302.6792788020775,36.52023661295245,-18.96607768951435,-18.26830635202852,-0.697771337485829,6260.717,6331.847527932836,6189.586472067163,0.02272280568913632,-0.18308926437153242,49.873974604060336,6389.4,6223.29,6630.77,6223.29,-0.01479830949534211,-0.012465271880717999,-0.019684125141157582,-0.03562688930473579
2026-08-04 09:40:00+09:00,6166.56,6181.22,6138.2,6177.36,11000.0,6218.344164645425,6238.88088991821,6257.6771582115625,6285.6186618971515,6300.607885764027,38.563804923611286,-23.78145487994516,-19.37093605761185,-4.410518822333309,6256.124,6335.813316071879,6176.434683928121,0.025475619112370264,0.005805772451632011,49.38440498948463,6389.4,6163.54,6630.77,6163.54,0.0022422179461802916,-0.012799143421042158,-0.014652540507431588,-0.029438797875165124
2026-08-04 09:50:00+09:00,6173.46,6188.73,6093.06,6093.61,10167.0,6176.766109763616,6212.468000842171,6242.051714572366,6279.323295933311,6297.18643310677,31.86841619846419,-33.964084247035316,-22.289565695496545,-11.674518551538771,6246.9555,6352.829514843132,6141.081485156868,0.03389619626492668,-0.22418855668789445,52.69051891880709,6389.4,6138.2,6630.77,6138.2,-0.013557571519224987,-0.04185358321579802,-0.0292130929204808,-0.045793565662655356
2026-08-04 10:00:00+09:00,6096.79,6124.87,6080.25,6120.93,10916.0,6158.154073175745,6195.824727961775,6230.516313184522,6274.130073115824,6294.273103633931,35.78504713607259,-39.375499457751175,-25.706752447947473,-13.668747009803702,6238.69,6356.179846369818,6121.200153630181,0.03766490925813536,-0.0011496892647673256,52.11405328174944,6389.4,6093.06,6630.77,6093.06,0.004483385054179889,-0.0264256641010836,-0.026297118786428708,-0.04054642924321272
2026-08-04 10:10:00+09:00,6117.54,6177.33,6117.54,6147.68,7897.0,6154.662715450497,6187.071141059634,6222.627140500283,6269.98416907924,6291.850077127586,39.45507758191394,-41.03258545523295,-28.771919049404573,-12.260666405828374,6231.6465,6353.156913261594,6110.1360867384055,0.03899785177531951,0.15448846009916925,52.66233519019591,6389.4,6080.25,6630.77,6080.25,0.0043702509259213596,-0.017333427108175647,-0.022401030444220038,-0.043095625374539814
2026-08-04 10:20:00+09:00,6139.66,6199.82,6139.66,6199.82,7317.0,6169.715143633665,6189.389115412428,6220.455031881208,6267.683704519265,6290.328918827956,45.94048905235897,-37.70394815462441,-30.558324870448544,-7.145623284175869,6228.3655,6349.592171071194,6107.138828928806,0.0389272823090404,0.38226394510480277,53.197882676610476,6389.4,6080.25,6630.77,6080.25,0.00848124821070706,0.00588622771978442,-0.010473326693735796,-0.03872649269178352
2026-08-04 10:30:00+09:00,6198.03,6235.31,6190.09,6197.28,7948.0,6178.90342908911,6190.823821701077,6218.247885987759,6265.375386338305,6288.790920169643,45.68376352403874,-34.868987897400075,-31.42045747583885,-3.448530421561223,6224.739,6345.1260097477425,6104.351990252257,0.03868017912003794,0.3859553034104884,52.62803391399546,6389.4,6080.25,6630.77,6080.25,-0.0004096893135606683,0.0032246785034384384,-0.011568133643603318,-0.03938841086959566
2026-08-04 10:40:00+09:00,6184.1,6294.59,6178.91,6294.59,7148.0,6217.465619392741,6209.6903995736075,6225.5185635127345,6266.333242523934,6288.8867727288225,55.86051451133583,-24.487876722681904,-30.033941325207465,5.546064602525561,6227.896,6352.073254181284,6103.718745818715,0.03987775460003966,0.7685435446278872,57.13174577728152,6389.4,6080.25,6630.77,6080.25,0.015702049931582973,0.032982091075733466,0.01013247318039956,-0.027993149955141128
2026-08-04 10:50:00+09:00,6290.25,6339.44,6288.86,6318.07,8948.0,6251.000412928495,6229.395781469315,6234.3329860353315,6268.029529654297,6289.369140121735,57.90972488346524,-14.202414956474968,-26.867636051460966,12.665221094985998,6231.675,6361.853877626147,6101.496122373854,0.04177973903521812,0.8318318669489245,56.663763936047125,6389.4,6080.25,6630.77,6080.25,0.0037301873513604367,0.032207524020042566,0.012107348189584588,-0.028769203808633792
2026-08-04 11:00:00+09:00,6318.44,6318.44,6236.64,6256.1,7295.0,6252.700275285664,6234.251093929439,6236.406034984348,6267.638397534484,6288.819236979227,51.15901368614879,-10.925629641567866,-23.67923476948235,12.753605127914483,6232.628500000001,6363.228976457797,6102.028023542204,0.04190863500296752,0.5898599325079202,58.45920936918657,6389.4,6080.25,6630.77,6080.25,-0.009808375025917582,0.017635921193035475,0.0030575450174201713,-0.043307387640878936
2026-08-04 11:10:00+09:00,6251.56,6262.23,6226.25,6238.02,5878.0,6247.806850190444,6234.936349578631,6236.55974593822,6266.667302533353,6287.979580169653,49.35142611087192,-9.676118302063514,-20.878611475998582,11.202493173935068,6231.2825,6361.07558392593,6101.4894160740705,0.0416585458694674,0.5259547727668029,56.85355155710179,6389.4,6080.25,6630.77,6080.25,-0.0028899793801250295,0.0061614692039446695,-0.0042969286218222935,-0.04604740997655643
2026-08-04 11:20:00+09:00,6241.69,6254.5,6216.23,6216.23,4580.0,6237.281233460297,6231.535195109789,6234.62357965839,6265.013620483079,6286.793636695775,47.187475161279295,-10.325120890177459,-18.76791335883436,8.4427924686569,6228.487,6357.04217820766,6099.93182179234,0.04127974521185,0.45232786352564763,55.52615501730884,6389.4,6080.25,6630.77,6080.25,-0.0034930955655801954,0.0030577930963260336,-0.008914022965048729,-0.058189779252458274
2026-08-04 11:30:00+09:00,6208.19,6258.28,6208.19,6243.82,4710.0,6239.460822306864,6233.768795998918,6235.499429214734,6264.318747680354,6286.083328651217,50.16697981322248,-8.51502182513741,-16.71733505209497,8.20231322695756,6227.422,6355.0954967955495,6099.74850320445,0.04100364381779488,0.564218496444329,55.13785823035822,6389.4,6080.25,6630.77,6080.25,0.004438381462719354,-0.008065656381114672,-0.003399775263682181,-0.0491301970781689
2026-08-04 11:40:00+09:00,6241.81,6251.81,6219.32,6226.71,7396.0,6235.210548204576,6232.485378544569,6234.662340718092,6263.085673985916,6285.10195131814,48.34541179147199,-8.364716041129213,-15.046811249901818,6.682095208772605,6226.178,6353.3692519947945,6098.986748005205,0.04085692763515421,0.502091338797506,53.520154071046974,6389.4,6080.25,6630.77,6080.25,-0.002740309618150416,-0.014460112027881888,-0.003979787542049307,-0.054575131146420874
2026-08-04 11:50:00+09:00,6223.2,6233.21,6214.27,6215.8,5611.0,6228.740365469718,6229.451673354647,6232.865927316369,6261.535324019164,6283.956464519494,47.16930610633777,-9.021944090227407,-13.841837817966937,4.8198937277395295,6225.5665,6352.833830650891,6098.2991693491085,0.040885381483240564,0.461629980176176,51.05014306597216,6389.4,6080.25,6630.77,6080.25,-0.0017521291340049094,-0.006441712888221152,-0.0019637028081109786,-0.061092859031003366
2026-08-04 12:00:00+09:00,6215.67,6236.91,6190.37,6199.14,5518.0,6218.873576979813,6223.9404600174375,6229.6539342386195,6259.489575690667,6282.554539486115,45.35483680845897,-10.763055022252956,-13.226081258824141,2.463026236571185,6223.4565,6351.00678957632,6095.90621042368,0.0409901763035767,0.40467877383590717,50.72798998983129,6389.4,6080.25,6630.77,6080.25,-0.0026802664178383617,-0.006232746929314081,-0.006761368552265945,-0.06430758966912642
2026-08-04 12:10:00+09:00,6197.32,6203.16,6155.62,6159.0,5700.0,6198.915717986542,6212.133103650631,6222.924988120656,6256.194835504088,6280.512315692956,41.23876587114535,-15.206568658201832,-13.62217873869968,-1.5843899195021507,6218.534000000001,6348.040636185191,6089.02736381481,0.041651822177120996,0.27015077468745,50.50027641912906,6389.4,6080.25,6625.16,6080.25,-0.006475091706269032,-0.009206544802878858,-0.015733245970802723,-0.06952080094634228
2026-08-04 12:20:00+09:00,6160.98,6202.68,6158.48,6181.03,3956.0,6192.9538119910285,6206.47799389597,6218.934989252022,6253.730414667888,6278.8679798963785,44.23020455981945,-16.757280838410225,-14.24919915864179,-2.508081679768434,6209.596,6322.48123347189,6096.710766528109,0.03635831814884266,0.37347326518524215,50.050256674905604,6389.4,6080.25,6615.6,6080.25,0.0035768793635329033,-0.010056343712663063,-0.028107846328259356,-0.06283422662593152
2026-08-04 12:30:00+09:00,6182.71,6217.96,6182.71,6197.76,3562.0,6194.555874660687,6204.892904096702,6216.918323608972,6251.895319105006,6277.527352129497,46.45935275630882,-16.446673220757475,-14.688693971064929,-1.7579792496925464,6205.1305,6312.326055966669,6097.934944033332,0.034550620963303996,0.46562124272067873,49.113095483840944,6371.0,6080.25,6393.0,6080.25,0.002706668629662179,-0.004649325245595137,-0.014205345256216195,-0.016689010701338214
2026-08-04 12:40:00+09:00,6200.0,6200.0,6169.88,6179.8,3479.0,6189.637249773792,6200.330557897302,6213.383245170023,6249.5315381507435,6275.912023995125,44.40729633402511,-17.44859975141935,-15.240675127135814,-2.207924624283537,6201.3144999999995,6306.390571581512,6096.238428418487,0.03388832209090903,0.39762417039302067,47.75644580642373,6339.44,6080.25,6389.4,6080.25,-0.0028978211482858507,-0.005791692139386684,-0.012199254490003364,-0.01811618381205682
2026-08-04 12:50:00+09:00,6179.39,6196.18,6177.07,6196.18,3629.0,6191.818166515862,6199.575911006884,6211.744840868116,6247.7823073917025,6274.594139300992,46.71873777687143,-16.72807381673647,-15.538154865055946,-1.1899189516805233,6202.9465,6306.629754052923,6099.263245947077,0.033430323493173146,0.4673693690374248,45.710271105964935,6339.44,6080.25,6389.4,6080.25,0.0026505712158970685,-0.0004774855867104577,0.005295658014712323,-0.009530355829789894
2026-08-04 13:00:00+09:00,6189.83,6190.31,6162.97,6177.37,3787.0,6187.0021110105745,6195.538472641996,6208.471046499724,6245.473707149351,6272.987128734034,44.433981339339546,-17.473438696209996,-15.925211631286757,-1.548227064923239,6202.947,6306.629760592121,6099.264239407879,0.03343016169318253,0.3766574122162025,44.817394598396014,6339.44,6080.25,6389.4,6080.25,-0.003035741376138268,0.002982627049845643,1.6188145097739692e-06,-0.01767506503915084
2026-08-04 13:10:00+09:00,6178.72,6196.05,6139.88,6196.05,4998.0,6190.01807400705,6195.631477616178,6207.288089690227,6243.853257734618,6271.715440655786,47.19576903648996,-16.36814407247857,-16.01379811952512,-0.3543459529534516,6208.069,6298.974297513419,6117.163702486582,0.02928617498079296,0.4338927415191279,45.62829498422488,6339.44,6080.25,6389.4,6080.25,0.0030239406090295518,0.0024300157093559704,0.016811052889830647,-0.01910171592490395
2026-08-04 13:20:00+09:00,6197.54,6205.41,6169.61,6198.41,3884.0,6192.815382671367,6196.136663504145,6206.442557338776,6242.363314858073,6270.5037804796575,47.55045382199321,-15.127378836536082,-15.836514262927313,0.7091354263912315,6211.943,6293.819491155907,6130.066508844094,0.02636099241603037,0.41735723032981914,44.92627391392312,6339.44,6080.25,6389.4,6080.25,0.00038088782369416485,0.00010487660057822978,0.012658207167864921,-0.02568451431275065
2026-08-04 13:30:00+09:00,6199.04,6212.76,6176.86,6177.06,3803.0,6187.563588447578,6192.668179230664,6203.644218544608,6240.222222567644,6268.9592551824735,44.62986782962616,-15.686011442717245,-15.8064136988853,0.120402256168056,6213.412,6291.594773447885,6135.2292265521155,0.02516581016931913,0.26751911964192815,44.28154006292865,6339.44,6117.54,6389.4,6080.25,-0.00344443171716613,-0.00044338004466160097,0.004779038596673946,-0.02463726237902819
2026-08-04 13:40:00+09:00,6179.31,6187.03,6165.19,6184.16,4303.0,6186.429058965052,6191.121237552361,6201.788578683217,6238.384116909688,6267.557614600945,45.821621471101665,-15.378546829979314,-15.720840325104104,0.3422934951247907,6212.629,6291.64976382827,6133.60823617173,0.025438751880490527,0.3198638014821672,42.678572915576616,6339.44,6139.66,6389.4,6080.25,0.0011494141225760757,-0.0019399049091537446,-0.0025258797836066327,-0.01706267652757454
2026-08-04 13:50:00+09:00,6184.59,6212.1,6177.82,6190.88,5151.0,6187.912705976702,6191.077376179204,6200.749666427672,6236.826604879861,6266.2902160124995,46.98469664556234,-14.42633328062675,-15.461938916208634,1.0356056355818843,6212.308999999999,6291.627074585828,6132.99092541417,0.02553577891435503,0.3649172958881449,42.07867485017834,6339.44,6139.88,6389.4,6080.25,0.0010866471760109242,0.0021870148623119867,-0.0010327111248805698,-0.017677701280010893
2026-08-04 14:00:00+09:00,6196.62,6211.37,6171.41,6192.12,5280.0,6189.315137317802,6191.266944146621,6199.927793434561,6235.360814555931,6265.064262028822,47.20989819682755,-13.416976986625741,-15.052946530292056,1.6359695436663149,6207.1855,6277.284305260881,6137.086694739118,0.022586341349354493,0.3925409645433222,41.92734093230846,6339.44,6139.88,6389.4,6080.25,0.00020029462693504918,-0.0006342750623381521,-0.01627905868372681,-0.015595638944265966
2026-08-04 14:10:00+09:00,6188.28,6189.11,6143.97,6173.28,5478.0,6183.970091545201,6187.996590665418,6197.389908345554,6233.325378013114,6263.547166788676,44.141834302453,-13.976176733642205,-14.837592570962087,0.8614158373198819,6199.946,6249.695805788594,6150.196194211406,0.016048464224880064,0.23199895379175794,42.37181658000069,6339.44,6139.88,6389.4,6080.25,-0.003042576694250121,-0.004054265529385814,-0.02291680845574673,-0.0194964128188716
2026-08-04 14:20:00+09:00,6173.8,6224.19,6173.8,6224.19,6046.0,6197.376727696801,6194.577210544432,6199.94229802693,6233.025857422519,6262.896635106219,53.02564065975482,-10.193826943030217,-13.908839445375714,3.7150125023454965,6198.3505,6242.5292353712475,6154.171764628752,0.014254997477554059,0.7924427304546238,42.98168682428634,6318.44,6139.88,6389.4,6080.25,0.008246831506103725,0.007629843323522678,-0.005100621793129978,-0.018501873367899324
2026-08-04 14:30:00+09:00,6228.73,6305.28,6225.51,6292.98,8075.0,6229.244485131201,6212.46862680908,6208.803031548175,6234.991567015223,6263.393880806942,61.85380705865752,-1.626757141917551,-11.45242298468408,9.82566584276653,6201.0985,6259.388887295015,6142.808112704985,0.01880001980133508,1.2881359540036699,45.70370919398019,6262.23,6139.88,6389.4,6080.25,0.011052040506475569,0.01759656929963005,0.008810487943289536,-0.0075338090919844225
2026-08-04 14:40:00+09:00,6293.24,6300.61,6268.56,6290.51,6553.0,6249.666323420801,6226.657967389247,6216.584647591206,6236.811843506527,6263.842081124184,61.40754730294503,4.906836088491218,-8.18057117004902,13.087407258540239,6204.8125,6274.781670889778,6134.843329110222,0.02255319427936882,1.1123947083423273,44.72844425155298,6305.28,6139.88,6389.4,6080.25,-0.000392500850153521,0.01609302716253591,0.011949364807930296,-0.012108153608653693
2026-08-04 14:50:00+09:00,6290.31,6335.28,6277.51,6330.48,7173.0,6276.604215613867,6245.534700591202,6227.431824011091,6239.882930604674,6264.943534328743,65.71788039072256,13.158319832105917,-3.9127929696180335,17.07111280172395,6209.1455000000005,6296.751050160953,6121.539949839048,0.028218230724647242,1.192504640271525,45.659983947870586,6305.28,6139.88,6389.4,6080.25,0.006354015811118607,0.022344528206817538,0.01387932387544799,0.0025100441356025183
2026-08-04 15:00:00+09:00,6326.43,6332.48,6294.12,6324.25,6907.0,6292.486143742579,6259.8465732109835,6236.6526026767015,6242.649064027471,6265.9238064885985,64.50849711774109,18.976225103233446,0.6650106449522624,18.311214458281185,6214.0225,6314.857507586667,6113.187492413333,0.03245402075279496,1.0465735692302087,45.138556523022665,6335.28,6139.88,6389.4,6080.25,-0.0009841275859018284,0.024455394863022617,0.01566477321089299,-0.0017315894317798675
2026-08-04 15:10:00+09:00,6325.71,6357.37,6325.71,6344.83,8690.0,6309.9340958283865,6275.298105354441,6246.9552119455875,6245.99925864952,6267.228041092093,66.68925175786248,24.959869117896233,5.523982339541057,19.435886778355176,6220.474,6336.330375983385,6104.617624016615,0.037250015347185784,1.0366817274598406,44.28008819994961,6335.28,6139.88,6389.4,6080.25,0.003254140807210426,0.019382441731373934,0.020758389909585118,0.003427083926391239
2026-08-04 15:20:00+09:00,6347.2,6358.95,6347.2,6358.95,11722.0,6326.272730552258,6290.507540744542,6257.621382236484,6249.702561644617,6268.7441065285875,68.13588450708937,30.489848113795233,10.517155494391893,19.97269261940334,6228.4645,6358.508339142821,6098.420660857179,0.04175791293113114,1.0016981229564212,42.12579618566749,6357.37,6139.88,6389.4,6080.25,0.0022254339359761843,0.010483109750865305,0.025779382301415854,0.006320610348772959
2026-08-05 09:00:00+09:00,6603.48,6654.85,6591.06,6603.4,44695.0,6418.648487034839,6347.3970787909875,6290.552679166342,6261.299198967744,6274.275608900016,82.3924128042629,53.97527498392992,19.2087793922995,34.76649559163042,6250.6845,6455.835051983183,6045.533948016818,0.0656409876336528,1.359650380148413,60.25252502954842,6358.95,6139.88,6389.4,6080.25,0.038441881128173705,0.04974000518240951,0.07215457054716667,0.04693398357794143
2026-08-05 09:10:00+09:00,6604.63,6657.98,6598.51,6646.01,27969.0,6494.435658023227,6401.6903371926255,6324.405757340977,6273.912667854047,6280.419979000842,83.7566610259646,75.15952367154114,30.39892824814783,44.76059542339331,6273.9335,6538.906678436999,6008.960321563001,0.084467958876835,1.2021021942574968,60.19663038458063,6654.85,6139.88,6654.85,6080.25,0.006452736469091835,0.04984298189078884,0.0752269443765845,0.05654729258176472
2026-08-05 09:20:00+09:00,6643.06,6658.44,6622.77,6648.58,17922.0,6545.817105348819,6446.579366793966,6355.279494737075,6286.196842678504,6286.5052686041345,83.8379992980822,91.10536496614714,42.540215591747696,48.56514937439944,6296.4745,6604.841032131823,5988.107967868177,0.09794894972792252,1.0709204198746813,58.44472821425338,6657.98,6139.88,6657.98,6080.25,0.00038669818432413017,0.051283551409258,0.07273918318876493,0.05858151624433772
2026-08-05 09:30:00+09:00,6661.2,6674.66,6639.18,6650.77,18978.0,6580.80140356588,6483.7049364677905,6383.421447619258,6298.1500609513405,6292.526173255306,83.9119290557267,102.73500854492795,54.579174182383746,48.155834362544205,6320.023,6659.514182807459,5980.531817192541,0.10743352763350993,0.9871216348902674,56.80439048466382,6658.44,6139.88,6658.44,6080.25,0.00032939364495887524,0.04821878600372287,0.07621120424609207,0.0567932817974528
2026-08-05 09:40:00+09:00,6653.4,6657.12,6608.36,6609.09,15135.0,6590.230935710587,6506.5022207463735,6404.913690703139,6308.344813051296,6297.7586332015,76.71915753402382,107.35088304630972,65.13351595516895,42.21736709114077,6340.6685,6697.31096086383,5984.02603913617,0.11249364664430254,0.876317361861305,56.229791164330706,6674.66,6139.88,6674.66,6080.25,-0.006266943526839763,0.03933668294293868,0.06663944559389812,0.05118095207799844
2026-08-05 09:50:00+09:00,6613.47,6621.03,6577.89,6611.88,12542.0,6597.447290473725,6525.661816974305,6424.624767779031,6318.296786393876,6302.950721908913,76.86213153942477,109.96650115370176,74.1001129948755,35.866388158826254,6362.394,6729.386794229001,5995.401205771,0.11536311464803987,0.8399058563590251,55.29480608116419,6674.66,6139.88,6674.66,6080.25,0.0004221458627435837,0.0012841869340036727,0.07033899539771782,0.05465751720309697
2026-08-05 10:00:00+09:00,6609.58,6612.86,6555.47,6592.7,10735.0,6595.864860315817,6537.850577524431,6440.631932752456,6327.293613069486,6307.739966174881,73.51948886123522,109.23256660930838,81.12660371776208,28.105962891546298,6382.2265,6753.95826384459,6010.49473615541,0.1164896807860361,0.7830986217362806,55.44446278965242,6674.66,6139.88,6674.66,6080.25,-0.00290083909568839,-0.00802135416588301,0.06401659121537095,0.050298073277276645
2026-08-05 10:10:00+09:00,6590.21,6621.49,6564.46,6564.46,10520.0,6585.396573543878,6542.68865433817,6452.425082014127,6335.069560181962,6311.983272519099,68.776844604286,105.15996756046115,85.93327648630189,19.226691074159262,6400.529,6770.297423200266,6030.760576799735,0.11554308189222037,0.721667116111771,55.55771544753438,6674.66,6143.97,6674.66,6080.25,-0.004283525717839409,-0.012652325759786254,0.0590554674505237,0.04425857110132614
2026-08-05 10:20:00+09:00,6558.73,6577.3,6540.27,6556.29,9395.0,6575.694382362586,6545.161626276684,6462.316978965162,6342.322689356323,6316.021400246056,67.42177898710027,100.11904274942117,88.77042973892576,11.348613010495413,6419.4905,6780.260720360566,6058.720279639434,0.11239839683867929,0.6895936697093209,54.23430720128191,6674.66,6143.97,6674.66,6080.25,-0.0012445806661933734,-0.014205873906329658,0.061393284183737906,0.042575792511787336
2026-08-05 10:30:00+09:00,6559.02,6597.32,6554.43,6591.86,6790.0,6581.082921575058,6553.652239680923,6474.654409539909,6350.504240524968,6320.5807159444685,70.17676455398183,97.86613535901324,90.58957086294326,7.27656449606998,6439.8755,6791.1006686013,6088.6503313987005,0.10907824805038532,0.7163633383752858,53.42399954404745,6674.66,6143.97,6674.66,6080.25,0.005425324383149466,-0.0026070154892732234,0.06592649608030832,0.05209849587578841
2026-08-05 10:40:00+09:00,6593.25,6632.31,6593.25,6628.48,6270.0,6596.881947716705,6567.257287011664,6489.304465774203,6359.618199852018,6325.669960309023,72.73325631013245,97.90700694363386,92.05305807908138,5.853948864552478,6461.7555,6802.576217003841,6120.93478299616,0.10548858340549729,0.7445926724550032,52.49728529090126,6674.66,6143.97,6674.66,6080.25,0.005555336430081992,0.002510632376873101,0.07068461995709807,0.05720588024198481
2026-08-05 10:50:00+09:00,6631.42,6641.71,6622.07,6629.93,6679.0,6607.897965144471,6578.652325736815,6502.697373795707,6368.480881824083,6330.699051874163,72.83256166667562,96.93894898920553,93.03023626110621,3.9087127280993172,6483.646,6808.234750723145,6159.057249276854,0.10012537721002827,0.7253374457280128,50.150336341551196,6674.66,6143.97,6674.66,6080.25,0.00021875301728302432,0.005647155186797592,0.07070437911409999,0.06394659348947695
2026-08-05 11:00:00+09:00,6635.01,6656.56,6626.85,6627.56,6299.0,6614.451976762981,6587.544630148303,6514.58905248183,6376.975279141326,6335.605844405169,72.36862919298348,94.88672182845221,93.40153337457541,1.4851884538768019,6506.360000000001,6803.296004889964,6209.423995110037,0.09127561490294525,0.7040843784587748,48.690312317154685,6674.66,6143.97,6674.66,6080.25,-0.0003574698375397034,0.009612367201567329,0.07358810875255961,0.06168532108181202
2026-08-05 11:10:00+09:00,6624.7,6629.43,6593.54,6610.24,5378.0,6613.047984508654,6591.67106103043,6523.69866653118,6384.623302776035,6340.145251935663,68.9138527992339,90.81586896087083,92.8844004918345,-2.068531530963668,6525.6625,6795.690043178493,6255.634956821507,0.08275866034398592,0.656609024035915,47.7760042945008,6674.66,6173.8,6674.66,6080.25,-0.002613329792563235,0.008228739119227502,0.06202413486734826,0.05983777535140922
2026-08-05 11:20:00+09:00,6611.3,6621.15,6588.75,6588.75,5461.0,6604.948656339103,6591.139959024897,6529.894031623448,6391.315981373542,6344.254421325157,64.78153205877184,84.87721364910976,91.28296312328955,-6.405749474179785,6540.450999999999,6789.464759692136,6291.437240307862,0.07614574581848768,0.5969805846466364,46.677718273465004,6674.66,6225.51,6674.66,6080.25,-0.0032510166045407463,-0.00047179400047936415,0.046999990465566466,0.05168604966687629
2026-08-05 11:30:00+09:00,6591.57,6597.23,6577.97,6577.97,4892.0,6595.955770892736,6588.745421020369,6534.4726952783585,6397.435785262934,6348.11748874127,62.74889153697163,78.39721631198518,88.70581376102868,-10.308597449043504,6554.8240000000005,6776.113300184201,6333.5346998158,0.06751952460789193,0.5522980550364005,44.71930982536031,6674.66,6268.56,6674.66,6080.25,-0.0016361221779548352,-0.007620148208940747,0.045697407682365965,0.048760072319814274
2026-08-05 11:40:00+09:00,6580.74,6590.14,6564.27,6574.52,4620.0,6588.810513928491,6586.158980834847,6538.286724299467,6403.241825090378,6351.859679010009,62.07757227821114,72.1516660756397,85.39498422395089,-13.24331814831119,6567.026,6762.946748201954,6371.105251798046,0.059668028785618867,0.5191250800866579,43.37293055212029,6674.66,6277.51,6674.66,6080.25,-0.000524477916439281,-0.00835755430298657,0.03854999936813641,0.04938452894757006
2026-08-05 11:50:00+09:00,6572.02,6606.87,6572.02,6592.71,3861.0,6590.110342618994,6587.350075228511,6543.469893413803,6409.453896398891,6355.840676051167,64.24930240418445,67.88724163319694,81.8934357058001,-14.006194072603165,6580.4490000000005,6741.719357462287,6419.178642537714,0.049015001092565715,0.538013805490779,42.764149798397376,6674.66,6294.12,6674.66,6080.25,0.0027667419066335075,-0.00525834545443582,0.042449302288809054,0.05456531858295244
2026-08-05 12:00:00+09:00,6589.33,6624.88,6589.33,6620.66,4056.0,6600.293561745996,6593.406425186963,6550.821332136298,6416.378686680893,6360.217854959413,67.34392378065724,66.00215420241511,78.71517940512311,-12.713025202707996,6594.2405,6714.521124287597,6473.959875712403,0.03648050879782039,0.6098244216659106,42.248853384226145,6674.66,6325.71,6674.66,6080.25,0.0042395312398086915,0.0015763421600425431,0.04347318998302563,0.06304240666791916
2026-08-05 12:10:00+09:00,6620.37,6632.8,6616.31,6618.92,3843.0,6606.502374497331,6598.045256971151,6557.306919551888,6423.019385478241,6364.493923472481,66.95536164258668,63.63426913040712,75.69899735017992,-12.064728219772803,6607.239,6660.54074702591,6553.9372529740895,0.01613434810695061,0.609574269623117,40.40893528535283,6674.66,6347.2,6674.66,6080.25,-0.0002628136771862799,0.004579017264276342,0.04088253563874544,0.06049662412238388
2026-08-05 12:20:00+09:00,6621.33,6632.69,6611.18,6614.85,5468.0,6609.284916331555,6601.100664794577,6562.787212927899,6429.308913823217,6368.632040439878,65.99615856189168,60.72923929757508,72.70504573965896,-11.97580644208388,6607.811499999999,6661.181932741491,6554.441067258506,0.016153739476827557,0.5659400686714822,39.05901133639901,6674.66,6540.27,6674.66,6080.25,-0.0006149039420327851,0.005606592915443631,0.0017339552351820497,0.05711591782595149
2026-08-05 12:30:00+09:00,6614.75,6629.31,6610.43,6618.89,3937.0,6612.486610887703,6604.33508937738,6568.130335506195,6435.524687140489,6372.768535639219,66.50904867590313,58.08342687244931,69.78072196621703,-11.697295093767721,6606.455499999999,6657.187833861296,6555.723166138702,0.015358412347225186,0.6225500489884553,37.617653383799095,6674.66,6540.27,6674.66,6080.25,0.0006107470313008179,0.006748781660105951,-0.004080643875046808,0.04074033891056161
2026-08-05 12:40:00+09:00,6621.39,6641.27,6617.89,6631.32,4062.0,6618.764407258469,6609.241436763311,6574.148398791319,6441.944205594899,6377.042113562538,68.10315932054134,56.34014446675246,67.09260646632411,-10.75246199957165,6605.592500000001,6653.961339091033,6557.223660908969,0.014644814705427858,0.7659511834838431,36.60067814209917,6674.66,6540.27,6674.66,6080.25,0.0018779583887931217,0.005856468735921938,-0.002596043064834963,0.05475523574574481
2026-08-05 12:50:00+09:00,6633.71,6640.12,6624.37,6630.67,4296.0,6622.732938172313,6613.137539169981,6579.531408430241,6448.131936559001,6381.23431003258,67.92109595189402,54.280420137882174,64.53016920063573,-10.249749062753551,6604.5875,6649.898419158786,6559.276580841213,0.013721044397938984,0.7878169377738464,35.111343989092084,6674.66,6540.27,6674.66,6080.25,-9.80197004517569e-05,0.001511933855537162,-0.0030222064512831492,0.05986937590711183
2026-08-05 13:00:00+09:00,6630.57,6642.02,6625.11,6641.36,4208.0,6628.941958781543,6618.26889568453,6585.419845722598,6454.467282901329,6385.53390821386,69.37131210770468,52.90085925186759,62.2043072108821,-9.303447959014512,6606.200999999999,6654.253624444603,6558.148375555395,0.014547733090350623,0.8658384990036577,33.81124798987128,6657.12,6540.27,6674.66,6080.25,0.0016122051014451078,0.003390281193910827,0.0048826691723065085,0.07752363090042413
2026-08-05 13:10:00+09:00,6643.48,6643.96,6605.86,6605.86,5357.0,6621.247972521029,6616.012732832797,6587.36652708235,6459.430978543907,6389.175661797102,59.71651785538561,48.38523907904346,59.44049358451437,-11.055254505470913,6605.9,6653.881927431212,6557.9180725687875,0.014526991759249208,0.49958317639430694,34.11758741916622,6656.56,6540.27,6674.66,6080.25,-0.005345290723586693,-0.0013590633196520763,-0.0009104823439022303,0.06936620174313957
2026-08-05 13:20:00+09:00,6601.69,6610.61,6591.24,6595.39,5375.0,6612.628648347353,6612.263145045015,6588.130667360222,6463.888651378533,6392.584163255002,57.188529573980496,43.46074761510408,56.24454439063231,-12.78379677552823,6606.0345,6653.882561810423,6558.186438189577,0.01448616770330919,0.3887676992834781,33.064188317797196,6656.56,6540.27,6674.66,6080.25,-0.00158495638720757,-0.003550444258780594,0.00040802706023335134,0.08234527644532563
2026-08-05 13:30:00+09:00,6594.22,6627.51,6594.22,6623.55,4861.0,6616.269098898236,6614.315300491376,6591.503937135439,6469.123449693991,6396.401780391284,61.864585571906645,41.3536303984547,53.266361592196795,-11.912731193742097,6608.989,6653.375838995519,6564.60216100448,0.013432262936288625,0.6640238450125991,33.08031772366882,6656.56,6540.27,6674.66,6080.25,0.004269648951767735,-0.0011717124192467399,0.009001502027584873,0.082114972724733
2026-08-05 13:40:00+09:00,6623.27,6649.22,6622.63,6636.45,5518.0,6622.996065932158,6618.339791311125,6595.784514551112,6474.609566097466,6400.3695195583705,63.81441619003474,40.26054847203886,50.665198968165214,-10.40465049612635,6612.997,6651.7438657314915,6574.250134268509,0.011718398097410659,0.8026438339880777,32.61672360054963,6656.56,6540.27,6674.66,6117.54,0.0019475960776320633,0.0008717067807626488,0.012226426835908688,0.07950478879837597
2026-08-05 13:50:00+09:00,6637.42,6642.3,6615.87,6636.63,5263.0,6627.540710621439,6621.665283800011,6599.674560784339,6479.921711471319,6404.274651466497,63.84219655412099,38.959694558498995,48.32409808623198,-9.364403527732982,6615.2355,6654.012107110657,6576.458892889343,0.011723424543436767,0.7758686434187846,32.17481477193897,6656.56,6554.43,6674.66,6139.66,2.7122934701528933e-05,-0.0007122035245792357,0.006791709775389787,0.07045527128206963
2026-08-05 14:00:00+09:00,6632.55,6647.96,6622.4,6633.81,5478.0,6629.630473747626,6623.8734140181905,6602.925554995354,6484.967229127997,6408.06862416953,63.02583555600244,37.27156463126903,46.11359139523939,-8.84202676397036,6615.502,6654.709910222484,6576.294089777517,0.011853343925369051,0.7334732952625137,31.70232800251479,6656.56,6564.27,6674.66,6139.88,-0.00042491445206371825,0.0042310917882002474,0.0008041059187025024,0.0704389667725196
2026-08-05 14:10:00+09:00,6634.2,6657.04,6632.38,6649.03,5614.0,6636.096982498418,6628.447338742155,6607.316454519606,6490.346336369702,6412.051456827885,65.58376199558028,36.73833959276999,44.23854103474551,-7.50020144197552,6616.457,6657.891334120562,6575.022665879439,0.012524628852136812,0.8930677382822408,31.199304573763722,6656.56,6564.27,6674.66,6139.88,0.0022943074944865582,0.008132953472046234,0.0028808750620292756,0.05630867141465923
2026-08-05 14:20:00+09:00,6646.96,6646.96,6634.98,6639.69,5682.0,6637.294654998946,6630.491458970854,6610.3996493272625,6495.242849931351,6415.814077376185,62.71636725520073,35.15682892622226,42.42219861304086,-7.265369686818602,6617.063499999999,6659.473779544165,6574.653220455833,0.012818459289129041,0.7667572607772742,29.974354247066326,6657.04,6564.27,6674.66,6139.88,-0.001404716176645282,0.002436759743641881,0.0018302361653457222,0.050904785796928476
2026-08-05 14:30:00+09:00,6635.34,6636.6,6613.43,6618.17,5679.0,6630.919769999297,6628.251193703426,6611.139682724666,6499.273248294257,6419.158803369967,56.578434067794824,31.800410837887284,40.29784105801015,-8.497430220122865,6617.460000000001,6659.755813031722,6575.16418696828,0.012783095940654292,0.5083932657762914,29.709043229418683,6657.04,6564.27,6674.66,6139.88,-0.003241115172545661,-0.0027544847019114194,0.0011996538703586968,0.057874714278863815
2026-08-05 14:40:00+09:00,6617.77,6636.38,6614.6,6633.37,6400.0,6631.736513332865,6629.181885757349,6613.256855798507,6503.669863104282,6422.699484306001,59.58692794300227,30.020876314685665,38.242448109345254,-8.221571794659589,6619.691000000001,6660.3702226574505,6579.011777342551,0.012290369039113706,0.6681325146646339,29.1426829987459,6657.04,6564.27,6674.66,6139.88,0.002296707397966502,-0.0004912131608963977,0.006772149497249025,0.063377481957416
2026-08-05 14:50:00+09:00,6635.33,6644.01,6622.51,6637.73,6410.0,6633.734342221911,6630.736088346921,6615.587631436744,6508.065277428731,6426.253707705902,60.4337575675838,28.632342129102653,36.320426913296735,-7.688084784194082,6622.679000000001,6659.230871580188,6586.127128419814,0.011038394456438927,0.7058854902543059,28.59677707026405,6657.04,6564.27,6674.66,6139.88,0.0006572827989392849,0.0005909123113263526,0.00908486964823485,0.06780637138587209
2026-08-05 15:00:00+09:00,6635.4,6646.3,6625.26,6644.89,6625.0,6637.452894814608,6633.309526829299,6618.378333204673,6512.551333906477,6429.867530719028,61.84761960356178,27.789332814141744,34.61420809346574,-6.824875279323997,6626.1975,6656.55088193702,6595.844118062981,0.009161629105386475,0.8079146178634281,28.057007279530904,6657.04,6564.27,6674.66,6139.88,0.001078682019304944,-0.0006226472132024874,0.010703442988993839,0.06423471528647529
2026-08-05 15:10:00+09:00,6646.75,6654.11,6619.4,6622.67,9447.0,6632.525263209739,6631.37506740579,6618.7870633756565,6516.161781975117,6433.054348393094,55.249417080427975,25.039632264652937,32.69929292770318,-7.659660663050246,6627.6955,6653.973968353666,6601.417031646333,0.007929896101493058,0.40437989131701907,28.5322210452787,6657.04,6572.02,6674.66,6139.88,-0.0033439229242320234,-0.002563372687580223,0.004544413450614293,0.06359056387723205
2026-08-05 15:20:00+09:00,6620.9,6620.9,6598.25,6598.26,12780.0,6621.103508806494,6625.354146059282,6616.832104958928,6518.853526828392,6435.785020320481,49.05760961482842,20.65272007044132,30.289978356250813,-9.637258285809494,6626.575500000001,6655.7119098511575,6597.439090148844,0.008793806046926263,0.01408735419617102,28.238490970615942,6657.04,6589.33,6674.66,6139.88,-0.0036858245994439987,-0.0030083844929942316,-0.0033833484879149944,0.06153029376749575
2026-08-06 09:00:00+09:00,6478.75,6550.94,6452.37,6502.34,28484.0,6581.515672537663,6602.987937684867,6605.928094962839,6518.312099719265,6436.885102629234,33.276107548328,9.328584077023152,26.097699500405284,-16.769115423382132,6620.746499999999,6682.294789748898,6559.1982102511,0.018592552893816176,-0.46189918910067645,36.642170187000545,6657.04,6591.24,6674.66,6139.88,-0.014537165858877987,-0.019753157143352462,-0.017613145346975,0.04891001009817497
2026-08-06 09:10:00+09:00,6498.62,6502.02,6460.14,6479.9,21743.0,6547.643781691775,6580.608312651254,6593.925419252092,6517.052686613714,6437.59609266842,30.781351927711412,-1.4399963631431092,20.590160327695607,-22.030156690838716,6613.999000000001,6700.985611130762,6527.01238886924,0.026303787203705666,-0.2708025307390075,37.039158030786204,6657.04,6452.37,6674.66,6139.88,-0.003451065308796575,-0.023777707137831783,-0.020401067295554798,0.05210261406072414
2026-08-06 09:20:00+09:00,6484.5,6485.65,6394.69,6397.16,17992.0,6497.48252112785,6547.254073987389,6575.185855513798,6513.121778855887,6436.927727500348,23.720004186413334,-16.460850025801847,13.179958256996116,-29.640808282797963,6602.9125,6731.263871613294,6474.5611283867065,0.03887719899765258,-0.30152045675018685,40.89064674287291,6657.04,6452.37,6674.66,6139.88,-0.012768715566598199,-0.03728127929882974,-0.03349957470210274,0.03496666413202987
2026-08-06 09:30:00+09:00,6399.12,6428.17,6379.35,6386.98,14380.0,6460.648347418567,6518.113333262409,6557.261488322008,6508.985982827825,6436.102145227615,23.020279109344045,-28.853816855224977,4.773203234551897,-33.62702008977688,6590.6955,6748.939065237306,6432.451934762694,0.04802029322620231,-0.14367704207909926,41.45702911838197,6657.04,6394.69,6674.66,6139.88,-0.0015913311531993157,-0.035588365417573375,-0.036846359397525674,0.030530385171416707
2026-08-06 09:40:00+09:00,6387.44,6420.27,6377.49,6377.49,12298.0,6432.928898279045,6492.545454487425,6540.1403941961025,6504.674639128552,6435.133349438729,22.35813670373011,-38.991624862834215,-3.9797623849253254,-35.01186247790889,6578.036499999999,6760.167633338078,6395.90536666192,0.055375531387847746,-0.050555240953058474,41.55152703849759,6657.04,6379.35,6674.66,6139.88,-0.0014858352460787039,-0.03345882096189001,-0.038183170026558466,0.03198970840480264
2026-08-06 09:50:00+09:00,6370.34,6370.34,6328.94,6347.83,9763.0,6404.562598852697,6466.233553671529,6521.825118558378,6499.532191944009,6433.690318869494,20.38465211531731,-48.85604281907581,-12.955018471755423,-35.90102434732039,6563.359999999999,6768.560352143977,6358.1596478560205,0.06252905589331634,-0.025169664057819837,42.05141796431921,6657.04,6377.49,6674.66,6139.88,-0.004650732498208465,-0.023762214833429218,-0.044197272847729896,0.024474757027717065
2026-08-06 10:00:00+09:00,6348.51,6348.51,6300.77,6328.47,8937.0,6379.198399235132,6441.18563482216,6503.410345362342,6493.923595486828,6431.951140045206,19.19374796348771,-57.57219884953247,-21.878454547310834,-35.69374430222163,6549.490500000001,6777.550020342855,6321.430979657147,0.06964191194501429,0.01543241942338378,42.45774525258211,6657.04,6328.94,6674.66,6139.88,-0.003049861133647247,-0.02336918779610786,-0.04199150451265987,0.02446024764584287
2026-08-06 10:10:00+09:00,6323.11,6349.13,6304.3,6308.16,6554.0,6355.518932823421,6416.999155763585,6484.815074375452,6487.832985798735,6429.905005499005,18.005343767506105,-65.36517353038016,-30.575798343924703,-34.78937518645546,6535.128999999999,6784.95466584723,6285.303334152768,0.07645623088610218,0.04574523151918418,42.62719202025481,6657.04,6300.77,6674.66,6139.88,-0.0032093065148448563,-0.01391242363798939,-0.043550116065918854,0.018093785556927422
2026-08-06 10:20:00+09:00,6311.09,6311.09,6238.32,6254.31,11506.0,6321.782621882281,6387.419309261115,6462.862210149219,6480.17649446107,6427.002608713898,15.300350247872856,-75.02160470733634,-39.46495961660703,-35.556645090729305,6516.667,6790.99834899973,6242.33565100027,0.08419376009230789,0.02182460926064586,44.78024973309378,6657.04,6300.77,6674.66,6143.97,-0.00853656216709775,-0.020771945426476868,-0.055746540752315554,0.009018441826210255
2026-08-06 10:30:00+09:00,6261.34,6307.84,6253.22,6277.87,6577.0,6307.145081254855,6367.501253031821,6445.243904420722,6473.543494642674,6424.537606916974,20.89945447508437,-79.85280742766008,-47.542529178817645,-32.31027824884244,6498.737999999999,6785.978493148183,6211.497506851816,0.08839885317678088,0.11553470825219478,45.48308903787279,6657.04,6238.32,6674.66,6143.97,0.0037670022752309684,-0.01562056545757029,-0.054031899584868426,0.016320061647450368
2026-08-06 10:40:00+09:00,6278.18,6313.13,6273.17,6308.48,5330.0,6307.590054169903,6356.770116116944,6432.218770666368,6468.131576785538,6422.619299364628,27.59630202324557,-80.2861108988227,-54.09124552281865,-26.194865376004046,6482.3305,6773.650010604784,6191.010989395216,0.08988110390384577,0.2016154193739309,45.088582678024736,6657.04,6238.32,6674.66,6143.97,0.004875857575897591,-0.006198968781457648,-0.04944527568961965,0.020102972756202986
2026-08-06 10:50:00+09:00,6310.63,6310.63,6278.38,6290.04,4528.0,6301.7400361132695,6344.637367732045,6418.67793536481,6462.292508694209,6420.4279059867,26.159482085674796,-81.18164939162762,-59.509326296580454,-21.67232309504716,6465.142000000001,6759.235860228348,6171.048139771653,0.09097831423605163,0.20230252365002843,44.17154105816583,6657.04,6238.32,6674.66,6143.97,-0.0029230496094145852,-0.006072557822032865,-0.05182089930221101,0.016017109037810506
2026-08-06 11:00:00+09:00,6290.21,6303.82,6275.58,6288.9,4504.0,6297.4600240755135,6334.503300871673,6406.3181319967325,6456.607508409153,6418.253891011715,26.069115811670642,-81.04907528323656,-63.81727609391167,-17.23179918932489,6447.135499999999,6738.071148656211,6156.1998513437875,0.09025268622203209,0.22805756061372026,43.0335738397254,6657.04,6238.32,6674.66,6143.97,-0.00018123891104038226,-0.003053188251407768,-0.054162787654740585,0.01562954206313827
2026-08-06 11:10:00+09:00,6286.25,6309.89,6284.11,6301.05,3752.0,6298.65668271701,6328.420882531368,6396.292595616092,6451.507262231803,6416.316636614827,28.88861817003834,-79.05233972500173,-66.86428882012969,-12.188050904872043,6430.2035000000005,6713.6634243826375,6146.743575617364,0.08816514885808417,0.2721838452449832,41.801175708316485,6654.11,6238.32,6674.66,6143.97,0.0019319753852025112,0.007473246449248627,-0.051002381135263786,0.020697263043309322
2026-08-06 11:20:00+09:00,6299.88,6335.4,6298.57,6312.28,3786.0,6303.197788478007,6325.486176616574,6388.291396033606,6446.942433961907,6414.597022786484,31.489334068541723,-75.69122394889291,-68.62967584588233,-7.06154810301058,6414.909000000001,6689.005244330364,6140.812755669637,0.08545600392160303,0.31278656289010676,41.44609172915102,6654.11,6238.32,6674.66,6173.8,0.001782242642099252,0.005481158418380705,-0.04621972539236685,0.014152845591153262
2026-08-06 11:30:00+09:00,6316.12,6358.26,6305.2,6346.46,4190.0,6317.618525652006,6329.299599049924,6384.3074535542155,6443.6479279303685,6413.47079100489,38.822967333733835,-69.46868339554294,-68.79747735581445,-0.6712060397284887,6400.563499999999,6656.878909390481,6144.248090609518,0.08009151362703655,0.39445913507764224,42.275656605640265,6654.11,6238.32,6674.66,6225.51,0.005414842180638368,0.006020467687937625,-0.04325252473478791,0.008498358488347346
2026-08-06 11:40:00+09:00,6345.3,6360.12,6332.6,6339.38,4175.0,6324.872350434671,6331.132399222665,6380.028648453815,6440.229307342487,6412.246149831256,37.91755336867655,-64.36659397744188,-67.91130068013995,3.5447067026980648,6385.646,6618.683671323779,6152.6083286762205,0.07298797062154064,0.40073278767080045,41.22168113380878,6654.11,6238.32,6674.66,6238.32,-0.0011155825452299206,0.007844147255025469,-0.044947595036254784,0.007768845451322726
2026-08-06 11:50:00+09:00,6345.08,6345.44,6325.57,6330.92,3977.0,6326.8882336231145,6331.0937811821805,6375.351634315357,6436.645395626339,6410.9019159497475,36.81276599749432,-60.310579829613744,-66.3911565100347,6.080576680420961,6369.9475,6571.139650331492,6168.755349668509,0.06316917065061889,0.40300938695745087,39.69656105282243,6654.11,6238.32,6674.66,6238.32,-0.0013345153627011275,0.006681613636725148,-0.047249841607611254,6.950499804125876e-05
2026-08-06 12:00:00+09:00,6335.79,6359.51,6319.46,6327.25,4045.0,6327.00882241541,6330.394911876329,6370.770526285323,6433.058661343508,6409.519239653057,36.318403487847384,-56.73825444508111,-64.460576097044,7.722321651962886,6355.1765,6520.089915133545,6190.263084866454,0.0518989252725068,0.4153298111697435,39.72180669190656,6654.11,6238.32,6674.66,6238.32,-0.000579694578355161,0.004158037152538041,-0.04460738644685602,0.00047436454915605886
2026-08-06 12:10:00+09:00,6326.97,6337.67,6319.36,6319.54,4095.0,6324.519214943607,6328.421291535178,6365.891428543864,6429.336738020769,6408.031979493503,35.24750463930435,-53.90787695640029,-62.35003626891526,8.442159312514974,6341.2405,6463.124299329563,6219.356700670437,0.038441626470266464,0.41097873499445275,38.19239192819898,6620.9,6238.32,6674.66,6238.32,-0.0012185388596941404,0.0011501390939565592,-0.042241439409783865,-0.003985922396659958
2026-08-06 12:20:00+09:00,6323.97,6330.35,6306.46,6308.8,3895.0,6319.279476629072,6324.853783983327,6360.454149634925,6425.384713823367,6406.391781485346,33.7544117313394,-51.932762092546,-60.266581433641406,8.333819341095406,6331.563499999999,6429.036320062871,6234.090679937128,0.030789494589407978,0.3832315511887504,37.17079250475622,6550.94,6238.32,6674.66,6238.32,-0.0016994907857217356,-0.005934016758949112,-0.029764669334424232,-0.007886522145951758
2026-08-06 12:30:00+09:00,6309.17,6323.14,6294.71,6317.89,4456.0,6318.816317752715,6323.587641440903,6356.400421098265,6421.860296976699,6404.928942121952,36.21708668485938,-49.06835287337253,-58.026935721587634,8.958582848215102,6323.463000000001,6393.285114863479,6253.640885136522,0.022083505466380816,0.4600914408644233,36.54645018298794,6502.02,6238.32,6674.66,6238.32,0.0014408445346183463,-0.003389921411872998,-0.025001929042114734,-0.04323681739709839
2026-08-06 12:40:00+09:00,6321.87,6326.31,6312.49,6326.31,2899.0,6321.314211835144,6324.0826157243755,6353.534666707954,6418.727500354512,6403.629455475308,38.49781507611325,-45.59329319597509,-55.54020721646513,9.946914020490034,6319.9205,6381.078508625272,6258.762491374729,0.019354043654590775,0.5522376393838302,34.923132312774555,6485.65,6238.32,6674.66,6238.32,0.0013327234250675168,-0.0007281722087784104,-0.011075227132039789,-0.048104050400164855
2026-08-06 12:50:00+09:00,6321.92,6325.98,6302.63,6321.08,3083.0,6321.23614122343,6323.53668559267,6350.4437460691015,6415.52594296584,6402.265001665799,37.59849566679554,-42.768294380966836,-52.98582464936547,10.217530268398633,6316.6255,6369.519237805233,6263.731762194767,0.01674746676219234,0.5421080092354439,34.12005143329068,6428.17,6238.32,6674.66,6238.32,-0.0008267062474017761,-0.0009751471808447931,-0.010317865407438176,-0.04925863868675717
2026-08-06 13:00:00+09:00,6314.8,6314.8,6290.06,6302.05,6207.0,6314.840760815621,6319.630015484912,6345.834817872044,6411.805420245648,6400.608555357274,34.4454415577497,-41.58565092896879,-50.70578990528614,9.12013897631735,6312.853499999999,6358.046719967255,6267.660280032744,0.014317842150861121,0.3804743276997448,33.8986191880556,6420.27,6238.32,6674.66,6238.32,-0.003010561486328278,-0.0027676065030048935,-0.011829105180878319,-0.05243302655181281
2026-08-06 13:10:00+09:00,6302.22,6305.39,6290.59,6293.81,4827.0,6307.830507210415,6314.935467214928,6340.880073312802,6407.936717942512,6398.843289979468,33.149139183027856,-40.842489809267136,-48.73312988608234,7.8906400768152025,6310.1525,6353.0606040714765,6267.244395928524,0.01359970430872356,0.30956394655918157,32.5344321031945,6370.34,6238.32,6657.12,6238.32,-0.0013075110479923158,-0.002376046157747891,-0.008509994754112737,-0.047703995557633494
2026-08-06 13:20:00+09:00,6293.43,6323.81,6292.77,6308.19,3861.0,6307.9503381402765,6313.709018630396,6337.7667329972965,6404.666333747675,6397.3448884922045,37.56503473338816,-38.64767708233103,-46.716039325332076,8.068362243001047,6309.138499999999,6351.217672175894,6267.059327824104,0.013339118225378985,0.48872957866144934,32.42768695296632,6360.12,6238.32,6657.04,6238.32,0.002284784574049681,-0.0015353227105886491,-0.0032045660325482617,-0.04593096063449431
2026-08-06 13:30:00+09:00,6312.44,6336.18,6301.98,6301.98,4509.0,6305.960225426851,6311.576469788505,6334.35847271184,6401.299568706768,6395.768609343573,36.44541114430318,-36.98304970843583,-44.76944140195283,7.786391693517004,6308.829500000001,6351.023482260611,6266.635517739391,0.01337616819747943,0.4188332123086248,32.554280742040206,6360.12,6238.32,6657.04,6238.32,-0.0009844345208371852,-0.003845843785714065,-0.0009796834576168978,-0.04409725908959916
2026-08-06 13:40:00+09:00,6301.37,6303.77,6291.86,6298.48,4161.0,6303.466816951234,6309.195293463322,6330.941475310712,6397.928435306545,6394.160533156076,35.7978126013341,-35.53659749574399,-42.92287262071107,7.386275124967078,6311.038,6345.502032033537,6276.573967966462,0.010921826816297883,0.3178100579209709,31.07968926046596,6360.12,6238.32,6657.04,6238.32,-0.0005553810072389531,-0.0035753383915407833,0.007062329817357771,-0.040518184283246494
2026-08-06 13:50:00+09:00,6296.72,6325.77,6291.96,6325.61,5496.0,6310.84787796749,6312.179785560898,6330.433715757311,6395.557339066985,6393.02746649234,44.09082850824784,-31.834145220892424,-40.705127140747344,8.87098191985492,6313.425,6344.848300590625,6282.001699409376,0.009954438546628627,0.6938847888505235,31.27471145614699,6360.12,6253.22,6657.04,6238.32,0.0043073884492765835,0.00373846605469641,0.007604490057933733,-0.03518453271591104
2026-08-06 14:00:00+09:00,6325.25,6354.45,6315.12,6339.08,4931.0,6320.258585311661,6317.070733640734,6331.257171399472,6393.705623032001,6392.1357728313105,47.70279441587738,-27.496051327821988,-38.063311978162275,10.567260650340287,6314.955,6348.193613388779,6281.7163866112205,0.01052695177995074,0.8629062337501726,31.85008920927934,6360.12,6273.17,6657.04,6238.32,0.0021294388999637537,0.007192781478945198,0.004850613777011237,-0.03834729499716316
2026-08-06 14:10:00+09:00,6338.65,6345.03,6319.63,6325.79,4531.0,6322.102390207774,6318.656054796964,6330.736488409046,6391.478881293247,6391.0391484869915,44.638620446963536,-24.844085442050527,-35.419466670939926,10.575381228889398,6316.742499999999,6348.228255430175,6285.256744569824,0.009968984941265292,0.6436760826664121,31.38936855147365,6360.12,6275.58,6657.04,6238.32,-0.002096518737734754,0.002790023762759164,0.0056835886576238615,-0.04566506951820015
2026-08-06 14:20:00+09:00,6327.46,6347.79,6321.97,6321.97,5261.0,6322.058260138516,6319.258590288425,6329.901584751042,6389.199901578714,6389.897509669025,43.768352746046716,-22.787940255851936,-32.893161387922326,10.10522113207039,6318.396,6347.220311544403,6289.571688455597,0.009123933208492446,0.5619962769014429,30.991556512082653,6360.12,6275.58,6657.04,6238.32,-0.0006038771441985169,0.0031720189527737475,0.0052584712747858475,-0.04644996251845801
2026-08-06 14:30:00+09:00,6325.58,6329.67,6299.63,6300.12,5791.0,6314.745506759011,6315.77884659962,6327.06524334618,6386.279249067936,6388.413583889372,39.07566901689213,-22.660328611327714,-30.846594832603405,8.186266221275691,6318.349499999999,6347.288366235718,6289.410633764281,0.009160261310558623,0.18503430902384269,30.923588189791033,6360.12,6284.11,6657.04,6238.32,-0.0034562011524889025,0.0002603802822269685,-0.00014759444854428594,-0.04940581450790349
2026-08-06 14:40:00+09:00,6297.29,6311.62,6270.46,6270.46,6294.0,6299.983671172675,6307.539056308779,6321.674267789401,6382.481896639479,6386.4639378746715,33.78100888254755,-24.66815050110199,-29.61090596630312,4.942755465201131,6316.2585,6351.913540751747,6280.603459248253,0.011289924486702702,-0.1422443928598767,31.654760461948808,6360.12,6290.06,6657.04,6238.32,-0.0047078468346634095,-0.008718526750779665,-0.0066251813924603775,-0.05140206709589967
2026-08-06 14:50:00+09:00,6271.26,6307.54,6257.81,6305.52,6269.0,6301.829114115118,6307.171955161728,6320.135766095173,6379.958555766053,6385.126021546165,43.52263658236885,-23.16330268823458,-28.321385310689415,5.158082622454835,6314.2115,6347.304672271765,6281.118327728235,0.01048212346759847,0.36868137136228174,32.945849000381,6360.12,6270.46,6657.04,6238.32,0.0055912963323265785,-0.005294143629674841,-0.0064508403109764245,-0.042986909504837745
2026-08-06 15:00:00+09:00,6303.23,6303.23,6283.04,6285.81,5456.0,6296.489409410078,6303.28796331414,6316.86664551468,6376.871717872084,6383.484434413171,39.96329511552269,-23.292629299939108,-27.315634108539356,4.023004808600248,6311.533,6344.715811273439,6278.350188726562,0.010514976717522778,0.11240475094118536,32.19828835749668,6360.12,6257.81,6657.04,6238.32,-0.0031258326038138273,-0.006320159221219757,-0.008450353189113136,-0.044414918280259674
2026-08-06 15:10:00+09:00,6283.73,6287.68,6268.59,6271.07,7921.0,6288.016272940053,6297.430151802479,6312.505060227568,6373.4028090893935,6381.62634458816,37.49379313449408,-24.304350955264454,-26.71337747788438,2.409026522619925,6308.5405,6344.838688095394,6272.242311904606,0.01150763416526974,-0.016148352936040798,31.261982046246928,6359.51,6257.81,6657.04,6238.32,-0.0023449642925892356,-0.00805128781060338,-0.009453602320041998,-0.04615546077888588
2026-08-06 15:20:00+09:00,6274.68,6296.38,6274.68,6296.38,14037.0,6290.804181960036,6297.239215111119,6310.969340205895,6370.877471086463,6380.2173140991,43.903831550378946,-22.801006372338634,-25.93090325677523,3.1298968844365973,6306.997,6342.600305520817,6271.393694479184,0.011290097496737771,0.3508986757733393,30.836840471515032,6359.51,6257.81,6657.04,6238.32,0.004035993857507636,-0.0005936394862319228,-0.004878896835117885,-0.044948132103490024
2026-08-07 09:00:00+09:00,6365.07,6415.6,6352.61,6399.43,28565.0,6327.012787973358,6315.819357818188,6319.39416494819,6371.8136195754305,6380.534879155313,61.30374140617908,-13.142818948424974,-23.373286395105183,10.230467446680208,6310.9915,6364.667172059218,6257.315827940783,0.01701021846067056,1.3238229407023607,37.149923294978265,6354.45,6257.81,6657.04,6238.32,0.0163665471270793,0.020567869023963237,0.012641742911667642,-0.03341509758845784
2026-08-07 09:10:00+09:00,6390.62,6394.06,6331.65,6339.49,21406.0,6331.171858648906,6320.123110942153,6321.308054000744,6370.753828769678,6379.85645140068,51.3303771524183,-10.207625736544287,-20.740154263393002,10.532528526848715,6312.526,6367.599871990343,6257.452128009657,0.017449075691836492,0.7447984772591258,39.337785916765576,6415.6,6257.81,6657.04,6238.32,-0.00936645920027257,0.005387343153300472,0.004864633527770668,-0.04221685713077061
2026-08-07 09:20:00+09:00,6335.7,6335.7,6291.01,6308.35,19548.0,6323.564572432604,6317.982545316307,6320.073953619721,6368.707801596902,6378.67452658414,47.04802253681949,-10.275749280096534,-18.64727326673371,8.371523986637175,6312.049000000001,6367.094022990355,6257.003977009646,0.017441253383918432,0.46640023203688463,39.99080120842515,6415.6,6257.81,6657.04,6238.32,-0.0049120670590220294,0.0035858544881248733,-0.001509997799898355,-0.04633513987467597
2026-08-07 09:30:00+09:00,6305.72,6333.41,6276.12,6288.46,15621.0,6311.863048288404,6312.61480980425,6317.063100894034,6366.076726134708,6377.183377384403,44.494635305845804,-11.798686537522372,-17.277555920891444,5.478869383369073,6310.156499999999,6365.710449373636,6254.602550626362,0.017607788134458124,0.30472585437557415,41.226458264966205,6415.6,6257.81,6657.04,6238.32,-0.0031529639287611877,0.002773051488820899,-0.005982950566760126,-0.049922267933142916
2026-08-07 09:40:00+09:00,6291.85,6318.72,6264.0,6284.36,12280.0,6302.695365525602,6307.4775716580225,6313.948519856506,6363.397489212258,6375.649106683834,43.96495274390465,-13.184478559294803,-16.45894044857212,3.2744618892773154,6308.3205,6364.729586316023,6251.911413683976,0.0178840267599034,0.28761843556758776,42.190282674611495,6415.6,6257.81,6657.04,6238.32,-0.0006519879270918683,-0.0019090334446142387,-0.005809133882184736,-0.05232140810577679
2026-08-07 09:50:00+09:00,6287.92,6345.99,6280.62,6341.84,9446.0,6315.743577017069,6313.725285902018,6316.604851298744,6362.690686287266,6375.090278474184,52.50188749250782,-9.534663436076698,-15.074085046073035,5.539421609996337,6310.31,6368.473563508512,6252.146436491489,0.018434455203789127,0.7710459787714506,43.845976769282096,6415.6,6257.81,6657.04,6238.32,0.009146516113017089,-0.008999238994722991,0.00631381851937074,-0.04355970060340808
2026-08-07 10:00:00+09:00,6346.56,6352.25,6316.51,6320.39,10108.0,6317.292384678047,6314.937052101651,6316.965341651245,6361.303778540142,6374.186141639901,49.47285183658224,-8.277575650806284,-13.714783167019686,5.437207516213402,6311.639,6369.447359568567,6253.8306404314335,0.01831801836846709,0.5756897450931869,43.266978428619076,6415.6,6257.81,6657.04,6238.32,-0.0033822991434662164,-0.003012860655983274,0.004223197077763752,-0.04832895671970794
2026-08-07 10:10:00+09:00,6314.98,6319.47,6243.65,6247.37,9860.0,6293.984923118698,6302.652133537715,6310.3372138749355,6357.568244817514,6372.090007067341,40.835730625735835,-13.023303731853957,-13.57648727998654,0.5531835481325835,6308.598,6372.851696111653,6244.344303888347,0.020370198294978686,0.02354491877319544,45.657908540860625,6415.6,6257.81,6657.04,6238.32,-0.011553084540669278,-0.009666553060626026,-0.009641434389262127,-0.05426848283190977
2026-08-07 10:20:00+09:00,6243.58,6260.52,6197.99,6244.63,11854.0,6277.533282079133,6292.102654712676,6304.079383982084,6353.865351544808,6369.983230091021,40.54965382705703,-16.811628539148842,-14.223515531819002,-2.5881130073298397,6305.7305,6375.768123167898,6235.692876832101,0.022213960196332004,0.06380230198899088,46.863057930799194,6415.6,6243.65,6657.04,6238.32,-0.0004385845563812385,-0.006969909962057486,-0.009100314504330353,-0.053182601787005845
2026-08-07 10:30:00+09:00,6243.67,6265.78,6168.7,6168.7,9575.0,6241.255521386089,6269.66580840128,6291.186109317124,6347.794356412191,6366.656234552327,33.53791291857317,-25.64519779228158,-16.507851983911518,-9.13734580837006,6299.2415,6391.338176438449,6207.144823561551,0.02924056060986051,-0.2087199291455683,50.449982364313534,6415.6,6197.99,6657.04,6197.99,-0.012159247225215997,-0.01840441986137009,-0.020604971358168966,-0.06867163379154684
2026-08-07 10:40:00+09:00,6166.51,6213.29,6158.73,6200.71,8067.0,6227.740347590727,6257.1283886919555,6282.569337001208,6342.971918497037,6363.91332158452,38.37570945417603,-29.72032814396971,-19.15034721592316,-10.56998092804655,6292.996499999999,6393.636598623799,6192.3564013762,0.03198479408777664,0.041502337229550414,50.74355505257689,6415.6,6168.7,6657.04,6168.7,0.005189099810332776,-0.022253793851626624,-0.01974513129958999,-0.06565859759359294
2026-08-07 10:50:00+09:00,6208.61,6227.58,6184.6,6219.27,6009.0,6224.916898393819,6250.245045293417,6276.540828715378,6338.916117890577,6361.522522880645,41.05486879618569,-31.093831090232015,-21.539043990784933,-9.554787099447083,6287.005999999999,6390.191593258012,6183.8204067419865,0.0328250341284907,0.17177588527001603,50.18901540596423,6415.6,6158.73,6657.04,6158.73,0.0029932056167762955,-0.01599901271915183,-0.018900218959218007,-0.0628873389054384
2026-08-07 11:00:00+09:00,6217.68,6245.55,6204.14,6215.32,4814.0,6221.717932262547,6243.89503705825,6270.710273599627,6334.863786156459,6359.105952254518,40.64981843048659,-32.130691448811376,-23.65737348239022,-8.473317966421156,6281.4825,6387.558733129801,6175.406266870199,0.03377426686448654,0.18813702161237153,49.56194287696677,6415.6,6158.73,6657.04,6158.73,-0.0006351227716436814,-0.0051301587708108,-0.017463431444926236,-0.06308441152218724
2026-08-07 11:10:00+09:00,6214.37,6262.3,6208.39,6260.74,4366.0,6234.725288175032,6246.957757593113,6269.760723732996,6332.433498085756,6357.480068746179,47.11143072857199,-28.953636841443767,-24.71662615420093,-4.237010687242837,6278.421,6383.1725099461955,6173.669490053805,0.03336874349337047,0.41560503514898167,49.872518385754844,6415.6,6158.73,6657.04,6158.73,0.007307749238977257,0.002579816578404115,-0.009685272154091318,-0.05839799188753847
2026-08-07 11:20:00+09:00,6260.31,6260.31,6227.16,6234.35,4340.0,6234.600192116689,6244.665438030728,6266.388273853663,6329.2176456895,6355.444860998309,44.106733711303924,-28.239720703575586,-25.421245064075865,-2.81847563949972,6275.132500000001,6381.075424232852,6169.189575767149,0.033765956091875826,0.3075260792765897,48.70876707248664,6415.6,6158.73,6654.11,6158.73,-0.004215156674770015,0.010642436818130374,-0.010439483692374019,-0.06104803085686217
2026-08-07 11:30:00+09:00,6233.45,6233.45,6216.0,6218.06,3876.0,6229.086794744459,6239.828085661505,6261.785581105695,6325.573132716074,6353.1740368495775,42.31277565368077,-28.658051698652343,-26.068606390991164,-2.5894453076611796,6272.5125,6381.340498212811,6163.684501787188,0.034699970135671,0.2498231112662829,46.54028371016619,6415.6,6158.73,6654.11,6158.73,-0.002612942808793206,0.00279806667301008,-0.008356643691212362,-0.060456289276340724
2026-08-07 11:40:00+09:00,6219.41,6239.58,6203.72,6236.45,3634.0,6231.541196496307,6239.213888268503,6259.372668619439,6322.6510627909565,6351.244713926445,45.03091205644473,-27.192207872019026,-26.29332668719674,-0.8988811848222866,6269.058999999999,6377.8617036245305,6160.256296375468,0.03471101599922132,0.35014618702614997,45.77740630229716,6415.6,6158.73,6654.11,6158.73,0.002957514079954038,0.002762382080211845,-0.010953894365571815,-0.059836855173162395
2026-08-07 11:50:00+09:00,6245.29,6250.48,6232.95,6237.83,3360.0,6233.637464330872,6238.962272219685,6257.320985893778,6319.870044338794,6349.37009055576,45.239429125252954,-25.623786550615478,-26.159418659880487,0.5356321092650091,6266.66,6375.994067883746,6157.325932116254,0.034893888573417346,0.36815637358954445,43.759734423561625,6415.6,6158.73,6654.11,6158.73,0.00022127973446428584,0.003621696067137359,-0.0076330655874105036,-0.06024649993295894
2026-08-07 12:00:00+09:00,6241.84,6272.13,6235.2,6271.27,4340.0,6246.181642887248,6244.836404543378,6258.649463427704,6318.276600262113,6348.079179968062,50.171949023996206,-21.43537911589101,-25.214610751082592,3.7792316351915822,6266.67,6376.005716030982,6157.3342839690185,0.034894358895867034,0.5210361269262502,43.271896250450105,6415.6,6158.73,6654.11,6158.73,0.00536083862497061,0.001681909806189097,3.18924840578827e-05,-0.05622666439926016
2026-08-07 12:10:00+09:00,6268.59,6270.26,6222.82,6222.82,4544.0,6238.394428591499,6240.833421899128,6255.237133577447,6315.146875663355,6346.008780299168,43.989480573035365,-21.77454275972832,-24.52659715281174,2.7520543930834194,6262.992,6373.029337954021,6152.95466204598,0.03513890420234309,0.3174619599722302,43.641760803989435,6415.6,6158.73,6654.11,6158.73,-0.007725707870973597,-0.001849430975161881,-0.011682903509635745,-0.06037595108921334
2026-08-07 12:20:00+09:00,6222.53,6227.29,6216.16,6220.95,3310.0,6232.579619060999,6237.218254281104,6251.971692284356,6312.058453510457,6343.941693021497,43.76531777896001,-21.94130011305242,-24.009537744859877,2.068237631807456,6254.068,6345.829130245912,6162.306869754088,0.029344461955294304,0.3195423273926168,41.31949217513306,6415.6,6158.73,6620.9,6158.73,-0.0003005068441638281,0.00046477518711607324,-0.02788998395169573,-0.05718325740422481
2026-08-07 12:30:00+09:00,6221.66,6251.16,6218.96,6237.54,4753.0,6234.233079374,6237.2767535027215,6250.597245400132,6309.615225526507,6342.18298735172,46.37605362576141,-20.498488351547167,-23.307327866197333,2.808839514650167,6248.9705,6332.105440542512,6165.835559457489,0.02660756377150818,0.4312533338845938,40.66809987690926,6394.06,6158.73,6550.94,6158.73,0.0026667952643888437,0.0001747789207000583,-0.016081735281544662,-0.0407238009701123
2026-08-07 12:40:00+09:00,6239.96,6244.05,6222.31,6240.55,6945.0,6236.338719582667,6237.871889229499,6249.640364885833,6307.350791902687,6340.503103263262,46.85811291073559,-18.894365309324712,-22.42473535482281,3.530370045498099,6245.5805,6324.158142488222,6167.002857511778,0.02516263860123888,0.4679902588019624,39.3160927428443,6352.25,6158.73,6502.02,6158.73,0.00048256203567431655,0.0004360490747583601,-0.010747659847662239,-0.03693729841509896
2026-08-07 12:50:00+09:00,6238.82,6248.74,6205.8,6205.8,5726.0,6226.159146388445,6232.040636642318,6245.465092039563,6304.021257741943,6338.276605688663,42.14741143103136,-20.194333121722593,-21.978654908202767,1.7843217864801737,6241.4475,6319.260651041497,6163.634348958503,0.024934328468355103,0.2709416755209565,39.57494326121253,6352.25,6158.73,6485.65,6158.73,-0.005568419450208695,-0.010439671709239207,-0.013144712695954186,-0.02991327401534427
2026-08-07 13:00:00+09:00,6205.65,6227.09,6199.08,6225.45,5811.0,6225.922764258964,6230.842339070987,6243.5588927977,6301.445150930732,6336.411703115296,45.48482935524241,-19.41517020412266,-21.465957967386746,2.0507877632640863,6238.502,6314.020673611278,6162.983326388723,0.024210515156131176,0.4135842873301504,38.74887588541166,6352.25,6158.73,6428.17,6158.73,0.003166392729382128,0.000422637967995243,-0.00937406513948913,-0.02529051288715478
2026-08-07 13:10:00+09:00,6222.1,6236.84,6205.34,6229.04,4906.0,6226.96184283931,6230.51464105808,6242.176141102681,6299.071211555954,6334.636964220828,46.09664443478815,-18.297077659516617,-20.83218190581272,2.535104246296104,6232.861999999999,6291.66666906638,6174.057330933619,0.018869235053296702,0.4675025804865527,38.231099036453685,6352.25,6158.73,6420.27,6158.73,0.0005766651406726719,0.001300444465877515,-0.017786636055151184,-0.023277182716084255
2026-08-07 13:20:00+09:00,6227.88,6261.38,6227.88,6245.72,4887.0,6233.2145618928735,6233.279251774793,6242.513651473854,6297.3219915049385,6333.167262332881,48.96265105798547,-15.881967231014642,-19.842138970853107,3.960171739838465,6229.1285,6272.752673241523,6185.504326758477,0.014006509334820382,0.6901640623438583,37.89316339099271,6352.25,6158.73,6415.6,6158.73,0.002677780203691249,0.0013114144358192803,-0.011814144380331015,-0.016085812001896627
2026-08-07 13:30:00+09:00,6241.24,6246.26,6232.0,6235.07,3723.0,6233.833041261916,6233.604842361194,6241.804732285867,6295.280942603137,6331.545819980272,47.23573851915316,-14.65836826587929,-18.805384829858344,4.147016563979054,6228.5135,6271.4327894979215,6185.594210502079,0.013781551408027438,0.5763817397340328,36.2050802916361,6319.47,6158.73,6415.6,6158.73,-0.0017051676988402154,-0.0008781277291265432,-0.0019688284830257086,-0.014758701550295794
2026-08-07 13:40:00+09:00,6236.06,6236.96,6223.52,6231.63,4557.0,6233.098694174611,6233.245780113704,6240.835710163404,6293.1940264522145,6329.894318823574,46.66324070437327,-13.8070771306202,-17.805723290010718,3.9986461593905176,6227.8634999999995,6270.176259435026,6185.550740564973,0.013588210285927507,0.5445078511812059,34.57900312794778,6272.13,6158.73,6415.6,6158.73,-0.0005517179438241371,0.004162235328241337,-0.0020817886728277113,-0.012131905341652649
2026-08-07 13:50:00+09:00,6227.26,6234.69,6207.08,6227.05,4645.0,6231.082462783075,6232.119274638485,6239.522785385937,6291.025369847223,6328.194412727317,45.866187189205164,-13.348121658487798,-16.914202963706135,3.5660813052183364,6230.781,6263.283166020228,6198.278833979772,0.010432774324832887,0.4426038252700187,34.081217190237204,6272.13,6158.73,6415.6,6158.73,-0.0007349601950051854,0.00025700953344753863,0.00945904323439306,-0.004358594313361497
2026-08-07 14:00:00+09:00,6226.65,6267.46,6225.77,6265.09,6100.0,6242.41830852205,6238.113951976942,6241.957758206324,6290.175029852232,6327.151364583065,53.04072145885243,-9.801895899313422,-15.491741550827593,5.689845651514171,6234.0,6266.703385757542,6201.296614242458,0.010491942816022323,0.9753330470199193,34.624701676648804,6272.13,6158.73,6415.6,6158.73,0.0061088316297444045,0.005787408653660897,0.010382681983192255,-0.0020357223070881503
2026-08-07 14:10:00+09:00,6263.92,6270.38,6251.82,6266.22,4456.0,6250.352205681367,6243.224142526589,6244.2684479009595,6289.389619037404,6326.144234589957,53.23897990262958,-6.821668926749226,-13.75772702601192,6.936058099262695,6236.3475,6271.156974500581,6201.538025499419,0.011163417208736691,0.9290857651341704,33.47722298545963,6272.13,6184.6,6415.6,6158.73,0.0001803645278839472,0.0032822476832135017,0.0075491175009285705,-0.006698919549558591
2026-08-07 14:20:00+09:00,6266.94,6268.86,6255.94,6255.94,4504.0,6252.214803787578,6245.536116612664,6245.380024291345,6288.292910216505,6324.983834018222,51.124335684766756,-5.2290504277107175,-12.05199170635168,6.822941278640963,6238.3785,6272.781141337646,6203.975858662354,0.011029353649396537,0.7552347627561766,32.00884991506967,6272.13,6199.08,6415.6,6158.73,-0.0016405424641969812,0.003347195781282286,0.006535463982546341,-0.005421269181118182
2026-08-07 14:30:00+09:00,6259.8,6262.48,6245.91,6249.54,4567.0,6251.323202525053,6246.264095410361,6245.776212454074,6287.022322996291,6323.73682849726,49.79818569362186,-4.432223393675486,-10.528038043816442,6.095814650140957,6237.8185,6271.093052003095,6204.543947996905,0.01066865026710696,0.6761331001377484,30.9060749211361,6272.13,6199.08,6415.6,6158.73,-0.0010230277144601674,0.002874047400118318,-0.0017889259097166876,-0.006258646186137473
2026-08-07 14:40:00+09:00,6250.33,6258.39,6233.57,6233.57,5078.0,6245.405468350035,6243.956078063022,6244.613716029877,6285.269787816085,6322.246467695652,46.553120739589545,-5.031379154545903,-9.428706265962335,4.397327111416432,6237.7795,6271.07204539693,6204.4869546030695,0.010674486136270162,0.4367801417732978,30.47135528391214,6272.13,6199.08,6415.6,6158.73,-0.002555388076562526,0.0010470447483157397,-0.0001251132836623814,-0.010709326223407256
2026-08-07 14:50:00+09:00,6236.82,6251.17,6234.5,6244.07,5775.0,6244.960312233357,6243.976791142472,6244.561933550841,6283.918975100803,6320.95429467589,48.910402113486,-4.6058586919289155,-8.464136751155651,3.858278059226736,6239.08,6271.201188022966,6206.958811977034,0.010296770685090021,0.5776745865755661,29.55197276363273,6272.13,6199.08,6415.6,6158.73,0.0016844280243906162,-0.0033550994478930285,0.004182976684045991,-0.01080592115685619
2026-08-07 15:00:00+09:00,6242.0,6251.45,6232.51,6247.84,6013.0,6245.920208155572,6244.679192752931,6244.8741303555225,6282.736057884383,6319.745793937446,49.767073550475835,-3.919244555212572,-7.555158311967036,3.635913756754464,6239.6495,6271.967258879705,6207.331741120296,0.0103588379057844,0.6267182546674572,28.793974709087507,6272.13,6199.08,6415.6,6158.73,0.0006037728596892666,-0.002933187791044678,0.0018263595474989902,-0.01553937155516616
2026-08-07 15:10:00+09:00,6250.89,6259.81,6240.32,6257.79,8038.0,6249.8768054370485,6247.062975888761,6246.104213178805,6281.91815434719,6318.721731227737,52.052233471036224,-2.542903057155854,-6.5527072610048,4.009804203848946,6240.6475,6273.898168489623,6207.3968315103775,0.010656159794195237,0.7577767722978273,28.12940508700988,6272.13,6199.08,6415.6,6158.73,0.0015925503854130607,0.00029571894871116555,0.0031998307103591195,-0.012870343787562799
2026-08-07 15:20:00+09:00,6259.14,6261.73,6258.57,6258.77,9970.0,6252.841203624699,6249.191525727167,6247.310478590348,6281.159198466954,6317.730793521494,52.28248030033888,-1.3574172332409944,-5.513649255452039,4.156232022211045,6240.0225,6271.362282306308,6208.682717693692,0.010044765802145049,0.7991006736544409,26.401590437937717,6272.13,6199.08,6415.6,6158.73,0.0001566048077676907,0.0014769087004804504,-0.00199321668497765,-0.011396447909624463
2026-08-10 09:00:00+09:00,6306.33,6369.64,6264.62,6363.69,33638.0,6289.790802416466,6270.009430140408,6258.394242534125,6283.86512638607,6318.490449826924,69.28700090953603,7.956537953395127,-2.819611813682606,10.776149767077733,6247.066000000001,6308.574400206858,6185.557599793144,0.01969193224686821,1.4480331109879652,32.4350482637993,6270.38,6199.08,6415.6,6158.73,0.016763677208141425,0.020874073765113632,0.02263764659752332,0.005759216089138208
2026-08-10 09:10:00+09:00,6364.27,6394.06,6321.27,6321.27,19721.0,6300.283868277645,6279.329533751243,6264.382409911827,6285.091515684887,6318.536392804992,59.98036542121723,11.779191869382885,0.10014892293049238,11.679042946452393,6252.082,6320.254427740305,6183.909572259696,0.021807912225177004,1.0074485557677677,35.317544816385066,6369.64,6199.08,6415.6,6158.73,-0.006665943815616249,0.012363730707695586,0.01612615436549092,0.0002737541023556389
2026-08-10 09:20:00+09:00,6316.77,6341.79,6305.36,6338.47,13597.0,6313.0125788517635,6290.082345796471,6271.438370872605,6286.8416299247265,6318.8658739156535,62.19755726001802,16.011992608468972,3.2825176600381885,12.729474948430784,6257.128500000001,6334.561662217537,6179.695337782465,0.024750382613218165,1.0252368473050588,35.39700590092902,6394.06,6199.08,6415.6,6158.73,0.002720972209698358,0.014505813209044982,0.016181058558341954,0.004702954603094112
2026-08-10 09:30:00+09:00,6332.97,6344.63,6311.42,6313.63,10162.0,6313.218385901176,6294.363737469839,6275.45662126569,6287.719937140309,6318.779330545147,57.263377782341436,17.16427817204385,6.058869762439322,11.105408409604529,6260.782499999999,6341.566176042919,6179.998823957079,0.02580625538194946,0.8270926911763903,35.24079119371981,6394.06,6199.08,6415.6,6158.73,-0.003918926807257916,0.008923278026268022,0.01171050628550363,-0.0006742757471244198
2026-08-10 09:40:00+09:00,6310.67,6326.73,6280.85,6326.73,9215.0,6317.722257267451,6300.248512475323,6280.339800192767,6288.998955594726,6318.910746569194,59.10587532884288,18.91647594211554,8.630390998374565,10.286084943740974,6266.829,6348.345631162037,6185.312368837963,0.026015272209290185,0.8674158214470983,36.00073467988262,6394.06,6199.08,6415.6,6158.73,0.002074876101386902,0.010858363544274496,0.019486609300976454,6.638941183712e-05
2026-08-10 09:50:00+09:00,6324.47,6334.36,6290.82,6295.04,8573.0,6310.161504844968,6299.301510207082,6281.739819222027,6289.197022624407,6318.516188774662,53.13765637714565,17.54573087944027,10.413458974587707,7.132271904852564,6270.3085,6350.391339928462,6190.225660071538,0.025543508721608165,0.6544119815312028,36.539253631319575,6394.06,6199.08,6415.6,6158.73,-0.005008906654780487,-0.010787766217398964,0.011178308395377146,-0.004119549190961025
2026-08-10 10:00:00+09:00,6297.45,6317.61,6284.25,6291.07,8198.0,6303.797669896645,6297.804871987612,6282.628407867549,6289.258431718688,6318.062532761857,52.42350042325265,15.955138811766119,11.52179494202339,4.433343869742728,6273.41,6351.642820478414,6195.1771795215855,0.024941083231739804,0.6128682303156417,36.312164086225295,6394.06,6205.34,6415.6,6158.73,-0.0006306552460350057,-0.004777520972842564,0.009958195805453096,-0.001742290207154884
2026-08-10 10:10:00+09:00,6291.96,6329.87,6290.01,6315.44,6903.0,6307.6784465977635,6301.011258898955,6285.753321403972,6290.116843793486,6318.019185112901,56.3055957322672,16.471169085677502,12.511669770754214,3.9594993149232884,6276.896,6356.090206707358,6197.701793292641,0.02523355706621831,0.7433511338930955,36.565580937209184,6394.06,6207.08,6415.6,6158.73,0.0038737448478558534,-0.0036333689360367183,0.011162844315787401,0.003436710037322266
2026-08-10 10:20:00+09:00,6318.94,6330.43,6309.98,6320.49,6554.0,6311.94896439851,6304.552848190054,6289.061576508356,6291.112684980584,6318.060025028391,57.087012966511736,17.09060968107042,13.427457752817455,3.6631519282529634,6281.1669999999995,6360.090767801645,6202.243232198354,0.025130287986816855,0.7491201389347545,35.41446801312287,6394.06,6207.08,6415.6,6158.73,0.0007996275793926699,0.001086538172176743,0.01369992638414641,0.001949846152382806
2026-08-10 10:30:00+09:00,6318.31,6318.31,6268.08,6301.77,8532.0,6308.555976265674,6304.0468757918625,6290.271902555179,6291.462105145155,6317.790768416351,53.282975531708715,15.887828270838327,13.91953185642163,1.968296414416697,6284.674000000001,6360.660043297492,6208.68795670251,0.02418137943113391,0.6124943427641536,36.62843458361409,6394.06,6207.08,6415.6,6158.73,-0.0029617956835623627,-0.003945165986220189,0.011255482113026627,-3.3322860434226165e-05
2026-08-10 10:40:00+09:00,6305.62,6305.62,6286.15,6300.71,6857.0,6305.940650843783,6303.440171102432,6291.266007073733,6291.765314812526,6317.508441665668,53.06734041439943,14.679861886515937,14.071597862440491,0.6082640240754458,6288.357,6359.819902292086,6216.894097707914,0.02272864034026257,0.5864294592284424,35.402832113355956,6394.06,6207.08,6415.6,6158.73,-0.00016820671017836464,0.000900709129727506,0.011829036221003397,0.00035405367644258945
2026-08-10 10:50:00+09:00,6299.35,6330.18,6299.03,6302.85,7661.0,6304.910433895856,6303.332867265626,6292.369244495282,6292.128747113755,6317.266153373674,53.47668987124165,13.736869854508768,14.004652260854147,-0.2677824063453791,6290.245000000001,6361.142298820255,6219.347701179747,0.022541983283720753,0.5888961935768317,35.099058390973426,6394.06,6225.77,6415.6,6158.73,0.00033964426231336553,0.0018724954578475117,0.006027048294597659,-0.003598071964600935
2026-08-10 11:00:00+09:00,6300.04,6309.14,6277.89,6302.98,6909.0,6304.2669559305705,6303.268709580966,6293.379792638589,6292.48452589691,6317.030018607167,53.50322102788533,12.851883278382957,13.774098464359911,-0.9222151859769543,6292.0830000000005,6362.296317283892,6221.869682716109,0.02231798826680806,0.5775992391581467,34.82412564876103,6394.06,6232.51,6415.6,6158.73,2.062559001081432e-05,-0.001972942502818542,0.005866375582089356,-0.005694832688655227
2026-08-10 11:10:00+09:00,6303.25,6323.2,6280.73,6285.9,5763.0,6298.144637287047,6300.110762384426,6292.667431434913,6292.26863980193,6316.515472845066,49.50843117021072,10.649550396479754,13.14918885078388,-2.499638454304126,6293.581,6361.898761350973,6225.263238649028,0.021710298588664363,0.4437847504945274,35.370259530992406,6394.06,6232.51,6415.6,6158.73,-0.002709829318830126,-0.005472676960172396,0.004789048488316627,-0.0063059317492361044
2026-08-10 11:20:00+09:00,6285.54,6291.05,6279.02,6287.07,6296.0,6294.453091524698,6297.739714678166,6292.134342726827,6292.098192595308,6316.02877081457,49.785017052325294,8.896046852008112,12.298560451028726,-3.4025135990206135,6295.4574999999995,6360.831716591929,6230.08328340807,0.02076869444100904,0.435850091693219,33.70309813592151,6394.06,6232.51,6415.6,6158.73,0.0001861308643154036,-0.00233267796190606,0.006005241985810095,-0.00552043113143541
2026-08-10 11:30:00+09:00,6289.46,6293.79,6264.94,6293.5,6924.0,6294.135394349799,6296.968857463953,6292.264405324272,6292.144153493822,6315.656394437469,51.36189325687232,7.933774310305125,11.425603222884007,-3.4918289125788817,6298.454,6357.382990963774,6239.525009036225,0.01871220809543885,0.4579663598597412,33.35644826907,6394.06,6232.51,6415.6,6158.73,0.0010227339603345875,-0.0011443154819059664,0.00961407347635479,-0.0010507736360576558
2026-08-10 11:40:00+09:00,6297.68,6317.7,6292.29,6315.74,4519.0,6301.3369295665325,6300.381792470506,6294.5001762457705,6292.9177878055,6315.657776347594,56.455297032041315,8.863574748454084,10.913197527998022,-2.049622779543938,6302.0375,6355.791545010667,6248.283454989334,0.01705925901287202,0.6274555244845339,32.78884482127928,6394.06,6232.51,6415.6,6158.73,0.003533804719154654,0.002045106578769884,0.011478090412183173,0.007221160807978855
2026-08-10 11:50:00+09:00,6316.07,6328.19,6303.17,6303.17,4024.0,6301.947953044355,6300.8887392940505,6295.325873746173,6293.253925910238,6315.451366821188,53.072425110144685,8.488306433630896,10.428219309124596,-1.9399128754937003,6304.804,6352.465997188629,6257.142002811371,0.01511926371973795,0.4828584606564721,32.23392733404501,6394.06,6232.51,6415.6,6158.73,-0.001990265590413709,3.0144471345305845e-05,0.008855860585418318,-0.0003726893261777331
2026-08-10 12:00:00+09:00,6303.17,6308.02,6290.96,6293.41,3472.0,6299.101968696237,6299.528968513314,6295.14340957987,6293.259043093509,6315.0870467084405,50.54011822666305,7.318984461236141,9.806372339546908,-2.4873878783107664,6306.585,6349.5137728686595,6263.6562271313405,0.013613952041765713,0.34654814102992104,31.150075381613256,6394.06,6240.32,6415.6,6158.73,-0.001548427219954407,0.0011947374282124112,0.005692105359879518,0.0012090724982141143
2026-08-10 12:10:00+09:00,6293.38,6305.27,6289.49,6303.34,3520.0,6300.5146457974915,6300.221883329074,6295.92403723893,6293.589566270771,6314.892880647145,52.99739160963608,7.111578534588261,9.267413578555178,-2.155835043966917,6308.8135,6345.79817048669,6271.828829513311,0.01172476266311868,0.4260031260523205,30.052212854355215,6394.06,6258.57,6415.6,6158.73,0.0015778409479121347,0.0025878509385135473,0.00712120752160561,0.0051458523027172465
2026-08-10 12:20:00+09:00,6302.07,6305.55,6290.83,6293.67,3338.0,6298.233097198328,6299.030631814697,6295.709367025699,6293.592203442221,6314.5420892314905,50.37281914273012,6.096641372289923,8.633259137302128,-2.5366177650122044,6305.3125,6332.924398069653,6277.700601930347,0.008758296458630037,0.2891760289236375,28.957054793329863,6394.06,6264.62,6415.6,6158.73,-0.0015341073145348494,2.7011996504233693e-05,-0.011003050117148971,-0.00043040604283728356
2026-08-10 12:30:00+09:00,6293.03,6310.22,6286.66,6310.22,4410.0,6302.228731465553,6301.065062393842,6297.0913320708705,6294.1373770998525,6314.470649740061,54.523744978010924,6.552213209551155,8.217049951751934,-1.6648367422007784,6304.76,6331.501059066703,6278.018940933297,0.008482815861889493,0.6020901974446964,28.571550879520615,6394.06,6264.94,6415.6,6158.73,0.0026296262752893984,-0.0008740068463869433,-0.0017480664486725361,-0.013940304058330244
2026-08-10 12:40:00+09:00,6312.12,6312.92,6291.97,6292.29,4567.0,6298.915820977036,6299.469596504052,6296.634062349835,6294.076807358873,6314.104027430309,49.67600816825699,5.404160224959924,7.654472006393531,-2.2503117814336075,6302.450999999999,6324.757628521782,6280.144371478216,0.007078715414616582,0.2722425872184866,28.027154388126274,6344.63,6264.94,6394.06,6158.73,-0.002841422327589216,-0.0017261155894573443,-0.007285669885634949,-0.007445393872377748
2026-08-10 12:50:00+09:00,6294.65,6310.2,6294.46,6301.46,3842.0,6299.763880651358,6299.83148804877,6297.093675459375,6294.318879248746,6313.8950352413785,52.02531229396402,5.1746126133875805,7.158500127792341,-1.9838875144047607,6301.842500000001,6323.552106053745,6280.132893946256,0.006889923400575057,0.4911905356768404,27.3045005032601,6344.63,6264.94,6394.06,6158.73,0.0014573390609777803,0.0012791157734837189,-0.0019275757369373592,-0.0010922031910087782
2026-08-10 13:00:00+09:00,6301.13,6311.01,6294.83,6300.55,4599.0,6300.025920434239,6299.962126585357,6297.422849225149,6294.523178289771,6313.67445614648,51.767042123558184,4.863205081660453,6.699441118565964,-1.836236036905511,6300.5335,6318.997238814462,6282.069761185537,0.005861008060496111,0.5004468217452174,26.50989332445583,6334.36,6264.94,6394.06,6158.73,-0.0001444109777734015,-0.00044262248268378546,-0.0041379986185595685,0.0019225692776927428
2026-08-10 13:10:00+09:00,6300.54,6308.04,6293.56,6301.49,4676.0,6300.51394695616,6300.239921751655,6297.810196917992,6294.751598673713,6313.473060177118,52.03194265419459,4.638789436214211,6.287310782095615,-1.648521345881404,6300.856,6319.149192613886,6282.5628073861135,0.005806573777875983,0.517328850501436,25.650615229851812,6334.36,6264.94,6394.06,6158.73,0.0001491933243922272,0.0012425182762998421,0.0010246162057747643,0.0027258145618647145
2026-08-10 13:20:00+09:00,6300.34,6300.41,6292.36,6298.54,4324.0,6299.855964637441,6299.930845069535,6297.879701973421,6294.875808553263,6313.226232736174,51.08374150604149,4.174773879967688,5.86480340167003,-1.6900295217023418,6301.2295,6319.005959124605,6283.453040875395,0.005642219228677523,0.4243522013819452,24.47057128486241,6330.43,6264.94,6394.06,6158.73,-0.00046814324866018,-0.00185096557647757,0.0011873973743734556,-0.006827671464433083
2026-08-10 13:30:00+09:00,6299.64,6300.86,6270.73,6270.73,5335.0,6290.147309758294,6294.621600511437,6295.2940160711905,6294.084142699057,6312.523815666155,43.10829605478908,1.5451916193187571,5.000881045199775,-3.455689425881018,6298.994000000001,6320.00992006096,6277.978079939041,0.006672786181717148,-0.172442603464834,24.87481619308653,6330.43,6264.94,6394.06,6158.73,-0.004415308944612617,-0.003426415502146396,-0.007079475064286855,-0.007857110083396845
2026-08-10 13:40:00+09:00,6271.19,6274.12,6256.97,6261.19,5354.0,6280.494873172196,6288.543127691175,6292.046014540601,6293.005646217121,6311.675322845227,40.75751584641625,-1.2936570648853376,3.7419734231827526,-5.03563048806809,6296.029,6320.52220060769,6271.535799392311,0.007780523440311245,-0.21119737591711638,24.323043607866037,6330.43,6264.94,6394.06,6158.73,-0.0015213539731419035,-0.006390582499928632,-0.009382183976242353,0.0022121308646678717
2026-08-10 13:50:00+09:00,6263.17,6268.91,6232.45,6245.21,5839.0,6268.733248781465,6280.66437720187,6287.585441727211,6291.438575849346,6310.57672246762,37.107261266367736,-4.777841566015013,2.0380104253431996,-6.815851991358213,6293.200999999999,6326.031608827866,6260.370391172132,0.010433675589852242,-0.23088806015781185,25.189969064447038,6330.18,6256.97,6394.06,6158.73,-0.002552230486536855,-0.008783360182841204,-0.008975256158190503,9.287980232608462e-05
2026-08-10 14:00:00+09:00,6239.98,6302.83,6239.98,6300.52,7247.0,6279.328832520977,6284.274490437893,6288.8173044198575,6291.736327460843,6310.410495649973,52.8480549804838,-3.040973678683258,1.022213604537908,-4.063187283221167,6293.1915,6326.013520824568,6260.3694791754315,0.01043096204034739,0.6116399876651546,27.879971274129417,6330.18,6232.45,6394.06,6158.73,0.008856387535407295,-0.00015393184786449687,-3.0155331700698618e-05,0.021369170165512985
2026-08-10 14:10:00+09:00,6307.57,6315.71,6297.52,6300.71,6061.0,6286.455888347318,6287.26276490373,6289.9499420941565,6292.030546232619,6310.250156878899,52.89167224592994,-1.6303680840082961,0.4916972668286672,-2.122065350836963,6293.0845,6325.793634794555,6260.375365205445,0.010395263179623668,0.6165652966349549,27.18783046883443,6330.18,6232.45,6394.06,6158.73,3.0156241072054613e-05,0.0003445242865807163,-0.00033952894325584015,0.016127185435216296
2026-08-10 14:20:00+09:00,6302.4,6312.15,6294.76,6299.92,4656.0,6290.9439255648795,6289.56408037578,6290.899471418523,6292.289216847943,6310.079410484207,52.67349516195448,-0.5696330103000946,0.2794312114029149,-0.8490642217030095,6292.931500000001,6325.482298623205,6260.380701376796,0.010345194007976781,0.6073475966119254,26.487985435346218,6328.19,6232.45,6394.06,6184.6,-0.0001253826949660919,0.004654960427254995,-0.0004854846437716276,0.012967759881786778
2026-08-10 14:30:00+09:00,6298.34,6301.7,6280.73,6281.7,5546.0,6287.8626170432535,6288.134247580183,6290.023331283425,6291.942029410306,6309.610329319179,47.77841776310649,-1.1855285165365785,-0.013560734184983825,-1.1719677823515946,6292.721500000001,6325.504407299512,6259.938592700489,0.010419309769075864,0.331901730079857,26.093843618535793,6328.19,6232.45,6394.06,6199.08,-0.002892100217145699,0.003275735123834389,-0.0006681620770294661,0.010680061525392137
2026-08-10 14:40:00+09:00,6284.5,6291.69,6274.63,6280.38,6489.0,6285.368411362169,6286.724384383786,6289.104918780242,6291.56294647882,6309.127183380019,47.434486329532085,-1.7598565796379262,-0.3628199032755723,-1.3970366763623538,6292.387000000001,6325.528304802442,6259.245695197559,0.010533778295086262,0.3188514291821731,25.448569074354626,6328.19,6232.45,6394.06,6199.08,-0.0002101341993409056,0.005631515993857805,-0.0010640886772375069,0.0031370093631104545
2026-08-10 14:50:00+09:00,6281.5,6302.55,6276.96,6292.77,7446.0,6287.835607574781,6287.823587223097,6289.453974134504,6291.602522004105,6308.856816712581,50.99997045256013,-1.2013972948361697,-0.5305353815876919,-0.6708619132484779,6292.3505,6325.488429009042,6259.212570990957,0.010532766415043993,0.5063296049654522,25.458671283329306,6328.19,6232.45,6394.06,6199.08,0.001972810562418159,-0.0012300572016278322,-0.00011599269087148034,0.009370664143014018
2026-08-10 15:00:00+09:00,6292.19,6292.28,6281.13,6292.05,7664.0,6289.2404050498535,6288.592025909806,6289.701214693123,6291.617193413806,6308.579018089234,50.78439774614413,-0.8076027293100196,-0.5859488511321574,-0.2216538781778622,6291.165999999999,6322.520656687775,6259.8113433122235,0.009967836387650808,0.5140967896539841,24.471623334520096,6328.19,6232.45,6394.06,6199.08,-0.00011441702143888399,-0.0013744482764640464,-0.0037509460490773305,0.011899209721359938
2026-08-10 15:10:00+09:00,6292.04,6309.1,6290.02,6305.16,9635.0,6294.546936699902,6291.604384835295,6291.173479960445,6292.061219859254,6308.522505393545,54.55142689719613,0.5559411921640276,-0.3575708424729205,0.9135120346369481,6291.2654999999995,6322.784099255174,6259.746900744825,0.010019796257263089,0.7204174729896883,24.08650738205437,6328.19,6232.45,6394.06,6199.08,0.0020835816625741632,0.0008317565937345783,0.00031571415652753565,0.011017485909451619
2026-08-10 15:20:00+09:00,6305.1,6305.68,6299.02,6299.66,11668.0,6296.251291133269,6293.069042137968,6291.981719964212,6292.310360191738,6308.37601770109,52.72802516062402,1.1791628834353105,-0.05022409729127428,1.2293869807265847,6291.578,6323.298738074773,6259.857261925228,0.01008355553241882,0.6273930004552305,22.841756854764764,6315.71,6232.45,6394.06,6199.08,-0.000872301416617538,0.002859098651638803,0.000993102308605387,0.009912100842760951
2026-08-11 09:00:00+09:00,6240.06,6275.74,6213.78,6242.97,34704.0,6278.490860755513,6283.96012538561,6287.313937110477,6290.69264346414,6307.2949264994195,38.458799082479594,-2.8682749696527026,-0.61383427176356,-2.2544406978891427,6288.5595,6326.171179821675,6250.947820178326,0.011961938126426073,-0.10605509001658882,27.34448850799586,6315.71,6232.45,6394.06,6199.08,-0.008998898353244411,-0.005956645935436988,-0.009577462107390633,-0.0045126425747895604
2026-08-11 09:10:00+09:00,6233.92,6267.54,6219.78,6225.27,24515.0,6260.750573837009,6273.289193497318,6281.404990719004,6288.547638760398,6305.939142590339,35.251171358779274,-7.418623430395201,-1.9747921034898883,-5.443831326905312,6285.139499999999,6331.655535718963,6238.623464281036,0.01480191035344988,-0.14353613839443782,28.802739328853313,6315.71,6213.78,6394.06,6199.08,-0.002835189020610307,-0.010726595759895874,-0.010868062672494738,0.0003937121755088757
2026-08-11 09:20:00+09:00,6225.55,6258.16,6216.21,6256.65,16536.0,6259.383715891339,6270.263885588714,6279.047372555289,6287.501814538746,6305.124446018597,44.14545745804124,-8.395920675359775,-3.259017817863866,-5.13690285749591,6282.461,6329.061087510731,6235.860912489269,0.014834978684541329,0.22305845998618748,29.741829376792353,6315.71,6213.78,6394.06,6199.08,0.005040745220689091,-0.005626147281092897,-0.008489402905128562,0.005738673353748114
2026-08-11 09:30:00+09:00,6252.98,6264.68,6231.53,6233.37,13209.0,6250.712477260893,6263.555906390766,6274.697146597643,6285.727000947311,6303.938422117464,39.779738062165904,-10.923023409444795,-4.791818936180052,-6.131204473264743,6279.515,6330.500447923968,6228.529552076033,0.01623865789761391,0.0474689163384956,29.98527013559294,6315.71,6213.78,6394.06,6199.08,-0.0037208410251492463,-0.01138591249072185,-0.00936384050957606,-0.0006685327869641045
2026-08-11 09:40:00+09:00,6234.4,6272.25,6234.11,6257.26,11345.0,6252.8949848405955,6262.411196137899,6273.036465969296,6284.7936566539565,6303.166877950234,45.71287652926796,-10.872713318947717,-6.007997812733585,-4.864715506214132,6277.304999999999,6328.125467333619,6226.48453266638,0.016191810763892943,0.3027861504262604,30.620607983050597,6315.71,6213.78,6394.06,6199.08,0.0038325977761628494,-0.006730521964677383,-0.007014247491851089,0.0026776486046902193
2026-08-11 09:50:00+09:00,6257.24,6278.34,6252.84,6261.5,10813.0,6255.763323227064,6262.245524112826,6271.937754924601,6284.029930206286,6302.478169223785,46.71626905276149,-10.37115739825731,-6.880629729838331,-3.490527668418979,6275.352499999999,6325.446057220537,6225.258942779461,0.015965177165916358,0.36173371618416816,30.254850269975556,6315.71,6213.78,6394.06,6199.08,0.0006776128848728913,0.002968138562254863,-0.006197871614382899,0.008975474556060403
2026-08-11 10:00:00+09:00,6261.19,6263.78,6227.48,6240.6,14892.0,6250.708882151376,6258.309974274131,6268.953206836544,6282.605998068375,6301.455389567193,42.542204735615876,-11.52724711967221,-7.809953207805107,-3.7172939118671042,6272.308,6323.074150376084,6221.541849623916,0.016187390790147332,0.18770529412707362,30.68664667926303,6315.71,6213.78,6394.06,6199.08,-0.0033378583406531437,0.0024625437932812577,-0.009662794037600508,0.0024335590198298895
2026-08-11 10:10:00+09:00,6241.76,6335.17,6241.76,6317.45,12466.0,6272.955921434252,6269.062706224288,6273.571949042587,6283.748424361214,6301.719763293356,57.558530144365825,-6.171166449902557,-7.482195856224597,1.3110294063220396,6273.2535,6326.578565504013,6219.928434495987,0.017000768581729674,0.9144064295305376,35.24974334502994,6315.71,6213.78,6394.06,6205.34,0.012314521039643589,0.009717660409324536,0.0030022830687745916,0.014193198309851995
2026-08-11 10:20:00+09:00,6318.89,6377.38,6318.89,6328.51,12333.0,6291.473947622835,6279.871305092599,6278.804144371865,6285.216017005108,6302.1625771232175,59.2107080811449,-1.0222010653269535,-6.190196898045069,5.167995832718115,6276.1425,6334.6195029584915,6217.665497041508,0.018634695741370288,0.947761490420192,37.012618820384965,6335.17,6213.78,6394.06,6207.08,0.0017507063767818742,0.015263011821855743,0.009214238214689585,0.013255477350889944
2026-08-11 10:30:00+09:00,6318.99,6333.59,6297.35,6320.23,7375.0,6301.059298415224,6287.209249621217,6282.749463955496,6286.364016447564,6302.46121221209,57.408912106351096,2.363024817920632,-4.479552554851929,6.842577372772561,6279.0945,6340.157817458255,6218.031182541746,0.01944972080234004,0.8368266064820457,36.957431761786026,6377.38,6213.78,6394.06,6207.08,-0.0013083648441735152,0.010063510226520744,0.009429517392061326,0.013658226772113258
2026-08-11 10:40:00+09:00,6320.66,6359.52,6315.6,6357.08,8871.0,6319.73286561015,6299.91302241736,6289.8285626264005,6288.682573285349,6303.364002092882,62.8300360460295,7.927939400886316,-1.9980541637042797,9.925993564590597,6284.688,6352.439719860147,6216.936280139853,0.021560885714659885,1.0342447405721291,37.4547580645156,6377.38,6213.78,6394.06,6207.08,0.0058304840171956585,0.015264712928212187,0.01791292846837811,0.02013116953349292
2026-08-11 10:50:00+09:00,6358.92,6377.16,6344.42,6353.24,7552.0,6330.901910406767,6309.608836523294,6295.867747138172,6290.799210226813,6304.188398752504,61.94521230991487,11.891243539667812,0.7798053769701387,11.111438162697674,6287.324,6361.163328653557,6213.484671346442,0.023488316699937038,0.9463475034372786,37.1179896313359,6377.38,6213.78,6394.06,6207.08,-0.0006040509164585428,0.018049546517962867,0.008367563312234427,0.020264812391100007
2026-08-11 11:00:00+09:00,6346.54,6361.46,6328.92,6328.92,7169.0,6330.241273604512,6313.119957155422,6299.015580744061,6292.049072186589,6304.597185549984,56.51667201739645,12.92082662800567,3.208009627177245,9.712817000828426,6288.7345,6364.5929000556835,6212.876099944316,0.024125171783189094,0.7648717872411118,36.79099037195477,6377.38,6213.78,6394.06,6213.78,-0.0038279680918711367,0.0018156059802609814,0.004477273196195286,0.01018820160604239
2026-08-11 11:10:00+09:00,6329.83,6347.46,6322.82,6339.17,6922.0,6333.217515736342,6317.856328581708,6302.839811149388,6293.594020639487,6305.168637028497,58.18009736626399,14.39789797495905,5.445987296733606,8.951910678225445,6290.697,6369.581827970962,6211.812172029038,0.025079837089900164,0.8072390550046155,35.923062488243744,6377.38,6213.78,6394.06,6213.78,0.0016195496230004824,0.00168444072933438,0.006230237844289999,0.01164178723377085
2026-08-11 11:20:00+09:00,6340.21,6340.21,6307.63,6321.07,5772.0,6329.168343824229,6318.440632475943,6304.5760196113515,6294.494872421799,6305.431469474307,54.234645590639275,13.947194352486804,7.146228707884246,6.800965644602558,6292.6655,6372.513046856547,6212.817953143453,0.025377972770536307,0.6778670799431754,35.68427231051204,6377.38,6213.78,6394.06,6213.78,-0.0028552633862162224,0.00013290655561593034,0.006267411687918889,0.010410905475436216
2026-08-11 11:30:00+09:00,6321.61,6336.38,6321.61,6329.06,4016.0,6329.132229216153,6320.371426571226,6306.907827267414,6295.628155293216,6305.822023697872,55.66397374762279,14.072515510350058,8.53148606837741,5.541029441972649,6295.099499999999,6376.257731492612,6213.941268507387,0.025784574649729584,0.7092240021463027,34.2289671454755,6377.38,6213.78,6394.06,6213.78,0.0012640265018424302,-0.004407684031033088,0.00775112333967054,0.012724136496446103
2026-08-11 11:40:00+09:00,6334.67,6359.51,6330.0,6357.28,4386.0,6338.514819477436,6327.082076285548,6311.70517705147,6297.6495272508155,6306.672568760718,60.371547629507525,16.261499146735332,10.077488684048994,6.184010462686338,6298.325,6383.865871751512,6212.784128248488,0.027163054225214478,0.8446013513356431,33.95904092079867,6377.38,6213.78,6394.06,6213.78,0.0044587979889587626,0.0006358960152614834,0.010251447295864802,0.019845770561652376
2026-08-11 11:50:00+09:00,6355.81,6361.01,6343.38,6346.19,3819.0,6341.0732129849575,6330.5562442336295,6314.9894459037105,6299.241018160624,6307.325749442359,57.77532462642086,16.906526222002867,11.443296191639769,5.463230030363098,6301.032,6388.999413648515,6213.064586351486,0.027921589240782967,0.756674591914423,32.79268085502735,6377.38,6213.78,6394.06,6213.78,-0.0017444567487983065,0.0027287436087040096,0.008604508864360483,0.016354717355827164
2026-08-11 12:00:00+09:00,6348.33,6370.58,6345.27,6359.54,4518.0,6347.228808656639,6335.826018009333,6319.232355817643,6301.218033958636,6308.188794906122,60.00503963919835,18.284179614624918,12.811472876236799,5.472706738388119,6303.751,6395.347523711378,6212.154476288622,0.02906095869312662,0.8045366665649443,32.25820365109679,6377.38,6213.78,6394.06,6213.78,0.002103624379352187,0.003213354429680848,0.008624682006483697,0.017878178698558234
2026-08-11 12:10:00+09:00,6358.19,6359.17,6344.61,6354.97,5355.0,6349.809205771093,6339.306742007636,6322.635940977868,6302.980393500976,6308.962037965525,58.85921767812476,18.79061256195564,14.007300813380569,4.783311748575072,6306.5165,6400.75375978088,6212.27924021912,0.029885677705237073,0.7570824964173641,31.020474818875613,6377.38,6213.78,6394.06,6213.78,-0.0007186054337262604,0.005363016071646243,0.00877983891194134,0.015529444100872647
2026-08-11 12:20:00+09:00,6356.27,6395.1,6351.16,6391.37,5100.0,6363.6628038473955,6348.7727889153375,6329.182041837119,6305.87841338619,6310.324153040476,64.6494439006141,21.87695618095313,15.581231886895083,6.295724294058047,6313.9365,6410.335811672903,6217.537188327096,0.03053540740325894,0.9016289051043381,31.943298046098818,6377.38,6213.78,6394.06,6213.78,0.005727800445950226,0.009845063879944105,0.023770737325343516,0.02118627142393792
2026-08-11 12:30:00+09:00,6391.1,6397.86,6376.15,6383.18,4706.0,6370.168535898264,6355.028645476185,6334.3247045192975,6308.412891635823,6311.52838191584,62.5174239614678,23.392388290640156,17.1434631676441,6.248925122996056,6321.832,6413.647327827167,6230.016672172834,0.02904706351803293,0.8340836516724179,31.212348185663192,6395.1,6216.21,6395.1,6213.78,-0.0012814154085899476,0.004074069413334103,0.02536596806242941,0.0030626884716258296
2026-08-11 12:40:00+09:00,6386.19,6393.42,6364.76,6369.42,4874.0,6369.919023932176,6357.645255389606,6337.667113612698,6310.413124696944,6312.4852681651655,58.99714806325852,23.215448908878898,18.35786031589106,4.857588592987838,6327.470499999999,6416.386576268638,6238.554423731361,0.028104777815602236,0.735893787492715,31.030037600972953,6397.86,6216.21,6397.86,6213.78,-0.002155665358019032,0.0036604639949324724,0.0180240224401238,0.007617140226568342
2026-08-11 12:50:00+09:00,6371.37,6391.83,6368.4,6377.7,3984.0,6372.512682621451,6361.291572591495,6341.479769459107,6312.61925175606,6313.563197616982,60.44066279540094,23.472770488308925,19.380842350374635,4.091928137934289,6334.687,6414.882865504469,6254.491134495531,0.0253195984282946,0.7681746729050696,30.48717777233205,6397.86,6227.48,6397.86,6213.78,0.001299961377958958,0.002855552445617082,0.023154409252138075,0.006189190766856978
2026-08-11 13:00:00+09:00,6378.43,6396.4,6378.34,6383.67,4285.0,6376.231788414301,6365.36037757486,6345.4978866534775,6314.948784485369,6314.721987739015,61.493284473669725,23.883119070616885,20.28129769442309,3.601821376193797,6341.007500000001,6415.522335804767,6266.492664195234,0.023502522526512176,0.7862684963285563,29.645236502879747,6397.86,6227.48,6397.86,6213.78,0.0009360741333082068,0.004516150351614456,0.020202133202072536,0.011093459705430853
2026-08-11 13:10:00+09:00,6381.1,6398.46,6381.1,6384.95,4037.0,6379.137858942868,6368.922127106704,6349.255230781718,6317.243906305521,6315.882781330106,61.72842095032196,24.034553212646642,21.0319487980678,3.002604414578844,6347.18,6414.425534275606,6279.934465724395,0.021189105799931836,0.78083649276396,28.767719609816886,6397.86,6227.48,6397.86,6213.78,0.0002005116179251143,-0.0010044794777958055,0.019715723069551938,0.009202226110486711
2026-08-11 13:20:00+09:00,6388.53,6399.42,6371.1,6396.69,3802.0,6384.988572628578,6373.97083126912,6353.772827850125,6319.848696262717,6317.218437837047,63.90546771897297,24.81582436993176,21.788723912440595,3.0271004574911657,6354.9845000000005,6404.951586557176,6305.017413442825,0.01572532129926523,0.9173297151543676,28.73573963768709,6398.46,6227.48,6398.46,6213.78,0.0018386988151826156,0.0021164999263689754,0.02501201807518494,0.016147633692557894
2026-08-11 13:30:00+09:00,6400.29,6405.81,6392.43,6403.79,4657.0,6391.255715085719,6379.392498311098,6358.536368054875,6322.600870155742,6318.649372748831,65.19493052011731,25.711511751053877,22.573281480163253,3.138230270890624,6359.3015,6410.456083480002,6308.146916519997,0.01608811391628551,0.9348437322081982,27.63890109213802,6399.42,6241.76,6399.42,6213.78,0.0011099490517751942,0.005396095719861549,0.013666906742435758,0.017917460781711192
2026-08-11 13:40:00+09:00,6403.41,6405.62,6386.38,6399.01,4689.0,6393.8404767238135,6382.959316799989,6362.390999668697,6325.106087527684,6319.97764757943,63.548930350353594,25.73894190149349,23.2064135644293,2.532528337064189,6362.8265,6414.718875268558,6310.934124731442,0.01631110804877605,0.8486398513533078,27.038979585556717,6405.81,6297.35,6405.81,6213.78,-0.0007464329717244977,0.0033413299465325785,0.011140062984809962,0.013232648873237718
2026-08-11 13:50:00+09:00,6399.36,6402.36,6371.2,6375.05,4990.0,6387.576984482543,6381.521259199991,6363.596618747869,6326.743592854646,6320.887934396299,55.926749825944285,23.555772453530153,23.276285342249473,0.27948711128068027,6365.567499999999,6413.835053439272,6317.299946560726,0.01516520041277479,0.5982285129899038,27.33333818658837,6405.81,6297.35,6405.81,6213.78,-0.0037443292009232687,-0.0013503204269643687,0.008673734974834924,0.008632242120468536
2026-08-11 14:00:00+09:00,6374.41,6384.23,6364.19,6377.12,8966.0,6384.091322988363,6380.721030254537,6364.8845598195,6328.395278334821,6321.817390026113,56.413151066439255,21.741998413633155,22.96942795652621,-1.2274295428930557,6366.5695,6414.922630395178,6318.216369604821,0.01518969686741929,0.6090984173493377,26.812385458974916,6405.81,6307.63,6405.81,6213.78,0.0003247033356601481,-0.0012263212711141058,0.0031523907202677393,0.011956958124463402
2026-08-11 14:10:00+09:00,6374.59,6393.23,6373.18,6375.27,7757.0,6381.150881992243,6379.729933844621,6365.8736493605,6329.932154454991,6322.700904240558,55.820229456843784,19.925599967404196,22.36066235870181,-2.4350623912976133,6367.671,6415.762336392465,6319.579663607536,0.015104843322610308,0.5790059142668245,26.32935792619094,6405.81,6307.63,6405.81,6213.78,-0.0002900996060917205,-0.003348606857609071,0.0034675220832205422,0.011833587008448276
2026-08-11 14:20:00+09:00,6374.17,6379.89,6345.08,6347.09,7751.0,6369.797254661496,6373.795400418327,6364.084730373786,6330.494706767942,6323.104029790301,47.61139060390676,16.027446199362203,21.09401912683389,-5.066572927471686,6368.579500000001,6414.338244071634,6322.820755928367,0.014370157135239772,0.2651869556738742,26.93511807432019,6405.81,6307.63,6405.81,6213.78,-0.004420204948182627,-0.00885413169388749,0.0028709479658457493,0.007019046939083173
2026-08-11 14:30:00+09:00,6344.0,6379.31,6338.69,6369.94,6479.0,6369.844836440998,6373.094418524085,6364.642375100092,6331.787995070632,6323.87817805823,53.57332986960719,14.613480185091248,19.797911338485363,-5.184431153394115,6370.1179999999995,6413.841920043991,6326.394079956008,0.01372782106830414,0.4979645008976689,27.912609640440234,6405.81,6307.63,6405.81,6213.78,0.003600074994997593,-0.004542890228332319,0.004853947756567445,0.010623546322533262
2026-08-11 14:40:00+09:00,6372.03,6372.03,6355.34,6361.47,8428.0,6367.053224293999,6370.980887883342,6364.340244138179,6332.761175560119,6324.49953048702,51.24530995820243,12.66346715185864,18.37102250116002,-5.70755534930138,6372.138,6409.943765486411,6334.332234513588,0.011865959427247644,0.35891040873337077,27.110994666123048,6405.81,6307.63,6405.81,6213.78,-0.0013296828541554673,-0.002130179371142127,0.0063913229880385725,0.01202214480026731
2026-08-11 14:50:00+09:00,6360.47,6369.58,6353.65,6353.65,5826.0,6362.585482862666,6367.829817359097,6363.322125648829,6333.446055049951,6324.981356429384,49.12289625832704,10.367548483065548,16.770327697541127,-6.402779214475579,6373.3675,6406.840588220444,6339.894411779556,0.010504050871205518,0.20547235035281228,26.312352189971424,6405.81,6321.61,6405.81,6213.78,-0.0012292756234015823,-0.0036803447324184058,0.003885253102356323,0.010589988659264193
2026-08-11 15:00:00+09:00,6355.06,6359.64,6348.71,6356.99,6995.0,6360.720321908444,6365.858941475624,6362.719066063226,6334.2179876712635,6325.510424918154,50.073998270630504,8.717041851013164,15.159670528235536,-6.4426286772223715,6373.353,6406.854190486513,6339.851809513487,0.010512893444475216,0.2557847980568387,25.21361274783063,6405.81,6330.0,6405.81,6213.78,0.0005256820882484359,-0.00286732954055291,-4.561699343119674e-05,0.010088186223881745
2026-08-11 15:10:00+09:00,6356.55,6365.76,6347.66,6358.98,9250.0,6360.14021460563,6364.608224843692,6362.362964533395,6335.029856927943,6326.063641035209,50.66575674218608,7.483316804807146,13.624399783549858,-6.141082978742713,6373.9925,6405.842850626228,6342.142149373773,0.009993846282758486,0.26432755519434664,24.70549755155704,6405.81,6338.69,6405.81,6213.78,0.0003130412349241496,0.0018732994175283402,0.002015382457821069,0.006846386963364592
2026-08-11 15:20:00+09:00,6358.35,6358.35,6345.53,6345.53,10337.0,6355.27014307042,6361.139456690293,6360.759825054024,6335.374123913913,6326.385399034628,46.6418547017259,5.358508671115487,11.971221561062984,-6.612712889947497,6373.2919999999995,6406.948052412807,6339.635947587192,0.010561591219359536,0.08756303829864188,23.901533440731523,6405.81,6338.69,6405.81,6213.78,-0.002115119091426587,-0.003832061212507454,-0.002202989524399568,0.006720427975129839
2026-08-12 09:00:00+09:00,6438.5,6446.42,6413.5,6427.69,37866.0,6379.410095380281,6373.239555473875,6367.134127429831,6338.400873949522,6328.059855248932,64.95275173561943,10.186781402027918,11.614333529255973,-1.4275521272280542,6376.928,6416.984675149266,6336.871324850734,0.012563000601313386,1.133627227058182,29.400709623536436,6405.81,6338.69,6405.81,6213.78,0.01294769704027865,0.010409543706092927,0.011443012319491519,0.021336604479924137
2026-08-12 09:10:00+09:00,6427.28,6489.12,6424.56,6489.12,24207.0,6415.980063586854,6394.308727205897,6378.751829579371,6343.342484639702,6330.722006401842,72.54040930223701,18.753926346165827,13.042252092637945,5.711674253527882,6381.8155,6444.939832067866,6318.691167932134,0.019782562522487813,1.3499456270256889,31.91208750756951,6446.42,6338.69,6446.42,6213.78,0.009557088160754512,0.02132160254341997,0.015294060584819746,0.02947326338100109
2026-08-12 09:20:00+09:00,6489.4,6509.04,6477.74,6496.36,18441.0,6442.77337572457,6412.863504077552,6389.952607714668,6348.359452356433,6333.459824477844,73.27478408363766,25.829906842614037,15.599783042633163,10.230123799980873,6387.4745,6467.974812415634,6306.9741875843665,0.02520567789840374,1.176304828717988,31.868366971314558,6489.12,6338.69,6489.12,6213.78,0.0011157136869097695,0.021923897945411275,0.01773097421661296,0.03220537460654915
2026-08-12 09:30:00+09:00,6501.29,6501.29,6470.96,6470.96,13593.0,6452.168917149714,6423.426503336179,6397.6675974561285,6352.379142443107,6335.732554651764,66.5503762685106,29.053197466981146,18.290465927502762,10.762731539478384,6392.5515,6480.33515070453,6304.767849295469,0.027464354633523213,0.9466008155887388,31.758483616220655,6509.04,6338.69,6509.04,6213.78,-0.0039098818415235215,0.017609742442970422,0.01594179689830466,0.025472962907790775
2026-08-12 09:40:00+09:00,6470.31,6482.31,6462.11,6474.72,11016.0,6459.6859447664765,6432.752593638691,6405.005921507926,6356.39031810071,6338.029867798016,67.03268145590849,31.547420064795915,20.941856754961393,10.605563309834523,6397.402499999999,6491.837978476127,6302.967021523871,0.029523069238219134,0.9093668039154679,30.93287764363352,6509.04,6338.69,6509.04,6213.78,0.0005810575246949501,0.020359213493593264,0.01521238063878827,0.02899262430688987
2026-08-12 09:50:00+09:00,6473.66,6473.77,6456.56,6465.56,9740.0,6461.643963177651,6438.717576613474,6410.7729766024095,6359.969651933474,6340.137803867471,64.58934167325052,32.41135605949785,23.235756615868684,9.175599443629164,6401.497,6500.200457507909,6302.793542492092,0.03083761735978592,0.8245225730561008,30.020529240516833,6509.04,6338.69,6509.04,6213.78,-0.001414732992314649,0.005891696705970784,0.012828044056162113,0.026041584013863472
2026-08-12 10:00:00+09:00,6469.33,6497.72,6464.24,6495.72,10183.0,6473.002642118435,6449.0816535928425,6418.863169306942,6364.420483017622,6342.7094104151165,68.64221639488133,35.12479473273015,25.61356423924098,9.511230493489172,6407.0355,6513.527315173825,6300.543684826175,0.0332421492510303,0.9163911557674274,30.267634294765664,6509.04,6338.69,6509.04,6213.78,0.004664715817346066,0.0010170870626526884,0.017348608837970625,0.030976660767710662
2026-08-12 10:10:00+09:00,6504.03,6514.44,6497.58,6508.14,8155.0,6484.715094745624,6459.81953475778,6427.365724611042,6369.13259832852,6345.443800325611,70.15698673403674,37.84119489286786,28.059090369966356,9.782104522901506,6412.608,6527.670217013303,6297.545782986697,0.03588624691024397,0.9151319280983229,29.44280327371093,6509.04,6338.69,6509.04,6213.78,0.0019120282278177747,0.0018133231532735383,0.017423073495823838,0.03279383130021629
2026-08-12 10:20:00+09:00,6509.42,6530.06,6493.07,6527.74,9659.0,6499.056729830416,6472.168710256366,6436.925179409991,6374.332841006273,6348.4569606508085,72.42109702946738,41.10172271186002,30.66761683834509,10.43410587351493,6418.8055,6544.189716785913,6293.421283214087,0.039067772589748334,0.9344027613379737,29.9818887541602,6514.44,6338.69,6514.44,6213.78,0.0030116131490716125,0.008774586769196402,0.01935572528143492,0.03638938547663417
2026-08-12 10:30:00+09:00,6530.98,6539.67,6522.72,6535.99,8958.0,6511.367819886944,6483.772581118844,6446.359924228087,6379.633075727378,6351.5566803094725,73.3380139047803,43.845991257088826,33.30329172209384,10.542699534994988,6425.6545,6560.567937651767,6290.741062348232,0.04199212318426635,0.9089121955545785,29.051039557434457,6530.06,6338.69,6530.06,6213.78,0.0012638371013551364,0.009462957471519928,0.02140643630811634,0.042301295064530064
2026-08-12 10:40:00+09:00,6537.75,6573.32,6537.75,6573.32,8315.0,6532.018546591296,6500.0539300063265,6458.451360015888,6385.983466687136,6355.222189725845,77.0552860054777,48.4742815274858,36.33748968317224,12.136791844313564,6435.568,6582.732474734965,6288.403525265036,0.04573472760600607,0.9680205608319654,29.64239387476056,6539.67,6338.69,6539.67,6213.78,0.005711453046898685,0.01666676977709569,0.03110093254170554,0.049851545792413354
2026-08-12 10:50:00+09:00,6573.62,6583.9,6559.97,6569.33,10212.0,6544.4556977275315,6512.649579096085,6469.011230490565,6391.9948284350985,6358.761161796492,75.83820498802464,51.22973081024793,39.31593790858738,11.91379290166055,6445.1785,6600.6878456066825,6289.6691543933175,0.04825602443956594,0.8991769739485835,29.23436574084905,6573.32,6338.69,6573.32,6213.78,-0.0006069992028381321,0.011332077121550821,0.03014056501994622,0.05189897537472721
2026-08-12 11:00:00+09:00,6567.4,6578.89,6542.95,6553.67,10057.0,6547.527131818355,6520.107837442251,6477.073970443845,6397.295653732309,6361.982795485807,71.09205287885223,51.55551323052805,41.76385297297551,9.791660257552536,6454.0985,6612.974339607598,6295.222660392402,0.0492325425797571,0.8133626240652075,29.713339616502726,6583.9,6338.69,6583.9,6213.78,-0.0023838047411227636,0.006995854422308101,0.02798312855769236,0.04017922330220358
2026-08-12 11:10:00+09:00,6552.58,6576.99,6550.88,6576.99,7464.0,6557.348087878904,6530.450048816387,6486.5897827825265,6403.187271642725,6365.536633576951,73.72872556656232,53.08351355148261,44.027785088676936,9.055728462805675,6465.5935,6625.1030378058,6306.0839621942,0.04934103506686598,0.849184448567655,29.45595821532394,6583.9,6338.69,6583.9,6213.78,0.0035583116025066364,0.007544724514150447,0.036221323472646505,0.043849026538278935
2026-08-12 11:20:00+09:00,6573.51,6586.73,6566.26,6585.45,7087.0,6566.71539191927,6540.45003994068,6496.005041565143,6409.163098801981,6369.171565253365,74.63266697154933,54.35059626959173,46.092347324859894,8.25824894473184,6476.369,6637.682498368923,6315.055501631076,0.04981603067055732,0.8381025180872723,28.81410405708647,6583.9,6338.69,6583.9,6213.78,0.0012863027007794514,0.007567331039368241,0.03383234378973743,0.04532279774981274
2026-08-12 11:30:00+09:00,6587.75,6619.64,6586.32,6610.07,7938.0,6581.16692794618,6553.108214496919,6506.868370939891,6415.75021031667,6373.1533575632275,77.10189424006262,56.6879334844125,48.21146455677042,8.476468927642074,6488.799000000001,6651.091515526816,6326.506484473186,0.05002235869128166,0.8736185849555143,29.198096624437476,6586.73,6345.53,6586.73,6213.78,0.003738544822297518,0.005590782131403849,0.03907901789995072,0.05227406593756467
2026-08-12 11:40:00+09:00,6608.46,6621.29,6602.34,6618.47,4919.0,6593.6012852974545,6564.9921754974785,6517.4970975170445,6422.39676079809,6377.208178099372,77.89257353067988,58.54324972412178,50.2778215902407,8.26542813388108,6502.039999999999,6661.248754407608,6342.83124559239,0.04897193939367011,0.8656520033500006,28.46608972269193,6619.64,6345.53,6619.64,6213.78,0.0012707883577633972,0.007480214877316316,0.041679979224540364,0.0538327298666641
2026-08-12 11:50:00+09:00,6619.19,6625.82,6615.99,6615.99,4536.0,6601.064190198304,6574.264507225209,6526.877373943992,6428.744080116186,6381.154985072936,77.0466874924386,59.13185076977334,52.048627426147235,7.083223343626102,6514.99,6666.863755073163,6363.116244926837,0.04662286667306105,0.832513013691354,27.13494045678536,6621.29,6345.53,6621.29,6213.78,-0.0003747089584149599,0.009509175774794931,0.04074255268609828,0.05136370787427458
2026-08-12 12:00:00+09:00,6613.77,6646.39,6612.56,6629.8,6720.0,6610.642793465537,6584.361869547898,6536.6795288064695,6435.336077489425,6385.264820030408,78.4501072856566,60.020790611582015,53.643060063234195,6.37773054834782,6528.531,6670.307746880523,6386.754253119477,0.04343297041264665,0.857142487143328,27.6131589955864,6625.82,6345.53,6625.82,6213.78,0.002087367121171635,0.008029508939499719,0.042588591252056274,0.05367884870590656
2026-08-12 12:10:00+09:00,6632.15,6668.43,6629.13,6664.72,7409.0,6628.668528977025,6598.972438721007,6548.87385939633,6442.856861834034,6389.883913914204,81.52598314181951,62.81889686243994,55.47822742307535,7.340669439364589,6544.4905,6671.350418567785,6417.630581432215,0.038768462898000976,0.9738671652849843,28.44793335304453,6646.39,6345.53,6646.39,6213.78,0.005267127213490541,0.012037142488364516,0.05030155085548427,0.05702630861072522
2026-08-12 12:20:00+09:00,6661.9,6667.49,6646.27,6664.88,5838.0,6640.739019318016,6610.955631680824,6559.922063263347,6450.1363089870165,6394.429303766862,81.53898512781521,64.3080240178133,57.24418674202295,7.063837275790348,6556.35,6681.654042073773,6431.045957926228,0.0382237196225865,0.9330666361748448,27.93165239925559,6668.43,6413.5,6668.43,6213.78,2.4007010047011335e-05,0.008291894034405223,0.03690128179797103,0.057974557357063805
2026-08-12 12:30:00+09:00,6666.21,6666.38,6634.0,6634.47,5314.0,6638.649346212012,6615.230971375219,6567.021866762076,6456.180036561213,6398.396918580634,71.27188650933422,62.31599516213464,58.25854842604529,4.057446736089354,6563.6175,6689.341042087496,6437.893957912504,0.038309222646656614,0.7817789684556095,28.249391513594485,6668.43,6424.56,6668.43,6213.78,-0.004562722809712927,0.002417477151063663,0.02239903099341678,0.06271053681180594
2026-08-12 12:40:00+09:00,6635.74,6640.05,6626.39,6639.1,5548.0,6638.799564141342,6619.570794761543,6573.886450879973,6462.177412411664,6402.375481909879,71.85300372510767,60.41447973204686,58.689734687245604,1.724745044801253,6570.7545,6696.601507350301,6444.907492649699,0.03830519230335003,0.7715420153367546,27.207292119766297,6668.43,6456.56,6668.43,6216.21,0.000697870364927411,0.0034930524381082684,0.021972304490514905,0.06647583157035752
2026-08-12 12:50:00+09:00,6640.34,6641.07,6614.11,6617.1,4531.0,6631.566376094228,6619.121559350353,6578.002026986643,6467.256841512921,6405.924647498146,65.1131325359122,56.48121858617196,58.248031467030884,-1.7668128808589216,6578.061500000001,6696.643509137253,6459.479490862748,0.03605378549204883,0.6646054923677951,27.18962839692585,6668.43,6456.56,6668.43,6216.21,-0.0033137021584250803,-0.0019155932305650047,0.022583975175244575,0.05761070221284559
2026-08-12 13:00:00+09:00,6617.56,6640.97,6617.56,6638.08,6354.0,6633.737584062819,6622.568548559379,6583.7237387022005,6472.857600807579,6409.761926051897,68.17857892522882,54.42956135124223,57.48433744387316,-3.054776092630931,6586.2294999999995,6697.492157432886,6474.9668425671125,0.03378645017847828,0.7330094444817499,26.952512082859712,6668.43,6456.56,6668.43,6227.48,0.003170573211829897,-0.003997167172814509,0.02523043467516728,0.06492635604817298
2026-08-12 13:10:00+09:00,6639.82,6639.93,6624.28,6625.19,5605.0,6630.888389375214,6623.045176094037,6587.672906444848,6477.852105699133,6413.32272066261,64.43256581611567,51.17359558198223,56.22218907149498,-5.048593489512754,6594.211,6691.76057732368,6496.66142267632,0.02958642886121777,0.6587859263459838,26.145189791226915,6668.43,6456.56,6668.43,6227.48,-0.001941826552256165,-0.00595509596571886,0.024689276721583164,0.058800497342287095
2026-08-12 13:20:00+09:00,6623.24,6626.66,6611.76,6612.49,6008.0,6624.755592916809,6621.126053167848,6590.036439164386,6482.266462889325,6416.614741808683,60.883172635617676,47.02634495840721,54.38302024887743,-7.356675290470221,6600.049500000001,6686.688386529255,6513.410613470747,0.026254011134084307,0.5717951285985089,25.341961948996396,6668.43,6464.24,6668.43,6227.48,-0.0019169261560800788,-0.0033130001341479254,0.01797645218697852,0.0560552583246825
2026-08-12 13:30:00+09:00,6612.88,6614.07,6597.7,6598.62,6172.0,6616.0437286112065,6617.034043500967,6590.85392114873,6486.081332958527,6419.623093183746,57.17858789398391,42.13472301733509,51.93336080256897,-9.798637785233879,6604.5735,6680.305711185396,6528.841288814605,0.022933263195691743,0.4606937397785328,24.701107524068075,6668.43,6493.07,6668.43,6227.48,-0.002097545705173065,-0.006097211971502259,0.013902589680000688,0.05736948370348993
2026-08-12 13:40:00+09:00,6597.83,6607.31,6585.17,6607.31,6358.0,6613.132485740804,6615.2660355917,6592.421166753613,6490.056043353329,6422.72535610633,58.86730694030338,38.51530727413228,49.24975009688164,-10.734442822749358,6608.552000000001,6675.580906480933,6541.523093519068,0.02028550474625369,0.49073534042843514,24.51817127234895,6668.43,6493.07,6668.43,6241.76,0.0013169420272725052,-0.001479500083117924,0.012189517352100498,0.045882436742673116
2026-08-12 13:50:00+09:00,6605.7,6608.15,6590.46,6591.18,6935.0,6605.814990493871,6610.886756393209,6592.302960396126,6493.371582915514,6425.509730385565,54.56584048661087,33.95393816166052,46.19058770983742,-12.236649548176906,6611.311500000001,6670.215858506225,6552.407141493776,0.017819265816237675,0.32911705932700136,24.030444752895427,6668.43,6522.72,6668.43,6297.35,-0.002441235540636022,-0.007065295989201692,0.008444015367220725,0.04150582048539064
2026-08-12 14:00:00+09:00,6591.47,6595.23,6569.74,6572.74,8198.0,6594.789993662581,6603.950982503534,6590.439821310781,6495.973826098611,6427.94328856101,50.062201702802874,28.52227930531808,42.656926028933555,-14.134646723615475,6611.282499999999,6670.262169336388,6552.302830663611,0.01784212649705673,0.17325605218152712,24.13469869911717,6668.43,6537.75,6668.43,6297.35,-0.0027976781092309277,-0.007916754085543154,-8.823547309422253e-05,0.039952659950666325
2026-08-12 14:10:00+09:00,6572.88,6574.17,6557.82,6565.82,7013.0,6585.133329108387,6597.0180765938,6588.09507642404,6498.263864587181,6430.222242469093,48.44623432974592,23.389643115245235,38.80346944619589,-15.413826330950656,6611.107000000001,6670.603584137494,6551.610415862508,0.017998977822471576,0.11941512562010762,23.5786487920374,6668.43,6542.95,6668.43,6307.63,-0.0010528333693407,-0.007057855664053925,-0.0005343010626654987,0.03283583028686121
2026-08-12 14:20:00+09:00,6564.26,6565.65,6543.33,6564.25,7361.0,6578.172219405592,6591.060244485836,6585.824116764607,6500.427344436781,6432.437577304315,48.067138374066964,18.97655615019903,34.83808678699652,-15.86153063679749,6611.636,6669.238413630245,6554.0335863697555,0.017424556835931342,0.08868043009295189,23.500888164034713,6668.43,6542.95,6668.43,6307.63,-0.00023911712474600222,-0.005208664842042743,0.0016143626395592747,0.033212974797111494
2026-08-12 14:30:00+09:00,6564.88,6594.08,6564.88,6584.65,8630.0,6580.331479603728,6589.894745488411,6585.7122961203595,6503.188742979836,6434.953485117468,53.19244955130296,16.930102759918555,31.25648998158093,-14.326387221662376,6612.019,6668.790745402355,6555.247254597645,0.017172287436667984,0.2589557991741322,23.95296758088937,6668.43,6543.33,6668.43,6307.63,0.0031077426971855004,-0.003429534863658712,0.0011646665115805366,0.040406578057551545
2026-08-12 14:40:00+09:00,6586.06,6604.13,6580.94,6596.96,6149.0,6585.87431973582,6591.179337217791,6586.783506013659,6506.26321042312,6437.63127875189,56.013494549319184,16.11581474462855,28.228354934190456,-12.112540189561905,6612.594500000001,6668.504057492704,6556.684942507298,0.016910021472722466,0.36018043514258286,23.89846989654017,6668.43,6543.33,6668.43,6307.63,0.0018694995178181184,0.0008769294724160215,0.0017477924819109258,0.04066620709020263
2026-08-12 14:50:00+09:00,6596.55,6604.42,6586.48,6587.92,6696.0,6586.556213157214,6590.586730450919,6586.891743536167,6508.940482212526,6440.1153898469,53.46513989860958,14.573044194248723,25.49729278620211,-10.924248591953386,6611.486999999999,6668.420856043919,6554.553143956079,0.017222708308711813,0.29303175968075146,23.472864903930198,6668.43,6543.33,6668.43,6307.63,-0.0013703281511483478,0.0023095390963281393,-0.003350947871958887,0.04221595394450639
2026-08-12 15:00:00+09:00,6586.39,6599.58,6586.16,6590.32,7120.0,6587.810808771477,6590.5382340052965,6587.218244151771,6511.60866312359,6442.598110675877,54.06267089011862,13.38969924230696,23.07577407742308,-9.68607483511612,6610.0795,6667.641602628636,6552.517397371364,0.01741646303305013,0.3283636359891232,22.75480312507805,6668.43,6543.33,6668.43,6321.61,0.0003643031487934323,0.003731445577247028,-0.004253248862652659,0.041279431700757874
2026-08-12 15:10:00+09:00,6591.12,6592.67,6573.13,6576.25,9772.0,6583.9572058476515,6587.940373277061,6586.17364947065,6513.728051217899,6444.807232813467,50.008574788204115,11.187594801415798,20.698138222221626,-9.510543420805828,6608.092500000001,6667.4179009259915,6548.76709907401,0.017955378477523078,0.23162844664358387,22.525174330429614,6668.43,6543.33,6668.43,6330.0,-0.002134949440998235,0.0018280839395208304,-0.006006659623125188,0.03444397604006744
2026-08-12 15:20:00+09:00,6577.24,6579.04,6577.24,6579.04,14574.0,6582.318137231769,6586.322123590322,6585.494254282969,6515.869426587804,6447.025956238038,50.796504161456895,9.557369444005417,18.469984466578385,-8.912615022572968,6605.5545,6665.289781526326,6545.8192184736745,0.018086379130268535,0.2780666691232122,21.11551902111321,6668.43,6543.33,6668.43,6338.69,0.00042425394411704787,-0.0008519815024335964,-0.007656339557754466,0.03669130612225602
2026-08-13 09:00:00+09:00,6773.92,6892.17,6773.92,6892.17,48066.0,6685.602091487846,6641.930828392082,6614.7014681607825,6528.207150306236,6454.383709027492,83.06252980590779,33.15024280279795,21.406036133822298,11.74420666897565,6616.927000000001,6753.969134119512,6479.884865880489,0.04142168535923443,1.5042276478267844,41.97369623389085,6668.43,6543.33,6668.43,6338.69,0.04759508986113481,0.04474939972350911,0.03412746521984422,0.08375291294653398
2026-08-13 09:10:00+09:00,6892.14,6895.63,6863.88,6872.25,28965.0,6747.818060991898,6683.807041411703,6639.2298997645175,6539.4872437388185,6461.290589870013,79.49129483672924,49.667847368201365,27.058398380698115,22.60944898750325,6627.2955,6803.160767119551,6451.43023288045,0.0530730120965786,1.1964265997830132,41.24343221718436,6892.17,6543.33,6892.17,6338.69,-0.002890236311640648,0.0431592976235291,0.031113838508720404,0.08139770919453593
2026-08-13 09:20:00+09:00,6874.3,6880.67,6829.19,6841.12,21457.0,6778.918707327933,6712.409397518666,6658.457528358373,6549.376842304759,6467.568761938277,74.12755831187468,59.559670348296095,33.55865277421771,26.001017574078382,6637.628,6836.714510401965,6438.541489598035,0.059987245564820726,1.0110642594245596,41.97461563024266,6895.63,6543.33,6895.63,6338.69,-0.0045298119247699775,0.03805581519562029,0.031147928922732326,0.0703683247879563
2026-08-13 09:30:00+09:00,6837.56,6851.67,6796.69,6819.06,13771.0,6792.299138218623,6731.8004161516355,6673.753001848051,6558.218913048864,6473.378534468224,70.49734855872894,64.87115934582653,39.82115408853948,25.050005257287047,6646.625999999999,6860.856397880488,6432.395602119511,0.06446290129171958,0.9024498897121872,42.90357165665393,6895.63,6543.33,6895.63,6338.69,-0.0032246181911732563,0.03692225812583172,0.027106083655917157,0.06828571339050438
2026-08-13 09:40:00+09:00,6822.59,6831.16,6784.82,6826.6,10926.0,6803.732758812415,6749.036704124065,6688.309858814903,6567.018292948901,6479.216905799328,71.01975036206088,68.89479135989313,45.63588154281021,23.258909817082923,6657.101,6884.608213239565,6429.593786760434,0.06835023630843676,0.8725134636094332,43.149030824035805,6895.63,6543.33,6895.63,6338.69,0.0011057242493832664,0.037628590189450195,0.03166039503710083,0.07177733608397618
2026-08-13 09:50:00+09:00,6830.53,6835.59,6807.69,6828.78,9994.0,6812.0818392082765,6763.535485192417,6701.687967499198,6575.600643999756,6484.994808182811,71.17865176916645,71.43598691097304,50.795902616442774,20.64008429453027,6666.636,6905.839351347831,6427.4326486521695,0.0717613355064926,0.838925017325995,42.05981433660472,6895.63,6543.33,6895.63,6338.69,0.0003193390560454201,-0.009197393564000955,0.028728186463555794,0.07072769180111949
2026-08-13 10:00:00+09:00,6825.37,6850.97,6821.13,6850.03,11424.0,6824.7312261388515,6779.261760611977,6715.815780118322,6584.5983278030435,6491.02844771698,72.74728878544103,74.30802346055407,55.498326785265036,18.809696675289032,6677.878,6929.066834751934,6426.689165248065,0.07523013590602713,0.8426744667413494,41.186970455418674,6895.63,6543.33,6895.63,6338.69,0.003111829638676289,-0.003233293317326913,0.03393713991598735,0.07305515479340241
2026-08-13 10:10:00+09:00,6850.15,6857.01,6840.42,6848.05,11817.0,6832.504150759235,6791.768713227981,6728.409515345149,6593.236087547206,6496.929630399344,72.35214919818804,75.55343074628763,59.509347577469555,16.044083168818077,6689.656,6949.4203727997265,6429.891627200273,0.07766150390983528,0.8048801463665671,39.43004399431735,6895.63,6543.33,6895.63,6338.69,-0.0002890498289788157,0.0010129920246977342,0.03562349432664558,0.07252993367215099
2026-08-13 10:20:00+09:00,6846.5,6846.5,6808.93,6813.17,9009.0,6826.05943383949,6795.659856277438,6736.481942455134,6600.447035496478,6502.1567439464625,65.59306828264306,72.88571929498175,62.184621920972,10.701097374009755,6700.383500000001,6961.938166047151,6438.828833952851,0.07807155099320807,0.7156078912766699,39.40789799472325,6895.63,6543.33,6895.63,6338.69,-0.005093420754813449,-0.0008637554149693027,0.032514374217639475,0.06510867339202009
2026-08-13 10:30:00+09:00,6813.71,6833.02,6808.77,6832.76,8173.0,6828.292955892994,6802.405336954267,6745.651281268931,6608.063854004789,6507.621260575447,67.4332201664083,71.52776053062553,64.0532496429027,7.474510887722829,6711.656,6975.615729080095,6447.696270919905,0.07865710908905188,0.7293986291432604,38.32519099510016,6895.63,6543.33,6895.63,6338.69,0.0028753135471446534,0.0009023525620366346,0.03412129898551752,0.06698689369888777
2026-08-13 10:40:00+09:00,6834.9,6850.34,6823.86,6825.47,7836.0,6827.3519705953295,6806.5989120534905,6753.253064005223,6615.191924365287,6512.874958747754,66.01824290131623,69.0671630881161,65.05603233194537,4.011130756170729,6723.3705,6985.694064589684,6461.046935410316,0.07803335085867538,0.6946060396055159,37.47910592402161,6895.63,6543.33,6895.63,6338.69,-0.0010669187853810103,-0.0004847132284243605,0.035545987213215335,0.06664468409957158
2026-08-13 10:50:00+09:00,6827.25,6859.16,6825.4,6850.68,7675.0,6835.127980396886,6814.613655316492,6762.5318198142495,6622.912844877901,6518.458513148618,68.48129673989877,68.3633085324409,65.71748757204449,2.6458209603964065,6737.2675,6995.61760809953,6478.91739190047,0.07669284560826187,0.7194938117779069,37.213455500877224,6895.63,6543.33,6895.63,6338.69,0.0036935185415802874,9.489009537189119e-05,0.04228677842117601,0.0746080422898645
2026-08-13 11:00:00+09:00,6853.64,6861.18,6845.92,6849.68,6740.0,6839.978653597925,6820.9893543498565,6770.8316464986065,6630.3478335704285,6523.933248468476,68.26991412404566,66.9530144101027,65.96459293965614,0.9884214704465535,6751.460499999999,7001.635395501206,6501.285604498792,0.07410985978551077,0.6963016708835342,35.64535153652887,6895.63,6543.33,6895.63,6338.69,-0.00014597091091683723,0.0002380239630259684,0.04323298536968734,0.07410241613769242
2026-08-13 11:10:00+09:00,6847.66,6861.51,6847.66,6854.11,6484.0,6844.689102398616,6827.01128992261,6778.762918260643,6637.684298043529,6529.3907154359395,68.7303913417918,65.43847611584715,65.85936957489434,-0.42089345904719266,6765.9535000000005,7004.375646309946,6527.531353690055,0.0704770277566778,0.6848748141990905,34.088540712491124,6895.63,6543.33,6895.63,6338.69,0.000646745541397431,0.006008950312409667,0.044157367559127136,0.07510897577671205
2026-08-13 11:20:00+09:00,6856.43,6857.15,6831.14,6831.14,6316.0,6840.172734932412,6827.761964482134,6783.75121175963,6644.027107943742,6534.378306916337,63.578253796928834,61.673769747233564,65.02224960936219,-3.3484798621286274,6778.278,7003.029442229059,6553.5265577709415,0.06631520342749551,0.6176010251051581,33.51150209017028,6895.63,6564.88,6895.63,6338.69,-0.003351273907188479,-0.00023709306341801462,0.037434032180905685,0.07626329546296029
2026-08-13 11:30:00+09:00,6831.39,6833.59,6803.57,6818.36,9176.0,6832.901823288275,6826.052516394473,6787.047286830141,6649.742940470176,6539.072219198712,60.84537274236243,57.0018913131662,63.418177950122995,-6.416286636956798,6789.348,6998.558662022859,6580.137337977141,0.06162908780721175,0.5693368103697072,33.26210908372958,6895.63,6573.13,6895.63,6338.69,-0.0018708443978604494,-0.0010416865065703274,0.03356091290533825,0.07039626746876748
2026-08-13 11:40:00+09:00,6818.71,6837.89,6817.77,6837.88,6315.0,6834.561215525518,6828.202967959113,6791.888497608223,6655.911368651482,6544.011190782206,63.430960766653456,54.24914449088283,61.58437125827497,-7.335226767392143,6801.8460000000005,6990.2623587803455,6613.429641219655,0.05540153622423825,0.5956233318413926,32.32338700632032,6895.63,6573.13,6895.63,6345.53,0.0028628585172973953,-0.0018684276597360494,0.037942172946848096,0.07488992324101185
2026-08-13 11:50:00+09:00,6835.62,6852.67,6831.7,6849.3,6417.0,6839.474143683679,6832.038791966546,6797.356259740773,6662.251979515368,6549.057286802335,64.89164935000954,52.385207299739704,59.74453846656792,-7.359331166828213,6814.795,6977.065590496382,6652.524409503618,0.047623029158289365,0.6063193271635052,31.51243079158317,6895.63,6573.13,6895.63,6345.53,0.0016701082791743538,-5.547704418307209e-05,0.03929702958278214,0.07801027755699486
2026-08-13 12:00:00+09:00,6850.64,6855.2,6837.25,6842.11,6695.0,6840.352762455786,6833.869920699901,6801.618520717841,6668.148963793552,6553.9011333014705,63.1805510350094,49.754313975628065,57.746493568379954,-7.992179592751889,6828.088000000001,6948.060528455667,6708.1154715443345,0.035140885253870824,0.5584383782708248,30.543685735041503,6895.63,6573.13,6895.63,6345.53,-0.0010497423094331104,-0.0017507743529064923,0.04042729519102828,0.0763128461740541
2026-08-13 12:10:00+09:00,6840.47,6851.38,6840.47,6850.0,5848.0,6843.568508303858,6836.802662390828,6806.2262806494755,6674.111292849501,6558.795329445248,64.29322909389802,47.755473747612996,55.748289604226564,-7.992815856613568,6841.636,6878.381887607277,6804.8901123927235,0.010741842333405907,0.6138086537654247,29.141279611109955,6895.63,6577.24,6895.63,6345.53,0.001153153047817268,0.002760886177124222,0.041185340110411195,0.07721678633994777
2026-08-13 12:20:00+09:00,6849.47,6853.88,6836.83,6844.67,5887.0,6843.935672202572,6838.233087410677,6809.887587254287,6679.703381608534,6563.520530611443,62.9101474051202,45.220023725691135,53.64263642851948,-8.422612702828346,6839.261,6867.875712230712,6810.646287769288,0.008367778983931751,0.5945143176067694,28.27761678174497,6895.63,6773.92,6895.63,6345.53,-0.000778102189781027,0.0038586991593287934,-0.006891878755167058,0.07866009616218039
2026-08-13 12:30:00+09:00,6842.35,6847.63,6824.05,6840.5,5446.0,6842.790448135049,6838.645253336009,6812.803055134831,6684.975401883664,6568.098703659189,61.79020482403829,42.38558255494718,51.39122565380502,-9.005643098857846,6837.6735,6861.991668743685,6813.3553312563145,0.0071129950102722566,0.5581149845161361,27.94207272590604,6895.63,6784.82,6895.63,6413.5,-0.0006092331697510334,0.0003831596927703629,-0.004620029830113892,0.06422369467102507
2026-08-13 12:40:00+09:00,6839.8,6856.86,6833.39,6856.86,4756.0,6847.4802987567,6841.957025456734,6816.9989546458,6690.610962477642,6572.871617648293,64.46312630281672,40.986911181230425,49.31036275929011,-8.323451578059682,6838.460499999999,6864.1537780907065,6812.767221909292,0.007514345689561937,0.8580605778492538,27.622638959769848,6880.67,6784.82,6895.63,6424.56,0.0023916380381550084,0.0011037624282772551,0.002300792852632183,0.056670241881795924
2026-08-13 12:50:00+09:00,6853.77,6867.48,6853.32,6864.33,5193.0,6853.096865837801,6846.024839010055,6821.506673250962,6696.306668625916,6577.6891115714625,65.64487467886843,40.01989615987077,47.452269439406244,-7.432373279535476,6840.724,6867.147874357229,6814.3001256427715,0.007725461327552074,0.9466793869980307,26.661021891214848,6861.51,6784.82,6895.63,6456.56,0.0010894199385724779,0.003247536213244251,0.0066387449296529955,0.0566424890246231
2026-08-13 13:00:00+09:00,6862.14,6874.38,6859.75,6874.38,6283.0,6860.191243891868,6851.180322826408,6826.542228179442,6702.145138507033,6582.59309319838,67.2240530486124,39.60790551738319,45.88339665500164,-6.275491137618452,6843.113,6872.47351164484,6813.7524883551605,0.008581039548766706,1.0324668789533016,25.80166318469951,6867.48,6784.82,6895.63,6456.56,0.0014640904501970198,0.003559124087591181,0.006999091788005618,0.06234314537564756
2026-08-13 13:10:00+09:00,6876.62,6882.95,6843.27,6846.66,8509.0,6855.680829261246,6850.358445948879,6828.458206448066,6706.88333068713,6586.957835459565,59.14812437452009,36.62246663204587,44.031210650410486,-7.408744018364615,6844.0070000000005,6872.647390431118,6815.366609568883,0.008369480168888587,0.5463157093891586,26.79297295722093,6874.38,6803.57,6895.63,6456.56,-0.0040323636458852175,0.0002907371721354579,0.0026183300677427024,0.057444955148639565
2026-08-13 13:20:00+09:00,6846.74,6846.74,6812.83,6823.85,9774.0,6845.070552840832,6845.538728503628,6828.019329643488,6710.7183034514865,6590.8734084271755,53.457106236876186,32.0464963756458,41.634267795457546,-9.587771419811745,6842.697999999999,6872.487656997802,6812.9083430021965,0.008706991598285625,0.18364858982113919,27.301332031705137,6882.95,6803.57,6895.63,6456.56,-0.0033315514426011106,-0.002434032599956115,-0.0038218810720536123,0.05541515352111803
2026-08-13 13:30:00+09:00,6821.92,6841.8,6820.44,6820.44,7427.0,6836.860368560555,6840.9753233211495,6827.297488725061,6714.315736125208,6594.667897544083,52.64166552409894,27.824109463929744,38.872236129151986,-11.048126665222242,6841.3175,6872.512939972,6810.122060028,0.009119717063854968,0.16537577256901012,26.87695117229767,6882.95,6803.57,6895.63,6464.24,-0.0004997179011849706,-0.005311469098100319,-0.004031804674323403,0.049989839463523644
2026-08-13 13:40:00+09:00,6820.43,6841.24,6817.37,6841.24,6682.0,6838.3202457070365,6841.023446353667,6828.6253469417225,6718.477187399792,6598.743469485504,56.9549111729522,25.858146960859813,36.26941829549355,-10.411271334633739,6842.721,6871.12559603738,6814.316403962619,0.008302134790350373,0.47393027526160264,26.66216894570497,6882.95,6803.57,6895.63,6493.07,0.0030496566203939146,-0.003363766019407577,0.004119961779905701,0.05118205816101051
2026-08-13 13:50:00+09:00,6838.56,6851.35,6832.63,6832.63,6612.0,6836.423497138025,6839.497365198455,6829.006742471082,6722.219902567012,6602.60936255186,54.732730397178926,23.33634560419887,33.682803757234616,-10.346458153035748,6842.7145,6871.128268828629,6814.300731171371,0.008304823715392231,0.32254202072202764,26.09487116386892,6882.95,6803.57,6895.63,6493.07,-0.0012585437727662407,-0.00607327497170651,-1.902598657055332e-05,0.04670682349480826
2026-08-13 14:00:00+09:00,6837.89,6852.05,6823.2,6849.78,6390.0,6840.875664758683,6841.366935162372,6830.985147950027,6726.402200843503,6606.694827633647,58.228731252261774,22.46272521816354,31.438788049420403,-8.976062831256861,6843.93,6871.351564507644,6816.5084354923565,0.008013397129323,0.6066678744454709,26.291666080735453,6882.95,6803.57,6895.63,6522.72,0.0025100144453891193,0.00045569664624789397,0.003561659490115554,0.04800955937815088
2026-08-13 14:10:00+09:00,6847.95,6848.85,6828.35,6832.83,7422.0,6838.193776505789,6839.81476513285,6831.160848145262,6729.891636881421,6610.43259907772,53.805833916650165,20.170142577046136,29.185058954945553,-9.014916377899418,6843.0375,6870.68321350222,6815.391786497781,0.00807995382232502,0.3153872932384067,25.944404217825735,6882.95,6803.57,6895.63,6537.75,-0.002474532028765908,0.0013159726547329331,-0.0026055807598662772,0.03947928900464315
2026-08-13 14:20:00+09:00,6833.71,6843.12,6819.45,6822.67,7067.0,6833.019184337193,6836.697535108695,6830.352195940952,6732.933550426292,6613.9406552913115,51.29094437144691,17.333616090962096,26.814770382148865,-9.481154291186769,6841.687,6870.516369123286,6812.857630876714,0.008427561542434106,0.1701800875580094,25.78194677369533,6882.95,6803.57,6895.63,6542.95,-0.0014869387940281698,0.0003269583780518559,-0.003943249903645141,0.0385640544773973
2026-08-13 14:30:00+09:00,6824.26,6825.45,6773.59,6778.07,9197.0,6814.70278955813,6826.03798327075,6825.372939184671,6734.413434018872,6616.653537022034,42.00867151700265,11.355897435585575,23.72299579283621,-12.367098357250633,6837.884999999999,6877.278781997244,6798.491218002755,0.011522212496186858,-0.25919341793818845,27.644664861288497,6882.95,6803.57,6895.63,6542.95,-0.006537030224237794,-0.009233706170226452,-0.011094073482917577,0.034240356929781335
2026-08-13 14:40:00+09:00,6780.94,6789.96,6759.86,6784.97,9127.0,6804.79185970542,6818.5710772215225,6821.525040214702,6736.071026346122,6619.43562731919,43.70603323458318,7.0935150425057145,20.39709964277011,-13.303584600264397,6835.5765,6881.19945267786,6789.95354732214,0.013348677372818446,-0.05461666803252044,27.82004594262506,6882.95,6773.59,6895.63,6543.33,0.001017988896544475,-0.006975352097215892,-0.006758754761284402,0.031622368287012925
2026-08-13 14:50:00+09:00,6784.51,6801.13,6771.65,6772.38,7841.0,6793.987906470281,6810.172699544883,6816.844560194254,6737.261484498708,6621.963633479204,41.329039794812985,2.668873395022274,16.851454393220546,-14.182580998198272,6833.277499999999,6886.190543335702,6780.364456664296,0.015486870930004865,-0.07544885118059778,27.93861408958045,6882.95,6759.86,6895.63,6543.33,-0.0018555719479967925,-0.011299632980913188,-0.006743557101707709,0.028385303965560382
2026-08-13 15:00:00+09:00,6766.95,6781.34,6748.13,6781.34,9571.0,6789.771937646855,6804.9303905367215,6813.463173509087,6738.706681728258,6624.5979535869865,43.676733255705656,-0.1133828632055156,13.458486941935334,-13.57186980514085,6830.450500000001,6887.922985756629,6772.978014243373,0.016828314840032284,0.07274773003587157,28.31514165461042,6882.95,6759.86,6895.63,6543.33,0.0013230208582506453,-0.007535677018160825,-0.008268644667645542,0.025910466908822594
2026-08-13 15:10:00+09:00,6783.08,6795.12,6771.53,6771.53,10966.0,6783.69129176457,6798.857592257317,6809.469537936793,6739.782856097823,6627.026582453318,41.70888132480782,-3.074485255113359,10.151892502525596,-13.226377757638955,6826.562,6888.738114578232,6764.385885421768,0.018215937855169863,0.05745063539828411,27.977631536423974,6882.95,6748.13,6895.63,6543.33,-0.0014466167453630607,-0.007495599230213479,-0.011354444979779,0.023126190796362245
2026-08-13 15:20:00+09:00,6772.22,6813.34,6772.22,6813.34,41693.0,6793.574194509714,6801.490757301442,6809.838153371385,6742.19456573396,6630.106143073925,51.69754360035386,-2.0241297472912265,7.716688052562232,-9.74081779985346,6825.1235,6887.12517974374,6763.1218202562595,0.018168661634837865,0.40497434868940596,28.965657855250864,6882.95,6748.13,6895.63,6543.33,0.006174380088399545,0.0052035461421908735,-0.004204843242800793,0.02982924702123202
2026-08-14 09:00:00+09:00,6995.67,7010.86,6963.63,6999.1,44011.0,6862.08279633981,6837.419710519362,6827.863091145538,6750.617694726289,6636.205215089232,73.4587517166112,13.64032690125714,8.901415822301214,4.738911078955926,6832.5785000000005,6930.311281864869,6734.845718135132,0.028607876767129194,1.351922440058257,41.00525372273292,6882.95,6748.13,6895.63,6543.33,0.027264161189666236,0.03155946157462752,0.02176642335766421,0.05570303779902863
2026-08-14 09:10:00+09:00,6996.58,7003.21,6936.26,6936.61,22296.0,6886.925197559874,6855.454308606751,6838.219939607868,6756.715803095919,6641.170583434865,63.15154939151839,20.77264676093,11.275662010026972,9.49698475090303,6837.1755,6944.8901078257095,6729.460892174291,0.03150851044432287,0.9615646011583328,42.85844988539484,7010.86,6748.13,7010.86,6543.33,-0.008928290780243264,0.02424996825340564,0.013432349550818401,0.04079541226037997
2026-08-14 09:20:00+09:00,6935.84,6975.46,6929.01,6972.24,16785.0,6915.363465039916,6876.68807067825,6850.983754883308,6763.782170207528,6646.642805196272,66.0744505423555,28.966200534054224,14.813769714832423,14.1524308192218,6843.7625,6966.543426185816,6720.981573814183,0.03588111837189455,1.0231981220175936,43.11498917929519,7010.86,6748.13,7010.86,6543.33,0.005136514810548665,0.028150778459714365,0.019258826109202598,0.04611635918426127
2026-08-14 09:30:00+09:00,6974.35,6986.77,6966.3,6986.77,12928.0,6939.165643359945,6896.702966918569,6863.915778227755,6771.093246594166,6652.264742300466,67.21649943488887,36.21464066360659,19.093943904587256,17.12069675901933,6850.258,6987.961703160255,6712.554296839745,0.04020394652588411,0.9956729443983527,41.4974899522027,7010.86,6748.13,7010.86,6543.33,0.002083978750014426,0.03178602177056011,0.018945989855414958,0.0531014534695311
2026-08-14 09:40:00+09:00,6986.32,6990.78,6933.26,6935.78,12177.0,6938.037095573297,6903.807882024283,6870.759989825112,6776.492812279603,6656.95094490707,59.63022830791929,37.41333716780173,22.75782255723015,14.65551461057158,6853.830500000001,6996.429437930996,6711.231562069006,0.04161145739772668,0.7873426029289748,42.64195495561676,7010.86,6748.13,7010.86,6543.33,-0.007298079083754128,0.017970628208778594,0.01040888185736999,0.044686779834616
2026-08-14 09:50:00+09:00,6937.95,6939.26,6895.98,6910.07,15054.0,6928.7147303821985,6904.9464489289585,6874.503800317959,6780.872392204861,6661.134730941664,56.186818901742186,35.87518386290867,25.381294818365856,10.493889044542815,6855.615,7000.078972048563,6711.151027951437,0.0421447155502644,0.6884725971043298,42.68752960164418,7010.86,6748.13,7010.86,6543.33,-0.0037068649812999066,-0.012720206883742313,0.005191740927908972,0.044274682262622544
2026-08-14 10:00:00+09:00,6905.22,6905.82,6867.76,6888.17,14118.0,6915.199820254799,6901.89618548733,6875.805343144821,6784.3903465588,6664.887380017009,53.36020555797525,32.514235446106795,26.807882943914045,5.70635250219275,6857.6905,7002.771634607667,6712.609365392333,0.04231195170084363,0.605042947459792,42.6605632015267,7010.86,6748.13,7010.86,6543.33,-0.003169287720674263,-0.006983238210019005,0.00606281018774113,0.03767505061704601
2026-08-14 10:10:00+09:00,6884.3,6884.3,6853.5,6866.86,9863.0,6899.086546836533,6895.525969944178,6874.953405702457,6787.094269622446,6668.225770429952,50.68805101857637,27.810538134411217,27.008413982013483,0.8021241523977345,6859.841,7004.12480739379,6715.55719260621,0.04206622497337477,0.52432358878929,42.08980868713194,7010.86,6748.13,7010.86,6543.33,-0.003093709940376055,-0.015114224409945698,0.0063028935278470755,0.03647744442046186
2026-08-14 10:20:00+09:00,6871.65,6902.81,6856.01,6897.06,8125.0,6898.411031224356,6895.804884499781,6877.058795635556,6790.6997034053165,6672.008154389788,54.1892714377653,26.217492797506566,26.850229745112102,-0.6327369476055367,6863.6720000000005,7007.636140896436,6719.707859103565,0.041949598085816255,0.6159594319533311,42.42625092376539,7010.86,6748.13,7010.86,6543.33,0.004397934427089023,-0.01283998185141344,0.011233879339163089,0.04303522576215624
2026-08-14 10:30:00+09:00,6889.24,6889.24,6848.43,6865.73,6757.0,6887.5173541495715,6890.336723681638,6875.979862717884,6793.159713129732,6675.210168366816,50.20667007319159,22.17134624810751,25.914453045711184,-3.743106797603673,6864.8965,7008.4927548642845,6721.300245135715,0.041834936583322026,0.5029022344656116,42.86937585778216,7010.86,6748.13,7010.86,6543.33,-0.004542515216628629,-0.010099801320111124,0.003579760394314402,0.0404796760534778
2026-08-14 10:40:00+09:00,6867.0,6888.54,6865.33,6887.95,5736.0,6887.6615694330485,6889.902773921341,6877.119875792371,6796.267591387774,6678.726529220257,52.85318431188636,20.521159108287975,24.835794258226546,-4.314635149938571,6867.6625,7010.796523750641,6724.528476249359,0.041683476364961454,0.5708688943005719,41.46513472508344,7010.86,6748.13,7010.86,6543.33,0.0032363637952557145,-0.0032011253142153473,0.008096443097313832,0.04247416876156862
2026-08-14 10:50:00+09:00,6888.04,6892.88,6871.64,6876.21,5907.0,6883.844379622033,6887.413178662915,6877.033220955002,6798.888653965224,6681.990718819923,51.30171332188111,18.057893866453924,23.48021417987202,-5.422320313418098,6868.9839999999995,7011.9211137810225,6726.046886218976,0.04161812395574748,0.5252768501086102,40.02048224472032,7010.86,6748.13,7010.86,6543.33,-0.0017044258451353045,-0.0017363102246314988,0.0038585180837924504,0.04324415355065403
2026-08-14 11:00:00+09:00,6878.34,6911.41,6878.34,6907.27,6930.0,6891.652919748022,6891.0235098151115,6879.9129141973835,6802.442140720463,6685.714343302238,55.060269157218784,18.39991803462999,22.464154950823616,-4.064236916193625,6872.706,7015.560284416147,6729.851715583854,0.04157148128150588,0.6209764206277232,39.67616208438314,7010.86,6748.13,7010.86,6543.33,0.004517023185737656,0.005884785768167866,0.010894461006640155,0.050896581942994956
2026-08-14 11:10:00+09:00,6901.97,6915.73,6899.62,6905.54,5418.0,6896.2819464986815,6893.662871666909,6882.353589035729,6805.822398401759,6689.347825231128,54.80654077464198,18.32019431414483,21.63536282348786,-3.3151685093430316,6876.849499999999,7018.460114923633,6735.2388850763655,0.04118473580776601,0.6013006687933404,37.99286479264146,7010.86,6748.13,7010.86,6543.33,-0.0002504607464309805,0.0012295093851582006,0.012146271181223689,0.05174068128581055
2026-08-14 11:20:00+09:00,6901.81,6922.19,6901.81,6913.82,4318.0,6902.127964332455,6897.327804091107,6885.350390079945,6809.363303372193,6693.0581091116055,55.85506983616517,18.709468387108245,21.05018393621194,-2.3407155491036953,6883.637,7018.5116502647925,6748.762349735207,0.03918703158367961,0.6118927831907004,36.73480302173844,7010.86,6748.13,7010.86,6543.33,0.0011990372946937278,0.0070043535064734375,0.020027825029838908,0.0532536085615265
2026-08-14 11:30:00+09:00,6914.27,6931.1,6912.43,6912.43,4705.0,6905.561976221637,6900.073657892724,6887.929400548522,6812.742539327202,6696.684090779183,55.62176764334057,18.690358690574612,20.578218887084475,-1.8878601965098625,6890.01,7017.475614030023,6762.544385969977,0.037000124536836106,0.5879452869333031,35.44445994875713,7010.86,6748.13,7010.86,6564.88,-0.00020104659941966307,0.0035540327673690975,0.018785639435399126,0.04977941120636653
2026-08-14 11:40:00+09:00,6911.23,6924.02,6905.04,6907.49,3751.0,6906.204650814425,6901.422083730411,6889.792314781996,6815.849013447622,6700.168485972916,54.74656240528533,18.068317091402605,20.0762385279481,-2.0079214365454945,6896.7654999999995,7012.345266131669,6781.18573386833,0.03351709323208661,0.5463943662413318,34.26842709527451,7010.86,6748.13,7010.86,6573.13,-0.000714654614947352,0.004549017554728474,0.019950150464090877,0.04707168150178265
2026-08-14 11:50:00+09:00,6904.18,6906.99,6881.74,6881.74,4191.0,6898.049767209617,6897.843523052154,6889.025427659901,6818.009373662454,6703.169668022951,50.303350724887004,15.320924760524576,19.125175774463397,-3.8042510139388206,6901.7855,7004.928239245434,6798.642760754566,0.02988871191242739,0.4028264124714552,33.65996801704062,7010.86,6748.13,7010.86,6573.13,-0.003727837463391226,-0.0036961056973305872,0.01480533345916868,0.044599812991050314
2026-08-14 12:00:00+09:00,6881.56,6886.06,6877.33,6881.19,3737.0,6892.429844806412,6894.815609769943,6888.279196454196,6820.0808696079475,6706.112152849018,50.20961671524916,12.949937324532584,17.890128084477237,-4.940190759944652,6907.2685,6992.178495707527,6822.358504292473,0.024585694245859078,0.34643445225325337,31.87925601582347,7010.86,6771.53,7010.86,6573.13,-7.992164772285815e-05,-0.0035261543630187298,0.016194272195500847,0.044135944840311137
2026-08-14 12:10:00+09:00,6884.19,6911.65,6880.65,6911.65,3993.0,6898.836563204275,6897.876407993589,6890.504987268082,6823.083136178178,6709.509472636638,55.189632085585785,13.374606002035762,16.987023667988943,-3.6124176659531813,6912.183999999999,6985.344000656455,6839.023999343543,0.021168418160296618,0.496350464767577,31.816452014693223,7010.86,6772.22,7010.86,6573.13,0.004426559940940544,-0.0003138641156408273,0.01442904654692101,0.05100171070138759
2026-08-14 12:20:00+09:00,6912.27,6918.34,6904.55,6918.34,3609.0,6905.33770880285,6901.597061085664,6893.155940861598,6826.2063120411885,6712.961216890578,56.22522725498956,14.088581678120136,16.40733527001518,-2.318753591895046,6908.145999999999,6969.659128485326,6846.632871514672,0.017808867526924562,0.5828603604711226,30.52884829935799,7010.86,6848.43,7010.86,6577.24,0.0009679309571521966,0.0008549815332667965,-0.011538626394822171,0.051572873853936274
2026-08-14 12:30:00+09:00,6918.97,6921.83,6907.21,6918.25,3961.0,6909.641805868567,6904.624868160998,6895.545851255732,6829.224137875904,6716.35441991718,56.20640817387108,14.480231205787277,16.0219144571696,-1.5416832513823238,6907.228,6967.551066765975,6846.9049332340255,0.01746664994002646,0.5913580873031553,29.392501992260982,7003.21,6848.43,7010.86,6748.13,-1.3008900979105675e-05,0.0015577293633433076,-0.002646826043268935,0.0037840041670476054
2026-08-14 12:40:00+09:00,6917.86,6926.3,6910.84,6914.32,3908.0,6911.201203912378,6906.387619404452,6897.333865421852,6832.014166142267,6719.6265782656565,55.33543407483483,14.308557972980452,15.679243160331772,-1.3706851873513202,6904.331999999999,6956.963477122079,6851.70052287792,0.0152459288232604,0.5948861835744507,28.397323278528056,6990.78,6848.43,7010.86,6748.13,-0.00056806273262755,0.004734267786925983,-0.008307229814234707,0.00612172141583911
2026-08-14 12:50:00+09:00,6914.59,6921.91,6906.52,6906.52,3836.0,6909.640802608253,6906.411688603643,6898.208735381676,6834.45698036711,6722.715725732341,53.56141539721212,13.38877344046341,15.2211492163581,-1.8323757758946897,6900.3195,6937.026780736273,6863.612219263726,0.010639298871964926,0.5844587214801988,27.468228758633156,6990.78,6848.43,7010.86,6748.13,-0.0011280935797011171,0.003681049353382315,-0.011485994243405795,0.009559838155156042
2026-08-14 13:00:00+09:00,6904.08,6922.83,6888.19,6917.79,5840.0,6912.357201738836,6908.480472493889,6900.073617726278,6837.189210519008,6725.940093902054,55.767926718278524,13.41459725754612,14.859838824595705,-1.4452415670495853,6899.42,6933.386782597879,6865.4532174021215,0.009846271888906195,0.7704112458556377,27.98049813301653,6990.78,6848.43,7010.86,6748.13,0.0016317914086978469,0.000888355168447541,-0.002593796227677303,0.014478535164670792
2026-08-14 13:10:00+09:00,6917.28,6947.15,6914.77,6942.11,5881.0,6922.274801159225,6914.594932040454,6904.077082704728,6840.629236403631,6729.513150201195,60.16639200361192,15.22201366970421,14.932273793617407,0.28973987608680396,6901.022,6939.561323087616,6862.482676912384,0.011169163955024673,1.033065927320381,28.294748266372437,6939.26,6848.43,7010.86,6748.13,0.0035155736152729933,0.0034357952919341628,0.004636711350246792,0.01692057539624403
2026-08-14 13:20:00+09:00,6937.53,6957.95,6935.95,6950.84,5571.0,6931.796534106151,6921.184944396735,6908.530693875706,6844.242704062528,6733.171445239192,61.64096704447945,17.161020674447172,15.378023169783361,1.7829975046638111,6904.155500000001,6947.851449229328,6860.459550770674,0.012657869374270957,1.0341971146454279,27.84512339020298,6947.15,6848.43,7010.86,6748.13,0.0012575427355661084,0.004710728869294911,0.009098207506492928,0.017874349444556792
2026-08-14 13:30:00+09:00,6947.9,6953.53,6934.12,6946.07,5134.0,6936.554356070767,6925.709499960965,6912.105865887544,6847.58130392933,6736.690429615403,60.326901369991496,18.104105698966123,15.923239675619914,2.1808660233462085,6908.116,6951.931156464999,6864.300843535001,0.012685124704043428,0.9331149659401397,27.24261457661704,6957.95,6848.43,7010.86,6748.13,-0.0006862479930483945,0.004591919378912124,0.011535112118202573,0.014020376553095293
2026-08-14 13:40:00+09:00,6945.08,6958.27,6937.88,6944.44,6272.0,6939.182904047178,6929.115045422608,6915.185307231587,6850.756998882466,6740.124306811844,59.85731147525464,18.506646892546087,16.43992111900515,2.066725773540938,6910.484999999999,6956.7100890756565,6864.259910924341,0.013378247424213414,0.8672789028532306,26.753142106858704,6957.95,6848.43,7010.86,6748.13,-0.00023466506960057032,0.005490464083214075,0.006869593710943311,0.014075539752192112
2026-08-14 13:50:00+09:00,6941.62,6945.99,6934.49,6936.57,5041.0,6938.311936031452,6930.470491709407,6917.221944638102,6853.570539902713,6743.371343062888,57.52886973116017,17.983319942873095,16.74860088377874,1.2347190590943562,6914.026999999999,6956.712585904996,6871.341414095003,0.012347532315102766,0.7640586924374608,25.6636319563688,6958.27,6848.43,7010.86,6748.13,-0.0011332807252996124,0.002714739822978096,0.01031791229774548,0.018111980179563947
2026-08-14 14:00:00+09:00,6937.86,6942.84,6902.43,6908.48,6327.0,6928.367957354301,6926.472220489514,6916.389378482093,6855.370850069837,6746.100411772592,50.045834410605735,15.127570111159002,16.424394729254793,-1.2968246180957905,6915.0535,6956.138732031144,6873.968267968856,0.011882838514884718,0.42000166878676193,26.716943959485302,6958.27,6865.33,7010.86,6748.13,-0.004049551867854051,-0.004844348476183757,0.0029805675128302678,0.01108190540864884
2026-08-14 14:10:00+09:00,6909.57,6937.25,6900.79,6935.35,7232.0,6930.695304902869,6928.0863622186935,6918.195151959989,6857.993117280661,6749.228504139988,55.948560958829916,14.861241096440608,16.111764002691956,-1.2505229062513479,6918.010500000001,6955.874030990299,6880.146969009704,0.010946364128905983,0.7289736264222475,27.412876533807783,6958.27,6871.64,7010.86,6748.13,0.003889422854231439,-0.002228507633609711,0.00860066810059612,0.016098525083254378
2026-08-14 14:20:00+09:00,6931.36,6946.06,6929.01,6934.73,6967.0,6932.04020326858,6929.294296360748,6919.769899392371,6860.509080648508,6752.294644567427,55.78476421519155,14.433761200618392,15.776163442277245,-1.3424022416588528,6919.383499999999,6957.5796140831535,6881.1873859168445,0.011040322908292191,0.7008908545852414,26.672671067107242,6958.27,6877.33,7010.86,6748.13,-8.939707440880351e-05,-0.001632577846177763,0.003975521443348784,0.012268855062562922
2026-08-14 14:30:00+09:00,6935.32,6962.89,6930.31,6959.39,7464.0,6941.156802179054,6934.766242476976,6923.543242307384,6863.751078004294,6755.717708293586,60.71158653910255,15.901533234369708,15.801237400695737,0.10029583367397166,6922.076000000001,6963.448943043174,6880.703056956828,0.011953911815811645,0.95094689010958,27.094623133742434,6958.27,6877.33,7010.86,6748.13,0.00355601443747644,0.0021528013777929456,0.007798086753534106,0.016016806624542967
2026-08-14 14:40:00+09:00,6958.9,6958.9,6945.57,6955.86,6358.0,6946.057868119369,6938.601471117526,6926.6210287543,6866.7710426598915,6759.025845346585,59.68632164565148,16.588687582929197,15.95872743714243,0.6299601457867663,6924.178,6967.866513639787,6880.489486360213,0.012619119161808617,0.8625895843152147,26.146435767046594,6962.89,6877.33,7010.86,6748.13,-0.0005072283634055541,0.002780913333246815,0.006080574848636555,0.014845107534019686
2026-08-14 14:50:00+09:00,6954.69,6974.29,6950.82,6971.7,7576.0,6954.605245412913,6944.619385459793,6930.914264111034,6870.211336343174,6762.541120630113,62.72799397841964,18.201601245384154,16.407302198790774,1.7942990465933804,6927.141500000001,6975.0750153212675,6879.207984678734,0.013839334831334654,0.9647948278084009,25.955261783686144,6962.89,6877.33,7010.86,6748.13,0.0022772166202309485,0.009151072305340735,0.008574408710106285,0.02057636060745338
2026-08-14 15:00:00+09:00,6971.01,6971.01,6957.62,6962.03,8126.0,6957.080163608609,6947.78495173983,6933.87766752903,6873.221784331921,6765.838457479203,59.763490685094865,18.486458374140966,16.82313343386081,1.6633249402801553,6929.8685,6979.204906142467,6880.532093857532,0.014238771238578984,0.825940846878149,25.10702879913713,6974.29,6877.33,7010.86,6748.13,-0.0013870361604774173,0.0038469579761655215,0.007895776903042995,0.021071049343243775
2026-08-14 15:10:00+09:00,6961.82,6972.11,6954.75,6967.96,10895.0,6960.706775739072,6951.453142332588,6937.123603954837,6876.327955337431,6769.1793094216955,60.98129169217774,18.972013579016675,17.252909462891985,1.71910411612469,6934.1795,6980.941279896138,6887.417720103862,0.013487328932323787,0.8611977567473812,24.55366959919874,6974.29,6877.33,7010.86,6748.13,0.0008517630633595452,0.004791823185617883,0.01252880812120205,0.01902344001357137
2026-08-14 15:20:00+09:00,6967.62,6978.0,6967.62,6977.94,12144.0,6966.451183826049,6956.268934635754,6941.010879768662,6879.659497785384,6772.62989934861,63.010360001249076,19.93235439675209,17.788798449664007,2.143555947088082,6939.017,6982.771740132417,6895.2622598675825,0.012611221483509056,0.944786094971711,23.54126462782741,6974.29,6877.33,7010.86,6748.13,0.0014322699900688463,0.002665463496082099,0.014060068098686429,0.01878148131925883
2026-08-18 09:00:00+09:00,7127.77,7136.75,7102.65,7118.26,44548.0,7017.0541225506995,6985.721855611071,6957.891748362123,6887.482465071109,6778.342793574253,79.30538117895799,31.651227067093714,20.56128417314995,11.089942893943764,6949.347500000001,7037.457774287717,6861.237225712284,0.025357855334681847,1.4585289647858222,33.203317154411195,6978.0,6880.65,7010.86,6748.13,0.020109086635883955,0.023347220904388566,0.02989300673500539,0.040360356673599274
2026-08-18 09:10:00+09:00,7118.9,7158.38,7116.99,7158.38,30439.0,7064.162748367133,7017.114245499966,6976.985867565731,6896.36435146222,6784.624400292035,81.77719664372991,43.67243811004391,25.183514960528747,18.488923149515166,6961.349500000001,7086.784154777131,6835.914845222871,0.03603745359348216,1.2853910083703697,33.78808021481042,7136.75,6888.19,7136.75,6748.13,0.0056362088487917905,0.02677682631209044,0.034696184344799486,0.04501897810218969
2026-08-18 09:20:00+09:00,7163.41,7183.36,7152.83,7168.22,21517.0,7098.848498911422,7044.588019045426,6995.19864208328,6905.277651414278,6790.964823427704,82.33451461292799,53.3780315128115,30.8224182709853,22.555613241826205,6973.848000000001,7126.480139420437,6821.215860579565,0.04377271756437365,1.1367335239421232,33.555360199466804,7158.38,6888.19,7158.38,6748.13,0.0013746126916984736,0.029616361894447607,0.03613196979004818,0.047270357811260544
2026-08-18 09:30:00+09:00,7168.49,7216.62,7168.49,7206.88,14040.0,7134.858999274282,7074.095651946258,7015.3587714086825,6915.166253007253,6797.839454445429,84.35854257806146,63.457820856714534,37.34949878813114,26.10832206858339,6988.476,7169.01054654459,6807.941453455409,0.051666356597515894,1.1048814594774974,34.61569161379058,7183.36,6888.19,7183.36,6748.13,0.0053932496491457815,0.0342883713454154,0.042312186881718006,0.0535604122505664
2026-08-18 09:40:00+09:00,7210.2,7215.32,7183.11,7185.04,13044.0,7151.585999516188,7094.2673515923925,7031.5188884173795,6924.014572580785,6804.23946346286,78.86147238196526,68.88970343832807,43.65753971817053,25.232163720157537,7002.402,7197.853049176163,6806.950950823837,0.05582400130017185,0.96722184600653,34.44385649851983,7216.62,6888.19,7216.62,6748.13,-0.0030304375818662743,0.029679246310515772,0.04032711119348087,0.04786155762258537
2026-08-18 09:50:00+09:00,7181.18,7197.75,7149.0,7153.6,10227.0,7152.257333010793,7105.055105848321,7043.145660949058,6931.54196364371,6810.014017785788,71.62568813321418,69.85234986622163,48.89650174778075,20.955848118440876,7014.1925,7216.146400668109,6812.238599331891,0.057584362182277964,0.8451468368246637,35.465723891482696,7216.62,6888.19,7216.62,6748.13,-0.004375758520481443,0.004964696428621629,0.03408747591355055,0.04214103925656265
2026-08-18 10:00:00+09:00,7152.17,7163.56,7139.21,7148.9,10363.0,7151.1382220071955,7113.02690478499,7053.217502763433,6938.668456638998,6815.615438979412,70.58307945913838,69.43559308048225,53.00432001432106,16.43127306616119,7024.531999999999,7231.770514046171,6817.293485953827,0.05900421951132745,0.8000600553724576,34.67174361351967,7216.62,6900.79,7216.62,6748.13,-0.0006570118541714409,-0.0013243219834655484,0.029787773457925715,0.03993378311935025
2026-08-18 10:10:00+09:00,7149.42,7172.16,7149.42,7165.82,8291.0,7156.032148004798,7122.625649369536,7063.941550119297,6946.116048224604,6821.4039441202485,72.15450789586508,69.66752901096606,56.33696181365006,13.330567197316,7035.281,7248.33497277701,6822.22702722299,0.06056729582713473,0.8063519499273232,33.856619069696855,7216.62,6900.79,7216.62,6748.13,0.0023667976891550424,-0.000334811152559622,0.0309286359634231,0.04661543000528723
2026-08-18 10:20:00+09:00,7164.27,7177.65,7156.45,7167.44,7684.0,7159.834765336533,7130.7737131205295,7073.7985453460315,6953.372571233634,6827.123548349666,72.30704169647622,69.18454401050712,58.90647825302148,10.278065757485642,7046.349499999999,7262.690500041758,6830.0084999582405,0.06140512900807969,0.7798602668394501,32.95257485043278,7216.62,6900.79,7216.62,6748.13,0.00022607321981293893,-0.0054725484536998215,0.031869819912554886,0.050351341251639425
2026-08-18 10:30:00+09:00,7170.89,7170.89,7137.82,7150.73,7645.0,7156.799843557688,7134.402128916796,7081.125350551171,6959.843306603022,6832.472415319093,68.15956348467626,66.68471765390314,60.46212613319782,6.222591520705315,7056.664,7272.255792923732,6841.072207076268,0.061103034783498864,0.7181576550858703,32.9609623611162,7216.62,6900.79,7216.62,6748.13,-0.002331376335204749,-0.004775199581352418,0.029705779011698574,0.048426494478362114
2026-08-18 10:40:00+09:00,7148.71,7148.71,7066.53,7066.53,11650.0,7126.709895705126,7122.061741841014,7079.735317165346,6963.341230976694,6836.3411357270425,51.98018980565705,57.24941532147659,59.81958397085358,-2.5701686493769884,7063.161999999999,7271.59875056014,6854.725249439859,0.05902080415545909,0.5080791894686264,36.62089362103646,7216.62,6900.79,7216.62,6748.13,-0.01177502157122412,-0.012171494072914402,0.01873548454063023,0.032931164525729306
2026-08-18 10:50:00+09:00,7065.66,7069.28,7035.85,7063.85,9445.0,7105.756597136751,7111.4777887790115,7078.2224298162655,6966.636600452867,6840.101612822464,51.56066197573016,48.99088027104062,57.65384323089099,-8.662962959850368,7070.9304999999995,7266.938844360822,6874.922155639177,0.05544060837843698,0.4819382689469461,36.39297264810524,7216.62,6900.79,7216.62,6748.13,-0.00037925261762128404,-0.011896935192826752,0.022489751725415896,0.03384055627188953
2026-08-18 11:00:00+09:00,7064.94,7091.2,7064.94,7089.43,6362.0,7100.314398091168,7107.4690999101,7079.289817452811,6970.662613552773,6844.222743189035,55.271387018257904,44.002787222737425,54.92363202926028,-10.920844806522858,7078.6345,7264.575072493128,6892.693927506873,0.052535717868503466,0.5290294362743214,35.7470460303834,7216.62,6900.79,7216.62,6748.13,0.003621254698217058,-0.010660329173772132,0.02221661487884541,0.03498652511467526
2026-08-18 11:10:00+09:00,7085.98,7091.89,7007.9,7020.32,8022.0,7073.649598727446,7091.623809017354,7073.673644362067,6972.290724583829,6847.133441648721,45.19744405140254,34.080232415972205,50.75495210660267,-16.674719690630468,7082.914,7259.093042953674,6906.734957046326,0.04974761601049344,0.322356850875677,39.192971313927494,7216.62,6929.01,7216.62,6748.13,-0.00974831544990229,-0.020526157177458093,0.012342225292116593,0.02743958213507436
2026-08-18 11:20:00+09:00,7017.13,7028.73,6963.5,6966.26,8358.0,7037.853065818297,7068.830389196017,7063.443773470441,6972.092995908948,6849.102475671057,39.181545320350075,21.60529366519131,44.92502041832041,-23.319726753129096,7083.2575,7258.49613339764,6908.01886660236,0.04947967327112988,0.166176636590984,41.052759077218354,7216.62,6930.31,7216.62,6748.13,-0.00770050368074382,-0.02579736614303707,0.000987155483454627,0.021046012777988787
2026-08-18 11:30:00+09:00,6965.0,6980.77,6925.91,6967.68,8836.0,7014.462043878866,7050.439409342195,7054.323414092303,6971.948307518491,6851.062434750875,39.40967767881145,11.69854343406405,38.27972502146914,-26.58118158740509,7083.8485,7257.4364852152,6910.2605147848,0.0490095137453039,0.16539014824101003,42.0389905717028,7216.62,6945.57,7216.62,6748.13,0.0002038396499699502,-0.01398847807905712,0.0016992866446421395,0.027974039807791895
2026-08-18 11:40:00+09:00,6964.88,6974.66,6894.59,6942.36,7450.0,6990.428029252578,7030.788607643613,7043.660231797799,6970.978199075262,6852.57148541615,36.7617408573226,1.7836987409136782,30.98051976535805,-29.19682102444437,7082.3815,7260.180606215617,6904.582393784383,0.050208847466241976,0.10623677199423988,44.755491245152584,7216.62,6925.91,7216.62,6748.13,-0.003633921190410616,-0.017198836328631062,-0.004208442704075055,0.02319686011876243
2026-08-18 11:50:00+09:00,6943.51,6944.8,6906.01,6938.52,4817.0,6973.125352835053,7014.012497162957,7033.646876388484,6969.9139958268925,6853.992122020842,36.362703907677684,-6.31099381059812,23.522217050166816,-29.833210860764936,7081.206,7262.44982609091,6899.96217390909,0.05119010125984479,0.10637004007951782,44.32938472764168,7216.62,6894.59,7216.62,6748.13,-0.0005531260263079707,-0.021286619657715722,-0.003376888637365738,0.024531996137251655
2026-08-18 12:00:00+09:00,6937.83,6961.66,6932.28,6933.31,4247.0,6959.853568556702,6999.3393158606,7024.0909833991045,6968.7138648161745,6855.303161326283,35.794988794493094,-12.996681777614867,16.21843728461048,-29.215119062225348,7079.4735,7265.6106331332685,6893.336366866732,0.05258502150852558,0.10737683679872971,43.261571532810144,7216.62,6894.59,7216.62,6748.13,-0.0007508805912500582,-0.012394021924926446,-0.004972761037663753,0.022410025157269864
2026-08-18 12:10:00+09:00,6932.01,6932.05,6894.6,6894.6,5319.0,6938.102379037802,6980.295803885946,7011.758508789666,6966.283902035316,6855.952695849815,31.819929342304093,-21.17462326997611,8.739825173693163,-29.914448443669272,7075.306500000001,7273.678394811416,6876.934605188585,0.056074431492519956,0.04452595169343206,42.936459280466565,7216.62,6894.59,7216.62,6771.53,-0.005583191866511128,-0.010286724871021113,-0.011943352909311256,0.018174622278864794
2026-08-18 12:20:00+09:00,6899.92,6921.0,6874.17,6919.71,9433.0,6931.971586025202,6969.28020317941,7002.991984143031,6964.75688885383,6857.006535587835,36.72831861225874,-25.337459216756542,1.9243682956032213,-27.261827512359766,7065.378999999999,7273.778235017957,6856.979764982041,0.05899166485420184,0.15050495509869166,43.2145693318618,7216.62,6894.59,7216.62,6772.22,0.003641980680532564,-0.006884644530173678,-0.02789305251564289,0.015612019949099887
2026-08-18 12:30:00+09:00,6916.17,6916.17,6866.4,6910.88,9690.0,6924.941057350135,6958.6619844195175,6994.219414224647,6962.990433481573,6857.897006073987,35.75355467859893,-29.014581862047635,-4.26342173592695,-24.751160126120684,7053.003999999999,7267.157752374475,6838.850247625523,0.0607269618376727,0.16817298687469157,43.93567152244314,7216.62,6874.17,7216.62,6848.43,-0.0012760650374076254,-0.004534481069837892,-0.034574861910096955,-0.012604477718563878
2026-08-18 12:40:00+09:00,6912.94,6920.96,6896.41,6913.23,6712.0,6921.037371566757,6950.401623615968,6986.5061366794425,6961.358943859226,6858.811601014913,36.238562061268425,-31.377403514489743,-9.686218091639509,-21.691185422850232,7040.2545,7255.809689079426,6824.699310920574,0.06123505594277192,0.20535504029737003,42.5509806994115,7216.62,6866.4,7216.62,6848.43,0.00034004352557115425,-0.003644869511077453,-0.03557228991297712,-0.0033705224886507734
2026-08-18 12:50:00+09:00,6909.89,6940.56,6904.77,6925.06,5037.0,6922.378247711173,6945.794055685791,6980.654123662353,6960.168814552367,6859.906615874172,38.74547353635975,-31.927336108117743,-14.134441694935155,-17.792894413182587,7026.163500000001,7232.974905708354,6819.3520942916475,0.058868941979033945,0.25556594750248673,42.068053506596385,7216.62,6866.4,7216.62,6848.43,0.0017112116912065822,-0.0011899078506514282,-0.039104300335235154,-0.006766835335559218
2026-08-18 13:00:00+09:00,6927.06,6944.05,6894.84,6944.05,4954.0,6929.602165140783,6945.47695465201,6977.1680166468905,6959.640328829338,6861.297415611789,42.64386693315851,-30.479478896765613,-17.403449135301248,-13.076029761464365,7014.114,7210.3036344256325,6817.924365574367,0.055941387444125634,0.32143806882275,42.5781925418395,7215.32,6866.4,7216.62,6848.43,0.002742214507888807,0.007172279755170763,-0.033540523086858176,-0.0061144133841531945
2026-08-18 13:10:00+09:00,6939.46,6946.7,6928.87,6944.9,4988.0,6934.701443427189,6945.37205380619,6974.0948722043295,6959.157039359524,6862.679276510768,42.819285556175224,-28.929967077082438,-19.708752723657486,-9.221214353424951,7003.678999999999,7191.086743906333,6816.271256093665,0.053516942711490344,0.34317883889211864,40.81046450313667,7197.75,6866.4,7216.62,6848.43,0.00012240695271481528,0.0036403259674175903,-0.029174122120331103,0.0013149206001343838
2026-08-18 13:20:00+09:00,6944.06,6951.79,6920.72,6951.73,4948.0,6940.377628951459,6946.5280440232455,6971.964884375346,6958.913529872326,6864.151189295714,44.29359096559353,-26.841432550811078,-21.135288689088206,-5.706143861722872,6993.8205,7170.044262129461,6817.596737870539,0.050394133543879414,0.38057654798823626,40.11471703862689,7177.65,6866.4,7216.62,6848.43,0.0009834554853200839,0.005910969370036767,-0.027580466924981506,0.006028882485995091
2026-08-18 13:30:00+09:00,6951.05,6960.49,6927.19,6930.01,5435.0,6936.921752634306,6943.524763291745,6967.969181101503,6957.9658731552,6865.239764679257,40.69979129538464,-26.63188062793961,-22.234607076858488,-4.3972735510811205,6982.030000000001,7141.392295289881,6822.66770471012,0.04564927257255566,0.3367869893396806,39.627951535867844,7177.65,6866.4,7216.62,6848.43,-0.003124402127240189,0.0024272301080683345,-0.032907608619809015,0.006074182257406635
2026-08-18 13:40:00+09:00,6926.04,6932.98,6910.71,6919.44,4928.0,6931.094501756204,6939.145715420518,6963.3473543299315,6956.702729773062,6866.135636337451,39.03974648152956,-27.007395439046377,-23.189164749296065,-3.8182306897503118,6969.63,7106.339287029292,6832.920712970708,0.03922999844447748,0.3164352945925077,38.38809785473439,7177.65,6866.4,7216.62,6848.43,-0.0015252503243141646,-0.000811545315130946,-0.03460091748239258,0.0076570659661039375
2026-08-18 13:50:00+09:00,6921.73,6971.41,6920.99,6963.86,14921.0,6942.0163345041365,6943.639221707696,6963.3961777270815,6956.937394370666,6867.750915075675,48.539085364313024,-23.450349830209234,-23.2414017654787,-0.20894806473053507,6960.2865,7068.8564855902,6851.716514409801,0.031196987534981322,0.5164571266200946,39.35823372225338,7170.89,6866.4,7216.62,6848.43,0.006419594649277993,0.002852802039155833,-0.02613299621157561,0.00968528619440745
2026-08-18 14:00:00+09:00,6960.47,6960.47,6916.96,6930.63,7971.0,6938.220889669425,6941.273908669933,6960.2755893721205,6956.074856850317,6868.790238793433,43.125142919942604,-23.04707649188731,-23.202536710760423,0.15546021887311312,6953.491500000001,7051.067721545289,6855.915278454713,0.02806538888996637,0.3828531191413769,39.89693131352097,7148.71,6866.4,7216.62,6848.43,-0.0047717788697646535,-0.0020547452087142926,-0.019231504005501887,0.009452745738617763
2026-08-18 14:10:00+09:00,6932.08,6934.47,6893.82,6895.68,6396.0,6924.04059311295,6932.984107093582,6954.123628479538,6954.094697609323,6869.234697656351,38.2880264028042,-25.25651103887776,-23.613331576383892,-1.643179462493869,6945.0830000000005,7031.517609526821,6858.64839047318,0.024890878777638844,0.21421748608310207,39.9507219339838,7091.89,6866.4,7216.62,6865.33,-0.005042831604053277,-0.0080627412169344,-0.02380713067236706,0.0011222497259708586
2026-08-18 14:20:00+09:00,6894.72,6902.36,6873.13,6875.76,6800.0,6907.947062075301,6922.579723985657,6946.660425767201,6951.526346868033,6869.342553893437,35.821814340653546,-28.288785843056758,-24.548422429718464,-3.7403634133382937,6934.3994999999995,6996.1110663312165,6872.6879336687825,0.01779867639042631,0.02489052307252546,39.18495608155636,7091.89,6866.4,7216.62,6866.4,-0.0028887651399136516,-0.007828271532075659,-0.03013923545334396,-6.544302748168196e-05
2026-08-18 14:30:00+09:00,6877.14,6877.14,6843.55,6843.55,11039.0,6886.481374716868,6908.2106832609925,6936.840385217944,6947.986138773999,6868.916230688587,32.20911138677373,-32.911579084587174,-26.221053760692207,-6.690525323894967,6925.561,6986.1423581562085,6864.979641843791,0.01749500384335906,-0.1768666343575069,38.785316361445204,7091.89,6866.4,7216.62,6866.4,-0.004684573050833696,-0.010967650561316988,-0.02517976388540688,-0.009225062868542855
2026-08-18 14:40:00+09:00,6847.34,6862.83,6829.08,6853.64,9208.0,6875.534249811246,6898.288740849903,6928.91653900671,6944.892822748621,6868.663731007785,34.439656546219524,-35.353464626133245,-28.047535933780416,-7.305928692352829,6919.93,6985.09527173311,6854.76472826689,0.01883408408267421,-0.008629813372807773,38.42565090705626,7028.73,6843.55,7216.62,6843.55,0.0014743809864763424,-0.015827429040790486,-0.016166493929310688,-0.007515704781957622
2026-08-18 14:50:00+09:00,6852.23,6863.88,6829.99,6829.99,9131.0,6860.3528332074975,6885.8707879681015,6919.494963863213,6941.125517084733,6868.024495784516,31.798630007281048,-38.7503440147957,-30.188097549983475,-8.562246464812226,6913.0455,6985.286454444477,6840.804545555523,0.020899892657867566,-0.07485051684799514,38.10167584226655,6980.77,6829.08,7216.62,6829.08,-0.0034507210766834273,-0.014521046427236839,-0.019761240470285713,-0.012124990236945687
2026-08-18 15:00:00+09:00,6828.23,6828.23,6788.78,6811.16,13626.0,6843.955222138332,6872.2870083375365,6909.1773482571925,6936.864352590152,6867.084586763285,29.83676320009657,-42.47222565531774,-32.64492317105033,-9.827302484267413,6906.4855,6989.857462547658,6823.113537452342,0.02414309348731938,-0.07168799370357312,38.32369899639038,6974.66,6829.08,7216.62,6829.08,-0.0027569586485485242,-0.012256949278388829,-0.018898472565525237,-0.014650419606419218
2026-08-18 15:10:00+09:00,6811.48,6865.11,6811.48,6865.11,11349.0,6851.006814758888,6870.982097730712,6904.980457946984,6934.511750865884,6867.051948965545,41.05737192104158,-40.60051211834343,-34.23604096050895,-6.36447115783448,6902.815,6986.684770597322,6818.945229402677,0.024300164671173345,0.27521698383419957,39.43986335379105,6971.41,6788.78,7216.62,6788.78,0.007920824059337805,-0.00154891968306059,-0.01058006606596229,-0.006135368998000712
2026-08-18 15:20:00+09:00,6865.02,6869.83,6864.48,6869.83,13812.0,6857.281209839259,6870.772625416037,6901.632795285366,6932.39103772274,6867.0978671644625,41.93230854449014,-38.29486177321178,-35.04780512304952,-3.247056650162257,6899.6410000000005,6983.458983488314,6815.8230165116875,0.02429633179126655,0.3221682343135992,37.00487311423457,6971.41,6788.78,7216.62,6788.78,0.000687534504181242,0.0038401122224576145,-0.009155800043557871,-0.001730666953415838
2026-08-19 09:00:00+09:00,6528.77,6528.77,6438.89,6470.08,37805.0,6728.21413989284,6797.919420794939,6860.532529067713,6917.2332987810105,6860.535588368356,17.81416849157985,-67.94092077035111,-41.62642825250984,-26.314492517841273,6878.414999999999,7083.653228066907,6673.176771933091,0.05967602363826785,-0.4947829988740722,65.14309646321779,6971.41,6788.78,7216.62,6788.78,-0.05818921283350531,-0.05596442182548256,-0.06157282510950601,-0.05974402683256819
2026-08-19 09:10:00+09:00,6466.51,6471.15,6400.81,6422.65,26439.0,6626.359426595227,6729.68861701404,6818.829431061265,6901.017452919337,6853.297810048219,16.594587002442793,-94.17722430633967,-52.1365874632758,-42.040636843063865,6853.562,7137.9127261535305,6569.211273846469,0.08297896076624989,-0.2577121497613766,65.51430385870218,6971.41,6438.89,7216.62,6438.89,-0.007330666699638999,-0.059639911625053665,-0.07183249008990267,-0.07075011032097978
2026-08-19 09:20:00+09:00,6424.17,6448.55,6407.67,6429.31,15390.0,6560.676284396819,6675.074323011486,6781.732342388763,6885.551634790834,6846.2897470722155,17.449205548868832,-113.12820600198393,-64.33491117101744,-48.79329483096649,6829.4835,7166.940341819864,6492.026658180136,0.09882353235639683,-0.09292545061749573,63.75471072593775,6971.41,6400.81,7216.62,6400.81,0.0010369551509112895,-0.056062403467250777,-0.06968287685504593,-0.07068603162030196
2026-08-19 09:30:00+09:00,6430.01,6485.78,6430.01,6481.92,13234.0,6534.424189597879,6639.955355191216,6753.178785970786,6872.317810699332,6840.267106624741,24.06803893084168,-122.48982179199629,-75.96589329521322,-46.52392849678307,6807.918000000001,7175.034083799163,6440.801916200838,0.10784973726157185,0.05600147421170565,63.23437424551358,6971.41,6400.81,7216.62,6400.81,0.008182837660650977,-0.05581702259687016,-0.0623890713892058,-0.06306941784410791
2026-08-19 09:40:00+09:00,6487.34,6507.58,6476.15,6494.59,11965.0,6521.1461263985875,6613.5252906109945,6728.551282544996,6859.933292315747,6834.553435440862,25.614857535500903,-127.41781340192756,-86.2562773165561,-41.161536085371466,6786.394499999999,7173.449550682755,6399.339449317244,0.11406794894778245,0.12304522381859742,60.962633227976916,6971.41,6400.81,7216.62,6400.81,0.0019546677527646494,-0.05462143895846039,-0.062161194271241005,-0.06070445105230882
2026-08-19 09:50:00+09:00,6495.77,6521.96,6480.94,6489.95,9600.0,6510.747417599059,6591.05705595445,6705.827350874044,6847.8026925676895,6828.857510888121,25.41070371481358,-130.19686308604014,-95.04439447045291,-35.152468615587225,6763.6895,7164.132206437548,6363.246793562453,0.11840954746297792,0.15820391331975417,59.53815942597859,6971.41,6400.81,7216.62,6400.81,-0.0007144407884100978,0.0030710593995746382,-0.0653941143856972,-0.060315470019633666
2026-08-19 10:00:00+09:00,6489.59,6581.13,6484.72,6578.84,8905.0,6533.44494506604,6588.835773053641,6693.733317457469,6838.984243631044,6824.724990046996,35.94359783265793,-123.79951610822445,-100.79541879800722,-23.004097310217233,6745.386499999999,7144.486462880259,6346.286537119739,0.11833271907555193,0.2913473872585067,62.17186232412297,6971.41,6400.81,7216.62,6400.81,0.013696561606792113,0.0243186223754992,-0.05270918227764254,-0.04899686171450701
2026-08-19 10:10:00+09:00,6580.93,6593.3,6566.1,6593.3,8611.0,6553.396630044027,6589.6474506802515,6684.168239604376,6830.929022528386,6820.899783599939,37.48999419012407,-116.22302470271825,-103.88093997894943,-12.34208472376882,6727.464999999999,7120.029125233092,6334.900874766907,0.11670491789495523,0.3291170902074457,59.67387215811417,6971.41,6400.81,7216.62,6400.81,0.002197955870639756,0.025506625127735383,-0.0515598275537168,-0.050245530537545435
2026-08-19 10:20:00+09:00,6602.46,6614.39,6565.67,6590.35,7794.0,6565.7144200293515,6589.775186920206,6675.233169165864,6823.041185724176,6817.0890433751465,37.29219947619559,-109.19787588412964,-104.94432715998548,-4.253548724144167,6710.482000000001,7095.849503175892,6325.11449682411,0.11485538689348729,0.3441331988167548,58.89145271824889,6971.41,6400.81,7216.62,6400.81,-0.00044742390001972776,0.016728068226698367,-0.04901291628727811,-0.0518627964389915
2026-08-19 10:30:00+09:00,6593.81,6601.67,6531.95,6556.35,7996.0,6562.592946686234,6583.697880207441,6663.910962578639,6814.297212421744,6812.779307121012,35.00021533406296,-105.16167238370508,-104.9877962047294,-0.1738761789756751,6692.327500000001,7070.756376481459,6313.898623518544,0.11309335249401864,0.32033942379835323,59.664920381231134,6971.41,6400.81,7216.62,6400.81,-0.005159058320119536,0.009509453252630307,-0.052473899621934605,-0.05610654657957659
2026-08-19 10:40:00+09:00,6558.66,6561.35,6532.02,6540.09,6464.0,6555.09196445749,6575.769174715178,6652.118489952102,6805.3068120144735,6808.2720458462845,33.92633266454584,-102.09807508412905,-104.40985198060935,2.3117768964802963,6671.139,7033.495007258077,6308.782992741923,0.1086339251087638,0.3191709294518961,57.498140354000334,6971.41,6400.81,7216.62,6400.81,-0.002480038436020071,0.007725791415958527,-0.06085274546013264,-0.05822643726491983
2026-08-19 10:50:00+09:00,6544.52,6550.92,6535.14,6547.84,6527.0,6552.67464297166,6570.691142948783,6642.187205194759,6796.865277194326,6803.96738393147,34.95079026041218,-97.91607634418688,-103.11109685332487,5.19502050913799,6651.9995,6997.557030693535,6306.441969306465,0.10389583784350412,0.34928775855217037,54.51827318585743,6960.47,6400.81,7216.62,6400.81,0.001184998983194463,-0.004712076901094986,-0.05523163117927232,-0.05604066563157284
2026-08-19 11:00:00+09:00,6543.55,6543.55,6491.28,6492.13,6631.0,6532.49309531444,6556.407298776277,6627.896042795258,6786.873956630578,6798.813047006983,31.205289190529456,-97.96783144714664,-102.08244377208923,4.114612324942598,6631.822,6965.014279598448,6298.629720401552,0.10048287773660038,0.29037329411060797,54.664110815439074,6934.47,6400.81,7216.62,6400.81,-0.008508149252272501,-0.015344364733896554,-0.05852214719940607,-0.06026651303904762
2026-08-19 11:10:00+09:00,6493.85,6505.14,6487.82,6489.99,5022.0,6518.325396876294,6544.331426271499,6614.762133957614,6777.140056413182,6793.708533833314,31.067560197470556,-97.06265004408488,-101.07848502648837,4.01583498240349,6612.5335,6931.361077118116,6293.705922881883,0.09643129282237016,0.30782167416684747,51.99667432862204,6902.36,6400.81,7216.62,6400.81,-0.00032962987494089546,-0.015228326264917769,-0.0561057977590842,-0.06421593719134588
2026-08-19 11:20:00+09:00,6493.67,6517.73,6489.92,6498.36,4501.0,6511.670264584196,6535.972985131226,6603.6762164378415,6767.999726694717,6788.826739885655,32.325667006118735,-94.57964296141199,-99.7787166134731,5.199073652061102,6595.274,6899.235931063754,6291.312068936247,0.09217567945281836,0.3405820102852391,50.26905473372043,6877.14,6400.81,7216.62,6400.81,0.0012896784124474259,-0.00884486032624865,-0.05044019551256296,-0.06292530495058923
2026-08-19 11:30:00+09:00,6499.3,6508.67,6492.96,6501.51,4049.0,6508.283509722798,6529.706987834639,6593.946100586619,6759.2623586063655,6784.077702862752,32.82258750608254,-91.30515430163814,-98.08400415110611,6.778849849467974,6577.6675000000005,6859.732456552571,6295.6025434474295,0.08576443140446699,0.3650000678375548,47.80055082416898,6869.83,6400.81,7216.62,6400.81,0.00048473768766288394,-0.00589900138988908,-0.051378537536258095,-0.06579312267310788
2026-08-19 11:40:00+09:00,6501.43,6511.52,6491.17,6505.09,4286.0,6507.219006481866,6525.231171864704,6585.483614816464,6750.928838652058,6779.466335873285,33.42094087320203,-87.41357310891908,-95.9499179426687,8.536344833749624,6561.422500000001,6819.92822433701,6302.916775662991,0.07879563443354219,0.3910420646496772,45.83979719387123,6869.83,6400.81,7216.62,6400.81,0.0005506413125566656,-0.006528870589385227,-0.047569615768105034,-0.06480435201398527
2026-08-19 11:50:00+09:00,6507.2,6508.99,6484.73,6493.38,4567.0,6502.606004321245,6519.440049707485,6576.7118419768,6742.484614433958,6774.7376361067845,32.40423622590205,-84.30257846380937,-93.62045004689685,9.31787158308748,6545.5335,6778.48748861363,6312.579511386369,0.07117952680667843,0.38806051291420607,44.29838310859473,6869.83,6400.81,7216.62,6400.81,-0.001800128822199265,0.00019254081480202245,-0.04665578256860792,-0.0686088041654116
2026-08-19 12:00:00+09:00,6493.4,6510.92,6487.15,6490.85,4307.0,6498.687336214164,6514.241858851578,6568.534523693295,6734.234299206615,6770.045278485185,32.17648379071994,-81.10629971377966,-91.11761998027342,10.011320266493755,6526.8205,6708.587065954791,6345.053934045209,0.05569834989480439,0.4010530352184075,42.83207002940942,6869.83,6400.81,7216.62,6400.81,-0.00038962758994542934,0.0001325117604187298,-0.05451624227434071,-0.06767853628898457
2026-08-19 12:10:00+09:00,6491.58,6505.72,6482.65,6500.04,3991.0,6499.138224142776,6511.659702696746,6562.011235722505,6726.555797593283,6765.5823813201405,33.991338406387754,-76.94469898696116,-88.28303578161098,11.33833679464982,6508.331,6599.347337412549,6417.3146625874515,0.027969179014573364,0.45445323204767263,41.420493598737366,6869.83,6400.81,7216.62,6400.81,0.0014158392198246883,0.0002585267667534197,-0.05382811510619623,-0.06715308354238547
2026-08-19 12:20:00+09:00,6499.17,6499.17,6480.04,6490.36,3896.0,6496.2121494285175,6507.787029479155,6555.187308510838,6718.8116730820275,6761.033251050387,32.989983194615874,-73.57951666267945,-85.34233195782467,11.762815295145217,6509.344999999999,6599.076958966663,6419.613041033335,0.02757019606939378,0.39421271853068135,39.8904583416847,6614.39,6400.81,7216.62,6400.81,-0.0014892216047901474,-0.0017149862108957192,0.0031344280132548086,-0.06987449017905001
2026-08-19 12:30:00+09:00,6492.16,6508.77,6484.31,6495.16,3580.0,6495.861432952345,6505.49120593749,6549.470421985996,6711.478831341633,6756.638651859472,34.027825241195515,-69.72155881131766,-82.21817732852328,12.496618517205619,6512.9705,6593.817798649959,6432.123201350042,0.024826551463716363,0.38985098885545943,38.78828274585008,6614.39,6400.81,7216.62,6400.81,0.000739558360399073,-0.0015264969431629805,0.011289732431317256,-0.0875354370309599
2026-08-19 12:40:00+09:00,6496.57,6496.82,6476.25,6483.46,3504.0,6491.72762196823,6501.485532130673,6543.183715130187,6704.00280408453,6752.12330224196,32.698448756706384,-66.83772791567753,-79.14208744595413,12.3043595302766,6515.678,6588.350701504732,6443.005298495268,0.02230702668386368,0.2783349226538516,37.4869768354322,6614.39,6407.67,7216.62,6400.81,-0.0018013413064497108,-0.0015277097597861111,0.008422365697096534,-0.09428390222368754
2026-08-19 12:50:00+09:00,6484.13,6496.77,6481.39,6483.42,4072.0,6488.958414645487,6498.200889925096,6537.491932736836,6696.770580999791,6747.681925345399,32.693746164736865,-63.81982361948394,-76.0776346806601,12.257811061176156,6515.753000000001,6588.289158183323,6443.216841816678,0.022264858162463243,0.2771249483720612,35.90790706147277,6614.39,6430.01,7216.62,6400.81,-6.169545273659871e-06,-0.0011446882919803336,0.0002314129146918642,-0.09553278219697503
2026-08-19 13:00:00+09:00,6481.37,6484.59,6471.3,6478.07,4309.0,6485.328943096992,6494.540728120533,6531.832701047614,6689.600070147339,6743.225529885144,32.030234233487576,-61.15485787609032,-73.09307931974615,11.938221443655834,6514.927,6588.772733282267,6441.081266717732,0.022669703983564896,0.25044597458922835,34.29234227136757,6614.39,6476.15,7216.62,6400.81,-0.0008251817713491594,-0.0033799792001280027,-0.002543655565632408,-0.10112697866483145
2026-08-19 13:10:00+09:00,6477.05,6477.05,6466.31,6474.86,4942.0,6481.839295397995,6490.962413916799,6526.40672951927,6682.559412109721,6738.7897360027455,31.61564122071138,-58.626068671139365,-70.1996771900248,11.573608518885436,6514.1725,6589.320474257432,6439.024525742568,0.0230721474623007,0.23843273628821693,32.68288925198413,6614.39,6471.3,7215.32,6400.81,-0.0004955179551934252,-0.002388157205455488,-0.0023251334756045905,-0.09884148174540441
2026-08-19 13:20:00+09:00,6474.95,6507.3,6472.52,6497.88,5101.0,6487.186196931997,6492.220156841016,6523.689898136482,6676.504349417599,6734.807756895262,37.830408206377506,-54.14036694451261,-66.98781514092236,12.847448196409758,6510.1245,6579.394874757143,6440.854125242857,0.02128081414023438,0.4116180615239335,32.83268287684239,6614.39,6466.31,7197.75,6400.81,0.00355528922633086,0.000418773363550784,-0.012306120835891998,-0.09166293893983457
2026-08-19 13:30:00+09:00,6497.17,6502.24,6475.37,6485.14,5082.0,6486.5041312879985,6490.932855597195,6520.018479266341,6670.230108453087,6730.68101711187,35.8866179778538,-51.02524032741803,-63.7953001782215,12.77005985080347,6504.7165,6563.219587533858,6446.2134124661425,0.017987897715098875,0.33268831761511347,32.406776957067926,6614.39,6466.31,7177.65,6400.81,-0.001960639470104053,0.00025912090149393663,-0.016404531873265293,-0.09284785071829227
2026-08-19 13:40:00+09:00,6485.58,6486.01,6470.8,6472.16,4242.0,6481.722754191999,6487.519609124977,6515.460528860023,6663.736006536592,6726.407942448864,33.97142692534999,-49.03857143564892,-60.84395442970699,11.805382994058071,6498.807000000001,6543.843522556625,6453.770477443376,0.013859935387102503,0.2041623277363679,31.17843574584879,6614.39,6466.31,7177.65,6400.81,-0.0020014988111283216,-0.0017367377094188452,-0.017933797142792196,-0.09680120349101706
2026-08-19 13:50:00+09:00,6470.9,6478.86,6464.98,6478.74,5476.0,6480.728502794666,6485.923316556799,6511.963335635259,6657.6705636993265,6722.31425744971,35.84070971857622,-46.39832006533925,-57.95482755683344,11.556507491494195,6494.9265,6532.160258485987,6457.692741514013,0.0114654903287934,0.2826367702565989,29.942833192573886,6601.67,6466.31,7177.65,6400.81,0.0010166621344342985,0.00010342586603728776,-0.011837379029490558,-0.09608730592791848
2026-08-19 14:00:00+09:00,6477.21,6513.89,6476.85,6510.78,5086.0,6490.745668529778,6490.442713546472,6511.850637003329,6652.854479643611,6718.817823442277,44.13425114285641,-41.245093834294494,-54.612880812325656,13.367786978031162,6493.461,6525.399696842429,6461.5223031575715,0.009837187546804,0.7711287828279864,30.44977367881861,6561.35,6464.98,7170.89,6400.81,0.0049454060511766595,0.0055476102958211815,-0.004481589702894029,-0.08949435931716065
2026-08-19 14:10:00+09:00,6510.32,6517.94,6473.2,6477.54,4674.0,6486.343779019853,6488.096765628931,6508.582957288726,6647.106463917591,6714.829760244884,38.56466168565317,-39.38926024775719,-51.56815669941197,12.17889645165478,6489.946,6510.680993995466,6469.211006004533,0.0063898818250464765,0.20084389697165153,31.470504130331552,6550.92,6464.98,7148.71,6400.81,-0.005105379079004324,-0.0031302517128664054,-0.010736364969211265,-0.08334925345254318
2026-08-19 14:20:00+09:00,6474.88,6514.91,6474.88,6508.14,6188.0,6493.6091860132365,6491.740990060034,6508.540770880276,6642.550186412096,6711.413400571415,45.396156316040994,-35.04535347485489,-48.26359605450056,13.218242579645668,6490.7465,6512.9417051351675,6468.551294864833,0.006839030036119041,0.8918301248867698,32.081896692450705,6543.55,6464.98,7091.89,6400.81,0.0047240155985142085,0.0035465695420606735,0.002466062755983156,-0.07866956404793424
2026-08-19 14:30:00+09:00,6508.15,6509.24,6486.09,6491.98,4923.0,6493.066124008825,6491.784446412755,6506.9635546059635,6637.613458988749,6707.786402214862,42.695997816561515,-32.5317472741508,-45.11722629843061,12.585479024279806,6490.846,6513.044589504565,6468.647410495434,0.00683996801174006,0.5255421633831012,31.443904071561345,6517.94,6464.98,7091.89,6400.81,-0.0024830443106633737,0.0030623470371560213,0.00030662605027131917,-0.08427334778677564
2026-08-19 14:40:00+09:00,6492.05,6497.31,6480.01,6484.7,5201.0,6490.277416005883,6490.496365246799,6504.843216072062,6632.59990295633,6704.099023665857,41.49849316516555,-30.772406264775782,-42.248262291699646,11.475856026923864,6490.163,6512.235019481508,6468.090980518491,0.006801684173882384,0.376246031665192,30.433625209306978,6517.94,6464.98,7091.89,6400.81,-0.0011213836148601386,0.000919931962078957,-0.0021020688296738976,-0.0762956674339631
2026-08-19 14:50:00+09:00,6483.93,6485.18,6460.28,6460.52,6907.0,6480.358277337256,6485.046117020108,6500.621957398533,6626.957938924975,6700.072924101133,37.71483530961405,-30.972211385466835,-39.993052110453085,9.02084072498625,6488.1135,6513.020584353488,6463.206415646513,0.0076777585205583514,-0.05392874590189596,30.03836626578509,6517.94,6464.98,7028.73,6400.81,-0.0037287769673229887,-0.007719505189854203,-0.006304689218350812,-0.07259849618015979
2026-08-19 15:00:00+09:00,6464.39,6467.72,6437.66,6439.54,7840.0,6466.752184891505,6476.772277561906,6494.8046281224815,6620.813088468418,6695.7665947771475,34.75397520812123,-32.44941241865308,-38.48432417209309,6.0349117534400065,6484.836,6516.3261809456735,6453.345819054327,0.009711943662314135,-0.21920831573093758,30.039911532514754,6517.94,6460.28,6980.77,6400.81,-0.003247416616619203,-0.005866424599462183,-0.010076724534172521,-0.07579854413520715
2026-08-19 15:10:00+09:00,6442.12,6469.27,6430.7,6466.16,9316.0,6466.55478992767,6474.84277255065,6492.076568301292,6615.74249540388,6691.971444450253,41.075065990614924,-31.113437018229888,-37.010146741320455,5.8967097230905665,6483.475,6515.714429585386,6451.235570414615,0.009945108012411724,0.23146237041598328,30.649203565906603,6517.94,6437.66,6974.66,6400.81,0.0041338356466456005,-0.006450383673369142,-0.004191961659413157,-0.06859338899163969
2026-08-19 15:20:00+09:00,6467.77,6471.17,6465.89,6471.17,13417.0,6468.093193285114,6474.174995723259,6490.085466558312,6611.002413587358,6688.321833798183,42.209831916481335,-29.31250544219256,-35.470618481494874,6.1581130393023145,6482.491,6514.970413110321,6450.011586889679,0.010020658142161963,0.32572037306298346,28.83711759691326,6517.94,6430.7,6971.41,6400.81,0.0007748029742535856,-0.003205493547423055,-0.0030319603749894286,-0.06735586263353
2026-08-20 09:00:00+09:00,6680.34,6688.29,6600.09,6622.02,30873.0,6519.402128856743,6501.0559055917565,6502.650660219425,6611.363645928756,6687.225935718875,64.42483496661937,-15.533855284987112,-31.483265842193326,15.949410557206214,6488.59,6557.424554985064,6419.755445014936,0.021217107255987428,1.469207980126791,42.28589491141945,6517.94,6430.7,6971.41,6400.81,0.023311085939637044,0.021175998889694236,0.018766038362840964,-0.04489774725203399
2026-08-20 09:10:00+09:00,6625.06,6721.21,6617.48,6721.21,18408.0,6586.6714192378295,6541.08392275689,6523.465835436623,6614.965165734371,6687.787655789638,72.03665896614223,3.351000026613292,-24.516412668432004,27.867412695045296,6500.1325,6622.717429885339,6377.547570114661,0.03771767110450105,1.4017319674073605,46.6747595606038,6688.29,6430.7,6971.41,6400.81,0.01497881311140703,0.04035124107656962,0.03556813489544508,-0.025148667072781627
2026-08-20 09:20:00+09:00,6720.31,6737.5,6681.77,6701.54,16907.0,6624.960946158553,6570.257754982909,6540.425279680754,6617.803684890621,6688.014967264189,68.88882550184715,16.53952199408741,-16.305225735928122,32.84474773001553,6510.4515,6661.147183584484,6359.755816415516,0.04629346630859133,1.134021145976854,47.321562449132074,6721.21,6430.7,6971.41,6400.81,-0.002926556378985312,0.040686135966233605,0.03177442895940974,-0.03152877794011599
2026-08-20 09:30:00+09:00,6694.75,6752.46,6692.0,6750.78,10261.0,6666.9006307723685,6603.079981349652,6560.459062568301,6622.163564074535,6689.052405821806,72.16757070342781,30.611902202288547,-6.921800148284789,37.533702350573336,6523.8175,6706.575368763555,6341.059631236445,0.05602789126567537,1.120937696241235,48.26002227419407,6737.5,6430.7,6971.41,6400.81,0.007347564888070535,0.04401685080480533,0.04123107106390722,-0.02316636955062168
2026-08-20 09:40:00+09:00,6752.27,6771.19,6746.03,6747.74,8818.0,6693.847087181579,6629.381802922442,6578.295342323701,6626.2808242688125,6690.0224487007845,71.66541189478806,41.04591060242092,2.6717420018563534,38.374168600564566,6537.0335,6742.954974283278,6331.112025716721,0.06300150497416857,1.0116185690039772,46.610020683180196,6752.46,6430.7,6971.41,6400.81,-0.0004503183335851091,0.04273879375754297,0.0407686066921471,-0.02393815915281272
2026-08-20 09:50:00+09:00,6748.17,6798.59,6748.17,6790.39,7862.0,6726.028058121053,6658.6560205729065,6598.494833530968,6631.6614529813105,6691.681416490854,74.36086905922573,52.15522304580281,12.568438210645647,39.58678483515717,6552.6495,6784.103124078349,6321.195875921652,0.07064428643050362,1.0135812864168494,46.912876348667346,6771.19,6430.7,6971.41,6400.81,0.006320634760675459,0.02542577642471633,0.04821189026978723,-0.019446762916133564
2026-08-20 10:00:00+09:00,6792.31,6816.82,6785.98,6799.25,9334.0,6750.435372080703,6684.218562286924,6617.614373194686,6637.1561594409395,6693.459409606708,74.89515343228175,60.97151942684741,22.249054453886,38.722464972961404,6568.869000000001,6820.802744139216,6316.935255860785,0.07670536408602922,0.9572253724627968,45.76481375233398,6798.59,6430.7,6971.41,6400.81,0.0013047851448886316,0.011611004566142169,0.050099924940462115,-0.0208523844154348
2026-08-20 10:10:00+09:00,6803.69,6805.7,6779.08,6803.79,9119.0,6768.220248053802,6705.958823689301,6635.345385271382,6642.619564049433,6695.283055728911,75.18056259978698,67.54620725328641,31.30848501376608,36.23772223952033,6584.164500000001,6853.542468250944,6314.786531749058,0.08182601399188705,0.9076530486624723,44.397327055738685,6816.82,6430.7,6971.41,6400.81,0.000667720704489394,0.015257687039098577,0.04707843173465798,-0.02031850710593386
2026-08-20 10:20:00+09:00,6805.38,6811.08,6789.73,6793.24,9224.0,6776.560165369201,6721.828128473065,6650.382967626488,6647.5579389986315,6696.902178774714,73.10079998493322,71.0859631600024,39.26398064301334,31.821982516989053,6599.5695,6879.56338618148,6319.575613818519,0.08485216685163503,0.8458477301794918,42.751089408900235,6816.82,6430.7,6971.41,6400.81,-0.0015506063532237935,0.006289643567113812,0.04750861199604017,-0.022798641489240823
2026-08-20 10:30:00+09:00,6792.77,6840.89,6792.13,6840.89,7015.0,6798.003443579468,6743.4757414779615,6668.526494519203,6653.896695097037,6699.282142761909,76.29099124951622,76.85031934720155,46.781248383850986,30.069070963350562,6618.005999999999,6910.302833332164,6325.709166667835,0.08833380729245764,0.8812631109600785,43.18029730826452,6816.82,6430.7,6971.41,6400.81,0.007014326006441696,0.013804621991955868,0.056971706509109765,-0.012860010303015423
2026-08-20 10:40:00+09:00,6841.01,6873.38,6836.84,6863.88,5899.0,6819.962295719646,6765.367424845605,6687.131590279279,6660.781393618446,6702.002768501382,77.66719095175878,82.32472582609262,53.88994387229931,28.434781953793305,6637.263000000001,6940.851391747798,6333.674608252204,0.09147999461458639,0.8732306737674266,42.705990357674196,6840.89,6430.7,6971.41,6400.81,0.00336067383045191,0.010822647889149106,0.059446744274349594,-0.008029551524400769
2026-08-20 10:50:00+09:00,6867.19,6885.91,6839.5,6854.58,6503.0,6831.501530479764,6781.587893055494,6703.07905787173,6667.135446286693,6704.524706212103,75.75166127468364,84.93373687563962,60.09870247296738,24.835034402672242,6654.4529999999995,6966.269729897573,6342.636270102426,0.09371671267272402,0.8209048470005745,42.970562474983176,6873.38,6430.7,6971.41,6400.81,-0.0013549187922865524,0.00813766224215895,0.05280473307345668,-0.01569244643057155
2026-08-20 11:00:00+09:00,6854.85,6902.46,6849.85,6888.84,11261.0,6850.614353653176,6801.088276136312,6720.77057616966,6674.404448047785,6707.571239993722,77.91279274108247,88.74291947143138,65.82754587266018,22.915373598771197,6675.017999999999,6991.665765480855,6358.370234519143,0.0948754791315487,0.8376338368838551,43.65909372677007,6885.91,6430.7,6960.47,6400.81,0.0049981180466198705,0.012500385814377069,0.06349632730944155,-0.006029754870769288
2026-08-20 11:10:00+09:00,6891.05,6892.18,6861.09,6866.85,6982.0,6856.026235768784,6813.044953202437,6734.68290224874,6680.714138275726,6710.203946770685,73.39145206974885,88.96181843427166,70.45440038498248,18.507418049289186,6692.9535000000005,7010.395350755413,6375.511649244588,0.09485852568837144,0.7739029204658747,42.76130131771507,6902.46,6430.7,6934.47,6400.81,-0.0031921194279442844,0.010835772032196767,0.05511713023997644,-0.004180878463037718
2026-08-20 11:20:00+09:00,6872.61,6872.61,6828.71,6848.49,6991.0,6853.51415717919,6819.48950716563,6745.521673463145,6686.214986201112,6712.489666658774,69.7519103907658,86.65489518938375,73.69449934586274,12.960395843521013,6710.7789999999995,7021.034678168868,6400.523321831131,0.09246487722777584,0.7219314740873911,42.842636937878254,6902.46,6430.7,6902.46,6400.81,-0.002673715022171841,0.0011109665555211201,0.05491544952387417,-0.003966107019442333
2026-08-20 11:30:00+09:00,6848.09,6874.92,6838.76,6858.57,6230.0,6855.19943811946,6826.595051317334,6756.28818075237,6691.865970260092,6714.904217623091,70.6135407963223,84.6640590836796,75.88841129342612,8.775647790253487,6729.472500000001,7027.812727182033,6431.132272817968,0.08866674978819879,0.7163595255312822,42.365305728029796,6902.46,6430.7,6902.46,6400.81,0.0014718572999303792,-0.0007736149233378287,0.057654170586148856,0.00219476733566637
2026-08-20 11:40:00+09:00,6859.39,6864.44,6843.08,6843.08,4627.0,6851.159625412974,6829.592314714182,6764.5540682997635,6696.823807300744,6717.022825596264,67.43460712910706,80.90378510817209,76.89148605637531,4.012299051796774,6748.6005000000005,7023.659789934061,6473.54121006594,0.08151594984295213,0.6717438811513124,40.86492674745622,6902.46,6430.7,6902.46,6400.81,-0.002258488285458937,-0.0016777103775869051,0.0592150477051383,-0.0015407870854028394
2026-08-20 11:50:00+09:00,6838.09,6843.31,6821.13,6841.94,4771.0,6848.086416941983,6831.837348402512,6771.92415703312,6701.581715258097,6719.087572280623,67.19485217125522,76.94478088111373,76.902145021323,0.04263585979073525,6768.7205,7006.790089194069,6530.650910805932,0.07034404484394609,0.6537775157420725,39.53028912263794,6902.46,6430.7,6902.46,6400.81,-0.00016659165171239998,-0.00680811283176852,0.0624889355450855,0.0017496365294824567
2026-08-20 12:00:00+09:00,6844.88,6861.66,6833.42,6853.4,3754.0,6849.857611294656,6835.757830511146,6779.683761125203,6706.55936393816,6721.307612408216,68.41072694076306,73.88032137693881,76.29778029244616,-2.4174589155073534,6788.0824999999995,6983.79436329662,6592.370636703379,0.05766337203374306,0.6668715909699483,38.723839899592356,6902.46,6430.7,6902.46,6400.81,0.0016749635337345303,-0.0019586855690747473,0.05988716641716252,0.006201586807533577
2026-08-20 12:10:00+09:00,6852.15,6865.25,6835.61,6861.9,3895.0,6853.871740863104,6840.510952236391,6787.513879113279,6711.652499546744,6723.631453525437,69.31903842580182,71.31551325968485,75.3013268858939,-3.985813626209051,6807.619000000001,6940.958912389495,6674.279087610506,0.03917372943153669,0.7035437065589216,38.07499419247864,6902.46,6465.89,6902.46,6400.81,0.001240260308751795,0.0019580958722287267,0.06038011673314103,-0.0004675817284792716
2026-08-20 12:20:00+09:00,6859.28,6864.32,6842.91,6848.53,4171.0,6852.091160575403,6841.9689609206835,6793.324938245347,6716.140286446851,6725.69589231014,66.09952191294656,67.42678310218162,73.72641812915144,-6.299635026969824,6818.9445,6922.442367896104,6715.446632103895,0.030355978963050444,0.6429280650964684,36.884637464444445,6902.46,6600.09,6902.46,6400.81,-0.0019484399364607663,-0.0014638620003878389,0.03420557473399355,-0.003100513404261873
2026-08-20 12:30:00+09:00,6844.82,6846.16,6831.08,6842.86,5054.0,6849.014107050269,6842.130968026013,6798.042563174361,6720.2950311535105,6727.632489131461,64.72656464707595,63.15935311436897,71.61300512619495,-8.45365201182598,6825.027,6918.663558907514,6731.390441092486,0.027439176110955744,0.5952245586983472,35.49644907412697,6902.46,6617.48,6902.46,6400.81,-0.0008279148956052973,-3.2149266119940734e-05,0.018099419598554434,0.05761598001879409
2026-08-20 12:40:00+09:00,6845.1,6872.03,6843.61,6872.03,4096.0,6856.686071366846,6847.567155657646,6805.088985729183,6725.269948164871,6730.019224848296,68.36687832060684,61.42311192033594,69.57502648502314,-8.151914564687203,6833.5515,6910.16210847586,6756.940891524139,0.022421901254672718,0.7511303640939269,35.04455985454648,6902.46,6681.77,6902.46,6400.81,0.004262837468543834,0.004397875456376488,0.025440421156928128,0.06996800386133462
2026-08-20 12:50:00+09:00,6870.59,6879.96,6865.87,6867.9,4743.0,6860.424047577897,6851.264036447165,6811.070987088308,6729.946343307006,6732.298245925184,67.30773596339043,59.03337181765619,67.46669555154976,-8.433323733893573,6839.407499999999,6907.214240336359,6771.60075966364,0.019828249840752824,0.7101007942474565,33.54780557922174,6902.46,6692.0,6902.46,6407.67,-0.0006009868990677347,0.002115738173753101,0.01734910632549136,0.06821727370433206
2026-08-20 13:00:00+09:00,6867.85,6895.19,6862.25,6895.19,5582.0,6872.012698385265,6859.250575274953,6819.082321651327,6735.364168116612,6734.990671612371,70.55392743143861,58.665303397407115,65.70641712072124,-7.041113723314126,6846.780000000001,6904.417577673283,6789.142422326719,0.016836404170509953,0.9199517220727983,33.50439089499159,6902.46,6746.03,6902.46,6430.01,0.003973558147323031,0.004851425989886193,0.021851760737669146,0.06375734350315954
2026-08-20 13:10:00+09:00,6894.34,6904.55,6887.61,6900.64,8042.0,6881.5551322568435,6866.775925224962,6826.849719589296,6740.783047850494,6737.728677040267,71.1696106156929,58.143138072170586,64.19376131101112,-6.050623238840529,6852.2925000000005,6908.3705994243255,6796.214400575675,0.0163676899152583,0.9310729188071245,32.32122011677794,6902.46,6748.17,6902.46,6430.7,0.0007904060656778178,0.007608932135801494,0.016236180837919445,0.06252126770127142
2026-08-20 13:20:00+09:00,6897.84,6897.84,6875.06,6882.65,5613.0,6881.9200881712295,6869.662120638604,6832.164032009363,6745.434423330806,6740.124070808197,66.24573385983713,55.63633460570691,62.48227596995028,-6.845941364243373,6856.4625,6908.393337033935,6804.531662966065,0.015147997100234983,0.7521382428602816,31.83970439415094,6904.55,6779.08,6904.55,6430.7,-0.0026070045676923614,0.005814820119073083,0.012266058756480458,0.060508940746847095
2026-08-20 13:30:00+09:00,6881.71,6881.71,6852.65,6856.45,5173.0,6873.430058780819,6867.259916886131,6834.476981341804,6749.074278303566,6742.046813439466,59.76109301190632,50.94825400257196,60.17547157647462,-9.227217573902664,6859.0955,6905.075959534954,6813.115040465047,0.013407149538872376,0.4712323449269848,31.70829693742587,6904.55,6779.08,6904.55,6430.7,-0.003806673301707919,-0.002267161231834014,0.0077398038446219175,0.0421974086617094
2026-08-20 13:40:00+09:00,6859.04,6870.12,6854.37,6860.87,4495.0,6869.2433725205465,6866.098113815925,6836.990602166395,6752.73971180181,6744.010833052037,60.464204438486746,47.047242088405255,57.549825678860756,-10.502583590455501,6862.476999999999,6897.142615298822,6827.8113847011755,0.010102945423007895,0.4768214124263128,30.568418584752596,6904.55,6789.73,6904.55,6430.7,0.0006446484696891464,-0.0010236025568223228,0.009955485158775534,0.04058210607738144
2026-08-20 13:50:00+09:00,6860.81,6863.68,6835.18,6836.74,5796.0,6858.408915013698,6860.760274940302,6836.966735293405,6755.493819611586,6745.543546555309,54.83137203450251,41.52984253071463,54.34582904923153,-12.815986518516901,6862.269499999999,6897.494655486469,6827.04434451353,0.010266328212982513,0.1376240268150732,30.42067440012741,6904.55,6792.13,6904.55,6430.7,-0.0035170466719235405,-0.0084769237685981,-0.0006066462112386262,0.03738648174983106
2026-08-20 14:00:00+09:00,6838.34,6847.72,6804.85,6818.0,5921.0,6844.939276675799,6852.985679496611,6835.1603795511755,6757.543202575141,6746.741173884973,50.867955495192014,35.23889025582048,50.524441290549326,-15.285551034728847,6859.975499999999,6900.115266056188,6819.835733943809,0.011702597496504102,-0.022866774325978417,31.309911942975447,6904.55,6821.13,6904.55,6430.7,-0.0027410724994660907,-0.011975700804563116,-0.006684266041947162,0.039907875571011164
2026-08-20 14:10:00+09:00,6818.4,6847.1,6801.25,6847.1,5317.0,6845.659517783867,6851.915555951772,6836.297486260588,6760.4794910153,6748.399997457123,56.1664809821066,32.22986621986911,46.86552627641329,-14.635660056544182,6859.6015,6900.073400511906,6819.129599488094,0.011800073375080438,0.34555333648932873,32.34848966133437,6904.55,6804.85,6904.55,6430.7,0.004268113816368491,-0.005165161674645535,-0.0010912411847260328,0.04694277907490574
2026-08-20 14:20:00+09:00,6846.34,6858.36,6832.18,6843.6,5223.0,6844.973011855912,6850.403636687814,6836.99296375958,6763.204753604962,6749.973551218163,55.39272738853059,29.22587455386838,43.33759593190431,-14.11172137803593,6857.339499999999,6896.040143134775,6818.638856865224,0.011287363892301212,0.3224900300474231,31.907883256953298,6904.55,6801.25,6904.55,6430.7,-0.0005111653108614833,-0.001874147700340445,-0.006567143379727192,0.04516909393021207
2026-08-20 14:30:00+09:00,6845.2,6855.49,6838.15,6839.76,4780.0,6843.235341237275,6848.468430017302,6837.256491020572,6765.714761683488,6751.457624751748,54.50554278453124,26.232936643994435,39.91666407432234,-13.683727430327906,6855.985000000001,6895.152830423002,6816.817169576999,0.011425879847462257,0.2928784946118429,30.86732016717093,6904.55,6801.25,6904.55,6430.7,-0.0005611081886726099,-0.0030768692600209313,-0.0039450403023220115,0.05354637075967372
2026-08-20 14:40:00+09:00,6842.48,6842.48,6822.79,6824.73,4703.0,6837.0668941581835,6844.152351832337,6836.063491875755,6767.649687529931,6752.668738392215,51.05853669208674,22.390117066242055,36.41135467270628,-14.021237606464226,6854.7970000000005,6896.180735501341,6813.41326449866,0.012074386885954521,0.13672926530487794,30.06894015523012,6904.55,6801.25,6904.55,6430.7,-0.0021974455244044844,-0.0017566852037667058,-0.0034693779212644493,0.051577891491358274
2026-08-20 14:50:00+09:00,6825.22,6828.2,6789.88,6790.42,6356.0,6821.51792943879,6834.382833317367,6831.716492649493,6768.3962551519,6753.292726187386,44.18852730010468,16.387222900581037,32.40652831828123,-16.019305417700195,6851.3895,6901.311457684414,6801.467542315587,0.014572798024229516,-0.11064812787816587,30.65830157271366,6904.55,6801.25,6904.55,6430.7,-0.005027305109506108,-0.004045174537987695,-0.009936473638090693,0.044943647320246916
2026-08-20 15:00:00+09:00,6790.53,6848.3,6790.53,6848.3,6985.0,6830.445286292527,6836.9132272596635,6833.295874301923,6771.016050064953,6754.863094349578,55.151521180048384,16.11455968930204,29.1481345924854,-13.033574903183357,6851.650500000001,6901.4503877412835,6801.850612258718,0.014536610628718692,0.46636036593689967,32.60270860323412,6904.55,6789.88,6904.55,6430.7,0.008523773198123363,0.00017525667800954992,0.0007628144052094221,0.05333991641941638
2026-08-20 15:10:00+09:00,6852.4,6865.8,6846.64,6852.54,10620.0,6837.8101908616845,6839.754458666997,6835.12864817793,6773.688966456265,6756.47758865785,55.83590082360064,16.055526578591525,26.529612989706628,-10.474086411115103,6852.1804999999995,6901.780950593159,6802.58004940684,0.01447727496179052,0.5036239590134899,31.64251513157453,6904.55,6789.88,6904.55,6430.7,0.00061913175532613,0.0013063300017535084,0.0015492681900164396,0.05341202043323001
2026-08-20 15:20:00+09:00,6854.57,6854.57,6851.94,6852.58,13064.0,6842.733460574456,6842.086375272997,6836.790681684794,6776.275557719994,6758.0660582668115,55.84274671862441,15.829497485259708,24.389589888817245,-8.560092403557537,6852.1395,6901.7372061873275,6802.541793812673,0.014476560550854889,0.504440729560516,29.570192622176357,6904.55,6789.88,6904.55,6430.7,5.8372515885363185e-06,0.0018743347719802905,-0.00011964864155011856,0.05531787759225537
2026-08-21 09:00:00+09:00,6759.95,6801.51,6742.44,6767.34,55209.0,6817.602307049638,6828.496125223361,6830.176331048147,6775.982588614421,6758.219346559923,41.18995666723583,8.672243950766642,21.246120701207126,-12.573876750440483,6847.411499999999,6908.971666431254,6785.851333568745,0.017980565774746972,-0.15035155557463217,35.325178863449494,6904.55,6789.88,6904.55,6430.7,-0.01243911052479496,-0.008409123877427982,-0.013780439819874868,0.0425968863862205
2026-08-21 09:10:00+09:00,6767.23,6833.04,6766.8,6785.05,30929.0,6806.751538033092,6820.596829728203,6825.878585234038,6776.279880790997,6758.662828434966,44.45123430195729,4.378643672166618,17.872625295399025,-13.493981623232408,6844.2375,6911.519727334143,6776.955272665858,0.019660985561691158,0.060155019050884585,37.53338037320309,6904.55,6742.44,6904.55,6430.7,0.002616980970366445,-0.0007908200081879757,-0.009269142429105148,0.043847422477400144
2026-08-21 09:20:00+09:00,6782.56,6801.49,6773.3,6787.43,24493.0,6800.311025355395,6814.5664970503485,6822.216815211748,6776.6454584699795,6759.138318874058,44.89349891239115,1.1546703066287591,14.529034297644973,-13.374363991016214,6841.466,6913.168246659661,6769.7637533403395,0.020961076663879023,0.12319172329086668,36.865996060831414,6904.55,6742.44,6904.55,6430.7,0.0003507711807577696,-0.008888337251580669,-0.008100414154315505,0.04577095877578441
2026-08-21 09:30:00+09:00,6787.1,6841.68,6771.82,6841.24,16709.0,6813.954016903597,6819.416224859376,6824.0285470963445,6778.763312290635,6760.495371454653,53.84157167339401,2.9081422247218143,12.204855883060342,-9.296713658338527,6839.9265,6910.246557814557,6769.606442185443,0.020561641361075154,0.5093394405580842,39.22271062791492,6904.55,6742.44,6904.55,6430.7,0.007927890232385382,-0.0016490235737405268,-0.004480481022347105,0.05328275208001032
2026-08-21 09:40:00+09:00,6845.75,6912.15,6841.11,6901.87,17941.0,6843.259344602398,6834.407820339489,6831.442018801454,6782.799597133565,6762.83214217441,61.43925729966522,9.085384984199663,11.580961703288207,-2.495576719088543,6841.625,6916.0848349450425,6767.1651650549575,0.021766710378029352,0.9045469617577426,41.495374154492424,6904.55,6742.44,6904.55,6430.7,0.008862428448643822,0.007192911283049552,0.004946198983677652,0.06453498594886065
2026-08-21 09:50:00+09:00,6902.53,6904.13,6837.58,6845.16,18447.0,6843.8928964015995,6836.362762095945,6832.748493201316,6784.844200506234,6764.19293321285,52.70132624592987,9.297693300209176,11.1243080226724,-1.8266147224632245,6839.1235,6909.464771036586,6768.782228963413,0.020570259050472325,0.5429086645083538,43.284990286314404,6912.15,6742.44,6912.15,6430.7,-0.008216613758300295,0.011499348340706872,-0.007255782654285059,0.05579462690987169
2026-08-21 10:00:00+09:00,6839.54,6846.33,6795.62,6799.27,15090.0,6829.018597601067,6829.618623533046,6829.560065277381,6785.317177538816,6764.772719440738,46.88987230325595,5.697334364886046,10.03891329111513,-4.341578926229083,6834.055,6900.432254990259,6767.677745009742,0.019425437749698744,0.23797500359795865,43.81534812300624,6912.15,6742.44,6912.15,6430.7,-0.006704006918757055,0.0020957841136026722,-0.014689941802499495,0.04958266891219165
2026-08-21 10:10:00+09:00,6800.76,6883.21,6799.28,6882.3,11855.0,6846.779065067378,6839.197055617946,6834.582916203344,6788.496942209675,6766.715319119404,56.28308980858106,9.435089223366958,9.918148477565495,-0.4830592541985368,6834.0375,6900.36366342773,6767.711336572271,0.01941053540538214,0.8638270141509666,46.68139468564862,6912.15,6742.44,6912.15,6430.7,0.012211605069367693,0.013977308053269022,-5.085250593872548e-05,0.06292645709714195
2026-08-21 10:20:00+09:00,6878.1,6884.96,6848.41,6864.27,11193.0,6852.609376711586,6843.75577277832,6837.410257517311,6790.981304760177,6768.327793183546,54.04766858362263,10.817716656952143,10.098062113442825,0.7196545435093178,6834.4285,6901.367914480872,6767.489085519128,0.019588884273461074,0.7228993204633397,45.957723636673734,6912.15,6742.44,6912.15,6430.7,-0.0026197637417723074,0.003366348790570184,0.001140531907911635,0.056386082845481855
2026-08-21 10:30:00+09:00,6864.32,6864.32,6822.44,6836.93,10093.0,6847.382917807725,6842.514723182261,6837.364518706138,6792.487819358204,6769.461713957373,50.75571391134795,9.596724285465825,9.997794547847425,-0.4010702623815998,6833.2315,6899.084175655905,6767.378824344095,0.01927424108371125,0.5280816228282501,45.66645766262562,6912.15,6742.44,6912.15,6430.7,-0.003982943561369301,-0.009409044215553108,-0.0034893533910421715,0.05424555213919824
2026-08-21 10:40:00+09:00,6837.08,6912.56,6837.08,6909.61,11173.0,6868.125278538483,6854.713864421849,6844.245040734125,6796.327890854656,6771.778214553119,58.067575293146405,14.328576709111076,10.863950980100155,3.464625729010921,6836.875,6910.6838589536665,6763.0661410463335,0.02159140219871402,0.9927254060766547,47.8067106867238,6912.15,6742.44,6912.15,6430.7,0.010630502286844923,0.009415411765393289,0.010658588742587849,0.06758949098909794
2026-08-21 10:50:00+09:00,6912.23,6916.11,6857.49,6885.6,9623.0,6873.9501856923225,6860.329525436058,6848.183608283255,6799.254845252864,6773.6595663786875,55.154096870138616,15.957252235224587,11.882611231125042,4.074641004099545,6840.255,6916.449632750889,6764.060367249112,0.022278301832574534,0.797560329139269,48.579088494814954,6912.56,6742.44,6912.56,6430.7,-0.0034748705064394647,0.012696951290359193,0.009914931064828547,0.06279924800192638
2026-08-21 11:00:00+09:00,6883.64,6897.13,6864.68,6897.13,8063.0,6881.676790461549,6867.02052081132,6852.845169399136,6802.463866719982,6775.700399992264,56.28831731141935,17.971203120525388,13.100329609005112,4.870873511520276,6842.7565,6922.870009291774,6762.6429907082265,0.023415566312135722,0.8393528786884811,47.4270107451853,6916.11,6742.44,6916.11,6430.7,0.0016745091204832807,0.002154802900193209,0.007306743000686344,0.05934004835058171
2026-08-21 11:10:00+09:00,6897.96,6911.53,6888.86,6894.72,6566.0,6886.024526974366,6872.056789754716,6856.83324850398,6805.488657975065,6777.667666108095,55.969677585870215,19.152034120455937,14.310670511295278,4.841363609160659,6845.3125,6928.5707764357,6762.0542235643,0.024325632010430576,0.7967122436059392,45.65865283481492,6916.11,6742.44,6916.11,6430.7,-0.0003494207010742434,0.004436014317618531,0.007469752761704251,0.0644040793264109
2026-08-21 11:20:00+09:00,6894.68,6917.58,6892.4,6909.92,5666.0,6893.989684649578,6878.941009799313,6861.88912959884,6808.912636402111,6779.853655098043,57.59994664141156,21.07146542672035,15.662829494380293,5.408635932340058,6848.8205,6936.634941289824,6761.006058710175,0.025643668509000805,0.8478898180217661,44.19589191804245,6916.11,6742.44,6916.11,6430.7,0.0022045855379189128,0.010675844275135127,0.010257669859761176,0.06173499648132941
2026-08-21 11:30:00+09:00,6910.83,6924.61,6905.78,6910.53,6226.0,6899.503123099719,6884.684462563074,6866.52159344657,6812.244353241385,6782.013594683201,57.667687444969175,22.383823681751892,17.007028331854613,5.376795349897279,6853.1105,6944.123146039134,6762.097853960866,0.02656097433103811,0.8154479212444311,42.384042495325126,6917.58,6742.44,6917.58,6430.7,8.82788802185619e-05,0.00013314789112550685,0.01257192592234424,0.06447185604391881
2026-08-21 11:40:00+09:00,6910.64,6926.91,6899.02,6926.91,5808.0,6908.638748733147,6892.361833006151,6872.272870261181,6816.003882643307,6784.408576589263,59.537118668289175,24.463604950716217,18.498343655626936,5.965261295089281,6859.9349999999995,6951.587932413783,6768.282067586216,0.026721224738655302,0.8653729249907121,41.348753745659,6924.61,6742.44,6924.61,6430.7,0.0023702957660265422,0.005999477169745582,0.020100376707184564,0.06819282310669728
2026-08-21 11:50:00+09:00,6927.81,6938.52,6924.32,6935.01,5063.0,6917.429165822098,6900.116045186851,6878.247834998212,6819.905722556642,6786.897856315061,60.46684426129236,26.46042953522374,20.090760831546298,6.369668703677441,6864.2705000000005,6961.3542280858455,6767.1867719141555,0.028286684822763027,0.8643221237726327,39.40955704954056,6926.91,6742.44,6926.91,6430.7,0.0011693525684612904,0.005492139484104319,0.012661536439700471,0.07344455245088621
2026-08-21 12:00:00+09:00,6931.36,6939.21,6909.97,6916.76,5113.0,6917.206110548066,6903.142218789241,6881.915660236477,6823.081272636751,6789.0443380288625,57.27371939715158,26.267509428667836,21.326110550970604,4.941398877697232,6867.4815,6967.018009739124,6767.944990260876,0.028987776592954515,0.747539822971263,38.6831601174305,6938.52,6742.44,6938.52,6430.7,-0.002631575152739485,0.0031966490299824013,0.009371707425275932,0.07410777788475587
2026-08-21 12:10:00+09:00,6917.44,6926.35,6905.48,6911.17,4514.0,6915.194073698712,6904.601815373015,6884.701787833003,6825.969427632267,6791.062944011856,56.29312905832552,25.371090434316102,22.135106527639707,3.2359839066763953,6870.411,6971.4580927639545,6769.363907236046,0.029415152241679406,0.7016831899123157,37.410791537614095,6939.21,6742.44,6939.21,6430.7,-0.0008081818654976924,0.00018089934471010594,0.008550064355323128,0.0688213715713808
2026-08-21 12:20:00+09:00,6911.86,6920.27,6907.03,6919.02,4025.0,6916.469382465809,6907.223303487011,6887.970188991765,6829.020266070553,6793.177936672818,57.396248645995115,25.00584945088667,22.7092551122891,2.296594338597572,6877.995,6969.254451565568,6786.735548434432,0.026536643764808864,0.7247712390125686,35.68430642778457,6939.21,6742.44,6939.21,6465.89,0.0011358424116323373,0.00122855989338011,0.022413533234624028,0.06920695948337019
2026-08-21 12:30:00+09:00,6919.23,6928.83,6915.6,6923.82,4849.0,6918.919588310539,6910.2408846711905,6891.384456706835,6832.128454068239,6795.337309620375,58.092744230157045,24.817631022832757,23.13093029439783,1.686700728434925,6884.933500000001,6967.564897731428,6802.302102268574,0.024003542730347837,0.735300993736,34.080427397228505,6939.21,6766.8,6939.21,6600.09,0.0006937398648940718,-0.000446086350190833,0.02045231796375857,0.04557521722978786
2026-08-21 12:40:00+09:00,6924.76,6926.13,6906.44,6908.28,4848.0,6915.373058873693,6909.884360185519,6892.993556068089,6834.625226066001,6797.204130948964,54.960090274406625,23.147686316831823,23.134281498884633,0.013404817947190395,6890.976000000001,6960.901145520407,6821.050854479594,0.020294700060022455,0.6237323131129505,33.05253972599793,6939.21,6771.82,6939.21,6617.48,-0.002244425764967861,-0.0038543563743960174,0.017804971837646955,0.027832786060843162
2026-08-21 12:50:00+09:00,6909.2,6912.13,6889.71,6908.49,5309.0,6913.078705915796,6909.630840151787,6894.469407871128,6837.04702193269,6799.043566801048,54.99540861723317,21.59228591963165,22.82588238303404,-1.2335964634023888,6894.3385,6960.753215621242,6827.923784378758,0.019266450471279315,0.6065388887660442,32.29307260271237,6939.21,6771.82,6939.21,6681.77,3.039830464302007e-05,-0.00119564651657722,0.009830089282059973,0.030880961689402797
2026-08-21 13:00:00+09:00,6902.46,6916.47,6890.1,6912.66,5723.0,6912.939137277197,6910.181596487826,6896.201845216735,6839.526135967683,6800.921524374585,55.7376391647643,20.46025101105988,22.352756108639205,-1.892505097579324,6894.878,6961.702703396652,6828.053296603347,0.019383868256016335,0.6330495991463755,31.869995988232912,6939.21,6795.62,6939.21,6692.0,0.0006036051293407674,0.0002155930182587973,0.001563344426945168,0.0239794512634095
2026-08-21 13:10:00+09:00,6913.38,6913.38,6896.04,6896.93,5549.0,6907.602758184798,6907.772215308221,6896.271193291332,6841.408229870382,6802.5084413270715,52.23782912290867,18.085349005642456,21.499274688039854,-3.413925682397398,6897.4665,6960.27737398732,6834.655626012681,0.01821273767326586,0.4957292426777211,30.832139131930575,6939.21,6795.62,6939.21,6742.44,-0.002275535032823739,-0.0031926486698983236,0.007563008023187212,0.022109624852172827
2026-08-21 13:20:00+09:00,6896.35,6896.35,6870.75,6880.47,6130.0,6898.558505456533,6902.808176161272,6894.766317739776,6842.688943645123,6803.797062131583,48.7857949898773,14.705521519852482,20.14052405440238,-5.4350025345498985,6901.5265,6946.343206383351,6856.709793616649,0.012987476432453232,0.2650820229861635,30.499843479649844,6939.21,6795.62,6939.21,6742.44,-0.0023865690966849984,-0.006260994653240481,0.011942458528636068,0.013265806529521917
2026-08-21 13:30:00+09:00,6880.77,6895.27,6875.41,6877.79,6139.0,6891.635670304356,6898.259416859222,6893.149525574083,6843.83979795184,6805.020085898003,48.22697793034045,11.676135067796167,18.44764625708114,-6.771511189284972,6901.3009999999995,6946.545738877039,6856.05626112296,0.01311194479911533,0.24017973599212647,29.739854659674897,6939.21,6799.28,6939.21,6742.44,-0.00038950827487083117,-0.004413544326518304,-0.0006553041861006026,0.011551274037577608
2026-08-21 13:40:00+09:00,6880.8,6918.59,6880.8,6916.21,8219.0,6899.827113536237,6901.523159248454,6895.345761233694,6846.212591461616,6806.857935717871,56.00679098547711,12.234466080369202,17.205010221738753,-4.970544141369551,6903.897999999999,6946.21000094597,6861.585999054028,0.012257423544198016,0.6454906377001917,30.529865041126705,6939.21,6822.44,6939.21,6742.44,0.005586096696758691,0.0011174656111538894,0.007566718675110273,0.016523143718427447
2026-08-21 13:50:00+09:00,6916.99,6920.0,6906.56,6906.56,5991.0,6902.071409024159,6902.438948476008,6896.413783973343,6848.191195020252,6808.505903722536,53.8192416554899,11.762680223207099,16.116544222032424,-4.353863998825325,6907.379500000001,6936.470679059164,6878.288320940838,0.008423217244444912,0.48591497446126364,29.309160395331915,6939.21,6822.44,6939.21,6742.44,-0.0013952728445202345,-0.0008824388874903999,0.01018439562786222,0.01668128904616961
2026-08-21 14:00:00+09:00,6906.5,6934.99,6900.84,6926.42,6936.0,6910.187606016107,6906.799139662187,6899.271518833025,6850.756073872047,6810.454897049436,57.498482489212556,12.843273295537074,15.461890036733354,-2.6186167411962806,6908.219999999999,6938.468703113561,6877.971296886438,0.008757307414518222,0.800839343949279,29.654934652808183,6939.21,6837.08,6939.21,6742.44,0.0028755270351665807,0.004275815471521449,0.0024328435324136866,0.012502759143912634
2026-08-21 14:10:00+09:00,6923.03,6954.12,6922.12,6951.73,7613.0,6924.035070677404,6914.9683869963355,6904.267564658451,6854.066694400832,6812.790022718041,61.6877004799214,15.562561049691794,15.482024239325042,0.08053681036675187,6911.5265,6945.401910123758,6877.651089876242,0.009802584168275483,1.0934024097881436,29.822439320464742,6939.21,6857.49,6939.21,6742.44,0.0036541243528402934,0.010356850622122993,0.009604101312884694,0.01279888343036295
2026-08-21 14:20:00+09:00,6952.24,6953.99,6936.38,6940.16,6479.0,6929.41004711827,6919.548680269729,6907.685891833838,6856.889425731952,6814.895311598734,58.83290679897309,16.592743067339143,15.704168004927864,0.8885750624112791,6913.678,6949.055269878457,6878.300730121543,0.010233994084901525,0.8742798708179326,28.950122226145808,6954.12,6864.68,6954.12,6742.44,-0.0016643339140041125,0.009068319910901623,0.006238826874366499,0.012485082966425365
2026-08-21 14:30:00+09:00,6941.55,6945.8,6934.5,6940.34,5921.0,6933.053364745514,6923.328920220687,6910.795806897282,6859.625510134183,6816.968777522723,58.86480113577758,17.22513361600977,16.008361127144248,1.216772488865523,6915.959000000001,6952.028802828037,6879.889197171964,0.010430889722751883,0.8379696877778369,27.68939920999255,6954.12,6870.75,6954.12,6742.44,2.59360014756016e-05,0.003488905050598623,0.006616657384201252,0.007475859506099747
2026-08-21 14:40:00+09:00,6941.31,6942.16,6904.23,6904.23,6614.0,6923.44557649701,6919.856389271471,6910.170491954684,6861.087952424866,6818.411111778546,50.42472143401785,14.643728677036961,15.735434637122792,-1.0917059600858305,6915.674499999999,6952.019058039044,6879.329941960955,0.010510777521135325,0.3425555211359984,28.420870694993106,6954.12,6870.75,6954.12,6742.44,-0.0052029151309590516,-0.00033736042255494425,-0.0008234538171210115,0.005443543983048915
2026-08-21 14:50:00+09:00,6903.91,6922.86,6900.86,6905.04,7169.0,6917.31038433134,6917.162500313021,6909.681873673286,6862.529003165034,6819.842994228488,50.595839791076294,12.518995705739144,15.092146850846062,-2.573151145106918,6915.4,6951.9780103348085,6878.821989665191,0.010578711378896037,0.3583848614895715,27.96223707392217,6954.12,6870.75,6954.12,6742.44,0.00011731938246550833,-0.00308673167379403,-0.0007944397897121647,0.008257294673716498
2026-08-21 15:00:00+09:00,6905.53,6917.37,6895.27,6895.27,8061.0,6909.963589554227,6913.182045710653,6908.30931427583,6863.602478471098,6821.089721596612,48.424676943077536,9.932279039272544,14.06017328853136,-4.127894249258816,6913.817999999999,6950.999814157638,6876.636185842361,0.010755797782828145,0.2505769901199354,27.543505854356265,6954.12,6870.75,6954.12,6742.44,-0.001414908530580461,-0.008121719341804057,-0.004567693242730098,0.005350969662772265
2026-08-21 15:10:00+09:00,6891.99,6912.84,6891.99,6901.18,9616.0,6907.035726369485,6910.999855581444,6907.630331963846,6864.834528357291,6822.413527851214,49.827242473711756,8.263913798715294,12.900921390568147,-4.6370075918528535,6912.1265,6948.364135836971,6875.888864163029,0.010485235140581148,0.34896227710263655,27.065398293330844,6954.12,6870.75,6954.12,6742.44,0.0008571092937621483,-0.00561658520841013,-0.004878147255735765,0.008490328916219037
2026-08-21 15:20:00+09:00,6906.8,6912.95,6906.8,6912.95,13072.0,6909.00715091299,6911.354427293909,6908.136967014909,6866.412084804592,6823.909998465244,52.592297501149616,7.801531757837438,11.881043464022007,-4.079511706184569,6911.936,6948.114209685567,6875.757790314432,0.0104683288981749,0.5140139604586988,25.97286984380718,6954.12,6870.75,6954.12,6742.44,0.0017055054353023458,-0.003946492534947943,-0.0005508359405270724,0.010378635299344907
2026-08-24 09:00:00+09:00,6881.07,6881.07,6820.79,6874.49,29414.0,6897.501433941994,6904.651804149562,6904.93249396587,6866.676934483129,6824.746031548464,44.04959589449647,4.282326093241863,10.361299989865978,-6.078973896624115,6910.102000000001,6949.797489215435,6870.406510784566,0.011489118167990706,0.05143517936347444,30.700521997820946,6954.12,6870.75,6954.12,6742.44,-0.005563471455746094,-0.004307504240154247,-0.005307350274989631,0.0030773046954797323
2026-08-24 09:10:00+09:00,6880.03,6884.57,6821.2,6821.88,18395.0,6872.294289294663,6889.6023852132785,6897.022732635787,6865.208182532862,6824.698659126176,35.544342076232454,-2.7204968758078394,7.744940616731216,-10.465437492539056,6905.245,6960.2185225363255,6850.271477463674,0.015922251139916285,-0.25822865402988804,33.03405614083373,6954.12,6820.79,6954.12,6742.44,-0.007652931344725111,-0.012043377011574097,-0.01403956051579569,-0.005832203908538336
2026-08-24 09:20:00+09:00,6822.2,6822.2,6776.45,6782.0,16159.0,6842.19619286311,6870.0383151745,6886.068186670474,6862.480045400637,6823.992896165413,30.704618215523993,-11.35734681593749,3.924483130197475,-15.281829946134964,6898.1539999999995,6974.2448597405155,6822.063140259484,0.02206122384061474,-0.26325855954385574,33.94233784505989,6954.12,6820.79,6954.12,6742.44,-0.005845895852756189,-0.016427202995676793,-0.02048291261182411,-0.009714493475242114
2026-08-24 09:30:00+09:00,6782.59,6811.27,6775.23,6811.27,11384.0,6831.88746190874,6859.353166960954,6878.944549844715,6860.801027518649,6823.782600361027,37.43771645945042,-15.659752360871607,0.007636031983658587,-15.667388392855266,6893.3035,6978.067692033253,6808.539307966747,0.024593198901877042,0.016107580145291765,34.092170856127105,6954.12,6776.45,6954.12,6742.44,0.004315836036567378,-0.013028206770436368,-0.014042569206806799,-0.004616490765557035
2026-08-24 09:40:00+09:00,6810.47,6839.87,6801.76,6839.87,9759.0,6834.54830793916,6855.810772968052,6875.223164145218,6860.114764321316,6824.048507793076,43.24099513585643,-16.570642718174895,-3.308019718048052,-13.262623000126844,6889.8725,6977.409823668534,6802.335176331467,0.025410433551138614,0.21439325590225627,34.379158652118,6954.12,6775.23,6954.12,6742.44,0.00419892325513449,-0.010571463702182093,-0.009932705989297186,-0.004679839872643088
2026-08-24 09:50:00+09:00,6837.96,6848.97,6829.84,6847.6,7880.0,6838.89887195944,6854.317905155679,6872.592386607578,6859.704444179633,6824.437788656001,44.73318275682591,-16.478825844629682,-5.942180943364378,-10.536644901265305,6886.619499999999,6975.355027377984,6797.883972622014,0.025770416785183187,0.2801359773645794,33.28993303410958,6954.12,6775.23,6954.12,6742.44,0.001130138438303785,-0.003911562894120091,-0.00941171705248045,-0.0029557797871254676
2026-08-24 10:00:00+09:00,6848.05,6848.32,6809.68,6809.68,8179.0,6829.159247972961,6846.201922400101,6866.60073074019,6858.064298468825,6824.193858264994,39.27797529980484,-19.24405392553126,-8.602555539797756,-10.641498385733506,6882.2570000000005,6976.917151299523,6787.596848700478,0.027508461628074077,0.11664439046609348,33.672080674530285,6954.12,6775.23,6954.12,6742.44,-0.005537706641743134,-0.0017883633250658226,-0.012650556116996947,-0.01240139865616452
2026-08-24 10:10:00+09:00,6812.96,6849.96,6807.61,6837.72,6452.0,6832.012831981974,6844.659754690991,6863.8501849554095,6857.397272289519,6824.417430855656,44.65288106782304,-18.954428588055634,-10.672930149449332,-8.281498438606302,6880.119500000001,6976.754580685268,6783.484419314734,0.028091105302827074,0.28062055881087145,34.291932054921006,6954.12,6775.23,6954.12,6742.44,0.004117667790557,0.008215865526393529,-0.00621323833982268,-0.009117994852651412
2026-08-24 10:20:00+09:00,6839.58,6839.58,6814.1,6821.86,5138.0,6828.62855465465,6840.514344747174,6859.85111972156,6856.232115821009,6824.375159271265,42.368455061465724,-19.77669445085303,-12.493683009730074,-7.283011441122955,6877.323000000001,6977.246999740042,6777.39900025996,0.02905898115881453,0.22247407957901846,33.662508336712335,6954.12,6775.23,6954.12,6742.44,-0.0023194866124967017,0.0015547761283871697,-0.008131972624927486,-0.00883235381720704
2026-08-24 10:30:00+09:00,6822.72,6822.72,6783.94,6804.03,5583.0,6820.429036436433,6833.880827520414,6854.534822605222,6854.520571039991,6824.038875646947,39.89727876829274,-21.617880588932167,-14.318522525570494,-7.299358063361673,6871.714,6974.820232673136,6768.607767326864,0.030008883569117174,0.1717754191709746,34.02804345551865,6954.12,6775.23,6954.12,6742.44,-0.002613656686006438,-0.005239865669961596,-0.01621986608272452,-0.007645355832828993
2026-08-24 10:40:00+09:00,6806.25,6809.89,6778.99,6783.32,5283.0,6808.059357624289,6824.687949789429,6847.752458547582,6852.1861260878595,6823.365836380056,37.18437128882551,-24.466127499519644,-16.348043520360324,-8.11808397915932,6865.552000000001,6974.17458210909,6756.929417890911,0.03164278185034191,0.12147834086002693,33.8046117801245,6954.12,6775.23,6954.12,6742.44,-0.003043784345454048,-0.009387230562532989,-0.017843904925172738,-0.011303231222862475
2026-08-24 10:50:00+09:00,6785.7,6808.89,6744.49,6744.7,6941.0,6786.939571749526,6810.14468619135,6837.937938685908,6848.66199080629,6822.065574621709,32.7167285916144,-29.499641432322278,-18.978363102752716,-10.521278329569562,6856.466,6973.293660492046,6739.638339507955,0.034078098102446844,0.02166293697368762,35.98999665297279,6954.12,6775.23,6954.12,6742.44,-0.005693377284279655,-0.009542298610213718,-0.0262357754799738,-0.013462556715627572
2026-08-24 11:00:00+09:00,6747.15,6747.15,6710.0,6726.74,7034.0,6766.873047833018,6794.980197792922,6827.34765881106,6844.664548484772,6820.489945289119,30.859821616575204,-34.53980600722571,-22.090651683647316,-12.44915432357839,6845.2164999999995,6966.432086172088,6724.000913827911,0.035416143863992756,0.011298407484496537,36.07285403490328,6954.12,6744.49,6954.12,6742.44,-0.002662831556629608,-0.01623055638429194,-0.032364605644925715,-0.013385156937518405
2026-08-24 11:10:00+09:00,6729.77,6762.04,6723.46,6749.94,4748.0,6761.2286985553455,6786.791070921481,6819.975500829054,6841.558825583632,6819.323830490952,35.919387618561515,-36.24432462280765,-24.921386271479385,-11.322938351328268,6835.705500000001,6955.47215019546,6715.938849804542,0.03504148919097204,0.14194748763519682,36.251935889553046,6953.99,6710.0,6954.12,6710.0,0.0034489217659667837,-0.010542579296555443,-0.02740859000368867,-0.014189949029516202
2026-08-24 11:20:00+09:00,6751.59,6765.38,6746.21,6761.82,5047.0,6761.425799036897,6782.2508762084835,6814.436881702477,6838.944437859578,6818.373353953912,38.405043818790176,-36.21904063646616,-27.18091714447674,-9.03812349198942,6826.7795,6940.478639394457,6713.080360605542,0.03330974419034839,0.21433600840796393,35.03179761172783,6945.8,6710.0,6954.12,6710.0,0.0017600156445836124,-0.006203676350633347,-0.025722082779806255,-0.011949850955637498
2026-08-24 11:30:00+09:00,6771.29,6786.07,6769.06,6777.32,5143.0,6766.7238660245985,6781.354353261486,6810.901940587955,6836.923964487133,6817.694786119963,41.58859613688631,-34.550011409144645,-28.654735997410324,-5.895275411734321,6820.433999999999,6930.2336596353525,6710.634340364646,0.03219726475920836,0.3036697010574441,34.261669210890126,6942.16,6710.0,6954.12,6710.0,0.002292282255369038,-0.0008845226231403158,-0.01838148497370451,-0.009128975285682572
2026-08-24 11:40:00+09:00,6777.8,6777.8,6746.78,6748.97,4166.0,6760.805910683066,6775.466289032125,6805.00366053196,6834.040227946572,6816.558839241948,37.74584675322073,-35.11017356541197,-29.945823511010655,-5.164350054401314,6812.630500000001,6919.411455319937,6705.849544680065,0.03134793684170478,0.20191079575350296,34.030121410112294,6922.86,6710.0,6954.12,6710.0,-0.004183069413868479,0.0006330896852344559,-0.022602331050942448,-0.01110080545310943
2026-08-24 11:50:00+09:00,6750.44,6750.44,6723.09,6746.84,4250.0,6756.150607122045,6770.261509208102,6799.464264290821,6831.18120407947,6815.406461733817,37.46574655542785,-35.31884564151551,-31.020427937111627,-4.298417704403882,6805.209,6908.561205375778,6701.856794624222,0.030374439749250283,0.21762092648252612,33.552969880818516,6917.37,6710.0,6954.12,6710.0,-0.0003156037143445811,0.0029880744610317755,-0.021526350672272487,-0.006417865168870218
2026-08-24 12:00:00+09:00,6750.17,6751.57,6719.29,6719.29,4102.0,6743.863738081363,6760.993962079356,6791.828620072648,6827.51264001129,6813.817759886978,33.95591434210256,-37.27756199012492,-32.271854747714286,-5.005707242410637,6796.114500000001,6896.040307372448,6696.188692627553,0.029406746273167614,0.11559229782524003,33.462043460760036,6912.95,6710.0,6954.12,6710.0,-0.0040833931144061975,-0.004540781103239411,-0.02635636224529725,-0.01883825182892107
2026-08-24 12:10:00+09:00,6720.02,6722.0,6689.21,6689.21,4553.0,6725.645825387576,6747.9423326103815,6782.055418160967,6822.978127224034,6811.758127492152,30.58672194593605,-40.7868974542489,-33.974863289021215,-6.812034165227686,6784.9275,6880.007354412141,6689.847645587859,0.028026785669306203,-0.003353210792135733,33.41404035642003,6912.95,6710.0,6954.12,6710.0,-0.00447666345700215,-0.010738233197571057,-0.03236534330495666,-0.023834957548587776
2026-08-24 12:20:00+09:00,6691.32,6698.05,6676.42,6681.04,4826.0,6710.777216925051,6735.778272135766,6772.434902145636,6818.324418134721,6809.597497285671,29.724046914018388,-43.723306750024676,-35.92455198122191,-7.798754768802766,6775.255,6871.276788881651,6679.23321111835,0.02834484868293534,0.00940822339749006,32.57232318810432,6884.57,6689.21,6954.12,6689.21,-0.0012213699375561715,-0.014206205402725547,-0.028140269314523625,-0.025032907313741637
2026-08-24 12:30:00+09:00,6679.79,6692.15,6672.51,6691.47,4642.0,6704.3414779500345,6727.722222656535,6764.723959084147,6814.165256884402,6807.6449766693795,32.34733587867652,-44.69361822962037,-37.678365230901605,-7.015252998718765,6768.7345000000005,6868.831070266076,6668.637929733925,0.029576154971383526,0.11405021273647556,31.6485858175254,6884.57,6676.42,6954.12,6676.42,0.0015611341946764057,-0.008519818579724059,-0.019116431247691246,-0.01121119967372708
2026-08-24 12:40:00+09:00,6689.17,6698.03,6672.74,6686.63,3913.0,6698.437651966689,6720.250909446256,6757.286439171372,6809.983773052127,6805.644729121126,31.754960898775664,-45.330601659734384,-39.20881251666816,-6.1217891430662235,6763.966,6869.991487954692,6657.940512045308,0.0313500948865479,0.13529524130533416,31.194401116273585,6849.96,6672.51,6954.12,6672.51,-0.0007233089291291961,-0.00892417783732824,-0.014062223532881113,-0.014505420004274128
2026-08-24 12:50:00+09:00,6687.28,6688.74,6656.07,6666.14,5514.0,6687.671767977794,6710.4125622742085,6748.605825916956,6805.267583771729,6803.338865829868,29.308007164177198,-46.94760461313217,-40.756570935960966,-6.191033677171205,6756.7095,6868.5005036587445,6644.918496341255,0.0330903685170258,0.09491597250314585,31.299801036539762,6849.96,6672.51,6954.12,6672.51,-0.003064323882134956,-0.007910061926185596,-0.021307333287331143,-0.01786979755223994
2026-08-24 13:00:00+09:00,6668.95,6687.74,6659.98,6687.51,4445.0,6687.61784531853,6706.248460042534,6742.787175829627,6801.40667938577,6801.424339121937,34.93896637617581,-45.9747424870111,-41.800205246171,-4.1745372408401025,6749.0914999999995,6857.901762434332,6640.281237565667,0.032244417618084685,0.2170234745221579,31.046958105358367,6849.96,6656.07,6954.12,6656.07,0.0032057532545071155,-0.0002541406234817245,-0.022275277161700413,-0.022471072495629407
2026-08-24 13:10:00+09:00,6683.7,6705.0,6683.7,6703.74,3777.0,6692.991896879021,6705.792376398436,6739.068397179186,6798.2044931764,6799.809721946368,38.918399804607766,-43.393899026523286,-42.118944002241456,-1.2749550242818302,6741.8985,6842.413588474454,6641.383411525547,0.029818036707154067,0.3101852140850541,30.350746812118498,6849.96,6656.07,6954.12,6656.07,0.0024269122588227443,0.0033976746135331304,-0.02100882060868048,-0.028706712818410085
2026-08-24 13:20:00+09:00,6702.18,6715.18,6685.86,6693.59,3800.0,6693.191264586015,6703.573762507811,6734.737121257358,6794.774509793568,6798.054024062957,37.37862975529608,-41.68703991615348,-42.03256318502386,0.3455232688703802,6736.094,6833.645986222867,6638.542013777133,0.02896396226741094,0.28214692675300557,30.277122039824363,6849.96,6656.07,6954.12,6656.07,-0.0015140802000076503,0.00031682126647814,-0.017047790791931527,-0.022142652618784564
2026-08-24 13:30:00+09:00,6692.58,6712.84,6691.99,6712.37,3355.0,6699.584176390677,6705.1730784154815,6732.606919232848,6792.072722587221,6796.637759202413,41.954597442298756,-38.37657149730421,-41.30136484747993,2.924793350175719,6729.8265,6815.886134271971,6643.766865728029,0.025575587802143467,0.3985790484256932,29.603756179836935,6849.96,6656.07,6954.12,6656.07,0.002805669304513758,0.003849472753838512,-0.018332134103180686,-0.012780783819439478
2026-08-24 13:40:00+09:00,6704.64,6720.62,6702.0,6709.6,3826.0,6702.922784260452,6705.97797324903,6730.4157840678145,6789.368698895835,6795.199118554439,41.473207653965346,-35.566528474018924,-40.15439757278773,4.587869098768806,6724.2135,6799.499798959536,6648.927201040464,0.022392596237325302,0.40294714840575596,28.81920216699143,6839.58,6656.07,6954.12,6656.07,-0.0004126709344091095,0.006519515041688351,-0.016455922578299642,-0.025093355418973284
2026-08-24 13:50:00+09:00,6707.79,6723.31,6697.04,6703.24,3853.0,6703.028522840302,6705.480159931024,6727.827614156594,6786.544807128758,6793.679133123788,40.32902062407637,-33.466961678293956,-38.816910393888975,5.349948715595019,6719.174000000001,6785.357709294841,6652.990290705161,0.019699953980902976,0.37962294520984624,28.637116297920645,6822.72,6656.07,6954.12,6656.07,-0.0009478955526410759,0.0023521460154825036,-0.014813279776838106,-0.02345915880348537
2026-08-24 14:00:00+09:00,6702.26,6725.65,6697.38,6724.69,4256.0,6710.249015226867,6708.972858125383,6727.528793760728,6784.51678066552,6792.538816873808,45.76370438147225,-29.7295009502659,-36.99942850516436,7.269927554898459,6716.2425,6775.648324588364,6656.836675411637,0.017690196441943074,0.5710999305079424,28.610893705211993,6809.89,6656.07,6954.12,6656.07,0.003199945101174828,0.0031251212010012797,-0.008643260232452543,-0.016416725050571013
2026-08-24 14:10:00+09:00,6720.93,6738.9,6716.54,6719.58,4196.0,6713.359343484579,6710.9014293753135,6726.7717657835165,6782.3877058896005,6791.33288601639,44.71879297153354,-26.870128574173577,-34.973568518966204,8.103439944792626,6714.986499999999,6772.977911183236,6656.995088816762,0.017272234630177376,0.5396050027605526,28.16440129769683,6808.89,6656.07,6954.12,6656.07,-0.0007598863293326596,0.003882819234521273,-0.0037244058297626337,-0.027502275815856403
2026-08-24 14:20:00+09:00,6715.66,6719.68,6699.09,6699.09,5076.0,6708.602895656386,6708.75389676162,6724.135407137467,6779.656633565351,6789.808210214467,40.70536313426512,-25.958197184651,-33.17049425210317,7.21229706745217,6713.604000000001,6771.726881346533,6655.481118653469,0.017314956719679104,0.37514383609556745,27.62337263357564,6786.07,6656.07,6954.12,6656.07,-0.0030492977239648944,-0.0019784368263370267,-0.004110460639180302,-0.027086964098989252
2026-08-24 14:30:00+09:00,6699.3,6700.78,6677.66,6692.27,5047.0,6703.158597104259,6705.756824623144,6721.100606457709,6776.791498038618,6788.196008392741,39.43668033413246,-25.49194669787903,-31.634784741258343,6.142838043379314,6710.7205,6767.040815864017,6654.400184135984,0.01678517705036777,0.33620031495785546,27.301703159748804,6786.07,6656.07,6954.12,6656.07,-0.0010180487200499577,-0.002582866340765433,-0.008543779648411576,-0.029702209469735896
2026-08-24 14:40:00+09:00,6688.18,6703.97,6678.25,6681.45,4615.0,6695.922398069506,6701.33740196439,6717.324358223641,6773.6655472832535,6786.431611559803,37.442807774882034,-25.699278120517192,-30.447683417110117,4.748405296592924,6706.702,6759.20443102964,6654.199568970361,0.015656706091798745,0.2595158975996293,27.18872436262391,6786.07,6656.07,6954.12,6656.07,-0.0016167907152581096,-0.0032506668417063844,-0.011885853217033282,-0.030932365636313075
2026-08-24 14:50:00+09:00,6681.99,6701.32,6681.75,6693.62,6501.0,6695.154932046338,6699.934237970864,6715.06680029758,6771.041103110032,6784.897535335675,41.05281536298062,-24.598021792150575,-29.27775109211821,4.679729299967633,6702.517,6744.029597172682,6661.004402827318,0.01238716654435402,0.3928397570141102,26.665958336722195,6786.07,6656.07,6954.12,6656.07,0.0018214609104312274,-0.004620287329230033,-0.012350014459993064,-0.031302822608655356
2026-08-24 15:00:00+09:00,6694.53,6696.99,6679.09,6688.41,6448.0,6692.906621364225,6697.838921976161,6712.528057412096,6768.331886614621,6783.30270004087,39.98891175701201,-23.870507326427287,-28.196302338980026,4.325795012552739,6699.489,6735.472966374219,6663.50503362578,0.010742301800695415,0.3460564368477013,26.03981845552773,6777.8,6656.07,6954.12,6656.07,-0.0007783531183425119,-0.004638682774816272,-0.00897322109892329,-0.0321422524755699
2026-08-24 15:10:00+09:00,6687.16,6716.0,6682.51,6716.0,8453.0,6700.604414242818,6701.140936162313,6712.858718610944,6766.616087053486,6782.190258717881,47.7161694239408,-20.827577105971613,-26.722557292378347,5.894980186406734,6697.947,6727.803891399151,6668.090108600849,0.008915236683464712,0.8023255127041308,26.571974280132874,6751.57,6656.07,6954.12,6656.07,0.004125046161942869,0.0025242234393030305,-0.004571028807560329,-0.030447919779526544
2026-08-24 15:20:00+09:00,6717.19,6717.8,6696.86,6696.96,11580.0,6699.389609495212,6700.380765950983,6711.344554933711,6764.332280920585,6780.781494110975,43.54872984940289,-19.72502406024796,-25.32305064595227,5.598026585704311,6696.830499999999,6725.035779275705,6668.625220724293,0.008423471155707416,0.5022956695222738,26.169690402980564,6751.57,6656.07,6954.12,6656.07,-0.0028350208457414983,0.0007008085447837153,-0.0033232677857333304,-0.03432583370463782
2026-08-25 09:00:00+09:00,6535.93,6546.3,6463.3,6463.3,25475.0,6620.693072996809,6657.275172141713,6687.721263987643,6754.46237007073,6775.533866109141,20.215113938984885,-37.27595800949166,-27.71363211866015,-9.56232589083151,6685.535000000001,6791.274628238513,6579.795371761488,0.03163236098188477,-0.5508595675157579,40.99042680276766,6738.9,6656.07,6954.12,6656.07,-0.03489045775993882,-0.0326500984067829,-0.0337722989710294,-0.06555959726808502
2026-08-25 09:10:00+09:00,6461.05,6476.9,6408.82,6423.04,19340.0,6554.808715331206,6614.686959025037,6662.513524560249,6743.596062855296,6769.707521214776,18.387044988801236,-53.813516425459056,-32.93360898001993,-20.879907445439123,6672.635,6828.493631394021,6516.77636860598,0.046715767127685076,-0.3007095846010875,42.925396316855675,6738.9,6463.3,6954.12,6463.3,-0.00622901613726734,-0.040423567516530645,-0.038616742303593465,-0.0706291409414036
2026-08-25 09:20:00+09:00,6424.35,6527.17,6424.35,6527.17,13440.0,6545.595810220805,6598.774784656848,6649.623665078319,6736.500126368236,6765.698636566598,34.80797141172735,-57.85036684907391,-37.916960553830734,-19.933406295243174,6664.42,6832.298020836606,6496.541979163394,0.05038038444053829,0.09122105646699283,47.29715372279456,6738.9,6408.82,6954.12,6408.82,0.01621194948186533,-0.024107373800350107,-0.0245536481520503,-0.05663374292891199
2026-08-25 09:30:00+09:00,6520.74,6555.05,6518.92,6530.57,13843.0,6540.587206813871,6586.373914719239,6638.2852207851465,6729.748318946326,6761.8122128216955,35.265964543925875,-60.08265288638995,-42.35009902034258,-17.73255386604737,6656.617,6833.885131157337,6479.348868842663,0.05326072723046464,0.14447360284933108,46.4994998854521,6738.9,6408.82,6954.12,6408.82,0.0005208995629040203,-0.027610184633710566,-0.023339111032014692,-0.05679668160061935
2026-08-25 09:40:00+09:00,6528.89,6561.42,6520.62,6520.62,11775.0,6533.931471209247,6574.418657497559,6627.079009281799,6722.891652751365,6757.825564675883,34.50206129030654,-61.9406245351538,-46.26820412330483,-15.672420411848975,6649.341,6836.1380259827865,6462.543974017214,0.05618512450565738,0.15545222328148195,46.092392750776966,6738.9,6408.82,6954.12,6408.82,-0.0015236036058108304,-0.026331350344036664,-0.021829724548239393,-0.05611527037120667
2026-08-25 09:50:00+09:00,6520.7,6568.65,6515.94,6565.31,7797.0,6544.390980806165,6572.762537952548,6621.196246493057,6717.725041185746,6754.643489226694,40.713735086017856,-59.125410020253184,-48.8396453026945,-10.285764717558685,6643.231,6832.610692142565,6453.851307857434,0.057014332978204595,0.2942730840925113,46.56507898286433,6738.9,6408.82,6954.12,6408.82,0.006853642751762923,0.015782959169464483,-0.01827286987234411,-0.049675109901005765
2026-08-25 10:00:00+09:00,6562.68,6562.68,6520.64,6540.01,6844.0,6542.930653870777,6566.807531052084,6613.464223017528,6711.898318523918,6751.095828247741,38.48835010536743,-58.26419739438734,-50.72455572103307,-7.539641673354268,6635.044500000001,6827.385966717429,6442.7030332825725,0.05797744588372492,0.2529536879855002,46.42971619837403,6738.9,6408.82,6954.12,6408.82,-0.0038535880255464727,0.018211002889597427,-0.02442367991598715,-0.05390833629890657
2026-08-25 10:10:00+09:00,6537.78,6539.3,6504.68,6513.14,5620.0,6533.000435913851,6557.049798133523,6603.909535111097,6705.381652342805,6747.1626740618285,36.22376021040006,-59.06895448358864,-52.39343547354419,-6.675519010044454,6626.022,6823.395362194625,6428.648637805375,0.0595752209076954,0.2140394257237977,45.63687932706159,6738.9,6408.82,6954.12,6408.82,-0.004108556408935149,-0.002149476725747834,-0.026958627582508,-0.05564649778959618
2026-08-25 10:20:00+09:00,6507.43,6515.62,6488.51,6510.26,6567.0,6525.420290609234,6548.542562109246,6594.990531767184,6698.9842211184505,6743.246927383121,35.97940379933681,-59.25605528585493,-53.76595943600634,-5.490095849848586,6615.916500000001,6815.257244181939,6416.575755818063,0.060260961329224184,0.23498518721398884,44.31353080370003,6738.9,6408.82,6954.12,6408.82,-0.0004421830330685328,-0.0031099888677403875,-0.030110080344200263,-0.05380591732832207
2026-08-25 10:30:00+09:00,6505.17,6569.3,6505.17,6569.3,6329.0,6540.046860406156,6552.316641725747,6592.543814456023,6694.732279442435,6740.371771558607,44.27784724372316,-54.01761796243591,-53.816291141292254,-0.20132682114365252,6608.9015,6804.398792490223,6413.404207509777,0.059161811532589224,0.3987159886063889,45.72899288915004,6738.9,6408.82,6954.12,6408.82,0.009068762230694416,0.007465547754661461,-0.02091033742697035,-0.04485307053573895
2026-08-25 10:40:00+09:00,6568.48,6601.92,6560.63,6598.83,7385.0,6559.641240270771,6560.773615957429,6593.142498793544,6691.587942411536,6738.032238144416,47.914450757021015,-46.942174270728174,-52.44146776717944,5.499293496451266,6603.681,6794.33910603278,6413.022893967219,0.05774297881220513,0.48727827496837295,45.41192196849647,6738.9,6408.82,6954.12,6408.82,0.004495151690438792,0.005105623344518362,-0.015576049790847368,-0.0458892948594678
2026-08-25 10:50:00+09:00,6598.53,6599.24,6564.49,6564.49,6144.0,6561.257493513847,6561.449322146987,6590.413689384635,6687.420796758698,6735.163771398227,44.294216923027264,-43.60315514735885,-50.67380524321532,7.070650095856472,6595.671,6778.625705531194,6412.716294468806,0.05547720786291315,0.4147849192796955,44.65035611360386,6738.9,6408.82,6954.12,6408.82,-0.005203952821939639,0.0037431135426397866,-0.02382265948318807,-0.04952827456794706
2026-08-25 11:00:00+09:00,6567.16,6576.51,6549.12,6552.62,5283.0,6558.378329009232,6559.843990847534,6586.814290395622,6683.0010985043145,6732.146518978422,43.08248658441839,-41.43710705756894,-48.826465606086046,7.389358548517109,6587.322999999999,6761.947332565667,6412.698667434332,0.053018299714669474,0.4006352680347414,43.417473534060754,6738.9,6408.82,6954.12,6408.82,-0.0018082135855184145,0.0060615924116478315,-0.024846791019676795,-0.053967273136771965
2026-08-25 11:10:00+09:00,6554.2,6579.83,6551.33,6579.83,4754.0,6565.5288860061555,6563.477810693436,6586.149119881754,6679.618439536959,6729.6288905655565,46.68317653453961,-37.09724479853048,-46.480621444574936,9.383376646044454,6581.360000000001,6748.2859853947375,6414.434014605264,0.05072689699233499,0.49541713054326864,42.351939710199275,6719.68,6408.82,6954.12,6408.82,0.004152537458299133,0.010686209152936943,-0.017802417940347204,-0.05349747472931199
2026-08-25 11:20:00+09:00,6580.99,6587.95,6557.44,6568.2,4582.0,6566.419257337438,6564.336390567357,6584.439679893016,6675.965375945583,6726.960644440506,45.36227486210913,-34.202056478217855,-44.02490845130352,9.822851973085662,6575.1565,6734.16839405514,6416.14460594486,0.0483674857184434,0.47812585014053116,41.50608687375649,6717.8,6408.82,6953.99,6408.82,-0.0017675228691318434,-0.00016744554214309648,-0.018539299819045008,-0.05359530616008856
2026-08-25 11:30:00+09:00,6567.64,6585.5,6548.91,6559.52,4437.0,6564.119504891625,6563.460683191473,6582.066377046062,6672.1474947670395,6724.193030482812,44.353571699405684,-32.236401167680015,-41.66720699457882,9.430805826898805,6569.06,6720.471200378315,6417.648799621686,0.04609828510572739,0.468496386079222,41.15493781134532,6717.8,6408.82,6945.8,6408.82,-0.0013215188331657801,-0.005957116640374016,-0.018249032769832807,-0.054870510666624406
2026-08-25 11:40:00+09:00,6557.02,6574.84,6529.65,6533.03,6364.0,6553.756336594417,6557.9278317021135,6577.396245898819,6667.586265430416,6721.0333109707,41.33284928783089,-32.442153831303585,-39.82219636192378,7.380042530620194,6561.030500000001,6701.828417523667,6420.232582476335,0.0429194522182654,0.40056493557408424,41.44315653910641,6717.8,6408.82,6942.16,6408.82,-0.004038405249164656,-0.004792451508037976,-0.023991502355974803,-0.05376414169284627
2026-08-25 11:50:00+09:00,6536.51,6548.88,6526.87,6543.98,4747.0,6550.497557729612,6555.391862301729,6574.213746289407,6663.533600990074,6718.10680996292,43.05917530784366,-31.360140632361436,-38.129785216011314,6.769644583649878,6553.808999999999,6681.982670603598,6425.6353293964,0.03911425267461992,0.46165749192594424,40.055073929170256,6717.8,6408.82,6922.86,6408.82,0.001676098227009426,-0.0013185565468469829,-0.02159407093763699,-0.05228934227752491
2026-08-25 12:00:00+09:00,6544.22,6565.52,6541.69,6558.03,4394.0,6553.008371819742,6555.871523701414,6572.672437118988,6660.074466531382,6715.460912277583,45.28396678963625,-29.034231252762766,-36.310674423361604,7.276443170598839,6545.9105,6650.415638146404,6441.405361853596,0.03192990131667814,0.5579851872116628,38.89614007708673,6717.8,6408.82,6917.37,6408.82,0.002147011451746561,-0.0033131555070572416,-0.02352144133412748,-0.048908889717154014
2026-08-25 12:10:00+09:00,6561.61,6579.85,6559.53,6579.85,4651.0,6561.955581213162,6560.231246664793,6573.356014536226,6657.444156153304,6713.219409595309,48.64019897680024,-25.140436368430528,-34.07662681237539,8.93619044394486,6540.054999999999,6620.375383589709,6459.73461641029,0.02456260187099629,0.7477266555603175,37.6764157858663,6717.8,6408.82,6912.95,6408.82,0.0033272186921988745,0.0017736975122562004,-0.017487038895259932,-0.046561602508556454
2026-08-25 12:20:00+09:00,6588.12,6617.83,6579.39,6615.88,4933.0,6579.930387475441,6570.349201816648,6577.405917913728,6656.081396935163,6711.61049373423,53.69138523376403,-18.929053637191828,-31.04711217733868,12.118058540146851,6547.683999999999,6626.361681562175,6469.006318437823,0.024032217059398737,0.9333884695503389,37.73095751544725,6601.92,6408.82,6912.95,6408.82,0.005475808719043629,0.008592092104300342,0.023607135673727075,-0.042972971018161554
2026-08-25 12:30:00+09:00,6617.16,6636.83,6608.59,6616.7,5505.0,6592.186924983628,6578.776619668166,6581.148211445754,6654.790203593026,6710.041725242755,53.80274300078846,-13.781456868988244,-27.593981115668594,13.81252424668035,6557.367,6617.86949518822,6496.8645048117805,0.018453289312072865,0.9903351491159018,37.053031978629576,6617.83,6408.82,6884.57,6408.82,0.0001239442069687069,0.012807227274327593,0.030150832004782746,-0.037499509054489844
2026-08-25 12:40:00+09:00,6620.0,6621.29,6597.42,6597.42,3871.0,6593.931283322419,6582.166325183045,6582.697905593778,6652.909213311287,6708.18020912304,50.71478642071929,-11.129391516474243,-24.301063195829727,13.171671679355484,6560.8795,6622.114115202524,6499.644884797476,0.018666587369124476,0.7983647392830682,36.11138683729889,6636.83,6424.35,6884.57,6408.82,-0.0029138392249912215,0.008166284126785328,0.010762704204119178,-0.03290295343805516
2026-08-25 12:50:00+09:00,6599.51,6609.89,6592.85,6609.89,4331.0,6599.25085554828,6587.2069933315815,6585.287628870561,6651.498747301081,6706.555577567287,52.60932632464624,-7.92997402927449,-21.02684536251868,13.096871333244192,6564.8455,6627.959952695098,6501.731047304903,0.019228008547984104,0.8568477430803965,34.74914492034897,6636.83,6488.51,6849.96,6408.82,0.0018901328094922398,0.007907862574584312,0.01214595356913728,-0.02537746977292832
2026-08-25 13:00:00+09:00,6610.29,6670.42,6607.71,6648.03,7350.0,6615.510570365521,6598.265721816748,6591.263092787651,6651.385017881373,6705.58821264882,57.93535239281569,-2.2904307099097423,-17.279562431996894,14.989131722087151,6571.216,6640.597945028968,6501.834054971033,0.02111692722594037,1.0535589984392117,36.74634885460976,6636.83,6488.51,6849.96,6408.82,0.005770141409312313,0.010361938342059451,0.019539552987292597,-0.02396616196392165
2026-08-25 13:10:00+09:00,6660.26,6666.79,6640.6,6660.64,6111.0,6630.553713577015,6609.606499668248,6597.870417284064,6651.6884599180485,6704.845266985204,59.55383069700206,3.1600426110726403,-13.191641423382988,16.35168403445563,6575.9825,6655.451553064721,6496.513446935279,0.024169484351493107,1.0326444492238596,35.99232393642332,6670.42,6488.51,6849.96,6408.82,0.0018968025114207698,0.006765539882827465,0.014520258753965898,-0.026203714398080558
2026-08-25 13:20:00+09:00,6659.85,6677.63,6659.78,6661.05,5839.0,6640.719142384676,6618.95986336493,6603.887520399868,6651.9953956584395,6704.121378274705,59.608247844590096,7.427051137642593,-9.067902911177873,16.494954048820468,6582.0345,6667.809294310476,6496.259705689524,0.026063307419757813,0.960598597963353,34.69644365525025,6670.42,6488.51,6849.96,6408.82,6.155564630416777e-05,0.006702737013919435,0.018507616960830253,-0.02724312167766807
2026-08-25 13:30:00+09:00,6656.54,6679.71,6651.87,6676.28,5544.0,6652.572761589784,6629.3817063894885,6610.782042266547,6652.791612194228,6703.6611902040495,61.67117825000337,11.900439001620725,-4.874234528618153,16.77467353023888,6590.191499999999,6679.176449126274,6501.206550873724,0.027005269612051443,0.983725061627198,34.20669767987524,6677.63,6488.51,6849.96,6408.82,0.002286426314169532,0.01195315744639558,0.025047826394027917,-0.01958976045864136
2026-08-25 13:40:00+09:00,6675.36,6693.51,6667.45,6669.21,6279.0,6658.118507726523,6636.623214318672,6616.346609669734,6653.329919991138,6703.091749043652,60.13575247227787,14.705623920672224,-0.9582628387600778,15.663886759432302,6598.139,6685.526904632203,6510.7510953677975,0.026488652219118954,0.9066409436129795,33.62479070274132,6679.71,6488.51,6849.96,6408.82,-0.0010589729609902232,0.00897443073939197,0.02441530752996046,-0.024644179638827035
2026-08-25 13:50:00+09:00,6669.88,6670.44,6652.18,6667.02,5229.0,6661.085671817683,6642.149902624367,6621.172646844046,6653.778775073396,6702.495521786733,59.64042015888795,16.56113206043483,2.545616141078904,14.015515919355925,6603.025,6694.259504108959,6511.79049589104,0.027634153773144675,0.8507170923161539,32.527305652545465,6693.51,6505.17,6839.58,6408.82,-0.0003283747250423241,0.0028564853046693095,0.0148752530711036,-0.022697622056154665
2026-08-25 14:00:00+09:00,6667.7,6697.15,6664.01,6675.11,5836.0,6665.760447878456,6648.142647601754,6626.309537620803,6654.478159497218,6702.04286853406,60.92097082715495,18.471503029644737,5.730793518792071,12.740709510852666,6606.839,6703.282134519821,6510.395865480179,0.029194940127895017,0.8539443234602083,32.571069534506464,6693.51,6526.87,6822.72,6408.82,0.0012134356879083263,0.0021724639073721352,0.011559624963819237,-0.018947594293381997
2026-08-25 14:10:00+09:00,6672.69,6704.96,6672.44,6695.28,5371.0,6675.600298585638,6656.713075310526,6632.8781530854885,6655.815924759604,6701.9310855830845,63.98879096048484,21.366733811451923,8.857981577324042,12.508752234127881,6613.378500000001,6715.044091480153,6511.7129085198485,0.030745432604576378,0.9027985221331661,32.567421710613175,6697.15,6526.87,6809.89,6408.82,0.0030216730510808087,0.005138829463823269,0.01992386308761218,-0.0129788952902119
2026-08-25 14:20:00+09:00,6695.44,6725.79,6695.44,6725.45,5778.0,6692.216865723759,6669.210697981339,6641.694519458299,6658.099009193715,6702.319827970142,68.03141733138037,25.798305121284102,12.246046286116055,13.552258835168047,6622.0199999999995,6730.697852205545,6513.342147794454,0.032823172447544895,0.9758559260279643,32.420463016997964,6704.96,6526.87,6808.89,6408.82,0.004506159563155032,0.007364879843265948,0.026375709258281477,-0.00285409284326954
2026-08-25 14:30:00+09:00,6723.18,6742.17,6723.18,6739.22,6940.0,6707.884577149173,6681.939661984732,6650.98266046227,6660.758713810314,6702.929748168983,69.70314949952743,30.074797684585974,15.811796565810042,14.263001118775932,6629.989500000001,6748.091119883098,6511.887880116903,0.03562648775932376,0.9624428526387744,31.46114423006952,6725.79,6526.87,6786.07,6408.82,0.0020474466392583768,0.010497495205579188,0.02422403010412122,0.0018552820534167846
2026-08-25 14:40:00+09:00,6736.72,6738.15,6708.98,6717.31,6419.0,6711.026384766116,6688.370632532962,6657.299549942054,6662.612854341123,6703.167438281893,63.97097493826591,31.33478704119443,18.916394660886922,12.418392380307509,6637.445,6757.80712103487,6517.08287896513,0.03626760629575692,0.8317696602275021,31.373919642207465,6742.17,6526.87,6786.07,6408.82,-0.0032511180819144725,0.007543100215688492,0.022701805669742114,-0.004834117044003272
2026-08-25 14:50:00+09:00,6718.29,6727.3,6710.7,6713.63,6335.0,6711.8942565107445,6692.9632447996955,6662.664354709477,6664.285547641414,6703.3403731863245,63.03335346941974,31.67130534575972,21.467376797861483,10.203928547898236,6645.150500000001,6764.297094491887,6526.003905508114,0.0358597128814122,0.7873749782443961,30.318639667764103,6742.17,6526.87,6786.07,6408.82,-0.000547838346004581,0.005770691419317409,0.023494097129058256,-0.007126779476531397
2026-08-25 15:00:00+09:00,6709.84,6728.1,6709.84,6726.61,5941.0,6716.799504340496,6699.080836654295,6668.754416165717,6666.328972308908,6703.72499511713,64.98291148869768,32.60947432687772,23.695796303664732,8.913678023212984,6654.8295,6767.231045981429,6542.427954018571,0.033780443505405836,0.819303882225336,29.457308262923824,6742.17,6526.87,6786.07,6408.82,0.0019333803024592644,0.004679415946756471,0.02963096756022865,-0.007482308641173829
2026-08-25 15:10:00+09:00,6726.6,6747.07,6723.14,6746.48,7720.0,6726.693002893664,6707.698866353514,6676.156852721363,6668.956874856157,6704.431689412715,67.78387392027297,34.557960288416325,25.86822910061505,8.689731187801275,6664.9545,6771.942749537118,6557.966250462881,0.032104720155889575,0.8810021210400087,29.062500529857793,6742.17,6526.87,6777.8,6408.82,0.0029539396516224947,0.003126928309629795,0.03094447110168419,-0.0003689451871916605
2026-08-25 15:20:00+09:00,6746.37,6747.16,6742.12,6742.74,11679.0,6732.04200192911,6714.0699815619655,6682.498104843137,6671.375993713332,6705.064884629034,66.70237285382669,35.39238136610675,27.773059553713388,7.619321812393359,6674.19,6774.334169875326,6574.045830124674,0.03000938537120641,0.8422565691309896,27.346607634867947,6747.07,6541.69,6751.57,6408.82,-0.0005543631641982127,0.0005223156389018158,0.028165470423282546,-0.0006076918972438561
2026-08-26 09:00:00+09:00,6727.25,6786.37,6704.1,6776.2,37959.0,6746.761334619407,6725.366348550699,6691.422094858077,6674.812846378468,6706.24067165996,71.13898252878356,38.311971881493264,29.880842019269366,8.431129862223898,6684.0075,6783.729726384189,6584.28527361581,0.029839052809019,0.9622464988137127,31.269707089520203,6747.16,6559.53,6751.57,6408.82,0.004962374346334064,0.008766902227230755,0.029841105800284096,0.00846964485831081
2026-08-26 09:10:00+09:00,6772.88,6829.88,6766.55,6812.23,23009.0,6768.584223079604,6741.159739723298,6702.927609633498,6679.318326825075,6707.992561384589,75.00153418999858,43.036984713987295,32.512070558212955,10.52491415577434,6693.825,6802.998805741217,6584.651194258782,0.032619259015949066,1.04227751426319,33.55972801169733,6786.37,6579.39,6786.37,6408.82,0.005317139399663384,0.014686540664290426,0.029678591510124086,0.018390811471010737
2026-08-26 09:20:00+09:00,6809.3,6821.95,6759.29,6768.45,16983.0,6768.53948205307,6746.1216052281525,6709.16783728745,6682.2406767652365,6708.991857890629,63.824068904986774,42.75604622418541,34.56086569140744,8.195180532777968,6701.4125,6809.175036324189,6593.649963675812,0.03216114105024535,0.8110426976139761,35.63831886800466,6829.88,6592.85,6829.88,6408.82,-0.006426676727004144,0.006220072220628259,0.022934393277615817,0.013083292421539161
2026-08-26 09:30:00+09:00,6768.9,6784.73,6740.47,6742.66,15646.0,6759.91298803538,6745.492222459397,6712.357567069598,6684.221638182769,6709.548356107313,58.311109949892,39.99136739343885,35.646966031813726,4.344401361625124,6708.674499999999,6806.547892191254,6610.801107808745,0.029178160958995534,0.673619710317129,36.25415323457571,6829.88,6592.85,6829.88,6408.82,-0.0038103258500837844,-0.000566221199795991,0.022014666339265965,0.007650038033496287
2026-08-26 09:40:00+09:00,6737.95,6768.23,6735.54,6759.03,14033.0,6759.618658690253,6747.953636557688,6716.802560682017,6686.674371357105,6710.366234518763,60.63538894090611,38.67543534777269,36.25265989500552,2.422775452767169,6716.1315,6805.082235191027,6627.180764808973,0.026488681822572108,0.7411362868888731,35.999570860677416,6829.88,6592.85,6829.88,6408.82,0.0024278252203135953,0.002415931802205007,0.02256315914485718,0.01082757682120894
2026-08-26 09:50:00+09:00,6754.92,6757.84,6713.92,6714.67,11897.0,6744.635772460169,6741.9020662744715,6716.599459664682,6687.592260820806,6710.437371138289,52.15036926635928,33.66499929663405,35.73512777533123,-2.0701284786971783,6719.4635,6802.774296005227,6636.152703994772,0.0247968594532071,0.47123121954266894,36.650315799200435,6829.88,6607.71,6829.88,6408.82,-0.006563071920083208,-0.009080310498509436,0.010024022153931389,0.007280075125934982
2026-08-26 10:00:00+09:00,6710.71,6754.28,6710.71,6751.62,10083.0,6746.96384830678,6743.6689633154765,6719.934749220427,6689.691530957829,6711.118075747573,57.4868785367404,32.30337561786018,35.048777343837024,-2.7454017259768406,6724.0125,6803.841582388721,6644.183417611279,0.023744477687607204,0.6729163055236417,37.14457895640038,6829.88,6640.6,6829.88,6408.82,0.005502876537491819,-0.008897233358239443,0.013659348050637732,0.00958652772108004
2026-08-26 10:10:00+09:00,6749.06,6777.88,6748.49,6772.89,9248.0,6755.6058988711875,6748.981879076298,6724.978106437529,6692.419349614949,6712.139099288936,60.23607427542784,32.565198939415495,34.552061662952724,-1.9868627235372287,6729.6044999999995,6806.6275307052765,6652.581469294722,0.0228908045651946,0.7809906310076894,36.59068045951466,6829.88,6651.87,6829.88,6408.82,0.003150355025904883,0.0006559847527869422,0.01679014569775039,0.010315137520249928
2026-08-26 10:20:00+09:00,6772.66,6777.6,6731.68,6743.96,9047.0,6751.723932580792,6748.068810153334,6726.785905824431,6694.1092070046225,6712.665064589946,55.024111183337695,30.09141152537086,33.65993163543635,-3.568520110065492,6732.988500000001,6806.195446740228,6659.781553259774,0.021745751307974775,0.5749348285138214,37.25706042669219,6829.88,6651.87,6829.88,6408.82,-0.004271440994907727,0.0001928022471844315,0.010137381895306996,0.007525109843895317
2026-08-26 10:30:00+09:00,6741.92,6758.14,6724.94,6750.8,7322.0,6751.415955053862,6748.565390125455,6729.072962412581,6695.967921529061,6713.295394100856,55.99362197607407,28.355977949975568,32.599140898344196,-4.243162948368628,6737.067999999999,6804.466800167562,6669.669199832437,0.020008347894829775,0.6018712496799741,36.96727039621423,6829.88,6652.18,6829.88,6408.82,0.0010142408911084644,-0.0012176303404481947,0.012233832792789556,0.005725250544889482
2026-08-26 10:40:00+09:00,6747.92,6747.92,6718.85,6726.47,6666.0,6743.100636702575,6744.548046466281,6728.82506123043,6696.967989675649,6713.513156181834,51.72267152988298,24.732308021104473,31.025774322896254,-6.293466301791781,6740.0405,6799.60873229732,6680.47226770268,0.017675927109731704,0.38609280923205774,36.608893939341776,6829.88,6652.18,6829.88,6408.82,-0.003604017301653162,0.001757346228481893,0.00891702739754785,0.002514307857398368
2026-08-26 10:50:00+09:00,6722.56,6761.86,6720.14,6759.33,6514.0,6748.5104244683835,6747.2356743815035,6731.730293494198,6699.012645751857,6714.2704593854405,56.54379148380956,24.232711261775876,29.66716171067218,-5.434450448896303,6744.2515,6796.296357680928,6692.206642319073,0.015433842489689962,0.6448606132467655,36.97397294367446,6829.88,6664.01,6829.88,6408.82,0.004885177515100647,0.0011419481546650623,0.012617020543481683,0.008367595371790326
2026-08-26 11:00:00+09:00,6760.89,6760.89,6744.48,6754.32,7176.0,6750.4469496455895,6748.523733584866,6733.881694113798,6700.826001628845,6714.932435263368,55.63161013562617,23.165474925986928,28.36682435373513,-5.201349427748202,6747.2035000000005,6794.261372572275,6700.145627427726,0.01394885231259866,0.575614340502423,35.50511773341205,6829.88,6672.44,6829.88,6408.82,-0.0007411977222594457,-0.0027418133175056703,0.008818152489515008,0.0044061510642126045
2026-08-26 11:10:00+09:00,6753.98,6797.89,6753.98,6792.08,6387.0,6764.3246330970605,6756.443054751254,6739.424389912484,6703.817936001669,6716.207601622652,60.76860316157324,25.077520817592813,27.708963646506668,-2.6314428289138547,6750.535000000001,6800.316371013954,6700.753628986047,0.014748866871723056,0.917274566306684,36.10546646673981,6829.88,6695.44,6829.88,6408.82,0.005590496156533842,0.007135273637447481,0.009907143759897208,0.010789364811491176
2026-08-26 11:20:00+09:00,6790.41,6823.64,6790.26,6823.64,5981.0,6784.096422064707,6768.660681160117,6747.444924206534,6707.74652826391,6717.983343744591,64.47119315395406,28.807385595146116,27.92864803623456,0.8787375589115562,6754.755999999999,6813.49423197909,6696.017768020909,0.017391666546975323,1.0863642612236115,35.91079029054412,6829.88,6704.1,6829.88,6408.82,0.00464658837940668,0.010789832316169923,0.012526672226162772,0.018592077431412335
2026-08-26 11:30:00+09:00,6823.21,6849.87,6817.45,6845.25,5989.0,6804.480948043139,6782.586011858277,6756.759693329721,6712.254838812633,6720.086924839722,66.782916233355,33.12522967334189,28.967964363656026,4.157265309685865,6761.153,6829.299061397784,6693.006938602217,0.020158118414945893,1.117034926707703,35.661448126933834,6829.88,6704.1,6829.88,6408.82,0.003166931432490472,0.01765859358623456,0.01904631467060458,0.02285920920704032
2026-08-26 11:40:00+09:00,6846.28,6878.94,6845.29,6862.23,9086.0,6823.73063202876,6797.0667369749535,6766.804484441176,6717.1720572122185,6722.436397156421,68.51635231471673,37.48519036510879,30.671409563946582,6.81378080116221,6768.5830000000005,6846.1374387126325,6691.028561287369,0.022916004343193238,1.1037500983470203,35.520630403581386,6849.87,6704.1,6849.87,6408.82,0.0024805522077351316,0.015223402319460622,0.022134076498109057,0.027057001100060596
2026-08-26 11:50:00+09:00,6854.07,6864.5,6841.42,6841.91,5691.0,6829.790421352507,6805.220057524961,6773.957390684874,6721.261825828211,6724.411167451356,64.19874100412247,38.85296366646435,32.307720384450135,6.545243282014212,6774.348,6855.6177563921065,6693.0782436078935,0.023993381028582086,0.9156650825556184,34.63201394618271,6878.94,6704.1,6878.94,6408.82,-0.002961136540162612,0.012967996778358248,0.01714087779728568,0.022153931654321557
2026-08-26 12:00:00+09:00,6843.27,6863.81,6835.47,6848.67,4762.0,6836.083614235005,6813.120047065877,6781.072877286314,6725.43914301417,6726.46503245216,64.98916382015574,40.02107136790801,33.85039058114171,6.170680786766297,6779.4574999999995,6865.76956285933,6693.145437140669,0.025462822905617622,0.900943377479006,34.18258437859824,6878.94,6704.1,6878.94,6408.82,0.0009880281968046578,0.008331762876762294,0.015147158221769041,0.023960851682238493
2026-08-26 12:10:00+09:00,6851.31,6876.51,6847.61,6873.73,4698.0,6848.632409490004,6824.140038508444,6789.897365163808,6730.3011383251815,6728.899164147166,67.82510585203454,42.47926319817998,35.57616510454937,6.903098093630611,6786.007,6879.740741438363,6692.273258561636,0.027625595269313376,0.9679371518402675,33.80525692298412,6878.94,6704.1,6878.94,6408.82,0.003659104614472497,0.0073406568928020555,0.019426820550696,0.0234857057772484
2026-08-26 12:20:00+09:00,6871.66,6875.26,6846.78,6849.88,4767.0,6849.0482729933365,6828.820031506908,6795.6099970529685,6734.22175674075,6730.898847384403,62.62585762412525,42.018538698271186,36.86463982329373,5.1538988749774575,6789.691000000001,6887.304746142819,6692.077253857183,0.028753516512848062,0.8083018651488763,33.42488142848529,6878.94,6704.1,6878.94,6408.82,-0.0034697318631949914,0.0006763814323800243,0.0108733508456067,0.02283424120795119
2026-08-26 12:30:00+09:00,6846.64,6869.49,6836.96,6869.49,4693.0,6855.862181995558,6836.214571232924,6802.646187809829,6738.656781109905,6733.189610237553,65.00146073069038,42.743058948220096,38.040323648279006,4.702735299941089,6792.553999999999,6895.838225010573,6689.269774989425,0.030411013297965427,0.8724479705982399,33.360961326450614,6878.94,6710.71,6878.94,6408.82,0.002862823874286713,0.0010579651221249708,0.008405470748932498,0.06284560518620519
2026-08-26 12:40:00+09:00,6869.36,6884.54,6855.06,6873.26,5655.0,6861.6614546637065,6842.950103736029,6809.371312780322,6743.070001401384,6735.504823291479,65.4560540346574,43.12434337255854,39.057127593134915,4.067215779423627,6797.794500000001,6906.16548734918,6689.423512650822,0.03188416106111442,0.8481812883961471,33.08374980313268,6878.94,6710.71,6878.94,6408.82,0.0005488034774052686,0.004582053841690525,0.015485081517925048,0.07009453467516935
2026-08-26 12:50:00+09:00,6874.07,6887.18,6873.23,6884.62,4627.0,6869.314303109138,6850.526448511296,6816.537854420291,6747.710984961994,6737.969536956083,66.8531833530398,43.83783580333602,40.01326923517514,3.8245665681608827,6804.8925,6916.438523483748,6693.346476516252,0.0327840663122153,0.857374909073365,31.71705338862326,6884.54,6710.71,6884.54,6424.35,0.0016527819404474897,0.0052491943691257426,0.02105400539253055,0.05476339669412611
2026-08-26 13:00:00+09:00,6880.45,6884.05,6863.59,6865.07,5574.0,6867.899535406093,6853.170730600151,6821.1599635231205,6751.558821520617,6740.070371055983,62.19143973199964,42.33771920860818,40.478159229861745,1.8595599787464323,6810.1945000000005,6922.5940687671355,6697.794931232866,0.03300920958047085,0.7441090326320029,30.95369243229301,6887.18,6710.71,6887.18,6488.51,-0.002839662900784634,-0.0012598690958184333,0.015688641713381912,0.05122064383353986
2026-08-26 13:10:00+09:00,6870.68,6881.08,6868.34,6879.65,5425.0,6871.8163569373955,6857.985143218304,6826.730443187585,6755.758532290432,6742.377472360843,64.19658652896022,41.843009976742906,40.75112937923798,1.0918805975049253,6818.443499999999,6925.687643574552,6711.199356425447,0.03145707479267146,0.7853605705632387,29.886285829986384,6887.18,6710.71,6887.18,6488.51,0.002123794804714363,0.00434606153684447,0.024570083116519426,0.055060715085375245
2026-08-26 13:20:00+09:00,6878.67,6883.17,6868.33,6881.15,5099.0,6874.927571291597,6862.196935360431,6831.9132581221,6759.869727953041,6744.671233148268,64.40573489789688,41.09823197483547,40.82054989835748,0.27768207647799414,6824.92,6930.876930495557,6718.963069504443,0.031050013918274985,0.7653436624532908,28.81155112784451,6887.18,6710.71,6887.18,6488.51,0.00021803434767764251,0.001697360357173494,0.019185025223575902,0.04810740086911336
2026-08-26 13:30:00+09:00,6876.65,6885.94,6864.08,6864.08,4619.0,6871.3117141943985,6862.539310749443,6834.976757348567,6763.286458184089,6746.644931773917,60.10292090711443,38.684651124624,40.39337014361078,-1.708719018986784,6829.4794999999995,6933.925619597814,6725.033380402185,0.030586846215092875,0.6656380348702031,28.315011761569878,6887.18,6718.85,6887.18,6488.51,-0.00248069000094453,-0.0013356107582137566,0.01346397180524117,0.049551912000134424
2026-08-26 13:40:00+09:00,6865.14,6878.73,6864.14,6868.35,5327.0,6870.324476129599,6863.59579970409,6838.155161410608,6766.731164473135,6748.656585794183,60.808265838593535,36.69344503258344,39.653385121405314,-2.959940088821874,6835.6990000000005,6933.646584738175,6737.751415261826,0.028657664633324125,0.6666758812240231,27.33893949288629,6887.18,6718.85,6887.18,6488.51,0.0006220789967483764,-0.0023632386391695404,0.01844465269663531,0.05453744276953976
2026-08-26 13:50:00+09:00,6869.83,6878.29,6852.46,6852.46,5023.0,6864.369650753066,6861.571108848801,6839.51752699055,6769.541945965819,6750.372344706677,56.78503413477843,33.447646014230486,38.41223729997035,-4.964591285739864,6840.781999999999,6930.809773403781,6750.754226596217,0.02632090114954162,0.5648577631017487,27.231158100537264,6887.18,6718.85,6887.18,6488.51,-0.0023135105229058484,-0.0018368348756822028,0.01505895597558804,0.05256318488048084
2026-08-26 14:00:00+09:00,6853.5,6866.16,6839.56,6847.89,5181.0,6858.876433835378,6859.083634512655,6840.314905372403,6772.110734622677,6751.984206777642,55.644748644784116,30.15891292561537,36.76157242509935,-6.602659499483984,6846.853,6920.0256033706855,6773.680396629315,0.021374083354991108,0.5070859854114177,27.186075379070278,6887.18,6718.85,6887.18,6505.17,-0.0006669137798688274,-0.004616513921492982,0.01805107285099017,0.04240786689601639
2026-08-26 14:10:00+09:00,6853.07,6853.07,6808.61,6808.61,5895.0,6842.120955890252,6849.906610055808,6837.295390575031,6773.307431848163,6752.920170301978,46.922968271575,24.105131583531147,34.230284256785716,-10.125152673254568,6849.317,6913.27319597853,6785.36080402147,0.01867520395932314,0.1817587461450503,28.419927137708118,6887.18,6720.14,6887.18,6526.87,-0.0057360734474415365,-0.010541842569919302,0.007290663423741739,0.031790484070660874
2026-08-26 14:20:00+09:00,6808.9,6822.95,6801.18,6819.16,4877.0,6834.4673039268355,6844.316317318388,6835.568210520266,6774.810794738387,6754.015043520128,49.224925218991984,19.929033590918152,31.370034123612207,-11.441000532694055,6852.558999999999,6901.806900219649,6803.31109978035,0.014373579335734181,0.1609094006948806,27.944932342157507,6887.18,6744.48,6887.18,6526.87,0.001549508636858432,-0.006544212771412927,0.009599782065404128,0.03879509299275341
2026-08-26 14:30:00+09:00,6820.55,6840.81,6817.62,6838.54,5650.0,6835.824869284557,6843.266077805954,6835.851238089764,6776.900276878111,6755.412150238803,53.23708432958808,17.976033356353582,28.691233970160482,-10.7152006138069,6854.8820000000005,6896.252701517438,6813.511298482563,0.012070434332038898,0.3024930760104176,27.605294317717725,6887.18,6753.98,6887.18,6526.87,0.002841992268842519,-0.004340198155306618,0.006840319902003511,0.043634454615100626
2026-08-26 14:40:00+09:00,6839.14,6848.3,6837.17,6845.6,5626.0,6839.083246189705,6843.690427295781,6836.779691605024,6779.152726816533,6756.902858499319,54.64315147006646,16.804240769656644,26.313835330059717,-9.509594560403073,6855.9800000000005,6895.078991291914,6816.881008708087,0.011405806694859985,0.36726000266217834,26.428487580737897,6887.18,6790.26,6887.18,6526.87,0.0010323841053792027,-0.0010011003347701886,0.0032182237046503026,0.04039162106011873
2026-08-26 14:50:00+09:00,6841.75,6842.87,6819.53,6832.91,5718.0,6837.025497459804,6841.730349605638,6836.411149547403,6780.915260363531,6758.159174887761,51.637678731788235,14.682360643102584,23.987540392668294,-9.30517974956571,6855.363,6895.495614717272,6815.230385282729,0.01170838501689007,0.22026492469804537,26.402881324970952,6887.18,6801.18,6887.18,6526.87,-0.0018537454715438217,-0.0021875351385609587,-0.0018027099083306464,0.04030175695015381
2026-08-26 15:00:00+09:00,6835.26,6841.06,6816.19,6816.4,6154.0,6830.150331639869,6837.124831495522,6834.505325780983,6782.078694449972,6759.1218331540795,47.94303385022749,11.535561562262956,21.49714462658723,-9.961583064324273,6853.0715,6896.474435511836,6809.668564488164,0.012666710251552579,0.07754585527976901,26.2933898017588,6887.18,6801.18,6887.18,6526.87,-0.0024162472504394295,0.001144139552713419,-0.006678586989943502,0.03916140205380869
2026-08-26 15:10:00+09:00,6817.18,6825.88,6812.36,6813.05,7717.0,6824.450221093247,6832.747589405426,6832.46196142089,6783.0941470909565,6760.01320781269,47.20499978554922,8.671424828701674,18.93200066701012,-10.260575838308444,6851.628500000001,6898.221569130982,6805.035430869019,0.013600582439921061,0.08600602278903809,25.381004815918917,6887.18,6801.18,6887.18,6526.87,-0.0004914617686754275,-0.0008960047865131937,-0.00421812037866609,0.042862194112073704
2026-08-26 15:20:00+09:00,6813.21,6813.21,6807.91,6808.21,13558.0,6819.036814062165,6828.28620951353,6830.152250809377,6783.917617678138,6760.809849005869,46.100807607714366,5.942526535127399,16.334105840633576,-10.391579305506177,6849.605500000001,6899.902882228543,6799.3081177714585,0.014686212871249918,0.08849250034617163,23.946647329067577,6887.18,6801.18,6887.18,6526.87,-0.0007104013620918836,-0.004435157211919449,-0.005907716388729445,0.040377568391101404
2026-08-27 09:00:00+09:00,6996.12,6996.12,6969.92,6981.56,29408.0,6873.211209374777,6856.154171420161,6844.572036446579,6790.397695787052,6764.458611832219,71.66533957761169,17.56526973491964,16.58033861949079,0.98493111542885,6854.997,6931.020373274572,6778.973626725428,0.02218042495848558,1.3323953183640995,35.65831537699131,6887.18,6801.18,6887.18,6541.69,0.025461905552267128,0.019860932569825795,0.01568726150139743,0.0645818942578793
2026-08-27 09:10:00+09:00,6979.13,6979.13,6943.37,6956.18,17381.0,6900.867472916519,6874.340685707404,6855.201366308809,6795.833181171083,6767.627560396976,66.67883687333286,24.446618170825786,18.15359452975779,6.293023641067997,6860.312,6948.112452983147,6772.511547016853,0.02559663554169166,1.0459425136360176,35.83914999292055,6996.12,6801.18,6996.12,6559.53,-0.003635290680019998,0.018040629834140898,0.015518520032467675,0.05719431294026456
2026-08-27 09:20:00+09:00,6954.91,6973.59,6948.68,6961.3,14442.0,6921.011648611013,6890.1514701242395,6865.305998088923,6801.2583227720315,6770.828757745787,67.17503395754244,29.967827137182212,20.516441051242676,9.451386085939536,6864.902499999999,6963.124172125078,6766.68082787492,0.028615605866238843,0.9907140039178169,35.058496421997646,6996.12,6801.18,6996.12,6579.39,0.0007360361577761765,0.021257555307787168,0.013364893172564507,0.052210741428200036
2026-08-27 09:30:00+09:00,6963.5,6964.07,6909.13,6929.64,15401.0,6923.887765740676,6897.331202828923,6871.433045889978,6805.467558090982,6773.453736956601,61.114588081542315,31.42646291267829,22.698445423529797,8.728017489148492,6867.7215,6969.897471006137,6765.545528993863,0.02975542063146764,0.8029993225916184,36.47860382042636,6996.12,6801.18,6996.12,6592.85,-0.004548001091750131,0.017112746860803885,0.008202803327678643,0.04729547961975
2026-08-27 09:40:00+09:00,6932.92,6932.92,6887.36,6899.68,11627.0,6915.818510493785,6897.758256860028,6874.1232319956935,6808.556490612589,6775.540121469715,55.9687309545148,29.82116088023031,24.122988514869903,5.698172365360406,6868.474499999999,6971.357046134157,6765.591953865842,0.029957902918372217,0.6516559473523786,37.12727497611022,6996.12,6801.18,6996.12,6592.85,-0.004323456918396973,0.01343524950023589,0.0021874845670495358,0.04581487914972815
2026-08-27 09:50:00+09:00,6903.36,6905.18,6843.66,6865.65,12731.0,6899.095673662523,6891.920391976387,6873.316257519913,6810.428408953159,6777.029540949555,50.742489951577895,25.50895944876538,24.400182701649,1.10877674711638,6868.503500000001,6971.38251812832,6765.624481871681,0.029956749131253794,0.4861317688877923,38.869612477816666,6996.12,6801.18,6996.12,6592.85,-0.0049321127936369225,-0.01660230664779805,8.44856643851255e-05,0.038693533477864195
2026-08-27 10:00:00+09:00,6862.92,6905.28,6841.88,6889.78,9763.0,6895.990449108349,6891.531229798862,6874.884232994207,6813.030100462892,6778.893184900802,54.021049550621846,23.764653946065664,24.273076950532335,-0.5084230044666711,6869.01,6972.202805951031,6765.817194048969,0.030045903543896718,0.600636860334313,40.621783015115454,6996.12,6801.18,6996.12,6607.71,0.003514598035146088,-0.009545468921160816,0.0014724586279826202,0.03636415599809273
2026-08-27 10:10:00+09:00,6889.45,6894.79,6848.26,6886.3,6979.0,6892.760299405567,6890.58009710816,6875.9714488995205,6815.432392250994,6780.668504158641,53.46831862906074,21.849603720917912,23.78838230460945,-1.938778583691537,6869.2675,6972.60579336237,6765.92920663763,0.030087136179329097,0.582411366811882,41.043798514035764,6996.12,6801.18,6996.12,6640.6,-0.0005050959537168387,-0.010773849711979033,0.0007484214121187271,0.033879627182973326
2026-08-27 10:20:00+09:00,6887.37,6921.59,6886.52,6913.78,6082.0,6899.766866270378,6894.798261270312,6879.572263290042,6818.656903980469,6782.868694172547,57.19298877376891,22.29234666450975,23.489175176589512,-1.1968285120797617,6871.7525,6976.847659141835,6766.657340858164,0.03058758566809128,0.6999497424200115,40.632812905890354,6996.12,6801.18,6996.12,6651.87,0.003990531925707419,-0.0022887191831033604,0.007240591601496371,0.03794146568483936
2026-08-27 10:30:00+09:00,6916.77,6918.96,6904.0,6911.92,5576.0,6903.817910846919,6897.911304675709,6882.653000119562,6821.714710407339,6785.0017736077125,56.86121951587555,22.23680513411,23.238701168093613,-1.0018960339836127,6873.931,6980.4503843206385,6767.411615679361,0.030992276274125794,0.6783196562873854,38.79904055546962,6996.12,6801.18,6996.12,6651.87,-0.00026902794129979313,0.0017739953157247523,0.006343590527564835,0.035295104459369675
2026-08-27 10:40:00+09:00,6910.56,6912.39,6879.29,6900.91,5063.0,6902.84860723128,6898.456522007398,6884.391762012938,6824.311277279229,6786.917612060478,54.83354280191116,21.061588207055138,22.80327857588592,-1.7416903688307812,6876.3535,6983.0131349658495,6769.693865034151,0.031022150029328587,0.6151161824614451,38.39196623007896,6996.12,6801.18,6996.12,6652.18,-0.0015929003807915176,0.005135711840830837,0.007070453530556797,0.034741746023891906
2026-08-27 10:50:00+09:00,6899.65,6936.84,6899.65,6919.53,5342.0,6908.40907148752,6902.288063460597,6887.738260868849,6827.433202614336,6789.109552356999,57.58807331074666,21.386172230507327,22.519857306810202,-1.133685076302875,6879.9355,6987.3401679574445,6772.530832042555,0.031222579908618295,0.6843239253608978,38.30611149935907,6996.12,6801.18,6996.12,6652.18,0.0026981948757482943,0.004317989834218272,0.010461616643958838,0.03787449265188925
2026-08-27 11:00:00+09:00,6921.47,6937.94,6917.95,6933.41,4491.0,6916.742714325013,6907.946597376852,6892.08795030991,6830.907851708947,6791.494683723,59.56757476678963,22.503995357365056,22.516684916921175,-0.012689559556118724,6886.1755,6990.7434269138,6781.6075730862,0.030370392655197347,0.7258555820798527,36.99781782083341,6996.12,6801.18,6996.12,6664.01,0.0020059165868202555,0.006841119323874878,0.018329732500466323,0.03869599152673153
2026-08-27 11:10:00+09:00,6932.25,6945.54,6928.58,6940.78,3791.0,6924.755142883343,6913.916306944697,6896.725288375634,6834.510217226687,6793.9622096118765,60.618620123271725,23.711247147839458,22.755597363104833,0.955649784734625,6892.2565,6994.651089364141,6789.86191063586,0.029712936355209732,0.7369436720305497,35.56654511934532,6996.12,6801.18,6996.12,6672.44,0.0010629690152463844,0.003905244309191147,0.01783504126607971,0.036667622563955504
2026-08-27 11:20:00+09:00,6941.62,6941.62,6923.72,6923.72,3879.0,6924.410095255563,6915.698796591115,6899.29621329224,6837.435128137287,6796.106966477796,56.92948036857423,23.02597436661199,22.80967276380627,0.21630160280572142,6896.5154999999995,6996.680331647896,6796.350668352103,0.029047953752267156,0.6357986608295366,34.30464903939206,6996.12,6807.91,6996.12,6695.44,-0.002457937004198274,0.001707195685135332,0.012455875084447898,0.02948055520448456
2026-08-27 11:30:00+09:00,6923.41,6952.84,6923.41,6946.98,3844.0,6931.933396837042,6921.386288120003,6903.837526312027,6841.026763280327,6798.600735626924,60.462481949266866,24.0821740466572,23.064173020376455,1.0180010262807464,6901.5845,7001.189068063179,6801.979931936821,0.02886426097171706,0.7278786047804829,33.95645982229265,6996.12,6807.91,6996.12,6704.1,0.0033594657207396406,0.006675931145312619,0.01480951267967745,0.03082849350518302
2026-08-27 11:40:00+09:00,6947.84,6951.57,6929.45,6947.94,4006.0,6937.268931224695,6926.214235734547,6908.037761901358,6844.532115303922,6801.069153219867,60.60610984440584,24.711821385191797,23.393702693339527,1.3181186918522698,6907.336,7003.644255388898,6811.027744611102,0.027885788497590977,0.7108022818814347,33.110998406414595,6996.12,6807.91,6996.12,6704.1,0.0001381895442336134,0.004105770189593683,0.01683470146687127,0.03433368416821603
2026-08-27 11:50:00+09:00,6947.8,6970.19,6946.63,6955.94,4566.0,6943.492620816463,6931.618920146448,6912.599879815514,6848.184832834941,6803.629001926977,61.84984840166034,25.56169526711983,23.827301208095587,1.7343940590242433,6914.313,7003.190243904469,6825.435756095531,0.025708192239624887,0.7341825543372104,32.428784234527804,6996.12,6807.91,6996.12,6704.1,0.001151420421016791,0.0032494832989826694,0.020471216477906173,0.036092248157851836
2026-08-27 12:00:00+09:00,6952.92,6963.66,6944.72,6945.54,3359.0,6944.17508054431,6934.150025574366,6915.737034118798,6851.3768055288765,6805.974638258764,59.23176811219585,25.106619872422925,24.083164940961055,1.0234549314618704,6920.9375,6997.539161568503,6844.335838431497,0.022136209601229025,0.6605872476930448,31.46529964634722,6996.12,6807.91,6996.12,6704.1,-0.001495125029830513,0.0006858018839381863,0.01944650340156029,0.032546854953684035
2026-08-27 12:10:00+09:00,6943.65,6947.95,6929.78,6944.85,3523.0,6944.400053696207,6936.095475469935,6918.509697536056,6854.441500429569,6808.270098783412,59.053165445669904,24.408921259798262,24.148316204728495,0.2606050550697674,6927.769499999999,6984.813109099149,6870.72589090085,0.01646810249652497,0.649714405081844,30.51563538589385,6996.12,6807.91,6996.12,6704.1,-9.934432743885502e-05,0.0030518276302333724,0.02006988621091299,0.02940348151925165
2026-08-27 12:20:00+09:00,6947.04,6949.06,6938.66,6939.87,3315.0,6942.890035797472,6936.781752657219,6920.544012056431,6857.2424348417135,6810.445303762199,57.700842760085315,23.186861990535363,23.956025361889868,-0.7691633713545052,6925.6849999999995,6977.523148308521,6873.846851691478,0.0149698256009395,0.6368200877428778,29.078804286901473,6996.12,6841.88,6996.12,6704.1,-0.0007170781226376599,-0.0010234663119801368,-0.005971444777385093,0.029235889267567705
2026-08-27 12:30:00+09:00,6938.57,6949.49,6936.59,6940.12,2951.0,6941.966690531648,6937.388706719543,6922.40839186058,6859.959732060018,6812.588687171089,57.75314579340615,21.985113423557777,23.56184297422345,-1.5767295506656716,6924.882,6975.2833811721075,6874.480618827892,0.014556603613493459,0.6511664923225654,27.923175409265628,6979.13,6841.88,6996.12,6704.1,3.602372955113786e-05,-0.0011255134615439921,-0.0023087384167748137,0.024190549275405093
2026-08-27 12:40:00+09:00,6939.1,6941.02,6924.79,6925.8,3308.0,6936.577793687766,6935.28166913417,6922.731402159573,6862.118429369525,6814.459948540162,53.66020745469419,19.650693738049995,22.779613126988757,-3.128919388938762,6923.107000000001,6970.6739120719,6875.5400879281015,0.013741492677174979,0.5283074923586454,27.087948594318117,6973.59,6841.88,6996.12,6710.71,-0.0020633648985896036,-0.004332987346066686,-0.0050996221970034394,0.016671486429554072
2026-08-27 12:50:00+09:00,6926.89,6939.94,6918.74,6927.9,3632.0,6933.685195791844,6933.939547473412,6923.223649572948,6864.275202177081,6816.334990713052,54.173117063629135,17.765314283728003,21.776753358336606,-4.011439074608603,6923.0199999999995,6970.54514492409,6875.494855075909,0.013729599199219547,0.5513412427020968,26.667380837581096,6970.19,6841.88,6996.12,6710.71,0.0003032140691328067,-0.002539759327568558,-0.00025109529499378613,0.023557830817986458
2026-08-27 13:00:00+09:00,6928.16,6936.27,6912.43,6913.85,3421.0,6927.07346386123,6930.286902478246,6922.33092104219,6865.90060538439,6817.946809048374,50.17192646211988,14.964913693775998,20.414385425424484,-5.449471731648487,6923.7285,6970.252667601967,6877.204332398033,0.013439050246400285,0.3938347475175227,26.46542506346817,6970.19,6841.88,6996.12,6710.71,-0.0020280315824419137,-0.004463739317623894,0.0020537184333186964,0.025389089765760264
2026-08-27 13:10:00+09:00,6914.93,6926.99,6912.33,6923.18,3510.0,6925.775642574154,6928.994738391292,6922.411785704839,6867.778618322606,6819.686200634352,52.67178559844547,13.344600824796544,19.0004285052989,-5.655827680502355,6926.6050000000005,6964.773559051351,6888.43644094865,0.011020856264028543,0.45513322895694985,25.62218041607758,6970.19,6841.88,6996.12,6710.71,0.0013494652039023336,-0.002404944184833391,0.00837939597853099,0.024286029208333337
2026-08-27 13:20:00+09:00,6925.03,6929.22,6912.78,6912.78,4507.0,6921.443761716102,6926.04660413833,6921.494472780568,6869.25407345957,6821.2249411197345,49.67981195830106,11.093420077591873,17.419026819757494,-6.325606742165622,6927.755,6962.662863011887,6892.847136988114,0.010077684043932427,0.2855067783023384,24.96631038635779,6970.19,6841.88,6996.12,6710.71,-0.0015021998561355332,-0.003939413151357596,0.0033382778550259395,0.029504056044451943
2026-08-27 13:30:00+09:00,6909.57,6918.12,6899.33,6908.93,5046.0,6917.272507810735,6922.9344942949965,6920.297856325276,6870.554923510075,6822.67461151445,48.5796758781766,8.896131229183084,15.714447701642612,-6.818316472459529,6928.886499999999,6959.555873176782,6898.217126823215,0.008852612371925465,0.17465099653381183,24.525145358760803,6970.19,6848.26,6996.12,6710.71,-0.0005569394657430893,-0.0024358196887002137,0.003286234988310044,0.023299593282797293
2026-08-27 13:40:00+09:00,6904.73,6911.61,6895.09,6899.12,5207.0,6911.221671873824,6918.604586241361,6918.2809176276305,6871.491483394991,6823.938171654707,45.79679563358532,6.290664111720616,13.829690983658214,-7.5390268719375975,6928.1535,6960.864796688708,6895.442203311292,0.009443005755778357,0.05621600274221343,23.95334926170643,6970.19,6879.29,6996.12,6718.85,-0.0014199014898110818,-0.004154217006596461,-0.0021204030212126357,0.018637538775913898
2026-08-27 13:50:00+09:00,6903.63,6905.76,6891.74,6899.01,5204.0,6907.15111458255,6915.041934197477,6916.445592139285,6872.3937298410565,6825.179028321571,45.765137665339445,4.168880311866815,11.897528849299935,-7.72864853743312,6927.508,6961.9394632866015,6893.076536713398,0.00994050480680836,0.0861633912740354,23.243824314441714,6970.19,6879.29,6996.12,6718.85,-1.59440624311058e-05,-0.0021464162514372997,-0.0018677878216183386,0.022990943006779396
2026-08-27 14:00:00+09:00,6900.15,6910.29,6896.6,6898.52,5482.0,6904.274076388367,6912.037946161572,6914.7383928879235,6873.250328862661,6826.391275787331,45.61387456780465,2.419917160278601,10.002006511495667,-7.582089351217066,6927.388500000001,6962.202845477929,6892.574154522073,0.010051217851554975,0.08539361283838286,22.561408291981564,6970.19,6879.29,6996.12,6718.85,-7.102468325159705e-05,-0.0035619469665674197,-0.0003463311360385468,0.021881851039876832
2026-08-27 14:10:00+09:00,6894.78,6901.17,6871.82,6871.82,6049.0,6893.456050925578,6904.725592314013,6910.650926898597,6873.203432834377,6827.142163790847,38.204056287222556,-1.107845048632953,7.780036199469943,-8.887881248102897,6925.003,6967.364499549191,6882.641500450808,0.012234362800764606,-0.1277280144231207,23.04630769969719,6970.19,6891.74,6996.12,6718.85,-0.0038703953891560117,-0.005925257277101248,-0.006894976970979294,0.02160865951977775
2026-08-27 14:20:00+09:00,6869.87,6890.77,6869.41,6887.14,5494.0,6891.350700617052,6901.528211893283,6908.411791003493,6873.660369462758,6828.133863562899,43.84121761308176,-2.637028032268063,5.696623353122342,-8.333651385390404,6922.6895,6967.918620476257,6877.4603795237435,0.013066921599259035,0.10700650791272988,22.925857149718862,6970.19,6871.82,6996.12,6720.14,0.002229394832810039,-0.003153889241894192,-0.00667348389897604,0.018908678818758684
2026-08-27 14:30:00+09:00,6889.84,6889.84,6876.2,6888.71,4807.0,6890.470467078036,6899.197627912686,6906.535429955541,6874.153799972176,6829.135122016405,44.40096658780644,-3.679812101700918,3.82133626215769,-7.501148363858608,6920.086,6966.819591088802,6873.352408911199,0.013506650376541968,0.1643099827233401,22.26258163902468,6970.19,6869.41,6996.12,6744.48,0.00022796109851119795,-0.001508888090075211,-0.007502038675768374,0.01989689561643515
2026-08-27 14:40:00+09:00,6888.73,6899.83,6878.15,6895.73,5162.0,6892.2236447186915,6898.567150110379,6905.506341388346,6874.86121636653,6830.235863801258,46.947243994677876,-3.8948729868488954,2.278094412356373,-6.172967399205268,6918.686500000001,6966.563382637188,6870.809617362814,0.0138398762936251,0.26025485855077024,22.220968664808655,6970.19,6869.41,6996.12,6753.98,0.001019058720718391,-0.00047543053278664704,-0.004042624485103508,0.015260420960883758
2026-08-27 14:50:00+09:00,6896.49,6902.43,6875.88,6881.24,6100.0,6888.562429812462,6895.416759181218,6903.195261256123,6875.0703568135295,6831.078907374792,42.609527624810376,-5.174879401289218,0.7874996496272548,-5.962379050916472,6915.3994999999995,6964.075182420017,6866.723817579982,0.01407747518274756,0.14911123684675898,22.530185188750906,6970.19,6869.41,6996.12,6790.26,-0.002101300369939052,-0.002504885105790944,-0.009463104831163971,0.008441242504000801
2026-08-27 15:00:00+09:00,6883.6,6884.62,6866.56,6866.83,6431.0,6881.318286541642,6890.219166602815,6899.731903041254,6874.800181180299,6831.669834525622,38.7728199072632,-7.2682761145815675,-0.8236555032145096,-6.444620611367058,6911.344,6961.975572917042,6860.712427082958,0.014651729943421113,0.060412629556909375,22.210886246697235,6970.19,6869.41,6996.12,6801.18,-0.0020940993193087065,-0.0007261540610784545,-0.011673963793584763,0.003152551039041551
2026-08-27 15:10:00+09:00,6870.34,6895.52,6870.34,6889.87,7661.0,6884.168857694428,6890.155681765938,6898.792674180182,6875.294273600616,6832.631820731811,46.99147726399941,-6.987623669274399,-2.0564491364264876,-4.931174532847911,6908.0405,6955.097588935177,6860.9834110648235,0.013623860177188186,0.30693132096387304,22.673680086218898,6970.19,6866.56,6996.12,6801.18,0.0033552599962427543,0.00039639095473575914,-0.00949835680008737,0.004027845175693656
2026-08-27 15:20:00+09:00,6894.05,6912.37,6894.05,6912.37,9924.0,6893.569238462952,6894.194648717586,6900.085752829689,6876.509871187482,6833.949807165996,53.54895509962119,-4.893236440965666,-2.6238065973343234,-2.2694298436313423,6906.3820000000005,6950.266775766237,6862.497224233764,0.012708470445520125,0.5682241152591966,22.66127436577469,6963.66,6866.56,6996.12,6801.18,0.003265663938506913,0.003434605317976791,-0.004775726581374484,0.010298293897464283
2026-08-28 09:00:00+09:00,6846.54,6873.48,6823.79,6836.63,20062.0,6874.589492308634,6883.728348950752,6894.04234779829,6875.202334427237,6833.994107873997,36.96971295271925,-9.238508710056522,-3.946747019878763,-5.291761690177759,6900.9710000000005,6950.829487302082,6851.112512697919,0.014449702020797308,-0.14523618225892132,27.36975476821935,6949.49,6866.56,6996.12,6801.18,-0.010957168091407121,-0.008570521177598267,-0.015582769966233978,-0.001758005568964438
2026-08-28 09:10:00+09:00,6834.47,6856.33,6805.01,6817.45,14725.0,6855.542994872423,6871.677740050614,6886.747838484167,6873.308815265687,6833.720651545501,34.09122591637016,-14.067670644983991,-5.970931744899809,-8.096738900084183,6894.85,6953.403627044367,6836.296372955634,0.016984742828159073,-0.16093258357295515,29.08048657048938,6949.49,6823.79,6996.12,6801.18,-0.0028054757972861832,-0.009270131546058602,-0.017640099886597316,-0.008187694308621318
2026-08-28 09:20:00+09:00,6816.54,6862.06,6816.54,6862.06,13295.0,6857.7153299149495,6869.9290600414115,6884.396615771389,6872.940001650419,6834.18907052822,44.84728956467094,-14.132254261864546,-7.603196248292757,-6.529058013571789,6890.947,6947.274221163928,6834.619778836072,0.016348180058249697,0.24357868715083106,30.25473752974017,6949.49,6805.01,6996.12,6801.18,0.006543502335917495,-0.0006946436710970616,-0.011247644132954426,0.0017781333395621157
2026-08-28 09:30:00+09:00,6865.32,6876.99,6852.66,6852.66,12168.0,6856.030219943301,6866.789230942973,6881.374080936019,6872.275083563519,6834.494375147589,43.24576349561847,-14.771660180937943,-9.036889034821794,-5.734771146116149,6887.289999999999,6943.588257522319,6830.9917424776795,0.01634844983217479,0.19244163563792296,29.83154199190158,6941.02,6805.01,6996.12,6801.18,-0.0013698510359863025,-0.005400682451192851,-0.010560512864939864,-0.0024499635344108484
2026-08-28 09:40:00+09:00,6849.04,6900.81,6849.04,6900.81,10420.0,6870.956813295534,6872.974825316977,6883.225120846874,6873.210654594223,6835.590501178208,52.5859938025469,-11.263255585558,-9.482162344969035,-1.7810932405889641,6885.9355,6939.497415378832,6832.3735846211675,0.01555690301741341,0.638853324183766,31.398574706765785,6939.94,6805.01,6996.12,6801.18,0.007026468553817056,-0.0016723641818940926,-0.003910275841163879,0.004008287188321136
2026-08-28 09:50:00+09:00,6899.21,6901.78,6847.4,6847.4,10273.0,6863.104542197023,6868.324857077527,6879.813204575743,6872.364403623921,6835.785699505841,43.9463958549844,-12.646776138060886,-10.115085103587406,-2.5316910344734804,6882.613,6937.072855343626,6828.153144656375,0.015825342887541505,0.17670681662834778,33.040105084853955,6936.27,6805.01,6996.12,6801.18,-0.007739671140054694,0.0015753375566616157,-0.009611142850944221,-0.005406253358936297
2026-08-28 10:00:00+09:00,6848.16,6862.46,6846.05,6846.48,9027.0,6857.563028131349,6864.353064881612,6876.6386136637675,6871.515734652645,6835.962464803265,43.81286702214656,-13.659998495286345,-10.824067781927194,-2.8359307133591507,6878.778,6932.060542957783,6825.495457042218,0.015491862931986589,0.19691761872559752,31.85224043593581,6929.22,6805.01,6996.12,6801.18,-0.00013435756637558693,0.004258190379100579,-0.011078723938999224,-0.0027079112084800183
2026-08-28 10:10:00+09:00,6854.35,6857.53,6831.08,6853.21,7640.0,6856.112018754233,6862.327053084955,6874.407317124361,6870.915546631247,6836.247548029658,45.12635918530379,-13.761298080059532,-11.411513841553663,-2.349784238505869,6875.799499999999,6927.790469014313,6823.808530985685,0.015122886877173785,0.28275553977672696,31.46636611908324,6929.22,6805.01,6996.12,6801.18,0.0009829868779285267,-0.0012897001774977435,-0.00861737246086225,-0.00384321876839655
2026-08-28 10:20:00+09:00,6851.61,6860.17,6823.83,6824.99,6826.0,6845.738012502823,6855.5384979785995,6869.70090596966,6869.409791003992,6836.061472855615,40.81748795429407,-15.935008033030499,-12.31621267984903,-3.6187953531814685,6871.602499999999,6925.726401144009,6817.478598855989,0.015752919684749005,0.06939079579671273,31.81448282486302,6918.12,6805.01,6996.12,6801.18,-0.004117778384144066,-0.004037848076513417,-0.01214949348162453,-0.008161426505743918
2026-08-28 10:30:00+09:00,6823.43,6854.51,6814.48,6827.45,7966.0,6839.642008335216,6850.431498346126,6865.677010163026,6868.034060151402,6835.919134461307,41.343279715889004,-17.260222292103208,-13.305014602299867,-3.9552076898033413,6868.019,6923.844414248763,6812.193585751237,0.01625662778415816,0.13664398602380906,32.40130548022999,6912.37,6805.01,6996.12,6801.18,0.00036044008855684595,-0.010630636113731606,-0.010388281404005162,-0.005336476264845458
2026-08-28 10:40:00+09:00,6828.14,6830.04,6816.15,6821.93,5551.0,6833.738005556811,6845.24940773774,6861.510628242739,6866.522451621847,6835.687909098311,40.47434163775532,-18.542139762406805,-14.352439634321255,-4.1897001280855495,6864.165000000001,6921.521903508168,6806.808096491834,0.01671198274172235,0.13182287208037172,31.079069374499305,6912.37,6805.01,6996.12,6801.18,-0.000808500977670934,-0.0037196600169406846,-0.011172617520484818,-0.006758537348853788
2026-08-28 10:50:00+09:00,6825.23,6839.34,6822.95,6836.75,5879.0,6834.742003704541,6843.704060876333,6859.152473172002,6865.546305667032,6835.705464319826,43.88439638442533,-18.152962398544332,-15.112544187165872,-3.0404182113784604,6861.0765,6917.343029047424,6804.809970952576,0.016401662056216463,0.2838279665385389,30.102707276320775,6912.37,6805.01,6996.12,6801.18,0.002172405756142304,-0.0014211682499619682,-0.008954094501429366,-0.002292607326420004
2026-08-28 11:00:00+09:00,6835.5,6848.26,6832.28,6834.31,5334.0,6834.598002469695,6841.996049807908,6856.786523346097,6864.522164497621,6835.682398793879,43.44312626468188,-17.8358238667588,-15.657200123084458,-2.1786237436743434,6859.200999999999,6916.402895388564,6801.999104611435,0.016678880058643708,0.28242853815491925,29.093942470869326,6912.37,6805.01,6996.12,6801.18,-0.0003568947233699715,-0.002757831731407534,-0.00545852481584197,-0.0019830926022468276
2026-08-28 11:10:00+09:00,6835.24,6859.03,6831.24,6856.71,7044.0,6841.96866831313,6844.671313479197,6856.779235408374,6864.266027956714,6836.029962450179,48.557145163599024,-15.597201668161688,-15.645200432099905,0.04799876393821734,6857.6795,6913.428226075525,6801.930773924475,0.016258772687036526,0.4913047340428306,29.000803722950085,6912.37,6805.01,6996.12,6801.18,0.003277580326324081,0.004647625857327364,-0.004418379762862412,0.007064584401221374
2026-08-28 11:20:00+09:00,6857.41,6858.97,6838.97,6844.62,5334.0,6842.8524455420875,6844.661983755706,6855.621212988529,6863.621895892559,6836.171946541912,46.13250689909651,-14.629993943696718,-15.442159134419269,0.8121651907225509,6855.475,6909.604593569909,6801.345406430091,0.015791639111778263,0.3997313735047622,28.35788917131079,6912.37,6805.01,6996.12,6801.18,-0.0017632363042917598,0.002514848149748561,-0.00640032749237518,0.003733597686518486
2026-08-28 11:30:00+09:00,6843.0,6847.1,6832.78,6838.7,6351.0,6841.468297028059,6843.577986709213,6854.009668894383,6862.8047845518195,6836.213732549484,44.948938559323985,-14.17773724853214,-15.189274757241844,1.0115375087097043,6852.6235,6903.903864770962,6801.343135229037,0.014966637163405367,0.3642414103118465,27.355182801931495,6912.37,6805.01,6996.12,6805.01,-0.0008649128804812944,0.0024582486187925134,-0.00827033541046407,2.3396806920761293e-05
2026-08-28 11:40:00+09:00,6836.57,6840.64,6826.7,6832.5,5467.0,6838.478864685373,6841.563807307538,6851.961128999679,6861.811185058316,6836.152348540401,43.68486612923037,-14.15642231928905,-14.982704269651286,0.8262819503622367,6850.186500000001,6900.417269166343,6799.955730833658,0.014665518717291192,0.32394754954447724,26.396955458936425,6912.37,6805.01,6996.12,6805.01,-0.0009066050565165185,-0.0006216403993125619,-0.007083025733733983,-0.0019136379572280982
2026-08-28 11:50:00+09:00,6829.89,6846.31,6829.89,6842.23,6608.0,6839.729243123582,6841.684933251621,6851.034354809234,6861.169178990831,6836.252805589321,46.24002220700163,-13.202213502140694,-14.62660611614917,1.4243926140084753,6848.9565,6898.699223397923,6799.213776602078,0.014525635663745979,0.4323870956341565,25.684315783298114,6912.37,6805.01,6996.12,6805.01,0.0014240761068422536,0.0011588587582358478,-0.003582439058488429,0.001363986939678652
2026-08-28 12:00:00+09:00,6846.01,6846.01,6835.31,6840.12,8303.0,6839.8594954157215,6841.400399933144,6849.99489244645,6860.479041974738,6836.316726158092,45.75519495745361,-12.472480514322342,-14.195780995783805,1.7233004814614628,6846.469,6892.6254920248675,6800.312507975133,0.013483298332284123,0.4312231094536003,24.61400751306252,6912.37,6805.01,6996.12,6805.01,-0.0003083789933983061,-0.002419527732688165,-0.007220745819587315,0.0034798427322340064
2026-08-28 12:10:00+09:00,6837.97,6845.72,6837.97,6843.42,4855.0,6841.046330277148,6841.7675999452995,6849.368712213454,6859.919729123108,6836.434135643082,46.696522355899084,-11.49536799663747,-13.65569839595454,2.16033039931707,6843.0215,6877.894865926462,6808.148134073537,0.010192388238576369,0.5057135293570537,23.40943554784377,6912.37,6805.01,6996.12,6805.01,0.0004824476763565233,-0.00017532017847587955,-0.009974871136817054,0.0044576217699854315
2026-08-28 12:20:00+09:00,6841.56,6842.98,6834.34,6840.47,7337.0,6840.854220184766,6841.531672682517,6848.521215812173,6859.282033086284,6836.50084414485,45.929223745377094,-10.834150291936567,-13.091388775150946,2.2572384832143797,6843.213500000001,6877.986132500877,6808.440867499125,0.010162661884179462,0.4605508728749345,22.385904437283497,6901.78,6805.01,6996.12,6805.01,-0.0004310710142004792,0.0002588211209733071,0.0005616802430437051,0.004738396729830674
2026-08-28 12:30:00+09:00,6843.02,6844.72,6822.82,6824.73,6383.0,6835.479480123177,6838.476823103877,6846.255385734823,6858.149179542471,6836.306284737497,41.96686497245984,-11.44824866811723,-12.762760753744203,1.3145120856269727,6843.577499999999,6877.403264663065,6809.751735336934,0.009885404136379096,0.2214031938710384,22.35119697747757,6901.78,6805.01,6996.12,6805.01,-0.0023010114802054504,-0.001137211855104292,0.0010678479490131565,-0.02246346088839757
2026-08-28 12:40:00+09:00,6823.62,6825.98,6801.34,6819.17,5186.0,6830.042986748786,6834.966491630445,6843.6758251886495,6856.8711736558325,6836.023040361671,40.63333760086497,-12.24244826577251,-12.658698256149865,0.41624999037735577,6841.433,6875.7347708586685,6807.1312291413315,0.010027656737607029,0.1754832266280248,22.514682907657704,6901.78,6814.48,6979.13,6805.01,-0.0008146842439187285,-0.003370246250125941,-0.0062503096737714925,-0.019696155073617994
2026-08-28 12:50:00+09:00,6821.53,6860.14,6819.4,6849.04,5725.0,6836.375324499191,6837.5253113339995,6844.1866989802065,6856.614413863838,6836.238196719329,49.85247028563714,-10.342377315038902,-12.195434067927673,1.8530567528887705,6841.252,6875.352507680101,6807.1514923199,0.009969083927941913,0.6141918483011961,23.832919842825028,6901.78,6801.34,6973.59,6801.34,0.00438029848207333,0.0013040706888183262,-0.0005282620179608566,-0.016126298248890336
2026-08-28 13:00:00+09:00,6843.87,6845.58,6817.45,6821.11,4409.0,6831.286882999461,6834.540709273272,6841.988918124948,6855.450334720762,6835.988143880993,43.11098253994471,-10.963890076543976,-11.949125269650933,0.9852351931069574,6837.267,6858.970287401675,6815.563712598325,0.006348527094722196,0.1277752835095106,24.386996996908966,6901.78,6801.34,6970.19,6801.34,-0.004077943770221859,-0.003260065873496032,-0.011549368842208474,-0.015661708256128892
2026-08-28 13:10:00+09:00,6821.19,6846.63,6821.03,6842.13,7315.0,6834.901255332975,6835.920580314494,6842.002354494001,6855.013602434835,6836.089662163953,48.730215268931076,-9.649076541238173,-11.489115523968382,1.8400389827302082,6837.003500000001,6858.333037525218,6815.673962474783,0.006239440282637663,0.6201737260814603,24.473640068558353,6901.78,6801.34,6970.19,6801.34,0.0030816098846082607,0.00024267338355410395,-0.0007696351899990628,-0.008340966537578542
2026-08-28 13:20:00+09:00,6840.82,6844.37,6830.85,6833.22,5565.0,6834.34083688865,6835.429565711858,6841.165939780287,6854.299058092709,6836.042229731491,46.62777829794241,-9.21976022108447,-11.035244463391601,1.8154842423071305,6836.3405,6857.27117268483,6815.40982731517,0.006123355817291404,0.4254562897478765,23.691237206518437,6862.46,6801.34,6970.19,6801.34,-0.0013022260611826875,0.0012440052573510219,-0.0019367616643880536,-0.004723514889340308
2026-08-28 13:30:00+09:00,6836.93,6836.93,6818.25,6826.36,4997.0,6831.680557925767,6833.780553764247,6839.755850277402,6853.383023401144,6835.8821928764255,45.01737046720325,-9.325569255481241,-10.69330942180953,1.3677401663282893,6834.998,6854.84465977033,6815.15134022967,0.0058073637389008765,0.2823815165886655,23.33329169176714,6860.17,6801.34,6970.19,6801.34,-0.0010039190893899042,0.001054380518450193,-0.0039178720628727515,-0.0092049383289452
2026-08-28 13:40:00+09:00,6825.39,6834.23,6820.99,6821.48,4691.0,6828.280371950512,6831.544089443474,6838.015293108126,6852.337022633893,6835.644140101609,43.85696409302393,-9.691481527381256,-10.492943842923877,0.8014623155426204,6834.8225,6855.077917918157,6814.567082081843,0.0059271233212441245,0.17064367533882416,22.612342285212332,6860.17,6801.34,6970.19,6801.34,-0.0007148758635642238,-0.004023921600691538,-0.0005142864678190362,-0.009412892264351047
2026-08-28 13:50:00+09:00,6821.36,6827.12,6817.41,6822.0,4912.0,6826.186914633675,6829.808800453751,6836.490027097828,6851.342366154093,6835.418617124723,44.022545410363826,-9.826239215880378,-10.359602917515177,0.5333637016347996,6834.55,6855.334549069901,6813.765450930099,0.00608219972636121,0.19809304118667712,21.69074640769717,6860.14,6801.34,6970.19,6801.34,7.622979177535072e-05,0.00013047729768334015,-0.000798248247881661,-0.013274937877687742
2026-08-28 14:00:00+09:00,6820.41,6823.87,6810.12,6810.39,4404.0,6820.92127642245,6826.27810946216,6834.004310231368,6849.99966562445,6835.004920973902,41.10747028702545,-10.74599251352629,-10.4368808367174,-0.3091116768088895,6833.973,6856.678814322305,6811.267185677695,0.0066449821567351325,-0.01931632279827776,21.123550235718803,6860.14,6801.34,6970.19,6801.34,-0.0017018469656991941,-0.004638906305492574,-0.001691603402556141,-0.014689116772184874
2026-08-28 14:10:00+09:00,6808.25,6810.34,6795.22,6796.88,5703.0,6812.907517614967,6820.932998650857,6830.468661637905,6848.25803724332,6834.374756990863,37.95767708968705,-12.421856293578458,-10.833875928089611,-1.5879803654888462,6831.9794999999995,6859.787657418976,6804.171342581023,0.00814058573184431,-0.13110078584435986,20.69829664745318,6860.14,6801.34,6970.19,6801.34,-0.0019837336775133663,-0.0053181369837354,-0.005831718287197862,-0.015074823465311082
2026-08-28 14:20:00+09:00,6796.71,6819.58,6793.42,6809.75,5950.0,6811.8550117433115,6818.899726168883,6828.495455767628,6846.995478645178,6833.967736214155,42.479290273118295,-12.566628699106332,-11.180426482292955,-1.386202216813377,6830.7515,6860.162477050047,6801.340522949954,0.008611344461893046,0.14296493849449937,21.088418315492227,6860.14,6795.22,6970.19,6795.22,0.0018935158484481018,-0.002433214773319814,-0.0035936327149339586,-0.015865239402098053
2026-08-28 14:30:00+09:00,6810.39,6810.39,6787.82,6788.51,4840.0,6804.073341162208,6813.374321410904,6824.687317123093,6845.077921968286,6833.216368673426,37.60797781163478,-14.23120390344684,-11.790581966523732,-2.440621936923108,6827.3414999999995,6859.599728268731,6795.083271731268,0.009449718684419618,-0.10188519463170803,21.1942455786714,6860.14,6793.42,6970.19,6793.42,-0.0031190572341127654,-0.004833261990066617,-0.0099464612036968,-0.020898807368956884
2026-08-28 14:40:00+09:00,6784.55,6792.15,6781.73,6783.83,4827.0,6797.325560774806,6808.002626608921,6820.796144063751,6843.069793379162,6832.40006505899,36.61173529284009,-15.746512637293563,-12.5817681006777,-3.1647445366158635,6824.302000000001,6860.669291128665,6787.934708871337,0.010658171671964096,-0.056434075015576964,20.424656608766306,6860.14,6787.82,6970.19,6787.82,-0.0006894001776531766,-0.005595133391967155,-0.00888142804129377,-0.0226127322865729
2026-08-28 14:50:00+09:00,6784.39,6796.29,6782.43,6790.42,6181.0,6795.023707183204,6804.805785407299,6817.903177962442,6841.343570645418,6831.706179686114,39.05974753408365,-16.22857489159105,-13.31112945886037,-2.9174454327306822,6821.888000000001,6860.454926038207,6783.321073961794,0.011306818885975985,0.09203385863800942,19.955752565282975,6860.14,6781.73,6970.19,6781.73,0.0009714276448555825,-0.0029322843478861715,-0.00705982131106786,-0.01925265608661242
2026-08-28 15:00:00+09:00,6789.24,6794.65,6780.13,6788.9,7009.0,6792.98247145547,6801.913824424153,6815.140970537447,6839.624109312781,6830.998639526014,38.68861353150671,-16.542571530808345,-13.957417873249966,-2.5851536575583793,6819.7080000000005,6860.494234246815,6778.921765753186,0.011961284631780209,0.12232355390339512,19.567484524905584,6860.14,6781.73,6970.19,6781.73,-0.00022384476954306898,-0.0011740681018350685,-0.00638126600804978,-0.02275521161713434
2026-08-28 15:10:00+09:00,6787.89,6805.52,6787.89,6804.86,11065.0,6796.941647636981,6802.44949271067,6814.161830486261,6838.484302450066,6830.566595897485,44.63694724538395,-15.326898566881937,-14.23131401197636,-1.0955845549055763,6817.839499999999,6857.741834004862,6777.937165995137,0.011705272324132154,0.33735913795897526,19.42909277312662,6860.14,6780.13,6970.19,6780.13,0.0023508963160452367,-0.0007180880355373009,-0.005461669660330015,-0.020593154229886834
2026-08-28 15:20:00+09:00,6807.9,6808.39,6788.79,6788.88,12988.0,6794.254431757988,6799.98231221782,6811.754037106617,6836.857931877933,6829.877561254552,40.4096053958545,-15.474540563043774,-14.479959322189844,-0.9945812408539307,6815.277499999999,6855.705055887476,6774.849944112522,0.011863803311743934,0.17352095098857867,19.44130043218903,6860.14,6780.13,6970.19,6780.13,-0.0023483216407096386,5.450386019911768e-05,-0.007491096647427198,-0.024016883411875245
2026-08-31 09:00:00+09:00,6613.58,6617.06,6547.76,6579.2,35894.0,6722.569621171992,6759.840073632761,6789.606033572653,6828.4101308327545,6825.734130490015,17.28197421477512,-32.140476137665246,-18.012062685284924,-14.128413452380322,6802.066499999999,6911.2653201906605,6692.8676798093375,0.03210754266829398,-0.5204620325149735,35.27549325846124,6860.14,6780.13,6963.66,6780.13,-0.03088580148713782,-0.03016437617098311,-0.03860935029561241,-0.05274463900575044
2026-08-31 09:10:00+09:00,6581.24,6644.84,6581.24,6628.88,17977.0,6691.339747447995,6736.029151154076,6774.29879228002,6821.868159330042,6822.480343209188,27.822401872012733,-40.868482913932894,-22.58334673101452,-18.285136182918375,6791.486999999999,6922.561124235221,6660.412875764778,0.038599536223870114,-0.12028642551976812,37.4443865971426,6860.14,6547.76,6949.49,6547.76,0.0075510700389105345,-0.02378939741577102,-0.030932085076025517,-0.04549702297385838
2026-08-31 09:20:00+09:00,6625.0,6680.58,6625.0,6672.69,11689.0,6685.12316496533,6724.512941853335,6764.621764443828,6816.977072138893,6820.004469767714,35.61398913781524,-43.74611234931217,-26.81589985467405,-16.93021249463812,6783.885,6923.709141191815,6644.060858808185,0.041222438526542005,0.10237553024745644,38.73978755448955,6860.14,6547.76,6949.49,6547.76,0.006608959582915963,-0.017117647925289803,-0.022277804396657497,-0.03849928024588356
2026-08-31 09:30:00+09:00,6675.0,6712.25,6672.53,6685.91,9072.0,6685.385443310221,6717.494225152728,6757.125405925369,6812.679791085159,6817.788032250893,37.79613496031141,-44.447547236299215,-30.342229330999086,-14.10531790530013,6777.222,6922.287578494787,6632.156421505212,0.0428097466763779,0.18527337447152956,38.80980272916889,6860.14,6547.76,6949.49,6547.76,0.0019812099767859692,-0.017480153890013894,-0.019541967717478848,-0.03662904964179292
2026-08-31 09:40:00+09:00,6687.31,6699.06,6650.35,6650.35,11705.0,6673.706962206814,6705.286184215868,6746.9563196467625,6807.3575028528585,6815.020461469887,34.41717921113111,-47.32727488580349,-33.73923844195997,-13.58803644384352,6767.2875,6918.406594607615,6616.1684053923855,0.04466164459766631,0.11309488948556898,39.516959677085396,6860.14,6547.76,6941.02,6547.76,-0.005318647723346448,-0.020405427699414336,-0.02900990503778622,-0.03977157873458659
2026-08-31 09:50:00+09:00,6653.25,6687.0,6629.78,6631.82,9614.0,6659.744641471209,6691.928696176619,6735.9909558708805,6801.6021748904695,6811.992354668732,32.77299816551688,-50.52230623643118,-37.095852000854215,-13.426454235576962,6757.822999999999,6917.727940899345,6597.918059100653,0.047324394527452414,0.10600654585365897,40.7814625572936,6846.63,6547.76,6939.94,6547.76,-0.002786319517018021,0.007997932879377334,-0.027750615369052878,-0.042737337432699696
2026-08-31 10:00:00+09:00,6633.03,6633.03,6603.9,6610.2,9175.0,6643.2297609808065,6677.068933235416,6724.010864835559,6795.32669374652,6808.656943847762,30.917164799460267,-54.17445551414312,-40.511572703512,-13.662882810631118,6746.2265,6913.464805573277,6578.988194426723,0.04957980748890572,0.09331536057569478,39.94921523177264,6846.63,6547.76,6936.27,6547.76,-0.0032600402302837006,-0.002817972266808355,-0.03389733898654368,-0.04391908994265137
2026-08-31 10:10:00+09:00,6608.33,6626.93,6602.5,6621.81,7528.0,6636.089840653871,6667.02185446534,6714.277449136935,6789.637621820404,6805.568564610609,33.10774840483769,-55.492299472303785,-43.50771805727036,-11.984581415033425,6735.656,6906.255027711235,6565.056972288765,0.05065550488660201,0.16633455791816906,38.840699858074615,6844.37,6547.76,6929.22,6547.76,0.0017563765090315986,-0.007625110712471184,-0.030938561907856044,-0.04353057410034111
2026-08-31 10:20:00+09:00,6620.16,6645.29,6603.31,6636.49,5735.0,6636.2232271025805,6661.470608198914,6706.869120647703,6784.616388318095,6802.773877592253,35.87650870610065,-54.72135329169032,-45.75044510415435,-8.970908187535969,6726.1625,6896.646687170003,6555.678312829998,0.050692854111093144,0.23700640074442417,39.064935582497824,6836.93,6547.76,6929.22,6547.76,0.002216916522823631,-0.007391663961973771,-0.027814237748961412,-0.03996800129615008
2026-08-31 10:30:00+09:00,6639.42,6652.54,6625.34,6641.09,5046.0,6637.845484735054,6657.765043071839,6700.60444249078,6779.910605094551,6800.1014168056045,36.75983066809422,-53.12677889614861,-47.225711862553204,-5.901067033595403,6717.142999999999,6885.576468895034,6548.709531104964,0.0501503299527894,0.27423430005056165,38.21744018374797,6834.23,6547.76,6918.12,6547.76,0.0006931374868341944,-0.0013924079183802451,-0.026444407958390204,-0.03876721865759247
2026-08-31 10:40:00+09:00,6643.18,6651.17,6613.93,6634.31,6618.0,6636.6669898233695,6653.50048978605,6694.2906860630865,6775.136814763582,6797.361062808818,35.97325917880055,-51.81288979541114,-48.1431474491248,-3.669742346286341,6707.758499999999,6872.654895263852,6542.862104736146,0.04916587121133037,0.27728894593944114,38.14762302776595,6827.12,6547.76,6912.37,6547.76,-0.0010209167471002534,0.0003754625427108138,-0.027512459689240654,-0.03838315611266352
2026-08-31 10:50:00+09:00,6630.68,6642.09,6620.89,6639.93,5096.0,6637.754659882246,6651.033128006768,6689.113477866603,6770.703804443465,6794.7588964813995,37.17331147689672,-49.74471013192306,-48.46345998568445,-1.2812501462386052,6699.2355,6859.590578432243,6538.8804215677565,0.04787265007544318,0.3150806928604431,36.93707852578265,6823.87,6547.76,6912.37,6547.76,0.0008471114554489123,0.0044975946264864675,-0.025029403602436884,-0.037553214156813786
2026-08-31 11:00:00+09:00,6641.95,6667.47,6635.66,6664.77,4845.0,6646.759773254832,6653.530741096445,6686.795051403116,6767.230564953516,6792.610319680054,42.31930485065042,-45.57591170461001,-47.885950329469566,2.3100386248595584,6692.63,6847.128883879494,6538.131116120506,0.046169856657097226,0.4098375363613311,36.57085863108392,6819.58,6547.76,6912.37,6547.76,0.0037410032937095217,0.006487652167609825,-0.019436859264839068,-0.0338840794837153
2026-08-31 11:10:00+09:00,6665.0,6674.5,6651.18,6655.5,4324.0,6649.673182169889,6653.888788169818,6683.814570317106,6763.567267741925,6790.344033404352,40.97062019227374,-42.52986266093649,-46.81473279576296,4.28487013482647,6684.9175000000005,6830.396993383116,6539.438006616885,0.043524693725274954,0.39889468503120756,35.62436872886362,6819.58,6547.76,6912.37,6547.76,-0.0013908957098295316,0.0028644660053733784,-0.022651345497264996,-0.03147928787424581
2026-08-31 11:20:00+09:00,6655.62,6658.89,6638.83,6648.48,3927.0,6649.275454779926,6652.905372138942,6680.449373144049,6759.793914701206,6787.999173348082,39.932749688943446,-40.21868620038276,-45.49552347668692,5.276837276304157,6677.916,6816.073359760552,6539.758640239448,0.041377387724119925,0.3934693017765477,34.512628105373395,6810.39,6547.76,6912.37,6547.76,-0.001054766734279955,0.0011127691388008731,-0.020627501469394738,-0.034652990936731465
2026-08-31 11:30:00+09:00,6649.68,6652.52,6637.51,6642.64,4655.0,6647.063636519951,6651.038940840952,6676.848480463664,6755.952802743789,6785.596542383651,39.04658566740324,-38.41547175179676,-44.07951313170889,5.664041379912135,6670.8565,6800.8312438966705,6540.881756103329,0.03896793279743631,0.39145391191371937,33.11958324070388,6808.39,6547.76,6912.37,6547.76,-0.0008783962650108501,0.0012555940256031572,-0.02081272673401302,-0.03572076629731835
2026-08-31 11:40:00+09:00,6644.12,6668.78,6638.23,6651.21,3672.0,6648.445757679968,6651.070042506233,6674.406720419505,6752.518612489895,6783.375277220284,41.11180323996129,-35.88126702140289,-42.4398639096477,6.558596888244807,6663.895999999999,6781.869516926484,6545.922483073514,0.035406770131612204,0.44623369578825034,32.936041580653615,6808.39,6547.76,6912.37,6547.76,0.001290149699517018,0.0016988130898969445,-0.020500941031629805,-0.03545962501432043
2026-08-31 11:50:00+09:00,6650.35,6680.66,6646.85,6680.66,3812.0,6659.183838453312,6656.450034777827,6675.002270855743,6750.162592408258,6781.677504043089,47.67299609715053,-31.13758790760221,-40.17940870923861,9.041820801636398,6658.4839999999995,6762.0774267026745,6554.890573297324,0.03111622005930331,0.6070338181960523,32.99846718203547,6808.39,6547.76,6912.37,6547.76,0.004427765774949188,0.0023841782987259474,-0.015943672759946348,-0.029148816201731043
2026-08-31 12:00:00+09:00,6681.15,6703.67,6681.15,6703.67,5543.0,6674.012558968875,6665.03548300004,6677.732530774243,6748.638245116184,6780.3881238109725,52.158161006451685,-25.230630335165188,-37.18965303442393,11.959022699258739,6653.424499999999,6735.5973187358895,6571.251681264109,0.024700909655137854,0.8057306587078005,32.28500524046152,6808.39,6547.76,6912.37,6547.76,0.0034442704762702725,0.007237623018556016,-0.014870254494581792,-0.023760599869226406
2026-08-31 12:10:00+09:00,6702.81,6728.79,6699.48,6702.13,4251.0,6683.385039312584,6671.779940636396,6680.056099271934,6747.113384620571,6779.094601103353,51.837911236856726,-20.437992575161843,-33.83932094257151,13.401328367409668,6649.0869999999995,6708.094822905107,6590.079177094892,0.0177491504939273,0.9494573548773404,32.07250486614287,6808.39,6547.76,6912.37,6547.76,-0.000229724911876672,0.008069513633191416,-0.012778249136823794,-0.027248699902900908
2026-08-31 12:20:00+09:00,6695.86,6709.11,6687.34,6688.46,2864.0,6685.076692875056,6674.812678702505,6680.856470769845,6745.190322829732,6777.596508523133,48.96398392828616,-17.5406496854157,-30.57958669114035,13.038937005724648,6654.55,6706.470648686257,6602.629351313743,0.015604555886200194,0.8265560124730851,31.33661166141835,6728.79,6547.76,6912.37,6547.76,-0.0020396500813920637,0.006897859887032842,0.016606882295719938,-0.03239265259238144
2026-08-31 12:30:00+09:00,6690.48,6697.6,6683.57,6696.92,2752.0,6689.024461916704,6678.832191665686,6682.386330696527,6743.607689294331,6776.263012514486,50.78256955179421,-14.395886456291919,-27.342846644170663,12.946960187878744,6657.952,6711.586997380464,6604.317002619537,0.01611156024569224,0.8632702703756806,30.10042511417423,6728.79,6581.24,6901.78,6547.76,0.0012648651558055946,0.006872433737620698,0.010264177357260929,-0.020435506967614203
2026-08-31 12:40:00+09:00,6694.05,6698.14,6683.23,6686.85,2741.0,6688.299641277803,6680.2899749991975,6682.811442058763,6741.7467814486145,6774.785111481189,48.56428244421572,-12.571289778702521,-24.388535271077036,11.817245492374514,6658.660000000001,6713.4165981412525,6603.903401858749,0.01644673196746845,0.7574119006377993,29.015394748876126,6728.79,6602.5,6901.78,6547.76,-0.0015036763168739808,0.0009265551607178235,0.0021220826982821794,-0.01915672282158276
2026-08-31 12:50:00+09:00,6688.32,6693.97,6678.19,6685.61,2998.0,6687.403094185202,6681.25725227207,6683.0779713864995,6739.906231237184,6773.311142696377,48.28458500881885,-11.097417284537187,-21.730311673769066,10.632894389231879,6658.6449999999995,6713.3718868108035,6603.9181131891955,0.01643784488009317,0.7463597106594122,28.070009409670735,6728.79,6602.5,6901.78,6547.76,-0.00018543858468500485,-0.002694046693826002,-4.487048135559668e-05,-0.025713852691465977
2026-08-31 13:00:00+09:00,6680.98,6688.67,6671.68,6682.15,3520.0,6685.652062790135,6681.419570040784,6682.989593159214,6738.012584311375,6771.8043469493305,47.46316123975241,-10.092218979598329,-19.402693134934918,9.310474155336589,6660.235000000001,6715.747659276987,6604.722340723014,0.016669880049874092,0.6973874093353348,27.27858016612281,6728.79,6602.5,6901.78,6547.76,-0.0005175294400959762,-0.0029811418161093117,0.0047817032186274755,-0.024882308475832726
2026-08-31 13:10:00+09:00,6684.43,6695.34,6670.05,6695.31,5431.0,6688.871375193423,6683.945102760641,6684.162965239289,6736.612499579854,6770.539977578267,50.885573430537924,-8.139858837785141,-17.150126275504963,9.010267437719822,6663.4095,6719.319375862887,6607.499624137113,0.016781161614902108,0.7852850190387939,27.136538725685465,6728.79,6602.5,6901.78,6547.76,0.0019694260080962422,0.001024152046958493,0.009573540898275334,-0.02977911288674806
2026-08-31 13:20:00+09:00,6691.85,6695.18,6684.05,6689.5,4438.0,6689.080916795616,6684.955084076887,6684.67125426412,6735.067827462481,6769.200473816643,49.35687794007198,-6.980945805448755,-15.116290181493722,8.135344376044968,6667.374500000001,6718.686506187679,6616.062493812323,0.01539196761414196,0.715597689935113,26.002500245279375,6728.79,6602.5,6901.78,6547.76,-0.0008677716192380114,-0.0011079720229598689,0.011996611297691473,-0.023059847533370315
2026-08-31 13:30:00+09:00,6689.55,6719.91,6673.0,6719.91,6647.0,6699.3572778637445,6691.310523335635,6688.0273252865845,6734.57084951289,6768.385755241162,56.69073001617778,-3.567541625636295,-12.806540470322238,9.238998844685943,6672.2795,6723.984982291583,6620.574017708416,0.015498596032010769,0.9605942918334744,27.495893084902267,6728.79,6602.5,6862.46,6547.76,0.00454593018910221,0.004944031943291627,0.014814680578270734,-0.018486872086093786
2026-08-31 13:40:00+09:00,6720.37,6720.81,6706.23,6712.04,4237.0,6703.584851909163,6695.079519092791,6690.314246687863,6733.832133135418,6767.454420443788,54.491437798302776,-1.4803726343225208,-10.541306903122296,9.060934268799775,6676.057000000001,6727.790748018156,6624.323251981846,0.015498294283034125,0.8477710525378106,26.573329293123596,6728.79,6603.31,6860.17,6547.76,-0.0011711466373804935,0.003953266792409371,0.011384029810939333,-0.02059910611231819
2026-08-31 13:50:00+09:00,6710.71,6768.9,6710.71,6757.26,5372.0,6721.476567939443,6706.38506107592,6696.69003271759,6734.600259917863,6767.285917626536,63.30118486562745,3.779037517098004,-7.677238019078236,11.45627553617624,6681.8655,6741.9959683085635,6621.735031691436,0.017998107956098085,1.1269242708464222,28.83166291504331,6728.79,6613.93,6860.17,6547.76,0.006737146977670028,0.011240394184506508,0.01749261039979877,-0.009923824064210995
2026-08-31 14:00:00+09:00,6757.5,6781.56,6753.17,6773.8,5638.0,6738.91771195963,6718.64232269848,6704.033839125438,6735.885497297605,6767.393588409568,65.90132891866853,9.17602225092196,-4.306585965078197,13.482608216000157,6688.839999999999,6757.098215329794,6620.581784670205,0.020409582328115024,1.1223426703255472,28.800115563968813,6768.9,6613.93,6860.14,6547.76,0.002447737692496732,0.011723131565229972,0.021025547494765817,-0.007857985045661264
2026-08-31 14:10:00+09:00,6774.97,6798.72,6767.72,6790.7,5331.0,6756.178474639753,6731.743718571483,6712.28775920873,6737.68269410752,6767.778818353212,68.36745556733037,14.648007187667645,-0.5156673345290286,15.163674522196674,6696.378500000001,6774.02205949472,6618.734940505281,0.023189716499663133,1.1074006692494152,28.957250166542472,6781.56,6620.89,6860.14,6547.76,0.0024949068469690694,0.015128185963076524,0.02270656467763965,-0.0045778833849072775
2026-08-31 14:20:00+09:00,6792.71,6808.07,6779.19,6799.98,5931.0,6770.77898309317,6744.150315194849,6720.639401188851,6739.725228726945,6768.3110692895225,69.66484425387085,19.50853091659701,3.4891723156961794,16.01935860090083,6703.139,6791.414362338602,6614.863637661399,0.026338514638768955,1.04851658171927,28.951732297503735,6798.72,6635.66,6860.14,6547.76,0.0013665748744606798,0.011915338151850197,0.020287271728806733,-0.005378286466522941
2026-08-31 14:30:00+09:00,6798.08,6798.08,6766.59,6766.59,4973.0,6769.382655395447,6748.230257886695,6725.015648694674,6740.606040899832,6768.28262186325,60.11166620461021,20.430724368988194,6.877482726354582,13.553241642633612,6708.693499999999,6798.250413362467,6619.136586637532,0.02669876433092901,0.8232385855331664,29.268751419110572,6808.07,6637.51,6860.14,6547.76,-0.004910308559730958,0.008127186369568662,0.01669145819247242,-0.009908827665119135
2026-08-31 14:40:00+09:00,6767.11,6784.21,6757.3,6776.55,5521.0,6771.771770263631,6753.3793019072955,6729.923682152325,6741.784531362133,6768.419272741544,61.794672465338444,21.71494175341013,9.844974531765693,11.869967221644437,6715.097,6804.830991798058,6625.363008201942,0.026726044850300158,0.84241762106325,29.100269174888382,6808.07,6637.51,6860.14,6547.76,0.0014719378593943677,0.0028547073813942614,0.019263049599306914,-0.01169073797783482
2026-08-31 14:50:00+09:00,6778.27,6778.27,6757.67,6763.87,6600.0,6769.137846842421,6755.286701560513,6733.156664804484,6742.508645087964,6768.344078150774,58.415484000924444,21.462121279626444,12.168403881337845,9.2937173982886,6721.1585000000005,6806.7796416124265,6635.537358387574,0.025478090306135785,0.7494214582733429,28.493107090967808,6808.07,6637.51,6860.14,6547.76,-0.0018711586279154258,-0.0014659423071246014,0.018250273987450605,-0.0117975870099436
2026-08-31 15:00:00+09:00,6761.72,6774.92,6750.28,6769.97,7071.0,6769.415231228281,6757.9563921858735,6736.662696727866,6743.409017380162,6768.3709528920845,59.56114337231919,21.506069668775126,14.035937038825303,7.470132629949823,6727.0965,6808.876048121864,6645.316951878135,0.024313475545315735,0.7621284965778502,28.217885155898703,6808.07,6638.23,6860.14,6547.76,0.0009018505677962363,-0.0030527044340052933,0.017855397739659384,-0.010050155731352373
2026-08-31 15:10:00+09:00,6771.56,6802.86,6771.12,6800.46,11438.0,6779.763487485521,6765.684320879351,6742.738630372832,6745.279541400485,6768.901350364943,64.78366544932992,23.727669464617975,15.97428352398384,7.753385940634136,6733.086499999999,6817.877684748283,6648.295315251716,0.025186423714676397,0.8972907101133784,28.55160764476304,6808.07,6646.85,6860.14,6547.76,0.004503712719554187,7.058844290730448e-05,0.01793235997640963,-0.004689352360043864
2026-08-31 15:20:00+09:00,6799.17,6820.1,6799.17,6820.02,100573.0,6793.182324990348,6775.563535264923,6750.098760813515,6747.730048239813,6769.746286722548,67.66839309190831,26.75818019395774,18.13106285797862,8.627117335979122,6738.9039999999995,6830.5150930838545,6647.292906916145,0.027188721811100127,0.942719310890399,28.00720709870856,6808.07,6670.05,6860.14,6547.76,0.0028762760166225476,0.007896148577052786,0.01735616460834155,-0.003246017745676344
2026-09-01 09:00:00+09:00,6784.29,6786.85,6751.76,6775.76,25037.0,6787.3748833269,6775.599256125846,6752.5426883550845,6748.649063051622,6769.845686942011,56.40853907944754,25.296863184819813,19.56422292334686,5.732640261472952,6742.585500000001,6833.906834522771,6651.2641654772315,0.02708792777570846,0.6816360885074868,30.882406591657965,6820.1,6670.05,6860.14,6547.76,-0.006489717038952958,-0.00011657849495683159,0.010986059655661684,-0.009409191651608362
2026-09-01 09:10:00+09:00,6780.84,6780.84,6732.47,6772.48,13731.0,6782.409922217934,6775.032118648419,6754.441479940315,6749.4304052466505,6769.889229306606,55.669258243304014,23.602020933389213,20.371782525355332,3.2302384080338804,6746.7865,6835.453375500496,6658.119624499504,0.026284180031633055,0.6448878166449868,32.13152040653953,6820.1,6670.05,6860.14,6547.76,-0.00048407853879128826,0.001272939899791048,0.01256193503437264,-0.010366161948265673
2026-09-01 09:20:00+09:00,6769.09,6801.67,6756.53,6788.1,10858.0,6784.306614811956,6777.408097075979,6757.647053279333,6750.6982608123335,6770.190233780877,58.46122444221906,23.251224059095875,20.94767083210344,2.3035532269924346,6751.3455,6838.653600305879,6664.037399694122,0.025863911217661344,0.7104873423613205,33.060697520358154,6820.1,6670.05,6860.14,6547.76,0.0023063929313931197,0.0026780030044446512,0.013615214158150257,-0.0076559066847745605
2026-09-01 09:30:00+09:00,6783.11,6805.23,6774.68,6790.26,12307.0,6786.291076541304,6779.744806698528,6760.753048205111,6751.995367015207,6770.5219654539205,58.84720189226238,22.88371968112733,21.334880601908218,1.548839079219114,6756.5160000000005,6840.102493263102,6672.929506736899,0.024742483630054643,0.7018507936072,32.88136198318966,6820.1,6670.05,6860.14,6547.76,0.00031820391567594086,-0.0014998985362754125,0.015464680679243559,-0.005050749260410159
2026-09-01 09:40:00+09:00,6788.8,6826.98,6786.49,6814.59,10765.0,6795.724051027537,6786.080296389704,6765.880376947481,6754.047650063889,6771.250362719145,63.015864568501534,24.2758604712526,21.923076575777095,2.352783895475504,6762.964999999999,6843.521372684126,6682.408627315873,0.023822797451746824,0.8204277841706591,33.42483612724753,6820.1,6670.05,6860.14,6547.76,0.003583073402196657,-0.0007961853484300674,0.019292181266929997,-0.0006716359908903735
2026-09-01 09:50:00+09:00,6816.95,6830.2,6783.43,6830.2,12617.0,6807.216034018358,6794.102060682485,6772.006055333435,6756.544448422449,6772.224736889078,65.43510016729117,26.33516325016899,22.805493910655475,3.5296693395135144,6770.3675,6846.970615831051,6693.76438416895,0.02262893877800597,0.890535680898157,34.37806211815839,6826.98,6670.05,6860.14,6547.76,0.0022906733934102697,0.008034523064571308,0.02215604259108228,-0.002750750470138952
2026-09-01 10:00:00+09:00,6828.4,6857.35,6828.4,6839.44,8177.0,6817.957356012239,6802.345322376577,6778.42833577787,6759.262335359417,6773.335732973556,66.81869798611095,28.385555304873378,23.921506189499055,4.464049115374323,6777.5740000000005,6851.653546273091,6703.49445372691,0.021860195483838395,0.9175646525421024,33.990343395432845,6830.2,6670.05,6846.63,6547.76,0.0013528154373223522,0.009887072387072315,0.021527009204950875,0.002687245917453396
2026-09-01 10:10:00+09:00,6838.72,6844.76,6813.01,6840.52,7383.0,6825.478237341493,6809.286172853563,6784.3418276085495,6761.926521085337,6774.44621672606,66.98504756644721,29.754659560782784,25.0881368637558,4.666522697026984,6785.125,6852.212574557652,6718.037425442348,0.01977489716332485,0.9128558854993057,33.83031886718764,6857.35,6673.0,6857.35,6547.76,0.00015790766495515918,0.0077223376202470995,0.022575678301816282,-0.00023530684158290516
2026-09-01 10:20:00+09:00,6844.07,6848.01,6791.13,6803.36,7171.0,6818.105491560995,6808.208686880187,6786.15308212202,6763.284995803851,6774.924130499184,56.490976492589304,27.52390466657198,25.57529042431904,1.9486142422529404,6789.297500000001,6849.6879581455505,6728.907041854451,0.017789898924167023,0.6164298171584192,35.476724662388534,6857.35,6673.0,6857.35,6547.76,-0.005432335553437584,0.0019292339321321794,0.012418321078704997,-0.0043698285727666875
2026-09-01 10:30:00+09:00,6799.37,6811.43,6785.6,6806.3,5873.0,6814.17032770733,6807.861652901971,6788.071836205638,6764.695323810282,6775.442739912421,57.06409321307967,25.697029411373478,25.599638221729926,0.09739118964355242,6794.010500000001,6843.226662985654,6744.7943370143485,0.014488103303829974,0.6248522767163047,34.787672900789346,6857.35,6706.23,6857.35,6547.76,0.0004321394134663148,-0.0012165075228296462,0.014043420480211788,-0.002938608570306811
2026-09-01 10:40:00+09:00,6801.25,6828.55,6801.25,6818.75,4977.0,6815.696885138221,6809.841352374339,6790.993566090815,6766.467608275519,6776.158562393208,59.49717000497579,24.966035642642964,25.472917705912533,-0.5068820632695683,6797.085000000001,6844.3788602783825,6749.791139721619,0.013915924334735121,0.7290466444531525,34.25283912216155,6857.35,6710.71,6857.35,6547.76,0.0018291876643696803,-0.0016763784369417944,0.0090998422437496,-0.0004002064068207023
2026-09-01 10:50:00+09:00,6818.82,6818.82,6780.02,6787.06,6450.0,6806.151256758814,6805.699288306278,6790.618940748832,6767.142768659928,6776.33875144456,51.49771009950127,21.580829292296585,24.694500023189345,-3.1136707308927605,6797.748,6844.079553222736,6751.416446777263,0.01363144183124651,0.3846574390824189,34.577636327721386,6857.35,6732.47,6857.35,6547.76,-0.0046474793767185,-0.00765852175031867,0.0019575422953144184,-0.005121665200820802
2026-09-01 11:00:00+09:00,6786.26,6799.3,6782.28,6792.34,5005.0,6801.547504505877,6803.270326796045,6790.782851153705,6767.96890739239,6776.603234891758,52.64024678710756,19.103863299376826,23.576372678426843,-4.472509379050017,6797.83,6844.117151133238,6751.542848866762,0.013618213792706727,0.44069628540978045,33.32351944716989,6857.35,6732.47,6857.35,6547.76,0.000777950983194442,-0.007043324191728151,0.0002415067666072801,-0.0026503621672180344
2026-09-01 11:10:00+09:00,6792.62,6810.65,6790.26,6809.19,6987.0,6804.0950030039185,6804.346631014945,6792.5359129485905,6769.320418625426,6777.141859108423,56.18723117900118,18.28967212772386,22.51903256828625,-4.229360440562388,6798.2905,6844.836579738591,6751.744420261409,0.013693465949591676,0.6170829000123373,32.399696629514864,6857.35,6732.47,6857.35,6547.76,0.0024807356522198454,0.0008569295171796387,0.0013544157482816566,0.0018111251044596877
2026-09-01 11:20:00+09:00,6809.04,6816.62,6769.81,6769.81,5927.0,6792.66666866928,6798.067243557682,6790.37154028682,6769.336470473772,6777.020671354565,47.27576951117601,14.301919248193371,20.875609904267677,-6.573690656074305,6798.4515,6844.578252444014,6752.3247475559865,0.013569782014040585,0.1895348308472034,33.42900401312091,6857.35,6732.47,6857.35,6547.76,-0.005783360429067019,-0.005361209467699024,0.0004758674605673807,-0.005865119864899571
2026-09-01 11:30:00+09:00,6772.76,6785.78,6762.33,6768.51,4778.0,6784.614445779521,6792.693199274467,6788.289488830933,6769.30937308119,6776.879999100771,47.01069964995266,10.91092289815424,18.88267250304499,-7.97174960489075,6798.049499999999,6845.064331904742,6751.034668095256,0.013831859242785158,0.18584913735468536,32.71621801218369,6857.35,6732.47,6857.35,6547.76,-0.00019202902297110747,-0.007367919340054985,-0.0011864444296876275,-0.002946154605355189
2026-09-01 11:40:00+09:00,6765.35,6777.71,6756.2,6776.85,4702.0,6782.026297186348,6789.8126175882,6787.200013704178,6769.556606750659,6776.8795032478665,48.9868118180059,8.795117519654013,16.865161506366796,-8.070043986712783,6798.6985,6844.140173946185,6753.2568260538155,0.01336775676879476,0.2595984247205051,31.9157738684563,6857.35,6732.47,6857.35,6547.76,0.001232176653354955,-0.0015043332459120373,0.0019190197327860758,-0.00102891729303356
2026-09-01 11:50:00+09:00,6776.44,6793.79,6774.91,6793.54,4116.0,6785.864198124233,6790.490323481254,6787.803821922827,6770.3429475129315,6777.154883359472,52.78177877700257,8.368601994963683,15.165849604086175,-6.797247609122492,6799.877,6843.461939646989,6756.292060353012,0.01281933177526254,0.42730287054053195,30.98464716356657,6857.35,6732.47,6857.35,6547.76,0.0024627961368481888,0.000176669601344992,0.0034815516169199867,0.0004594708427461125
2026-09-01 12:00:00+09:00,6792.49,6795.42,6786.46,6793.51,3587.0,6788.4127987494885,6791.039355575571,6788.347267453986,6771.102523004311,6777.4252158659265,52.77417907400095,7.936675563996687,13.720014796068277,-5.78333923207159,6799.5295,6843.201043355274,6755.857956644725,0.01284546036759587,0.43108212422183134,29.41145808045468,6857.35,6732.47,6857.35,6547.76,-4.415959867665187e-06,-0.0023027702267082173,-0.0010219896889327451,0.0006790496251234401
2026-09-01 12:10:00+09:00,6795.54,6799.28,6791.04,6791.57,3941.0,6789.465199166326,6791.135836380012,6788.65419436313,6771.773587823841,6777.659013950788,52.25025760789326,7.353067385159193,12.44662531388646,-5.093557928727268,6798.106999999999,6840.859874570387,6755.3541254296115,0.012577876332451837,0.42354900032234144,27.899211074707903,6857.35,6732.47,6857.35,6547.76,-0.0002855666658325706,0.003214270415270004,-0.0041715420189384345,-0.0019530159327304508
2026-09-01 12:20:00+09:00,6791.19,6794.67,6782.39,6787.44,3744.0,6788.790132777551,6790.4638661291,6788.538556804737,6772.287240682075,6777.820683141685,51.08749169540842,6.48257018082586,11.253814287274341,-4.771244106448481,6798.691000000001,6840.5159131024975,6756.866086897504,0.012303813514247607,0.36549882396134054,26.78355314080018,6857.35,6732.47,6857.35,6547.76,-0.0006081068147718582,0.0027967750657085233,0.0017237918698418397,-0.00021211157068623532
2026-09-01 12:30:00+09:00,6787.6,6804.66,6787.46,6804.16,3539.0,6793.913421851701,6792.954072287445,6790.026313299523,6773.332249184302,6778.256043750913,55.413416406001126,7.060470431780232,10.41514551617552,-3.3546750843952893,6800.275,6840.373202204484,6760.176797795515,0.011793111956350162,0.5484435683698273,26.100442202171614,6857.35,6732.47,6857.35,6547.76,0.002463373525217305,0.004029895895585556,0.004677754677754775,0.03419260700389115
2026-09-01 12:40:00+09:00,6802.94,6816.49,6797.0,6816.49,3865.0,6801.438947901134,6797.2333318715455,6792.546664413854,6774.747257407767,6778.888009969906,58.339551985487496,8.416369825756192,10.015390378091656,-1.599020552335464,6801.6945,6841.977809434951,6761.411190565048,0.011845080497206001,0.6836430547481647,25.62826775915934,6857.35,6756.2,6857.35,6581.24,0.001812126698960581,0.003378209298833923,0.004182319058352091,0.028301915255669163
2026-09-01 12:50:00+09:00,6818.76,6820.5,6809.56,6815.08,4992.0,6805.985965267424,6800.478180622173,6794.692696374439,6776.069642410791,6779.486224681148,57.87181889010674,9.270292486839026,9.86637079984113,-0.5960783130021046,6802.9355,6843.2625313689505,6762.608468631049,0.011855773546273042,0.6505751798203374,24.579105776362216,6857.35,6756.2,6857.35,6602.5,-0.00020685132670916762,0.0031750891659834135,0.0036552355874444054,0.021339220014716664
2026-09-01 13:00:00+09:00,6816.82,6830.57,6815.88,6822.64,4930.0,6811.537310178283,6804.507602327232,6797.354344338778,6777.596539380928,6780.199510223609,59.735799773377465,10.436752777011861,9.980447195275277,0.45630558173658464,6803.338000000001,6844.278315387555,6762.397684612446,0.01203536128516755,0.7357334062681313,23.92988393519347,6857.35,6756.2,6857.35,6602.5,0.0011093046596666323,0.004574789039942351,0.0011812889696958262,0.02045046971915565
2026-09-01 13:10:00+09:00,6824.48,6824.79,6816.56,6820.6,4364.0,6814.558206785523,6807.433492813189,6799.568216306513,6779.006488909423,6780.867286914128,58.977487530093654,11.068973770427874,10.198152510305796,0.870821260122078,6802.858,6842.738693876014,6762.977306123987,0.011724688028476718,0.7224384567525192,22.80846365410819,6857.35,6756.2,6857.35,6602.5,-0.0002990044909302325,0.004885494383744193,-0.0014055225322829878,0.02560015638274682
2026-09-01 13:20:00+09:00,6819.76,6826.31,6816.1,6819.8,5641.0,6816.305471190349,6809.681948665337,6801.49505284875,6780.3439810763275,6781.510802832903,58.66298651088427,11.37434379352635,10.433390766949907,0.9409530265764428,6801.875999999999,6838.975463284959,6764.77653671504,0.010908597359010872,0.7415668369960942,21.908573393100465,6857.35,6756.2,6857.35,6602.5,-0.00011729173386509917,0.0022985938014392637,-0.0028715801293672794,0.02834516015211519
2026-09-01 13:30:00+09:00,6818.24,6828.03,6817.83,6824.6,4019.0,6819.0703141269,6812.394321635275,6803.6955240060115,6781.794998090218,6782.223020967897,60.03987436367759,11.866877643037697,10.720088142167466,1.1467895008702307,6801.08,6835.408413887506,6766.751586112494,0.010094988998072669,0.8425733574099187,21.072246722164707,6848.01,6756.2,6857.35,6602.5,0.0007038329569781787,0.0011897618862495296,-0.0023273084502347663,0.0324347220961545
2026-09-01 13:40:00+09:00,6823.84,6843.62,6816.74,6838.95,6003.0,6825.6968760846,6817.222626792498,6807.053093148296,6783.668932579063,6783.160656984957,63.91013390268898,13.262260258546121,11.228522565443196,2.0337376931029247,6802.8595000000005,6840.958859824443,6764.760140175558,0.011200983887567342,0.9736365672061225,21.487086242010093,6848.01,6756.2,6857.35,6602.5,0.0021026873369867083,0.003502526749502577,0.005231238682062989,0.032791638539915624
2026-09-01 13:50:00+09:00,6839.48,6840.99,6813.08,6814.71,5578.0,6822.0345840564005,6816.765785557498,6807.782322372268,6784.686672494503,6783.682133729008,54.3366220631033,12.270696663761555,11.436957385106869,0.8337392786546864,6803.280000000001,6841.7062072033195,6764.853792796682,0.011296376807457249,0.6487266221659806,21.94586579615222,6843.62,6756.2,6857.35,6603.31,-0.0035444037461890288,-0.0011623066730767073,0.001235619940349375,0.026854557152952818
2026-09-01 14:00:00+09:00,6811.18,6819.54,6803.84,6808.99,4886.0,6817.686389370934,6815.352006365225,6807.897339289195,6785.48350290452,6784.100445568198,52.34403703636317,10.8976973041581,11.329105368917116,-0.4314080647590153,6802.7919999999995,6840.663855830317,6764.920144169682,0.01113420955111288,0.5818285751267397,21.49973252499848,6843.62,6756.2,6857.35,6613.93,-0.0008393607358200272,-0.0017021962877167285,-0.001431347387717774,0.02528199437140577
2026-09-01 14:10:00+09:00,6809.33,6812.3,6789.19,6789.19,4875.0,6808.187592913957,6810.595277935184,6806.115687928319,6785.605027399453,6784.18457043484,46.049000190746845,8.118308093025917,10.686945913738876,-2.5686378207129597,6802.8985,6840.604412149587,6765.1925878504135,0.011085249074225277,0.3182181623717744,21.61475163035577,6843.62,6756.2,6857.35,6613.93,-0.002907920264238917,-0.004488401419396548,0.0003138324989022667,0.023345306444829905
2026-09-01 14:20:00+09:00,6792.86,6817.57,6790.07,6816.11,5123.0,6810.828395275972,6811.597954674241,6807.067527173242,6786.605190435537,6784.712263485504,54.126666539676,7.995672009168629,10.148691132824828,-2.1530191236561986,6804.087000000001,6841.885122228924,6766.288877771079,0.011110417085767035,0.6590422921961776,22.097983656758935,6843.62,6756.2,6857.35,6620.89,0.003965126914992734,-0.001244028954078047,0.0034995303533096322,0.026533412249827748
2026-09-01 14:30:00+09:00,6817.78,6841.06,6815.77,6837.01,5323.0,6819.555596850649,6816.218326551651,6809.91919125198,6788.257807142569,6785.576688882438,59.2303038303894,9.475707305186916,10.014094367297245,-0.5383870621103295,6805.478,6845.8826430999325,6765.073356900068,0.011874152880938679,0.8902026794545911,22.325984824133293,6843.62,6756.2,6857.35,6635.66,0.0030662650690791438,-0.00028366927671641395,0.004085654828254182,0.02584335243376734
2026-09-01 14:40:00+09:00,6837.15,6849.96,6836.98,6842.55,5508.0,6827.220397900433,6821.00590354226,6813.02688732322,6790.037879039533,6786.518396504217,60.48525505606489,10.969231171809042,10.205121728199606,0.7641094436094367,6809.115000000001,6849.115618745637,6769.114381254364,0.011749138836878663,0.9179310351748841,21.658414479552377,6843.62,6756.2,6857.35,6637.51,0.0008102957286884038,0.004085280224690457,0.0107447624083985,0.028104575163398815
2026-09-01 14:50:00+09:00,6842.28,6850.55,6830.48,6839.61,5578.0,6831.350265266956,6824.388466534576,6815.558612340055,6791.66319448086,6787.395943669437,59.43960222979795,11.779835555381396,10.520064493635964,1.2597710617454325,6812.67,6850.163108700594,6775.176891299406,0.011006876511145952,0.8592660215925566,21.544956302441538,6849.96,6756.2,6857.35,6637.51,-0.0004296643795077548,0.004496995883383592,0.010504527584357382,0.02874792433759299
2026-09-01 15:00:00+09:00,6839.1,6845.69,6836.31,6838.02,6562.0,6833.573510177971,6826.866927164652,6817.697792117193,6793.183089743782,6788.2327049311,58.84708979809579,12.153843712821072,10.846820337472986,1.307023375348086,6815.7285,6850.945335903233,6780.511664096767,0.010333990241316978,0.8164892505001258,20.676030852267083,6850.55,6756.2,6857.35,6637.51,-0.0002324693951847312,0.007192316020026013,0.009026317536908746,0.029413004468103132
2026-09-01 15:10:00+09:00,6833.92,6838.31,6826.12,6833.06,7917.0,6833.402340118648,6827.992940407443,6819.160859534602,6794.4905294243135,6788.973651957032,56.94026712118663,11.912695189870647,11.05999530795252,0.8526998819181273,6817.7045,6852.14600837341,6783.26299162659,0.010103549772041372,0.7229214213488896,20.0698857913909,6850.55,6774.91,6857.35,6638.23,-0.0007253561703534084,0.002486755642147953,0.005817291132458324,0.02734088985312444
2026-09-01 15:20:00+09:00,6833.21,6835.8,6833.21,6835.8,16764.0,6834.201560079098,6829.412405787907,6820.745539578926,6795.844938295647,6789.747641180883,57.75463006766526,11.806579450352729,11.209312136432562,0.5972673139201667,6819.819,6853.236775450144,6786.401224549857,0.009800194242733826,0.7391092732046471,18.832036806291534,6850.55,6782.39,6857.35,6646.85,0.00040099164942208887,-0.0001769779479626754,0.006225058916524695,0.023222256483640846
2026-09-02 09:00:00+09:00,6625.47,6659.82,6625.47,6659.82,40191.0,6776.074373386065,6798.5774229173785,6805.419297714267,6791.385104253167,6787.600076863844,25.022482456270268,-2.4493981740606614,8.477570074333919,-10.92696824839458,6813.2315,6890.065749466203,6736.397250533797,0.022554422073050914,-0.4983275756957926,32.510462748699275,6850.55,6782.39,6857.35,6670.05,-0.02574387781971388,-0.026704956485520848,-0.019399049115300326,-0.006541193107655996
2026-09-02 09:10:00+09:00,6658.81,6672.64,6648.98,6661.69,19511.0,6737.946248924043,6773.688800568764,6791.730793170051,6787.132805753063,6785.518918568574,25.5056237514885,-13.441524253881653,4.093751208690804,-17.535275462572457,6806.944,6907.9652661573455,6705.922733842655,0.029681826722048853,-0.21892783334234467,31.878286838077955,6850.55,6625.47,6857.35,6625.47,0.0002807883696556157,-0.026013179114013796,-0.018526867272491532,-0.0060339026548277275
2026-09-02 09:20:00+09:00,6662.83,6687.37,6656.51,6672.85,12316.0,6716.247499282696,6755.354473192625,6780.408812868141,6783.385828515256,6783.656622393887,28.468068934422462,-21.010152672502045,-0.9270295675477653,-20.08312310495428,6800.378500000001,6917.115653858708,6683.641346141293,0.03433254600716935,-0.04622070088480129,31.805552063929504,6850.55,6625.47,6857.35,6625.47,0.001675250574554088,-0.024154652955095224,-0.01929848798382161,-0.0023338705770834522
2026-09-02 09:30:00+09:00,6670.78,6694.57,6666.52,6691.0,9899.0,6707.831666188464,6743.653659884874,6771.89368783308,6780.356784957379,6782.125107974154,33.125881652533565,-25.25269456546539,-5.792162567131291,-19.460531998334098,6794.103999999999,6919.845404700401,6668.362595299598,0.03701486014944761,0.09001571421259018,31.537298345077346,6850.55,6625.47,6857.35,6625.47,0.0027199772211272677,-0.020790099896678904,-0.018409768077118804,-0.000883988460366858
2026-09-02 09:40:00+09:00,6692.5,6692.5,6663.17,6667.55,9301.0,6694.404444125643,6729.816630814897,6761.956193753738,6776.658201844022,6780.2313045365645,30.373969729461066,-30.159498674591305,-10.665629788623294,-19.493868885968013,6786.727499999999,6923.5062787452,6649.948721254798,0.040307726734335726,0.06434214030376201,31.379634177571816,6850.55,6625.47,6857.35,6625.47,-0.003504707816469832,-0.024613066502823355,-0.021647581539761762,-0.002886261842272586
2026-09-02 09:50:00+09:00,6668.4,6676.56,6652.39,6663.73,11494.0,6684.179629417095,6717.800879757642,6752.601318158145,6772.955637849135,6778.3056631392665,29.937664715966946,-33.96489222248783,-15.325482275396203,-18.63940994709163,6778.781999999999,6924.465375523861,6633.098624476137,0.042982168632613414,0.1051299621995828,30.864660307745265,6850.55,6625.47,6857.35,6625.47,-0.0005729240875584907,0.0005871029547344087,-0.02329157041848917,-0.0032727006211848986
2026-09-02 10:00:00+09:00,6660.18,6679.89,6659.9,6675.06,11084.0,6681.139752944731,6710.029810710798,6745.216430714512,6769.745944804901,6776.599123252668,33.01122620668043,-35.655443951208326,-19.391474610558628,-16.263969340649698,6771.505,6922.547141867842,6620.4628581321585,0.0446110995614244,0.1807347975626998,30.08789885719208,6850.55,6625.47,6857.35,6625.47,0.0017002489596669168,0.0020069982241743833,-0.021338298683400314,-0.0010610357444833518
2026-09-02 10:10:00+09:00,6674.1,6685.73,6667.96,6669.56,9138.0,6677.279835296488,6702.6716633088345,6738.011056360749,6766.461159729331,6774.829881546012,32.27112874246717,-37.012366884522635,-22.91565306535143,-14.096713819171203,6763.993,6919.556759417235,6608.4292405827655,0.04599761100203235,0.19648136444580624,29.208048938821182,6850.55,6625.47,6857.35,6625.47,-0.000823962631047559,-0.0004930427028930762,-0.022029971553417904,-0.0038459757651251314
2026-09-02 10:20:00+09:00,6672.33,6682.55,6652.83,6657.39,7073.0,6670.649890197659,6694.438633616319,6730.332860516867,6762.885056131647,6772.8887264791365,30.63449837530993,-38.624515998834795,-26.057425652048106,-12.567090346786689,6755.6325,6915.190294027811,6596.074705972188,0.04723696679113665,0.19214133161406324,29.244616871762545,6850.55,6625.47,6857.35,6625.47,-0.0018247080766947699,-0.00502316544612158,-0.02450106965976029,-0.004800059795201372
2026-09-02 10:30:00+09:00,6653.82,6654.37,6618.4,6625.17,10303.0,6655.48992679844,6681.84433659517,6720.317349991451,6758.369808389625,6770.447094636506,26.764465415605585,-42.017686775018774,-29.24947787664224,-12.768208898376535,6744.943499999999,6909.3132124503745,6580.573787549624,0.04873864768485463,0.135658241976422,29.9407156666367,6850.55,6625.47,6857.35,6625.47,-0.004839734490543646,-0.006356157809090268,-0.03125918452394005,-0.014098403103612989
2026-09-02 10:40:00+09:00,6625.69,6642.4,6619.02,6625.37,7612.0,6645.44995119896,6671.576275396047,6711.27474523036,6754.009158934227,6768.049126130118,26.826259697267474,-44.18136545407924,-32.23585539212964,-11.945510061949598,6735.4765,6904.42914866529,6566.523851334709,0.050167986976211804,0.174149825794888,29.472093119019735,6850.55,6618.4,6857.35,6618.4,3.018790461228882e-05,-0.005756535753999592,-0.027784014286741487,-0.012912616730532012
2026-09-02 10:50:00+09:00,6622.64,6634.29,6618.11,6629.32,9793.0,6640.073300799308,6663.893316233129,6703.469531398897,6749.920989788843,6765.756082723008,28.11631564056357,-45.05796424304117,-34.80027716231195,-10.25768708072922,6726.493,6897.9432200757265,6555.042779924274,0.05097759562842808,0.216614536986067,28.522657896232634,6850.55,6618.4,6857.35,6618.4,0.0005961931182711933,-0.006852372862566125,-0.026387173428070843,-0.01893370981729292
2026-09-02 11:00:00+09:00,6631.04,6631.25,6617.63,6621.51,8212.0,6633.885533866206,6656.187258736196,6695.663861741859,6745.710793402323,6763.371849950728,27.09902380898093,-45.85429703504178,-37.01108113685792,-8.843215898183864,6718.1089999999995,6892.8434140002555,6543.374585999743,0.052018927945425134,0.22358335776987323,27.45818233221601,6850.55,6618.11,6857.35,6618.11,-0.001178099714601144,-0.007204373301986977,-0.024698086222362248,-0.022482210871298203
2026-09-02 11:10:00+09:00,6621.65,6641.16,6620.79,6641.16,8422.0,6636.310355910804,6653.455029875069,6690.473017766444,6742.282898536673,6761.35181937303,33.60781464442391,-44.38812703407348,-38.48649031630103,-5.901636717772448,6709.361500000001,6881.086369867505,6537.636630132497,0.05118963104536964,0.3014221817357538,26.95188359420057,6850.55,6617.63,6857.35,6617.63,0.002967601045682944,-0.0024378923271732855,-0.02566713271939569,-0.022021293828324073
2026-09-02 11:20:00+09:00,6640.26,6645.35,6627.94,6630.44,5791.0,6634.353570607203,6649.270478988692,6684.755587502973,6738.615918256782,6759.187987647856,31.932791651332977,-43.58872743748452,-39.50693774053773,-4.081789696946792,6699.033,6863.500662487216,6534.565337512785,0.049101911421309735,0.2914696452704412,26.270320480329154,6850.55,6617.63,6857.35,6617.63,-0.001614175836751497,0.0007954512865329111,-0.030213499760860518,-0.024932426271842
2026-09-02 11:30:00+09:00,6631.81,6631.81,6616.97,6618.87,5430.0,6629.192380404803,6643.7431191725655,6678.480769645546,6734.689822576232,6756.8686820669,30.184218930080874,-43.38864254058535,-40.28327870054726,-3.1053638400380947,6687.849,6841.846013074949,6533.851986925051,0.04605277812789998,0.2760378639083446,25.45386901744851,6850.55,6617.63,6857.35,6617.63,-0.001744982233456538,-0.0009810772832309356,-0.03268956748580576,-0.021830789215838475
2026-09-02 11:40:00+09:00,6619.43,6638.37,6619.43,6637.64,4887.0,6632.008253603202,6642.633461141189,6674.591172536447,6731.507861180289,6754.897960049266,36.28011292208427,-41.24010146705223,-40.47464325384826,-0.7654582132039707,6677.7505,6816.332857242918,6539.168142757082,0.04150570083231414,0.3552828051203844,25.02859265905933,6850.55,6616.97,6857.35,6616.97,0.0028358314938956575,0.0012550306818799317,-0.02952946147514246,-0.020498631309442072
2026-09-02 11:50:00+09:00,6638.78,6638.78,6612.56,6618.59,5098.0,6627.5355024021355,6638.261922751882,6669.257727532975,6727.805636223558,6752.644935916221,33.11942256176687,-40.60645701950398,-40.5010060069794,-0.10545101252457556,6666.7789999999995,6786.304331691659,6547.25366830834,0.0358569953171268,0.29841511703848306,25.11369318341219,6845.69,6616.97,6857.35,6616.97,-0.002869995962420435,-0.0004409870256180115,-0.03208969847996934,-0.021478827949088286
2026-09-02 12:00:00+09:00,6622.19,6627.43,6611.9,6623.96,5634.0,6626.343668268091,6635.661573160631,6664.94365824412,6724.400861265409,6750.517912182068,34.84264274276501,-39.21888422419306,-40.24458165042214,1.0256974262290797,6656.3240000000005,6749.522154359402,6563.125845640599,0.02800288999135291,0.32636995216023895,24.42914367031137,6838.31,6612.56,6857.35,6612.56,0.0008113510581557737,-0.0025899089918025586,-0.03060122404896204,-0.021567303843296193
2026-09-02 12:10:00+09:00,6624.06,6631.55,6615.38,6617.55,5089.0,6623.412445512062,6632.368559858698,6660.429976506585,6720.897554338674,6748.320095451787,33.72560229389444,-38.19615472103851,-39.83489626454542,1.6387415435069101,6645.4115,6690.885921942409,6599.937078057591,0.013685961190637842,0.19365745830386807,23.839204836717705,6835.8,6611.9,6857.35,6611.9,-0.0009676990803084706,-0.001944064044015037,-0.03192749934170103,-0.02689670992844595
2026-09-02 12:20:00+09:00,6620.21,6621.73,6612.43,6614.42,4494.0,6620.414963674708,6629.1051853389345,6656.048073982149,6717.406486983307,6746.106870733576,33.16645293618447,-37.20927371747166,-39.30977175513067,2.1004980376590083,6643.141500000001,6690.023107171638,6596.259892828363,0.014114288299184163,0.19368050998285088,22.80069020552353,6694.57,6611.9,6857.35,6611.9,-0.00047298471488699256,-0.0006723201996715611,-0.0068170010600886455,-0.030146539159709218
2026-09-02 12:30:00+09:00,6613.05,6616.29,6596.69,6604.06,5237.0,6614.963309116472,6624.55151527731,6651.096828840991,6713.690208721559,6743.758988572691,31.315772851442844,-36.83847778912332,-38.8155129619292,1.9770351728058841,6640.26,6689.263431308379,6591.256568691621,0.014759491739292986,0.13063811009281118,22.57206947655759,6694.57,6611.9,6857.35,6611.9,-0.0015662748963627404,-0.005059027003573524,-0.008650957940102177,-0.02534033082635745
2026-09-02 12:40:00+09:00,6607.2,6609.76,6599.78,6601.11,5328.0,6610.345539410982,6620.289421590526,6646.336178475182,6709.999054337246,6741.401154050828,30.78893861986039,-36.36348408128197,-38.32510718579976,1.9616231045177912,6636.673,6686.109756406485,6587.236243593515,0.014898054011847526,0.14031823095765467,21.6726359425178,6694.57,6596.69,6857.35,6596.69,-0.0004466949119179553,-0.002641045902526118,-0.010751028421139508,-0.025303876866376807
2026-09-02 12:50:00+09:00,6603.15,6603.15,6586.45,6589.09,8125.0,6603.260359607322,6614.616799483158,6640.884161477546,6706.034823047499,6738.883614314451,28.672328126733717,-36.5357997337569,-37.96724569539119,1.4314459616342887,6631.577499999999,6678.51021987636,6584.644780123639,0.014154315432899746,0.047357364841325786,21.317447660909373,6694.57,6596.69,6857.35,6596.69,-0.001820905877950807,-0.0052642226100398926,-0.015230907188760967,-0.029317482064200595
2026-09-02 13:00:00+09:00,6586.93,6587.06,6570.88,6571.75,6296.0,6592.756906404882,6606.822835940766,6634.299955622541,6701.632041963975,6736.121075234873,25.905584423927706,-37.63769034770394,-37.90133462585374,0.26364427814980473,6626.7875,6677.462598371802,6576.112401628198,0.01529401640592883,-0.043042853081324786,21.095487113701566,6692.5,6586.45,6857.35,6586.45,-0.0026316228796389174,-0.006920990396748095,-0.014368096227249882,-0.032179916527496744
2026-09-02 13:10:00+09:00,6575.52,6589.74,6568.33,6588.35,5884.0,6591.287937603255,6603.464138496989,6629.9237693727755,6697.917876653681,6733.678578123553,32.60977788508296,-36.7478588874319,-37.67063947816938,0.9227805907374744,6623.0185,6673.354200759906,6572.682799240094,0.015200229550893177,0.15562712471846357,21.11795231986573,6685.73,6570.88,6857.35,6570.88,0.002525963403964049,-0.003941388662951462,-0.011311982928479902,-0.0331993560874535
2026-09-02 13:20:00+09:00,6587.57,6589.25,6573.95,6582.19,4987.0,6588.255291735504,6599.596113315718,6625.377696099178,6694.123520042084,6731.174634683494,31.471784500119625,-36.123314479669716,-37.36117447846945,1.2378599987997347,6618.375,6665.694807057824,6571.055192942176,0.014299524296469666,0.11765482310839552,20.70238429701819,6685.73,6568.33,6857.35,6568.33,-0.0009349837212656587,-0.0033115992283535567,-0.01391298355370596,-0.03631079616995114
2026-09-02 13:30:00+09:00,6584.77,6591.16,6572.97,6575.06,4710.0,6583.856861157004,6595.135001803768,6620.585534565923,6690.219798073491,6728.594227498644,30.159842987823552,-35.79111228578586,-37.047162039932736,1.2560497541468791,6613.65,6658.383864576946,6568.916135423054,0.013527738715216548,0.06867129226426177,20.522928275802578,6685.73,6568.33,6857.35,6568.33,-0.0010832260995199405,-0.003946306000051414,-0.01416885071878804,-0.038655211537786616
2026-09-02 13:40:00+09:00,6575.45,6584.03,6568.97,6574.51,5400.0,6580.741240771336,6591.38500147581,6616.197388416787,6686.426034202229,6726.047380763129,30.05576025987631,-35.16683863205071,-36.671097358356334,1.504258726305622,6609.505999999999,6652.589385382157,6566.422614617842,0.013036794393456261,0.09385735719723437,20.132719113245212,6682.55,6568.33,6850.55,6568.33,-8.364942677330234e-05,-0.002212748649661811,-0.012449323233279075,-0.038887394525562446
2026-09-02 13:50:00+09:00,6575.15,6576.34,6568.25,6575.53,4369.0,6579.004160514225,6588.502273934753,6612.324303805664,6682.790098654615,6723.559490172003,30.53454537259107,-34.19560612690748,-36.17599911206656,1.9803929851590851,6607.023999999999,6651.894238867058,6562.15376113294,0.013582586915700327,0.14905468752562565,19.272524890870564,6654.37,6568.33,6850.55,6568.33,0.00015514464195809374,0.0005751892570471373,-0.007492637924762735,-0.03348786481973609
2026-09-02 14:00:00+09:00,6576.32,6577.39,6560.35,6567.74,5047.0,6575.249440342817,6584.727315037525,6608.078179633697,6679.017964272496,6720.9839614088305,28.907068928396527,-33.66639996331196,-35.674079282315645,2.0076793190036852,6604.1425,6651.274840860456,6557.010159139544,0.014273568706446225,0.1138267340913891,19.113058827236948,6645.35,6568.25,6850.55,6568.25,-0.0011846953781672331,-0.003128249106377212,-0.008698382128092486,-0.03504988025799638
2026-09-02 14:10:00+09:00,6568.42,6608.13,6568.42,6603.63,5384.0,6584.709626895212,6588.164166848884,6607.6545434781065,6676.5462277389715,6719.044226509512,43.775619007795676,-30.005097129003843,-34.54028285165329,4.5351857226494445,6602.858,6648.554050419985,6557.161949580015,0.013841294306188355,0.5084471195311696,20.63284033957719,6645.35,6560.35,6850.55,6560.35,0.005464589036715983,0.0032572745545176307,-0.003875208920371853,-0.031548304307974284
2026-09-02 14:20:00+09:00,6605.01,6618.68,6596.31,6617.18,5430.0,6595.533084596808,6593.439772876359,6608.561729813525,6674.599794042611,6717.3605202862145,48.18191885069562,-25.713704912619505,-32.774967263846534,7.061262351227029,6602.6415,6648.021958911141,6557.261041088858,0.013746152630319678,0.6601845854894076,20.756923172464525,6645.35,6560.35,6850.55,6560.35,0.002051901757063934,0.006406025192165599,-0.0006539293907280586,-0.025029983527477317
2026-09-02 14:30:00+09:00,6614.92,6619.3,6586.8,6588.48,4892.0,6593.182056397873,6592.537995989748,6606.649184116998,6671.776194237936,6715.230263752559,40.87499813523186,-24.347928048926406,-31.08955942086251,6.741631371936105,6600.0075,6642.138354192445,6557.876645807554,0.012766911005008841,0.3631940863654841,21.595714374431346,6645.35,6560.35,6850.55,6560.35,-0.004337194998473737,0.0021248731844654145,-0.00793234916791652,-0.030013220775167437
2026-09-02 14:40:00+09:00,6587.71,6610.0,6587.71,6598.51,6533.0,6594.958037598582,6593.623814900702,6605.874023724903,6669.374023935052,6713.301003194666,44.067410255459905,-22.20029172496379,-29.31170588168277,7.111414156718979,6598.411,6638.160650513995,6558.661349486005,0.012048249347909738,0.50124529396762,21.645306204829105,6645.35,6560.35,6850.55,6560.35,0.0015223541697024778,0.003494775326095434,-0.004815668341769053,-0.03094053771447114
2026-09-02 14:50:00+09:00,6599.71,6599.71,6574.81,6574.81,6280.0,6588.242025065722,6590.203121282392,6602.915545274913,6666.273564133902,6711.011895703845,38.74406036092605,-22.155274186531642,-27.880419542652547,5.725145356120905,6596.2080000000005,6636.0615968763705,6556.354403123631,0.012083790225041392,0.23154242430891495,21.877784333055573,6638.78,6560.35,6850.55,6560.35,-0.0035917199488975093,0.0010764737946387104,-0.0066567253927029,-0.028804353445665343
2026-09-02 15:00:00+09:00,6576.8,6580.22,6562.71,6569.97,7700.0,6582.151350043815,6586.52437195832,6599.77787429635,6663.116070227872,6708.680624700476,37.741369991723616,-22.253619144324148,-26.75505946298687,4.501440318662723,6592.8245,6629.387887411224,6556.261112588775,0.011091873418206276,0.1874674145620409,21.565799737837335,6638.78,6560.35,6850.55,6560.35,-0.0007361429455756685,-0.005097196541901883,-0.010194888544723724,-0.029332896014041543
2026-09-02 15:10:00+09:00,6570.51,6570.51,6558.3,6563.03,9474.0,6575.777566695877,6582.252667965899,6596.278076744316,6659.834559728597,6706.27317635832,36.291062191568116,-22.630685773428013,-25.9301847250751,3.299498951647088,6590.0464999999995,6626.799491864372,6553.293508135627,0.011154091815398339,0.1324584934513986,20.89752832799181,6638.78,6560.35,6850.55,6560.35,-0.0010563214139487354,-0.008183244221858899,-0.008394537205054342,-0.03155153205397798
2026-09-02 15:20:00+09:00,6563.67,6563.83,6562.72,6562.72,12205.0,6571.425044463918,6578.70127379028,6593.082069435334,6656.65047580307,6703.900396583802,36.22410040417618,-22.692938137844067,-25.282735407628895,2.589797269784828,6586.9845000000005,6622.092924330663,6551.876075669338,0.010659938346799593,0.15443479075749073,19.484133447420945,6631.55,6558.3,6850.55,6558.3,-4.723428050756873e-05,-0.003909854776822486,-0.009245224910778393,-0.03397639522252016
2026-09-03 09:00:00+09:00,6650.33,6650.33,6607.79,6607.79,35525.0,6583.5466963092795,6583.990133101138,6594.482824727207,6655.048492989855,6702.311794987376,50.51887906380437,-18.887774740872374,-24.003743274277593,5.115968533405219,6586.496499999999,6620.132383978003,6552.860616021995,0.010213588962813276,0.8165295137467676,24.35026677260514,6631.55,6558.3,6850.55,6558.3,0.006867579296389259,0.0014063781065725145,-0.0014748660758135967,-0.02733785627753549
2026-09-03 09:10:00+09:00,6607.61,6618.28,6589.1,6589.69,21050.0,6585.594464206186,6585.0264725372945,6594.026365229378,6652.905591580351,6700.450277714857,46.054429238846346,-17.135150714859265,-22.63002476239393,5.494874047534665,6585.26,6616.426524990467,6554.093475009533,0.009465541220989672,0.5710698417830408,24.695247717419015,6650.33,6558.3,6850.55,6558.3,-0.0027391911667895563,0.0022631832706951904,-0.0037388009833062563,-0.029725085657660966
2026-09-03 09:20:00+09:00,6595.24,6607.95,6578.16,6594.88,21008.0,6588.689642804125,6586.818022985059,6594.107663778961,6651.003113167881,6698.705314446844,47.487444644849205,-15.15272276610358,-21.13456436313586,5.981841597032279,6584.8009999999995,6615.104967330719,6554.49703266928,0.009204216598411825,0.6662983577365374,25.05915859474623,6650.33,6558.3,6850.55,6558.3,0.0007875939535850751,0.003791493720671557,-0.0013900539970866932,-0.028370048206687537
2026-09-03 09:30:00+09:00,6592.97,6638.08,6587.19,6638.08,19529.0,6605.15309520275,6596.13838244232,6598.295505323822,6650.579404539426,6697.703243133673,57.58686623083522,-9.980704028291257,-18.903792296166937,8.92308826787568,6586.649500000001,6624.321721848225,6548.977278151778,0.011438963572670343,1.182605079774763,26.90421869512152,6650.33,6558.3,6850.55,6558.3,0.006550536173516308,0.011435266942250832,0.00560057323692531,-0.024408597093542816
2026-09-03 09:40:00+09:00,6638.01,6638.01,6617.61,6634.33,15694.0,6614.878730135168,6603.082312907352,6601.727361959648,6650.046637177477,6696.655751511629,56.56979778700411,-6.113957677831422,-16.345825372499835,10.231867694668413,6588.9115,6631.948978213556,6545.874021786444,0.013063607915679521,1.0276621898549563,26.444631645470004,6650.33,6558.3,6850.55,6558.3,-0.0005649223871962983,0.01091163420045338,0.0068658949870163966,-0.026723430974005646
2026-09-03 09:50:00+09:00,6633.76,6637.94,6616.2,6625.84,12001.0,6618.53248675678,6607.2200741969245,6604.023803677776,6649.252976942151,6695.485243222181,54.23439063979872,-3.692045777295789,-13.815069453459026,10.123023676163237,6591.616,6636.746994404987,6546.485005595013,0.01369345374639153,0.8791629283955934,26.108586527936417,6650.33,6558.3,6850.55,6558.3,-0.0012797072198699189,0.0027316243403618934,0.008230684368699448,-0.027767832512604396
2026-09-03 10:00:00+09:00,6625.87,6657.31,6625.87,6648.21,11606.0,6628.424991171187,6614.672787979302,6608.232012851322,6649.218780976835,6694.7038342433025,59.0333928811168,0.03203956673951325,-11.045647649419319,11.077687216158832,6594.6089999999995,6645.984259376315,6543.233740623684,0.015580987250742426,1.021661599870297,26.491544633083834,6650.33,6558.3,6850.55,6558.3,0.0033761756999866055,0.008880539145240673,0.009085734668012435,-0.025566349682820788
2026-09-03 10:10:00+09:00,6645.9,6675.0,6639.94,6673.0,7816.0,6643.283327447458,6625.277735619428,6614.400392579767,6649.998493075955,6694.3450931814305,63.58986967688552,4.926954983670839,-7.851127122801287,12.778082106472127,6599.1494999999995,6660.428665945571,6537.870334054428,0.01857183746043988,1.1025742914451124,27.10357715929216,6657.31,6558.3,6850.55,6558.3,0.0037288232471597293,0.011845552913775537,0.013796320069764167,-0.02164032489810286
2026-09-03 10:20:00+09:00,6673.12,6677.38,6645.75,6650.35,7337.0,6645.638884964972,6629.836329143169,6617.824164715027,6650.010017893136,6693.617901558598,57.317094839344,6.899017433019253,-4.90109821163718,11.800115644656433,6602.914,6666.997443852416,6538.830556147584,0.01941065531140226,0.8701111952507223,27.426893076485584,6675.0,6558.3,6850.55,6558.3,-0.0033942754383334828,0.0018484260509064043,0.011450846075929277,-0.024846769699991222
2026-09-03 10:30:00+09:00,6654.86,6682.97,6646.03,6651.7,9243.0,6647.6592566433155,6633.811542026229,6621.050434742167,6650.065427142541,6692.925043681596,57.5856508128308,8.473151631990731,-2.226248242911598,10.69939987490233,6606.7735,6672.817138081096,6540.729861918904,0.019992705389732555,0.8401273862656806,28.106400713879506,6677.38,6558.3,6850.55,6558.3,0.0002029968347529998,0.0026181995770484523,0.011740798934064989,-0.025334818157840777
2026-09-03 10:40:00+09:00,6652.19,6663.77,6642.51,6646.75,8053.0,6647.356171095544,6636.163988930551,6623.49801238577,6649.956724613277,6692.161819819091,56.18962611573672,9.215015729394509,0.062004551549623255,9.153011177844885,6610.3345,6676.9335397752675,6543.735460224732,0.020149975701008037,0.7733935813705489,27.617372091459558,6682.97,6558.3,6850.55,6558.3,-0.0007441706631386991,0.003155826280139662,0.010831066088969221,-0.028103729373661124
2026-09-03 10:50:00+09:00,6645.15,6647.62,6615.72,6618.81,6690.0,6637.840780730363,6633.008718215905,6623.0515350156975,6648.935520527596,6690.949393045222,48.9728955563607,7.4624019512430095,1.5420840314883004,5.920317919754709,6612.888000000001,6676.612871000171,6549.16312899983,0.019272932189436875,0.5464653745629687,27.923274084926707,6682.97,6558.3,6850.55,6558.3,-0.004203558129913021,-0.004422242979689184,0.007775886377962671,-0.028746637787961604
2026-09-03 11:00:00+09:00,6617.39,6635.22,6616.57,6634.03,5337.0,6636.570520486909,6633.194405813013,6624.097103109441,6648.4468149365275,6690.008576631252,52.54817661427861,7.218360934727571,2.6773394121361545,4.541021522591416,6614.408,6678.625383191693,6550.190616808308,0.019417424262819147,0.6527779475335098,27.260897364574838,6682.97,6558.3,6850.55,6558.3,0.0022995070110789495,-0.005839952045556762,0.004603528665294565,-0.025695440880365572
2026-09-03 11:10:00+09:00,6636.51,6653.76,6636.51,6653.17,6103.0,6642.103680324607,6636.826332028828,6626.865950432351,6648.6016734631985,6689.399674538174,56.6606545033725,8.471737791478517,3.836219088004627,4.63551870347389,6616.2074999999995,6682.614436648132,6549.800563351867,0.020074018732977348,0.7783030046684133,26.7229761242481,6682.97,6558.3,6850.55,6558.3,0.0028851241251548476,0.00042403783259525873,0.0054388727524412595,-0.0200347906009406
2026-09-03 11:20:00+09:00,6653.41,6659.76,6641.2,6649.49,5722.0,6644.565786883071,6639.128817114495,6629.020621819746,6648.630798923422,6688.740010496221,55.66180846416649,9.06362293233542,4.881699856870785,4.181923075464635,6619.258,6685.894635149067,6552.621364850933,0.020134170672624314,0.7268421862266202,26.13990640108755,6682.97,6558.3,6850.55,6558.3,-0.0005531197910169094,-0.0003322458920276272,0.009260102481907895,-0.024445028029183802
2026-09-03 11:30:00+09:00,6650.09,6657.83,6644.01,6647.09,4544.0,6645.407191255382,6640.57630491186,6630.741514979771,6648.580280925932,6688.051580570664,54.98107314556428,9.232608465117664,5.751881578520161,3.4807268865975036,6621.687,6688.662138103557,6554.711861896443,0.020229025655714827,0.6896449990198023,25.259913086724133,6682.97,6558.3,6850.55,6558.3,-0.00036092993598002554,5.1152819046995646e-05,0.007362268148415341,-0.02777822469178781
2026-09-03 11:40:00+09:00,6647.12,6653.37,6637.66,6639.58,4236.0,6643.464794170255,6640.395158564248,6631.583275457888,6648.285189748032,6687.250397420736,52.80482719731537,8.660701307438103,6.3336455243037495,2.3270557831343535,6624.9255,6688.7084041279195,6561.142595872081,0.019255432873296223,0.6148779614252861,24.577776437672412,6682.97,6558.3,6850.55,6558.3,-0.0011298177097045503,0.0031380263219520366,0.009851235244820788,-0.029662918064171984
2026-09-03 11:50:00+09:00,6643.62,6652.97,6639.5,6651.84,4802.0,6646.256529446837,6642.476038825294,6633.512487319042,6648.401740903834,6686.6651015956,55.875342903141835,9.091934146206768,6.8853032486843535,2.2066308975224143,6629.019,6688.53444804496,6569.50355195504,0.017956034835609935,0.6917233319218241,23.784363834981544,6682.97,6558.3,6850.55,6558.3,0.0018465023390032975,0.0026846426681821356,0.012461244115269832,-0.027453319706825297
2026-09-03 12:00:00+09:00,6651.22,6658.88,6644.41,6652.5,5718.0,6648.337686297892,6644.298577220696,6635.320821860085,6648.536110054529,6686.100389172533,56.04114813571254,9.378832419929495,7.384009082933382,1.994823336996113,6633.4925,6685.467509331345,6581.517490668655,0.015670481072028064,0.6828523000238951,23.11905213248288,6682.97,6558.3,6845.69,6558.3,9.922066676293362e-05,-0.00010070387499494515,0.013632422829089608,-0.027130660629831493
2026-09-03 12:10:00+09:00,6653.88,6668.1,6652.31,6666.17,4449.0,6654.281790865261,6648.275199544205,6638.258838825791,6649.11427038061,6685.770961252327,59.44066338921497,10.58721331905781,8.024649930158269,2.562563388899541,6638.665000000001,6681.16437670125,6596.165623298752,0.012803591294710388,0.8235929810611868,22.595548408734103,6682.97,6562.72,6838.31,6558.3,0.0020548665915069986,0.0025084630550613607,0.01576328107857705,-0.02442390378541981
2026-09-03 12:20:00+09:00,6669.61,6670.29,6657.81,6663.62,4355.0,6657.3945272435085,6651.06516326344,6640.674187509048,6649.589868073049,6685.40482966138,58.531345963667235,11.209879683684449,8.661695880863505,2.548183802820944,6641.4565,6682.795638972593,6600.117361027407,0.012448817205260018,0.7680692021028015,21.87300923668164,6682.97,6578.16,6835.8,6558.3,-0.00038252849837316916,0.0024868024955280177,0.008449118389052934,-0.02518798092395924
2026-09-03 12:30:00+09:00,6665.66,6673.03,6656.31,6661.31,3992.0,6658.699684829006,6652.927860851905,6642.639502984377,6649.974134693604,6685.006568014085,57.67066283134027,11.385702280656915,9.206497160822186,2.1792051198347284,6645.0375,6679.685852846799,6610.3891471532015,0.010428339297347483,0.734823572594497,21.50493714834719,6682.97,6578.16,6694.57,6558.3,-0.0003466584228991598,0.0032727973757376017,0.010868493055060435,0.00022372977047435683
2026-09-03 12:40:00+09:00,6662.07,6667.26,6655.81,6665.86,4159.0,6661.086456552671,6655.279158878831,6644.850978890627,6650.494982736437,6684.690095815506,58.9510489142562,11.756666397594927,9.716531008176736,2.0401353894181913,6648.5865,6675.67315891167,6621.499841088331,0.008148095512232403,0.8188562320721948,20.78672735203666,6682.97,6578.16,6694.57,6558.3,0.0006830488297346893,0.0021076874969931936,0.010762894851763738,0.0006259672845778663
2026-09-03 12:50:00+09:00,6665.49,6667.51,6660.31,6663.91,5686.0,6662.027637701781,6656.848402719043,6646.666123758187,6650.934819368029,6684.346623157398,58.13938210533969,11.757773139953315,10.124779434532051,1.6329937054212635,6649.878,6677.2987918193,6622.457208180699,0.008247005980952004,0.7558642378467623,19.816246826891174,6682.97,6587.19,6694.57,6558.3,-0.000292535396782978,0.0017151446824501537,0.003891185403008146,-0.001339757375034778
2026-09-03 13:00:00+09:00,6663.96,6672.77,6657.2,6672.71,5625.0,6665.5884251345215,6659.732329497399,6649.146492924074,6651.648759716618,6684.154282278764,60.76477973768681,12.326642831088975,10.565152113843437,1.7614907172455379,6651.7970000000005,6679.958703854667,6623.635296145334,0.008467397262624365,0.8713021077830524,19.51294348211328,6682.97,6615.72,6694.57,6558.3,0.0013205460457899054,0.000981073089945106,0.005785060435643086,-0.0027335226423553793
2026-09-03 13:10:00+09:00,6671.97,6681.51,6671.41,6674.59,5886.0,6668.588950089681,6662.4337241342355,6651.569684074162,6652.400931529188,6683.996194968371,61.32286887314023,12.781835405839956,11.00848877224274,1.7733466335972157,6654.2345000000005,6681.409248186479,6627.059751813522,0.008167655704492714,0.8745296894807656,18.84059037624807,6682.97,6615.72,6692.5,6558.3,0.0002817445985214828,0.001646252337318188,0.007357557683252303,0.001055860098536865
2026-09-03 13:20:00+09:00,6674.56,6674.56,6656.72,6656.72,5050.0,6664.632633393121,6661.394865200738,6652.060190352813,6652.542540331509,6683.545348770546,53.52876666407211,11.567278757502208,11.120246769294635,0.4470319882075735,6654.660000000001,6681.710311643282,6627.60968835672,0.008129735145982218,0.5380771953233886,18.771262492230345,6682.97,6615.72,6685.73,6558.3,-0.002677318007548002,-0.0006890536546114712,0.001280043801263897,-0.0010519633898731229
2026-09-03 13:30:00+09:00,6656.81,6660.82,6652.59,6657.39,4738.0,6662.218422262082,6660.6667078915125,6652.567791271593,6652.701473435393,6683.113028956158,53.76603495732181,10.537329488775868,11.00366331319088,-0.46633382441501325,6653.8795,6679.638034488562,6628.120965511438,0.0077424108713005585,0.5681424636475175,18.01831517135672,6682.97,6615.72,6685.73,6558.3,0.0001006501700537843,-0.001270653749103512,-0.002339277686198016,-0.002647167216474511
2026-09-03 13:40:00+09:00,6659.48,6661.04,6646.95,6659.89,4721.0,6661.442281508055,6660.525488274874,6653.265144483822,6652.937162830954,6682.729177237875,54.695528685327055,9.809735851012192,10.764877820755144,-0.955141969742952,6654.3565,6680.1891485478845,6628.523851452115,0.00776413122677893,0.6071028390631973,17.737721230545535,6682.97,6615.72,6685.73,6558.3,0.0003755225396138151,-0.000603249443644871,0.0014345109655882204,-0.00144987075609182
2026-09-03 13:50:00+09:00,6659.43,6659.43,6637.42,6642.73,4197.0,6655.204854338704,6657.289944952169,6652.261797390125,6652.602501754529,6682.068033812456,47.618896709582984,7.7590031051731785,10.163702877638752,-2.404699772465573,6653.908,6680.216645423101,6627.5993545769,0.007907727435696628,0.2875603281690473,18.075741142649445,6682.97,6615.72,6682.97,6558.3,-0.0025766191333491673,-0.00449292716152816,-0.0013485274441120687,-0.002202064172295848
2026-09-03 14:00:00+09:00,6642.41,6646.1,6602.96,6602.96,6115.0,6637.789902892469,6647.411773142683,6647.566388114876,6650.974878746184,6680.760463005639,35.99523847852706,2.891346360085663,8.709231574128134,-5.817885214042471,6651.7185,6686.0967130279905,6617.340286972009,0.010336640983225785,-0.20914826143378928,19.86604534674594,6681.51,6615.72,6682.97,6558.3,-0.005986996310251902,-0.010731745320686326,-0.006588182194305459,-0.0033523668071914203
2026-09-03 14:10:00+09:00,6604.03,6604.03,6487.08,6487.08,15991.0,6587.55326859498,6618.2605416621955,6632.281970199174,6645.6012761643415,6677.559133038604,20.382918372826936,-10.199283242020101,4.927528610898488,-15.126811852918589,6645.132,6723.953994798383,6566.310005201616,0.023723229214523793,-0.5025881760812855,26.800613536264073,6681.51,6602.96,6682.97,6558.3,-0.017549704980796554,-0.02548402216106438,-0.019902369156993505,-0.020872796538155547
2026-09-03 14:20:00+09:00,6490.4,6504.7,6439.49,6485.54,19475.0,6553.548845729987,6594.12953408725,6618.306544465919,6640.353365470429,6674.385263071024,20.257171234951088,-20.46209238051415,-0.1503955873840397,-20.31169679313011,6637.7074999999995,6742.882042903663,6532.532957096336,0.031690020358282944,-0.22340461769051778,29.544141140816645,6681.51,6487.08,6682.97,6487.08,-0.00023739494502916791,-0.0258134193730577,-0.0223830763502727,-0.021688498971236814
2026-09-03 14:30:00+09:00,6486.48,6551.37,6486.22,6544.33,9916.0,6550.475897153325,6585.075073344113,6611.261159278689,6637.205058405824,6672.2355893012555,36.39041596877251,-23.579768003203753,-4.836270070547983,-18.74349793265577,6632.2654999999995,6744.690037975449,6519.84096202455,0.033902303210101986,0.10891322489044833,32.13598820218688,6681.51,6439.49,6682.97,6439.49,0.009064781035966085,-0.01735163793996608,-0.016359119036489345,-0.01165595158808197
2026-09-03 14:40:00+09:00,6539.56,6576.69,6527.78,6576.69,7091.0,6559.21393143555,6583.550514554274,6607.9686679188135,6635.220958130223,6670.656323362392,43.20206645472299,-23.172251548008717,-8.50346636604013,-14.668785181968587,6628.6255,6743.275702350421,6513.975297649579,0.03459245128584224,0.2735045427950356,33.33413190203066,6681.51,6439.49,6682.97,6439.49,0.004944738422420603,-0.009941695658260974,-0.010948208058061626,-0.009707641436134673
2026-09-03 14:50:00+09:00,6580.34,6604.95,6574.79,6598.23,7330.0,6572.2192876237,6586.219511908042,6607.041175736069,6634.008139830872,6669.459194050617,47.25121864361324,-20.87061043299309,-10.976895179430722,-9.893715253562368,6626.1825,6741.236337984623,6511.128662015377,0.034727035660313606,0.37852426094757397,33.107408194742746,6681.51,6439.49,6682.97,6439.49,0.003275203787923786,-0.0007163453966100297,-0.007350584992831588,-0.004857897816736179
2026-09-03 15:00:00+09:00,6596.81,6608.23,6587.44,6596.78,6559.0,6580.4061917491335,6588.139600652034,6606.063920904063,6632.7875450823185,6668.257885058045,47.008270923054155,-18.94515815845898,-12.570547775236374,-6.374610383222606,6624.0425000000005,6739.6109647081175,6508.474035291883,0.034893636237423614,0.38205043621174833,32.22759332368969,6681.51,6439.49,6682.97,6439.49,-0.00021975590423484181,0.016910536019287603,-0.006446190873519164,-0.003337427687807759
2026-09-03 15:10:00+09:00,6590.59,6592.07,6576.74,6582.85,7853.0,6581.2207944994225,6587.177855078937,6603.853071294152,6631.150248522243,6666.846184478573,44.63398366077962,-18.33193876207497,-13.722825972604095,-4.609112789470874,6620.592999999999,6736.753656179235,6504.432343820763,0.03509071050863147,0.33753965739586944,31.357050943426138,6681.51,6439.49,6682.97,6439.49,-0.0021116362831562485,0.015004147688550296,-0.0103715663635926,-0.008254439831024252
2026-09-03 15:20:00+09:00,6582.06,6582.49,6578.41,6579.48,88271.0,6580.640529666282,6585.778245064584,6601.531826408995,6629.456142013317,6665.402115313639,44.05427404738453,-17.91141714083915,-14.560544206251107,-3.3508729345880415,6616.942,6733.451326939906,6500.432673060094,0.03521545963071939,0.3392317551567227,29.434404447467166,6681.51,6439.49,6682.97,6439.49,-0.0005119363193755166,0.005371061667122534,-0.010976324689966233,-0.005909113572528324
2026-09-04 09:00:00+09:00,6654.36,6682.61,6654.36,6680.4,26162.0,6613.893686444189,6602.982200507386,6609.04308103671,6631.1264324391095,6665.650014234076,60.57016043234927,-9.32723162971888,-13.513881690944661,4.18665006122578,6617.6535,6735.522506490213,6499.784493509787,0.035622598399935264,0.7661704797062547,34.69837555836238,6681.51,6439.49,6682.97,6439.49,0.015338598187090824,0.01576933077277487,0.002134659032097863,0.008520582853761116
2026-09-04 09:10:00+09:00,6678.23,6681.16,6654.36,6663.07,13263.0,6630.285790962793,6613.907254960588,6614.188501890357,6632.1737625230735,6665.607369370703,57.43460408989555,-3.877887065397772,-11.586682765835285,7.708795700437513,6617.626000000001,6735.452344829967,6499.799655170035,0.03560985308929994,0.6928431203801596,34.13420587562222,6682.61,6439.49,6682.97,6439.49,-0.0025941560385605023,0.009826877814201662,-8.253771973798507e-05,0.0068786786650647525
2026-09-04 09:20:00+09:00,6666.85,6676.5,6654.9,6674.78,11250.0,6645.117193975196,6624.9750267859345,6619.959120757942,6633.570688341989,6665.758983100113,58.97984500089689,1.3698659358851728,-8.995373025491194,10.365238961376367,6618.299499999999,6737.265422427348,6499.33357757265,0.035950601035008814,0.7373810030956236,33.23890545593495,6682.61,6439.49,6682.97,6439.49,0.001757448143273388,0.011823950472806377,0.002022124777258494,0.009125516674175493
2026-09-04 09:30:00+09:00,6676.62,6678.82,6660.58,6666.53,10552.0,6652.254795983464,6632.530476461219,6624.394442590519,6634.651321511104,6665.771727181103,57.39887142664143,4.807622664115115,-6.234773887569933,11.042396551685048,6618.3330000000005,6737.352839539424,6499.313160460577,0.03596671232451544,0.7024746470273749,32.16755506622529,6682.61,6439.49,6682.97,6439.49,-0.0012359957931197263,0.01271181934876231,0.00010051216197171087,0.009459332592374858
2026-09-04 09:40:00+09:00,6666.66,6671.26,6659.22,6665.55,8536.0,6656.686530655643,6638.5340261955425,6628.31401948666,6635.664392936968,6665.7680622690195,57.202718648155376,7.368057449319167,-3.514207620192113,10.88226506951128,6618.415000000001,6737.562520914161,6499.267479085841,0.036004850380086446,0.6978010102029644,30.729872561494908,6682.61,6439.49,6682.97,6439.49,-0.00014700301356174172,0.013081580915209168,0.00024610176307904297,0.00976199457364002
2026-09-04 09:50:00+09:00,6666.31,6681.82,6654.03,6654.03,7004.0,6655.801020437095,6641.35147597817,6630.763160487931,6636.266543988215,6665.574044710855,54.8306586985972,8.371155273063778,-1.1371350415409351,9.508290314604713,6617.481,6735.195648858967,6499.766351141033,0.03557687550866166,0.6552440599121571,30.51988166424527,6682.61,6439.49,6682.97,6439.49,-0.001728289488489354,-0.003947368421052588,-0.0027994622874364383,0.009855685686490867
2026-09-04 10:00:00+09:00,6654.62,6660.52,6645.72,6654.67,6652.0,6655.424013624731,6643.773025800321,6633.040002346223,6636.869935988601,6665.393812566874,54.942445052283084,9.112714476589645,0.9128348620851808,8.199879614504464,6616.485000000001,6732.575857779541,6500.39414222046,0.03509139906749302,0.6644617015084585,29.39703297394205,6682.61,6439.49,6682.97,6439.49,9.61823135754436e-05,-0.0012606801369338116,-0.002984452977636054,0.012617643702210302
2026-09-04 10:10:00+09:00,6653.77,6663.59,6644.55,6661.69,6809.0,6657.51267574982,6647.03065747299,6635.768573551345,6637.6837085791385,6665.332592524446,56.222239997535134,10.149859556541742,2.7602398009764935,7.389619755565248,6616.7335,6733.188502515949,6500.2784974840515,0.03520014899072141,0.6930209051940145,28.657244904374757,6682.61,6439.49,6682.97,6439.49,0.0010548982894718062,-0.001961113325083419,0.000746613948010344,0.011131770473638891
2026-09-04 10:20:00+09:00,6660.98,6668.66,6654.71,6657.18,5927.0,6657.401783833215,6648.875992477901,6637.807757022646,6638.322931248675,6665.197838929002,55.138679304708035,10.48699761568787,4.305591363918769,6.181406251769101,6616.723,6733.163374630064,6500.282625369936,0.035195783359848694,0.6737241061295702,27.60672741120512,6682.61,6439.49,6682.97,6439.49,-0.0006770053845194246,-0.001402528751839327,-3.1543893327601324e-05,0.011392864684854231
2026-09-04 10:30:00+09:00,6658.09,6659.47,6647.72,6651.92,5640.0,6655.5745225554765,6649.429448391009,6639.151780163346,6638.768736781505,6664.978370516952,53.83548957118276,10.212026036778298,5.486878298490675,4.725147738287623,6616.3245,6732.224514749738,6500.424485250262,0.03503456178720924,0.6535612401640388,26.474104024690472,6682.61,6439.49,6682.97,6439.49,-0.0007901243469456976,-0.0020448425111205815,-0.00119671646228392,0.011689627166900252
2026-09-04 10:40:00+09:00,6654.03,6654.03,6641.64,6643.56,4944.0,6651.569681703651,6648.3622759562795,6639.571610623981,6638.925827378833,6664.62434786378,51.74232930216632,9.213321511572758,6.232166941107092,2.981154570465666,6616.365999999999,6732.304392847191,6500.4276071528075,0.035045942998676805,0.6172778030304569,25.468096594355398,6682.61,6439.49,6682.97,6439.49,-0.0012567799973540739,-0.0015734825361471971,0.00012494862804923734,0.010502683850203365
2026-09-04 10:50:00+09:00,6642.79,6650.0,6632.77,6648.39,5464.0,6650.509787802435,6648.367316691501,6640.411457231221,6639.23612812051,6664.356011535453,52.88217121495575,8.711164729584198,6.727966498802513,1.9831982307816842,6618.6375,6735.2146642946855,6502.060335705314,0.035226937355214163,0.6276086109145341,24.87966112332998,6682.61,6439.49,6682.97,6439.49,0.0007270198508029235,-0.0009436981848837123,0.006880247646510185,0.011080475642267773
2026-09-04 11:00:00+09:00,6647.34,6659.04,6647.34,6651.49,5292.0,6650.836525201624,6648.935077293047,6641.466556542533,6639.63789441164,6664.14335018776,53.63905601461383,8.465757966149795,7.0755247922719695,1.3902331738778253,6626.858,6727.228867008272,6526.487132991729,0.03029214357943734,0.6227049279048755,23.938256757377825,6682.61,6439.49,6682.97,6439.49,0.00046627830196466213,-0.0015311429982481917,0.025344222670292238,0.012751722814849487
2026-09-04 11:10:00+09:00,6652.38,6676.73,6652.38,6663.8,4030.0,6655.15768346775,6651.637790512493,6643.59355115753,6640.430094594865,6664.137674978046,56.61910924448594,9.159006137634606,7.492221061344497,1.6667850762901084,6635.771000000001,6713.458396120569,6558.083603879432,0.023414730894290452,0.6803960577884438,24.03123841756511,6682.61,6439.49,6682.97,6439.49,0.001850713148482619,0.0009944150526197681,0.027485760630572065,0.009111655256275775
2026-09-04 11:20:00+09:00,6664.46,6667.64,6660.52,6663.79,3623.0,6658.035122311834,6653.847283146584,6645.51702247586,6641.195993132738,6664.131928284194,56.615925508892026,9.59697543281436,7.91317193563847,1.6838034971758908,6641.744000000001,6707.905515822989,6575.582484177012,0.01992293464577641,0.6666074282441029,22.823292816310452,6682.61,6486.22,6682.97,6439.49,-1.5006452774857237e-06,0.0017844471972001674,0.01825396946669855,0.007043786023653631
2026-09-04 11:30:00+09:00,6662.68,6667.23,6640.05,6646.4,3244.0,6654.15674820789,6652.493231665387,6645.601115573398,6641.366616308714,6663.838838560489,51.22188973381842,8.44351006085708,8.019239560682191,0.4242705001748881,6645.2294999999995,6704.277636456592,6586.181363543407,0.01777158680722529,0.5099114050860915,23.134486186573948,6682.61,6527.78,6682.97,6439.49,-0.0026096260536422333,0.00042748165140360506,0.010599556919970388,0.008791102044781285
2026-09-04 11:40:00+09:00,6645.75,6658.84,6641.11,6658.84,3351.0,6655.7178321385945,6653.647189544407,6646.861961709265,6641.939514134658,6663.756213129737,54.55726822651129,8.43594021034005,8.102579690613764,0.3333605197262859,6648.26,6703.443378294529,6593.076621705472,0.01660084843087625,0.5958621991529007,22.748451458961558,6682.61,6574.79,6682.97,6439.49,0.0018716899374098261,0.0015718091146879054,0.009185796797019918,0.009142973186370806
2026-09-04 11:50:00+09:00,6657.7,6676.25,6655.97,6671.17,3469.0,6660.868554759064,6656.8331550817875,6649.177012975049,6642.897890720406,6663.878755061478,57.648398908445046,9.317463088591467,8.345556370209305,0.9719067183821615,6651.9794999999995,6702.623374841859,6601.33562515814,0.015226708032356246,0.6894651629631898,22.57213349760714,6682.61,6576.74,6682.97,6439.49,0.0018516738651175313,0.002958735561505721,0.011276713790667525,0.014655936825550775
2026-09-04 12:00:00+09:00,6666.79,6674.9,6664.3,6667.96,2912.0,6663.232369839376,6658.856217794189,6650.965868882187,6643.7195992213765,6663.946213655504,56.569545925138044,9.645864624673777,8.6056180211022,1.0402466035715765,6656.235000000001,6696.080484813201,6616.3895151868,0.011972379224351461,0.6471308487645135,21.716981104920876,6682.61,6576.74,6682.97,6439.49,-0.00048117496631028267,0.0006242684354271777,0.012929050487251015,0.014914832183404059
2026-09-04 12:10:00+09:00,6663.96,6675.49,6661.43,6673.41,3649.0,6666.624913226251,6661.502360013427,6653.103405179122,6644.693054984609,6664.102639876074,58.006469143035645,10.227992727021046,8.93009296228597,1.2978997647350763,6660.931500000001,6680.429303235239,6641.433696764762,0.00585437734504199,0.8199975876627714,21.170053883140778,6682.61,6578.41,6682.97,6439.49,0.0008173414357615094,0.0014436229232914766,0.014276204198508058,0.016818451233652665
2026-09-04 12:20:00+09:00,6672.78,6675.39,6659.61,6661.35,3388.0,6664.866608817501,6661.474658192804,6653.888795162064,6645.239184329375,6664.057141696305,53.767189941518744,9.605466394363248,9.065167648701426,0.540298745661822,6659.978999999999,6677.32160176559,6642.636398234409,0.00520800493983245,0.5395269411859884,20.785050034345055,6682.61,6632.77,6682.97,6439.49,-0.0018071720454759799,0.0022493379874819475,-0.0028516256511584848,0.015028829509715402
2026-09-04 12:30:00+09:00,6664.27,6668.73,6655.95,6665.95,2915.0,6665.227739211668,6662.288356703202,6655.037481337105,6645.918227466117,6664.088428610416,55.11464853083644,9.375219650608415,9.127178049082824,0.24804160152559085,6660.123,6677.613071583612,6642.632928416388,0.005252176749171752,0.6665802215886886,20.213260746177532,6681.82,6632.77,6682.97,6439.49,0.0006905507141945488,0.001067753542659089,0.0004322331898058973,0.008801732500578918
2026-09-04 12:40:00+09:00,6666.63,6667.94,6660.01,6664.94,3360.0,6665.1318261411125,6662.770473666256,6655.980578352619,6646.541892139359,6664.102504170574,54.73742590659655,9.007416992104481,9.103225837687155,-0.095808845582674,6659.630999999999,6675.959181650133,6643.302818349865,0.004903629540475728,0.6625716847643179,19.33588497859338,6681.82,6632.77,6682.97,6439.49,-0.00015151628800103012,-0.0009338691713748348,-0.0014742058914301026,0.011419353565949253
2026-09-04 12:50:00+09:00,6665.73,6671.18,6662.09,6668.58,5553.0,6666.281217427409,6663.826751181483,6657.180523271417,6647.264453052823,6664.176512366102,55.90867307013455,8.906974259747585,9.063975522099241,-0.15700126235165612,6659.7335,6676.258183688344,6643.208816311657,0.004962566051132055,0.7676753203524254,18.604036051551006,6681.82,6632.77,6682.97,6439.49,0.0005461414506358064,9.298196149942761e-05,0.00030750630387932354,0.011175336018244497
2026-09-04 13:00:00+09:00,6668.61,6686.97,6668.1,6684.22,4965.0,6672.260811618273,6667.5346146030315,6659.755711531282,6648.47611032978,6664.5078096823645,60.62350685882842,9.974411158787007,9.246062649436794,0.7283485093502122,6660.6669999999995,6680.230508989954,6641.103491010045,0.005874339308647091,1.101962562342347,18.62303347644021,6681.82,6632.77,6682.97,6439.49,0.0023453268911823866,0.001619861510082643,0.0028009691623347432,0.006950805052063247
2026-09-04 13:10:00+09:00,6686.04,6697.6,6680.84,6688.67,4340.0,6677.730541078849,6671.377411947935,6662.509453290208,6649.793942777983,6664.907184728938,61.87277693942569,11.052039371325009,9.607257993814438,1.4447813775105711,6662.399,6685.1751988927135,6639.622801107287,0.006837236524775289,1.0767204642826649,18.489959656694495,6686.97,6632.77,6686.97,6439.49,0.0006657470879174454,0.004101270763433806,0.005205867722267499,0.008190729131653196
2026-09-04 13:20:00+09:00,6687.77,6700.85,6687.52,6699.07,3646.0,6684.843694052566,6676.412427957401,6665.991410119711,6651.409551211492,6665.471859361518,64.69212620813808,12.600015442442782,10.205809483540106,2.394205958902676,6664.619000000001,6692.115301496764,6637.122698503237,0.008251424874179125,1.1264660722471047,18.12139110978774,6697.6,6632.77,6697.6,6439.49,0.0015548681576456058,0.004968534117417711,0.006672006275292297,0.011052183572196173
2026-09-04 13:30:00+09:00,6700.6,6712.08,6692.01,6696.99,4550.0,6688.892462701711,6680.153804692418,6668.943656774977,6652.903992155378,6665.992820363807,63.677940713283206,13.50330136206685,10.865307859245455,2.637993502821395,6666.384,6697.229521814379,6635.538478185621,0.009254048915987747,0.9961173972704913,18.260577459088598,6700.85,6632.77,6700.85,6439.49,-0.0003104908591790023,0.004808745465075592,0.0052989556704079455,0.007337313352014929
2026-09-04 13:40:00+09:00,6694.43,6705.93,6694.43,6699.06,4065.0,6692.281641801141,6683.591294748341,6671.811879939265,6654.417303887988,6666.539385316472,64.27813490676783,14.222248434569337,11.53669597431023,2.6855524602591068,6668.478,6702.101032938773,6634.854967061227,0.010084170012639365,0.9547775338365514,17.7776790691537,6712.08,6632.77,6712.08,6439.49,0.00030909408555190865,0.004570688212483187,0.006290952024731178,0.0039052899745242176
2026-09-04 13:50:00+09:00,6698.73,6708.53,6693.37,6705.92,4163.0,6696.8277612007605,6687.6510593395515,6675.060272326002,6656.105916875267,6667.19030456744,66.26747325085863,15.170685617474192,12.263493902943024,2.9071917145311676,6671.178,6707.604577440138,6634.751422559862,0.010920583273340426,0.9768770831831994,17.59070199278557,6712.08,6632.77,6712.08,6439.49,0.0010240242660910504,0.0032464520916426487,0.008117956920708602,0.00835595119053889
2026-09-04 14:00:00+09:00,6704.29,6718.48,6698.39,6714.39,4944.0,6702.681840800507,6692.512684914178,6678.805960675906,6658.016870420341,6667.970464822524,68.5931177662356,16.41654739191563,13.094104600737547,3.322442791178082,6674.719499999999,6713.41874106495,6636.020258935048,0.011595765504438325,1.0125488111436094,17.769223279015115,6712.08,6632.77,6712.08,6439.49,0.001263063084558258,0.003845308559100813,0.010661452594693088,0.00942465835801376
2026-09-04 14:10:00+09:00,6713.23,6745.21,6712.0,6745.21,6143.0,6716.857893867005,6702.094014929781,6685.130154897249,6660.8756615541,6669.247151354384,75.27337526856974,19.664142259162873,14.408112132422612,5.25603012674026,6679.5605,6727.089688284719,6632.03131171528,0.014231232214969703,1.1906229873602374,18.87213590194261,6718.48,6632.77,6718.48,6439.49,0.004590141472270659,0.00688752319351793,0.01456292425685013,0.014813254598111891
2026-09-04 14:20:00+09:00,6742.47,6746.14,6723.53,6727.68,5416.0,6720.465262578004,6706.746012215275,6689.18252109751,6663.065967732653,6670.212983563402,66.59666980829806,20.586056844508676,15.643701074839825,4.9423557696688505,6683.37,6733.434770447942,6633.305229552057,0.014981893998968324,0.9425267468875554,19.139126194661035,6745.21,6640.05,6745.21,6439.49,-0.0025988812801973626,0.004582655790138723,0.01145457634304492,0.01644857610355932
2026-09-04 14:30:00+09:00,6727.36,6737.4,6721.84,6722.51,5201.0,6721.14684171867,6709.612191812497,6692.356566707272,6665.014952397156,6671.077397058223,64.24463554029674,20.661334005739263,16.647227661019713,4.014106344719551,6686.3055,6738.284375892096,6634.3266241079045,0.01554786148855922,0.8482616676354985,18.883474323613783,6746.14,6640.05,6746.14,6439.49,-0.0007684669901065755,0.003500491113678672,0.008810288424022428,0.013337292716493643
2026-09-04 14:40:00+09:00,6723.13,6724.93,6708.63,6708.63,6043.0,6716.97456114578,6709.433611482952,6693.906417497055,6666.4449539579045,6671.698101239079,58.29231834234999,19.377618573589643,17.1933058435337,2.184312730055943,6688.547500000001,6740.316065703585,6636.778934296416,0.015479763193304524,0.6939642302916749,18.69894044335567,6746.14,6640.05,6746.14,6439.49,-0.0020647049985794697,0.0004041205382707691,0.006728903521869611,0.008335875980923335
2026-09-04 14:50:00+09:00,6709.15,6714.27,6699.62,6706.56,5370.0,6713.503040763853,6708.91113666787,6695.111520592574,6667.760201369121,6672.274330970665,57.437623230560675,17.98590285240607,17.351825245308177,0.6340776070978933,6691.5555,6740.067352355967,6643.043647644034,0.01449942464228736,0.6546477744232592,18.40973041168745,6746.14,6640.05,6746.14,6439.49,-0.0003085577830346242,-0.001166152100190776,0.00905151661049608,0.008582613102659176
2026-09-04 15:00:00+09:00,6705.94,6708.86,6686.77,6692.66,5413.0,6706.5553605092355,6705.956384546439,6694.8780424409015,6668.576588209477,6672.611284177761,51.93133985614901,15.581727824670452,16.997805761180633,-1.416077936510181,6693.246499999999,6739.378322975116,6647.114677024882,0.013784588084457027,0.4936432167409059,18.672606810852574,6746.14,6641.11,6746.14,6439.49,-0.0020725975761046733,-0.007790713706467334,0.0050789627022123085,0.006855631562082021
2026-09-04 15:10:00+09:00,6693.74,6698.7,6678.22,6687.78,6721.0,6700.296907006157,6702.651587356177,6694.20203839891,6669.206208268183,6672.862006753337,50.114909492227525,13.131257614056267,16.22449613175576,-3.0932385176994934,6694.077,6739.175651022039,6648.978348977961,0.01347419547819337,0.43018638188398123,18.801706324363074,6746.14,6655.95,6746.14,6439.49,-0.0007291570167915484,-0.005930722031963542,0.0024898181278545373,0.007259495329523746
2026-09-04 15:20:00+09:00,6690.72,6690.72,6687.03,6687.21,10183.0,6695.9346046707715,6699.844026018689,6693.536129979966,6669.796496521685,6673.099163666505,49.8953818097554,11.016259499027,15.182848805210009,-4.166589306183008,6695.039500000001,6738.665115170539,6651.413884829462,0.013032220398561759,0.4102648756998134,17.722298729765747,6746.14,6655.95,6746.14,6439.49,-8.523007634819724e-05,-0.005251014873908777,0.0028869399336528545,0.005317325732428824
2026-09-07 09:00:00+09:00,6910.78,6919.96,6888.08,6918.36,22591.0,6770.076403113848,6739.5742031062,6714.947927124731,6677.946119586548,6677.153061787721,82.79993910867276,27.672984514328164,17.68087594703364,9.992108567294522,6707.286999999999,6813.041580818094,6601.5324191819045,0.031534234577436406,1.497937859368288,33.081420249068195,6746.14,6655.95,6746.14,6439.49,0.034565984917476644,0.031262716828920345,0.036705372515700274,0.0399639233370912
2026-09-07 09:10:00+09:00,6918.91,6923.64,6894.11,6897.41,16058.0,6812.520935409232,6768.271620723253,6732.325267398566,6685.1416566492835,6680.793672336685,77.81223158622998,38.73653847772039,21.89200845317099,16.844530024549396,6719.089999999999,6851.128242793569,6587.051757206429,0.039302418271989256,1.175258910703575,32.8277473741348,6919.96,6655.95,6919.96,6439.49,-0.0030281743072057,0.028457212043133895,0.03543726121581958,0.03468858429953037
2026-09-07 09:20:00+09:00,6904.8,6912.03,6888.78,6901.91,13437.0,6842.317290272822,6792.56950786448,6748.476194312988,6692.248815447668,6684.448487669963,78.11715302096029,47.32209741225506,26.978026244987802,20.34407116726726,6730.888000000001,6882.536227500413,6579.239772499589,0.04506039247731112,1.0638773456799373,32.1436225616966,6923.64,6655.95,6923.64,6439.49,0.0006524188064795933,0.03126559544336627,0.035397805264065996,0.03575984224790729
2026-09-07 09:30:00+09:00,6901.86,6908.64,6885.78,6885.78,11228.0,6856.804860181881,6809.516870070938,6761.552747235561,6698.594100187088,6687.776281262195,74.18184700359002,52.222668116950445,32.026954619380334,20.19571349757011,6741.93,6904.527541309883,6579.332458690117,0.048234716560356786,0.942349862246213,31.4805066644326,6923.64,6660.01,6923.64,6439.49,-0.0023370342412463163,0.02960623704727139,0.03313458185670082,0.03369757600231771
2026-09-07 09:40:00+09:00,6890.26,6901.4,6885.41,6892.2,9049.0,6868.603240121254,6824.550166421676,6773.9953427369355,6704.941834607183,6691.155185704142,74.72756039845333,55.979153220436274,36.81739433959152,19.16175888084475,6753.111,6924.511325192288,6581.710674807712,0.050761885949242566,0.9057431041742806,30.3740419026874,6923.64,6662.09,6923.64,6439.49,0.0009323562472225433,0.03065403957704338,0.03353337592111072,0.03395510856813666
2026-09-07 09:50:00+09:00,6889.9,6903.71,6876.55,6883.29,7600.0,6873.498826747504,6835.230136163189,6784.40435771437,6710.789315439734,6694.330967758619,72.43911814513761,57.5735600311973,40.96862747791268,16.60493255328462,6763.0645,6940.326744313403,6585.802255686598,0.05242068719391995,0.8391176177015988,30.14446748106686,6923.64,6668.1,6923.64,6439.49,-0.0012927657351788913,-0.005069120427384499,0.029782083773424617,0.032920612673340344
2026-09-07 10:00:00+09:00,6883.38,6885.86,6867.91,6882.66,6553.0,6876.552551165003,6843.853747769881,6793.76203793205,6716.424419851546,6697.443844324593,72.27059160983563,58.11637379995591,44.39817674232133,13.718197057634576,6772.764,6953.86974385156,6591.65825614844,0.05348060078619599,0.803402856427552,29.273434089562073,6923.64,6678.22,6923.64,6439.49,-9.152599992157118e-05,-0.0021384838656829386,0.029002776336700675,0.031463977904029994
2026-09-07 10:10:00+09:00,6884.46,6893.63,6877.61,6885.86,4978.0,6879.655034110003,6851.491248175357,6802.533272414712,6721.9796847744465,6700.558160947327,72.61903957080305,58.13463103986669,47.14546760183041,10.989163438036279,6782.1035,6966.283752282999,6597.923247717002,0.05431360706394365,0.7816710768768373,28.32676022602196,6923.64,6678.22,6923.64,6439.49,0.00046493652163559496,-0.002325443246869341,0.0278829748009799,0.031652880551464424
2026-09-07 10:20:00+09:00,6886.29,6900.22,6882.5,6896.99,4933.0,6885.433356073336,6859.76374850711,6811.529151232358,6727.7177278965955,6703.804968204397,73.84987763444018,58.374295475239705,49.39123317651227,8.983062298727432,6792.1035,6978.418516386311,6605.788483613689,0.05486224301096444,0.7814762385618045,27.56913449559184,6923.64,6678.22,6923.64,6439.49,0.0016163558364532538,0.0016279927618947365,0.02986416285525295,0.036094352774339145
2026-09-07 10:30:00+09:00,6899.14,6899.14,6878.49,6887.56,4752.0,6886.142237382224,6864.817612414909,6818.770184448324,6732.958458129494,6706.842241457217,70.94019365933356,57.14458190779351,50.94190292276852,6.202678985024988,6801.5285,6987.132737373595,6615.924262626406,0.05457721374646728,0.7317606031451509,27.074910603049606,6923.64,6678.22,6923.64,6439.49,-0.0013672631104292288,-0.0006732248048517686,0.02813827611635067,0.034573609177170006
2026-09-07 10:40:00+09:00,6892.18,6893.23,6879.17,6891.42,4473.0,6887.901491588151,6869.654410157652,6825.689214500864,6738.15391851869,6709.893113499247,71.43629553436605,55.837831028366054,51.92108854388803,3.9167424844780214,6810.8035,6994.903281996167,6626.703718003833,0.05406110512398918,0.7189478421046654,26.14527413140317,6923.64,6678.22,6923.64,6439.49,0.0005604306895330424,0.001181121237082916,0.027662125405611748,0.03476483845829281
2026-09-07 10:50:00+09:00,6892.13,6892.15,6882.12,6885.27,3600.0,6887.024327725435,6872.493608310806,6831.363575024591,6742.977396600045,6712.791905011657,69.40332572582112,53.68709650997425,52.27429013710528,1.412806372868971,6819.347500000001,7000.595036024737,6638.0999639752645,0.053156855850134126,0.6818576446495876,24.994183122017212,6923.64,6678.22,6923.64,6439.49,-0.0008924140452910567,0.0003792138504590259,0.02544981748155828,0.03651209668314093
2026-09-07 11:00:00+09:00,6882.65,6890.21,6881.72,6886.07,3811.0,6886.706218483624,6874.962043163387,6836.573710736535,6747.668957367257,6715.656005755267,69.52482056477638,51.45404699830033,52.11024150934429,-0.6561945110439638,6826.3904999999995,7006.51090011903,6646.270099880969,0.05277178330745387,0.6656655769156674,23.815312899015968,6923.64,6678.22,6923.64,6439.49,0.00011619006952523492,3.04972799329839e-05,0.020882967320513313,0.042876225208088536
2026-09-07 11:10:00+09:00,6885.19,6893.99,6881.25,6888.0,3436.0,6887.137478989083,6877.332580770044,6841.471452571151,6752.269975158494,6718.5046668171635,69.83600968488246,49.272095990598245,51.54261240559509,-2.270516414996841,6834.4065,7010.465373820781,6658.347626179219,0.05152133512128104,0.6522033477692113,23.024219120514815,6923.64,6678.22,6923.64,6439.49,0.00028027597744428867,-0.0013034671646616758,0.02382990867579915,0.06180284503967881
2026-09-07 11:20:00+09:00,6886.09,6899.61,6882.15,6898.61,3759.0,6890.961652659389,6881.201202448217,6846.913218992945,6757.068008759855,6721.4816144730785,71.55557266273247,47.847466614299265,50.80358324733593,-2.9561166330366646,6843.2115,7013.525526113658,6672.897473886343,0.04977605211052084,0.6626363408349867,22.6267748976209,6923.64,6678.22,6923.64,6439.49,0.001540360046457634,0.0016043417407614058,0.026195572784569965,0.0636909185665342
2026-09-07 11:30:00+09:00,6897.54,6901.14,6890.2,6895.14,3003.0,6892.35443510626,6883.735529275814,6851.506245755522,6761.594959292318,6724.352001010714,70.14713380522319,45.90922460592628,49.824711519054006,-3.9154869131277223,6852.536999999999,7012.461624383007,6692.612375616992,0.046676033820177126,0.6331971238462001,21.79200526207659,6923.64,6678.22,6923.64,6486.22,-0.0005029998796858282,0.0005398016664199812,0.027801503436618136,0.05360518189027763
2026-09-07 11:40:00+09:00,6892.35,6900.45,6891.5,6900.45,2759.0,6895.052956737507,6886.774523952938,6856.167555683568,6766.147583577816,6727.26271173781,71.08505559997218,44.2910666266489,48.71798254057298,-4.426915913924084,6862.2315,7008.509408007492,6715.953591992507,0.04263275233646444,0.6306366098633376,20.87471917192825,6923.64,6678.22,6923.64,6527.78,0.0007701076410340235,0.0022047065692412104,0.02891049957056957,0.04922841125246902
2026-09-07 11:50:00+09:00,6899.77,6901.61,6887.13,6896.96,4407.0,6895.688637825006,6888.626428688767,6860.052550380371,6770.436515263788,6730.067625593383,69.53865339926554,42.240132977623944,47.42241262798318,-5.182279650359234,6872.4465,6996.825583816576,6748.067416183424,0.03619645022091507,0.5985434980215424,20.417953516790487,6923.64,6678.22,6923.64,6574.79,-0.0005057641168328963,0.001581453572211844,0.030525979207071563,0.04527426294627501
2026-09-07 12:00:00+09:00,6897.17,6898.77,6892.6,6897.45,3574.0,6896.275758550004,6890.230714381718,6863.614212248906,6774.600891812517,6732.834276410022,69.63852049468527,40.19099541240212,45.97612918486697,-5.785133772464853,6882.93,6974.22749810402,6791.632501895981,0.026528672557768196,0.5795202513844147,19.400242551305457,6923.64,6678.22,6923.64,6576.74,7.104579408889755e-05,0.0013719512195122796,0.03135121071566349,0.04557829729049634
2026-09-07 12:10:00+09:00,6896.95,6902.36,6893.27,6900.95,3432.0,6897.8338390333365,6892.179675403223,6867.170001558535,6778.7434855235815,6735.613048700766,70.3853753368661,38.40673099050673,44.46224954599492,-6.055518555488192,6893.617,6910.411811224186,6876.8221887758145,0.004872568703537098,0.7183114743629753,18.663796654783585,6923.64,6687.03,6923.64,6576.74,0.0005074339067336897,0.00033919876612831246,0.03196250753303698,0.048322535072195194
2026-09-07 12:20:00+09:00,6900.67,6914.11,6900.27,6911.61,4060.0,6902.4258926888915,6895.712461693545,6871.402382362484,6783.099764686743,6738.522089218109,72.59640540191047,37.42148985095355,43.05409760698665,-5.632607756033103,6893.2795,6908.2433383797725,6878.315661620227,0.004341573087170722,1.112493249886274,18.319239750870416,6923.64,6867.91,6923.64,6578.41,0.0015447148580991499,0.0023886389543938957,-0.000975664752918326,0.05047967316566049
2026-09-07 12:30:00+09:00,6912.0,6915.88,6906.25,6909.14,3309.0,6904.663928459262,6898.153832294718,6874.996441185104,6787.232231418325,6741.342219974835,71.26867010132406,36.02608451539527,41.648494988668375,-5.622410473273106,6893.866,6910.280609835634,6877.451390164366,0.004762091353569712,0.9652562611278873,17.698579768665397,6923.64,6867.91,6923.64,6632.77,-0.00035736970112598687,0.0012593381591057273,0.0017006383555566718,0.03424046464283581
2026-09-07 12:40:00+09:00,6908.54,6913.59,6904.86,6910.79,3982.0,6906.705952306175,6900.451317332042,6878.405351548428,6791.2833057980515,6744.143009727317,71.64178869629473,34.653888488785014,40.249573688691704,-5.59568519990669,6894.31,6912.0016375741825,6876.618362425818,0.00513224313214291,0.9657567715509076,17.057966928046476,6915.88,6867.91,6923.64,6632.77,0.0002388140926365967,0.0020052312903076075,0.001286600375838054,0.037178057562054834
2026-09-07 12:50:00+09:00,6909.89,6916.88,6909.68,6916.27,4257.0,6909.893968204117,6903.327441453488,6882.011508543816,6795.381230198115,6746.9880839467005,72.90052107112126,33.62104102077137,38.92386715510764,-5.302826134336264,6895.8345,6915.471041932238,6876.197958067762,0.0056951894458134944,1.0203436549703928,16.353826433186,6915.88,6867.91,6923.64,6632.77,0.0007929628884686402,0.0027285446070650643,0.004427966040158271,0.036179469585514434
2026-09-07 13:00:00+09:00,6917.17,6930.6,6917.17,6930.6,3605.0,6916.795978802746,6908.286088461944,6886.638983920595,6799.814632486702,6750.022991650061,75.91154267344567,33.571818178073954,37.8534573597009,-4.281639181626943,6897.7545,6922.451347148109,6873.057652851891,0.0071608368051106035,1.1649735450647545,16.209267402244137,6916.88,6867.91,6923.64,6632.77,0.002071926052626516,0.004296509900810763,0.005571515626360268,0.03961131203189683
2026-09-07 13:10:00+09:00,6929.46,6949.03,6928.03,6946.79,5455.0,6926.793985868498,6915.286799650681,6892.3676521186335,6804.633496995334,6753.275338895515,78.78020515564776,34.44217842179296,37.17120157211931,-2.7290231503263485,6900.9295,6932.688962512105,6869.170037487896,0.009204401381612323,1.2219974201786439,16.551462587798127,6930.6,6867.91,6930.6,6632.77,0.0023360170836579375,0.005089986269479985,0.009225239674632402,0.042193067338779144
2026-09-07 13:20:00+09:00,6948.38,6957.49,6936.59,6957.49,4187.0,6937.025990578999,6922.960108805102,6898.5697804882875,6809.645185618438,6756.650787839391,80.43826235276072,35.585142391411864,36.85398973597782,-1.2688473445659554,6904.670999999999,6943.73161028784,6865.610389712158,0.01131425676555508,1.1761159082099932,16.862072402955377,6949.03,6867.91,6949.03,6632.77,0.0015402797551098413,0.006997976593324129,0.010872249973120862,0.04560544512122733
2026-09-07 13:30:00+09:00,6958.64,6963.58,6943.73,6948.65,4308.0,6940.900660386,6927.630998113265,6903.3393252036885,6814.202720516194,6759.824328536261,75.20966552251794,35.36991310958638,36.55717441069953,-1.1872613011131534,6907.810500000001,6950.264771623235,6865.356228376768,0.012291672339081558,0.9809822243852647,17.075495802744303,6957.49,6877.61,6957.49,6632.77,-0.0012705731520994412,0.005478389590770405,0.009118686699991052,0.04417649560383907
2026-09-07 13:40:00+09:00,6950.74,6960.26,6946.1,6959.35,4205.0,6947.050440257333,6933.398089365399,6908.67367518429,6818.961647712384,6763.122273519133,77.14608432785754,35.651771500070026,36.37609382857363,-0.7243223285036038,6910.928499999999,6958.586918469982,6863.270081530016,0.013792189709380787,1.0080057370189353,16.867246102548272,6963.58,6878.49,6963.58,6632.77,0.001539867456268551,0.0062287909523486285,0.009041625404705655,0.04468235537829002
2026-09-07 13:50:00+09:00,6961.08,6968.97,6961.08,6965.59,5744.0,6953.23029350489,6939.251164026235,6914.094277547691,6823.769134672633,6766.468847510552,78.21480416078683,35.964090506858156,36.29369316423053,-0.3296026573723765,6914.829999999999,6966.779943215184,6862.880056784814,0.015025660273697304,0.988547213514218,16.34958566665196,6963.58,6878.49,6963.58,6632.77,0.00089663546164509,0.005048624938677637,0.011329120907839663,0.04632742392424416
2026-09-07 14:00:00+09:00,6964.55,6969.2,6944.4,6949.6,5363.0,6952.0201956699275,6941.132770566919,6917.475774924101,6827.8947368145145,6769.495808708725,69.2749938882588,34.52338214457632,35.939630960299695,-1.4162488157233781,6917.739,6970.626923347978,6864.851076652021,0.015290522914489362,0.8012124317149869,16.953186690462548,6968.97,6879.17,6968.97,6632.77,-0.0022955700809264012,0.000404503374940246,0.00844238197642877,0.04475098918808418
2026-09-07 14:10:00+09:00,6948.56,6963.04,6947.16,6963.04,4513.0,6955.693463779952,6945.115903191116,6921.815224931329,6832.325729050104,6772.694886250731,72.15577320692854,34.07332992746524,35.566370753732805,-1.493040826267567,6921.6275,6975.814579964346,6867.440420035653,0.015657323357648644,0.8821252227214356,16.87653049828666,6969.2,6881.25,6969.2,6632.77,0.0019339242546332347,0.0007977014699267482,0.011295127133721605,0.048088675348758825
2026-09-07 14:20:00+09:00,6962.3,6977.86,6959.1,6974.62,5043.0,6962.002309186635,6950.480284429094,6926.844251128345,6836.991114982888,6776.032491436669,74.38430167630463,34.256185541667946,35.304333711319835,-1.0481481696518884,6926.055,6982.327572893582,6869.782427106418,0.016249531051538584,0.9315157234043807,17.011064034123276,6969.2,6881.25,6969.2,6632.77,0.0016630667064960747,0.003737416620494649,0.012859294198287241,0.049069022725802824
2026-09-07 14:30:00+09:00,6976.07,6981.49,6967.66,6971.46,4908.0,6965.15487279109,6954.294778169258,6931.093370068502,6841.399930885088,6779.262698189783,72.67495172995152,33.756984834370996,34.99486393593007,-1.2378791015590735,6930.228,6986.969809488811,6873.486190511189,0.01637516384419409,0.8633299710694875,16.78384517454304,6977.86,6881.25,6977.86,6640.05,-0.0004530712784351909,0.0017401050385452699,0.012116724738675977,0.04810501105767284
2026-09-07 14:40:00+09:00,6972.28,6979.8,6968.25,6976.09,7526.0,6968.79991519406,6958.257545774847,6935.378763395312,6845.815998724921,6782.516042021357,73.6310894916654,33.35052291458851,34.66599573166176,-1.3154728170732497,6934.102000000001,6992.242575023519,6875.961424976483,0.016769460565627118,0.861090339947748,16.40999909064712,6981.49,6882.15,6981.49,6640.05,0.0006641363502049025,0.0015074099968559462,0.011231248034024421,0.04686365137008908
2026-09-07 14:50:00+09:00,6975.8,6977.1,6964.59,6975.17,5840.0,6970.92327679604,6961.332537452147,6939.16840497671,6850.057113520825,6785.700404963153,73.08385620441076,32.578616590944875,34.248519903518385,-1.6699033125735099,6938.1035,6995.982572997641,6880.224427002359,0.016684407489061193,0.8202064069124841,16.131427727029482,6981.49,6887.13,6981.49,6640.05,-0.00013187903252398492,0.0036793484517094743,0.011606725896791126,0.04672716277073552
2026-09-07 15:00:00+09:00,6973.7,6984.43,6969.67,6982.84,6728.0,6974.895517864028,6965.242985188121,6943.327604502738,6854.410650782437,6788.958910666242,74.7675493097333,32.214432245174066,33.84170237184952,-1.6272701266754552,6942.223,7000.522396601227,6883.923603398773,0.01679559893170452,0.84834837380757,16.03346860367025,6981.49,6887.13,6981.49,6640.05,0.0010996147764139597,0.002843585560329931,0.011939801027469166,0.05061988444872423
2026-09-07 15:10:00+09:00,6980.28,6983.3,6972.3,6972.72,7385.0,6974.1703452426855,6966.602442426644,6946.126880264383,6858.289645838751,6791.99628404366,68.66443148697844,30.754693145265264,33.22430052653267,-2.4696073812674086,6946.011,7001.847273479415,6890.174726520586,0.016077219998475254,0.7391724799636457,15.673935131979519,6984.43,6887.13,6984.43,6641.11,-0.0014492670603937219,-0.0002724162750085135,0.01098454971465701,0.04713733923626329
2026-09-07 15:20:00+09:00,6973.42,6995.4,6973.42,6995.39,12595.0,6981.243563495123,6971.836543803618,6950.818605953488,6862.784739417808,6795.358163646244,73.81987482618722,31.068975125163888,32.79323544625892,-1.7242603210950307,6950.908,7006.024149938735,6895.791850061266,0.015858690674293043,0.9035296374061405,16.174368336838082,6984.43,6892.6,6984.43,6655.95,0.0032512419830423855,0.0034325664925280996,0.014199450521569679,0.048600170584770064
2026-09-08 09:00:00+09:00,7045.79,7047.91,7018.53,7025.04,27644.0,6995.8423756634165,6981.509899475687,6957.887310148394,6868.10458402706,6799.154557635563,78.7452774822761,33.32638721625062,32.89986580025726,0.42652141599336346,6957.1125,7016.135860079467,6898.089139920533,0.016967775087571815,1.0754289480346788,18.77048488420676,6995.4,6893.27,6995.4,6655.95,0.004238505644431401,0.007016824610921013,0.01798158224592261,0.05355161098746852
2026-09-08 09:10:00+09:00,7034.52,7087.82,7027.47,7084.29,19877.0,7025.324917108945,7000.197190480107,6969.925661562833,6875.192630452402,6803.867540153984,84.87071150350226,39.44172276093377,34.20823719239256,5.233485568541212,6965.746499999999,7043.246829102994,6888.246170897005,0.02225183735956924,1.2647935265052996,21.914021678191975,7047.91,6900.27,7047.91,6655.95,0.00843411567763308,0.015644063155449972,0.024984048579129947,0.06156972222596835
2026-09-08 09:20:00+09:00,7082.55,7095.68,7059.16,7080.89,13078.0,7043.846611405963,7014.868610392814,6980.493693794944,6881.936806503143,6808.446423787803,83.3856380708472,43.512236674734595,36.069037088860966,7.443199585873629,6974.334000000001,7062.20928854049,6886.4587114595115,0.025199621509520258,1.106291039095155,22.957305844035435,7087.82,6904.86,7087.82,6655.95,-0.0004799351805191421,0.014041564750159052,0.024858376006275718,0.0629812275289543
2026-09-08 09:30:00+09:00,7086.26,7088.11,7043.22,7049.43,13203.0,7045.707740937309,7021.152499412302,6987.059056290665,6887.428386617794,6812.429623394616,71.00498848652195,43.69589017785802,37.59440770666038,6.101482471197642,6981.2660000000005,7069.86718337853,6892.664816621471,0.025382554791216847,0.8846675484501354,24.52392685517572,7095.68,6904.86,7095.68,6655.95,-0.00444294431914638,0.011001445633841644,0.020061382273227846,0.0575281842798101
2026-09-08 09:40:00+09:00,7051.61,7090.3,7047.67,7090.3,14751.0,7060.57182729154,7033.724772246428,6996.891527120125,6894.079914925407,6817.022522181483,75.99198468939723,46.60210428796472,39.39594702292125,7.206157265043473,6989.967500000001,7085.257016291552,6894.67798370845,0.027264652172288663,1.0264613774143776,25.81721779409175,7095.68,6909.68,7095.68,6660.01,0.005797631865271269,0.013567506600775658,0.025162406904299495,0.06382052951714501
2026-09-08 09:50:00+09:00,7091.97,7099.46,7084.22,7092.14,12455.0,7071.094551527694,7044.345722747077,7005.962810251542,6900.573688206541,6821.569918509062,76.19053168422826,48.49475518006602,41.21570865435021,7.279046525715813,6998.044500000001,7099.049866882555,6897.039133117447,0.028866740382275064,0.9657945557952919,25.061702237370895,7095.68,6917.17,7095.68,6662.09,0.0002595094706854262,0.009551547037454533,0.023308227281909177,0.06351577097373062
2026-09-08 10:00:00+09:00,7093.39,7093.58,7067.68,7077.7,12648.0,7073.2963676851305,7050.4101367930625,7012.7949235609185,6906.381108265343,6825.803473575028,71.21314610676474,48.27304570601427,42.62717606468302,5.645869641331252,7004.589999999999,7108.389348938616,6900.790651061382,0.02963752309232009,0.852169838961297,25.121580648987234,7099.46,6928.03,7099.46,6668.1,-0.002036056817829368,-0.0009302273057709698,0.018844675022564372,0.05886700318062532
2026-09-08 10:10:00+09:00,7080.93,7082.58,7066.12,7079.73,10673.0,7075.440911790088,7055.741021012505,7019.169692745593,6912.064678486151,6830.00060624321,71.49507122357518,47.71115884507799,43.64397262076202,4.067186224315968,7010.702,7117.0523671083565,6904.351632891644,0.03033943451265117,0.8245310847383788,24.502896316916722,7099.46,6936.59,7099.46,6678.22,0.0002868163386411382,-0.00016382121456492982,0.017569554537627763,0.05846603285855023
2026-09-08 10:20:00+09:00,7079.43,7090.07,7068.85,7090.07,12147.0,7080.317274526726,7061.982653555686,7025.922102960299,6917.900918535785,6834.299273908612,72.94832960682056,47.552060491409065,44.42559019489143,3.1264702965176383,7017.773000000001,7125.477086106721,6910.068913893281,0.030694662282954956,0.8356279348972997,24.268403722851197,7099.46,6943.73,7099.46,6678.22,0.001460507674727829,0.005765005113888666,0.020352154735092443,0.058366310547583566
2026-09-08 10:30:00+09:00,7091.02,7106.04,7082.81,7104.19,8097.0,7088.274849684483,7069.656716545561,7033.376188392651,6924.008757272317,6838.760277645661,74.83509140877266,48.01188872723742,45.14284990136063,2.8690388258767925,7025.015000000001,7135.474558663275,6914.555441336727,0.03144749403759964,0.8583890835620491,24.194232028361796,7099.46,6944.4,7099.46,6678.22,0.001991517714211577,0.0019590144281622646,0.020812288503955,0.06080343557329493
2026-09-08 10:40:00+09:00,7106.39,7122.45,7103.14,7120.96,6514.0,7099.1698997896565,7078.98458626455,7041.717503783827,6930.466175066667,6843.424735866394,76.89615024235573,49.162786761265124,45.94683727334153,3.215949487923595,7032.7835000000005,7147.215742882358,6918.3512571176425,0.03254251830227902,0.8852782125866807,23.845358312050205,7106.04,6944.4,7106.04,6678.22,0.002360578757043541,0.0040636535657783135,0.02230536106776304,0.06297898511134403
2026-09-08 10:50:00+09:00,7124.6,7134.69,7119.11,7127.62,6490.0,7108.653266526438,7087.827388761904,7049.898693899653,6936.930234900547,6848.122178248768,77.67805336454617,50.035509873266165,46.76457179332645,3.270938079939711,7041.6845,7156.544068252231,6926.824931747769,0.03262275333472578,0.874089426364923,23.254975575475186,7122.45,6944.4,7122.45,6678.22,0.0009352671549902603,0.007053138731508923,0.0256158627834695,0.06288473468219125
2026-09-08 11:00:00+09:00,7127.7,7128.58,7112.01,7112.01,5805.0,7109.772177684293,7092.224227168831,7055.814056385401,6942.670555067742,6852.483960426475,71.56468303363553,48.90381989123489,47.192421412908146,1.7113984783267426,7049.133,7161.92902618927,6936.336973810729,0.03200280834232249,0.7787199253566502,22.77747732008408,7134.69,6947.16,7134.69,6678.22,-0.002190071861294496,0.004559495912979772,0.021394390955674636,0.05921908021428601
2026-09-08 11:10:00+09:00,7113.91,7130.98,7111.38,7121.52,4643.0,7113.688118456196,7097.550731319952,7062.071765301077,6948.534471295029,6856.930837113641,72.96085105604789,48.21849218575608,47.397635567477735,0.8208566182783414,7056.478,7168.033750833797,6944.922249166203,0.03161796886032862,0.7915223980559468,22.55051465436375,7134.69,6959.1,7134.69,6678.22,0.001337174722757739,0.0044357813110449396,0.02106207936776494,0.05578921931266789
2026-09-08 11:20:00+09:00,7120.31,7135.21,7120.31,7132.48,4801.0,7119.952078970798,7103.901507443597,7068.777311462879,6954.565472236176,6861.485368731598,74.5139423824849,48.0063580326223,47.519380060506656,0.4869779721156462,7064.529,7173.593475775085,6955.464524224916,0.030876644649653003,0.8115175657201595,22.00404932190917,7134.69,6964.59,7134.69,6678.22,0.0015389972927126738,0.003982157008751264,0.023097027021599326,0.060169330289193246
2026-09-08 11:30:00+09:00,7129.57,7141.04,7129.57,7140.13,4549.0,7126.6780526471985,7110.488506090216,7075.572805609272,6960.649555113679,6866.091065116199,75.56877787172107,47.90333146782996,47.596170341971316,0.3071611258586415,7072.731,7178.583631313991,6966.878368686009,0.029932604905796918,0.8183624212423898,21.251617227487106,7135.21,6964.59,7135.21,6678.22,0.0010725582125712396,0.002692052756931629,0.023514604886118118,0.06212262979155114
2026-09-08 11:40:00+09:00,7136.53,7138.57,7116.89,7126.5,5258.0,7126.6187017648,7113.399686801085,7080.423014598865,6966.0872746181485,6870.395345031634,70.00902834565346,46.1894122906524,47.31481873170753,-1.1254064410551337,7080.297500000001,7178.533762118922,6982.061237881079,0.027749190516054255,0.7351601079042905,21.39364456838087,7141.04,6964.59,7141.04,6678.22,-0.0019089288290269346,-0.00015713520081039878,0.021695528567762468,0.06228842550565461
2026-09-08 11:50:00+09:00,7126.36,7129.53,7115.82,7126.73,5014.0,7126.655801176534,7115.823380109979,7084.833203684687,6971.354249220832,6874.632281477392,70.04907255898505,44.33857063000778,46.71956911136758,-2.3809984813598035,7087.492,7176.794421154743,6998.1895788452575,0.025200006195348835,0.7196916919643647,20.844812813496524,7141.04,6969.67,7141.04,6678.22,3.2273907247581946e-05,0.002069738372133756,0.020606228984195507,0.06265059881668078
2026-09-08 12:00:00+09:00,7126.65,7136.09,7121.44,7136.09,4837.0,7129.8005341176895,7119.508220089982,7089.714803333764,6976.755421377526,6878.953896659584,71.70482106121828,43.129864820328294,46.00162825315973,-2.871763432831436,7095.6605,7170.131001402238,7021.189998597762,0.020990435323741424,0.7714464065551799,20.402326183961097,7141.04,6972.3,7141.04,6678.22,0.001313365316210957,0.0020459115469730893,0.023429881022040133,0.06625616720407135
2026-09-08 12:10:00+09:00,7135.81,7151.73,7135.81,7150.67,5045.0,7136.757022745127,7125.17399825544,7095.5200601591205,6982.45753870941,6883.445071921409,74.10612686406294,42.85444158117298,45.37219091876238,-2.5177493375894002,7103.424499999999,7165.867363316014,7040.981636683984,0.017581059196452378,0.8783098459218445,20.08216002796382,7141.04,6973.42,7141.04,6678.22,0.0020431356667307554,0.0025503050832249574,0.02219747576618314,0.06921429831722947
2026-09-08 12:20:00+09:00,7150.88,7163.1,7146.03,7158.79,5313.0,7144.101348496752,7131.285998572632,7101.545768715394,6988.2389308828715,6887.99622775742,75.36028938175508,42.798033726209724,44.857359480251844,-2.0593257540421206,7110.112000000001,7165.8297018918065,7054.3942981081955,0.01567280568626922,0.9368270616627686,19.86700574025216,7151.73,7018.53,7151.73,6687.03,0.0011355579267398053,0.0026133977952782494,0.019039037500142353,0.07051969356428156
2026-09-08 12:30:00+09:00,7158.63,7165.75,7148.91,7159.53,5849.0,7149.244232331168,7136.421271559426,7107.068076456785,6993.855031509663,6892.48438928209,75.47686110940403,42.32514399680986,44.35091638356345,-2.0257723867535944,7113.874000000001,7172.208589534041,7055.539410465961,0.01640023130407985,0.8913287156444075,19.650791044519874,7163.1,7027.47,7163.1,6867.91,0.00010336942416233619,0.004634813723426667,0.010620683230076589,0.03485941754982402
2026-09-08 12:40:00+09:00,7162.26,7162.54,7155.29,7162.54,5024.0,7153.676154887446,7141.170131275893,7112.351116794234,6999.385686214264,6896.948118384866,75.97476411693194,41.712422482359216,43.823217603322604,-2.110795120963388,7117.9565,7177.892667470951,7058.0203325290495,0.01684083556030463,0.8719248483948194,18.765020255625597,7165.75,7043.22,7165.75,6867.91,0.0004204186587666303,0.005024744868965314,0.011531036352774748,0.038439066258204146
2026-09-08 12:50:00+09:00,7163.67,7167.83,7157.84,7165.16,4944.0,7157.504103258298,7145.531925589367,7117.380534242402,7004.820909617075,6901.381372626438,76.42347638048525,40.96601762080991,43.25177760682006,-2.285759986010156,7123.7429999999995,7178.193598565187,7069.292401434812,0.015287075506566604,0.8803172149743809,18.138233094509467,7165.75,7043.22,7165.75,6867.91,0.0003657920235000667,0.004073659384901118,0.016416930163147825,0.03814161587154863
2026-09-08 13:00:00+09:00,7165.93,7171.52,7157.08,7157.36,4468.0,7157.456068838865,7147.682484573118,7121.188102409793,7009.822191268973,6905.612424318564,72.10581514541309,39.29215606124035,42.45985329770412,-3.1676972364637734,7127.0960000000005,7181.1536630655455,7073.038336934455,0.0151696183313779,0.7799233104407791,17.87407358775883,7167.83,7047.67,7167.83,6867.91,-0.001088600952386276,0.0009355766662424436,0.009457991904432639,0.03944070243313025
2026-09-08 13:10:00+09:00,7160.17,7164.76,7149.76,7156.0,4399.0,7156.970712559243,7149.194760105278,7124.503521227907,7014.614906309334,6909.751061933133,71.34891577795081,37.42446217768793,41.452775073700884,-4.028312896012956,7130.289,7183.243261359296,7077.334738640703,0.014853328205714146,0.7427661092801403,17.66878261720463,7171.52,7066.12,7171.52,6867.91,-0.0001900141951780565,-0.00038973066677472357,0.009004334375801948,0.03827515162067274
2026-09-08 13:20:00+09:00,7159.13,7164.24,7156.25,7162.05,5931.0,7158.6638083728285,7151.532076449773,7128.079376349059,7019.448843807389,6913.921292314404,72.72074938153047,36.01730073413455,40.36568020578762,-4.348379471653068,7134.5065,7183.308510318323,7085.704489681678,0.013680556691152378,0.7821963667105188,16.995298144547142,7171.52,7066.12,7171.52,6867.91,0.0008454443823364688,0.00035197841199074986,0.011917713381465855,0.04049807577481124
2026-09-08 13:30:00+09:00,7162.89,7162.89,7126.12,7141.6,10382.0,7152.975872248553,7149.726244367996,7129.367054792006,7023.45379974813,6917.6845767389605,61.92719665792616,32.87303121870991,38.867150408372076,-5.994119189662165,7137.6,7179.472757254693,7095.727242745308,0.011733007524852124,0.5477637521655176,18.407776848508092,7171.52,7066.12,7171.52,6867.91,-0.0028553277343776884,-0.0029235438824773974,0.008739033833211174,0.037622082160095216
2026-09-08 13:40:00+09:00,7141.56,7147.19,7133.53,7141.21,6626.0,7149.05391483237,7148.177836301087,7130.494954335624,7027.3146587727815,6921.379211834184,61.73899579474377,30.003839647152745,37.094488256128216,-7.090648608975471,7140.156999999999,7175.905581008355,7104.408418991644,0.010013387943249808,0.5147278573064855,18.068649930757505,7171.52,7068.85,7171.52,6877.61,-5.460961129166719e-05,-0.003342563180724456,0.007212904809120513,0.037083240147200325
2026-09-08 13:50:00+09:00,7142.98,7143.56,7100.09,7103.84,6948.0,7133.982609888247,7140.116411519071,7127.956387256041,7029.823686354001,6924.395092630314,46.99965567033024,24.432890813059203,34.562168767514414,-10.129277954455212,7140.139499999999,7175.958764357478,7104.320235642521,0.010033211356018593,-0.006703594436333611,19.88303207856056,7171.52,7082.81,7171.52,6878.49,-0.0052330067313521855,-0.0074776174455385425,-4.9266700355654613e-05,0.029991344050085633
2026-09-08 14:00:00+09:00,7101.77,7107.34,7060.38,7063.01,7200.0,7110.325073258831,7126.097063970149,7121.77101704118,7030.911762211247,6926.686248124029,36.69253867757054,16.53265579132676,30.956266172276884,-14.423610380950123,7137.242,7185.880040504427,7088.603959495574,0.01362936565817062,-0.2631064001565214,21.817101215806236,7171.52,7100.09,7171.52,6878.49,-0.0057475956665690164,-0.012994689770821632,-0.008137947692445913,0.02547346230014691
2026-09-08 14:10:00+09:00,7062.15,7090.17,7054.56,7083.88,7186.0,7101.510048839221,7118.421234157394,7118.1623487515435,7032.648425745304,6929.28449195669,43.51166948687501,11.819449939072001,27.12890292563591,-15.309452986563908,7135.055,7188.883534627183,7081.226465372818,0.015088470832301169,0.024648029577254597,22.802308271820053,7171.52,7060.38,7171.52,6879.17,0.002954830872390124,-0.010914472811555331,-0.006136690788790644,0.027927480838491947
2026-09-08 14:20:00+09:00,7088.08,7098.18,7069.19,7076.18,5464.0,7093.066699226148,7110.74100976514,7114.164029822825,7034.075690474966,6931.712516883025,41.72587083035999,7.37782769084788,23.178687878678303,-15.800860187830423,7133.263499999999,7192.184735315541,7074.342264684457,0.016520134245858634,0.015594847135342945,23.244286252404383,7171.52,7054.56,7171.52,6881.25,-0.0010869749346402724,-0.009160412232552928,-0.0050379569207579245,0.02772730771632781
2026-09-08 14:30:00+09:00,7070.93,7077.88,7039.29,7062.52,7733.0,7082.884466150766,7101.973553444205,7109.2455507920795,7035.008290787262,6933.874624041984,38.69202918095172,2.724159801888163,19.087782263320275,-16.36362246143211,7130.313500000001,7196.723202386842,7063.90379761316,0.01862742848174649,-0.010418640375010295,24.34040866294694,7171.52,7054.56,7171.52,6881.25,-0.0019304200854133313,-0.011019141013917766,-0.0082847481998225,0.025624194932668543
2026-09-08 14:40:00+09:00,7069.2,7069.2,7038.65,7051.22,6350.0,7072.329644100511,7092.745634636168,7103.7193078595,7035.539822236859,6935.814217033027,36.33825906741606,-1.8543453510210384,14.899356740452014,-16.753702091473052,7126.2505,7201.046451087662,7051.454548912338,0.020991670468968698,-0.0015679251946622568,24.783950901307886,7171.52,7039.29,7171.52,6881.25,-0.0015999954690394391,-0.007407261424806855,-0.011392951680200936,0.023696283391405393
2026-09-08 14:50:00+09:00,7049.48,7054.84,7004.81,7006.24,10458.0,7050.2997627336745,7077.017337429592,7094.435564253833,7034.579172327454,6936.978279561406,28.822129011462536,-9.00850927024112,10.117783538313388,-19.12629280855451,7119.556,7210.424833469492,7028.687166530507,0.025526545045644007,-0.1235141118986824,26.587240122643017,7171.52,7038.65,7171.52,6882.15,-0.00637903795371586,-0.008037649670607938,-0.018751759421747227,0.01560169367452291
2026-09-08 15:00:00+09:00,7004.66,7004.66,6972.65,6983.04,10695.0,7027.8798418224505,7059.93054880603,7083.826462896325,7032.8893633986845,6937.739630312458,25.851986381671367,-16.361674628373294,4.8218919049760505,-21.183566533349342,7112.383,7220.8681003783695,7003.89789962163,0.03050597820122164,-0.09613255437328666,27.087437256739957,7171.52,7004.81,7171.52,6887.13,-0.0033113338966407335,-0.014235136676510662,-0.020130498842348965,0.012748109538022412
2026-09-08 15:10:00+09:00,6982.46,6985.31,6951.78,6953.22,10752.0,7002.993227881634,7040.528630841297,7071.387752144295,7030.277253123318,6937.995504191592,22.624694089534884,-24.315047206643612,-1.0054959173478824,-23.30955128929573,7103.707500000001,7232.133995066647,6975.281004933356,0.03615759659773312,-0.08588961694355629,27.547620309830005,7171.52,6972.65,7171.52,6887.13,-0.004270346439373074,-0.01737660715244671,-0.024346369232452925,0.007647327348216493
2026-09-08 15:20:00+09:00,6952.65,6954.68,6952.65,6954.52,11990.0,6986.8354852544235,7024.89069796106,7060.257490035315,7027.793408758619,6938.268636353714,23.075541135716307,-30.165523759914322,-6.837501485861171,-23.32802227405315,7094.629000000001,7237.476277734304,6951.781722265698,0.040269132532315115,0.009584633945198347,25.724933144842193,7171.52,6951.78,7171.52,6887.13,0.0001869637376639144,-0.01529199209347376,-0.025443905556123858,0.008345705934208691
2026-09-09 09:00:00+09:00,6972.87,7012.15,6968.06,7007.77,27700.0,6993.8136568362825,7021.777843786322,7055.258681460523,7027.136903553418,6939.417419223901,38.80471043371924,-30.15760056079671,-11.501521300848278,-18.65607925994843,7087.4839999999995,7232.680140086779,6942.28785991322,0.04097254825175745,0.2254954575501927,28.003866491639123,7171.52,6951.78,7171.52,6892.6,0.007656890770319169,-0.006162054226077185,-0.019984141346195528,0.015994316740244763
2026-09-09 09:10:00+09:00,7007.28,7040.99,6988.58,7040.99,17707.0,7009.539104557522,7025.2709630979,7053.899759416664,7027.591103436912,6941.096304856564,46.19600574062462,-27.157688076464183,-14.63275465597146,-12.524933420492722,7081.594,7224.277495808375,6938.9105041916255,0.040296999745643304,0.3577130460325563,29.74716174223632,7171.52,6951.78,7171.52,6893.27,0.00474045238356835,0.004959864349494136,-0.01645529481937591,0.02029285822966398
2026-09-09 09:20:00+09:00,7039.04,7041.34,6991.61,6993.42,12888.0,7004.166069705016,7019.479878898281,7048.139782329363,7026.470739389801,6941.961159321744,38.942547360685225,-28.292597804392244,-17.364723285655618,-10.927874518736626,7073.2885,7216.196797488622,6930.380202511377,0.04040788029178291,0.22056031243966667,31.174507332076615,7171.52,6951.78,7171.52,6900.27,-0.006756152188825637,0.0014864586197416152,-0.02320124365705567,0.011836605364017982
2026-09-09 09:30:00+09:00,6996.79,7015.32,6987.58,7015.1,14311.0,7007.810713136678,7018.683537280411,7044.993136393234,7026.097928262267,6943.170065779236,43.31121173070398,-27.129890636194432,-19.317756755763384,-7.812133880431048,7065.916499999999,7204.80282118065,6927.030178819348,0.03931162254200176,0.31705721784544433,30.929185379785412,7171.52,6951.78,7171.52,6904.86,0.003100056910638971,0.008899473912805878,-0.02058487631482686,0.015336206821688458
2026-09-09 09:40:00+09:00,7016.11,7030.82,7002.22,7017.71,8746.0,7011.1104754244525,7018.506530502154,7042.394742451022,7025.82291422088,6944.402130807679,43.832242055422945,-25.701560055570553,-20.59451741572482,-5.107042639845734,7058.544,7191.084235612034,6926.003764387966,0.037554553917078064,0.34595621166870655,30.762814995514987,7171.52,6951.78,7171.52,6904.86,0.0003720545680032661,0.009086177047445299,-0.02057874492684042,0.01547145840055908
2026-09-09 09:50:00+09:00,7023.57,7051.55,7022.31,7042.42,11769.0,7021.546983616302,7022.854434047216,7042.397147931877,7026.367080967736,6946.022260876974,48.64471085428754,-22.318434272398008,-20.93930078705946,-1.3791334853385493,7052.7970000000005,7177.431980338958,6928.162019661043,0.0353434191680145,0.4583704351227116,30.982613924406785,7171.52,6951.78,7171.52,6909.68,0.0035210916381553936,0.0049445115921327165,-0.01605899381894993,0.018239600246953813
2026-09-09 10:00:00+09:00,7042.77,7056.15,7036.3,7051.37,10820.0,7031.4879890775355,7028.039082402267,7043.251705271698,7027.186848804859,6947.763545821156,50.30553566963357,-18.69953590355908,-20.491347810359386,1.791811906800305,7047.5655,7162.867882365202,6932.263117634798,0.03272119496163661,0.51649792450927,30.18742721552055,7164.76,6951.78,7171.52,6917.17,0.0012708699566341686,0.0014742245053607217,-0.014621296813862483,0.017425619715464746
2026-09-09 10:10:00+09:00,7057.2,7059.28,7039.13,7043.31,9854.0,7035.428659385025,7030.815612874581,7043.257257150583,7027.715476712897,6949.342826055518,48.775720272317656,-16.294079507419156,-19.65189414977134,3.357814642352185,7041.628500000001,7144.273174538382,6938.98382546162,0.029153675045021463,0.5081908779367357,29.47046812869763,7164.24,6951.78,7171.52,6928.03,-0.0011430402886246638,0.007133848674897303,-0.016579052087042134,0.013894187099365407
2026-09-09 10:20:00+09:00,7046.63,7066.57,7046.52,7060.54,10249.0,7043.799106256683,7036.220046897384,7044.903232660052,7028.7916905911625,6951.180795872783,52.127275017613734,-12.849302222610277,-18.29137576433913,5.442073541728853,7037.575500000001,7130.003259786167,6945.147740213834,0.026266932350826347,0.6242294525645108,29.026863262362035,7162.89,6951.78,7171.52,6936.59,0.002446293007122957,0.006477455773973295,-0.01135039766999002,0.014811375941611082
2026-09-09 10:30:00+09:00,7059.69,7070.36,7047.64,7060.21,10579.0,7049.269404171122,7040.581856552405,7046.361020025762,7029.82179909637,6952.982931478192,52.057022300536254,-10.030296632259706,-16.639159937923246,6.60886330566354,7033.525500000001,7113.723523536049,6953.327476463953,0.02280450210525231,0.6663663194143747,28.57637302933613,7147.19,6951.78,7171.52,6943.73,-4.673863472193229e-05,0.006056106621675772,-0.01134261560715899,0.01605491714217866
2026-09-09 10:40:00+09:00,7059.49,7060.65,7039.37,7050.15,7813.0,7049.562936114082,7042.321518997422,7046.7218752614035,7030.488297486653,6954.588998726486,49.8513365680379,-8.509875766519144,-15.013303103642427,6.5034273371232825,7030.841,7104.796025766259,6956.885974233742,0.021037319935483845,0.630545556572633,28.055203527240675,7143.56,6951.78,7171.52,6944.4,-0.0014248867951520694,0.0010976340519308625,-0.007557884186580877,0.013047195499579667
2026-09-09 10:50:00+09:00,7053.71,7053.71,7029.31,7048.14,7899.0,7049.088624076056,7043.379424634253,7046.856934760318,7031.067041831352,6956.135296268198,49.400953142466754,-7.38202607664789,-13.48704769824352,6.105021621595631,7030.097500000001,7103.035945521467,6957.159054478535,0.020750336825759764,0.6236830581664209,27.79411756100917,7107.34,6951.78,7171.52,6944.4,-0.0002851003170144528,-0.0004580670139276988,-0.0021053346944149842,0.011851113832424875
2026-09-09 11:00:00+09:00,7052.61,7073.53,7051.83,7073.53,7067.0,7057.235749384037,7048.861347428025,7049.397226687906,7032.459269968029,6958.075704594344,54.939012711278146,-4.38884439852427,-11.667407038299672,7.2785626397754015,7029.58,7101.118175543465,6958.041824456534,0.02035347077448881,0.8071786473873412,27.622394878079902,7098.18,6951.78,7171.52,6944.4,0.0036023688519239982,0.004290596324739271,-0.0014610637108477542,0.017832681017612373
2026-09-09 11:10:00+09:00,7074.16,7082.48,7064.82,7071.08,5982.0,7061.850499589359,7052.901102441111,7051.462252717629,7033.725523411699,6959.943544187826,54.321177678155834,-2.189185312831796,-9.771762693206098,7.5825773803743015,7029.325,7100.230489632945,6958.4195103670545,0.020174195853213592,0.7944412359053733,26.91079524393133,7098.18,6951.78,7171.52,6947.16,-0.0003463617175581968,0.0014928036665751154,-0.0007207278503373882,0.01551621131000247
2026-09-09 11:20:00+09:00,7072.91,7081.11,7067.53,7081.11,6030.0,7068.270333059573,7058.029992906363,7054.285847696902,7035.279112808036,6961.946295523565,56.47897347289574,0.3592562535977777,-7.745558903845323,8.1048151574431,7030.2545,7103.330407240949,6957.178592759051,0.020788979187296608,0.8479635212212736,25.958595583650517,7082.48,6951.78,7171.52,6951.78,0.0014184537581245493,0.0029602518905245123,0.0026322049353486587,0.015268215329293788
2026-09-09 11:30:00+09:00,7076.51,7097.37,7074.2,7093.31,5995.0,7076.616888706382,7064.44453965066,7058.0024336305305,7037.181764847117,6964.117596424002,59.015055939550386,3.325023791358035,-5.531442364804652,8.856466156162686,7032.3589999999995,7110.009893852474,6954.708106147525,0.02208388219443144,0.892468115793997,25.759410184818343,7082.48,6951.78,7171.52,6951.78,0.0017228937271134281,0.0061218555633568705,0.005969179801509572,0.01747840481047014
2026-09-09 11:40:00+09:00,7097.4,7112.48,7094.85,7096.03,4659.0,7083.087925804255,7070.187350623267,7061.624106618099,7039.111215179999,6966.297966731044,59.580576132260674,5.827718884572278,-3.2596101149292656,9.087328999501544,7036.8485,7118.232759479884,6955.464240520116,0.02313088294564942,0.8635930361609269,25.288738028759834,7097.37,6951.78,7171.52,6951.78,0.00038345990799770746,0.006794700445791335,0.012815718559455513,0.017193012131437424
2026-09-09 11:50:00+09:00,7095.23,7100.01,7082.33,7088.04,4782.0,7084.738617202836,7073.433286873582,7064.139905987804,7040.715437633114,6968.310231743754,57.08864484653723,7.08472821532996,-1.1907424488774203,8.275470664207381,7042.0985,7122.461368858013,6961.735631141987,0.022823557170639667,0.7858378543029024,24.745256740991298,7112.48,6951.78,7171.52,6951.78,-0.0011259817109002812,0.0020513096007226395,0.015036431124553218,0.0161816844607372
2026-09-09 12:00:00+09:00,7088.74,7091.1,7053.65,7055.43,6025.0,7074.969078135226,7070.159961987476,7063.310391131823,7041.19788230088,6969.75022791328,48.22362140878327,5.387459420734558,0.12489792504497532,5.2625614956895825,7047.209,7116.558766229536,6977.859233770464,0.01968148418176212,0.5592720094599192,25.652738402349115,7112.48,6951.78,7171.52,6951.78,-0.004600707670949888,-0.002213240410234296,0.014699664328181816,0.010395483785966775
2026-09-09 12:10:00+09:00,7054.74,7068.87,7051.32,7063.19,4742.0,7071.0427187568175,7068.8926961715715,7063.298925309745,7041.918935340195,6971.294686956036,50.205193202105065,4.615326212197033,1.0229835824753868,3.592342629721646,7052.6425,7107.63456047324,6997.65043952676,0.015594739269214253,0.5959002073138568,25.073971373609904,7112.48,6952.65,7171.52,6951.78,0.001099862092033943,-0.0025306766876944664,0.015625808826489784,0.012974850560469875
2026-09-09 12:20:00+09:00,7062.62,7064.69,7045.72,7059.01,4557.0,7067.031812504545,7067.095842322195,7062.890456232626,7042.479298115926,6972.74452684106,49.114783717857286,3.624334938132961,1.5432538536069016,2.081081084526059,7055.2045,7106.2267706187495,7004.18222938125,0.014463725500444287,0.5372925386684178,24.637973418352008,7112.48,6968.06,7171.52,6951.78,-0.000591800588685798,-0.004835542222178413,0.007311883808972075,0.009094560846500288
2026-09-09 12:30:00+09:00,7059.06,7068.8,7058.5,7063.52,4014.0,7065.861208336364,7066.445689172704,7062.9504127819,7043.169157194092,6974.244947885009,50.36732937449733,3.166386390781554,1.8678803610418324,1.2985060297397215,7056.331,7107.042095394333,7005.619904605667,0.014373218998466176,0.5708819238087657,23.613832459898305,7112.48,6987.58,7171.52,6951.78,0.0006388997890638404,-0.004581434971385301,0.0031998341142369657,0.005477548882284022
2026-09-09 12:40:00+09:00,7064.11,7068.23,7042.73,7044.21,4304.0,7058.64413889091,7062.402836595848,7061.1656115645765,7043.203283187728,6975.401395027407,45.23338196393393,1.2311117580611608,1.7405266404456983,-0.5094148823845375,7058.8705,7101.103708486849,7016.637291513151,0.011965996114208196,0.32643397784275685,23.748558712762712,7112.48,6987.58,7171.52,6951.78,-0.0027337644687068785,-0.00618365584844327,0.007262541074324114,-0.005657588833884564
2026-09-09 12:50:00+09:00,7044.93,7044.93,7021.08,7029.26,7291.0,7048.849425927274,7056.3768663056935,7058.126981891759,7042.7461263619,6976.291619902987,41.69030063821033,-1.4917514072676568,1.0940710309030273,-2.585822438170684,7059.5785000000005,7099.249948815161,7019.90705118484,0.011239041768615546,0.1178801013638009,23.755804518993973,7112.48,6987.58,7171.52,6951.78,-0.002122310379730319,-0.003709199864501578,0.0020185029436501356,-0.007291456299984955
2026-09-09 13:00:00+09:00,7029.01,7047.69,7027.26,7046.81,7305.0,7048.16961728485,7054.637436068295,7057.049174092544,7042.879368120526,6977.457212962442,46.94413164825565,-2.20804874298301,0.4336470761258198,-2.64169581910883,7061.0335000000005,7096.351603163876,7025.715396836125,0.0100036639576558,0.29863726069880675,23.5182470533515,7112.48,7002.22,7171.52,6951.78,0.0024967066234569124,-0.002319065464754466,0.004146651828017989,-0.0003716612548816389
2026-09-09 13:10:00+09:00,7045.5,7045.5,7014.47,7016.7,5216.0,7037.679744856567,7047.739720419514,7053.206395607539,7042.021028182148,6978.105854070501,40.24437798649958,-5.146024732583101,-0.6822872856159643,-4.463737446967136,7059.7475,7099.301925733334,7020.193074266666,0.011205620522075053,-0.044155289855754454,24.148372263826403,7112.48,7021.08,7171.52,6951.78,-0.004272855377113971,-0.0059937583315508025,-0.003652153663087465,-0.010380378827412162
2026-09-09 13:20:00+09:00,7015.15,7055.14,7015.15,7051.42,4956.0,7042.259829904378,7048.40886216142,7053.036262692535,7042.329191192569,6979.317658135451,49.240379775610876,-4.61952700668553,-1.4697352298298776,-3.1497917768556523,7059.75,7099.302313713535,7020.197686286465,0.011205018226859341,0.39469642584841585,25.279917102124564,7112.48,7014.47,7171.52,6951.78,0.004948195020451296,-0.0017130269327474412,7.0908206490916115e-06,-0.005741567425346927
2026-09-09 13:30:00+09:00,7050.34,7066.82,7040.5,7064.81,5530.0,7049.776553269586,7051.3908872229795,7054.157571007532,7043.066266891174,6980.730754695196,52.22738071421661,-3.086236457828818,-1.7930354754296658,-1.2932009823991522,7060.825,7099.69438409718,7021.95561590282,0.011009870403863585,0.5512614245447961,25.354208737687074,7112.48,7014.47,7171.52,6951.78,0.0018989083049938404,0.0029243875466518077,0.003052542057640606,-0.0018212131059524017
2026-09-09 13:40:00+09:00,7062.61,7068.05,7057.83,7064.5,4782.0,7054.6843688463905,7053.774362273347,7055.14256424491,7043.769012239004,6982.11537032007,52.15086611272574,-1.8744990026534651,-1.809328180874426,-0.06517082177903921,7061.022999999999,7099.924890495117,7022.121109504881,0.011018768950368268,0.5446893448589228,24.273193827852303,7112.48,7014.47,7171.52,6951.78,-4.387945323380826e-05,0.00501332999490689,0.0005608636166638536,-0.0021512119812477914
2026-09-09 13:50:00+09:00,7064.99,7070.5,7064.04,7064.78,5229.0,7058.0495792309275,7055.775387314556,7056.060415269205,7044.457897083626,6983.481727835441,52.218956018042036,-0.8814340562612415,-1.623749355951789,0.7423152996905475,7061.2515,7100.185277765511,7022.317722234489,0.011027444006352406,0.5453141231407181,23.00082284014857,7112.48,7014.47,7171.52,6951.78,3.9634793686627035e-05,0.0025500900407418037,0.0006472895282150226,-0.003566960551870446
2026-09-09 14:00:00+09:00,7068.41,7068.41,7052.68,7061.28,7427.0,7059.126386153952,7056.776225984636,7056.5575185769,7045.00944144154,6984.767649689401,51.23745468714801,-0.3725491659961335,-1.373509317960658,1.0009601519645244,7061.808,7100.4078935762045,7023.2081064237955,0.010932014457545297,0.49316060290479996,22.481478351566498,7112.48,7014.47,7171.52,6951.78,-0.0004954152854016458,0.006353413998033242,0.0015786898151102235,-0.006040097463609451
2026-09-09 14:10:00+09:00,7064.83,7073.54,7030.77,7030.77,9345.0,7049.674257435969,7052.0478212601565,7054.101564426719,7044.542574509031,6985.528019116023,43.5526002818359,-2.403450757200517,-1.5794976058086299,-0.823953151391887,7060.9395,7101.464100665449,7020.414899334552,0.011478529355887786,0.12776314257770813,23.930658469311716,7112.48,7014.47,7171.52,6951.78,-0.004320746380259588,-0.002928488162667886,-0.002464479990465507,-0.012665427133420115
2026-09-09 14:20:00+09:00,7026.65,7037.88,7010.23,7035.48,9349.0,7044.942838290646,7049.035490121945,7052.328082100365,7044.24544091857,6986.353671692618,44.92588012338265,-3.5914967245871594,-1.981897429564336,-1.6095992950228235,7059.036999999999,7100.578525298112,7017.495474701886,0.011769742897823855,0.21646443130158838,24.196325721503776,7112.48,7014.47,7171.52,6951.78,0.0006699123993529899,-0.004151562462401781,-0.00537920953187454,-0.0129271762523816
2026-09-09 14:30:00+09:00,7036.73,7039.49,7027.93,7036.29,7023.0,7042.058558860432,7046.718128281591,7050.800645709854,7043.984606790092,6987.179065548939,45.17291544400908,-4.416757847473491,-2.468869513146167,-1.947888334327324,7057.297500000001,7099.583115936077,7015.011884063924,0.011983515201414219,0.25159992901891354,23.293731027110613,7112.48,7010.23,7171.52,6951.78,0.00011513073734836787,-0.003993205463939442,-0.004920040503006651,-0.010646779180569221
2026-09-09 14:40:00+09:00,7037.99,7057.49,7030.01,7052.52,5995.0,7045.545705906955,7047.773014048575,7050.964393737487,7044.264455747793,6988.259080994411,50.0113114833053,-3.7182956748338256,-2.718754745483699,-0.9995409293501267,7055.8679999999995,7096.746567784268,7014.989432215731,0.011587112396169785,0.4590494459386681,23.592750239459825,7112.48,7010.23,7171.52,6951.78,0.0023066132862632482,-0.0017353689711497866,-0.004037502594932074,-0.009688942809961909
2026-09-09 14:50:00+09:00,7050.58,7062.92,7048.86,7056.35,6512.0,7049.147137271304,7049.332466039743,7051.477308619631,7044.660703100325,6989.384550730042,51.107816521696016,-2.823166671486433,-2.7396371306842457,-0.08352954080218744,7054.0199999999995,7091.12879518514,7016.911204814859,0.01052131839295621,0.5313941747283383,22.911839508069868,7112.48,7010.23,7171.52,6951.78,0.0005430682933191822,-0.0006981737022182521,-0.005210543455735017,-0.010673706761182511
2026-09-09 15:00:00+09:00,7058.94,7067.89,7050.58,7053.95,6818.0,7050.748091514203,7050.1720176688805,7051.712803036809,7044.965270211789,6990.451748238637,50.362326518324,-2.2811349261683063,-2.647936689781058,0.36680176361275185,7051.916,7083.63962488891,7020.192375111091,0.00899716471067137,0.5320581271390386,22.511708114636335,7112.48,7010.23,7171.52,6951.78,-0.0003401191834305761,0.0032969361819543685,-0.005930076394829231,-0.012069808252790915
2026-09-09 15:10:00+09:00,7052.43,7059.35,7048.83,7057.41,8489.0,7052.968727676136,7051.488014456357,7052.25539322378,7045.373294139271,6991.5584962016355,51.46155976166998,-1.5544589442115466,-2.429241140667156,0.8747821964556093,7050.3845,7077.625178021884,7023.143821978117,0.007727430474716228,0.6289523703183139,21.655157535019484,7100.01,7010.23,7171.52,6951.78,0.000490505319714396,0.0031170581111736873,-0.004321363874921769,-0.009694801094506489
2026-09-09 15:20:00+09:00,7059.76,7059.76,7051.63,7051.64,12452.0,7052.525818450758,7051.515648191564,7052.196784345324,7045.578759905196,6992.551578909047,49.49318304524093,-1.4276961783562,-2.2289321482049647,0.8012359698487646,7050.195,7077.345225415121,7023.044774584879,0.0077019785736766105,0.5266111971062282,20.68907485394667,7091.1,7010.23,7171.52,6951.78,-0.000817580387139083,0.002181547377950732,-0.0005371749135063553,-0.010536389059217832
2026-09-10 09:00:00+09:00,7038.85,7072.79,7038.85,7044.79,22742.0,7049.947212300506,7050.292803065824,7051.491376312436,7045.552898924698,6993.415023885757,47.185717226297875,-1.8585493255823167,-2.154855583680435,0.2963062580981184,7049.275,7075.842234332758,7022.707765667241,0.00753757920715499,0.4155915150251556,21.635569507236166,7073.54,7010.23,7171.52,6951.78,-0.0009714052333925638,-0.0010960621168036866,-0.0026050552229233137,-0.012794121150377924
2026-09-10 09:10:00+09:00,7044.82,7044.82,7006.5,7016.47,18273.0,7038.788141533671,7044.1432025084005,7048.156007139823,7044.599361255036,6993.796097871117,39.074737419313934,-4.434077582519421,-2.6106999834482325,-1.823377599071189,7047.148000000001,7076.880154043919,7017.415845956083,0.008438067156789651,-0.015906112195667378,22.827314542433562,7073.54,7010.23,7171.52,6951.78,-0.004019992079252854,-0.00565164709800392,-0.0060263408041637545,-0.01876747213897434
2026-09-10 09:20:00+09:00,7016.1,7036.86,7011.24,7023.29,11513.0,7033.622094355781,7040.351711143236,7045.787815983649,7043.900693672903,6994.283600385645,41.67486306897626,-5.857365218779705,-3.260033030514527,-2.5973321882651783,7045.1365000000005,7075.6003935642,7014.672606435801,0.008648205343984371,0.1414361815904918,23.02679207511687,7073.54,7006.5,7171.52,6951.78,0.0009719987401071162,-0.0043465008966606655,-0.005695460620200765,-0.018927779694613234
2026-09-10 09:30:00+09:00,7024.23,7024.23,6983.79,6985.66,17933.0,7017.634729570521,7030.407763662647,7040.06135731854,7041.991162732807,6994.141061536295,33.24442288911848,-9.907549375750023,-4.589536299561626,-5.318013076188397,7042.209,7082.222584144516,7002.195415855484,0.011363929739806428,-0.20662252843638187,24.27059264117992,7073.54,7006.5,7171.52,6951.78,-0.0053578878274996855,-0.010166619198827886,-0.008311790818274933,-0.02428511368763031
2026-09-10 09:40:00+09:00,6987.56,6990.65,6962.55,6975.07,16475.0,7003.446486380348,7020.34635208762,7033.871704240584,7039.797026249765,6993.82583737867,31.323988182031414,-13.812650360548105,-6.434159111758922,-7.3784912487891825,7039.4995,7088.892972231559,6990.106027768441,0.014033234104657274,-0.15220662862039408,24.54412173823846,7073.54,6983.79,7171.52,6951.78,-0.0015159627007326204,-0.010858466966549685,-0.007709204098297784,-0.02617367581891339
2026-09-10 09:50:00+09:00,6976.45,6981.88,6945.52,6949.47,10878.0,6985.454324253566,7007.459742617143,7025.833446693862,7036.83548440551,6993.092683041833,27.229094456291065,-18.756958535412195,-8.898718996489578,-9.858239538922618,7034.6325,7097.523976648976,6971.741023351024,0.01788052940902772,-0.1770591544171188,25.388113042649977,7073.54,6962.55,7171.52,6951.78,-0.0036702140623677826,-0.013530566560536195,-0.013813342491141412,-0.030102607617973565
2026-09-10 10:00:00+09:00,6942.4,6958.99,6923.67,6924.61,11413.0,6965.172882835711,6992.396153050389,7016.193118437304,7033.155960326641,6991.960737867588,23.954227933493925,-24.40008364636924,-11.99899192646551,-12.401091719903729,7030.028000000001,7108.9406564252395,6951.115343574763,0.022450168456011357,-0.1679410171667094,26.097533539603532,7073.54,6945.52,7171.52,6945.52,-0.003577251214840982,-0.013092053411473348,-0.013124403209485935,-0.032518973476253765
2026-09-10 10:10:00+09:00,6914.22,6922.84,6900.18,6920.83,28178.0,6950.391921890474,6979.384125223046,7007.110916681371,7029.473141955276,6990.785023192091,23.491582752737187,-28.844810344168764,-15.368155610006163,-13.4766547341626,7023.4985,7114.876763121414,6932.120236878585,0.026020725460798325,-0.061777475807260604,25.97842400106038,7073.54,6923.67,7164.76,6923.67,-0.0005458791181018885,-0.0145886044859318,-0.018519674051467705,-0.032863331470095014
2026-09-10 10:20:00+09:00,6921.51,6924.16,6898.45,6898.45,24767.0,6933.077947926982,6964.668829727946,6996.762257949812,7025.177301235431,6989.258824461644,20.915884065961237,-33.783729433964254,-19.05127037479778,-14.732459059166473,7015.1805,7119.388599200996,6910.972400799004,0.02970931373782784,-0.060083625433237364,25.959250858127497,7073.54,6900.18,7164.24,6900.18,-0.003233716187220348,-0.012484146093568849,-0.02354769625793196,-0.036805104683714895
2026-09-10 10:30:00+09:00,6901.39,6916.21,6899.78,6915.81,15905.0,6927.321965284655,6955.785406141046,6989.0525190974495,7021.59148808017,6988.044794305253,27.551573580705835,-35.88340986689218,-22.41769827321666,-13.465711593675518,7007.746000000001,7117.867103409308,6897.624896590694,0.031428394639105545,0.08256865780628016,25.37359008254698,7073.54,6898.45,7162.89,6898.45,0.0025165073313571096,-0.008495972083434222,-0.021047490976006777,-0.03161616444494231
2026-09-10 10:40:00+09:00,6913.43,6942.87,6913.43,6939.79,16416.0,6931.477976856437,6952.8771504790375,6984.360850611978,7018.909472077541,6987.247194399381,35.59103992643375,-35.20659641842394,-24.97547790225812,-10.231118516165822,7001.496499999999,7112.146672033675,6890.846327966324,0.031607577618206484,0.2211640123739734,25.664047933793597,7073.54,6898.45,7147.19,6898.45,0.0034674174102526933,-0.001392911977460165,-0.017691987577815538,-0.02820530414313538
2026-09-10 10:50:00+09:00,6939.14,6950.55,6920.34,6950.55,11571.0,6937.8353179042915,6952.454032210121,6981.140769601313,7016.668177911064,6986.640629202698,38.86902780350391,-33.41676711927175,-26.66373574566085,-6.753031373610902,6995.960000000001,7105.1623124300995,6886.757687569902,0.03121867833152235,0.2920831574465599,25.988758795665486,7073.54,6898.45,7143.56,6898.45,0.0015504791931744144,0.003746059344858388,-0.015681292910067257,-0.02157847023581616
2026-09-10 11:00:00+09:00,6953.86,6953.86,6935.16,6939.54,10922.0,6938.403545269528,6950.106026353736,6977.1787915440445,7014.139385192668,6985.86210640596,36.80494570058889,-32.51195194621232,-27.833378985771148,-4.678572960441173,6991.3985,7102.015912603441,6880.781087396559,0.03164385855088682,0.2655952223999722,25.468133167403654,7073.54,6898.45,7112.48,6898.45,-0.0015840473056089044,0.0027034329697450676,-0.012975819149253942,-0.017481215515764537
2026-09-10 11:10:00+09:00,6940.36,6961.39,6939.87,6958.24,8592.0,6945.0156968463525,6951.584930653056,6975.375097111279,7012.30661846504,6985.405542663713,42.39977030703983,-29.94080670297535,-28.25486452921199,-1.6859421737633618,6987.5365,7097.116668329307,6877.9563316706935,0.031364463950723294,0.3663238957985558,25.209695084017707,7072.79,6898.45,7112.48,6898.45,0.002694703107122276,0.008667164363009183,-0.01097863969480406,-0.017736042959508147
2026-09-10 11:20:00+09:00,6957.44,6966.17,6948.98,6953.06,8176.0,6947.697131230902,6951.853125079772,6973.249849767347,7010.364106384219,6984.870905594891,41.3087856333771,-27.99839026792597,-28.203569676954785,0.20517940902881548,6983.375,7091.545633815645,6875.204366184355,0.03097947162099832,0.35987416856748056,24.63685972087362,7072.79,6898.45,7112.48,6898.45,-0.0007444411230425052,0.0053862092798964145,-0.011828676760053836,-0.017399218222261092
2026-09-10 11:30:00+09:00,6948.81,6982.49,6946.64,6976.02,8151.0,6957.138087487269,6956.247102337995,6973.513673599027,7009.238070109326,6984.724609634645,47.72891090161608,-24.3259171035088,-27.42803916226559,3.102122058756791,6979.55,7082.976188753514,6876.123811246486,0.029636921793959208,0.48293468974085246,25.437798312239753,7072.79,6898.45,7112.48,6898.45,0.0033021432290243347,0.005220619067723975,-0.010847186537578102,-0.012247752926717426
2026-09-10 11:40:00+09:00,6980.18,6989.23,6975.26,6977.79,6581.0,6964.0220583248465,6960.163992821996,6973.920942780072,7008.206985843446,6984.609987987792,48.19933741142337,-21.030208303997824,-26.148472990612042,5.118264686614218,6975.622,7072.865155564166,6878.378844435834,0.027880855804447557,0.5111473141087504,24.61866986136544,7072.79,6898.45,7112.48,6898.45,0.0002537263367936582,0.003919114314694383,-0.011133234604292608,-0.010413800732355538
2026-09-10 11:50:00+09:00,6977.24,6987.44,6967.99,6972.28,5336.0,6966.7747055498985,6962.366903217996,6973.764662515304,7007.029051881365,6984.406186533449,46.7876943479928,-18.64798393624369,-24.648375179738373,6.000391243494683,6971.5385,7061.897285356355,6881.179714643645,0.025922193603708833,0.5041030874699997,24.249479156982183,7072.79,6898.45,7112.48,6898.45,-0.0007896482983867914,0.004717891964020726,-0.011577910248867673,-0.004847107721117183
2026-09-10 12:00:00+09:00,6971.62,6999.06,6971.62,6999.06,6071.0,6977.5364703666,6969.038375360178,6976.173742275751,7006.767771491812,6984.648398326284,53.86062210312591,-14.432759899556913,-22.60525212370208,8.172492224145167,6968.620999999999,7051.127766729009,6886.11423327099,0.023679510402132516,0.6844636579929074,24.477373502912066,7072.79,6898.45,7112.48,6898.45,0.003840924346125041,0.005866425992779867,-0.008267905648105978,0.0022941297772889335
2026-09-10 12:10:00+09:00,7000.18,7003.44,6981.22,6987.88,5168.0,6980.984313577734,6972.464125294691,6977.288623963775,7006.14850029536,6984.701813229983,50.82346451982885,-11.857609900447642,-20.455723679051193,8.598113778603551,6965.433,7039.341484790817,6891.524515209183,0.02122150476239368,0.6518567189107705,24.3161325384183,7072.79,6898.45,7112.48,6898.45,-0.0015973573594169066,0.0050078670398356895,-0.009041868274614173,0.004984740882641336
2026-09-10 12:20:00+09:00,6988.82,6998.0,6983.19,6993.12,4899.0,6985.029542385157,6976.219738877475,6978.796374062462,7005.721336351249,6984.840956812958,52.18440670548193,-9.286907081766913,-18.221960359594338,8.935053277827425,6962.849499999999,7028.648994975827,6897.050005024172,0.018900162922041518,0.7300207624019062,23.63712307138845,7072.79,6898.45,7112.48,6898.45,0.0007498697745238481,0.0024512544402108816,-0.007334498260416544,0.0055503471123814485
2026-09-10 12:30:00+09:00,6992.34,6997.32,6982.92,6989.32,4338.0,6986.459694923438,6978.601604536116,6979.798624151751,7005.183587618421,6984.914990584645,51.08039671941049,-7.4701238810148425,-16.07159306387844,8.601469182863596,6961.492,7023.840281324136,6899.143718675864,0.017912332966592857,0.723165734555916,22.977328566289252,7044.82,6898.45,7112.48,6898.45,-0.0005433912187979839,0.0016523856407257842,-0.00386946712520686,-0.002632791886720165
2026-09-10 12:40:00+09:00,6991.98,7010.06,6987.8,7009.29,5126.0,6994.069796615626,6984.181312802276,6982.607326613489,7005.318224089949,6985.317883302255,56.311341253578796,-4.3685401894745155,-13.730982488997656,9.36244229952314,6960.7919999999995,7020.612392710792,6900.971607289207,0.017187812165854827,0.9053634371347979,22.92609081155432,7036.86,6898.45,7112.48,6898.45,0.002857216438795218,0.005308163183348924,-0.0019933677806269756,-0.004502207786120982
2026-09-10 12:50:00+09:00,7006.83,7006.83,6992.91,6995.02,4788.0,6994.386531077084,6986.151983201862,6983.789485983632,7004.980577398474,6985.478248867507,52.02998396375195,-3.0270881212927634,-11.590203615456678,8.563115494163915,6961.26,7021.990807668543,6900.529192331457,0.01744822278396241,0.7779478924786882,22.458512896443306,7024.23,6898.45,7112.48,6898.45,-0.0020358695388548176,-0.0005772203695925127,0.001339887712829002,0.0002287864878700585
2026-09-10 13:00:00+09:00,6996.75,7010.74,6993.15,6997.08,4261.0,6995.2843540513895,6988.138895346978,6985.055249223286,7004.721542073934,6985.670013349036,52.59036080823123,-1.777265696122413,-9.627616031589826,7.850350335467413,6962.3605,7024.825352990092,6899.895647009907,0.0179435847914202,0.7779122845731107,22.110761975268797,7010.06,6898.45,7112.48,6898.45,0.00029449522660396354,0.0013165652529807392,0.0031555238872154057,-0.002568744565294878
2026-09-10 13:10:00+09:00,6996.21,7004.68,6994.85,6999.54,5256.0,6996.702902700927,6990.211823465709,6986.434749297259,7004.551655448558,6985.899269326738,53.292064178768555,-0.5815670359897922,-7.81840623246982,7.236839196480028,6964.864,7029.051365237049,6900.67663476295,0.018431764134102135,0.7701154648733352,21.23356469132102,7010.74,6898.45,7112.48,6898.45,0.0003515752285239149,0.0009180451643902021,0.007204865982585629,-0.0025891637015493796
2026-09-10 13:20:00+09:00,6999.84,7012.34,6995.02,7012.34,5243.0,7001.915268467285,6994.235128290125,6988.9019160308535,7004.807011007621,6986.336306197371,56.869188908201544,1.3829440742119914,-5.978136171133458,7.361080245345449,6969.250499999999,7033.824252710179,6904.676747289819,0.018531046548026963,0.8336456237365919,20.95402435622664,7010.74,6898.45,7112.48,6898.45,0.001828691599733645,0.0032935965158271685,0.01266930556377921,-0.004271259027436636
2026-09-10 13:30:00+09:00,7011.99,7033.09,7011.99,7032.31,5505.0,7012.046845644858,7001.157832237375,6993.03601926601,7005.708748351633,6987.096201962704,61.78635273384686,4.49937934204263,-3.88263306849824,8.38201241054087,6974.8245,7040.94471460247,6908.704285397529,0.01895967836967674,0.9347044269715108,20.964451187924766,7012.34,6898.45,7112.48,6898.45,0.002847836813389071,0.0032842128090007083,0.016107894573338832,-0.002703020831412828
2026-09-10 13:40:00+09:00,7037.1,7037.1,7016.87,7032.13,4888.0,7018.741230429906,7006.789135466943,6996.75925552639,7006.575018897482,6987.840562260842,61.71805309708039,6.8753969525414504,-1.731027064290302,8.606424016831753,6981.508499999999,7042.199113533546,6920.817886466452,0.017386103170553082,0.9170455450414927,20.911990388787316,7033.09,6898.45,7112.48,6898.45,-2.5596141239536685e-05,0.0053052028443092425,0.019378266132247246,-0.001587321869973124
2026-09-10 13:50:00+09:00,7030.73,7046.71,7030.73,7046.71,5190.0,7028.064153619938,7014.047474472953,7001.516469285782,7007.890919917236,6988.8136108185145,65.08479718330028,9.821674032533338,0.5795131550744259,9.242160877458911,6988.0535,7047.205769703536,6928.901230296464,0.016929541167232377,0.9958093771716552,20.559705361016828,7037.1,6899.78,7112.48,6898.45,0.002073340509916699,0.0070929587770898195,0.018927645496333634,-0.0019587736915306353
2026-09-10 14:00:00+09:00,7045.13,7047.51,7027.31,7036.59,6407.0,7030.9061024132925,7018.14611547787,7004.856805544278,7008.831873362572,6989.60330320168,61.07010347729412,11.210789419621506,2.7057684079838418,8.505021011637664,6992.893500000001,7051.293618930368,6934.493381069634,0.016702705090637277,0.8741131079895592,20.534012120944183,7046.71,6913.43,7112.48,6898.45,-0.0014361311874618865,0.005293204982041777,0.013948548875398314,-0.003345509552831971
2026-09-10 14:10:00+09:00,7035.05,7043.4,7028.98,7039.66,5560.0,7033.824068275529,7022.0577308455295,7008.171395492442,7009.842631612979,6990.430686619835,61.83911673299098,12.416269686774285,4.647868663741931,7.768401023032355,6997.349,7055.744159697376,6938.9538403026245,0.01669065233058282,0.8622817389255396,20.097296969448177,7047.51,6920.34,7112.48,6898.45,0.0004362908738464455,0.003895989070695327,0.012820568156476808,-0.0014879116047176177
2026-09-10 14:20:00+09:00,7039.55,7049.75,7038.65,7049.15,6062.0,7038.932712183686,7026.983597964523,7012.074119731256,7011.131397789602,6991.401253783143,64.19374318779845,13.976275369736868,6.513550004940918,7.46272536479595,7002.8295,7059.026864520796,6946.6321354792035,0.016049902263305518,0.9121234189092489,19.454632900201904,7047.51,6935.16,7112.48,6898.45,0.0013480764696021108,0.0023946612137404344,0.015794995057309302,0.00014330021821340466
2026-09-10 14:30:00+09:00,7046.85,7069.18,7046.45,7054.6,8121.0,7044.155141455791,7032.004761970973,7016.124203566375,7012.5565978620725,6992.445861158629,65.50991573927317,15.473986085791694,8.305637221111073,7.16834886468062,7007.647500000001,7064.248591112138,6951.046408887864,0.016154091972273604,0.9147667392752055,19.68858769304466,7049.75,6939.87,7112.48,6898.45,0.0007731428611961189,0.003195333419603985,0.013848329462622821,-0.0026761744136236665
2026-09-10 14:40:00+09:00,7056.39,7063.26,7053.81,7054.74,6524.0,7047.683427637195,7036.138441612614,7019.801898464816,7013.93966022725,6993.47551634609,65.5449524217984,16.48223253186734,9.940956283262327,6.541276248605012,7012.7315,7067.025854873095,6958.437145126904,0.01548450981563902,0.8868588189157803,18.957260000684315,7069.18,6946.64,7112.48,6898.45,1.9845207382296337e-05,0.0011395388770079062,0.01462377715710761,-0.0023108209778421873
2026-09-10 14:50:00+09:00,7052.49,7052.49,7028.35,7042.44,6701.0,7045.935618424796,7037.28417950123,7021.957908134834,7014.8740975968485,6994.28484665442,59.79752264527594,16.10314091518103,11.173393209646068,4.929747705534961,7016.052500000001,7069.06884611218,6963.0361538878215,0.01511287041029959,0.7488619259441666,19.488170000635396,7069.18,6946.64,7112.48,6898.45,-0.001743508619736489,0.0008313686032579426,0.00952118829934534,-0.005461008231760323
2026-09-10 15:00:00+09:00,7039.81,7054.8,7039.81,7048.32,7935.0,7046.730412283197,7039.290692319188,7024.468583550564,7015.970684560885,6995.177989684926,61.53399702477933,16.09168006546679,12.157050580810214,3.9346294846565755,7019.579000000001,7071.313153864611,6967.84484613539,0.014739959152710029,0.7777758777616709,19.16687214344714,7069.18,6967.99,7112.48,6898.45,0.0008349378908447669,0.001230173048130112,0.01010778484305197,-0.006342596051772786
2026-09-10 15:10:00+09:00,7051.07,7058.72,7042.73,7051.97,9043.0,7048.476941522133,7041.596020988426,7027.087766069558,7017.150989985119,6996.116700599225,62.613516312131516,16.190487889018186,12.96373804245181,3.226749846566376,7023.563499999999,7072.300693303349,6974.826306696649,0.013878195392794576,0.7914252757969997,18.939952704629537,7069.18,6967.99,7112.48,6898.45,0.0005178538999364157,0.0004000482327657373,0.011429546719294192,-0.0062091056548519985
2026-09-10 15:20:00+09:00,7051.61,7051.61,7033.92,7033.92,51690.0,7043.624627681422,7040.200380808712,7027.738455015315,7017.700793592164,6996.741548523205,54.472156658904915,14.643508401612962,13.299692114284042,1.3438162873289201,7025.306500000001,7072.893566846871,6977.71943315313,0.013547328318521215,0.5905025311574327,18.87638465429887,7069.18,6971.62,7100.01,6898.45,-0.0025595684610115743,-0.002931420633345616,0.004980668832671675,-0.007635397091438567
2026-09-11 09:00:00+09:00,6802.5,6860.26,6802.5,6849.46,34462.0,6978.903085120948,7005.5203115707645,7010.759554537665,7012.184701998978,6994.307142762491,22.407337844052506,-1.450147987681703,10.349724093890893,-11.799872081572596,7018.385499999999,7107.700547439314,6929.070452560685,0.02545173599806229,-0.4456721170907799,34.0580714647061,7069.18,6981.22,7091.1,6898.45,-0.02622435285018876,-0.029098166622724575,-0.019808582860610047,-0.029193117924775747
2026-09-11 09:10:00+09:00,6852.11,6853.77,6841.03,6843.32,15208.0,6933.708723413966,6976.029345830625,6994.812930295982,7006.648154392454,6991.811487510218,21.94428922964927,-14.532412703082628,5.373296734496188,-19.905709437578814,7010.8955000000005,7128.175907822813,6893.615092177188,0.03345661273165825,-0.2144223963356858,32.53535207437,7069.18,6802.5,7073.54,6802.5,-0.0008964210317310428,-0.028274291296766396,-0.021421053835770087,-0.031128994123052034
2026-09-11 09:20:00+09:00,6843.69,6896.32,6843.69,6892.42,12108.0,6919.9458156093115,6960.827646588693,6985.061222648746,7002.902969002536,6990.168653005917,33.73680587002062,-20.699629643033404,0.15871145899026917,-20.858341102023672,7006.0505,7134.015285543071,6878.08571445693,0.036529792510936174,0.05600871162420494,33.997112640486435,7069.18,6802.5,7073.54,6802.5,0.007174880028991915,-0.02211874602742203,-0.013864009660453314,-0.023599626576531252
2026-09-11 09:30:00+09:00,6890.95,6892.06,6857.08,6859.18,9718.0,6899.690543739542,6942.346256299839,6973.072534777437,6998.19074051065,6988.003551303341,30.38954042788953,-27.947225483245347,-5.462475929456854,-22.484749553788493,6998.545,7141.589559840919,6855.500440159081,0.040878371101684345,0.012861586085521287,34.09303316616599,7069.18,6802.5,7073.54,6802.5,-0.0048226892731435544,-0.027338460033153877,-0.02141586380360916,-0.028928919292364186
2026-09-11 09:40:00+09:00,6857.41,6861.55,6827.65,6835.23,8622.0,6878.203695826362,6922.870573336231,6959.944674322443,6992.847765411941,6985.47836863717,28.217193453773888,-35.217595722919214,-11.413499888149328,-23.804095834769885,6990.5554999999995,7150.362541081049,6830.74845891895,0.04572084180750719,0.014021725985079767,34.07924508286846,7069.18,6802.5,7073.54,6802.5,-0.0034916710160690645,-0.028247406851371726,-0.02284339430051674,-0.029666917936858828
2026-09-11 09:50:00+09:00,6835.34,6866.3,6835.34,6866.3,6522.0,6874.235797217575,6912.585014547825,6951.026133910781,6988.6986583492535,6983.508478246474,34.73505943884648,-38.033896101888786,-16.73757913089722,-21.296316970991565,6984.016500000001,7152.677782845468,6815.355217154533,0.048299222330149764,0.15102690429594318,33.864299005520756,7069.18,6802.5,7073.54,6802.5,0.004545567596116129,0.0024585879762784035,-0.01869065381559165,-0.02318309466430324
2026-09-11 10:00:00+09:00,6867.77,6867.77,6854.32,6861.85,5978.0,6870.107198145051,6903.36046644822,6942.533168776421,6984.53968594436,6981.4975943085155,34.25530797355427,-40.16195028938,-21.422453362593778,-18.739496926786224,6977.1320000000005,7153.74960360756,6800.514396392441,0.05062756548322704,0.17363955334782394,32.40613479084075,7069.18,6802.5,7073.54,6802.5,-0.0006480928593274315,0.0027077500394545595,-0.019671292684947828,-0.02624733744772456
2026-09-11 10:10:00+09:00,6861.54,6870.41,6852.88,6856.68,6078.0,6865.631465430035,6894.87310891218,6934.356676512,6980.347565093724,6979.434493576145,33.67340508394757,-41.783964820440815,-25.494755654163185,-16.28920916627763,6969.349,7152.6664671330445,6786.031532866956,0.05260676919265899,0.1926943139623752,31.34355373435211,7069.18,6802.5,7073.54,6802.5,-0.0007534411273927288,-0.0051854065770803315,-0.02219801093500884,-0.022805592372482697
2026-09-11 10:20:00+09:00,6854.46,6855.18,6840.66,6843.71,5736.0,6858.324310286691,6885.570725473602,6925.723659701334,6975.867644926717,6977.191113517035,32.195807813858195,-43.613247261353536,-29.118453975601255,-14.49479328575228,6959.919,7148.63521105796,6771.20278894204,0.05422942739935916,0.1921064720711548,30.24901418189842,7069.18,6802.5,7073.54,6802.5,-0.0018915860153894126,-0.0022553716333439944,-0.02681906798761724,-0.029456478269625164
2026-09-11 10:30:00+09:00,6840.19,6868.25,6840.19,6859.69,5034.0,6858.779540191128,6880.865139023856,6919.434739729779,6972.058541814365,6975.248946351465,35.92633406234229,-43.27467085737953,-31.949697351956914,-11.32497350542262,6951.2970000000005,7141.777281299852,6760.816718700149,0.054804241942144435,0.2595367893861034,30.092656026048562,7069.18,6802.5,7073.54,6802.5,0.0023349908163845523,0.0035785189379142768,-0.024521730969137456,-0.029034043378378338
2026-09-11 10:40:00+09:00,6860.37,6861.57,6844.06,6857.39,5309.0,6858.316360127419,6876.596931928609,6913.525716898371,6968.298917492582,6973.30086459359,35.62254353745905,-42.69972158523615,-34.09970219861276,-8.600019386623387,6941.831,7131.217625071751,6752.444374928249,0.05456388237390136,0.2770671504178068,29.193894881330756,7069.18,6802.5,7073.54,6802.5,-0.00033529211961458305,-0.0012976421071028144,-0.026866438380463986,-0.029317007573076648
2026-09-11 10:50:00+09:00,6856.21,6862.46,6846.73,6861.31,6295.0,6859.3142400849465,6873.81748975977,6908.552791479478,6964.79108413217,6971.4497759226215,36.60643994824296,-41.44994968728679,-35.569751696347566,-5.880197990939223,6933.067,7120.312655875018,6745.821344124982,0.05401524487647911,0.3083880780446634,28.23218810409288,7069.18,6802.5,7073.54,6802.5,0.0005716460635898368,-7.869597848975118e-05,-0.024909792953689225,-0.02880061374876486
2026-09-11 11:00:00+09:00,6859.54,6869.65,6851.62,6869.65,5445.0,6862.7594933899645,6873.059764348902,6904.847763719528,6961.671704324558,6969.767134998281,38.75119571473207,-39.333120426074856,-36.322425442293024,-3.010694983781832,6924.566499999999,7107.059873279863,6742.073126720135,0.05270896691651777,0.34953837223507866,27.503460382371944,7069.18,6802.5,7073.54,6802.5,0.0012155113236391735,0.0018915860153891906,-0.024150314077668544,-0.02713813926087061
2026-09-11 11:10:00+09:00,6868.77,6883.54,6867.76,6880.73,5639.0,6868.749662259977,6874.454352649102,6902.5508338414775,6959.017877953261,6968.295446816492,41.57906666608508,-36.342520629672435,-36.32644447976891,-0.016076149903526016,6916.1455000000005,7090.215303179822,6742.0756968201795,0.05033722994399729,0.3982721317740121,26.666070355059645,7069.18,6802.5,7073.54,6802.5,0.0016128914864659283,0.005409346684766003,-0.023892242327089086,-0.02134047906559322
2026-09-11 11:20:00+09:00,6880.65,6880.65,6860.73,6862.15,6175.0,6866.549774839986,6872.2171976219915,6898.703135380385,6955.841881954793,6966.540976621178,38.379086829268054,-35.067463574032445,-36.07464829862162,1.0071847245891732,6906.522999999999,7069.8603792004105,6743.185620799588,0.04729945276383249,0.36416765036509213,26.189922472555384,7069.18,6802.5,7072.79,6802.5,-0.002700294881502363,0.00035861678880522163,-0.027280072576758574,-0.024636556425432277
2026-09-11 11:30:00+09:00,6862.39,6867.57,6846.46,6861.3,5417.0,6864.799849893325,6870.2322525998115,6895.140932010824,6952.742148120209,6964.8014563464485,38.234115722288436,-33.73666430167668,-35.60705149923263,1.8703871975559494,6896.851,7046.250723011981,6747.451276988018,0.04332403962677495,0.38102052907705714,25.827070867372836,7063.26,6802.5,7072.79,6802.5,-0.00012386788397211745,0.0005701877828152568,-0.027419862390392735,-0.024869640108636792
2026-09-11 11:40:00+09:00,6863.3,6868.61,6853.76,6865.68,4613.0,6865.093233262218,6869.404570308936,6892.335128962175,6949.88765146053,6963.163085167168,39.502251908612536,-31.960150178872027,-34.87767123516051,2.9175210562884857,6888.012999999999,7022.038859907908,6753.98714009209,0.038915681462247206,0.41668398913708127,25.042994376846167,7058.72,6802.5,7072.79,6802.5,0.0006383629924358036,0.0006369046144250046,-0.025099255371717644,-0.026492657943543607
2026-09-11 11:50:00+09:00,6866.18,6867.84,6855.66,6859.15,3640.0,6863.112155508145,6867.540102980038,6889.174640489587,6946.91264649461,6961.443860618951,38.24165098885436,-30.72498782990624,-34.04713455410966,3.322146724203421,6878.5545,6990.946785941039,6766.162214058962,0.03267904206938786,0.41367512530984457,24.12420906421432,7058.72,6802.5,7072.79,6802.5,-0.0009511075377822698,-0.0015284621487265948,-0.026839019794787977,-0.027946459571875026
2026-09-11 12:00:00+09:00,6858.47,6859.85,6850.62,6851.67,5080.0,6859.298103672098,6864.654629710939,6885.602769966769,6943.789936773475,6959.629416641778,36.79322367470383,-30.00382088607421,-33.238471820502575,3.234650934428366,6868.539500000001,6948.294080928306,6788.784919071695,0.023223155644167316,0.39424118462132396,23.060336988199044,7058.72,6802.5,7072.79,6802.5,-0.0010905141307595567,-0.00422338908807629,-0.028403410678150998,-0.028676131812672256
2026-09-11 12:10:00+09:00,6852.66,6852.82,6839.38,6848.58,4875.0,6855.725402448065,6861.731969763495,6882.076791874697,6940.668299502213,6957.79388909398,36.18352878294755,-29.343375891492542,-32.45945263470057,3.1160767432080263,6859.272500000001,6884.3088414868735,6834.236158513128,0.007299999084996991,0.2864604138426636,22.373170060470514,7051.61,6802.5,7072.79,6802.5,-0.0004509849423571799,-0.001977514335885888,-0.02634946089804835,-0.029590175432630428
2026-09-11 12:20:00+09:00,6847.6,6850.75,6836.23,6842.96,4252.0,6851.470268298711,6858.31888435195,6878.3513831247255,6937.4647486988615,6955.89580828251,35.04604237223796,-28.939854874181947,-31.75553308259685,2.8156782084149015,6858.947499999999,6884.6449394648025,6833.250060535196,0.007493114494549845,0.188928151345648,21.81222934186551,6896.32,6802.5,7072.79,6802.5,-0.0008206080676578242,-0.002672962849605831,-0.0009489799195848692,-0.029593115927642355
2026-09-11 12:30:00+09:00,6843.4,6851.39,6834.12,6851.39,3813.0,6851.443512199141,6857.05908719705,6875.783632350942,6934.6426257907015,6954.168439550568,38.18513523757679,-27.62142838057207,-30.928712142191895,3.307283761619825,6859.351,6884.2966720905115,6834.405327909488,0.007273478814690147,0.34043324286645854,21.48778438887515,6896.32,6827.65,7072.79,6802.5,0.0012319230274617787,-0.0020813670313792887,0.0011792521758444696,-0.027452912010152097
2026-09-11 12:40:00+09:00,6851.67,6873.92,6849.81,6854.15,3676.0,6852.345674799428,6856.530162252132,6873.723286412756,6932.00352330576,6952.515242202625,39.22080121082488,-26.053528097764683,-29.953675333306453,3.9001472355417697,6857.4375,6877.295469560024,6837.579530439976,0.005791658927995705,0.41722466916712236,21.675085503955472,6896.32,6827.65,7069.18,6802.5,0.00040283796426709984,-0.0007289532959623424,-0.005552476488664415,-0.023134140101789158
2026-09-11 12:50:00+09:00,6856.46,6865.99,6847.92,6861.51,3364.0,6855.400449866286,6857.435587297198,6872.560116278209,6929.692260246554,6951.011023323243,42.01094283226299,-23.941087385051105,-28.751157743655384,4.810070358604278,6857.553999999999,6877.478719723169,6837.629280276829,0.005811028166360718,0.599273667458437,21.417579396530062,6892.06,6827.65,7069.18,6802.5,0.00107380200316598,0.0014361462242051815,0.00033969075020623407,-0.02303478853927432
2026-09-11 13:00:00+09:00,6862.51,6863.57,6851.28,6859.57,5091.0,6856.790299910857,6857.823662334071,6871.322962346951,6927.393169746666,6949.499601450131,41.47053760498725,-22.167966172695742,-27.434519429463457,5.266553256767715,6858.771000000001,6875.865173160676,6841.676826839325,0.004984616970205123,0.5233705366293219,20.765609439635057,6883.54,6827.65,7069.18,6802.5,-0.0002827365987954078,0.0016047122177151874,0.003560962835193582,-0.018049833516088687
2026-09-11 13:10:00+09:00,6856.88,6862.75,6853.07,6862.02,5674.0,6858.533533273906,6858.586632818785,6870.436965932956,6925.249787132021,6948.0536576245095,42.47688641193669,-20.33070065107586,-26.013755673785937,5.683055022710079,6858.556999999999,6875.373706099801,6841.740293900197,0.004903861293214333,0.6029630885932623,19.973780193946858,6883.54,6834.12,7069.18,6802.5,0.0003571652450518048,0.002785344353905428,-0.0006233342557125932,-0.016207722646510936
2026-09-11 13:20:00+09:00,6862.19,6882.84,6860.07,6880.34,5802.0,6865.802355515938,6862.541790488096,6871.380112034579,6923.7773350949055,6946.934423614188,49.47278394019499,-17.198134209338605,-24.250631380896472,7.052497171557867,6859.4815,6878.771752747109,6840.191247252891,0.005624405502692515,1.0406486963507147,20.17351018009354,6883.54,6834.12,7069.18,6802.5,0.0026697677943228193,0.004225419951279896,0.0026946085968069244,-0.009947521177874008
2026-09-11 13:30:00+09:00,6880.29,6907.87,6878.41,6905.78,5890.0,6879.1282370106255,6870.403283126623,6874.65629184081,6923.187258534416,6946.254185207342,57.24832335087063,-12.518452419267305,-21.90419558857064,9.385743169303336,6861.936500000001,6889.777949154955,6834.095050845046,0.008114749868336647,1.2873781956532346,20.836830881515432,6883.54,6834.12,7069.18,6802.5,0.003697491693724464,0.00753266269340469,0.0071609000274184265,-0.002719286717952296
2026-09-11 13:40:00+09:00,6908.07,6917.52,6903.25,6907.98,5111.0,6888.745491340417,6877.235413467237,6877.829978332162,6922.688659893944,6945.62155404689,57.85236738557554,-8.533876060444527,-19.23013168294542,10.696255622500892,6865.15,6898.186338780935,6832.113661219064,0.009624360365304676,1.1482255840153188,20.367771532835793,6907.87,6834.12,7069.18,6802.5,0.00031857371650989563,0.00677256172475138,0.009391105116961285,-0.0018567137178633342
2026-09-11 13:50:00+09:00,6912.3,6912.3,6883.2,6883.66,5606.0,6887.050327560279,6878.403520109558,6878.385218491003,6921.409031700699,6944.59739612876,49.52240978711139,-7.254861807116868,-16.83507770777971,9.580215900662843,6866.3485,6900.23383268317,6832.463167316831,0.009869971698398212,0.7554423791831065,20.991502137633262,6917.52,6834.12,7069.18,6802.5,-0.003520566069965425,0.0035118819401216417,0.0034943270031153606,-0.0021439598750443434
2026-09-11 14:00:00+09:00,6881.71,6883.06,6862.64,6882.82,5470.0,6885.640218373519,6879.206516453274,6878.807578634716,6920.143817546578,6943.576282143161,49.258592015232765,-6.237117172093349,-14.715485600642438,8.47836842854909,6867.62,6901.970546430142,6833.269453569857,0.010003624670596935,0.7212482999493406,20.993537699230853,6917.52,6834.12,7069.18,6802.5,-0.00012202810714068146,0.003031177408401531,0.0037084080094611505,-0.0047702293729875445
2026-09-11 14:10:00+09:00,6881.72,6897.27,6881.72,6888.97,4260.0,6886.750145582346,6880.981695279951,6879.775428288553,6919.121725168002,6942.673698967241,51.303982523574845,-4.87806234781965,-12.748000950077882,7.869938602258232,6869.003,6904.436184503367,6833.569815496632,0.010316834773071888,0.7817556519384096,20.604713577857233,6917.52,6834.12,7069.18,6802.5,0.0008935291058025374,0.0012542984794357004,0.004031300145307615,-0.007322988159583987
2026-09-11 14:20:00+09:00,6888.07,6891.08,6873.52,6873.52,4534.0,6882.340097054897,6879.625023410869,6879.179673213452,6917.6265866379035,6941.530662620675,46.25912204658632,-4.990163982957711,-11.196433556653847,6.206269573696137,6869.1965,6904.68393060648,6833.70906939352,0.010332338172733973,0.5609159345451585,20.38723403658168,6917.52,6834.12,7069.18,6802.5,-0.0022427155293170964,-0.004671449133913819,0.0005633474776736147,-0.011082576199005767
2026-09-11 14:30:00+09:00,6875.29,6891.83,6875.29,6888.35,5045.0,6884.343398036599,6881.211382790711,6880.053037669313,6916.666698551415,6940.651643403805,51.21770579258989,-3.8381049907384295,-9.724767843470765,5.886662852732336,6869.577499999999,6905.709813447243,6833.445186552756,0.01051951548613963,0.7597743987166874,20.23886017682581,6917.52,6834.12,7069.18,6802.5,0.0021575553719199725,-0.0028416411165057553,0.0011074406349327326,-0.007376569628534391
2026-09-11 14:40:00+09:00,6889.24,6897.35,6887.19,6888.85,5669.0,6885.845598691067,6882.6002222833085,6880.890843605569,6915.754675648089,6939.795417892999,51.380588929971715,-2.8518695411003137,-8.350188182996675,5.498318641896361,6870.9125,6907.8132787865,6834.011721213501,0.010741158117353222,0.7430504258972804,19.51894159276688,6917.52,6834.12,7069.18,6802.5,7.258632328488446e-05,0.0007539593762622143,0.0038909088259511115,-0.009972349329715469
2026-09-11 14:50:00+09:00,6891.52,6948.83,6889.76,6919.23,7686.0,6896.973732460711,6889.260181868161,6884.54219183361,6915.868620708807,6939.455493630305,60.098387004355594,0.3767977717634494,-6.60479099204465,6.9815887638081,6873.808999999999,6915.958077760383,6831.659922239615,0.012263674408289202,1.0388136871963967,22.4090171932835,6917.52,6834.12,7069.18,6802.5,0.004410024895301623,0.0052899828849222175,0.008443006427353295,-0.0048654836863195605
2026-09-11 15:00:00+09:00,6918.53,6927.15,6906.84,6912.25,6102.0,6902.0658216404745,6893.440148801223,6887.181030706599,6915.749977406878,6939.005816049639,57.5453355097662,2.345277315781459,-4.814777330479429,7.160054646260888,6876.1375,6921.2726645067505,6831.002335493249,0.013128057577891861,0.900048392363774,22.259087393763213,6948.83,6834.12,7069.18,6802.5,-0.001008782769180927,0.003379315050000109,0.00678301348154875,-0.009141315535219241
2026-09-11 15:10:00+09:00,6913.78,6913.78,6903.33,6911.5,7325.0,6905.210547760316,6896.723758110091,6889.497123020256,6915.6106338853415,6938.551174462043,57.26384240028915,3.8009775019418157,-3.0916263639951804,6.892603865936996,6878.755,6925.6822213118585,6831.827778688142,0.013644103129667615,0.8488913160060185,21.415581151351542,6948.83,6834.12,7069.18,6802.5,-0.00010850302000076084,0.005525553137257111,0.007632141008725668,-0.009500142595291639
2026-09-11 15:20:00+09:00,6910.9,6910.9,6908.01,6909.91,9592.0,6906.777031840212,6899.121256635529,6891.441206542137,6915.423727856313,6938.077766619695,56.63137910848675,4.7713297560339925,-1.519035139989346,6.2903648960233385,6881.6669999999995,6928.7377179045825,6834.596282095416,0.013680033603655346,0.8000060468299179,20.13518249768356,6948.83,6834.12,7069.18,6802.5,-0.00023005136366927026,0.0031299222600476018,0.008500117489604664,-0.008945423878559122
