timestamp,open,high,low,close,volume,sma5,sma10,sma20,sma60,sma120,rsi14,macd,macd_signal,macd_hist,bb_mid,bb_upper,bb_lower,bb_width,bb_percent_b,atr14,prev20_high,prev20_low,prev60_high,prev60_low,return_1,return_5,return_20,return_60
2019-05-17,2094.88,2095.58,2053.79,2055.8,1282544.0,,,,,,,,,,,,,,,,,,,,,,,
2019-05-24,2066.53,2077.1,2035.98,2045.31,2666942.0,,,,,,,,,,,,,,,,,,,,-0.005102636443233943,,,
2019-05-31,2044.25,2058.42,2016.25,2041.74,2128018.0,,,,,,,,,,,,,,,,,,,,-0.0017454566789386616,,,
2019-06-07,2031.03,2086.49,2029.17,2072.33,1571684.0,,,,,,,,,,,,,,,,,,,,0.01498231900241942,,,
2019-06-14,2087.37,2118.89,2075.51,2095.41,2728650.0,2062.118,,,,,,,,,,,,,,,,,,,0.01113722235358261,,,
2019-06-21,2091.71,2132.68,2087.25,2125.62,3724679.0,2076.082,,,,,,,,,,,,,,,,,,,0.014417226223030433,0.03396244770892087,,
2019-06-28,2130.32,2141.27,2115.11,2130.62,3231663.0,2093.144,,,,,,,,,,,,,,,,,,,0.002352254871519799,0.04171005862192034,,
2019-07-05,2147.24,2147.24,2088.97,2110.59,2302153.0,2106.9139999999998,,,,,,,,,,,,,,,,,,,-0.009401019421576673,0.03372123776778646,,
2019-07-12,2091.91,2092.54,2052.03,2086.66,2092359.0,2109.7799999999997,,,,,,,,,,,,,,,,,,,-0.01133806186895625,0.006914921851249423,,
2019-07-19,2083.39,2096.73,2061.33,2094.36,2749495.0,2109.57,2085.844,,,,,,,,,,,,,,,,,,0.0036901076361268714,-0.0005010952510485778,,
2019-07-26,2090.35,2106.39,2054.64,2066.26,3019852.0,2097.698,2086.8900000000003,,,,,,,,,,,,,,,,,,-0.013416986573463907,-0.02792596983468343,,
2019-08-02,2059.13,2063.13,1987.12,1998.13,2645366.0,2071.2,2082.172,,,,,,,,,,,,,,,,,,-0.03297261719241529,-0.06218377749199755,,
2019-08-09,1985.93,1987.64,1891.81,1937.75,3571477.0,2036.632,2071.773,,,,,,,,,,,,,,,,,,-0.030218254067553185,-0.08189179329002794,,
2019-08-16,1941.53,1952.22,1911.72,1927.17,2208447.0,2004.734,2057.257,,,,,,,,,,,,,50.26513873886836,,,,,-0.005459940652818962,-0.07643315154361507,,
2019-08-23,1936.64,1971.12,1931.44,1948.3,2152843.0,1975.5220000000002,2042.5459999999998,,,,23.769575690123077,,,,,,,,,49.81405740037775,,,,,0.010964263661223494,-0.06973968181210499,,
2019-08-30,1915.34,1971.21,1909.92,1967.79,1639075.0,1955.828,2026.7630000000001,,,,28.89225915152082,,,,,,,,,50.63376758606505,,,,,0.010003592875840406,-0.04765615169436577,,
2019-09-06,1961.19,2017.2,1958.59,2009.13,1825460.0,1958.0280000000002,2014.6140000000003,,,,38.35487553728017,,,,,,,,,51.2034984727747,,,,,0.02100833930449908,0.005505147312737435,,
2019-09-13,2013.38,2050.8,2013.28,2049.2,1445286.0,1980.318,2008.475,,,,45.87349176694018,,,,,,,,,50.52253429614794,,,,,0.01994395584158304,0.05751515933427931,,
2019-09-20,2056.26,2092.37,2044.8,2091.52,2697614.0,2013.188,2008.9609999999998,,,,52.46738474368377,,,,,,,,,50.311638989280226,,,,,0.020651961741167346,0.08528048900719698,,
2019-09-27,2087.7,2101.63,2044.75,2049.93,2324790.0,2033.514,2004.518,2045.181,,,46.47525010399172,,,,2045.181,2165.6462894239667,1924.7157105760334,0.1178040373189137,0.5197110720553126,50.78080763290308,,,,,-0.019885059669522698,0.05216342452394396,,
2019-10-04,2045.77,2077.48,2020.69,2020.69,1534361.0,2044.0939999999998,1999.961,2043.4254999999998,,,42.776378226391536,,,,2043.4254999999998,2164.2434126578505,1922.6075873421491,0.11825037189547717,0.40591006126556173,51.21003565912429,2147.24,1891.81,,,-0.014263901694204106,0.02688294990827278,-0.01707850958264434,
2019-10-11,2031.53,2053.94,2010.9,2044.61,1586694.0,2051.1899999999996,2004.6089999999997,2043.3905,,,46.525768069416394,,,,2043.3905,2164.2066142356434,1922.5743857643565,0.11825063710107633,0.5050469260980426,50.626461683472556,2147.24,1891.81,,,0.011837540642057887,0.017659384907895426,-0.00034224640763502734,
2019-10-18,2068.13,2090.01,2057.89,2060.69,2331157.0,2053.4880000000003,2016.9029999999998,2044.3380000000002,,,48.94742416762437,,,,2044.3380000000002,2165.384487532683,1923.291512467317,0.11842120777746443,0.5675442977871823,50.253142991795976,2147.24,1891.81,,,0.007864580531250498,0.005607066172164776,0.009281299283944167,
2019-10-25,2067.97,2093.81,2059.33,2087.89,2256027.0,2052.7619999999997,2032.975,2045.116,,,52.83811408585035,,,,2045.116,2167.068761083954,1923.1632389160459,0.11926243898532318,0.6753711831524406,49.12648992095341,2147.24,1891.81,,,0.013199462316020316,-0.0017355798653611032,0.007508456664720331,
2019-11-01,2096.67,2105.17,2075.54,2100.2,1922082.0,2062.816,2048.165,2045.3555000000001,,,54.52713531194919,,,,2045.3555000000001,2167.7205220406145,1922.9904779593858,0.11965159312463221,0.7241020313051395,47.73388349802818,2147.24,1891.81,,,0.005895904477726255,0.024522788583024813,0.0022859488119268967,
2019-11-08,2111.32,2156.23,2111.32,2137.23,2286772.0,2086.124,2065.109,2045.9360000000001,,,59.25435205292956,11.055959483102015,,,2045.9360000000001,2169.9180852220193,1921.953914777981,0.12119840036249337,0.8681741593413131,48.326463248169034,2147.24,1891.81,,,0.017631654128178464,0.05767336899771869,0.005461935811669205,
2019-11-15,2139.07,2165.02,2118.67,2162.18,2969413.0,2109.638,2080.4139999999998,2047.514,,,62.11229173307328,17.918993429683724,,,2047.514,2176.4707937566686,1918.5572062433312,0.1259642608125451,0.9445907681931268,48.18528730187124,2156.23,1891.81,,,0.01167398922904872,0.057502408772333036,0.014812589762604356,
2019-11-22,2161.89,2165.89,2088.19,2101.96,2996580.0,2117.892,2085.69,2047.0825,,,52.53438941602735,18.287934630797736,,,2047.0825,2175.2474987906216,1918.9175012093785,0.12521722870536145,0.7140892619585293,50.29348106602329,2165.02,1891.81,,,-0.02785152022495807,0.020027272418461806,-0.004088904050526199,
2019-11-29,2117.14,2139.64,2085.1,2087.96,2066559.0,2117.906,2085.334,2047.1474999999998,,,50.581591479563336,17.25177249912622,,,2047.1474999999998,2175.3940138512544,1918.9009861487452,0.12529289057212983,0.6591173856286503,50.596803847021626,2165.89,1891.81,,,-0.006660450246436689,3.352667046652158e-05,0.0006230051853202134,
2019-12-06,2097.55,2103.87,2053.56,2081.85,2094760.0,2114.236,2088.5260000000003,2046.5219999999997,,,49.71306705874163,15.755955757798347,,,2046.5219999999997,2173.960816629785,1919.0831833702146,0.12454184868746603,0.6386076900832713,50.576317857948645,2165.89,1891.81,,,-0.0029263012701393754,-0.00873726311779821,-0.0059731851257665,
2019-12-13,2091.94,2170.25,2080.16,2170.25,2686584.0,2120.84,2103.482,2051.7215,,,60.32707684618795,21.4563163649309,,,2051.7215,2189.9832758131292,1913.4597241868707,0.13477635811013264,0.9286379923262371,53.398723725238035,2165.89,1891.81,,,0.042462233109974434,0.015449904783294333,0.05032764511726495,
2019-12-20,2168.05,2206.82,2166.29,2204.18,2857518.0,2129.24,2119.439,2062.024,,,63.51059543484934,28.38456109855406,,,2062.024,2212.908265899397,1911.1397341006025,0.1463457902520992,0.9710762886793748,52.47952917343534,2170.25,1891.81,,,0.015634143531850997,0.01942483974507203,0.10312141852632206,
2019-12-27,2208.22,2215.55,2177.4,2204.21,2133477.0,2149.69,2133.791,2075.3469999999998,,,63.51338328137748,33.49159544998474,,,2075.3469999999998,2227.039513605649,1923.6544863943507,0.1461852052747316,0.924750691174522,51.45599137533282,2206.82,1891.81,,,1.3610503679428732e-05,0.04864507412129626,0.13750999870984382,
2020-01-03,2202.62,2208.04,2165.39,2176.46,1542642.0,2167.39,2142.648,2087.8115,,,59.02140118047856,34.897487372615615,24.155117149790748,10.742370222824867,2087.8115,2229.383554908446,1946.2394450915538,0.13561765983992918,0.8130861526920995,50.82699199138049,2215.55,1909.92,,,-0.012589544553377352,0.04238586946110079,0.1293554797968004,
2020-01-10,2154.97,2206.92,2137.72,2206.39,3261874.0,2192.298,2153.267,2100.7159999999994,,,62.1321955741674,37.988855831968976,26.921864886226395,11.066990945742582,2100.7159999999994,2235.9787910994,1965.4532089005988,0.12877779871186837,0.8906247946722604,52.139349706281905,2215.55,1909.92,,,0.013751688521727923,0.05982179311669911,0.13246933223836166,
2020-01-17,2204.49,2268.71,2204.49,2250.57,3459490.0,2208.362,2164.6009999999997,2114.855,,,66.20982975478017,43.50227720802104,30.237947350585326,13.264329857435715,2114.855,2250.6996073276378,1979.0103926723623,0.12846706495493804,0.9995229574063069,53.002253298690356,2215.55,1909.92,,,0.02002365855537791,0.03700956111047127,0.1437043586968123,
2020-01-24,2261.4,2277.23,2235.13,2246.13,2433927.0,2216.752,2172.996,2126.705,,,65.44710035404637,46.971968859252684,33.5847516523188,13.387217206933883,2126.705,2264.9190996425477,1988.4909003574521,0.12997956899762572,0.9320290053940213,52.22352092021247,2268.71,1958.59,,,-0.001972833548834374,0.01903202097832324,0.11796150572635922,
2020-01-31,2192.22,2199.93,2119.01,2119.01,2814523.0,2199.712,2174.701,2130.1955000000003,,,48.293587220740875,39.014468371080966,34.670694996071234,4.343773375009732,2130.1955000000003,2263.8549200907673,1996.5360799092334,0.12549028489710634,0.4581567090729401,57.573269425911576,2277.23,2010.9,,,-0.05659512138656264,-0.03865330435847758,0.034066952957251706,
2020-02-07,2086.61,2229.99,2082.74,2211.95,3531293.0,2206.8100000000004,2187.1,2136.2169999999996,,,57.13866794609748,39.74936720945243,35.686429438747474,4.062937770704956,2136.2169999999996,2273.174685158592,1999.2593148414073,0.12822450636671504,0.7764832068835852,63.97875018120361,2277.23,2010.9,,,0.04386010448275357,0.016306295544140426,0.05758013310893495,
2020-02-14,2185.63,2255.49,2180.51,2243.59,3004129.0,2214.25,2203.2740000000003,2145.9,,,59.6681084727089,42.396147014906546,37.02837295397929,5.367774060927253,2145.9,2284.4607033758134,2007.3392966241868,0.12913994442966897,0.8525169749428845,64.76455373968903,2277.23,2010.9,,,0.014304120798390718,0.016860119924401618,0.09447151853965763,
2020-02-21,2243.07,2250.05,2160.28,2162.84,2864863.0,2196.704,2202.533,2153.0075,,,51.3406758169769,37.54509248054819,37.13171685929307,0.4133756212551205,2153.0075,2279.177568538462,2026.8374314615382,0.11720355692069052,0.5389652637661949,66.55065704399696,2277.23,2010.9,,,-0.03599142445812287,-0.03898123586469204,0.070347257619922,
2020-02-28,2114.04,2120.06,1980.82,1987.01,4559471.0,2144.88,2180.8160000000003,2150.1275,,,38.68145909842329,19.290219640460236,33.5634174155265,-14.273197775066265,2150.1275,2288.137423538129,2012.1175764618713,0.12837371136188797,-0.09096293881698542,74.79846725514005,2277.23,2010.9,,,-0.08129588873888038,-0.11536286857839939,-0.02817163175373294,
2020-03-06,1997.03,2089.08,1969.34,2040.22,3290875.0,2129.1220000000003,2164.417,2149.1040000000003,,,43.24239803571304,9.01280964164016,28.653295860749235,-19.640486219109075,2149.1040000000003,2290.0247834778115,2008.183216522189,0.1311437543067355,0.11366947687618903,78.00857673691576,2277.23,1980.82,,,0.026778929144795516,-0.03718245784588092,-0.009933565941505074,
2020-03-13,1981.02,1989.5,1680.6,1771.44,3870769.0,2041.02,2123.915,2133.2815,,,30.785762976034164,-20.58314189181283,18.806008310236823,-39.38915020204965,2133.2815,2349.230220327304,1917.3327796726962,0.202456844375488,-0.33779496227524064,98.12367839856464,2277.23,1969.34,,,-0.13174069463097116,-0.19915007120414108,-0.15156449812969064,
2020-03-20,1805.43,1805.43,1439.43,1566.15,3854484.0,1905.532,2059.891,2106.579,,,24.888557875242284,-59.91269774404168,3.0622670993811223,-62.9749648434228,2106.579,2435.0459029232625,1778.1120970767377,0.31184864457802186,-0.3226536603693324,117.25770137009573,2277.23,1680.6,,,-0.11588876845955831,-0.30194465120632563,-0.25428530616131784,
2020-03-27,1474.45,1759.05,1458.41,1717.73,4269623.0,1816.5099999999998,2006.607,2085.6040000000003,,,34.81716543396922,-77.95183469101289,-13.14055325869768,-64.81128143231521,2085.6040000000003,2454.6345082455923,1716.5734917544082,0.3538835831208532,0.0015669547906620924,130.35643698651745,2277.23,1439.43,,,0.09678510998307943,-0.20579885705831225,-0.1962821034703799,
2020-04-03,1670.34,1762.44,1659.95,1725.44,4815253.0,1764.196,1954.538,2063.767,,,35.28574072950889,-90.58167891224616,-28.62877838940738,-61.95290052283878,2063.767,2462.5738985912853,1664.9601014087143,0.38648442250630577,0.07582604363781098,128.3659772017662,2277.23,1439.43,,,0.004488481891799179,-0.13164000181176738,-0.2019905835776854,
2020-04-10,1745.25,1861.1,1742.67,1860.7,4991737.0,1728.2920000000001,1928.7070000000003,2051.704,,,43.02391392999646,-88.65461465352882,-40.63394564223167,-48.02066901129715,2051.704,2459.650539066089,1643.7574609339115,0.39766607567766965,0.26589579551616577,128.8869788302115,2277.23,1439.43,,,0.07839159866468837,-0.08799051082726372,-0.11477858760395054,
2020-04-17,1853.3,1926.02,1825.76,1914.53,4450314.0,1756.9099999999999,1898.9650000000001,2043.0325,,,45.80148712296299,-81.84036642059073,-48.875229797903486,-32.96513662268724,2043.0325,2454.8820366453624,1631.1829633546374,0.4031747283955223,0.3439933901022553,126.84219462805353,2277.23,1439.43,,,0.028929972590960418,0.08077609176714984,-0.08306193605241485,
2020-04-24,1908.34,1925.25,1841.66,1889.01,4699751.0,1821.482,1863.507,2033.3905000000002,,,44.689201139255786,-77.60469767489167,-54.621123373301124,-22.983574301590544,2033.3905000000002,2450.1534957409845,1616.6275042590157,0.40991929070287714,0.32678344589675173,123.75275215462113,2277.23,1439.43,,,-0.013329642262069563,0.20614883631836034,-0.09262915195619281,
2020-05-01,1897.06,1957.51,1894.62,1947.56,3893319.0,1867.4479999999999,1841.979,2022.256,,,47.82011361507746,-68.73111449606881,-57.44312159785466,-11.28799289821415,2022.256,2435.6840549938524,1608.8279450061477,0.40887805994280874,0.40966263767330585,119.80612700071963,2277.23,1439.43,,,0.030995071492474935,0.13379867615981555,-0.1026102983527244,
2020-05-08,1906.42,1956.89,1894.29,1945.82,3789810.0,1911.524,1837.86,2009.3380000000002,,,47.73363821787677,-61.13441981754863,-58.18138124179346,-2.9530385757551727,2009.3380000000002,2415.299182656667,1603.3768173433332,0.4040745585428305,0.4217683824050251,115.7199750720968,2277.23,1439.43,,,-0.0008934256197498103,0.1277239428783381,-0.11721365768675873,
2020-05-15,1953.51,1960.46,1897.24,1927.28,3636998.0,1924.8400000000001,1826.566,1995.4915,,,46.76327999176194,-55.964879316513816,-57.73808085673753,1.7732015402237167,1995.4915,2392.7184670742404,1598.2645329257598,0.3981244390910613,0.4141403962293783,111.96997685266132,2277.23,1439.43,,,-0.009528116680885157,0.0357822324931476,-0.1256368494834884,
2020-05-22,1934.51,2004.95,1921.14,1970.13,3683221.0,1935.9599999999998,1846.435,1985.1750000000004,,,49.327221159999496,-47.85865950155471,-55.76219658570097,7.903537084146258,1985.1750000000004,2373.687888100253,1596.6621118997475,0.39141424620021176,0.4806377079618039,109.95854993461407,2277.23,1439.43,,,0.022233406666390065,0.029041070132095115,-0.09480073146301793,
2020-05-29,1980.51,2054.52,1967.84,2029.6,5096457.0,1964.078,1892.78,1976.3355,,,52.72985703806154,-36.21818916787947,-51.85339510213667,15.6352059342572,1976.3355,2352.1509042332477,1600.520095766752,0.380315391018628,0.5708652431486572,108.29579636785593,2277.23,1439.43,,,0.03018582530086844,0.0744252280294968,-0.08012636025362696,
2020-06-05,2037.04,2191.0,2035.63,2181.87,5397579.0,2010.94,1939.1940000000002,1972.9004999999997,,,60.114892934025235,-14.538525069782054,-44.39042109566575,29.851896025883697,1972.9004999999997,2339.776494171054,1606.0245058289454,0.3719153542421975,0.7847958210950281,112.08895377015195,2277.23,1439.43,,,0.07502463539613724,0.12030951549631341,-0.03052560018128747,
2020-06-12,2215.6,2217.21,2084.63,2132.3,3894691.0,2048.236,1979.8799999999999,1967.209,,,56.993283070001304,-1.3416540519590399,-35.78066768692441,34.43901363496537,1967.209,2320.223433976855,1614.194566023145,0.3588987585730394,0.7338303821463913,113.5525999294268,2277.23,1439.43,,,-0.022719043756043944,0.09583620273201032,-0.05067827774883904,
2020-06-19,2114.41,2154.37,2030.82,2141.32,4820066.0,2091.044,2007.9419999999998,1968.3245,,,57.42650274850534,9.732608472568472,-26.678012455025833,36.41062092759431,1968.3245,2323.385667376833,1613.263332623167,0.3607750321421424,0.7436136585677317,114.26669993446774,2255.49,1439.43,,,0.004230173990526609,0.11105807147897573,0.010528501517217848,
2020-06-26,2126.38,2171.86,2110.51,2134.65,4399597.0,2123.9480000000003,2029.9540000000002,1964.4595000000002,,,56.9695005627916,17.766032291242936,-17.78920350577208,35.555235797015015,1964.4595000000002,2310.394229709232,1618.5247702907682,0.3521932925664611,0.7459864323871874,110.48693565343433,2255.49,1439.43,,,-0.0031149010890478834,0.08350717972925636,-0.03494654038291989,
2020-07-03,2105.54,2153.54,2087.84,2152.41,4329998.0,2148.5099999999998,2056.2940000000003,1959.9004999999997,2050.327166666667,,57.92953115255799,25.274315541871374,-9.17649969624339,34.450815238114764,1959.9004999999997,2293.1721762327684,1626.628823767231,0.3400904038064878,0.7888176729809238,107.28786882104616,2255.49,1439.43,,,0.008319865083268763,0.06050945999211654,-0.04064022392683164,
2020-07-10,2158.95,2206.79,2140.29,2150.25,3698501.0,2142.186,2076.563,1959.271,2051.9013333333332,,57.760744949580896,30.6965395639661,-1.2018918442014916,31.89843140816759,1959.271,2291.0512335824114,1627.4907664175887,0.3386772259502758,0.7878094905442315,104.37444961954287,2250.05,1439.43,2277.23,1439.43,-0.0010035262798443467,-0.014492155811299479,-0.005821050100793479,0.045943185134740716
2020-07-17,2170.51,2216.97,2163.07,2201.19,3645382.0,2155.964,2102.1,1969.98,2054.4993333333337,,60.671054002615165,38.658492406758796,6.770185005990567,31.88830740076823,1969.98,2318.075479373116,1621.884520626884,0.3534000135769054,0.8321071569449641,101.6848460752898,2217.21,1439.43,2277.23,1439.43,0.023690268573421713,0.03230783660835712,0.10779009667792305,0.07621338574592618
2020-07-24,2209.59,2238.86,2183.83,2200.44,4397086.0,2167.788,2129.416,1977.991,2057.144333333333,,60.60484497481148,44.39610796841407,14.295369598475268,30.100738369938803,1977.991,2339.307189889132,1616.6748101108678,0.3653365357973137,0.8078314869702591,98.35235706991197,2217.21,1439.43,2277.23,1439.43,-0.00034072478977276166,0.027609138288532176,0.07853074668418114,0.07772782038849213
2020-07-31,2203.48,2281.41,2203.48,2249.37,4147570.0,2190.732,2157.34,2001.8875,2060.095,,63.41023907121526,52.28870012676589,21.894035704133394,30.394664422632495,2001.8875,2368.5779245204662,1635.1970754795339,0.36634468672237197,0.8374542713020681,97.11076013634683,2238.86,1439.43,2277.23,1439.43,0.022236461798549323,0.05374183121354781,0.2697974529196585,0.08543040924949219
2020-08-07,2251.65,2362.24,2237.04,2351.67,3822407.0,2230.5840000000003,2189.547,2041.1635,2064.366,,68.46628794993399,66.03715608984203,30.722659781275123,35.3144963085669,2041.1635,2379.966652894125,1702.360347105875,0.33197061665479033,0.9582402751385142,99.11713441232203,2281.41,1439.43,2281.41,1439.43,0.045479400898918554,0.092575299315651,0.5015611531462503,0.12229587527023367
2020-08-14,2353.92,2458.17,2349.33,2407.49,4267130.0,2282.032,2212.109,2075.6515,2069.063833333333,,70.83449704095895,80.5090557066128,40.67993896634266,39.82911674027014,2075.6515,2416.161504215735,1735.1414957842649,0.32809939839682634,0.9872668877443006,99.8116248114419,2362.24,1458.41,2362.24,1439.43,0.023736323548797067,0.11963260086036498,0.40155321267020994,0.13260601612705925
2020-08-21,2405.84,2419.65,2270.85,2304.59,3317193.0,2302.7120000000004,2229.338,2104.609,2071.9633333333336,,61.643871369447226,82.72140947238358,49.088233067550846,33.63317640483274,2104.609,2418.529155702051,1790.6888442979487,0.29831684241780887,0.8185220769796746,103.3107944677675,2458.17,1659.95,2458.17,1439.43,-0.042741610557053056,0.04697459101667745,0.33565351446587544,0.08165228900507837
2020-08-28,2309.38,2379.26,2283.48,2353.8,4588566.0,2333.384,2250.5860000000002,2129.264,2076.0168333333336,,64.0463831347551,87.43762499288914,56.75811145261851,30.679513540270634,2129.264,2440.126186339864,1818.4018136601362,0.29199027113581394,0.8611503905375549,102.77288057721269,2458.17,1742.67,2458.17,1439.43,0.021353038935342017,0.06969515187871522,0.2650077927661634,0.11523318124315951
2020-09-04,2377.09,2401.78,2326.06,2368.25,6494920.0,2357.16,2273.946,2151.95,2080.71,,64.74470284723807,91.28893202470499,63.6642755670358,27.62465645766919,2151.95,2463.040668455356,1840.8593315446435,0.28912443918804454,0.8476478434309593,100.84053196455466,2458.17,1825.76,2458.17,1439.43,0.006139009261619366,0.0528503536545788,0.23698766799162208,0.13494771548790907
2020-09-11,2369.85,2407.56,2362.42,2396.69,5070443.0,2366.164,2298.374,2177.334,2085.748833333333,,66.13869964444842,95.53472605789784,70.03836566520822,25.496360392689624,2177.334,2481.2288156451514,1873.4391843548483,0.2791439582950081,0.8609077692462765,96.86192253851503,2458.17,1841.66,2458.17,1439.43,0.012008867307083282,0.019143842460889404,0.2687545327976031,0.14435436123684564
2020-09-18,2418.33,2450.53,2396.33,2412.4,4196244.0,2367.146,2324.589,2200.576,2091.5178333333333,,66.91687101879768,99.02570741087948,75.83583401434248,23.189873396536996,2200.576,2501.712652329139,1899.439347670861,0.2736889362868076,0.8517074364107607,93.81464235719255,2458.17,1894.29,2458.17,1439.43,0.0065548735965017535,0.0020394684920810313,0.23867814085317018,0.1675200603989817
2020-09-25,2412.44,2427.17,2267.63,2278.79,4240904.0,2361.986,2332.349,2217.2245,2096.1955,,55.28108691456664,89.97396109300598,78.66345943007519,11.31050166293079,2217.2245,2496.18319805224,1938.2658019477597,0.25162873498127075,0.6103487728288557,98.50931076025022,2458.17,1894.29,2458.17,1439.43,-0.0553846791576853,-0.011195049878720331,0.17112065864262882,0.14046133134480732
2020-10-02,2301.16,2339.83,2291.32,2327.89,1252195.0,2356.804,2345.094,2237.255,2102.697833333333,,58.16031237464031,85.77360188563489,80.08548792118714,5.688113964447751,2237.255,2485.949349473407,1988.5606505265932,0.22232096875269639,0.6822216712842755,95.83293142023234,2458.17,1897.24,2458.17,1439.43,0.02154652249658806,-0.011007732177755303,0.2078628948570005,0.20133660172880918
2020-10-09,2330.55,2409.01,2327.83,2391.96,3325092.0,2361.546,2359.353,2258.3465,2110.4443333333334,,61.6317864664761,86.61624237119122,81.39163881118796,5.22460356000326,2258.3465,2483.257700812679,2033.435299187321,0.19918218998960432,0.7970361180706206,94.78629346164433,2458.17,1921.14,2458.17,1439.43,0.027522778138142412,0.010011611949751975,0.21411277428393038,0.24117747785613108
2020-10-16,2404.18,2418.89,2325.03,2341.53,4555376.0,2350.514,2358.339,2273.943,2116.9981666666667,,57.58200833794065,82.26644511775339,81.56660007250105,0.6998450452523457,2273.943,2475.2660033652423,2072.619996634758,0.1770695249311369,0.6678571223115101,94.72012964295543,2458.17,1967.84,2458.17,1439.43,-0.021083128480409274,-0.02301507495754551,0.15369038234134824,0.20183236667864302
2020-10-23,2352.92,2371.74,2322.06,2360.81,4324771.0,2340.196,2353.671,2282.8900000000003,2123.5485,,58.699350283486446,79.45898065858955,81.14507618971875,-1.6860955311291974,2282.8900000000003,2482.9511009666835,2082.828899033317,0.17527003137836963,0.6947405058342049,91.50297752560147,2458.17,2030.82,2458.17,1439.43,0.008233932514210673,-0.02138534239761236,0.08201221887646848,0.19972659684214267
2020-10-30,2366.5,2374.5,2266.93,2267.15,3500331.0,2337.868,2349.927,2289.6325,2127.848833333333,,51.589950757788756,68.88243180131167,78.69254731203735,-9.81011551072568,2289.6325,2477.6662171759403,2101.59878282406,0.1642479456209153,0.4402168389327656,92.65062198805852,2458.17,2030.82,2458.17,1439.43,-0.03967282415781015,-0.005107973968641155,0.06324157013553444,0.12842374560132996
2020-11-06,2276.61,2431.11,2267.95,2416.5,4080337.0,2355.59,2356.197,2303.3915,2133.9705,,59.92501182992486,71.7249370350537,77.29902525664062,-5.574088221586919,2303.3915,2486.200666758676,2120.5823332413242,0.15873043445604093,0.809362221833528,97.74414898891148,2458.17,2030.82,2458.17,1439.43,0.0658756588668592,0.03806451335758987,0.12850951749388217,0.17924067928947895
2020-11-13,2438.63,2495.77,2434.52,2493.87,6442142.0,2375.972,2368.759,2321.3525,2140.6763333333333,,63.43710398149619,79.30655866222969,77.70053193775844,1.6060267244712492,2321.3525,2504.9021510348125,2137.8028489651874,0.15814026610332774,0.9699477744233896,96.42456691827495,2458.17,2087.84,2458.17,1439.43,0.03201738050900049,0.04260522751216578,0.16828051437003722,0.19237205477356167
2020-11-20,2507.46,2558.21,2507.46,2553.5,5536116.0,2418.366,2384.44,2341.407,2149.0691666666667,,65.91632801178325,89.09960627711462,79.98034680562968,9.119259471484938,2341.407,2534.155336449375,2148.658663550625,0.16464317092190728,1.0501811426935599,94.13281213839818,2495.77,2087.84,2495.77,1439.43,0.023910628861969485,0.09052627982558414,0.18634460906611672,0.24565229056601945
2020-11-27,2560.04,2642.26,2553.7,2633.45,7007529.0,2472.8940000000002,2406.545,2365.567,2159.2818333333335,,68.95577357686642,102.13461957906566,84.41120136031688,17.723418218748776,2365.567,2576.675317799185,2154.458682200815,0.17848432768903608,1.1344681317929435,93.74903984279833,2558.21,2140.29,2558.21,1439.43,0.03130996671235553,0.11548578665796905,0.22471805603999528,0.30324295166502524
2020-12-04,2648.05,2742.77,2591.34,2731.45,6135124.0,2565.754,2451.811,2392.08,2170.7291666666665,,72.22533239021651,119.00097336744284,91.32915576174207,27.671817605700767,2392.08,2643.3270486990878,2140.832951300912,0.21006575758259577,1.175371117307043,97.86910842545558,2642.26,2163.07,2642.26,1439.43,0.03721354117222653,0.20479456586463174,0.24089696936656968,0.33592714503010357
2020-12-11,2738.11,2781.04,2700.92,2770.06,6609698.0,2636.466,2496.028,2420.561,2182.552,,73.41336953698872,133.93921666753977,99.85116794290161,34.088048724638156,2420.561,2705.3574329060352,2135.764567093965,0.23531440265792522,1.1135944127420172,96.60131496649447,2742.77,2183.83,2742.77,1439.43,0.014135349356568794,0.14631078005379683,0.25886640853647447,0.34423906555571193
2020-12-18,2769.43,2782.79,2735.08,2772.18,5448416.0,2692.1279999999997,2534.05,2446.7015,2193.956833333333,,73.4804456848774,144.28571251043513,108.73807685640833,35.547635654026806,2446.7015,2758.53738275085,2134.86561724915,0.2549030870752726,1.0218746751156438,93.10907818317344,2781.04,2203.48,2781.04,1439.43,0.0007653263828220069,0.11159763740692186,0.23242507902212628,0.3277423619060391
2020-12-25,2771.98,2812.16,2716.28,2806.86,4552510.0,2742.8,2580.583,2469.461,2205.7345,,74.60897528301871,153.51415554962205,117.69329259505108,35.82086295457097,2469.461,2814.868397483033,2124.0536025169667,0.2797431483898981,0.9884073161990891,93.30700117008959,2782.79,2237.04,2782.79,1439.43,0.012510010172499753,0.09922067750146857,0.19356032096340048,0.3364727168841064
2021-01-01,2820.95,2878.21,2792.06,2873.47,3127121.0,2790.8039999999996,2631.8489999999997,2492.7599999999998,2218.005166666667,,76.66313528977832,164.30858635753611,127.0163513475481,37.29223500998802,2492.7599999999998,2878.780038443604,2106.7399615563954,0.30971295948555366,0.9931220689151088,92.79578680079749,2812.16,2266.93,2812.16,1439.43,0.023731144410479965,0.09114279747099818,0.19355428267614827,0.3444832797593145
2021-01-08,2874.5,3161.11,2869.11,3152.18,7162396.0,2874.95,2720.352,2535.1395,2234.505166666667,,82.89770237417083,193.12657532262529,140.23839614256354,52.88817918006174,2535.1395,3006.0033226695723,2064.275677330428,0.3714697535733809,1.1552218181699285,107.0246591721691,2878.21,2266.93,2878.21,1439.43,0.0969942264927075,0.15403174138278208,0.3677834235156794,0.45787122256241397
2021-01-15,3161.9,3266.23,3047.56,3085.9,7245445.0,2938.118,2787.292,2571.7445,2250.9041666666667,,77.58911209322932,208.21660570470203,153.83403805499125,54.38256764971078,2571.7445,3091.786477362407,2051.7025226375927,0.40442740510373965,0.9943403824896383,114.99932637415704,3161.11,2266.93,3161.11,1439.43,-0.021026718017371993,0.1140191909200523,0.3110289744243351,0.4681059582484919
2021-01-22,3079.9,3185.26,3003.89,3140.63,6489342.0,3011.808,2851.968,2610.3635,2268.448666666666,,78.79656596703042,222.0323661954494,167.4737036830829,54.55866251236651,2610.3635,3176.863358509252,2043.8636414907478,0.43403905893508865,0.968019975676075,119.74008877600299,3266.23,2266.93,3266.23,1439.43,0.017735506659321443,0.13290983990938554,0.3261395545233823,0.5041619571256155
2021-01-29,3144.01,3212.22,2962.7,2976.21,5196782.0,3045.678,2894.239,2639.3394999999996,2283.3546666666666,,67.10024056876253,217.21027123867952,177.42101719420225,39.789254044477275,2639.3394999999996,3218.305055779446,2060.3739442205533,0.43872003262895615,0.7909244743812786,129.01008243485992,3266.23,2266.93,3266.23,1439.43,-0.052352553468571594,0.060334323763921116,0.24180014937267647,0.42959867425607046
2021-02-05,2976.81,3142.26,2947.24,3120.63,5412794.0,3095.1099999999997,2942.957,2674.751,2299.1943333333334,,71.15094964505451,222.47762964874664,186.43233968511115,36.0452899636355,2674.751,3279.9063678155744,2069.595632184426,0.45249473152123254,0.8684004337675189,133.72507654665569,3266.23,2266.93,3266.23,1439.43,0.048524801677301,0.086014470309417,0.293579008456309,0.437912682870637
2021-02-12,3113.63,3129.66,3064.25,3100.58,5575511.0,3084.79,2979.87,2715.8405000000002,2314.1343333333334,,69.8648669728216,222.46968960365712,193.63980966882036,28.829879934836754,2715.8405000000002,3319.4700850097174,2112.210914990283,0.4445250632426441,0.8186884055673035,128.84542822189457,3266.23,2266.93,3266.23,1439.43,-0.006424984698602532,-0.01636962356210625,0.36062559516234494,0.4066818499396603
2021-02-19,3108.7,3180.94,3040.28,3107.62,10649244.0,3089.134,3013.626,2754.827,2329.1911666666665,,70.06943888762399,220.48979709421428,199.00980715389917,21.479989940315107,2754.827,3353.8979510600593,2155.756048939941,0.43492455320066126,0.7944500975850445,129.68932620604494,3266.23,2266.93,3266.23,1439.43,0.0022705429306775216,0.007038465277552586,0.334951393751423,0.4098565926114117
2021-02-26,3114.03,3142.48,2988.28,3012.95,8392039.0,3063.5980000000004,3037.703,2785.8765,2343.1326666666664,,63.797511292893645,208.87387222676807,200.98262016847298,7.891252058295095,2785.8765,3370.701878460104,2201.0511215398956,0.41985018249021755,0.6941378643638073,131.44008861989886,3266.23,2266.93,3266.23,1439.43,-0.030463827623712025,-0.04065426363500324,0.2596155454104583,0.3843351129816306
2021-03-05,3021.68,3096.5,2982.45,3026.26,6452734.0,3073.608,3059.643,2820.113,2356.7971666666663,,64.28158878610137,198.45451374399045,200.4769988835765,-2.0224851395860526,2820.113,3376.3505882336653,2263.8754117663343,0.3944789362934503,0.6853048089168344,130.19793943276323,3266.23,2266.93,3266.23,1439.43,0.0044175973713471706,0.016816689682515706,0.29242845489914715,0.37158888501126297
2021-03-12,3031.99,3061.43,2929.36,3054.39,7386453.0,3060.3599999999997,3077.7349999999997,2854.792,2370.194166666667,,65.33652198641153,190.27359739715394,198.436318586292,-8.162721189138068,2854.792,3377.6447668321216,2331.9392331678782,0.36629832704597864,0.6908740018813816,130.3316580447087,3266.23,2266.93,3266.23,1439.43,0.00929530179165039,-0.02122648311398667,0.2937889961496265,0.35716285207747345
2021-03-19,3057.06,3090.19,3022.49,3039.53,5401759.0,3048.15,3066.4700000000003,2893.411,2383.4175000000005,,64.25686421287477,180.51027436305503,194.85110974164462,-14.340835378589588,2893.411,3346.36829250781,2440.45370749219,0.31309571471720404,0.6612944558095184,125.85796818437238,3266.23,2266.93,3266.23,1439.43,-0.004865128552673292,-0.019689864476968744,0.34068323666277056,0.35322977743941797
2021-03-26,3040.01,3058.79,2971.04,3041.01,5202115.0,3034.828,3061.981,2924.6364999999996,2398.7841666666664,,64.32010267342005,170.921912733912,190.0652703400981,-19.1433576061861,2924.6364999999996,3324.809530089492,2524.4634699105072,0.2736565929403483,0.6454039768421869,123.1359704569172,3266.23,2267.95,3266.23,1439.43,0.00048691738525374895,-0.02143440961250076,0.25843575418994424,0.43510884799977334
2021-04-02,3047.71,3121.58,3025.39,3112.8,5174293.0,3054.798,3059.198,2955.583,2413.798333333333,,67.33872445158815,167.18867313576402,185.4899508992313,-18.301277763467283,2955.583,3310.937549153386,2600.228450846614,0.2404632515164595,0.7212114638388077,121.21125828142313,3266.23,2434.52,3266.23,1439.43,0.023607288368009405,0.03314027780082651,0.24818053868084555,0.4072650828454534
2021-04-09,3121.23,3156.04,3101.86,3131.88,7529036.0,3075.922,3074.7650000000003,2984.502,2428.6031666666668,,68.11091809350918,163.88053757441367,181.1680682342678,-17.287530659854127,2984.502,3295.6508390208237,2673.353160979176,0.20850972056364764,0.7368287801808845,116.42331126132147,3266.23,2507.46,3266.23,1439.43,0.006129529683885915,0.03490116513452235,0.22650479733698847,0.3959234976087431
2021-04-16,3134.88,3206.76,3127.91,3198.62,6864664.0,3104.768,3082.564,3012.7605,2445.8661666666667,,70.71872581229215,164.74509760384717,177.8834741081837,-13.13837650433652,3012.7605,3292.298030537505,2733.222969462495,0.18556903579790368,0.8324410494051059,113.73950331408425,3266.23,2553.7,3266.23,1439.43,0.02130988415903534,0.04722055795101476,0.21461201086027848,0.4788981154408092
2021-04-23,3201.11,3220.82,3146.54,3186.1,8130353.0,3134.0820000000003,3091.116,3035.493,2465.8510000000006,,69.56937017046897,162.5462760017922,174.8160344869054,-12.269758485113215,3035.493,3292.89611133319,2778.0898886668097,0.16959558881090503,0.7925508538337941,110.92096736307825,3266.23,2591.34,3266.23,1439.43,-0.003914187993572238,0.04822127105177443,0.1664500540006224,0.6034645019401008
2021-04-30,3191.34,3223.05,3143.38,3147.86,6827065.0,3155.452,3095.1400000000003,3054.383,2484.311666666667,,66.03901167985265,155.92068898021898,171.03696538556812,-15.11627640534914,3054.383,3285.171575029196,2823.5944249708036,0.15111960420759032,0.7025165240267524,108.68875540857267,3266.23,2700.92,3266.23,1439.43,-0.012002134270738485,0.03513635272491711,0.13638693746705854,0.5429022360333691
2021-05-07,3149.05,3205.11,3109.78,3197.2,4554111.0,3172.332,3113.565,3075.6339999999996,2508.0743333333335,,68.27595624439004,152.88878246496643,167.40732880144782,-14.518546336481393,3075.6339999999996,3274.653041340287,2876.614958659712,0.12941659595406182,0.8054129875747513,107.73455859367462,3266.23,2716.28,3266.23,1439.43,0.015674140527215163,0.027113852480082024,0.15331616273113569,0.8048593234882353
2021-05-14,3201.46,3255.9,3103.88,3153.32,5464395.0,3176.62,3126.2709999999997,3092.9570000000003,2534.5271666666663,,64.22435400085936,145.27063596481185,162.97999023412063,-17.70935426930879,3092.9570000000003,3251.599251005233,2934.314748994768,0.10258290109124214,0.6902488133442107,110.89780440841214,3266.23,2716.28,3266.23,1439.43,-0.013724508945327063,0.0068457284442571265,0.12343330269411368,1.0134214474986432
2021-05-21,3163.21,3198.01,3121.32,3156.42,3128962.0,3168.18,3136.474,3107.1045000000004,2558.5053333333335,,64.38514802838854,137.89379029130305,157.96275024555712,-20.06895995425407,3107.1045000000004,3231.7534415077694,2982.4555584922314,0.08023479191496069,0.6978175642868416,108.45438980781128,3266.23,2792.06,3266.23,1458.41,0.0009830908375934033,-0.013193189562998975,0.09846979436012915,0.8375530496643826
2021-05-28,3155.91,3198.66,3137.81,3188.73,4519316.0,3168.7059999999997,3151.3940000000002,3108.932,2582.8935,,66.09555334279327,133.12020703950748,152.9942416043472,-19.874034564839718,3108.932,3237.1902703142655,2980.673729685734,0.08250953723932573,0.8110832533624328,105.05407625011047,3266.23,2869.11,3266.23,1659.95,0.010236280342920123,0.0008254605944573168,0.011595150023158585,0.8480677392433233
2021-06-04,3192.06,3258.5,3179.87,3240.08,7068883.0,3187.15,3171.301,3116.641,2605.8831666666665,,68.67072624943492,131.95947706115476,148.7872886957087,-16.82781163455394,3116.641,3256.449204895161,2976.832795104839,0.08971723396769855,0.9414583539376818,103.16664223224545,3266.23,2929.36,3266.23,1742.67,0.01610358983043403,0.029296093218885044,0.04996273372435911,0.7413231579513087
2021-06-11,3244.59,3264.67,3210.31,3249.32,9191864.0,3197.574,3184.953,3122.0755,2628.1296666666667,,69.12516007969879,130.2833555446541,145.0865020654978,-14.803146520843683,3122.0755,3273.184228996731,2970.966771003269,0.09680017603464802,0.9210362328001352,99.68045350137078,3258.5,2929.36,3266.23,1825.76,0.0028517814374955375,0.016301764043538114,0.03460770609718433,0.6971893885183309
2021-06-18,3249.6,3281.96,3238.51,3267.93,9221163.0,3220.496,3198.558,3136.6615,2651.1116666666667,,70.06690027051805,128.97000272637433,141.8632021976731,-12.893199471298772,3136.6615,3284.9254558726516,2988.3975441273487,0.09453615308674615,0.9426851395788681,95.66399253698714,3264.67,2929.36,3266.23,1841.66,0.005727352184456969,0.036345819644057586,0.09801727700666274,0.7299696666507853
2021-06-25,3264.18,3316.08,3225.56,3302.84,6743962.0,3249.78,3208.98,3145.772,2673.699666666667,,71.80429126242211,129.2561222821223,139.34178621456294,-10.085663932440639,3145.772,3310.4591359396586,2981.0848640603413,0.10470379667671953,0.976867847339181,95.29656449863091,3281.96,2929.36,3281.96,1894.29,0.010682603360537168,0.04638799652771186,0.05838885096919544,0.6958861344451519
2021-07-02,3305.46,3311.69,3276.63,3281.78,6431414.0,3268.3900000000003,3218.5480000000002,3154.832,2695.9656666666665,,69.19505078816985,126.32728578269825,136.73888612819002,-10.411600345491763,3154.832,3328.281387960891,2981.3826120391086,0.10995792356670103,0.8659511327552913,90.9939527487287,3316.08,2929.36,3316.08,1894.29,-0.0063763306729965885,0.029180896469754414,0.05844067884073301,0.6865794369468914
2021-07-09,3285.29,3313.51,3188.8,3217.95,5851910.0,3263.964,3225.557,3160.3485,2717.4768333333336,,61.85816285838302,117.50113427138058,132.89133575682814,-15.390201485447562,3160.3485,3334.4575029005046,2986.2394970994956,0.1101834198984729,0.6654179250940758,93.40224183810523,3316.08,2929.36,3316.08,1897.24,-0.019449810773421894,-0.006830078269672413,0.03550305378392471,0.669684737038728
2021-07-16,3227.51,3286.58,3227.51,3276.91,5433033.0,3269.482,3233.528,3173.5465,2739.2565000000004,,65.49736690351072,113.95037585913633,129.1031437772898,-15.152767918153472,3173.5465,3340.846377976668,3006.246622023332,0.10543401710147816,0.8089168421701275,91.63279599252628,3316.08,2929.36,3316.08,1921.14,0.018322223776006563,0.008491007349229918,0.08760849001808868,0.6632963306989892
2021-07-23,3258.87,3264.01,3214.42,3254.42,4583586.0,3266.7799999999997,3243.638,3184.9545000000003,2759.6701666666663,,63.02707313529626,108.07578877422566,124.89767277667697,-16.821884002451313,3184.9545000000003,3341.281469199202,3028.6275308007985,0.09816590422199237,0.7221801534176819,89.55116770734583,3316.08,2929.36,3316.08,1967.84,-0.006863172928154859,-0.00413411547982967,0.07539338986075217,0.6034785179345685
2021-07-30,3265.99,3265.99,3202.32,3202.32,4069290.0,3246.6760000000004,3248.228,3192.351,2776.677666666667,,57.606682589508985,98.08543377864908,119.5352249770714,-21.449791198422318,3192.351,3336.8161613227508,3047.8858386772495,0.09050706599791229,0.534503128327695,87.7025128711068,3316.08,2929.36,3316.08,2030.82,-0.01600899699485625,-0.030434414019449907,0.04843192912496441,0.4676951422403719
2021-08-06,3218.42,3296.17,3194.0,3270.36,3469058.0,3244.3920000000003,3256.391,3203.8925,2795.645333333333,,62.18098542340259,94.56814215785607,114.54180841322834,-19.973666255372265,3203.8925,3333.8293583389964,3073.9556416610035,0.08111187147446204,0.7557684588101669,88.73590480888491,3316.08,2971.04,3316.08,2030.82,0.02124709585550466,-0.0034798188787792395,0.07594266218790402,0.5337241476340102
2021-08-13,3258.1,3275.15,3146.76,3171.29,3395845.0,3235.06,3249.512,3210.4065,2812.8115000000003,,53.18268814844686,82.83170978079261,108.1997886867412,-25.368078905948593,3210.4065,3318.2040009497373,3102.608999050263,0.06715504777961123,0.31856490338194876,91.56834017967884,3316.08,2971.04,3316.08,2030.82,-0.030293301043310294,-0.01449991454186672,0.04284102978944482,0.48099770235182016
2021-08-20,3169.74,3179.49,3049.03,3060.51,2641350.0,3191.7799999999997,3230.6310000000003,3207.7920000000004,2828.2425000000003,,45.2902477014567,63.855397123198145,99.33091037403258,-35.47551325083444,3207.7920000000004,3326.8774531166955,3088.7065468833052,0.07424761525478904,-0.1183878725123313,94.34631588113032,3316.08,3025.39,3316.08,2087.84,-0.03493215694559615,-0.06603782221666132,-0.01679838087895147,0.43372918277000916
2021-08-27,3086.81,3161.0,3064.65,3133.9,3030589.0,3167.6760000000004,3217.228,3207.893,2844.6006666666667,2447.4639166666666,50.528171772576584,54.11469179746746,90.28766665871956,-36.1729748612521,3207.893,3326.7239030682194,3089.0620969317806,0.07408657524937359,0.18866263703507566,94.78515046104957,3316.08,3049.03,3316.08,2087.84,0.023979663520132144,-0.037032712434166504,0.0006449800120056359,0.4559958372243207
2021-09-03,3160.87,3215.13,3130.3,3201.06,3410153.0,3167.424,3207.05,3208.0150000000003,2862.1141666666667,2457.0077499999998,54.79351221091576,51.22388629386114,82.47491058574788,-31.251024291886736,3208.0150000000003,3326.8125768271752,3089.2174231728254,0.07406298089452505,0.4707275174050123,94.07406828526031,3316.08,3049.03,3316.08,2140.29,0.02143016688471233,-0.00039346473806500804,0.0007628289699932456,0.4886920125566794
2021-09-10,3196.3,3206.25,3103.38,3125.76,3996691.0,3138.504,3191.448,3204.998,2877.523666666667,2466.0115,49.62715865898232,42.36842458825686,74.45361338624967,-32.085188797992814,3204.998,3328.8268280813822,3081.169171918618,0.07727232783382841,0.1800502708952256,94.70234912202743,3316.08,3049.03,3316.08,2163.07,-0.02352345785458554,-0.04421531574505555,-0.018938514170929843,0.42003189184032275
2021-09-17,3117.35,3167.68,3109.01,3140.51,3264170.0,3132.3480000000004,3183.704,3204.6305,2893.1915000000004,2475.1679166666668,50.60953928455506,36.12419191761819,66.78772909252338,-30.663537174905187,3204.6305,3329.1769919578574,3080.084008042143,0.07772908106432684,0.2425840784753035,92.12860989902545,3316.08,3049.03,3316.08,2183.83,0.004718852375102278,-0.00970582948894605,-0.0023349195961700486,0.4272191016342186
2021-09-24,3123.64,3146.86,3107.98,3125.24,1377063.0,3145.2940000000003,3168.5370000000003,3201.0325000000003,2907.7893333333336,2483.9421666666667,49.53256372583607,29.60219547289944,59.35062236859859,-29.748426895699154,3201.0325000000003,3330.2980177338823,3071.7669822661182,0.08076488928736712,0.20683403691603994,88.32513776338078,3316.08,3049.03,3316.08,2203.48,-0.004862267593480185,0.021150069759614976,-0.022507193794570224,0.3893845832388625
2021-10-01,3121.7,3146.35,3015.01,3019.18,4340998.0,3122.35,3145.013,3194.3255,2918.9145,2491.6402499999995,42.73093220845997,15.694395460964643,50.61937698707181,-34.92498152610717,3194.3255,3344.9522190740354,3043.6987809259645,0.09430893568863628,-0.08138921526237733,91.39762792313927,3316.08,3049.03,3316.08,2237.04,-0.03393659366960611,-0.03660614569705489,-0.04253929192089623,0.2838450973138238
2021-10-08,2998.17,2998.17,2908.3,2956.3,3006605.0,3073.398,3120.411,3184.3195,2928.061333333333,2498.5625833333334,39.286546778463986,-0.3969509354051297,40.416111402576426,-40.813062337981556,3184.3195,3366.889461108087,3001.7495388919133,0.11466811738463227,-0.12447156864158405,92.78922592862929,3316.08,3015.01,3316.08,2266.93,-0.020826847024688733,-0.07646217190555626,-0.06340094157304788,0.22795941000793385
2021-10-15,2950.22,3021.9,2901.51,3015.06,2887279.0,3051.258,3094.8810000000003,3175.636,2939.9025000000006,2505.9329166666666,43.84203254818354,-8.312200095690514,30.670449102923037,-38.98264919861355,3175.636,3372.501545934296,2978.770454065704,0.12398495667280245,0.09216835216662923,94.76070979087004,3316.08,2908.3,3316.08,2266.93,0.019876196597097717,-0.03541538697788704,-0.05446368930577383,0.30828477082691497
2021-10-22,3017.48,3047.24,2990.44,3006.16,4035039.0,3024.388,3078.368,3163.94,2950.7751666666663,2513.396,43.311941688402015,-15.128851715906421,21.510588939157145,-36.63944065506357,3163.94,3371.599997592238,2956.280002407762,0.13126671023612213,0.12010015932433571,92.04923052009359,3316.08,2901.51,3316.08,2266.93,-0.002951848387760192,-0.042779675912511084,-0.07219574825312958,0.2771518395785537
2021-10-29,3001.1,3051.65,2965.4,2970.68,3127318.0,2993.4759999999997,3069.3849999999998,3150.0080000000003,2960.815666666667,2520.762833333333,41.17463108525257,-23.127438008486934,12.58298354962833,-35.710421558115264,3150.0080000000003,3369.912999361107,2930.1030006388937,0.13962186722135722,0.0922602930333442,91.63499976865835,3316.08,2901.51,3316.08,2266.93,-0.011802432338930746,-0.049455401825139855,-0.08575332684992565,0.25437770505647617
2021-11-05,2984.18,3034.3,2953.96,2969.27,3119933.0,2983.494,3052.9219999999996,3135.075,2970.3586666666665,2528.05375,41.08785627866164,-29.243054756138463,4.217775888474973,-33.46083064461344,3135.075,3361.389727978557,2908.7602720214427,0.14437595781827048,0.13368490976930691,90.82821407089705,3316.08,2901.51,3316.08,2266.93,-0.0004746388032369486,-0.016530978610086122,-0.09139118646972233,0.23890448910789464
2021-11-12,2965.36,2987.28,2903.72,2968.8,3078501.0,2985.9939999999997,3029.6960000000004,3118.373,2979.6319999999996,2535.5749166666665,41.056795494498765,-33.738731071180155,-3.3735255034560523,-30.365205567724104,3118.373,3341.986472232798,2894.759527767202,0.14341675754170388,0.1655545873276287,90.30905592297586,3316.08,2901.51,3316.08,2266.93,-0.0001582880640695894,0.004228258295842835,-0.10113720313427232,0.2306416846294148
2021-11-19,2989.68,3011.88,2937.53,2971.02,2959275.0,2977.186,3014.222,3102.835,2991.1691666666666,2543.682333333333,41.282585988196466,-36.699403613492905,-10.038701125463422,-26.660702488029482,3102.835,3322.014102516659,2883.655897483341,0.14127667279546544,0.1992984310856431,89.16912335704902,3313.51,2901.51,3316.08,2266.93,0.0007477768795471906,-0.014606674494039962,-0.09469251442814575,0.30377086085159233
2021-11-26,2983.38,3018.01,2930.31,2936.44,2803398.0,2963.242,2993.815,3088.7595,3001.311666666667,2552.00475,38.79000950072047,-41.359310549908514,-16.30282301035244,-25.056487539556073,3088.7595,3312.666102714186,2864.8528972858144,0.1449815712192456,0.15985929366622076,89.06418597440268,3313.51,2901.51,3316.08,2266.93,-0.01163910037630167,-0.02319237831652332,-0.08748116036607145,0.26141699135268426
2021-12-03,2906.15,2975.44,2822.73,2968.33,3413093.0,2962.772,2978.124,3073.3305,3010.9178333333334,2560.6810833333334,42.25280396847923,-41.994971989551686,-21.44125280619229,-20.553719183359398,3073.3305,3285.4683828474726,2861.1926171525274,0.13805081025127144,0.25251827115787806,93.61031554765962,3296.17,2901.51,3316.08,2266.93,0.010860089087466385,-0.000791064672061581,-0.09416798142152205,0.24096138731416916
2021-12-10,2954.82,3036.13,2932.49,3010.23,2474567.0,2970.964,2977.2290000000003,3061.121,3022.062833333334,2569.5305000000003,46.53273307130701,-38.67197201218323,-24.887396647390478,-13.784575364792754,3061.121,3257.7013830396313,2864.540616960369,0.12843685894130366,0.3705593121421981,94.32672157996969,3296.17,2822.73,3316.08,2266.93,0.014115681207951924,0.01379463639210976,-0.07503333927397204,0.2855825037475497
2021-12-17,3019.67,3043.83,2973.0,3017.73,2244920.0,2980.75,2983.3720000000003,3051.8915,3033.0114999999996,2578.2799999999997,47.28585409547666,-35.029485169376585,-26.915814351787702,-8.113670817588883,3051.8915,3238.150020801085,2865.6329791989156,0.12206103709852373,0.4082954705828383,92.64838432425756,3296.17,2822.73,3316.08,2266.93,0.002491503971457254,0.01648140662894093,-0.057642584126508356,0.2782604275651155
2021-12-24,3001.33,3025.77,2955.9,3012.43,2271704.0,2989.032,2983.1089999999995,3038.995,3045.4328333333333,2586.6408333333334,46.78434749542757,-32.19928054701404,-27.972507590832972,-4.226772956181069,3038.995,3196.4519865709617,2881.538013429038,0.1036243801460429,0.41564362884581213,91.02135687252488,3296.17,2822.73,3316.08,2266.93,-0.0017562870104350647,0.013937974163755085,-0.07886899301605943,0.3287299031824096
2021-12-31,3013.94,3020.29,2975.74,2977.65,2089278.0,2997.274,2980.258,3029.313,3054.7853333333333,2594.377916666667,43.52226251472,-32.38941332952754,-28.85588873857189,-3.533524590955654,3029.313,3176.5202910015264,2882.105708998474,0.09718856453692722,0.3245229579034086,87.7019742387731,3275.15,2822.73,3316.08,2267.95,-0.011545496492864515,0.01403400035417035,-0.061060325608821575,0.23221601489757915
2022-01-07,2998.32,3010.77,2915.38,2954.89,3176937.0,2994.5860000000002,2978.679,3024.032,3062.4689999999996,2601.5726666666665,41.48380957610556,-33.98488017247064,-29.881687025351642,-4.103193147118997,3024.032,3173.937092321802,2874.126907678198,0.09914253045060496,0.2693807497494053,88.25111893600359,3215.13,2822.73,3316.08,2434.52,-0.007643611572884734,-0.004527798459066257,-0.03451058810459706,0.18486127985821232
2022-01-14,2947.37,2982.14,2909.82,2921.92,2700608.0,2976.924,2973.9440000000004,3013.433,3068.6093333333333,2608.83925,38.65910887944531,-37.47768319560282,-31.40088625940188,-6.076796936200942,3013.433,3160.71965290517,2866.14634709483,0.09775339481924425,0.1893370913285661,87.11318186914617,3215.13,2822.73,3316.08,2507.46,-0.01115777575476573,-0.029336628762586248,-0.06764095855004948,0.144280399451733
2022-01-21,2918.55,2919.67,2817.11,2834.29,2539551.0,2940.236,2960.493,2995.0945,3071.956666666667,2615.61925,32.35341988389652,-46.777541026312065,-34.47621721278392,-12.301323813528143,2995.0945,3135.543139932924,2854.6458600670762,0.09378578200649357,-0.07246727371941054,88.3772403070643,3215.13,2822.73,3316.08,2553.7,-0.029990554156171356,-0.06078741305550861,-0.11457767114643269,0.0762649756023468
2022-01-28,2823.76,2828.11,2591.53,2663.34,2508513.0,2870.418,2929.725,2971.9735,3070.8215,2620.7753333333335,24.096251058262737,-67.16771407286478,-41.0145165848001,-26.153197488064684,2971.9735,3162.1970867893574,2781.7499132106427,0.12801163051376963,-0.3112387775070262,99.40458028513112,3206.25,2817.11,3316.08,2591.34,-0.0603149289592807,-0.11588319064675356,-0.1479384213759214,-0.024935473832579658
2022-02-04,2706.34,2751.8,2702.78,2750.26,971857.0,2824.94,2911.107,2952.4610000000002,3070.4914999999996,2626.52175,33.40305515428952,-75.44368766691105,-47.90035080122229,-27.543336865688758,2952.4610000000002,3149.4699520707327,2755.452047929268,0.13345405888222228,-0.013177187824955954,98.6228245504789,3167.68,2591.53,3316.08,2591.53,0.0326357130520325,-0.07636559031450973,-0.12426325660481896,-0.007147859613149121
2022-02-11,2750.7,2788.27,2718.94,2747.71,2507626.0,2783.504,2889.045,2933.5845,3070.083666666667,2632.02025,33.27415615599827,-81.27137424154125,-54.574555489286084,-26.69681875225517,2933.5845,3133.087171708948,2734.081828291052,0.13601290278766345,0.034155361409971975,96.5304799397304,3146.86,2591.53,3316.08,2591.53,-0.0009271850661393133,-0.07011428513413354,-0.12080032253522921,-0.008826988146512726
2022-02-18,2715.1,2770.66,2665.47,2744.52,2752690.0,2748.024,2862.474,2919.8515,3069.0446666666667,2637.389583333333,33.10206694226805,-85.16552897389829,-60.69275018620853,-24.472778787689762,2919.8515,3131.347821412474,2708.3551785875266,0.1448678615419131,0.08549751875339354,97.14901708689253,3146.35,2591.53,3316.08,2591.53,-0.0011609667686910408,-0.06071350344978643,-0.09097172079836247,-0.022209871529039638
2022-02-25,2706.65,2746.62,2642.63,2676.76,3272288.0,2716.518,2828.377,2905.8745,3065.766166666667,2641.885666666667,29.600135088631262,-92.6513136904291,-67.08446288705265,-25.566850803376454,2905.8745,3141.46368629472,2670.28531370528,0.16214684171303345,0.013741475991645548,97.63765872354304,3051.65,2591.53,3316.08,2591.53,-0.024689198839869864,-0.05558005708660718,-0.09455738592159113,-0.06845730075483636
2022-03-04,2663.0,2748.21,2658.25,2713.43,2521609.0,2726.536,2798.4770000000003,2890.793,3058.453666666667,2646.479416666667,33.68862390833391,-94.5351471442309,-72.5745997384883,-21.960547405742602,2890.793,3134.955119428892,2646.6308805711083,0.16892397306129622,0.13679255321246853,97.08925452900426,3051.65,2591.53,3316.08,2591.53,0.013699397779404876,0.018807211996966,-0.10004112687641376,-0.139189386392909
2022-03-11,2680.17,2682.79,2605.81,2661.28,2522776.0,2708.7400000000002,2766.84,2873.549,3051.3766666666666,2651.1404166666666,30.936952301450617,-99.09387538132114,-77.87845486705487,-21.21542051426627,2873.549,3131.035024700387,2616.062975299613,0.17921115992828876,0.08780481339327495,97.84145063407539,3051.65,2591.53,3316.08,2591.53,-0.01921921700578222,-0.032353304778457326,-0.11472443249860276,-0.13760005184873125
2022-03-18,2654.93,2714.0,2615.08,2707.02,3166954.0,2700.6020000000003,2742.0530000000003,2860.366,3044.1498333333334,2656.2992499999996,35.88357896422755,-97.88747869663302,-81.8802596329705,-16.007219063662518,2860.366,3123.545372854349,2597.186627145651,0.1840179703257198,0.2086663777315365,97.91848987449859,3051.65,2591.53,3316.08,2591.53,0.017187218180724884,-0.014808695240764114,-0.0887540899726661,-0.1380646558174634
2022-03-25,2717.81,2742.27,2683.69,2729.98,3438885.0,2697.6940000000004,2722.859,2848.4015,3040.0460000000003,2661.700333333333,38.27356305560004,-93.99520233459361,-84.30324817329513,-9.691954161298483,2848.4015,3112.4448123769816,2584.3581876230182,0.18539753779583512,0.2757536463735041,95.10859774060583,3043.83,2591.53,3316.08,2591.53,0.00848165141003765,-0.005297829857315639,-0.08058883159833896,-0.08273273727324348
2022-04-01,2721.22,2765.2,2707.74,2739.85,4676187.0,2710.3120000000004,2713.415,2836.954,3033.699666666667,2666.447,39.32068286357064,-89.08717723801465,-85.26003398623904,-3.8271432517756097,2836.954,3098.969678263741,2574.9383217362592,0.18471619791067526,0.3146981114957234,92.41941218770542,3043.83,2591.53,3316.08,2591.53,0.00361541110191288,0.023569539293772923,-0.07711870115871744,-0.1220202330939586
2022-04-08,2729.86,2769.18,2685.52,2700.39,5898237.0,2707.704,2717.12,2823.4225,3027.029833333333,2670.5820833333332,36.644254241896064,-87.37442621091714,-85.68291243117467,-1.6915137797424649,2823.4225,3084.296064078479,2562.548935921521,0.1847924383109357,0.2641913230368788,91.7937398885836,3043.83,2591.53,3316.08,2591.53,-0.01440224829826453,-0.004805725594542731,-0.09108992871135169,-0.1290693999187249
2022-04-15,2687.54,2720.3,2658.4,2696.06,3705878.0,2714.66,2711.7,2811.4035,3020.1704999999997,2674.680833333333,36.35185470073784,-85.38222040665642,-85.62277402627103,0.24055361961461585,2811.4035,3072.491303642775,2550.3156963572246,0.18573484997281628,0.2791097508372799,89.65847275368478,3043.83,2591.53,3316.08,2591.53,-0.0016034720910682587,0.013068899176336135,-0.08186102900110337,-0.13243575469330227
2022-04-22,2685.04,2737.54,2681.37,2704.71,6261463.0,2714.1979999999994,2707.4,2798.2225,3015.033166666667,2679.0829166666667,37.426035451024426,-82.15833015651879,-84.92988525232059,2.7715550958018014,2798.2225,3052.826901916008,2543.6180980839918,0.18197580922604126,0.31635725993683167,87.26643898556445,3043.83,2591.53,3316.08,2591.53,0.0032083855700542063,-0.000853336879668376,-0.08881088019189243,-0.10230504986806943
2022-04-29,2676.67,2696.1,2615.5,2695.05,4854734.0,2707.212,2702.453,2782.4635000000003,3009.513,2683.155083333333,36.68150164645267,-79.46681124080942,-83.83727045001837,4.370459209208946,2782.4635000000003,3021.1463315799197,2543.780668420081,0.17156223726199415,0.31688356170952536,87.40526477230985,3043.83,2591.53,3316.08,2591.53,-0.0035715474117372636,-0.012794965530882996,-0.10470296289652281,-0.10944532194854373
2022-05-06,2669.21,2702.1,2635.97,2644.51,4272078.0,2688.144,2699.228,2763.8025000000002,3002.6816666666664,2686.4379166666668,32.984395495360104,-80.4841475747603,-83.16664587496676,2.6824983002064613,2763.8025000000002,2983.60407150259,2544.0009284974103,0.1590573649908703,0.22863592561121795,85.88560300285916,3043.83,2591.53,3316.08,2591.53,-0.01875289883304576,-0.034797525411975005,-0.12367574302538653,-0.13419373426445202
2022-05-13,2634.32,2642.75,2546.8,2604.24,4102493.0,2668.9139999999998,2688.3089999999997,2743.393,2995.426833333333,2689.4221666666663,30.358785132898277,-83.57642934552223,-83.24860256907786,-0.3278267764443683,2743.393,2941.825486261721,2544.960513738279,0.14466209271637048,0.14936940865502854,86.73020278836923,3025.77,2591.53,3316.08,2591.53,-0.015227773765272401,-0.03560596802684057,-0.135501903778677,-0.14320964096422817
2022-05-20,2624.69,2644.13,2568.54,2639.29,3957232.0,2657.56,2686.1099999999997,2726.475,2988.7315000000003,2693.7578333333336,35.194127053023195,-82.25070789132678,-83.04902363352765,0.7983157422008702,2726.475,2898.005741326469,2554.944258673531,0.12582601441529379,0.24586188071657816,85.93447401777144,3020.29,2546.8,3316.08,2546.8,0.013458820999600718,-0.02105665304184623,-0.11363323426191796,-0.13210084807350198
2022-05-27,2651.63,2653.87,2602.01,2638.05,3394712.0,2644.228,2679.2129999999997,2710.633,2980.819,2697.3086666666663,35.10127274429195,-80.37362461078828,-82.51394382897978,2.140319218191493,2710.633,2850.4472805438986,2570.818719456101,0.1031598748660544,0.24043066374321448,83.50058301650202,3010.77,2546.8,3316.08,2546.8,-0.00046982332369682744,-0.024645895493417003,-0.10722564968577497,-0.1525154202004626
2022-06-03,2662.31,2685.9,2653.59,2670.65,2229204.0,2639.348,2673.2799999999997,2698.0695,2973.1318333333334,2700.8675000000003,39.612159855563355,-75.38646677434554,-81.08844841805293,5.7019816437073985,2698.0695,2799.5976030011293,2596.541396998871,0.07525981298934607,0.3649659592295593,80.95411280103758,2982.14,2546.8,3316.08,2546.8,0.01235761263054136,-0.009053635368546087,-0.08599482532033731,-0.14726937175115262
2022-06-10,2659.27,2662.04,2583.74,2595.87,2640070.0,2629.62,2658.882,2686.1485000000002,2963.0860000000002,2704.4760833333335,33.80733340991789,-76.58540047201222,-80.18783882884479,3.6024383568325646,2686.1485000000002,2776.2443232717137,2596.0526767282868,0.06708178886737905,-0.0010137913260193933,81.3795333152492,2919.67,2546.8,3316.08,2546.8,-0.028000673993222702,-0.018392821354428768,-0.08411983248009203,-0.18844064002601124
2022-06-17,2550.21,2550.32,2396.47,2440.93,3265145.0,2596.958,2632.936,2675.0280000000002,2950.6665,2708.2587500000004,25.476864208294728,-89.01185393346577,-81.952641849769,-7.059212083696778,2675.0280000000002,2814.831334380865,2535.2246656191355,0.10452476339003906,-0.3372404028728304,89.80956664987427,2828.11,2546.8,3316.08,2546.8,-0.0596871183842026,-0.06270927410684113,-0.08350792613785707,-0.23388154797401217
2022-06-24,2449.89,2449.89,2306.48,2366.6,3008622.0,2542.4199999999996,2599.9900000000002,2655.8450000000003,2937.6455,2710.978583333333,22.59980674324872,-103.66275788265693,-86.29466505634659,-17.368092826310345,2655.8450000000003,2845.4936694390653,2466.196330560935,0.1428160675333576,-0.2625811476967308,93.6381690320261,2788.27,2396.47,3316.08,2396.47,-0.03045150823661469,-0.10331945333782955,-0.139499538225477,-0.2481876576467823
2022-07-01,2383.2,2422.1,2291.49,2305.42,2543440.0,2475.894,2560.061,2633.7305,2922.7825,2715.4284166666666,20.543417688643018,-118.84050020316045,-92.80383208570936,-26.036668117451086,2633.7305,2872.230214588944,2395.2307854110563,0.18111170796628112,-0.18828279431244999,96.27901410116709,2788.27,2306.48,3316.08,2306.48,-0.025851432434716437,-0.1260893462974546,-0.160966768691019,-0.2789253096459401
2022-07-08,2310.73,2367.84,2276.63,2350.61,1954191.0,2411.886,2525.6169999999997,2614.035,2909.4040000000005,2721.965583333333,25.906312970493815,-125.77268577958739,-99.39760282448498,-26.375082955102414,2614.035,2876.5365120337547,2351.533487966245,0.20084008977213758,-0.0017590145654592837,95.91694166536945,2770.66,2291.49,3316.08,2291.49,0.019601634409348367,-0.11983599498249486,-0.14352600819086758,-0.2545602729821268
2022-07-15,2357.43,2363.26,2293.45,2330.98,1734034.0,2358.908,2494.264,2596.746,2895.6466666666665,2727.076,25.11337863792052,-131.33650427075327,-105.78538311373865,-25.55112115701462,2596.746,2884.753894364039,2308.7381056359613,0.22182215308238754,0.03861334150779417,94.0521601178431,2769.18,2276.63,3316.08,2276.63,-0.008351023776806965,-0.10204286038977295,-0.12917855915360366,-0.2615114591847726
2022-07-22,2350.48,2417.91,2344.12,2393.14,1674283.0,2349.35,2473.154,2580.7315000000003,2882.386833333333,2732.6401666666666,32.19110357371473,-129.24027654422162,-110.47636179983525,-18.76391474438637,2580.7315000000003,2876.5198362321903,2284.9431637678103,0.22922829146092102,0.18289571118730055,93.54343439514001,2769.18,2276.63,3316.08,2276.63,0.026666895468858476,-0.01957860323729066,-0.11803879222976088,-0.2495005848723474
2022-07-29,2385.65,2463.05,2385.65,2451.5,2062790.0,2366.3300000000004,2454.375,2570.2425000000003,2869.2438333333334,2737.5634999999997,38.10574901872507,-121.46961064401376,-112.67501156867095,-8.794599075342802,2570.2425000000003,2868.7273527396446,2271.757647260356,0.23226201631919502,0.3010912464901957,92.3903319383443,2769.18,2276.63,3316.08,2276.63,0.024386371043900512,0.035874249978872674,-0.07882672999458917,-0.24338287943507564
2022-08-05,2444.05,2497.58,2428.76,2490.8,2322125.0,2403.406,2439.65,2559.4314999999997,2856.601833333333,2742.36575,41.78802491231002,-110.86217028750843,-112.31244331243846,1.450273024930027,2559.4314999999997,2852.9384022885265,2265.924597711473,0.2293531999496973,0.3830836694727327,90.70673679989112,2769.18,2276.63,3316.08,2276.63,0.016031001427697422,0.08041051088304951,-0.0798738095765823,-0.2334396119803528
2022-08-12,2481.17,2533.2,2477.76,2527.94,2302855.0,2438.8720000000003,2425.379,2549.3295000000003,2844.2686666666664,2747.6901666666668,45.11142048639711,-98.32537604480558,-109.51502985891189,11.189653814106308,2549.3295000000003,2832.382648399743,2266.2763516002574,0.22206085827645494,0.4622164598399153,88.18768417132743,2769.18,2276.63,3316.08,2276.63,0.014910872008992992,0.07543999217224462,-0.07400786818951055,-0.22643997882451572
2022-08-19,2543.05,2546.35,2488.09,2492.69,1657848.0,2471.214,2415.061,2536.9715,2830.766166666667,2752.232916666667,42.624126609095384,-90.19455005927102,-105.65093389898371,15.456383839712686,2536.9715,2806.953348595432,2266.989651404568,0.21283790424561883,0.4179917090160459,86.04999244480403,2769.18,2276.63,3316.08,2276.63,-0.013944160067090206,0.06937425460535906,-0.09020931802835919,-0.24528890288357896
2022-08-26,2467.38,2497.76,2430.69,2481.03,2263540.0,2488.7920000000004,2419.0710000000004,2526.0035,2817.4203333333335,2756.6929999999998,41.80307039533661,-83.72652912975764,-101.26605294513851,17.539523815380875,2526.0035,2786.1837827483405,2265.823217251659,0.20600152196807384,0.41357242846203646,84.69427869874661,2769.18,2276.63,3313.51,2276.63,-0.004677677529094981,0.03672580793434577,-0.08123271083065764,-0.2439986836411947
2022-09-02,2432.06,2473.75,2402.67,2409.41,2193166.0,2480.374,2423.352,2511.671,2803.9446666666668,2760.71075,37.078522377248056,-83.41811923763407,-97.69646620363763,14.278346966003554,2511.671,2764.2716007831464,2259.0703992168533,0.20114147177966107,0.2975836168184941,84.24183022026473,2737.54,2276.63,3313.51,2276.63,-0.028867043123219083,-0.017169080155007177,-0.10632181776369964,-0.25125934212775214
2022-09-09,2410.07,2424.77,2365.35,2384.28,1450781.0,2459.07,2431.2380000000003,2495.6495000000004,2789.0674999999997,2764.162,35.55988096142936,-84.23052608297803,-95.00327817950571,10.772752096527682,2495.6495000000004,2737.668490864367,2253.630509135634,0.19395270919603613,0.2699157830502349,82.46884234738869,2737.54,2276.63,3296.17,2276.63,-0.010429939279740563,-0.0427653765858359,-0.11847111150548484,-0.2723999133329874
2022-09-16,2418.59,2453.95,2371.11,2382.78,1693517.0,2430.038,2434.455,2480.036,2774.5401666666667,2767.1051666666667,35.46650508965756,-84.02679325715962,-92.8079811950365,8.78118793787688,2480.036,2708.495754302604,2251.576245697396,0.18423906290279968,0.2871485060970947,82.49535360828948,2702.1,2276.63,3296.17,2276.63,-0.000629120740852529,-0.05742224894578185,-0.11586798018589639,-0.26783267064484606
2022-09-23,2388.73,2389.85,2285.71,2290.0,2094722.0,2389.5,2430.357,2462.3105000000005,2759.3348333333333,2768.00625,30.186493960823213,-90.31085678955606,-92.30855631394041,1.997699524384359,2462.3105000000005,2691.9830557375244,2232.6379442624766,0.1865504417395969,0.12487790618544414,84.04139977912594,2702.1,2276.63,3296.17,2276.63,-0.03893771141271962,-0.08131376143844604,-0.13405508014717293,-0.2848934522471209
2022-09-30,2260.8,2260.8,2134.77,2155.49,3164839.0,2324.3920000000003,2406.592,2439.873,2740.7536666666665,2768.1995,24.493378147652365,-104.93522728599737,-94.8338905083518,-10.101336777645571,2439.873,2695.87043061993,2183.87556938007,0.20984488177862545,-0.05544112163807835,89.12629979490266,2685.9,2276.63,3296.17,2276.63,-0.05873799126637569,-0.13121163387786539,-0.17231514760544342,-0.340901307501315
2022-10-07,2189.51,2253.93,2180.84,2232.84,2348490.0,2289.0780000000004,2384.726,2419.5505,2725.1128333333336,2768.9621666666667,32.38995714056837,-109.02685400217206,-97.67248320711586,-11.354370795056198,2419.5505,2673.5224927452746,2165.578507254725,0.20993320267154975,0.1324191144429379,89.79156409526676,2685.9,2134.77,3275.15,2134.77,0.035885111969900185,-0.07328350094006408,-0.153999749932747,-0.29592058752116646
2022-10-14,2193.02,2220.54,2162.87,2212.55,2823830.0,2254.732,2356.901,2398.2755,2710.9801666666667,2769.6113333333337,31.46050705026991,-112.60864867721284,-100.65971630113526,-11.948932376077579,2398.2755,2646.69592126002,2149.8550787399804,0.20716587502980352,0.12618713256749026,88.37573808846201,2685.9,2134.77,3215.13,2134.77,-0.009087081922573903,-0.07202593655107625,-0.16129337957961376,-0.2770649336221741
2022-10-21,2187.17,2266.8,2177.66,2213.12,3720420.0,2220.8,2325.419,2375.3990000000003,2695.6338333333333,2770.1172500000002,31.519957783049065,-114.08613853740462,-103.34500074838914,-10.741137789015482,2375.3990000000003,2602.639636497977,2148.158363502024,0.19132839282830086,0.1429357827435819,88.43032822500047,2685.9,2134.77,3215.13,2134.77,0.00025762129669382183,-0.07120254492651457,-0.17131784397056904,-0.2938128210855484
2022-10-28,2248.26,2292.65,2229.85,2268.4,2480148.0,2216.48,2302.9900000000002,2359.0254999999997,2680.0895,2771.101833333333,37.20842864988825,-109.53378855849633,-104.58275831041058,-4.951030248085743,2359.0254999999997,2566.713260108788,2151.3377398912116,0.1760792836777628,0.2818227228399751,87.7945904946433,2662.04,2134.77,3215.13,2134.77,0.024978311162521694,-0.009432314410480314,-0.12615038503468967,-0.29135973708708984
2022-11-04,2293.75,2348.43,2273.73,2348.43,2436096.0,2255.068,2289.73,2354.4004999999997,2667.134,2772.3288333333335,44.40809750358138,-98.3347247452948,-103.33315159738743,4.998426852092621,2354.4004999999997,2558.6783174423385,2150.122682557661,0.1735285202686109,0.48538632320740066,87.23997688788305,2550.32,2134.77,3206.25,2134.77,0.03528037383177551,0.08951096966351035,-0.03789539232997263,-0.24868511977886987
2022-11-11,2360.22,2486.46,2354.22,2483.16,3230691.0,2305.132,2297.105,2360.2285,2656.178166666666,2774.6848333333332,53.975543421566236,-77.69221349853797,-98.20496397761755,20.512750479079585,2360.2285,2572.076560106779,2148.380439893221,0.17951487333262778,0.7901407261837512,90.86783568160571,2546.35,2134.77,3167.68,2134.77,0.05737024309858074,0.11210834632127686,0.0492520916082142,-0.20931313703825183
2022-11-18,2485.18,2499.43,2442.87,2444.48,3510504.0,2351.518,2303.125,2367.1815,2644.8321666666666,2776.3107499999996,51.24861671326993,-63.71950852175087,-91.30787288644423,27.588364364693362,2367.1815,2580.5007266323073,2153.862273367693,0.1802305624915598,0.6811803399541602,88.41727599006244,2546.35,2134.77,3146.86,2134.77,-0.015576926174712846,0.10482474972317002,0.060318727173356734,-0.21782647092703278
2022-11-25,2446.05,2449.66,2401.5,2437.86,2478064.0,2396.466,2308.6330000000003,2371.544,2635.1435,2777.0290000000005,50.775803662634814,-52.57417546561555,-83.5611334022785,30.986957936662947,2371.544,2586.8882220632017,2156.199777936798,0.1816067693141699,0.6539767340043537,85.54175627648654,2546.35,2134.77,3146.35,2134.77,-0.0027081424270192223,0.10154894447657625,0.037118024682954553,-0.19254234593498887
2022-12-02,2425.05,2501.43,2401.1,2434.33,2455027.0,2429.652,2323.066,2376.7115,2626.444,2777.2526666666668,50.50821314983201,-43.52453645621517,-75.55381401306583,32.02927755685066,2376.7115,2592.8726678609405,2160.5503321390593,0.1818993747124467,0.6332767133203749,86.59805939959465,2546.35,2134.77,3051.65,2134.77,-0.0014479912710329002,0.07314847469582086,0.04433757475396605,-0.17656191861448445
2022-12-09,2442.17,2442.22,2357.2,2389.04,1754420.0,2437.774,2346.421,2376.5065,2616.010333333333,2777.956416666667,47.08003795056727,-39.551234822568404,-68.35329817496634,28.802063352397937,2376.5065,2592.6127277006512,2160.4002722993487,0.18186882947776603,0.5289984701814362,86.48534087105217,2546.35,2134.77,3051.65,2134.77,-0.018604708482416132,0.01729240386130315,-0.0017132303166550455,-0.2076310255848971
2022-12-16,2373.58,2400.18,2326.83,2360.02,2146146.0,2413.1459999999997,2359.139,2371.9325,2605.2413333333334,2778.00825,44.97364745663446,-38.302508644383124,-62.3431402688497,24.040631624466577,2371.9325,2585.3517392334993,2158.5132607665005,0.17995388927256523,0.4720913165027109,85.5471022374056,2546.35,2134.77,3051.65,2134.77,-0.012147138599604812,-0.04959003849933141,-0.037315929023047145,-0.21493865928626554
2022-12-23,2350.78,2358.76,2311.9,2313.69,1932522.0,2386.9880000000003,2369.2529999999997,2363.077,2594.2915,2777.5535833333333,41.76127834268247,-40.583506554415635,-57.99121352596289,17.407706971547256,2363.077,2570.65020011024,2155.5037998897606,0.1756804370828709,0.3810371474405865,82.87373779187662,2546.35,2134.77,3051.65,2134.77,-0.019631189566190033,-0.053504221756774384,-0.07110566886141001,-0.2211581186798981
2022-12-30,2312.54,2335.99,2236.38,2236.4,1643429.0,2346.696,2371.581,2348.5,2582.0769999999998,2776.2178333333336,37.01172909080361,-48.07370712148486,-56.00771224506729,7.9340051235824305,2348.5,2548.5253193973335,2148.4746806026665,0.1703430439832519,0.21978547431457252,84.06918509245685,2546.35,2134.77,3043.83,2134.77,-0.03340551240658862,-0.0826380514057411,-0.11532710428253834,-0.24681824152064313
2023-01-06,2249.95,2300.62,2180.67,2289.97,1999013.0,2317.8239999999996,2373.7380000000003,2338.364,2570.7631666666666,2775.197583333333,41.940461218680596,-49.12085905156482,-54.6303416063668,5.509482554801977,2338.364,2528.4328700866217,2148.2951299133783,0.16256568274795685,0.3726935137301936,86.63210044299564,2546.35,2134.77,3043.83,2134.77,0.02395367554999095,-0.059301738055234976,-0.08132579662934425,-0.22865467528967942
2023-01-13,2315.87,2397.01,2312.56,2386.09,2513682.0,2317.234,2377.504,2333.6169999999997,2561.014333333333,2776.09175,49.56607942999354,-41.71380305317689,-52.04703389572882,10.333230842551934,2333.6169999999997,2513.6749796732292,2153.55902032677,0.15431665065281022,0.6457113983374377,88.08980755421027,2501.43,2134.77,3043.83,2134.77,0.04197434900893904,-0.0012348056122960527,-0.03826636517897808,-0.196878513103244
2023-01-20,2390.06,2410.22,2354.56,2395.26,2264569.0,2324.282,2368.714,2332.9095,2551.9946666666665,2776.6531666666665,50.237575179079094,-34.703673105115286,-48.578361737606116,13.87468863249083,2332.9095,2511.8785753705934,2153.940424629407,0.15342993405495853,0.6741935020642258,85.77339272890953,2501.43,2134.77,3043.83,2134.77,0.003843107342975438,0.014932076846806419,-0.005872807035747218,-0.18429799348871412
2023-01-27,2426.58,2497.4,2421.51,2484.02,1546207.0,2358.348,2372.668,2337.8965000000003,2543.922833333333,2777.4203333333335,56.30230806285327,-21.735352797031737,-43.20975994949124,21.474407152459506,2337.8965000000003,2527.552874137558,2148.2401258624427,0.1622453125170918,0.8852322408473772,86.942436105416,2501.43,2134.77,3043.83,2134.77,0.03705651996025483,0.07361833262018669,0.041832335128424436,-0.16315908271654433
2023-02-03,2484.64,2491.13,2423.37,2480.4,2948879.0,2407.148,2376.922,2342.7774999999997,2535.0923333333335,2778.577583333333,56.00253418691613,-11.616066483894429,-36.891021256371886,25.274954772477457,2342.7774999999997,2541.606037677581,2143.9489623224185,0.16973744854351827,0.8460833681309069,85.5722620978863,2501.43,2134.77,3043.83,2134.77,-0.001457315158493011,0.10910391700947941,0.04096895223226649,-0.1760098065596316
2023-02-10,2461.82,2487.35,2432.4,2469.73,2706715.0,2443.1,2380.4620000000004,2351.764,2525.9590000000003,2779.4852499999997,55.07177529617117,-4.406641976634546,-30.39414540042442,25.987503423789875,2351.764,2556.4003926969135,2147.1276073030867,0.17402800000077676,0.7882331887435075,83.38495766232298,2501.43,2134.77,3043.83,2134.77,-0.004301725528140676,0.07849884496303461,0.07848471615720531,-0.181593449380826
2023-02-17,2461.96,2480.34,2424.16,2451.21,2124972.0,2456.1240000000003,2386.679,2366.55,2516.6053333333334,2781.019083333333,53.412443607450875,-0.1853932375943259,-24.3523949678584,24.167001730264076,2366.55,2554.365746943662,2178.7342530563383,0.15872535711788205,0.7253804629741586,81.44174640072849,2501.43,2134.77,3025.77,2134.77,-0.007498795414883408,0.027291510378904427,0.13719386311233195,-0.18630142443143904
2023-02-24,2453.25,2466.07,2416.16,2423.61,2083048.0,2461.7940000000003,2393.038,2376.0885000000003,2507.3713333333335,2781.078333333333,50.94872970681716,0.922256267209832,-19.297464720844754,20.219720988054586,2376.0885000000003,2554.9356939142626,2197.241306085738,0.15053916881821727,0.6328550338418538,79.18947880067648,2501.43,2162.87,3020.29,2134.77,-0.011259745187070846,0.01183587585481316,0.08543827591766529,-0.18606619313888473
2023-03-03,2405.42,2442.1,2383.76,2432.07,1687232.0,2451.404,2404.876,2387.0645,2498.657666666667,2780.563333333333,51.68439657737854,2.454434582743943,-14.947084860127015,17.401519442870956,2387.0645,2550.7173213597493,2223.4116786402506,0.1371163798546285,0.6375029761969914,77.70023031491385,2501.43,2162.87,3010.77,2134.77,0.0034906606260909356,-0.020913680244120325,0.09921583693023894,-0.17693382833201898
2023-03-10,2452.46,2475.73,2383.19,2394.59,2197440.0,2434.242,2420.695,2396.138,2489.8688333333334,2779.2390833333334,48.23304261896161,0.6370308745977127,-11.83026171318207,12.467292587779783,2396.138,2539.011794462127,2253.264205537873,0.11925339397157182,0.49458263145516823,78.76021386384858,2501.43,2177.66,2982.14,2134.77,-0.015410740644800525,-0.034595226576358606,0.08199736119144019,-0.18047379805059682
2023-03-17,2400.45,2413.24,2346.11,2395.69,1993937.0,2419.434,2431.267,2402.5025,2482.5588333333335,2777.25775,48.34207231901614,-0.7063712428903273,-9.605483619123723,8.899112376233395,2402.5025,2532.838736384999,2272.1662636150013,0.10850039605369714,0.47386567163149995,77.92948430214508,2501.43,2180.67,2919.67,2134.77,0.00045936882723141004,-0.029978985557125637,0.05611444189737247,-0.15474774987739426
2023-03-24,2391.87,2424.48,2378.7,2414.96,2241004.0,2412.184,2434.154,2405.829,2478.4191666666666,2774.6203333333333,50.31622385732245,-0.21363647747102732,-7.727114190793183,7.513477713322156,2405.829,2533.8506501846714,2277.807349815329,0.1064262257913353,0.5356619368162666,75.6330925662776,2501.43,2180.67,2828.11,2134.77,0.00804361165259282,-0.014788614602584071,0.028329564858224465,-0.09325884040340326
2023-03-31,2423.94,2481.24,2395.97,2476.86,2845745.0,2422.834,2442.314,2405.514,2473.8625000000006,2772.1770000000006,56.117558370244154,5.112735620535659,-5.159144228527415,10.271879849063074,2405.514,2532.801901608937,2278.2260983910633,0.10583010667070478,0.7802544432667072,76.32144309725777,2501.43,2180.67,2788.27,2134.77,0.025631894524132948,0.021971356777699347,-0.0025370898371428474,-0.09940878316959123
2023-04-07,2485.81,2497.61,2458.5,2490.41,3615370.0,2434.502,2442.953,2407.8105000000005,2469.5741666666663,2769.828916666667,57.2931175865503,10.308466060620049,-2.0656221706979228,12.374088231317971,2407.8105000000005,2539.411831980366,2276.209168019635,0.10931203429868383,0.8138247111827215,73.66348287602509,2501.43,2180.67,2788.27,2134.77,0.005470636208747992,0.023987796403886374,0.018789272156041203,-0.09364161428971773
2023-04-14,2491.68,2581.74,2490.17,2571.49,4120739.0,2469.882,2452.062,2414.492,2466.6903333333335,2767.8675,63.58021553394755,20.72963986911236,2.4934302372641346,18.236209631848226,2414.492,2563.883907625569,2265.1000923744314,0.12374603653734931,1.025456841991383,74.94251981345184,2501.43,2180.67,2770.66,2134.77,0.032556888223224334,0.07387485957930151,0.054814468427226926,-0.06304563275181096
2023-04-21,2570.3,2582.23,2532.32,2544.4,4551499.0,2499.624,2459.529,2419.9955,2464.4843333333333,2765.12525,60.3817756970241,26.497116330248446,7.294167455860998,19.20294887438745,2419.9955,2579.6617032460426,2260.3292967539574,0.13195578524509044,0.8895768092145809,73.15448268391955,2581.74,2180.67,2769.18,2134.77,-0.010534748336567423,0.06207397451256225,0.04521572670919727,-0.04944783992588053
2023-04-28,2538.36,2541.89,2465.83,2501.53,4413864.0,2516.938,2464.561,2425.62,2460.9526666666666,2759.7031666666667,55.61386178585658,27.294003969825553,11.29413475865391,15.999869211171644,2425.62,2588.422588431532,2262.817411568468,0.13423585593088122,0.7331351139171994,73.54130534935389,2582.23,2180.67,2769.18,2134.77,-0.01684876591730855,0.03584738463577053,0.04708585875498117,-0.07809304091131875
2023-05-05,2504.01,2524.42,2486.09,2500.94,2401186.0,2521.754,2472.294,2432.666,2458.2803333333336,2754.8285,55.54885168769625,27.56023783023693,14.547355372970513,13.012882457266416,2432.666,2595.6998824171437,2269.6321175828566,0.134037210547723,0.709385923305537,71.02621211011433,2582.23,2180.67,2769.18,2134.77,-0.00023585565633832406,0.00972198670897817,0.05971135837831887,-0.060249203390849604
2023-05-12,2518.53,2525.84,2472.45,2475.42,3489182.0,2518.7560000000003,2476.629,2440.7525,2454.4203333333335,2749.285083333333,52.680320858339975,25.418965352436317,16.721677368863674,8.697287983572643,2440.7525,2595.1966778605047,2286.3083221394954,0.12655455877685642,0.6122331073927306,69.76648267367761,2582.23,2180.67,2769.18,2134.77,-0.010204163234623809,-0.006019089226271923,0.06990132645254987,-0.08555533390961279
2023-05-19,2469.8,2538.31,2455.99,2537.79,2820583.0,2512.016,2490.949,2455.822,2451.217166666667,2745.6315833333338,58.342199190704804,28.427040016810224,19.062749898452985,9.36429011835724,2455.822,2584.180525949808,2327.4634740501924,0.10453406309562151,0.8192931649591082,70.66316248270066,2582.23,2180.67,2769.18,2134.77,0.02519572436192652,-0.013105242485873858,0.13476569486675016,-0.07039978314859452
2023-05-26,2540.03,2577.32,2533.5,2558.81,3794417.0,2514.898,2507.261,2469.264,2448.199833333333,2740.94975,60.07598178051692,32.13664791605697,21.677529501973783,10.45911841408319,2469.264,2580.4983929547325,2358.0296070452678,0.09009518055155896,0.9025103999823203,68.74579373393634,2582.23,2180.67,2769.18,2134.77,0.008282797236966122,0.005663417701619267,0.1173989178897541,-0.06607661003339593
2023-06-02,2582.41,2601.38,2565.0,2601.36,2572687.0,2534.864,2525.901,2480.0275,2446.549333333334,2736.789583333333,63.39696675684242,38.07110825972859,24.956245253524745,13.114863006203844,2480.0275,2598.4165460938348,2361.6384539061655,0.09547397848921806,1.0124312763861294,66.87609418151233,2582.23,2312.56,2769.18,2134.77,0.016628823554699412,0.039907576563143365,0.0902187260329661,-0.036672480641685046
2023-06-09,2617.43,2644.7,2595.33,2641.16,2248041.0,2562.908,2542.331,2492.3225,2445.634333333334,2732.902416666667,66.22687349715741,45.461684218334085,29.057333046486615,16.40435117184747,2492.3225,2623.345127187095,2361.2998728129055,0.10514098972913394,1.067983955120462,65.62565888283287,2601.38,2346.11,2737.54,2134.77,0.015299689393240445,0.056066918838516555,0.10266108898407666,-0.02036304830011204
2023-06-16,2647.49,2650.45,2602.52,2625.79,3161891.0,2592.982,2555.869,2499.411,2444.319,2729.6760833333333,64.16377283398597,49.50784277030925,33.147434991251146,16.360407779058107,2499.411,2642.641129218711,2356.1808707812893,0.11461110575148366,0.9411746351461452,64.36168324834479,2644.7,2346.11,2737.54,2134.77,-0.005819412682306235,0.06074524727117003,0.05707280939767001,-0.029178728958002886
2023-06-23,2618.06,2619.44,2568.07,2570.1,3243416.0,2599.4440000000004,2555.73,2503.896,2442.2365,2725.87475,57.20963382767195,47.67121094897584,36.05219018279608,11.619020766179759,2503.896,2650.051781055724,2357.7402189442764,0.11674269303175831,0.726484370039248,63.887277302034434,2650.45,2346.11,2702.1,2134.77,-0.021208855239756463,0.012731549891835003,0.03616352201257844,-0.04636277620081275
2023-06-30,2568.65,2590.52,2541.72,2564.28,2624471.0,2600.5379999999996,2557.718,2508.6235,2440.8993333333333,2721.7905,56.52020780024764,45.22471922629029,37.886695991494925,7.338023234795365,2508.6235,2656.1629784151305,2361.08402158487,0.11762584414530945,0.6886156186732608,62.809614637603424,2650.45,2346.11,2702.1,2134.77,-0.002264503326718681,0.0021377124522727886,0.038283537066804874,-0.030338323545760826
2023-07-07,2580.89,2607.66,2515.07,2526.71,3038671.0,2585.608,2560.236,2512.3985000000002,2439.6071666666667,2717.517,52.15117320498,39.79553375437126,38.268463544070194,1.5270702103010692,2512.3985000000002,2657.715592907231,2367.0814070927695,0.1156799710772242,0.5492423145608072,64.93678502063173,2650.45,2346.11,2685.9,2134.77,-0.014651286130999752,-0.02869652796998501,0.030801114551588737,-0.029770681657604436
2023-07-14,2528.08,2628.3,2517.67,2628.3,3008356.0,2583.036,2572.972,2522.6330000000003,2439.424,2714.07775,60.94293291907047,43.192433640994295,39.253257563455016,3.9391760775392797,2522.6330000000003,2670.3084194983344,2374.957580501666,0.11708038347102738,0.8577677326360732,68.20058609058663,2650.45,2346.11,2685.9,2134.77,0.04020643445429051,-0.004869072680185882,0.08445665763055943,-0.004163998651152356
2023-07-21,2617.67,2627.12,2570.58,2609.76,2358083.0,2579.83,2586.406,2531.5175,2438.9525000000003,2709.8857500000004,58.818882893479504,43.88262661608678,40.17913137398137,3.7034952421054115,2531.5175,2677.702942486621,2385.332057513379,0.11549234203328321,0.7676138563084388,67.45197279840188,2650.45,2346.11,2685.9,2134.77,-0.007053989270631167,-0.006104829403722256,0.07306121945503219,-0.010723830101779686
2023-07-28,2608.47,2646.71,2580.98,2608.32,3184372.0,2587.4739999999997,2593.459,2542.2039999999997,2437.9136666666664,2705.5227499999996,58.64790838508857,43.80841739012112,40.90498857720932,2.903428812911798,2542.2039999999997,2677.6413479362664,2406.766652063733,0.10655112487925174,0.7440833381908547,67.32897474137319,2650.45,2346.11,2685.9,2134.77,-0.0005517748758506746,0.014871016691957673,0.08925536313105797,-0.02333888753674196
2023-08-04,2628.87,2668.21,2591.3,2602.8,3087726.0,2595.1780000000003,2597.858,2552.5595000000003,2438.0291666666667,2700.5575833333337,57.95248716260553,42.810693154505316,41.28612949266852,1.524563661836794,2552.5595000000003,2672.3736656859055,2432.745334314095,0.09387766724803492,0.7096601003411658,68.01333368841794,2650.45,2346.11,2662.04,2134.77,-0.0021163047478837127,0.015021760494173808,0.08645108507361132,0.0026696252123565856
2023-08-11,2591.58,2616.84,2568.15,2591.26,2853562.0,2608.088,2596.8480000000004,2561.3745000000004,2440.5346666666665,2695.600583333333,56.44561288523474,40.62055942968436,41.15301548007169,-0.5324560503873244,2561.3745000000004,2664.123897365677,2458.625102634324,0.08022989013568806,0.6454290767937055,66.63309556781667,2668.21,2378.7,2668.21,2134.77,-0.004433686798832048,0.025547055261585294,0.07300327955742536,0.06158718193475443
2023-08-18,2586.51,2592.91,2482.06,2504.5,2602432.0,2583.3280000000004,2583.182,2562.7565000000004,2442.8329999999996,2690.2392499999996,46.629041181049374,31.52070469451428,39.22655332296021,-7.705848628445928,2562.7565000000004,2661.590707494216,2463.9222925057848,0.07713117301172831,0.2052816960999565,69.79144588440118,2668.21,2395.97,2668.21,2134.77,-0.03348178106403843,-0.04710268995167988,0.011159290391867138,0.05826924702104286
2023-08-25,2511.7,2539.44,2499.89,2519.14,2436962.0,2565.204,2572.5170000000003,2564.193,2446.395,2684.58875,48.264079909735656,25.199841814315278,36.42121102123122,-11.221369206915945,2564.193,2659.5534899526515,2468.832510047349,0.07437855883129801,0.2637753328324434,67.63134260694397,2668.21,2455.99,2668.21,2134.77,0.005845478139349103,-0.03472349947887943,0.011536253066764202,0.09270328183151011
2023-09-01,2534.42,2578.62,2525.64,2563.71,2255493.0,2556.282,2571.878,2563.804,2449.9466666666663,2679.6753333333336,52.98617636221659,23.515862727956574,33.84014136257629,-10.324278634619716,2563.804,2659.105706049838,2468.5022939501623,0.07434398733275849,0.4995068293953159,67.04910384930513,2668.21,2455.99,2668.21,2134.77,0.017692545868828402,-0.01710296282664714,-0.0030254832801215326,0.09065731873854022
2023-09-08,2566.93,2586.65,2530.05,2547.68,1922338.0,2545.2580000000003,2570.218,2563.968,2453.5583333333334,2674.6025,51.17695104403715,20.64977241553379,31.202067573167792,-10.552295157634003,2563.968,2659.1467855775104,2468.7892144224893,0.07424334904141593,0.4144347140953191,66.30273928864047,2668.21,2455.99,2668.21,2134.77,-0.0062526572818298876,-0.021177193791301785,0.0012891054865586948,0.09296519060652586
2023-09-15,2549.88,2611.0,2528.18,2601.28,2042295.0,2547.2619999999997,2577.675,2568.9555,2457.0273333333334,2669.7070833333337,56.52270035945257,22.444718496506994,29.450597757835634,-7.005879261328641,2568.9555,2660.924173465533,2476.986826534467,0.07160005182303306,0.6757364697236523,67.48254362516616,2668.21,2455.99,2668.21,2134.77,0.021038748979463895,0.0038668447010334894,0.039875596135165337,0.08697359953868156
2023-09-22,2588.69,2596.55,2486.14,2508.13,2121160.0,2547.9880000000003,2565.6580000000004,2569.3149999999996,2457.9711666666667,2663.6074999999996,46.90988109844542,16.164465785057928,26.793371363280094,-10.628905578222167,2569.3149999999996,2660.2679910448783,2478.362008955121,0.07079940843756308,0.1636449263674619,70.88664765194002,2668.21,2455.99,2668.21,2134.77,-0.03580929388608689,0.0014493910960271528,0.002874919030444678,0.023100142769732823
2023-09-29,2504.1,2509.38,2445.51,2465.07,1232332.0,2537.174,2551.189,2568.7974999999997,2457.5423333333333,2657.072083333333,43.248268069434275,7.624843680246613,22.9596658266734,-15.334822146426788,2568.7974999999997,2661.972202333894,2475.6227976661053,0.07254343897009742,-0.05662909245628085,70.3854585339443,2668.21,2455.99,2668.21,2134.77,-0.017168169114041065,-0.021463674111006026,-0.004181108660348487,-0.010330014453187708
2023-10-06,2435.78,2435.78,2402.5,2408.73,1165973.0,2506.178,2531.23,2562.3445,2455.5555000000004,2649.9120833333336,38.96291104396738,-3.6469952187389936,17.638333617590924,-21.285328836329917,2562.3445,2678.3056496105905,2446.3833503894098,0.0905117556289487,-0.16235329899648987,69.82721149580544,2668.21,2445.51,2668.21,2134.77,-0.022855334736944677,-0.060451455117778496,-0.050855271712789474,-0.04715697366234961
2023-10-13,2436.58,2479.82,2402.44,2456.15,1961289.0,2487.8720000000003,2516.565,2557.2115000000003,2454.9465,2642.8563333333336,43.99315224480119,-8.653854809468612,12.379895932179018,-21.03375074164763,2557.2115000000003,2682.089653778032,2432.333346221969,0.09766744266403575,0.09535956873755856,70.36669638896221,2668.21,2402.5,2668.21,2134.77,0.01968672287886153,-0.0359268039942221,-0.04012021212985717,-0.014658862513990845
2023-10-20,2442.43,2466.87,2364.01,2375.0,3487432.0,2442.6160000000004,2494.939,2545.8935,2453.1793333333335,2635.299833333333,38.19240824762854,-18.951492895545016,6.113618166634212,-25.065111062179227,2545.8935,2691.950177118883,2399.8368228811173,0.11473903140008238,-0.08502460610171689,72.68764664689346,2668.21,2402.44,2668.21,2134.77,-0.033039513059055836,-0.08698794439660484,-0.0870160223882892,-0.042736282914757284
2023-10-27,2370.07,2389.9,2293.05,2302.81,2326851.0,2401.552,2474.7699999999995,2528.9759999999997,2451.402666666667,2627.6736666666666,33.90902335926138,-32.562217972720646,-1.6215490612367596,-30.940668911483886,2528.9759999999997,2702.7302002255174,2355.221799774482,0.13741071502894273,-0.15082167713487238,74.4135290292582,2668.21,2364.01,2668.21,2134.77,-0.030395789473684265,-0.08186178547363976,-0.12810658952884335,-0.044243196467184887
2023-11-03,2292.34,2370.28,2273.97,2368.34,2154105.0,2382.206,2459.6899999999996,2516.1035,2451.137,2620.1022500000004,40.439111366896014,-37.62734767167376,-8.82270878332416,-28.8046388883496,2516.1035,2697.249606364474,2334.9573936355264,0.14398939182308976,0.09214276540205207,75.9775626700255,2668.21,2293.05,2668.21,2134.77,0.028456537881978994,-0.03924026498233313,-0.09804668309346898,-0.006685456406126833
2023-11-10,2399.8,2502.37,2393.64,2409.66,2160977.0,2382.3920000000003,2444.285,2508.0815,2451.585,2613.0625833333334,44.184012089206206,-37.870770111916954,-14.63232104904272,-23.238449062874235,2508.0815,2693.120472249116,2323.0425277508834,0.14755419411140855,0.2340519707721465,80.12416533645224,2668.21,2273.97,2668.21,2134.77,0.017446819291148996,0.0003860955773373753,-0.062425586553052415,0.011280940749880175
2023-11-17,2431.24,2491.98,2399.04,2469.85,1830345.0,2385.132,2436.502,2503.3599999999997,2454.5825,2606.958666666667,49.19511505313087,-32.82842848974951,-18.27154253718408,-14.556885952565434,2503.3599999999997,2687.2374761628216,2319.4825238371777,0.1469045412268487,0.40887954115074177,81.03958209813423,2668.21,2273.97,2668.21,2134.77,0.02497862769021353,0.005577835229932937,-0.03682515169950251,0.07853711790393003
2023-11-24,2464.72,2522.2,2464.04,2496.63,1828603.0,2409.458,2426.0370000000003,2501.856,2460.268166666667,2600.510916666667,51.29047906885753,-26.367466495290955,-19.890727328805454,-6.476739166485501,2501.856,2685.4367513221614,2318.275248677839,0.1467556496634188,0.485766481609967,79.40532623398178,2668.21,2273.97,2668.21,2134.77,0.01084276373059101,0.0512126315789474,-0.011904809020425788,0.158265637975588
2023-12-01,2501.83,2535.29,2489.18,2505.01,2567985.0,2449.898,2425.725,2495.6915,2464.804333333333,2594.958583333333,51.958194569885954,-20.336485257520962,-19.979878914548557,-0.35660634297240534,2495.6915,2669.9162414433695,2321.4667585566303,0.1396204149778685,0.5267427574373219,77.02708864584024,2668.21,2273.97,2668.21,2162.87,0.003356524595154342,0.08780576773594007,-0.04690864817562679,0.12189409003779939
2023-12-08,2522.22,2525.63,2481.0,2517.85,2195591.0,2479.8,2431.0029999999997,2491.0960000000005,2469.8926666666666,2590.4364166666664,53.02084037587403,-14.355329185108076,-18.85496896866046,4.499639783552386,2491.0960000000005,2657.7263133766755,2324.4656866233254,0.13378072412839573,0.5802795105459619,74.71301088542309,2668.21,2273.97,2668.21,2162.87,0.00512572804100575,0.06312860484558791,-0.03521779780516232,0.13798558224672886
2023-12-15,2524.79,2574.23,2509.89,2563.56,2186409.0,2510.58,2446.486,2488.858,2475.733333333333,2585.6835833333334,56.69328561909424,-5.85926298381537,-16.255827771691443,10.396564787876073,2488.858,2650.2505022546247,2327.4654977453756,0.12969201316798673,0.7314295861221126,73.9720815364643,2668.21,2273.97,2668.21,2177.66,0.018154377742915617,0.06386793157540893,-0.01716047110783958,0.15834658762290355
2023-12-22,2568.77,2621.37,2556.05,2599.51,2392050.0,2536.5119999999997,2460.822,2488.6935000000003,2481.2518333333337,2580.670666666667,59.382559274943006,3.731777635247454,-12.258306690303664,15.990084325551118,2488.6935000000003,2649.627177926682,2327.7598220733184,0.1293318586050728,0.8442924483789082,73.35407571243111,2668.21,2273.97,2668.21,2180.67,0.014023467365694708,0.05249711520942579,-0.0012640233594590766,0.14596631987303832
2023-12-29,2609.44,2655.28,2590.08,2655.28,1250248.0,2568.242,2488.85,2491.8945,2486.366,2576.75,63.200332196104114,15.652487207045397,-6.676147910833851,22.328635117879248,2491.8945,2663.0812345883114,2320.7077654116883,0.13739484925089046,0.9772142549273094,72.77164173297176,2621.37,2273.97,2668.21,2180.67,0.0214540432619994,0.06354565954907221,0.02470612752097434,0.1306617612617793
2024-01-05,2645.47,2675.8,2572.6,2578.08,2165470.0,2582.856,2516.377,2495.5735,2487.948,2572.0630833333335,55.433072465675174,18.655293997404897,-1.6098595291861018,20.265153526591,2495.5735,2670.800684794509,2320.346315205491,0.14043039389103062,0.735427225794777,74.94509589490238,2655.28,2273.97,2668.21,2180.67,-0.02907414660600771,0.02916954423335616,0.029379117588340886,0.03822548687962124
2024-01-12,2584.23,2599.37,2517.76,2525.05,3259979.0,2584.296,2532.0480000000002,2495.8689999999997,2489.2908333333335,2567.0615000000003,50.81335566433489,16.5650110668048,2.0251145900120786,14.539896476792721,2495.8689999999997,2671.273999461272,2320.4640005387273,0.1405562547243244,0.5831817795662185,75.4211604738379,2675.8,2273.97,2675.8,2180.67,-0.020569571153726707,0.0028595825803763297,0.0023460387275022754,0.0329599751276346
2024-01-19,2525.69,2536.06,2429.12,2472.74,3517590.0,2566.132,2538.356,2491.3205000000003,2489.8721666666665,2562.5078333333336,46.68067974029515,10.565672462297243,3.733226164469112,6.832446297828131,2491.3205000000003,2664.1518290436925,2318.489170956308,0.13874676425108065,0.4462467247610435,77.67250615427807,2675.8,2273.97,2675.8,2180.67,-0.020716421457001033,-0.03542729641592168,-0.03548373255945492,0.014307630462782717
2024-01-26,2489.57,2502.61,2452.36,2478.56,1905690.0,2541.942,2539.227,2487.8645,2490.6093333333333,2558.5266666666666,47.1952555511433,6.209202929280764,4.228421517431443,1.9807814118493212,2487.8645,2658.8036119054063,2316.925388094594,0.13741834565781713,0.4727841688883084,75.71375571468677,2675.8,2273.97,2675.8,2180.67,0.0023536643561394843,-0.04652799950759956,-0.027130565848144106,0.01816927039472871
2024-02-02,2490.93,2615.34,2483.81,2615.31,2711019.0,2533.948,2551.095,2488.566,2494.3804999999998,2555.1954166666665,57.559435568202055,13.634086310201837,6.109554475985522,7.524531834216315,2488.566,2661.4650096443843,2315.6669903556153,0.13895473107354556,0.8665261017419501,80.07563030649487,2675.8,2273.97,2675.8,2180.67,0.05517316506358538,-0.015053026422825577,0.005393498585311685,0.09471168335398317
2024-02-09,2612.77,2629.51,2562.5,2620.32,1871487.0,2542.3959999999997,2562.626,2494.1755000000003,2498.7188333333334,2551.9800833333334,57.885563555568545,19.695586550978078,8.826760890984033,10.868825659994044,2494.1755000000003,2676.2839151240933,2312.0670848759073,0.14602694567731336,0.846344511081605,79.14237099888811,2675.8,2273.97,2675.8,2180.67,0.0019156428874589349,0.016384285980264535,0.04473053629596557,0.11029567546037744
2024-02-16,2644.17,2656.87,2601.99,2648.76,2318115.0,2567.138,2575.717,2503.36,2504.3033333333337,2549.297416666667,59.77519628407126,26.488892021090578,12.359187117005343,14.129704904085235,2503.36,2696.8435967207793,2309.876403279221,0.15457912303526392,0.8757424465543463,77.40934449896754,2675.8,2273.97,2675.8,2180.67,0.010853636197105665,0.048993089245757515,0.07451715367109246,0.14482061123140966
2024-02-23,2653.12,2694.8,2643.93,2667.7,2469284.0,2606.13,2586.1310000000003,2516.3085,2511.491666666667,2546.7843333333335,61.02926146811734,33.02029782222053,16.49140925804838,16.528888564172146,2516.3085,2717.2458218966785,2315.3711781033217,0.15970801823121325,0.8767132421468345,75.5136770347556,2675.8,2273.97,2675.8,2180.67,0.007150515713012728,0.0788437118338361,0.10751308780975855,0.19285458773028075
2024-03-01,2657.35,2659.6,2619.38,2642.36,2023580.0,2638.89,2590.416,2525.6189999999997,2517.3648333333335,2544.064,58.40569140820238,35.73977190775258,20.34108178798922,15.398690119763362,2525.6189999999997,2731.733174175405,2319.5048258245943,0.16321873899064385,0.7831949827493488,73.57127153227304,2694.8,2273.97,2694.8,2180.67,-0.009498819207556908,0.0660867600542252,0.07581377358874652,0.15388411201893493
2024-03-08,2664.52,2688.0,2630.16,2680.35,2157416.0,2651.898,2592.923,2540.8864999999996,2522.269166666667,2541.6417500000002,61.10525083958924,40.4936644601471,24.371598322420798,16.122066137726303,2540.8864999999996,2745.341351766862,2336.4316482331374,0.16093190448834474,0.8410618500729664,72.44760927996785,2694.8,2273.97,2694.8,2273.97,0.014377299081124395,0.024868944790483738,0.12856842105263144,0.12332309342899883
2024-03-15,2665.58,2718.76,2658.74,2666.84,2488350.0,2661.202,2601.799,2559.088,2526.7955,2539.3950833333333,59.62326026245278,42.67903709281882,28.033086076500403,14.645951016318413,2559.088,2738.847230260952,2379.3287697390483,0.14048694711627882,0.7997120087896992,71.55992290282731,2694.8,2273.97,2694.8,2273.97,-0.005040386516686146,0.017753556817488025,0.15808077956930888,0.11338226330335743
2024-03-22,2678.52,2763.06,2645.14,2748.56,3159272.0,2681.162,2624.15,2578.0989999999997,2531.2045000000003,2537.563666666667,65.13199327694787,50.423827194281785,32.511234300056685,17.9125928942251,2578.0989999999997,2753.5147240272663,2402.683275972733,0.1360814491819489,0.9858771952892427,74.87135698119678,2718.76,2273.97,2718.76,2273.97,0.030643008204466637,0.03767800782252828,0.16054282746565085,0.10649672707949209
2024-03-29,2756.59,2779.4,2731.7,2746.63,2363339.0,2696.9480000000003,2651.5389999999998,2594.9475,2535.641666666667,2535.3669999999997,64.9067644004306,55.76309206358428,37.16160585276221,18.601486210822074,2594.9475,2767.1142467166947,2422.780753283306,0.13269381882808373,0.9405104437780833,72.93054576825418,2763.06,2393.64,2763.06,2273.97,-0.0007021858718746499,0.02958728492709084,0.13984130541238193,0.10733349459764563
2024-04-05,2766.24,2769.87,2705.31,2714.21,2767784.0,2711.318,2675.1040000000003,2607.1655,2539.7163333333333,2532.837666666667,61.08549063727045,56.724589131401444,41.07420250849005,15.650386622911391,2607.1655,2776.750589141146,2437.580410858854,0.13009154128584932,0.8156070517228865,72.3326496419503,2779.4,2399.04,2779.4,2273.97,-0.011803555629990248,0.027191601447191127,0.09893718241998517,0.09899057791742427
2024-04-12,2718.76,2741.23,2661.92,2681.82,2166745.0,2711.612,2681.755,2616.425,2543.5598333333337,2530.082583333334,57.446630419032154,54.24764707192662,43.70889142117737,10.538755650749252,2616.425,2781.0068599360534,2451.843140063947,0.1258066712678966,0.6986701329824825,72.83103181038241,2779.4,2429.12,2779.4,2273.97,-0.011933490776321554,0.0005484358386032007,0.07417598923348678,0.09408006657936285
2024-04-19,2661.36,2673.26,2553.55,2591.86,2834769.0,2696.616,2678.9090000000006,2620.7675000000004,2546.364,2526.8676666666665,48.758933077351976,44.51251985072031,43.86961710708596,0.6429027436343517,2620.7675000000004,2777.7700056965996,2463.764994303401,0.11981414276283507,0.40793936736314645,76.79095810964081,2779.4,2429.12,2779.4,2273.97,-0.033544384037705766,-0.028115672481288767,0.03467052027736406,0.06942123526474964
2024-04-26,2615.72,2677.85,2604.37,2656.33,1942491.0,2678.17,2679.666,2627.6915,2550.101666666667,2524.379666666667,54.11453365358722,41.52092422327132,43.399878530323036,-1.878954307051714,2627.6915,2777.9997020749724,2477.3832979250274,0.11440323346555145,0.595265925626984,77.44803253038074,2779.4,2429.12,2779.4,2273.97,0.024874028689821026,-0.033555752830573105,0.05499930496256722,0.09220951699581015
2024-05-03,2675.46,2710.23,2665.21,2676.63,1620329.0,2664.17,2680.559,2633.3450000000003,2554.802333333333,2522.335583333333,55.68512288750653,40.32328178896478,42.78455918205139,-2.461277393086611,2633.3450000000003,2782.0767479894957,2484.6132520105048,0.1129603208007272,0.6455136532216946,75.76603020678213,2779.4,2429.12,2779.4,2273.97,0.007642122778420024,-0.025485777115956676,0.04410663296353512,0.11778216730212687
2024-05-10,2718.17,2749.14,2710.25,2727.63,1978462.0,2666.8540000000003,2689.0860000000002,2639.7509999999997,2560.3346666666666,2521.44675,59.441175344234885,42.99380943400729,42.82640923244257,0.16740020156471758,2639.7509999999997,2793.067523297428,2486.4344767025714,0.11615983727058225,0.7865933759452605,75.5334566205834,2779.4,2429.12,2779.4,2273.97,0.019053810201634214,0.004944348447614599,0.049286211632192156,0.13855715889785403
2024-05-17,2735.2,2773.46,2713.92,2724.62,2166351.0,2675.414,2693.513,2643.218,2565.4956666666667,2521.957416666666,59.12266969551266,44.35603127061859,43.13233364007778,1.223697630540805,2643.218,2800.8574475504497,2485.57855244955,0.11927843072379946,0.7581904506292713,74.39106686197029,2779.4,2429.12,2779.4,2273.97,-0.001103522105270982,0.01595931121402616,0.026114006809074608,0.1282257263060258
2024-05-24,2741.24,2756.41,2681.17,2687.6,2557332.0,2694.5620000000004,2695.589,2648.694,2569.008,2521.4352500000005,55.20470560550975,41.964654860320934,42.89879788412641,-0.9341430238054755,2648.694,2804.500321104155,2492.887678895845,0.11764765662183319,0.6248537277701066,74.45170494325812,2779.4,2429.12,2779.4,2273.97,-0.013587215831932564,0.03693872354216654,0.04248122633898088,0.08508353318314299
2024-05-31,2697.16,2730.12,2635.44,2636.52,2423108.0,2690.6,2684.3849999999998,2654.2675000000004,2571.443166666667,2520.508666666667,50.25598057555424,35.53808183390174,41.426654674081476,-5.888572840179734,2654.2675000000004,2799.606509199221,2508.92849080078,0.1095134602666992,0.4389444716260816,75.89658316159682,2779.4,2429.12,2779.4,2273.97,-0.019005804435183737,-0.007457657745837287,0.04414566048197055,0.05866905449303528
2024-06-07,2657.81,2729.63,2657.81,2722.67,3221141.0,2699.808,2681.9890000000005,2666.764,2573.962833333333,2520.3265833333335,57.22120133995269,36.97038978375713,40.535401696016606,-3.5650119122594788,2666.764,2788.600412028635,2544.927587971365,0.09137397387143001,0.7294305908600641,77.12611293576849,2779.4,2429.12,2779.4,2273.97,0.03267564820293423,0.017200733758494735,0.10107411211854078,0.0587908177749088
2024-06-14,2698.71,2776.72,2689.19,2758.42,2921800.0,2705.966,2686.41,2680.757,2577.5298333333335,2521.007083333333,59.74043547598362,40.52310524551012,40.53294240591531,-0.009837160405183454,2680.757,2773.799519548922,2587.714480451078,0.06941510890313592,0.9173521975571858,77.86924772607072,2779.4,2452.36,2779.4,2273.97,0.013130493229073004,0.011288187914049841,0.11291233619521024,0.08411413299795623
2024-06-21,2754.83,2812.62,2741.03,2784.26,3191975.0,2717.894,2696.654,2689.2045000000003,2582.2419999999997,2521.597333333333,61.50503059457035,44.90608054750419,41.40757003423309,3.4985105132711,2689.2045000000003,2787.4764779948064,2590.932522005194,0.0730862810878132,0.9836348160460546,77.42073003135137,2779.4,2483.81,2779.4,2273.97,0.00936768149882905,0.021889290983696963,0.0646003724223898,0.11302283002802294
2024-06-28,2772.85,2797.82,2758.09,2797.82,2851161.0,2739.9379999999996,2717.25,2698.0795000000003,2587.19,2522.735166666667,62.43550706438575,48.90999475222907,42.90805497783229,6.001939774396774,2698.0795000000003,2801.7750623882325,2594.383937611768,0.07686620234002166,0.9809294520558904,74.728535029112,2812.62,2553.55,2812.62,2273.97,0.004870234820024022,0.04101056704866801,0.06773981803749152,0.11870736603037257
2024-07-05,2792.96,2871.96,2774.71,2862.23,2110296.0,2785.0800000000004,2737.84,2708.7529999999997,2593.6368333333335,2524.0285833333332,66.56910060464442,56.62770537128972,45.651985056523785,10.975720314765937,2708.7529999999997,2832.039941579438,2585.4660584205612,0.0910285593255926,1.122438183775973,76.33721109846114,2812.62,2553.55,2812.62,2273.97,0.023021495307060436,0.0856090604281401,0.08059242815506118,0.15626035177868802
2024-07-12,2862.58,2896.43,2844.88,2857.0,2224353.0,2811.9460000000004,2755.877,2718.218,2598.9570000000003,2525.0870833333333,65.93465115524583,61.611806792248444,48.84394940366872,12.767857388579728,2718.218,2855.6941430358443,2580.7418569641554,0.10115166850918096,1.0047493948234176,74.56669601999961,2871.96,2553.55,2871.96,2273.97,-0.0018272465874510369,0.04933759875416399,0.07096000299883798,0.12578266917278413
2024-07-19,2869.15,2872.9,2776.99,2795.46,2736040.0,2819.3540000000003,2762.66,2725.8730000000005,2602.901166666667,2525.5505,58.82969475996164,59.90542691644987,51.05624490622495,8.849182010224922,2725.8730000000005,2862.648991621382,2589.097008378619,0.10035389882168486,0.7543830944857192,76.0912177328568,2896.43,2553.55,2896.43,2273.97,-0.02154007700385019,0.013427976885318493,0.057940628831801844,0.0924843970439384
2024-07-26,2790.99,2796.92,2703.86,2731.9,2313288.0,2808.882,2763.388,2728.4505,2605.076833333333,2525.8130833333335,52.53328034520544,52.81552328821499,51.408100582622964,1.407422705592026,2728.4505,2863.631467961515,2593.2695320384846,0.09908991785741783,0.5127588226805057,77.30327360908132,2896.43,2553.55,2896.43,2273.97,-0.02273686620448867,-0.018805714983514465,0.01923256291156017,0.050181443552603344
2024-08-02,2748.32,2794.11,2666.4,2676.19,2419093.0,2784.556,2762.2470000000003,2728.918,2605.660666666666,2525.6475,47.7130495008016,42.214766618934846,49.56943378988534,-7.354667170950492,2728.918,2863.305801172622,2594.530198827378,0.09849163747142416,0.30382147955426914,80.90375406557551,2896.43,2553.55,2896.43,2273.97,-0.020392400893151308,-0.04347313265328012,0.0035060221085629895,0.01326311166305727
2024-08-09,2611.3,2611.3,2386.96,2588.43,2778346.0,2729.796,2757.438,2720.9115,2605.0380000000005,2524.6785000000004,41.286350604759846,26.427452799766797,44.94103759186163,-18.513584792094832,2720.9115,2868.1320112442286,2573.6909887557717,0.10821411225188943,0.05005760107631035,95.7842002037487,2896.43,2553.55,2896.43,2273.97,-0.032792888397311204,-0.09565967794342178,-0.058259597753005266,-0.014228098972118963
2024-08-16,2602.16,2699.61,2602.01,2697.23,1386216.0,2697.8419999999996,2754.894,2718.4415,2607.1568333333335,2524.696666666667,50.23559831440081,22.436509462244885,40.44013196593828,-18.003622503693393,2718.4415,2865.510700620021,2571.372299379979,0.10820111495503662,0.42788598866868294,96.88390018919523,2896.43,2386.96,2896.43,2273.97,0.04203320159324386,-0.0559222961148057,-0.017985676993260813,0.04946500136181475
2024-08-23,2697.97,2712.84,2664.28,2701.69,2069503.0,2679.088,2749.221,2717.8154999999997,2609.447,2525.173166666667,50.56821527573128,19.409798762337687,36.23406532521816,-16.824266562880474,2717.8154999999997,2865.057897763049,2570.5731022369505,0.10835349034034814,0.44524165510415786,93.43219303282415,2896.43,2386.96,2896.43,2273.97,0.0016535482698916137,-0.03354367438632644,-0.004612760250680692,0.05358619183552493
2024-08-30,2716.88,2718.47,2649.56,2674.31,1446200.0,2667.57,2738.2259999999997,2717.44,2611.907,2525.7570833333334,48.428245646366875,14.633090393323982,31.913870338839324,-17.28077994551534,2717.44,2865.0854205182536,2569.7945794817465,0.10866508222316118,0.3539406103873438,91.68060781619384,2896.43,2386.96,2896.43,2273.97,-0.010134397358690372,-0.02108056663860325,-0.0028003370845173237,0.058415884687993413
2024-09-06,2683.8,2695.59,2529.31,2544.28,1779707.0,2641.188,2712.8720000000003,2715.061,2610.5066666666667,2524.965333333333,39.81166223272088,0.35113266383041264,25.601322803837544,-25.25019014000713,2715.061,2871.9665176722983,2558.155482327702,0.11558157822037748,-0.04421604330282741,97.00913582932287,2896.43,2386.96,2896.43,2273.97,-0.048621887514910256,-0.04929022229363378,-0.018357473011659575,-0.03196743141954872
2024-09-13,2498.67,2584.11,2491.3,2575.41,1619184.0,2638.584,2684.19,2711.015,2609.9341666666664,2524.4433333333336,42.45157771610992,-8.35913202638585,18.80923183779287,-27.16836386417872,2711.015,2877.6417544544147,2544.388245545585,0.12292573405489444,0.09308755534484599,96.70919755579982,2896.43,2386.96,2896.43,2273.97,0.01223528856886813,-0.005030076146544382,-0.03046308252363228,-0.013162129851020943
2024-09-20,2594.67,2619.55,2550.09,2593.37,881045.0,2617.8120000000004,2657.827,2706.852,2609.685,2523.7993333333334,43.97825143257041,-13.655446162294538,12.316296237775388,-25.971742400069928,2706.852,2880.7104383457176,2532.993561654282,0.12845803046913373,0.1736367786349811,94.76282630181412,2896.43,2386.96,2896.43,2273.97,0.006973646914471887,-0.03850617114595345,-0.03110627916447184,-0.00573165869218506
2024-09-27,2596.47,2681.45,2588.49,2649.78,1886602.0,2607.43,2643.259,2702.9595,2610.468,2524.248583333333,48.5912595735708,-13.149419389433206,7.223153112333669,-20.372572501766875,2702.9595,2878.262802704232,2527.656197295768,0.1297121194041065,0.3483214543603806,94.63405299454168,2896.43,2386.96,2896.43,2273.97,0.021751620478373868,-0.01921389944812313,-0.0285412610947966,0.018049792531120268
2024-10-04,2665.24,2668.66,2555.46,2569.71,1124249.0,2586.51,2627.04,2695.214,2610.1088333333337,2525.32175,43.15881298828322,-18.990459161243507,1.9804306576182347,-20.970889818861743,2695.214,2879.4652612060268,2510.962738793973,0.13672477302806146,0.15942159858633656,95.96019206636012,2896.43,2386.96,2896.43,2273.97,-0.030217602970812774,-0.03911289267138063,-0.056855634914226516,-0.00831641749573575
2024-10-11,2579.2,2621.93,2561.46,2596.91,1771747.0,2597.036,2619.112,2690.6795,2611.649,2527.241,45.392258105810235,-21.180556313958277,-2.651766736697067,-18.52878957726121,2690.6795,2879.855135796504,2501.5038642034965,0.14061551054036994,0.25216285224787555,93.42517834733438,2896.43,2386.96,2896.43,2273.97,0.01058485198718917,0.02068561636297872,-0.033743860693555616,0.03689758434817314
2024-10-18,2602.63,2635.32,2587.96,2593.82,1874018.0,2600.718,2619.6510000000003,2688.5445,2612.8936666666664,2529.644333333333,45.175095280966495,-22.90156626193766,-6.701726641745186,-16.199839620192474,2688.5445,2881.05135842071,2496.03764157929,0.14320526100327532,0.2539711032191225,90.13480846538194,2896.43,2386.96,2896.43,2273.97,-0.0011898756599187932,0.007148376375023968,-0.01619559115804159,0.029645037592194168
2024-10-25,2600.77,2618.71,2564.46,2583.27,1742410.0,2598.6980000000003,2608.255,2681.5744999999997,2613.219666666667,2531.5831666666663,44.39417209179745,-24.830544810788524,-10.327490275553853,-14.503054535234671,2681.5744999999997,2878.6739699612635,2484.475030038736,0.14700279254688903,0.25062210969080834,87.57160786071181,2896.43,2386.96,2896.43,2273.97,-0.004067360109799467,-0.003894546478134586,-0.05119974143028716,0.0076295680868740945
2024-11-01,2588.45,2617.8,2536.84,2542.36,1910847.0,2577.214,2592.322,2670.7715,2613.1310000000003,2533.3446666666664,41.405174504013374,-29.322359402500297,-14.126464100943142,-15.195895301557155,2670.7715,2873.444811146315,2468.098188853685,0.15177135980844111,0.18320569868398656,87.09935015637525,2896.43,2386.96,2896.43,2273.97,-0.01583651728235913,-0.040539214576304494,-0.07832744832186544,-0.002088174339006321
2024-11-08,2549.04,2593.15,2540.48,2561.15,2147204.0,2575.502,2581.0060000000003,2659.616,2612.4621666666662,2534.74475,43.29365811092824,-31.00851203814318,-17.50287368838315,-13.50563834976003,2659.616,2860.6287783401112,2458.6032216598887,0.15115924880893428,0.25507527229588217,84.64011085949132,2896.43,2386.96,2896.43,2273.97,0.0073907707799052424,-0.0033311151842035924,-0.08013260255866916,-0.01542702054373235
2024-11-15,2562.05,2562.05,2390.56,2416.86,3190503.0,2539.4919999999997,2568.264,2640.568,2610.9410000000003,2534.456083333333,34.182858940294366,-43.486511829166375,-22.6996013165398,-20.786910512626577,2640.568,2857.1802291654153,2423.955770834585,0.16406487480376578,-0.016378970988674708,90.84367436952768,2896.43,2386.96,2896.43,2273.97,-0.05633797317611233,-0.06933239888944931,-0.13616315559971692,-0.036389660823003545
2024-11-22,2440.31,2511.23,2437.53,2501.24,2258209.0,2520.976,2560.847,2622.5185,2611.5438333333336,2534.543083333333,41.884952009309806,-46.03598161610307,-27.366877376452454,-18.66910423965062,2622.5185,2821.700250898545,2423.336749101455,0.15190112168783176,0.19555820386935294,91.09555477170426,2896.43,2386.96,2896.43,2273.97,0.0349130690234436,-0.03569253070760514,-0.12612193988603304,0.014673011314080275
2024-11-29,2524.11,2541.76,2446.96,2455.91,2147589.0,2495.504,2547.1009999999997,2602.4640000000004,2612.3301666666666,2533.9428333333335,39.22907077157874,-51.124871259816246,-32.118476153125215,-19.00639510669103,2602.4640000000004,2783.074081933456,2421.853918066545,0.13879929323399331,0.09428067793580527,91.36015800229683,2896.43,2386.96,2896.43,2273.97,-0.01812301098655067,-0.04930185385190089,-0.1403885194259713,0.019587085310516228
2024-12-06,2479.02,2500.67,2397.73,2428.16,2472293.0,2472.6639999999998,2524.939,2584.0989999999997,2611.8636666666666,2533.405083333333,37.65496180803016,-56.742948658624755,-37.04337065422512,-19.699578004399633,2584.0989999999997,2757.0087871030123,2411.189212896987,0.13382597733524346,0.04907410791299584,92.18728957356134,2872.9,2386.96,2896.43,2273.97,-0.011299273996196901,-0.044918894255731034,-0.1313916135448192,-0.011395883801885165
2024-12-13,2392.37,2500.32,2360.18,2494.46,3050054.0,2459.326,2517.4139999999998,2572.227,2613.8546666666666,2533.5170000000003,43.48931318121141,-55.20904407183798,-40.6765053377477,-14.53253873409028,2572.227,2735.2362631846695,2409.21773681533,0.12674562795948385,0.2614644760650832,95.61248317544984,2796.92,2386.96,2896.43,2273.97,0.027304625724828835,-0.026039084005232027,-0.08691386946813573,0.050298947368421
2024-12-20,2511.08,2515.62,2389.86,2404.15,2649675.0,2456.784,2498.138,2558.625,2615.5436666666665,2533.473166666666,38.23986095913706,-60.582320602738946,-44.65766839074595,-15.924652211993,2558.625,2729.856646549371,2387.393353450629,0.13384661413796153,0.04892975944297652,97.76587723434626,2794.11,2360.18,2896.43,2273.97,-0.0362042285705122,-0.005258889633656949,-0.1016519753829137,0.044007104363799066
2024-12-27,2423.36,2452.85,2388.33,2404.77,1449036.0,2437.4900000000002,2479.2329999999997,2549.442,2616.1508333333336,2533.643916666667,38.29492813845502,-64.05229713717472,-48.5365941400317,-15.515702997143016,2549.442,2732.580121165443,2366.303878834557,0.14366918028764172,0.10501942719695558,95.39117171760724,2718.47,2360.18,2896.43,2273.97,0.0002578874030321199,-0.03856886984055896,-0.07095420776300687,0.015382081964582683
2025-01-03,2397.49,2454.67,2386.84,2441.92,1062192.0,2434.692,2465.0980000000004,2536.6765,2616.6884999999997,2534.1367499999997,41.6520125334856,-63.0774662494855,-51.444768561922466,-11.63269768756303,2536.6765,2712.266012702235,2361.086987297765,0.13844060344488937,0.23017608357770145,93.422516594921,2718.47,2360.18,2896.43,2360.18,0.015448462846758826,-0.005696462818262749,-0.09465636968297098,0.013387780848750586
2025-01-10,2453.3,2535.87,2446.82,2515.78,1855240.0,2452.216,2462.44,2527.3810000000003,2617.4539999999997,2536.01825,47.73965123247801,-55.702912519820075,-52.29639735350199,-3.406515166318087,2527.3810000000003,2685.897539818431,2368.8644601815695,0.12543936970202024,0.4634076039847696,93.46019398099807,2718.47,2360.18,2896.43,2360.18,0.03024669112829259,0.03608493674222468,-0.06881248403776885,0.01859627102860517
2025-01-17,2508.15,2534.01,2482.74,2523.55,2428535.0,2458.034,2458.68,2519.843,2617.902666666667,2539.085416666667,48.35015508501804,-48.670508172990594,-51.57121951739971,2.9007113444091175,2519.843,2663.319537189911,2376.3664628100887,0.1138773623514728,0.5129184885299176,90.44660869664109,2718.47,2360.18,2896.43,2360.18,0.0030885053542042407,0.011661842643297504,-0.05637341968582543,0.010782534856987214
2025-01-24,2533.68,2552.57,2507.95,2536.8,2805051.0,2484.5640000000003,2470.674,2519.469,2618.4325000000003,2541.6184166666662,49.43494620539416,-41.54915994487055,-49.56680760289388,8.017647658023328,2519.469,2662.7276185749674,2376.2103814250327,0.11372127902741998,0.5604885073316925,87.17327950402391,2695.59,2360.18,2896.43,2360.18,0.005250539914009922,0.05517542582617563,-0.0029399279953464807,0.01269056810152458
2025-01-31,2534.33,2537.98,2496.95,2517.37,454403.0,2507.084,2472.2870000000003,2516.567,2618.4245,2544.158583333333,47.847928238459545,-37.0462328721851,-47.06269265675213,10.016459784567026,2516.567,2657.507936012246,2375.626063987754,0.11201047777567286,0.5028487110371188,83.87733096802222,2681.45,2360.18,2896.43,2360.18,-0.007659255755282368,0.04682360475222169,-0.022536217534295466,-0.00019063883869174791
2025-02-07,2468.74,2537.63,2437.61,2521.92,2339138.0,2523.084,2478.888,2512.9945,2617.7305,2546.7319166666666,48.266761078467404,-32.73315630102525,-44.19678538560676,11.463629084581513,2512.9945,2649.520274779006,2376.4687252209937,0.10865584845411007,0.5326879668489264,85.03037875602064,2681.45,2360.18,2896.43,2360.18,0.0018074418937223946,0.03276110601493909,-0.0275510243428434,-0.016243037026634766
2025-02-14,2510.64,2600.57,2499.18,2591.05,2489258.0,2538.138,2495.177,2510.058,2617.5895,2549.420666666667,54.27518983187281,-23.466293958366805,-40.05068710015877,16.584393141791963,2510.058,2636.8699578904443,2383.2460421095557,0.10104304991394168,0.8193389698705346,86.19892313059061,2681.45,2360.18,2896.43,2360.18,0.027411654612358838,0.02991915032316017,-0.022164104189781764,-0.0032544594942893745
2025-02-21,2595.99,2680.7,2592.57,2654.58,2288139.0,2564.344,2511.189,2514.3015,2617.5778333333337,2551.971916666667,58.98916061262141,-10.870589342798212,-34.214667548686656,23.344078205888444,2514.3015,2653.853973897842,2374.749026102158,0.11100695274440396,1.0026012656095562,86.44542862126268,2668.66,2360.18,2896.43,2360.18,0.024519017386773534,0.05192288641001763,0.03302707309385111,-0.00026362568166082845
2025-02-28,2636.12,2648.06,2531.24,2532.78,2435884.0,2563.54,2524.052,2511.0950000000003,2616.8228333333336,2552.3854166666665,48.63653087625275,-10.59451775689331,-29.49063759032799,18.89611983343468,2511.0950000000003,2645.7695133275333,2376.420486672467,0.10726357491654681,0.5805089228251424,89.08075514831535,2680.7,2360.18,2896.43,2360.18,-0.04588296453676277,-0.0015846736045411758,-0.024694733356180887,-0.017571215788493633
2025-03-07,2522.2,2583.65,2513.31,2563.48,2230300.0,2572.762,2539.923,2509.578,2617.463333333333,2553.3770833333333,50.97212465123136,-7.808484260735895,-25.15420692440957,17.345722663673676,2509.578,2641.1385256298704,2378.0174743701295,0.10484673170538666,0.7048562809472455,87.74212978057855,2680.7,2360.18,2896.43,2360.18,0.012121068549183045,0.018316735322976063,-0.011697033718608085,0.015219500603948388
2025-03-14,2555.4,2600.07,2505.91,2566.36,2025977.0,2581.65,2552.3669999999997,2508.7325,2619.023666666667,2554.4479166666665,51.19632397153163,-5.306965319179199,-21.1847586033635,15.8777932841843,2508.7325,2638.594154675304,2378.8708453246963,0.10352770147897691,0.7218803546901027,88.20054908196582,2680.7,2360.18,2896.43,2360.18,0.0011234727791908927,0.01762149473417085,-0.00654596693338283,0.03786083453982236
2025-03-21,2588.32,2650.72,2587.52,2643.13,2557976.0,2592.066,2565.102,2513.7709999999997,2621.7665,2556.187916666667,56.859500782243096,2.8374949947947243,-16.380307883731852,19.217802878526577,2513.7709999999997,2655.717748028998,2371.8242519710016,0.11293530558590913,0.9556603155627551,87.92622414753966,2680.7,2360.18,2896.43,2360.18,0.029913963746317718,0.020099959475888163,0.03963640082443076,0.06639742431089024
2025-03-28,2636.43,2654.63,2549.26,2557.98,2236502.0,2572.746,2568.545,2513.6125,2620.811,2557.59575,49.93777249512458,2.3935537023830875,-12.625535566508864,15.019089268891952,2513.6125,2655.354208734613,2371.870791265387,0.11277928378746761,0.6565082726745955,89.1722081370011,2680.7,2360.18,2896.43,2360.18,-0.03221559287662734,-0.036389937391225646,-0.0012377252406146066,-0.02192091950858599
2025-04-04,2513.44,2532.15,2437.43,2465.42,2535719.0,2559.2740000000003,2561.407,2516.0405,2618.2293333333337,2558.4740833333335,43.70895877904758,-5.365244218479347,-11.173477296902961,5.808233078423614,2516.0405,2652.640007389331,2379.440992610669,0.10858291620451335,0.31471199652381143,91.41347898435818,2680.7,2360.18,2896.43,2360.18,-0.03618480207038366,-0.02659528265384281,0.020092185728590062,-0.05911491726201379
2025-04-11,2359.25,2445.06,2284.72,2432.72,2916252.0,2533.1220000000003,2552.942,2512.6145,2614.6286666666665,2559.4660000000003,41.72870794845702,-13.991479122648343,-11.737077662052037,-2.2544014605963056,2512.6145,2653.884191367285,2371.3448086327153,0.11244836115312146,0.21722703140801844,97.79108762833262,2680.7,2360.18,2896.43,2360.18,-0.013263460181226816,-0.05100878493298178,-0.027394412371463783,-0.08156269348676382
2025-04-18,2454.28,2486.37,2442.72,2483.42,2714856.0,2516.5339999999997,2549.092,2513.99,2611.557333333333,2561.5245,45.82677731322326,-16.54603377266494,-12.698868884174619,-3.8471648884903225,2513.99,2653.5498129835655,2374.430187016434,0.11102654583635237,0.39047706733599746,94.63815279773745,2680.7,2284.72,2896.43,2284.72,0.020840869479430646,-0.032318147103290285,0.011201550545419048,-0.06907823218502818
2025-04-25,2486.38,2553.33,2476.14,2546.3,2115236.0,2497.168,2544.617,2519.897,2609.9563333333335,2563.6605833333333,50.478440165720194,-13.342838313018092,-12.827662769943313,-0.5151755430747791,2519.897,2654.3321153680017,2385.461884631998,0.10669889711206593,0.5981997892727836,93.39185616932764,2680.7,2284.72,2896.43,2284.72,0.025319921720852845,-0.03663459610386166,0.04865412493410659,-0.03635386548388564
2025-05-02,2551.23,2571.41,2540.57,2559.79,2074164.0,2497.53,2535.138,2523.1635,2607.9469999999997,2565.108083333333,51.44176020251075,-9.605031747049452,-12.183136565364542,2.57810481831509,2523.1635,2658.1412842869263,2388.185715713074,0.10699091381666402,0.6356760306649494,88.92386644294707,2680.7,2284.72,2896.43,2284.72,0.005297883203079001,0.0007075895824049105,0.026190037122262977,-0.04497920047754955
2025-05-09,2577.04,2590.9,2559.17,2577.27,1503941.0,2519.9,2539.5870000000004,2531.8195,2606.454166666667,2566.6248333333333,52.72504072692816,-5.172675813631486,-10.78104441501793,5.608368601386445,2531.8195,2657.007186850617,2406.631813149383,0.09889147852018436,0.6815294344971593,84.83859026845086,2680.7,2284.72,2896.43,2284.72,0.006828685165580106,0.04536752358624496,0.07200881808539394,-0.03358656687315331
2025-05-16,2593.94,2646.01,2585.6,2626.87,1921999.0,2558.73,2545.9260000000004,2542.9245,2604.426,2567.81525,56.257575535220305,2.3156107531617636,-8.161713381381992,10.477324134543755,2542.9245,2660.2159202276034,2425.6330797723967,0.09224923526247306,0.857850130201783,83.68869096356153,2680.7,2284.72,2896.43,2284.72,0.019245170277076173,0.07980778716827253,0.09235810493311214,-0.044274092615769756
2025-05-23,2613.7,2633.41,2588.09,2592.09,1933900.0,2580.464,2548.4990000000003,2550.433,2601.8503333333333,2568.746,53.25268025092536,5.381640276966209,-5.453042649712351,10.83468292667856,2550.433,2659.862586693948,2441.003413306052,0.08581255551033713,0.6903370069216576,80.94807018044997,2680.7,2284.72,2896.43,2284.72,-0.013240091820303168,0.04375820441165823,0.06149669112829259,-0.056265314221427665
2025-05-30,2598.45,2720.64,2595.96,2697.67,2077935.0,2610.7380000000003,2553.953,2559.5275,2601.574666666667,2570.6455,60.20205512466927,16.144807108699297,-1.133472698030022,17.27827980672932,2559.5275,2684.9849648038467,2434.0700351961536,0.09803173812654602,1.050555123268219,84.34820802470352,2680.7,2284.72,2896.43,2284.72,0.040731610399330265,0.059447040804304185,0.0722996446430133,-0.006093854196985493
2025-06-06,2692.91,2831.11,2685.14,2812.05,1369554.0,2661.19,2579.36,2573.9525,2603.7451666666666,2573.6524999999997,66.08429800230019,33.51783175340552,5.796788192257086,27.72104356114843,2573.9525,2739.487691047126,2408.4173089528736,0.1286233456500276,1.2191748730099818,88.74976459436758,2720.64,2284.72,2896.43,2284.72,0.042399552206163094,0.09854714644560691,0.11432307661825591,0.04856030606080952
2025-06-13,2841.56,2934.31,2841.39,2894.62,3085096.0,2724.6600000000003,2622.2799999999997,2591.8435,2608.791166666667,2577.577583333333,69.57974002753357,53.333986882410045,15.304227930287677,38.029758952122364,2591.8435,2807.2756596489457,2376.411340351054,0.16623855541350843,1.2027188988250055,91.14335283762702,2831.11,2284.72,2896.43,2284.72,0.02936292028946852,0.1231341691014134,0.1410517187007252,0.11681186483837847
2025-06-20,2903.5,3022.06,2886.13,3021.84,3160670.0,2803.654,2681.192,2617.067,2614.883,2582.4923333333336,74.0221819025895,78.400273813882,27.923437107006542,50.47683670687545,2617.067,2899.4430846176765,2334.6909153823235,0.2157958390959624,1.2167267733527134,94.3423990635108,2934.31,2284.72,2934.31,2284.72,0.04395050127477873,0.15035764997887235,0.20039565101673573,0.13759962052907593
2025-06-27,2992.2,3129.09,2971.36,3055.94,2691859.0,2896.424,2738.444,2643.768,2621.2048333333337,2588.003583333333,75.07296511455843,99.86588011274034,42.31192570815331,57.55395440458703,2643.768,2980.807747305877,2306.728252694123,0.25496923126830867,1.111459039022388,98.8700848446886,3022.06,2284.72,3022.06,2284.72,0.011284515394593964,0.1789482618273286,0.2117513640400963,0.14171177936434987
2025-07-04,3072.75,3133.52,3032.47,3054.28,2796861.0,2967.746,2789.242,2666.9294999999997,2626.649,2593.491833333333,74.9141058867927,115.41316846526206,56.93217425957506,58.480994205687,2666.9294999999997,3047.19013937648,2286.6688606235193,0.2851673727231863,1.0093223698292115,99.025793070068,3129.09,2284.72,3129.09,2284.72,-0.0005432043822849453,0.1321918544521754,0.17878080314930234,0.11975597863346565
2025-07-11,3044.78,3216.69,3032.99,3175.77,2810023.0,3040.4900000000002,2850.84,2692.9890000000005,2634.1681666666673,2599.831916666667,78.49990803273427,135.97035257660764,72.73980992298158,63.23054265362606,2692.9890000000005,3133.028762471541,2252.94923752846,0.3268039806115365,1.0485651992997147,105.07395070792032,3133.52,2284.72,3133.52,2284.72,0.039776968712757155,0.12934336160452342,0.19633614357073448,0.16558272346235436
2025-07-18,3175.59,3216.01,3152.42,3188.07,2213424.0,3099.18,2911.92,2725.7535,2642.5093333333334,2605.7586666666666,78.82984429713991,151.50808539801437,88.49346501798814,63.01462038002623,2725.7535,3208.6909672677716,2242.816032732228,0.35435153418515053,0.9786504789280122,102.11081137164031,3216.69,2284.72,3216.69,2284.72,0.0038730764507506343,0.10137772833739844,0.2587236159476938,0.18621446643845818
2025-07-25,3191.11,3237.97,3141.93,3196.05,2202014.0,3134.022,2968.838,2757.382,2651.8348333333333,2611.639,79.05442093209238,162.59151612250025,103.31307523889058,59.278440883609676,2757.382,3275.2587913934844,2239.5052086065157,0.3756293407249952,0.9235254478383246,101.67718198795171,3216.69,2284.72,3216.69,2284.72,0.002503081801842555,0.05765030577396546,0.24676221386552655,0.2122229302262073
2025-08-01,3228.61,3288.26,3117.92,3119.41,2262097.0,3146.7160000000003,3021.57,2785.0345,2658.447166666667,2616.2050000000004,71.23829865607804,163.3084887286077,115.31215793683401,47.99633079177369,2785.0345,3318.000447973237,2252.0685520267634,0.38273561636183445,0.8136931179858329,106.58166898881231,3237.97,2284.72,3237.97,2284.72,-0.023979599818526043,0.02076938683351104,0.21549977399897124,0.1457172554881787
2025-08-08,3114.27,3227.68,3105.63,3210.01,1562743.0,3177.862,3072.804,2813.3785,2665.9736666666663,2621.75175,74.45380118718376,169.23650443164252,126.09702723579571,43.13947719584681,2813.3785,3372.782316621777,2253.9746833782224,0.3976740538976732,0.8545126867342862,107.6865497753257,3288.26,2284.72,3288.26,2284.72,0.029043953824601676,0.0509874667679453,0.21447299224782745,0.1637132851414942
2025-08-15,3220.72,3242.17,3189.58,3225.66,1439723.0,3187.84,3114.165,2846.7625,2673.3303333333333,2627.7861666666668,74.97426665947803,173.20077309434328,135.51777640750524,37.68299668683804,2846.7625,3420.7173697545927,2272.807630245407,0.4032334061971049,0.8300760390464202,103.75108193423102,3288.26,2284.72,3288.26,2284.72,0.004875374220017825,0.015709575945361154,0.2610184598784979,0.15853404495269818
2025-08-22,3202.63,3206.77,3079.27,3168.73,1460421.0,3183.972,3141.576,2881.9280000000003,2679.512166666667,2633.3510833333335,69.43259774447182,169.79145910535544,142.37251294707528,27.418946158280164,2881.9280000000003,3444.178777415214,2319.6772225847867,0.3901907177522919,0.7550481133334217,106.7967189389288,3288.26,2284.72,3288.26,2284.72,-0.01764910126919761,-0.0060663661713827866,0.28526985260117943,0.1325710731926999
2025-08-29,3195.14,3212.69,3164.08,3186.01,1384559.0,3181.964,3157.993,2919.5925,2684.9085,2639.2726666666667,70.15371496837004,166.56386029226996,147.21078241611423,19.353077876155737,2919.5925,3456.7955207984805,2382.38947920152,0.3679986304927693,0.747967239279487,102.64052472900534,3288.26,2284.72,3288.26,2284.72,0.005453288857049987,-0.003141377638021914,0.30964928146272497,0.11312158701432118
2025-09-05,3164.58,3214.64,3135.02,3205.12,1516733.0,3199.1059999999998,3172.911,2955.6775000000002,2690.7105,2644.83375,70.96936800877822,163.66139557783254,150.5009050484579,13.160490529374641,2955.6775000000002,3467.179677272994,2444.1753227270065,0.3461150123942776,0.7438332729391978,100.99620153407638,3288.26,2442.72,3288.26,2284.72,0.005998097934406976,0.027476349694333324,0.29060730766443044,0.12184809240462013
2025-09-12,3209.81,3395.54,3206.34,3395.54,2261399.0,3236.212,3207.037,2998.1395,2700.7118333333337,2651.8065,77.55234940961574,174.71249706278513,155.34322345132335,19.36927361146178,2998.1395,3507.6492720937395,2488.629727906261,0.3398839661021371,0.8899831973457089,107.38361571021377,3288.26,2476.14,3288.26,2284.72,0.05941119209265189,0.05779732773418145,0.3335192239720377,0.21466234537428552
2025-09-19,3407.78,3467.89,3391.33,3445.24,1851700.0,3280.1279999999997,3233.9839999999995,3042.412,2712.6008333333334,2658.8388333333337,78.89737669764901,185.34441421409792,161.34346160387827,24.000952610219656,3042.412,3545.7108231895786,2539.113176810421,0.3308551394022761,0.9001877030499889,105.18192887376993,3395.54,2540.57,3395.54,2284.72,0.014636847158331134,0.06807289050922916,0.3459072814566819,0.26111497492587565
2025-09-26,3463.84,3497.95,3365.73,3386.05,1625572.0,3323.5919999999996,3253.782,3082.851,2724.4318333333335,2665.04625,73.26690617185709,186.84036737579208,166.44284275826104,20.397524617531047,3082.851,3559.4162667956566,2606.2857332043436,0.3091717807935943,0.8181085793753481,107.11321966850063,3467.89,2559.17,3467.89,2284.72,-0.01718022547050413,0.06858268138970502,0.31381267775592003,0.26525022513349206
2025-10-03,3414.43,3565.96,3413.33,3549.21,1838630.0,3396.232,3289.0979999999995,3128.968,2740.4448333333335,2672.7414166666663,77.94029456003986,198.89878803095644,172.93403181280013,25.96475621815631,3128.968,3598.565435751108,2659.3705642488917,0.30016122616217755,0.9474492064972999,112.31298969217916,3497.95,2585.6,3497.95,2284.72,0.04818593936888105,0.11399838669684015,0.35111748963595457,0.3711825314959263
2025-10-10,3598.11,3617.86,3569.44,3610.6,407411.0,3477.328,3338.2169999999996,3179.8935,2755.6676666666667,2681.4122500000003,79.39953951623626,210.97682372339614,180.54259019491934,30.434233528476796,3179.8935,3625.869289444917,2733.9177105550834,0.2804973119036324,0.9828810332238866,109.19420471416637,3565.96,2588.09,3565.96,2284.72,0.017296806895055417,0.12651008386581464,0.3929300294357063,0.3386325971459607
2025-10-17,3550.08,3794.87,3522.54,3748.89,2602286.0,3547.9979999999996,3392.1050000000005,3232.4545,2773.121,2691.284,82.24824535151068,229.06705882461347,190.24748392085817,38.819574903755296,3232.4545,3686.422860680585,2778.4861393194146,0.28088151630940833,1.0688012037069772,120.84676152029733,3617.86,2595.96,3617.86,2284.72,0.0383011133883564,0.10406297672829656,0.3896770175744253,0.3876092371811717
2025-10-24,3775.4,3951.07,3728.38,3941.59,2384702.0,3647.268,3463.6980000000003,3288.9315,2794.2423333333336,2703.074666666667,85.2989179417915,256.00194890306466,203.3983769172995,52.60357198576517,3288.9315,3797.4148420388706,2780.4481579611297,0.30920883699698243,1.1417697946436447,128.12127855456183,3794.87,2685.14,3794.87,2284.72,0.051401881623627244,0.14406833776456796,0.40167849078074713,0.47387176505341566
2025-10-31,3999.79,4146.72,3972.56,4107.5,2366935.0,3791.558,3557.575,3349.5755,2820.2960000000003,2715.4013333333332,87.31945879120278,287.42236763799883,220.20317506143937,67.21919257655946,3349.5755,3938.4380444184912,2760.7129555815086,0.3516042820461825,1.1435495916525473,133.62190151495028,3951.07,2841.39,3951.07,2284.72,0.04209215062956817,0.21306537115518065,0.4190118219317216,0.6144056471771973
2025-11-07,4123.36,4226.75,3867.81,3953.76,2290853.0,3872.468,3634.35,3396.1715000000004,2843.2685,2726.601333333333,76.78752756879858,296.499876702258,235.4625153896031,61.037361312654895,3396.1715000000004,4020.350975608595,2771.9920243914057,0.367578301395318,0.9466571889890592,149.71605140673955,4146.72,2886.13,4146.72,2284.72,-0.03742909312233711,0.11398311173472409,0.30839488523548564,0.5351963376705069
2025-11-14,3991.87,4188.54,3984.24,4011.57,1875833.0,3952.6620000000003,3714.995,3443.953,2866.9051666666664,2738.2950833333334,77.86848573066936,304.84459318619565,249.33893094892164,55.50566223727401,3443.953,4102.0254115505995,2785.880588449401,0.38216108730322357,0.9312724481661057,155.79204773482957,4226.75,2971.36,4226.75,2284.72,0.014621524827000076,0.11105356450451453,0.31271229147169133,0.5468560213158942
2025-11-21,4078.57,4089.88,3838.46,3853.26,1681605.0,3973.536,3760.7670000000007,3483.9020000000005,2886.963166666667,2748.715583333333,68.46581307145942,295.2797460646516,258.52709397206763,36.75265209258396,3483.9020000000005,4139.503283635124,2828.3007163648767,0.376360347469661,0.7816940793282271,162.62261575377033,4226.75,3032.47,4226.75,2284.72,-0.03946335225360642,0.027840240711250575,0.2615935670599945,0.4541811018273214
2025-11-28,3915.16,4023.42,3833.35,3926.59,1447519.0,3970.536,3808.9019999999996,3521.443,2909.5778333333333,2759.8433333333332,70.25735584842428,290.2705952307965,264.87579422381344,25.394801006983073,3521.443,4188.06223431898,2854.8237656810206,0.378605721756098,0.8038818707458235,164.5831431999296,4226.75,3032.99,4226.75,2284.72,0.01903063899139945,-0.003805570848312456,0.23642140331321237,0.528028454572695
2025-12-05,3967.92,4100.05,3892.08,4100.05,1737402.0,3969.0460000000007,3880.3020000000006,3567.0420000000004,2934.6301666666673,2773.139583333334,74.01768399571873,296.8753848027809,271.2757123396069,25.599672463173988,3567.0420000000004,4260.434983108442,2873.649016891559,0.3887775827189259,0.8843477025182424,167.68220439993465,4226.75,3079.27,4226.75,2284.72,0.04417573517988882,-0.0018137553256237782,0.28606021825116756,0.5788186729613274
2025-12-12,4109.25,4172.64,4081.26,4167.16,2080587.0,4011.726,3942.097,3615.5975000000008,2960.8525000000004,2786.8730833333334,75.31785833731594,304.0203864924806,277.82464717018166,26.195739322298948,3615.5975000000008,4333.83464236666,2897.360357633342,0.397299280335634,0.8839696302690143,162.23204694279647,4226.75,3079.27,4226.75,2284.72,0.016368093072035572,0.053973938731738835,0.3038469360617011,0.6065725455120246
2025-12-19,4053.74,4123.19,3975.5,4020.55,2105900.0,4013.522,3983.0919999999996,3660.6544999999996,2984.8071666666665,2799.0134166666667,67.38470088622233,294.45831788478154,281.15138131310164,13.306936571679898,3660.6544999999996,4361.583139805098,2959.7258601949015,0.38295263309066624,0.7567276321453165,164.3340435897396,4226.75,3079.27,4226.75,2284.72,-0.03518223442344415,0.002238525066245778,0.2888815513189995,0.5563800918990274
2025-12-26,4096.26,4143.14,4083.13,4129.68,1575251.0,4068.8060000000005,4021.171,3706.6380000000004,3011.2625,2812.19675,69.92410552590101,292.3165454099767,283.38441413247665,8.932131277500048,3706.6380000000004,4403.93558343481,3009.3404165651905,0.37624261308215673,0.8033439452895725,161.3523261904725,4226.75,3079.27,4226.75,2284.72,0.027143052567434767,0.07173665934818829,0.28650066510696237,0.6243490300350856
2026-01-02,4146.48,4313.55,4146.48,4309.63,1316931.0,4145.414,4057.975,3760.8365000000003,3040.4038333333333,2826.4329999999995,73.57735412458423,301.6622616145032,287.03998362888194,14.622277985621281,3760.8365000000003,4468.597697983491,3053.0753020165093,0.3763849866823463,0.8876967977077495,162.9607314625816,4226.75,3079.27,4226.75,2284.72,0.04357480482749265,0.09755029172895568,0.33604595648642466,0.6826933213595454
2026-01-09,4385.92,4622.32,4381.93,4586.32,2405221.0,4242.668,4105.857000000001,3831.7160000000003,3076.5615000000003,2843.7512500000003,78.00192917192257,327.6187941210178,295.1557457273091,32.463048393708675,3831.7160000000003,4571.308373930417,3092.1236260695846,0.3860371561621038,1.0101485808931525,173.65567921525434,4313.55,3079.27,4313.55,2284.72,0.06420272738030874,0.11860099267082092,0.44736850410101203,0.8976357753448687
2026-01-16,4639.89,4855.61,4567.55,4840.74,2640401.0,4377.384,4194.555,3914.4525000000003,3115.5531666666666,2863.5485,81.13082214451674,364.51717378713647,309.0280313392746,55.489142447861866,3914.4525000000003,4714.361372731782,3114.5436272682186,0.4086951484182176,1.0789956403637708,181.8274164141647,4622.32,3135.02,4622.32,2284.72,0.05547366952153365,0.1616400618166809,0.5193737621664714,0.9353360733076395
2026-01-23,4829.4,5021.13,4807.13,4990.07,3019877.0,4571.288,4292.405000000001,4003.7,3157.789166666667,2885.0596666666665,82.68732784975874,401.18448351087955,327.4593217735956,73.72516173728394,4003.7,4863.207895135368,3144.192104864632,0.4293567925345895,1.0737992667563871,184.12545809886723,4855.61,3135.02,4855.61,2284.72,0.03084858926527767,0.2411411374065735,0.5569058256789137,1.0318619167640506
2026-01-30,4997.54,5321.68,4890.72,5224.36,3078368.0,4790.224,4429.515,4095.1409999999996,3204.3925,2908.1280833333335,84.80513305330638,444.0303303484461,350.77352348856573,93.25680685988038,4095.1409999999996,5059.163015244481,3131.1189847555174,0.470812611944,1.0856811266460669,201.756496806091,5021.13,3206.34,5021.13,2284.72,0.04695124517291349,0.2650762286666277,0.5385947448712134,1.1515715603584606
2026-02-06,5122.62,5376.92,4899.3,5089.14,3692748.0,4946.125999999999,4545.77,4177.336,3247.637166666667,2930.7459166666667,78.81286946870114,461.75205843658614,372.96923047816983,88.7828279584163,4177.336,5185.029859371999,3169.642140628001,0.48245765213619346,0.9524211354072566,221.46103274851305,5321.68,3365.73,5321.68,2284.72,-0.025882596145747838,0.18087631652833314,0.47715108381419014,1.040177032303585
2026-02-13,5299.1,5583.74,5257.53,5507.01,4124967.0,5130.264,4686.466,4283.384,3299.3515,2957.4475833333336,82.84657778971912,503.70883048927044,399.11715048038997,104.59168000888047,4283.384,5378.300473296496,3188.467526703504,0.5112389985565133,1.058775956816137,240.97095898076208,5376.92,3365.73,5376.92,2284.72,0.08211014041665199,0.20074700413403357,0.6263817722715257,1.2906266247946259
2026-02-20,5642.09,5809.91,5614.97,5808.53,2935141.0,5323.822,4850.603,4396.35,3356.0808333333334,2986.1158333333337,85.05724176181103,554.8935512657126,430.27243063745453,124.6211206282581,4396.35,5623.219425277213,3169.480574722788,0.5581309155445825,1.07552171849132,245.3944619107076,5583.74,3413.33,5583.74,2284.72,0.054752034225468815,0.19992604436511763,0.636569828215293,1.4154201857142263
2026-02-27,5903.11,6347.41,5775.61,6244.13,7070730.0,5574.634,5072.961,4528.0265,3419.451,3018.06975,87.5529548233094,623.4206851929448,468.90208154855264,154.51860364439216,4528.0265,5940.553086387328,3115.4999136126717,0.6239038514405021,1.1074588317622747,268.70914320279996,5809.91,3522.54,5809.91,2284.72,0.07499315661621786,0.25131110385225064,0.7293884672907551,1.5570575612632682
2026-03-06,6165.15,6180.45,5059.45,5584.87,5748529.0,5646.736,5218.4800000000005,4619.825500000001,3470.6025000000004,3044.0282500000003,68.81912513412048,617.4149845924239,498.6046621573269,118.81032243509702,4619.825500000001,6056.312893338014,3183.3381066619877,0.6218795031708505,0.8359042705406183,334.13563297402857,6347.41,3522.54,6347.41,2284.72,-0.10558076145115491,0.06900558154491665,0.4897396295970273,1.219935765448489
2026-03-13,5265.37,5746.36,5096.16,5487.24,4709356.0,5726.356,5336.241,4697.108,3519.9973333333332,3068.95,66.54819745795984,597.885447260478,518.4608191779571,79.42462808252094,4697.108,6145.58533715928,3248.6306628407197,0.6167528347908033,0.772745723985433,356.71165919016937,6347.41,3728.38,6347.41,2284.72,-0.017481158916859307,0.07822539761138403,0.39213870544627927,1.1744130292643296
2026-03-20,5510.82,5934.35,5448.75,5781.2,6027678.0,5781.1939999999995,5455.728999999999,4780.793,3574.0706666666665,3096.251583333333,69.78156959272906,599.2208188977229,534.6128191219103,64.60799977581257,4780.793,6275.984443770341,3285.6015562296575,0.6254993444687281,0.8345414408864357,365.91796924801446,6347.41,3833.35,6347.41,2284.72,0.0535715587435579,0.04978926858676469,0.4074741326841145,1.2789340901923683
2026-03-27,5580.15,5740.97,5220.1,5438.87,4884536.0,5707.262,5515.5419999999995,4855.0485,3622.7623333333336,3120.593416666667,62.23712778029666,566.1299468881834,540.916244675165,25.21370221301845,4855.0485,6325.884414495917,3384.2125855040827,0.6058995762847341,0.6984658840072201,379.8595428731562,6347.41,3833.35,6347.41,2284.72,-0.059214349961945634,-0.06364088676480961,0.3756196633078386,1.1605365917604487
2026-04-03,5181.8,5574.62,5042.99,5377.3,5462994.0,5533.896000000001,5554.264999999999,4923.335000000001,3670.352,3144.04125,60.96055906318676,528.8408597366852,538.5011676874691,-9.660307950783931,4923.335000000001,6357.547059947916,3489.122940052086,0.5826181074202403,0.6582628582890614,390.7002898107879,6347.41,3833.35,6347.41,2284.72,-0.011320366179004004,-0.13882318273322303,0.3404477548690412,1.1322246542316967
2026-04-10,5423.35,5919.6,5404.91,5858.87,5062653.0,5588.696,5617.715999999999,5023.6155,3724.815666666667,3171.202583333333,66.71178148021824,532.014926957173,537.20391954141,-5.188992584236985,5023.6155,6424.605351604587,3622.625648395413,0.5577615769377998,0.7980944148322571,401.52884053858884,6347.41,3833.35,6347.41,2284.72,0.08955609692596656,0.0490611240727179,0.5204969298723676,1.2611952683275116
2026-04-17,5737.28,6231.03,5730.23,6191.92,4511983.0,5729.632,5727.994,5136.882,3783.771333333333,3200.6745833333334,70.00308451577237,555.0069747571888,540.7645305845658,14.242444172622982,5136.882,6531.066154128873,3742.6978458711264,0.542813385290483,0.8783711057378998,408.6196376429754,6347.41,3833.35,6347.41,2284.72,0.05684543265168873,0.1284215744162822,0.5769204322325479,1.332542247737872
2026-04-24,6213.92,6557.76,6176.75,6475.63,4305633.0,5868.518,5824.856,5255.661,3849.4855000000002,3233.1541666666667,72.49766106683373,589.327958363956,550.4772161404439,38.85074222351204,5255.661,6680.708639384748,3830.6133606152525,0.5422905470443194,0.9280449882106087,406.6475206684772,6347.41,3892.08,6347.41,2284.72,0.04581939043140082,0.12011866048571229,0.5794026902110949,1.5567281801024957
2026-05-01,6533.6,6750.27,6529.19,6598.87,3385454.0,6100.518,5903.889999999999,5377.246499999999,3916.742,3267.1026666666667,73.52751738381747,619.3327408665346,564.2483210856622,55.084419780872395,5377.246499999999,6824.832019895471,3929.660980104528,0.5384114415790578,0.9219520999658151,397.2184120493003,6557.76,3975.5,6557.76,2284.72,0.019031352934000267,0.21327959668092822,0.5835413087090489,1.5741843119509418
2026-05-08,6782.93,7531.88,6741.63,7498.0,3159254.0,6524.658,6029.277,5551.119000000001,3998.936,3308.9798333333333,79.54550458686387,707.5083084583957,592.9003185602089,114.60798989818682,5551.119000000001,7134.1449806194105,3968.0930193805907,0.5703448189885354,1.1149238938069164,435.48923976006455,6750.27,3975.5,6750.27,2284.72,0.13625514671451322,0.3943800792219143,0.8649189787466889,1.9216477812933492
2026-05-15,7775.31,8046.78,7371.68,7493.18,4226723.0,6851.5199999999995,6220.107999999999,5719.294,4079.7701666666667,3350.7683333333334,79.44124599174336,768.1444561903836,627.9491460862439,140.1953101041397,5719.294,7375.513294723994,4063.074705276006,0.579169140360329,1.0355226827905104,452.60429406291706,7531.88,4083.13,7531.88,2284.72,-0.000642838090157305,0.2789462814501773,0.8144698862865887,1.834964606356857
2026-05-22,7443.29,7886.64,7053.84,7847.71,2649236.0,7182.678,6456.155000000001,5896.198,4167.932333333333,3394.371666666667,81.37492706080673,835.1792220067236,669.3951612703399,165.7840607363837,5896.198,7664.384264674637,4128.011735325364,0.5997716713972755,1.051840051862154,479.76113020128014,8046.78,4146.48,8046.78,2284.72,0.04731369058263635,0.2674114006640913,0.8209707097825103,2.0679325092455767
2026-05-29,8070.91,8476.15,7841.01,8476.15,2543080.0,7582.782000000001,6725.65,6090.6894999999995,4268.111166666667,3443.17025,84.21000808761589,928.3135915550611,721.1788473272842,207.13474422777688,6090.6894999999995,8081.48061957509,4099.898380424909,0.653716174359271,1.0991237545074912,490.8596209011887,8046.78,4381.93,8046.78,2284.72,0.08007941170099309,0.308930559652111,0.8481375045788344,2.4380146181989275
2026-06-05,8485.67,8933.62,8038.1,8160.59,2169821.0,7895.126000000001,6997.822,6256.682,4363.575666666667,3489.1021666666666,77.80557052827909,965.5301649441571,770.0491108506588,195.4810540934983,6256.682,8353.693708842857,4159.670291157142,0.6703270867347445,0.9539574080515238,519.763933693961,8476.15,4567.55,8476.15,2284.72,-0.03722916654377273,0.23666476230021205,0.6858145655416321,2.3545126442829427
2026-06-12,8048.09,8434.4,7394.46,8123.62,2333754.0,8020.25,7272.454,6413.3595000000005,4457.579,3534.5681666666665,77.06607978658228,980.7360823863937,812.1865051578059,168.54957722858785,6413.3595000000005,8575.649272083992,4251.069727916009,0.6743079885305016,0.8954743998885192,556.9193670015352,8933.62,4807.13,8933.62,2442.72,-0.004530309695745083,0.08343825020005324,0.6279571228459722,2.271142215171014
2026-06-19,8526.12,9385.59,8450.24,9052.42,2702367.0,8332.098000000002,7591.808999999999,6604.7625,4566.014333333334,3587.985333333333,81.75715208695733,1055.5653785888708,860.862279844019,194.7030987448518,6604.7625,8979.450000947238,4230.074999052762,0.7190833889779498,1.0153641266532238,607.2801265014255,8933.62,4890.72,8933.62,2476.14,0.1143332652192004,0.2080878879194148,0.7327328132058282,2.5551270470879315
2026-06-26,8954.43,9253.0,8080.99,8411.21,2263345.0,8444.798,7813.738,6770.866,4663.538,3635.7425,70.96515653400344,1051.0124297037592,898.8923098159671,152.12011988779204,6770.866,9162.937787772273,4378.794212227727,0.7065777960373969,0.8428709807926887,647.6179746084665,9385.59,4899.3,9385.59,2540.57,-0.07083299272459753,0.0718043862477078,0.6527763040513719,2.28589845260744
2026-07-03,8334.28,8667.73,7378.1,8088.34,2260218.0,8367.236,7975.009,6899.9325,4755.389166666667,3680.921666666667,66.224823008026,1009.7119434866054,921.0562365500948,88.65570693651057,6899.9325,9283.848593857969,4516.016406142031,0.6909969318853392,0.7492553121021893,693.4759764221475,9385.59,5042.99,9385.59,2559.17,-0.038385678160454795,-0.045753083652365745,0.46873530282312914,2.1383363015904426
2026-07-10,8186.82,8327.26,7063.76,7475.94,2502161.0,8230.306,8062.716,6983.303,4836.207,3720.3165000000004,58.27369955627536,916.9949022226056,920.243969684597,-3.2490674619914444,6983.303,9324.964467010985,4641.641532989015,0.6706458153143247,0.6051896285906831,734.1919781062799,9385.59,5042.99,9385.59,2585.6,-0.07571392893968365,-0.08389712018371231,0.2870623031989161,1.8459497424691742
2026-07-17,7412.03,7529.07,6448.86,6820.6,1787818.0,7969.702,7994.976,7012.1265,4906.6821666666665,3754.26625,51.19073263541833,781.6254265630887,892.5202610602954,-110.89483449720672,7012.1265,9330.762814287136,4693.490185712864,0.6613218726978574,0.45869846020701077,758.9075510986884,9385.59,5042.99,9385.59,2588.09,-0.08765987956029597,-0.16039893544995942,0.09232190873668555,1.6313129559544612
2026-07-24,6643.58,7166.0,6429.03,6690.62,1905728.0,7497.342,7914.719999999999,7067.414,4973.231333333333,3787.403,49.895352428779546,656.2905333647423,845.2743155211848,-188.98378215644254,7067.414,9298.357430447315,4836.4705695526845,0.6313323177182815,0.4155527668569232,757.3405831630679,9385.59,5042.99,9385.59,2595.96,-0.019056974459724985,-0.2609026094679655,0.19799028446499212,1.4801476830005154
2026-07-31,6806.27,6806.27,5262.77,6595.45,1877668.0,7134.19,7789.494000000001,7122.8245,5036.288,3820.016583333333,48.9192532429575,543.0226764900872,784.8239877149654,-241.8013112248782,7122.8245,9246.497573996803,4999.151426003196,0.5963008281326609,0.3758343488794468,813.4948272228488,9385.59,5042.99,9385.59,2685.14,-0.014224391760404909,-0.21587381601458044,0.2019612774363797,1.3454241567539693
2026-08-07,6358.27,6674.66,6080.25,6258.77,1508334.0,6768.276,7567.755999999999,7146.7029999999995,5092.357166666667,3850.5741666666663,45.526152622964595,421.2340971553558,712.1060096030435,-290.8719124476877,7146.7029999999995,9219.631693941023,5073.774306058976,0.5801076927195724,0.2858264486869847,797.8459109926454,9385.59,5042.99,9385.59,2841.39,-0.05104731292027065,-0.2261984535763828,0.08260741714522957,1.1622078200247357
2026-08-14,6306.33,7010.86,6213.78,6977.94,1739755.0,6668.676000000001,7449.491,7223.6565,5158.292166666667,3886.587583333333,53.021845726536974,378.3849925807908,645.361806198593,-266.9768136178021,7223.6565,9146.077755701006,5301.235244298994,0.5322571071038624,0.4360919207298297,797.7912030645992,9385.59,5042.99,9385.59,2886.13,0.1149059639513832,-0.0666136967391392,0.2829760593652726,1.3091692478754662
2026-08-21,7127.77,7216.62,6400.81,6912.95,1421027.0,6687.145999999999,7328.424000000001,7300.439,5222.575666666667,3921.89025,52.3211958233149,335.3172896510805,583.3529028890905,-248.03561323801,7300.439,9035.265364785835,5565.6126352141655,0.4752663133780954,0.388320523637005,799.0782599885565,9385.59,5042.99,9385.59,2971.36,-0.009313636975955664,0.01353986452804734,0.2855801238539788,1.26213538223918
2026-08-28,6881.07,6996.12,6408.82,6788.88,1444957.0,6706.798,7102.07,7346.9395,5284.8189999999995,3955.734,50.937350641795696,287.85618576425713,524.2535594641238,-236.39737369986665,7346.9395,8971.035437960265,5722.843562039736,0.4421149617361799,0.32819380094599626,783.9512414179454,9385.59,5262.77,9385.59,3032.47,-0.017947475390390433,0.01468623236710509,0.1587353875406008,1.2227431669657003
2026-09-04,6613.58,6857.35,6439.49,6687.21,1633532.0,6725.15,6929.67,7371.704,5343.343,3988.7555833333336,49.77553686488967,239.28072048809372,467.2589916689178,-227.9782711808241,7371.704,8938.697646258986,5804.710353741014,0.42513742989653036,0.28159005250782304,757.8018670309494,9385.59,5262.77,9385.59,3032.99,-0.014975960688655587,0.013912621580028706,0.0799897285494644,1.1056972009937747
2026-09-11,6910.78,7171.52,6802.5,6909.91,1586412.0,6855.378,6811.827,7393.418,5405.373666666666,4023.9415,52.33983091707404,216.26141612086485,417.05947655930726,-200.7980604384424,7393.418,8921.69942474612,5865.1365752538795,0.4134167511551817,0.3418131660272188,738.266733671596,9385.59,5262.77,9385.59,3079.27,0.033302378719974435,0.10403641610092706,0.0670637451491205,1.1674273149585797
