timestamp,open,high,low,close,volume,ema5,ema10,ema20,ema60,ema120,rsi14,macd,macd_signal,macd_hist,bb_mid,bb_upper,bb_lower,bb_width,bb_percent_b,atr14,prev20_high,prev20_low,prev60_high,prev60_low,return_1,return_5,return_20,return_60
2026-08-11 09:30:00-04:00,53961.6015625,54159.25,53961.6015625,54120.6484375,7187954.0,,,,,,,,,,,,,,,,,,,,,,,
2026-08-11 09:40:00-04:00,54121.12890625,54195.76953125,54098.4296875,54189.66015625,12893654.0,,,,,,,,,,,,,,,,,,,,0.0012751458222031165,,,
2026-08-11 09:50:00-04:00,54186.33984375,54222.8515625,54167.08984375,54170.640625,9845347.0,,,,,,,,,,,,,,,,,,,,-0.0003509808180224283,,,
2026-08-11 10:00:00-04:00,54169.26953125,54197.16015625,54036.51171875,54070.8203125,8832314.0,,,,,,,,,,,,,,,,,,,,-0.0018427013479683785,,,
2026-08-11 10:10:00-04:00,54074.23828125,54080.71875,54017.6796875,54045.73046875,8836363.0,54098.82508680556,,,,,,,,,,,,,,,,,,,-0.00046401818217278734,,,
2026-08-11 10:20:00-04:00,54045.4609375,54067.390625,54023.859375,54049.578125,8340997.0,54082.40943287038,,,,,,,,,,,,,,,,,,,7.119260331256427e-05,-0.0013131829449913868,,
2026-08-11 10:30:00-04:00,54048.2109375,54050.19921875,53956.671875,53989.73046875,8131789.0,54051.51644483025,,,,,,,,,,,,,,,,,,,-0.0011072733280469427,-0.003689443464371722,,
2026-08-11 10:40:00-04:00,53988.609375,54016.94140625,53951.83984375,54010.01171875,7055125.0,54037.681536136835,,,,,,,,,,,,,,,,,,,0.00037565014353502235,-0.0029652391848559168,,
2026-08-11 10:50:00-04:00,54011.140625,54011.3515625,53953.48828125,53983.30078125,6313222.0,54019.554617841226,,,,,,,,,,,,,,,,,,,-0.0004945552991006963,-0.0016186092747286773,,
2026-08-11 11:00:00-04:00,53983.26953125,54006.328125,53933.01953125,53942.73828125,6125859.0,53993.94917231082,54032.61412497748,,,,,,,,,,,,,,,,,,-0.0007513897707804862,-0.0019056489126287879,,
2026-08-11 11:10:00-04:00,53942.05078125,53956.8984375,53915.5390625,53936.44140625,6547121.0,53974.779916957224,54015.128176117934,,,,,,,,,,,,,,,,,,-0.00011673257978062068,-0.0020932026238641432,,
2026-08-11 11:20:00-04:00,53935.55078125,53965.01171875,53927.73046875,53961.26953125,5479551.0,53970.27645505482,54005.335695232854,,,,,,,,,,,,,,,,,,0.0004603218965262279,-0.0005271546505769553,,
2026-08-11 11:30:00-04:00,53962.69921875,53964.78125,53911.94140625,53925.671875,7259489.0,53955.408261703225,53990.85136428142,,,,,,,,,,,,,,,,,,-0.0006596890058226945,-0.0015615594417788259,,
2026-08-11 11:40:00-04:00,53925.6796875,53945.08984375,53923.1796875,53935.62890625,5026831.0,53948.815143218824,53980.810917366616,,,,,,,,,,,,,112.97478151389646,,,,,0.0001846436197046053,-0.000883085589619137,,
2026-08-11 11:50:00-04:00,53937.109375,53949.19921875,53915.80859375,53943.26171875,5008303.0,53946.964001729226,53973.98379034541,,,,70.26357069184016,,,,,,,,,107.290198905761,,,,,0.0001415170760921125,9.703576731245889e-06,,
2026-08-11 12:00:00-04:00,53943.890625,53966.83984375,53932.41015625,53936.0,4564954.0,53943.309334486155,53967.07764664624,,,,69.35508944555846,,,,,,,,,102.08587666249235,,,,,-0.00013461771718326077,-8.183822263641005e-06,,
2026-08-11 12:10:00-04:00,53938.640625,53960.421875,53911.28125,53936.51953125,4543799.0,53941.046066740775,53961.521625665104,,,,69.3855872530034,,,,,,,,,98.30407297231433,,,,,9.632365210565652e-06,-0.00045866230010893627,,
2026-08-11 12:20:00-04:00,53936.4609375,53950.19140625,53893.44921875,53911.6796875,4973107.0,53931.25727366052,53952.45945508963,,,,66.00339417213787,,,,,,,,,95.33536686714902,,,,,-0.00046053849907035094,-0.00025947173235840726,,
2026-08-11 12:30:00-04:00,53911.44140625,53915.48046875,53880.44140625,53898.37890625,4670616.0,53920.29781785702,53942.62662802787,,,,64.19884258658726,,,,,,,,,91.02848798378123,,,,,-0.00024671428022826625,-0.0006906380949918134,,
2026-08-11 12:40:00-04:00,53896.12109375,53903.44921875,53883.87890625,53901.94140625,5271294.0,53914.17901398802,53935.22931497735,53977.13257806002,,,64.47896704134091,,,,53992.9826171875,54164.02909364882,53821.93614072618,0.006335878040820503,0.23386996089893045,85.92433259208256,,,,,6.609660758427616e-05,-0.000765995810847242,,
2026-08-11 12:50:00-04:00,53902.26171875,53909.03125,53881.62890625,53890.0,5091304.0,53906.11934265868,53927.00580316328,53968.834237292394,,,62.70779491011218,,,,53981.4501953125,54147.54138004536,53815.35901057964,0.006153639227250079,0.2246988289607678,81.74419053193381,54222.8515625,53880.44140625,,,-0.00022153944623259925,-0.0008528626520319937,-0.004261745639769221,
2026-08-11 13:00:00-04:00,53891.87890625,53896.2109375,53877.55859375,53884.78125,5475243.0,53899.006645105794,53919.32861167905,53960.829190883596,,,61.90744248660713,,,,53966.20625,54107.11568759043,53825.29681240958,0.005222136124879973,0.2110732914970618,77.23763004750997,54222.8515625,53880.44140625,,,-9.684078678795505e-05,-0.0009592439723520307,-0.005626145382180203,
2026-08-11 13:10:00-04:00,53884.71875,53892.0703125,53858.7109375,53886.62109375,6215837.0,53894.8781279872,53913.3817902374,53953.76175306135,,,62.09113844856366,,,,53952.0052734375,54061.352771550046,53842.65777532495,0.004053510061706011,0.20102571702097366,74.10346897268784,54222.8515625,53877.55859375,,,3.414403301493785e-05,-0.0004648082548207588,-0.005243052841411688,
2026-08-11 13:20:00-04:00,53887.37890625,53888.8203125,53859.30859375,53875.71875,4365465.0,53888.491668658135,53906.53396473969,53946.32908610313,,,60.23739647594324,,,,53942.2501953125,54041.833091317414,53842.66729930759,0.0036922040012919133,0.16594943518602956,70.91834395678157,54197.16015625,53858.7109375,,,-0.00020232004769848988,-0.000420423706794848,-0.003608259711475048,
2026-08-11 13:30:00-04:00,53875.87890625,53885.48828125,53868.12890625,53871.91015625,4297111.0,53882.96449785543,53900.23872683247,53939.241568974256,,,59.56833719344167,,,,53933.5591796875,54025.55118470572,53841.56717466928,0.0034113085217214872,0.16492184062467258,67.09270331701147,54080.71875,53858.7109375,,,-7.069221234290435e-05,-0.0005571459805808754,-0.003216171027617176,
2026-08-11 13:40:00-04:00,53872.08984375,53898.58984375,53870.12890625,53887.80859375,4960484.0,53884.57919648696,53897.97870263565,53934.34319038147,,,61.49113493644425,-49.192010254308116,,,53925.470703125,54002.46017814142,53848.48122810858,0.0028554029853634683,0.25540741531898226,64.33329147293922,54067.390625,53858.7109375,,,0.00029511553338079644,-4.066443217665139e-05,-0.002992984161243162,
2026-08-11 13:50:00-04:00,53888.3203125,53894.5390625,53874.671875,53889.98046875,3368847.0,53886.37962057464,53896.524478292806,53930.118169273715,,,61.758687952561985,-46.742143488409056,,,53920.483203125,53992.96717714592,53847.999229104076,0.0026885506106414125,0.28958980390483857,61.15714118915785,54050.19921875,53858.7109375,,,4.0303643007222334e-05,9.648770263859241e-05,-0.001847573587309137,
2026-08-11 14:00:00-04:00,53889.78125,53891.140625,53849.12109375,53849.12109375,4725373.0,53873.960111633096,53887.9056811032,53922.40416208098,,,54.138019424506204,-47.54949552666221,,,53912.438671875,53978.85032496859,53846.02701878142,0.002463685736710396,0.023294669116451446,59.790169050646575,54016.94140625,53858.7109375,,,-0.0007581998479976315,-0.0006959055743124276,-0.0029789037232174076,
2026-08-11 14:10:00-04:00,53849.2109375,53867.1484375,53844.359375,53860.7890625,4206091.0,53869.56976192207,53882.97538681171,53916.536057358986,,,55.81473982672404,-46.7093835705673,,,53906.3130859375,53967.873342394196,53844.75282948081,0.00228397205939701,0.13024826358930014,57.147232868457536,54011.3515625,53849.12109375,,,0.00021667890790055822,-0.0002771134723840163,-0.0022694373440861337,
2026-08-11 14:20:00-04:00,53861.30859375,53874.71875,53806.6796875,53809.109375,6049871.0,53849.41629961471,53869.54520284595,53906.30494475337,,,47.52665159635555,-49.64147168393538,,,53899.631640625,53971.98806150422,53827.275219745774,0.002684857713375799,-0.1255302882939459,57.925220699282,54006.328125,53844.359375,,,-0.0009595048345844015,-0.0011657426118333314,-0.0024772362417584404,
2026-08-11 14:30:00-04:00,53809.26171875,53849.328125,53809.0,53837.05859375,5471510.0,53845.29706432648,53863.63854664668,53899.71005418162,,,51.70356093939215,-49.143409631054965,,,53894.6625,53969.82078416228,53819.50421583772,0.0027890807985774223,0.1167827213456517,56.668285292190426,53966.83984375,53806.6796875,,,0.0005194142604223462,-0.0009417714567425683,-0.001842591203810584,
2026-08-11 14:40:00-04:00,53837.390625,53837.390625,53815.19921875,53836.62890625,6001214.0,53842.40767830099,53858.72770293819,53893.70232580718,,,51.635510258539554,-48.227428283287736,,,53888.43046875,53961.09197921141,53815.76895828859,0.002696738792700476,0.1435419373265825,54.20565107489111,53966.83984375,53806.6796875,,,-7.981258843270389e-06,-0.0009900089411043478,-0.0023098163939196947,
2026-08-11 14:50:00-04:00,53837.25,53840.5703125,53805.75,53809.33984375,4971113.0,53831.385066784,53849.7480921767,53885.66780370649,,,47.37121630019988,-49.137084027534,,,53882.6138671875,53960.83179743542,53804.39593693958,0.0029032715614248127,0.03160341110246835,52.820984033827465,53966.83984375,53806.6796875,,,-0.000506886539042406,-0.0007387539330631077,-0.0021572662371209805,
2026-08-11 15:00:00-04:00,53809.21875,53812.28125,53771.98046875,53779.671875,5639798.0,53814.14733618934,53837.006961780935,53875.5729533535,,,43.19471031562322,-51.65648607470939,-49.23292254805264,-2.42356352665675,53874.816015625,53961.02570495312,53788.60632629688,0.0032003706259754712,-0.05181813881080582,51.92668383498265,53966.83984375,53805.75,,,-0.0005513535166227213,-0.0015060527131504076,-0.0028915400527003143,
2026-08-11 15:10:00-04:00,53779.01171875,53803.96875,53772.76171875,53803.96875,5475159.0,53810.75447412623,53831.0000141844,53868.75350541507,,,47.293100752569515,-51.10348641281598,-49.60703532100531,-1.4964510918106697,53867.8513671875,53953.320597771795,53782.3821366032,0.0031732927308238635,0.12628295147404106,50.44670865034103,53966.83984375,53771.98046875,,,0.0004517854823746781,-9.553447473320542e-05,-0.0025822125750616376,
2026-08-11 15:20:00-04:00,53803.421875,53812.01171875,53794.62890625,53803.5,6113883.0,53808.33631608416,53826.000011605414,53862.53888585173,,,47.22231475335801,-50.12524181831395,-49.71067662046704,-0.4145651978469118,53861.2263671875,53945.06430214304,53777.38843223196,0.0031131090251823256,0.15572644878413325,48.08500178245953,53966.83984375,53771.98046875,,,-8.712182593462181e-06,-0.0006233363156636917,-0.0024566152477010217,
2026-08-11 15:30:00-04:00,53803.9296875,53837.1484375,53800.3203125,53832.1484375,7928128.0,53816.27368988944,53827.11790722261,53859.64455743728,,,51.95534222083797,-46.50223759961227,-49.06898881629609,2.5667512166838193,53856.0078125,53933.1774903118,53778.8381346882,0.002865777874975997,0.345409650029975,47.28093915514099,53960.421875,53771.98046875,,,0.000532464198425675,-8.322342689404127e-05,-0.0019350728348263013,
2026-08-11 15:40:00-04:00,53832.2109375,53837.26953125,53797.46875,53809.6796875,8484703.0,53814.07568909296,53823.947321818494,53854.885998395635,,,48.297100487370834,-44.92614041858178,-48.24041913675323,3.314278718171451,53850.9078125,53926.144151283705,53775.6714737163,0.0027942458851636692,0.22600922860874342,46.74664216191663,53950.19140625,53771.98046875,,,-0.0004173853478295353,6.3157019021264915e-06,-0.0018919833437066602,
2026-08-11 15:50:00-04:00,53809.0,53809.0,53746.4296875,53785.19140625,31989107.0,53804.44759481198,53816.900791715125,53848.24841819129,,,44.61036450424812,-45.132808762013156,-47.618897061805214,2.4860882997920584,53845.2484375,53922.35499256331,53768.141882436685,0.0028640059169868647,0.110558199619446,47.92545343606544,53915.48046875,53771.98046875,,,-0.0004550906341055372,0.00010263229688023401,-0.0021000167778121304,
2026-08-12 09:30:00-04:00,53797.46875,53969.359375,53796.83984375,53890.8984375,6777418.0,53833.26454237466,53830.354909130554,53852.31032479212,,,59.117672880300475,-36.34792467197258,-45.364702583838685,9.016777911866107,53844.6962890625,53920.31485372096,53769.07772440404,0.0028087655747005866,0.8054947462053476,57.65706167277505,53909.03125,53746.4296875,,,0.001965355676650349,0.0016156742619475306,-0.000204871447333832,
2026-08-12 09:40:00-04:00,53889.37109375,53917.53125,53805.171875,53863.94921875,13631640.0,53843.492767833115,53836.462965424995,53853.41879088334,,,55.15174697377753,-31.200754590929137,-42.531912985256774,11.331158394327637,53843.39375,53916.708350894616,53770.07914910539,0.0027232533385625696,0.6401867329233963,61.564369767576835,53969.359375,53746.4296875,,,-0.0005000699474561054,0.0011235183352384936,-0.00048340659213208514,
2026-08-12 09:50:00-04:00,53865.671875,53886.109375,53775.1484375,53783.2890625,13912933.0,53823.424866055415,53826.79498307499,53846.739769132546,,,45.34631317454759,-33.2469357429145,-40.67491753678832,7.427981793873819,53838.319140625,53913.49861737062,53763.139663879374,0.0027927869200097158,0.13400863834689497,65.09269603417849,53969.359375,53746.4296875,,,-0.0014974794351306775,-0.0009076244663860367,-0.0018835037490293471,
2026-08-12 10:00:00-04:00,53783.76171875,53832.828125,53739.05859375,53747.5703125,14030799.0,53798.14001487028,53812.390497515895,53837.29505897706,,,41.80204223002613,-37.320545639850025,-40.004043157400666,2.6834975175506415,53831.3666015625,53912.84700872985,53749.88619439515,0.003027246466560436,-0.014211280819892494,67.14104140673717,53969.359375,53746.4296875,,,-0.0006641235711429827,-0.001154241678461898,-0.0025804323675830965,
2026-08-12 10:10:00-04:00,53745.98828125,53852.25,53731.9609375,53836.03125,10153468.0,53810.770426580195,53816.68881614936,53837.17469621734,,,51.84126269885115,-33.030102019045444,-38.60925492972962,5.579152910684179,53829.3822265625,53908.33939818357,53750.42505494143,0.00293360868563371,0.5421052533987116,70.93732862768452,53969.359375,53739.05859375,,,0.0016458592823018758,0.0009452386878388008,-0.0007366491050293522,
2026-08-12 10:20:00-04:00,53834.640625,53871.671875,53802.421875,53831.76953125,10118724.0,53817.770128136806,53819.430764349476,53836.65991860141,,,51.38141266986178,-29.63219809084694,-36.813843561953085,7.181645471106144,53827.3751953125,53903.909743960015,53750.84064666499,0.0028437035382017843,0.5287081848338562,70.81680515427848,53969.359375,53731.9609375,,,-7.916108693473145e-05,-0.0010971965204583656,-0.0007451123393170667,
2026-08-12 10:30:00-04:00,53830.05859375,53854.78125,53764.71875,53808.578125,9713528.0,53814.70612709121,53817.457557195026,53833.98546206794,,,48.842401351803936,-28.48236049080151,-35.14754694772277,6.665186456921262,53823.413671875,53895.072511567116,53751.75483218289,0.002662738566861248,0.3964848793341958,72.19149764325859,53969.359375,53731.9609375,,,-0.0004308126307558391,-0.0010279805798332209,-0.001470285595528753,
2026-08-12 10:40:00-04:00,53811.25,53846.0390625,53788.19140625,53818.73046875,11026296.0,53816.04757431081,53817.68899565957,53832.53260556147,,,50.0070404289617,-26.447031695992337,-33.40744389737669,6.960412201384351,53819.851171875,53884.67695740886,53755.02538634114,0.002408991631241678,0.49135603899148983,71.16693754374012,53969.359375,53731.9609375,,,0.0001886751909039308,0.0006589668811221028,-0.0013221381670627252,
2026-08-12 10:50:00-04:00,53819.78125,53826.140625,53762.7890625,53780.78125,9094605.0,53804.292132873874,53810.97849644873,53827.60390503181,,,45.808941460556085,-27.578298304666532,-32.24161477883466,4.663316474168127,53816.4341796875,53881.92941021152,53750.93894916349,0.002434023417654656,0.2278204122479673,70.60869646918727,53969.359375,53731.9609375,,,-0.0007051303220917404,0.000617905838476096,-0.0012690985918046849,
2026-08-12 11:00:00-04:00,53778.51953125,53782.01953125,53745.51953125,53761.75,7313658.0,53790.11142191592,53802.027860730785,53821.33210455259,,,43.82209715623545,-29.668498088620254,-31.72699144079178,2.058493352171528,53811.4822265625,53877.7856098709,53745.17884325409,0.0024642838503963686,0.12496463920120157,68.17236100710247,53969.359375,53731.9609375,,,-0.0003538671167965246,-0.001379768312694818,-0.0018387970956956767,
2026-08-12 11:10:00-04:00,53763.30078125,53792.1484375,53747.078125,53762.91015625,6555106.0,53781.04433336062,53794.915550825186,53815.76810947615,,,43.981603553265295,-30.875468382728286,-31.556686829179085,0.6812184464507993,53809.172265625,53878.7820212487,53739.5625100013,0.002587282156286539,0.16770383719571857,66.52221468516657,53969.359375,53731.9609375,,,2.1579584927877704e-05,-0.0012791586752507467,-0.0008585761646422441,
2026-08-12 11:20:00-04:00,53764.609375,53784.66015625,53739.2109375,53784.66015625,6740139.0,53782.24960765708,53793.0509336297,53812.80544726414,,,47.01872691809993,-29.73420045495004,-31.19218955433328,1.4579890993832372,53806.55234375,53875.70942117097,53737.39526632903,0.002570581998235077,0.3417212791776847,65.01700068979754,53969.359375,53731.9609375,,,0.00040455399339034415,-0.0004445010365157209,-0.0009732782374942683,
2026-08-12 11:30:00-04:00,53785.46875,53796.890625,53760.33984375,53762.140625,6145191.0,53775.546613438055,53787.4308775152,53807.98022609612,,,44.33834891498603,-30.29762322713941,-31.013276288894506,0.7156530617550949,53802.8279296875,53873.11858729629,53732.537272078705,0.002612898255112217,0.21057814742646475,62.98369930124058,53969.359375,53731.9609375,,,-0.000418698029969522,-0.0010514897556503922,-0.0013835985417978147,
2026-08-12 11:40:00-04:00,53761.19140625,53814.421875,53752.9296875,53810.16015625,6552403.0,53787.084461042046,53791.5634736488,53808.18783849173,,,50.781480207155546,-26.563161387952277,-30.12325330870606,3.5600919207537842,53802.8689453125,53873.17570972582,53732.56218089917,0.0026134949972570765,0.5518528408919421,62.877162744009105,53969.359375,53731.9609375,,,0.0008931848823681143,0.0005462714666311097,1.5244797694657919e-05,
2026-08-12 11:50:00-04:00,53810.828125,53819.9296875,53784.71875,53808.37890625,5664957.0,53794.1826094447,53794.620825030834,53808.20603542109,,,50.547739539675554,-23.476680899839266,-28.793938826932703,5.317257927093436,53804.304296875,53873.82588564805,53734.78270810195,0.002584238925921389,0.5293046336174781,60.90100379800846,53969.359375,53731.9609375,,,-3.310248463905818e-05,0.0008673249336190736,0.0005337896318282631,
2026-08-12 12:00:00-04:00,53808.078125,53844.5703125,53804.62890625,53822.5,5814799.0,53803.6217396298,53799.68976593432,53809.567365380986,,,52.41757602126765,-19.664488641064963,-26.968048789759155,7.303560148694192,53805.230859375,53875.20236384193,53735.25935490807,0.002600918288030596,0.6234012385224876,59.40388968743643,53969.359375,53731.9609375,,,0.00026243298975070495,0.0011083820346928785,0.00034442161852599185,
2026-08-12 12:10:00-04:00,53824.55078125,53845.1015625,53811.1796875,53830.578125,5890854.0,53812.60720141987,53805.30583121898,53811.56839010661,,,53.50073081064184,-15.809222755800874,-24.736283582967502,8.927060827166628,53806.584765625,53877.41256235007,53735.75696889992,0.002632681372868893,0.6693781289578661,57.58374578119097,53969.359375,53731.9609375,,,0.00015008825305407036,0.0008537372666592713,0.000503278132463425,
2026-08-12 12:20:00-04:00,53831.55859375,53833.96875,53809.671875,53813.62109375,5366900.0,53812.94516552992,53806.81769713371,53811.7638856917,,,50.88233710863816,-13.961250862717861,-22.581277038917573,8.620026176199712,53805.6583984375,53875.60370480622,53735.713092068785,0.0025999238165906003,0.5569208695042496,55.20611215396304,53969.359375,53731.9609375,,,-0.0003150074147564297,0.0009575598767370685,-0.0003441687595194809,
2026-08-12 12:30:00-04:00,53812.4609375,53835.26953125,53802.421875,53829.140625,5188032.0,53818.343652019954,53810.87641129121,53813.41881324487,,,53.14263936216956,-11.116281777110999,-20.28827798655626,9.171996209445261,53806.6314453125,53877.311056529965,53735.95183409504,0.002627171012900151,0.6592338957428858,53.609079589394256,53969.359375,53731.9609375,,,0.0002883941079334651,0.00035273020364345875,0.00036166239258483834,
2026-08-12 12:40:00-04:00,53829.73828125,53833.6015625,53805.94140625,53815.109375,5019902.0,53817.265559679974,53811.64604105645,53813.57981912631,,,50.863667606971205,-9.879938114288962,-18.206610012102804,8.326671897813842,53808.12734375,53878.19228931244,53738.062398187554,0.0026042514029465708,0.5498254240687223,51.755585065151806,53969.359375,53731.9609375,,,-0.0002606627160880448,0.00012508216911211179,0.000556249182493751,
2026-08-12 12:50:00-04:00,53815.05078125,53837.76953125,53811.55859375,53819.83984375,5601052.0,53818.12365436999,53813.13582336437,53814.17601194761,53878.97131671172,,51.61699055843275,-8.421341576584382,-16.24955632499912,7.828214748414737,53804.5744140625,53863.86884127405,53745.279986850954,0.002204066396111177,0.6287256695560399,49.93096738192668,53969.359375,53731.9609375,,,8.790224167420924e-05,-4.942461331225445e-05,-0.0013185639098670654,
2026-08-12 13:00:00-04:00,53819.8984375,53838.48828125,53802.1796875,53822.6015625,5752284.0,53819.61629041333,53814.85686684358,53814.97844533355,53877.12312804905,,52.078908801848456,-6.962288758419163,-14.392102811683127,7.429814053263964,53802.50703125,53855.97342201461,53749.04064048539,0.001987505553730245,0.6879174090735324,48.95794069393192,53917.53125,53731.9609375,54222.8515625,53731.9609375,5.131413913561644e-05,-0.00014817902348140954,-0.0007676313536180146,-0.005507082483392489
2026-08-12 13:10:00-04:00,53822.12890625,53826.80859375,53790.609375,53800.3203125,4450188.0,53813.18429777556,53812.213856962924,53813.58243268274,53874.60500294907,,48.08984993623882,-7.517235538973182,-13.017129357141139,5.499893818167957,53803.35859375,53856.1112675195,53750.6059199805,0.0019609435227944537,0.47120258526346476,48.046603412222495,53886.109375,53731.9609375,54222.8515625,53731.9609375,-0.00041397571565038316,-0.000247163840300324,0.00031666434494570517,-0.007184762602817196
2026-08-12 13:20:00-04:00,53802.37109375,53820.671875,53786.01171875,53803.6484375,4480927.0,53810.00567768371,53810.65650796967,53812.63633790343,53872.278558180245,,48.721661076092154,-7.600864947795344,-11.93387647527198,4.333011527476636,53806.1625,53852.30301761425,53760.02198238575,0.0017150644264679056,0.47275645538898264,47.09042861492089,53871.671875,53731.9609375,54222.8515625,53731.9609375,6.186069117553039e-05,-0.0004735759702647613,0.0010433611170503898,-0.006774743352963575
2026-08-12 13:30:00-04:00,53804.328125,53820.5,53796.7890625,53816.62109375,5107089.0,53812.21081637248,53811.74097811154,53813.01583846025,53870.453723280894,,51.21420240682503,-6.544911251592566,-10.856083430536097,4.311172178943531,53805.1919921875,53849.56121367478,53760.82277070022,0.0016492542761940665,0.6287953808900542,45.42046496385512,53871.671875,53731.9609375,54197.16015625,53731.9609375,0.00024111108868507536,2.809097236000646e-05,-0.0003605421090545624,-0.004701227340011993
2026-08-12 13:40:00-04:00,53818.19921875,53837.359375,53808.19140625,53813.4296875,5381331.0,53812.61710674832,53812.04801618217,53813.05525265451,53868.58408276349,,50.56305459313642,-5.897596332899411,-9.864386011008762,3.9667896781093503,53804.275,53847.14180679719,53761.40819320281,0.0015934349750903055,0.6067806093338282,44.25957237715118,53871.671875,53739.2109375,54080.71875,53731.9609375,-5.9301498034236566e-05,-0.0001191039636797564,-0.00034068810870790944,-0.004298226321213683
2026-08-12 13:50:00-04:00,53813.01171875,53827.83984375,53794.73046875,53809.87890625,5996761.0,53811.70437324888,53811.65363255814,53812.752743473124,53866.6593228778,,49.80433236808179,-5.606484899930365,-9.012805788793083,3.4063208888627177,53804.3400390625,53847.236700713125,53761.44337741188,0.0015945428052636219,0.5645605855370419,43.46312970735467,53854.78125,53739.2109375,54067.390625,53731.9609375,-6.598318060413444e-05,-0.00023638129485858972,2.417423569478494e-05,-0.004434802769332391
2026-08-12 14:00:00-04:00,53809.55078125,53816.03125,53800.3984375,53800.3984375,5839195.0,53807.935727999255,53809.607233456656,53811.576142904254,53864.48683483263,,47.74435653898034,-6.070791285492305,-8.424402888132928,2.3536116026406226,53803.4234375,53845.83161239975,53761.01526260025,0.0015764117667721113,0.46433470660842585,41.47524990682933,53846.0390625,53739.2109375,54050.19921875,53731.9609375,-0.00017618453976675497,1.4521289009028493e-06,-0.0003406254865235825,-0.003506815640792804
2026-08-12 14:10:00-04:00,53800.578125,53812.828125,53796.578125,53811.140625,4861331.0,53809.00402699951,53809.88603191908,53811.53466500861,53862.73777877254,,50.255038497659356,-5.508454649840132,-7.841213240474369,2.3327585906342367,53804.94140625,53846.1556470831,53763.7271654169,0.001531987202510394,0.5752072417772346,39.67344634205581,53845.1015625,53739.2109375,54016.94140625,53731.9609375,0.0001996674339219684,0.00013925054745511645,0.000564502305365755,-0.0036821153601224177
2026-08-12 14:20:00-04:00,53811.328125,53818.44140625,53797.7890625,53798.51171875,4892195.0,53805.50659091634,53807.81797497924,53810.29438441255,53860.632006312786,,47.37332960932122,-6.012537218499347,-7.475478036079365,1.4629408175800185,53806.7794921875,53843.114985431625,53770.44399894338,0.0013505916387133838,0.38623006460989107,38.31479615690897,53845.1015625,53739.2109375,54011.3515625,53731.9609375,-0.00023468943611526516,-0.0003365015237291047,0.0006837894739288863,-0.0034230782450446195
2026-08-12 14:30:00-04:00,53798.421875,53837.51953125,53798.421875,53822.578125,5258735.0,53811.19710227756,53810.501638619375,53811.464264468494,53859.384338073025,,52.914344353031645,-4.419127482055046,-6.864207925274502,2.4450804432194557,53809.762890625,53840.579785941954,53778.94599530805,0.0011454016394605087,0.7079254617181986,38.3707147349869,53845.1015625,53739.2109375,54006.328125,53731.9609375,0.00044734334614715543,0.00017000287015944693,0.001109835174037066,-0.002227550177810844
2026-08-12 14:40:00-04:00,53822.41015625,53858.390625,53822.41015625,53853.55859375,6543850.0,53825.317599435046,53818.33017591585,53815.473248209586,53859.19333006244,,58.911738633139436,-0.6489926887443289,-5.621164877968468,4.972172189224139,53813.2078125,53847.263566168054,53779.15205883194,0.001265702419625931,1.092422379538325,38.1999828789164,53845.1015625,53739.2109375,53969.359375,53731.9609375,0.0005756035817914285,0.0008117410480723564,0.0012810053517089415,-0.0015366755822047162
2026-08-12 14:50:00-04:00,53853.859375,53854.5703125,53829.9609375,53830.01953125,5004675.0,53826.88491004003,53820.455513249326,53816.858608499155,53858.23681206858,,53.351348768569856,0.4344525788255851,-4.410041386609658,4.844493965435243,53816.6017578125,53842.070840018125,53791.13267560688,0.0009465139519674148,0.7634129751745701,37.22922517327952,53858.390625,53752.9296875,53969.359375,53731.9609375,-0.0004370939101270288,0.0005505738732476395,0.001262578190914354,-0.0024323000763351033
2026-08-12 15:00:00-04:00,53829.23828125,53860.37890625,53829.23046875,53842.4296875,6039064.0,53832.06650252669,53824.45081765854,53819.29394935638,53857.71854568928,,55.72405521932595,2.2683386564967805,-3.07436537798837,5.34270403448515,53818.215234375,53845.84453885731,53790.58592989269,0.0010267640560723402,0.9382023648207392,36.794883196616695,53858.390625,53752.9296875,53969.359375,53731.9609375,0.0002305434097567005,0.0005814606814980028,0.0005996921614115358,-0.0015436467382911045
2026-08-12 15:10:00-04:00,53842.30859375,53847.37109375,53811.6484375,53818.98046875,5820048.0,53827.7044912678,53823.456208766074,53819.264094060534,53856.448444806025,,50.497553806305284,1.808701026107883,-2.0977520971691197,3.906453123277003,53818.7453125,53846.00372370527,53791.48690129474,0.0010129708913497652,0.504313462149835,36.718295557572645,53860.37890625,53784.71875,53969.359375,53731.9609375,-0.0004355156126144566,0.00038047056221568454,0.0001970243801336924,-0.0021627343532557575
2026-08-12 15:20:00-04:00,53819.4296875,53822.62109375,53803.26171875,53817.30078125,6593822.0,53824.236587928535,53822.33704012679,53819.07711188811,53855.16491485337,,50.13481620152721,1.2939819307866856,-1.419405291577959,2.7133872223646445,53818.4853515625,53845.6946966693,53791.2760064557,0.0010111523923075061,0.4782322891666367,35.47837266060317,53860.37890625,53786.01171875,53969.359375,53731.9609375,-3.120994647931585e-05,-9.805074252933199e-05,-9.659935435923916e-05,-0.0023350634256552594
2026-08-12 15:30:00-04:00,53817.7109375,53841.23828125,53812.03125,53827.3203125,8815059.0,53825.26449611902,53823.243089649186,53819.86217861305,53854.25197707129,,52.33435347348106,1.6752445976308081,-0.8004753137362055,2.4757199113670136,53818.3224609375,53845.2781022912,53791.3668195838,0.001001727297362875,0.6669010847197343,35.03041970270295,53860.37890625,53786.01171875,53969.359375,53731.9609375,0.00018617677037968683,-0.0004872153658020961,-6.051973828768986e-05,-0.0020149749239839476
2026-08-12 15:40:00-04:00,53826.69140625,53828.53125,53798.87890625,53810.83984375,12482691.0,53820.45627866269,53820.98795403115,53819.0029086261,53852.828628437805,,48.541598272683125,0.6401822899206309,-0.5123437930048382,1.152526082925469,53818.1833984375,53845.26303264076,53791.103764234234,0.001006337728004728,0.3644081631166882,34.64627142036703,53860.37890625,53786.01171875,53969.359375,53731.9609375,-0.00030617293698298464,-0.0003563009574771847,-5.1683011540015755e-05,-0.0023301408506194443
2026-08-12 15:50:00-04:00,53811.0,53811.0,53746.25,53769.859375,34140728.0,53803.590644108466,53811.69184875276,53814.32257209028,53850.1083250464,,40.65219745814866,-3.4471567094587954,-1.0993063762956297,-2.3478503331631657,53815.2193359375,53849.00089907504,53781.43777279996,0.001255465035891153,-0.17137155188495157,36.79653774748367,53860.37890625,53786.01171875,53969.359375,53731.9609375,-0.0007615653067113426,-0.0013478275947277352,-0.0011012854619578683,-0.002630604598522268
2026-08-13 09:30:00-04:00,53828.55078125,53974.3984375,53828.55078125,53925.328125,12167997.0,53844.16980440565,53832.35298988862,53824.894529510246,53852.5745479957,,64.33467070759872,5.791861529876769,0.27892720493885015,5.512934324937919,53820.7302734375,53879.42012730493,53762.04041957006,0.0021809385925928796,1.3911067643715767,48.77814665837769,53860.37890625,53746.25,53969.359375,53731.9609375,0.0028913735651741046,0.001976025099764689,0.0020481004550592097,0.0005000005435575883
2026-08-13 09:40:00-04:00,53930.76953125,53963.1796875,53884.80859375,53892.3203125,16635849.0,53860.219973770436,53843.25613945432,53831.316032652125,53853.87768781551,,58.955616535895686,10.331302611637511,2.2894022862785826,8.04190032535893,53824.354296875,53890.81355453763,53757.895039212366,0.0024694864817538394,1.0113359523967353,50.891928593493574,53974.3984375,53746.25,53974.3984375,53731.9609375,-0.0006121022096238216,0.0013939668129201443,0.001346723976890729,-0.00017849252733748155
2026-08-13 09:50:00-04:00,53882.80859375,53914.80078125,53830.5390625,53895.30859375,12156730.0,53871.9161804303,53852.72022205353,53837.41056228049,53855.23607817401,,59.28749424090545,14.008490537671605,4.633219936557187,9.37527060111442,53827.9896484375,53901.27169152162,53754.707605353375,0.0027228229611674184,0.9593140589381692,53.27548503324403,53974.3984375,53746.25,53974.3984375,53731.9609375,5.544911098032124e-05,0.001263081291345891,0.0013508643049440217,9.850795602162066e-05
2026-08-13 10:00:00-04:00,53893.69140625,54003.87890625,53893.69140625,53965.19140625,12491515.0,53903.007922370205,53873.169528271064,53849.58016646806,53858.84117089782,,66.17544484836723,22.30453460465651,8.167482870177052,14.137051734479458,53836.233203125,53929.56154341971,53742.904862830284,0.003467119994914329,1.1908844768790383,57.34062895944089,53974.3984375,53746.25,53974.3984375,53731.9609375,0.0012966399919287497,0.0028684102115519305,0.0030645002258786747,0.0014922609758205585
2026-08-13 10:10:00-04:00,53965.609375,53990.83984375,53923.33984375,53989.69921875,11311212.0,53931.905021163475,53894.35674472178,53862.92483811396,53863.13159869624,,68.20692939429009,30.5051406730272,12.63501443074708,17.87012624228012,53845.5357421875,53958.94667803729,53732.12480633771,0.004212454543782415,1.1355801382039645,58.06629831948083,54003.87890625,53746.25,54003.87890625,53731.9609375,0.00045414112062536205,0.004088532986794791,0.003457958459194943,0.0019128704473911906
2026-08-13 10:20:00-04:00,53991.08984375,54049.140625,53987.8984375,54014.1015625,8460723.0,53959.30386827566,53916.128529772366,53877.32262138883,53868.081433575055,,70.13055378453137,38.52910571893153,17.81383268838397,20.71527303054756,53855.409765625,53989.52811184065,53721.291419409354,0.004980682416096042,1.0916110709411795,58.29314754666077,54003.87890625,53746.25,54003.87890625,53731.9609375,0.00045198147244951414,0.001646228972297159,0.0036695070172834132,0.002568556219957552
2026-08-13 10:30:00-04:00,54011.91015625,54011.91015625,53942.2109375,53962.01171875,8157600.0,53960.20648510044,53924.47092776829,53885.38824970894,53871.161115056195,,61.56720841194841,40.2212947210719,22.29532509492156,17.92596962615034,53862.8388671875,54003.15028682843,53722.52744754657,0.005209952634947559,0.8534026375625476,59.264395936185,54049.140625,53746.25,54049.140625,53731.9609375,-0.0009643748992053114,0.0012931602470609427,0.0027610585705619695,0.0016725147157148346
2026-08-13 10:40:00-04:00,53962.1015625,53971.609375,53842.3203125,53847.75,8951963.0,53922.72099006696,53910.52166817406,53881.80365449857,53870.393537513366,,47.783981484322524,31.97382654928515,24.231025385794275,7.742801163490874,53864.732421875,54003.14317136483,53726.32167238517,0.005139197514461881,0.43865208469141276,64.26615783360035,54049.140625,53746.25,54049.140625,53731.9609375,-0.00211744735065722,-0.0008824254836071743,0.0007037944429493237,-0.0007433702500688755
2026-08-13 10:50:00-04:00,53848.87890625,53863.41015625,53809.8515625,53851.26953125,7156491.0,53898.903837127975,53899.74855236968,53878.89564276062,53869.76652091456,,48.16889280724152,25.428521197602095,24.470524548155844,0.9579966494462511,53867.2759765625,54002.70172916601,53731.850223958994,0.005028127008406012,0.4409032440108923,63.501331827628896,54049.140625,53746.25,54049.140625,53731.9609375,6.536078573393667e-05,-0.002111025126222521,0.0009455523607153626,-0.0007183327431793396
2026-08-13 11:00:00-04:00,53849.53125,53871.5703125,53785.21875,53791.9296875,7594430.0,53863.24578725199,53880.14512239338,53870.613170831035,53867.21449358949,,42.48277253599626,15.276986492463038,22.631816937017284,-7.354830444554246,53866.3154296875,54003.580213893496,53729.050645481504,0.005096497991780029,0.22904287644576102,65.13349116136969,54049.140625,53746.25,54049.140625,53731.9609375,-0.0011019209810005925,-0.0036630974817751794,-0.00035700669558147435,-0.0010620675897463627
2026-08-13 11:10:00-04:00,53791.91015625,53797.01171875,53697.71875,53732.12109375,7378714.0,53819.537556084666,53853.231662640035,53857.42344920427,53862.78520179147,,37.65768819650445,2.37835226203606,18.58112400202104,-16.20277173998498,53862.9958984375,54009.55543974547,53716.436357129525,0.005441937971082048,0.053509776574408474,67.57345384627186,54049.140625,53746.25,54049.140625,53731.9609375,-0.001111850682759541,-0.005220497251513412,-0.0012340606250796915,-0.002388898695871222
2026-08-13 11:20:00-04:00,53732.21875,53732.75,53622.4609375,53645.62109375,8325435.0,53761.565401973116,53815.48428647821,53837.25179630386,53855.66506710158,,31.99734016767225,-14.654803927187459,11.93393841617934,-26.588742343366796,53854.148046875,54028.18885559517,53680.10723815484,0.006463413312886453,-0.0990748797895032,70.62456875010959,54049.140625,53697.71875,54049.140625,53697.71875,-0.0016098378072415542,-0.005863210338580949,-0.003287784372555058,-0.003038301193774351
2026-08-13 11:30:00-04:00,53645.4296875,53701.58984375,53645.2109375,53691.859375,7389466.0,53738.33005964875,53793.00702984581,53823.404899036825,53850.29438867202,,37.41291386650086,-24.14433914464462,4.718282904014547,-28.862622048659166,53846.0630859375,54033.93588822489,53658.19028365011,0.00697814441837833,0.08960608172114679,69.60702142867319,54049.140625,53622.4609375,54049.140625,53622.4609375,0.0008619208857549854,-0.002895025790306982,-0.0030025725870743702,-0.0026970124769568615
2026-08-13 11:40:00-04:00,53691.1796875,53715.828125,53676.78125,53707.390625,5383382.0,53728.01691476584,53777.44041078293,53812.35592055713,53845.609019371295,,39.16541587934908,-30.065050905970566,-2.2383838579824755,-27.82666704798809,53839.931640625,54037.26471567307,53642.59856557693,0.007330361277768388,0.16416928436169387,67.42415382662512,54049.140625,53622.4609375,54049.140625,53622.4609375,0.00028926638378323766,-0.0026717829960629658,-0.002278076569873999,-0.0024005641489004415
2026-08-13 11:50:00-04:00,53705.98046875,53716.48828125,53656.421875,53659.19921875,5768701.0,53705.07768276056,53755.942012231484,53797.76956800407,53839.49722262961,,35.814379825689485,-38.20549223286798,-9.431805532959578,-28.773686699908403,53830.7701171875,54043.222940366824,53618.31729400818,0.007893359976712996,0.09621412445838537,66.89860042829476,54049.140625,53622.4609375,54049.140625,53622.4609375,-0.0008972956177760727,-0.002467479220788049,-0.003403086930019006,-0.0027902335437671733
2026-08-13 12:00:00-04:00,53660.390625,53704.62109375,53660.390625,53667.26171875,5703268.0,53692.472361423715,53739.81832250758,53785.34024902749,53833.85015692863,,36.78881974892809,-43.504778261252795,-16.246400078618223,-27.258378182634573,53823.1841796875,54047.2940107876,53599.074348587405,0.0083276318380537,0.15212935958204374,65.36454861198798,54049.140625,53622.4609375,54049.140625,53622.4609375,0.00015025382632205542,-0.0012070875610296072,-0.0028190565610601848,-0.0020901978820412337
2026-08-13 12:10:00-04:00,53668.828125,53685.76171875,53663.19921875,53680.0,5749332.0,53688.314907615815,53728.94226386983,53775.307844358205,53828.80588948834,,38.38051950183611,-46.14470039732987,-22.226060142360552,-23.91864025496932,53816.319140625,54048.977947330255,53583.66033391974,0.008646403560128585,0.20704066062349422,62.30725942541742,54049.140625,53622.4609375,54049.140625,53622.4609375,0.00023735664615709418,0.0006408520499729953,-0.0025512387142581083,-0.002304081889869858
2026-08-13 12:20:00-04:00,53679.87109375,53713.671875,53675.44921875,53713.01171875,6100153.0,53696.54717799388,53726.04580112077,53769.37488001456,53825.009359300195,,42.426570354556574,-45.05373646807129,-26.7915954075027,-18.26214106056859,53810.6037109375,54047.47864696458,53573.72877491043,0.008804024474415141,0.29400101626550207,60.58693062717332,54049.140625,53622.4609375,54049.140625,53622.4609375,0.000614972405923897,0.0003939581157408334,-0.0021236166520340882,-0.001681828900536253
2026-08-13 12:30:00-04:00,53712.53125,53740.609375,53707.25,53715.62890625,4782714.0,53702.90775407926,53724.151820235165,53764.25621584651,53821.42311493789,,42.74753623581789,-43.47678126460232,-30.128632578922627,-13.348148685679696,53805.8431640625,54046.30753906424,53565.37878906076,0.008938225325027558,0.31241658392881494,58.64210522523237,54049.140625,53622.4609375,54049.140625,53622.4609375,4.872539104128215e-05,0.00015339194762820085,-0.0017693635292900245,-0.002164497138457677
2026-08-13 12:40:00-04:00,53715.9296875,53728.01171875,53706.80078125,53714.359375,4591123.0,53706.72496105284,53722.37137564695,53759.50413576589,53817.91282838255,,42.623405834644004,-41.847086304449476,-32.472323324028,-9.37476298042148,53803.0681640625,54046.393467436734,53559.74286068826,0.009045034481389099,0.31771565095706034,55.96845038771578,54049.140625,53622.4609375,54049.140625,53622.4609375,-2.3634299287755844e-05,0.0010279720356081157,-0.0010321767742209609,-0.001771434304265962
2026-08-13 12:50:00-04:00,53714.6484375,53736.26171875,53714.6484375,53722.98828125,4236682.0,53712.14606778523,53722.483540302055,53756.02643533581,53814.8005481487,,43.817571596090694,-39.405024098581634,-33.85886347893873,-5.5461606196429045,53792.951171875,54031.88808207316,53554.01426167684,0.008883576936863903,0.3535954730330745,53.535157056450366,54049.140625,53622.4609375,54049.140625,53622.4609375,0.0001606443109516409,0.0010383716387849518,-0.0037522227640593986,-0.0011565102470337818
2026-08-13 13:00:00-04:00,53722.80859375,53760.421875,53722.80859375,53744.80078125,4682092.0,53723.03097227349,53726.541220474406,53754.957325422874,53812.505473824145,,46.83009291095027,-35.30263890482456,-34.147618564115895,-1.155020340708667,53785.5751953125,54020.866660809654,53550.283729815346,0.008749240466156053,0.41335339346808303,52.39788021313248,54049.140625,53622.4609375,54049.140625,53622.4609375,0.0004060179952352083,0.0012071680560730158,-0.0027373015374843046,-0.0027109894339475415
2026-08-13 13:10:00-04:00,53744.8515625,53768.109375,53731.12109375,53762.140625,4766849.0,53736.067523182326,53733.013839479056,53755.641449192124,53810.85416730532,,49.163701226258304,-30.302974776903284,-33.37868980667337,3.0757150297700875,53778.916796875,54008.88698782896,53548.94660592103,0.008552429266010375,0.4635253338586928,51.29719457290874,54049.140625,53622.4609375,54049.140625,53622.4609375,0.0003226329523589033,0.0009146555867551864,-0.0024708638325793286,-0.0018901063740525137
2026-08-13 13:20:00-04:00,53761.78125,53767.390625,53746.75,53748.78125,4478577.0,53740.30543212155,53735.88064139195,53754.98809688811,53808.81898968875,,47.43627969805543,-27.106231089470384,-32.124198063232775,5.017966973762391,53768.0962890625,53981.77815396369,53554.41442416131,0.007948277125246046,0.454804215436268,49.10743960341525,54049.140625,53622.4609375,54049.140625,53622.4609375,-0.000248490384584632,0.0006171824555543104,-0.004010180462825863,-0.000641608445699493
2026-08-13 13:30:00-04:00,53749.46875,53753.75,53709.73046875,53726.16015625,4598226.0,53735.59034016437,53734.113280457044,53752.2425787321,53806.10886400223,,44.579967671742956,-26.097288601151376,-30.9188161708165,4.821527569665122,53754.9193359375,53943.32200887728,53566.51666299772,0.007009690471763974,0.42367629599212,48.7440175781713,54049.140625,53622.4609375,54049.140625,53622.4609375,-0.0004208671010563769,0.00021969509433428236,-0.0048812841396322915,-0.0003983464950232385
2026-08-13 13:40:00-04:00,53726.33984375,53745.2890625,53723.80078125,53739.01171875,4837868.0,53736.73079969292,53735.00390560122,53750.98249682904,53803.90895760051,,46.5491094616263,-23.98420572737814,-29.53189408212883,5.54768835475069,53741.16484375,53887.29611382333,53595.033573676665,0.005438336533947579,0.4926329080732803,46.797179269016205,54049.140625,53622.4609375,54049.140625,53622.4609375,0.00023920493224571793,0.000298260353949642,-0.005092926398705178,-0.0018021300790073136
2026-08-13 13:50:00-04:00,53741.03125,53756.2109375,53739.19140625,53744.87890625,4718556.0,53739.44683521195,53736.79936026463,53750.40120248818,53801.97354608082,,47.466813570766746,-21.587294436219963,-27.94297415294706,6.355679716727096,53730.308203125,53835.811624506496,53624.80478174351,0.003927147448424951,0.5690532256404829,44.68303923194362,54011.91015625,53622.4609375,54049.140625,53622.4609375,0.00010917929661058423,1.4536289811850622e-06,-0.004023808705125642,-0.0016141142257929397
2026-08-13 14:00:00-04:00,53744.98828125,53775.390625,53744.98828125,53768.0390625,4313590.0,53748.97757764131,53742.479306125606,53752.08099867978,53800.86094006178,,51.04022747848751,-17.615829599155404,-25.87754524218873,8.261715643033327,53726.32265625,53819.02455486496,53633.620757635035,0.0034508931202340254,0.7250029766017537,43.67080205466193,53971.609375,53622.4609375,54049.140625,53622.4609375,0.0004309276850431587,0.00010971359085454324,-0.00148030210175909,-0.0007533940481725399
2026-08-13 14:10:00-04:00,53767.8203125,53795.9296875,53760.80078125,53770.171875,4294691.0,53756.04234342754,53747.51431864822,53753.80393928171,53799.854741207295,,51.368296285666545,-14.133393990632612,-23.528714991877507,9.395321001244895,53722.2677734375,53798.36034988797,53646.17519698704,0.0028328132673538344,0.8147751318006833,43.06066664004322,53871.5703125,53622.4609375,54049.140625,53622.4609375,3.966691992474125e-05,0.00039797414011122356,-0.0015059562561090534,-0.0009022619695236989
2026-08-13 14:20:00-04:00,53770.80859375,53772.51953125,53752.12109375,53760.41015625,4296520.0,53757.498281035034,53749.859016393995,53754.4331028025,53798.56147612673,,49.72594194129099,-12.022638311689661,-21.22749965583994,9.204861344150277,53720.691796875,53792.10998224484,53649.27361150516,0.002658870650433198,0.7780689481909955,41.441935987182994,53871.5703125,53622.4609375,54049.140625,53622.4609375,-0.00018154523985325355,0.0006374920504348403,-0.0005859527894446215,-0.00037878017530657004
2026-08-13 14:30:00-04:00,53760.6015625,53806.26171875,53757.62890625,53806.26171875,8148242.0,53773.75276027336,53760.114053186,53759.369161464165,53798.81394309798,,56.72474634376262,-6.574227727774996,-18.29684527022695,11.722617542451953,53724.398828125,53804.92152939175,53643.876126858246,0.00299762130514893,1.0083218107264489,41.95557002381278,53797.01171875,53622.4609375,54049.140625,53622.4609375,0.0008528871406809913,0.001251418622135514,0.0013798194355783,0.0008279440075891209
2026-08-13 14:40:00-04:00,53807.01171875,53823.53125,53792.1484375,53805.80859375,7237285.0,53784.43803809891,53768.42215147036,53763.79196453901,53799.04327590624,,56.640827774075674,-2.2667567263852106,-15.090827561458603,12.824070835073393,53732.408203125,53811.853963042726,53652.962443207274,0.002957089122728185,0.9619528512346889,41.200373057826155,53806.26171875,53622.4609375,54049.140625,53622.4609375,-8.421417610593451e-06,0.0011336835944180113,0.0029860312311429382,0.0007979188138313997
2026-08-13 14:50:00-04:00,53806.76953125,53821.01953125,53770.4609375,53778.80859375,6124644.0,53782.56155664928,53770.310595521194,53765.22211970195,53798.37984370439,,51.729961694171735,-1.0199716771385283,-12.276656384594588,11.25668470745606,53736.7556640625,53816.365869815665,53657.14545830933,0.002962970308473939,0.7641177050709322,41.868817392981434,53823.53125,53645.2109375,54049.140625,53622.4609375,-0.0005018045580145181,0.0002002961506086809,0.001619411578628993,-0.00010879612296521568
2026-08-13 15:00:00-04:00,53779.96875,53819.19140625,53778.7109375,53808.37890625,6789855.0,53791.16733984952,53777.23210656279,53769.332289849386,53798.70768182063,,56.20811514120807,2.327363152646285,-9.355852477146414,11.683215629792699,53741.805078125,53826.003149308526,53657.60700694147,0.003133429219994679,0.8953405772199319,41.76964963276848,53823.53125,53656.421875,54049.140625,53622.4609375,0.0005498506432779493,0.0007105618211304954,0.0018803423527895546,0.0008600528310902522
2026-08-13 15:10:00-04:00,53808.73046875,53822.2890625,53783.890625,53819.23828125,7119586.0,53800.52432031635,53784.86959286955,53774.08524141135,53799.38081622816,,57.75799987570128,5.789671202728641,-6.326747741171403,12.116418943900044,53749.80703125,53831.46255625837,53668.15150624163,0.003038356024641911,0.925147287907861,41.528848766142154,53823.53125,53656.421875,54049.140625,53622.4609375,0.0002018156878302868,0.0010942648099041552,0.0029825093335362762,0.00016870652259060037
2026-08-13 15:20:00-04:00,53821.8984375,53851.41015625,53821.8984375,53827.3515625,7678662.0,53809.466734377565,53792.59358734781,53779.15822437217,53800.29788987641,,58.927586440407495,9.08353987497685,-3.244690217941753,12.328230092918602,53757.8115234375,53836.87619523146,53678.74685164354,0.002941513783889398,0.9397668230617541,40.860493497132,53823.53125,53660.390625,54049.140625,53622.4609375,0.00015075057747204745,0.0003919589110323862,0.002983007491400791,0.0003525966891337884
2026-08-13 15:30:00-04:00,53828.55078125,53851.3984375,53816.16015625,53829.2890625,8853218.0,53816.07417708504,53799.26549192093,53783.93258990816,53801.24842012636,,59.217979677103706,11.715248494263506,-0.25270247550070124,11.967950969764207,53765.2759765625,53841.69083877019,53688.86111435481,0.002842535849383568,0.9188523285137624,40.45890690805114,53851.41015625,53663.19921875,54049.140625,53622.4609375,3.59947116801429e-05,0.00043639282381735534,0.0027810928185543204,0.0001261379999071277
2026-08-13 15:40:00-04:00,53828.98828125,53840.80078125,53811.73046875,53832.671875,10580794.0,53821.606743056705,53805.33937975349,53788.574426583575,53802.27869733533,,59.75302481022806,13.913475349894725,2.5805330895783842,11.33294226031634,53771.258984375,53849.0932733008,53693.424695449205,0.0028950145633902906,0.8945105137630522,39.645435878904635,53851.41015625,53675.44921875,54049.140625,53622.4609375,6.284334344575093e-05,0.0010015707424255726,0.0022277685130851488,3.889517952293531e-05
2026-08-13 15:50:00-04:00,53832.23828125,53855.2109375,53806.359375,53834.578125,33747732.0,53825.930537037806,53810.655515252845,53792.95573119466,53803.33769496367,,60.07092990693675,15.629240261281666,5.190274523919041,10.438965737362626,53777.2064453125,53855.30643866482,53699.10645196018,0.0029045760653908965,0.867296316074509,40.303016351840014,53851.41015625,53706.80078125,54049.140625,53622.4609375,3.541065181433822e-05,0.0004868984957835387,0.002214424761880718,0.0003894372990342898
2026-08-14 09:30:00-04:00,53842.80078125,53847.2890625,53685.578125,53790.05078125,7064193.0,53813.970618441876,53806.90919997959,53792.67906929517,53802.90205844847,,50.113436166992805,13.243350701712188,6.800889759477672,6.442460942234517,53780.991015625,53853.69150816525,53708.29052308475,0.0027035757864383356,0.5623088325019735,48.97501071956573,53855.2109375,53706.80078125,54049.140625,53622.4609375,-0.0008271141950181304,-0.0005423246580984475,0.0014091465881882481,-0.0007261836859391302
2026-08-14 09:40:00-04:00,53790.390625,53854.08984375,53757.16015625,53827.58984375,10894603.0,53818.51036021125,53810.669317028754,53796.003904957535,53803.711494032126,,56.639107768583926,14.217711722529202,8.284254152087978,5.933457570441224,53786.22109375,53856.487539969734,53715.95464753026,0.002612804721761737,0.7943705867138505,52.400344775311034,53855.2109375,53685.578125,54049.140625,53622.4609375,0.000697881150041324,4.4267689767174545e-06,0.0019470540609616283,0.00023191384157628114
2026-08-14 09:50:00-04:00,53826.0703125,53890.83984375,53813.1015625,53852.80078125,8489995.0,53829.9405005575,53818.3295832508,53801.4131312711,53805.320978858945,53854.59629251545,60.38686218993238,16.830203699275444,9.993444061525473,6.836759637749971,53791.62109375,53864.861628731334,53718.380558768666,0.0027231205712758898,0.9176627568025814,54.21019738064596,53855.2109375,53685.578125,54049.140625,53622.4609375,0.0004683645983998286,0.00043678300715987994,0.002009496703496483,0.0006124309844788289
2026-08-14 10:00:00-04:00,53851.08984375,53870.76171875,53792.359375,53809.94140625,8612202.0,53823.274135788335,53816.80446015974,53802.22534793576,53805.4724682816,53853.85819522181,52.13677398746289,15.26624922294286,11.048005093808952,4.218244129133909,53794.0111328125,53866.36190322959,53721.66036239541,0.002689919152467144,0.6100905584395699,55.93820783559982,53890.83984375,53685.578125,54049.140625,53622.4609375,-0.0007958615778238531,-0.0004222429977612796,0.0008891160339656867,-0.00023522007265475153
2026-08-14 10:10:00-04:00,53802.9609375,53857.51953125,53791.33984375,53828.1484375,9447558.0,53824.89890302556,53818.867001494335,53804.69421360855,53806.2159426822,53853.43324054873,54.952343892666896,15.31936716344353,11.902277507735867,3.417089655707663,53797.9794921875,53868.65880408179,53727.30018029321,0.002627582394783128,0.7134213287023965,56.66974209734269,53890.83984375,53685.578125,54049.140625,53622.4609375,0.000338358131865224,-0.00011943415782089684,0.0014766323189885355,0.0005172483144777473
2026-08-14 10:20:00-04:00,53827.890625,53838.421875,53795.16015625,53811.69140625,7500116.0,53820.49640410038,53817.562347813546,53805.36061290773,53806.39546607786,53852.74329287437,51.976122302965365,13.873592491036106,12.296540504395916,1.5770519866401909,53802.2560546875,53864.933076770045,53739.57903260496,0.0023299031185173226,0.57526962233521,55.712026143961076,53890.83984375,53685.578125,54049.140625,53622.4609375,-0.00030573281317869405,0.0004023165006481477,0.0015919851660950446,0.0001494874229457377
2026-08-14 10:30:00-04:00,53811.8984375,53818.8515625,53740.76171875,53764.53125,7046985.0,53801.84135273359,53807.92033002926,53801.472102154614,53805.0228688294,53851.28524257893,44.532790544188785,8.820695682268706,11.601371539970474,-2.780675857701768,53803.53203125,53861.89777123923,53745.166291260764,0.00216958767522299,0.16589319987040377,57.31044168724957,53890.83984375,53685.578125,54049.140625,53622.4609375,-0.0008763923790086059,-0.0011714920532954753,0.0004748790577608908,-0.0009679136796651999
2026-08-14 10:40:00-04:00,53767.87890625,53772.26171875,53741.78125,53763.80859375,8034210.0,53789.16376640573,53799.900014342114,53797.88510135417,53803.671581121875,53849.83934755697,44.427797748969205,4.703704855666729,10.221838203109726,-5.518133347442998,53804.478515625,53859.52875410507,53749.42827714493,0.0020463069245837727,0.13061084749230453,55.39401504887461,53890.83984375,53685.578125,54049.140625,53622.4609375,-1.3441133646985293e-05,-0.0016525080628858602,0.0003522137901366129,-0.0009220949870348827
2026-08-14 10:50:00-04:00,53762.80859375,53764.78125,53729.19921875,53747.9296875,5960733.0,53775.41907343716,53790.45086400718,53793.12744289187,53801.843978052304,53848.15489036594,42.0801631168887,0.157845392015588,8.2090396408909,-8.051194248875312,53803.473046875,53861.786614170574,53745.15947957942,0.0021676506735827856,0.02375268783108339,53.97887334895499,53890.83984375,53685.578125,54049.140625,53622.4609375,-0.00029534563613198284,-0.001152421227925693,-0.00037400238786144957,-0.0011512610696993164
2026-08-14 11:00:00-04:00,53746.51171875,53790.76171875,53739.5390625,53756.3515625,6062031.0,53769.06323645811,53784.25099100587,53789.624978092645,53800.352423444034,53846.63747998799,43.77708545481864,-2.7336937363870675,6.020492965435307,-8.754186701822373,53802.78203125,53862.95557501011,53742.60848748988,0.0022368190449767503,0.11419532697713897,53.78200069902964,53890.83984375,53685.578125,54049.140625,53622.4609375,0.00015669208188984207,-0.0013338165455080153,-0.00025702563369389697,-0.000818709085420033
2026-08-14 11:10:00-04:00,53756.30859375,53764.87890625,53733.609375,53744.12890625,4750070.0,53760.75179305541,53776.956066504805,53785.29201886954,53798.50902943767,53844.94312339728,41.86027907610534,-5.943018124889932,3.627790747370259,-9.57080887226019,53801.96796875,53864.79445388076,53739.14148361925,0.0023354716380354617,0.03969203927588271,52.17396716695609,53890.83984375,53685.578125,54049.140625,53622.4609375,-0.0002273713876543848,-0.0012555357067284278,-0.00030284832189109157,-0.0012453131075029766
2026-08-14 11:20:00-04:00,53743.53125,53750.609375,53721.3984375,53733.41015625,6407036.0,53751.63791412028,53769.038628276656,53780.350889096255,53796.374640152826,53843.099603279145,40.198017875441536,-9.244776342377008,1.0532773294208055,-10.298053671797813,53798.325390625,53867.826766190105,53728.8240150599,0.002583774682964874,0.03299316850069318,50.53375076217351,53890.83984375,53685.578125,54049.140625,53622.4609375,-0.00019944038945529652,-0.0005788406041390415,-0.0013539606761904244,-0.0012100996927264518
2026-08-14 11:30:00-04:00,53733.9609375,53755.26953125,53723.3203125,53736.30859375,5257662.0,53746.52814066352,53763.087712908164,53776.15638477756,53794.405261582244,53841.334462625775,40.88165229079956,-11.49505598466203,-1.4563893333957616,-10.038666651266269,53794.850390625,53869.2826125357,53720.41816871429,0.0027672619728551866,0.10674426093830423,49.206284189875404,53890.83984375,53685.578125,54049.140625,53622.4609375,5.39410674209595e-05,-0.0005114965014438866,-0.0012916821030373171,-0.0016028502211403728
2026-08-14 11:40:00-04:00,53736.609375,53737.69921875,53698.390625,53702.4296875,4812502.0,53731.828656275684,53752.05898101577,53769.13479456065,53791.38966898938,53839.03851592948,35.738858194282514,-15.829688613404869,-4.331049189397584,-11.498639424007285,53791.0314453125,53875.52208212625,53706.54080849876,0.003141439550183904,-0.024328855561949816,48.49930630131288,53890.83984375,53685.578125,54049.140625,53622.4609375,-0.0006304658272329178,-0.0008465442346252683,-0.0014202416945858776,-0.0028062937751255346
2026-08-14 11:50:00-04:00,53702.19140625,53704.80859375,53682.62890625,53690.01171875,4327346.0,53717.88967710046,53740.77766060381,53761.59926353106,53788.06580176842,53836.57526308354,34.048144720406,-20.03598019018682,-7.4720353895554315,-12.563944800631388,53785.1130859375,53879.872623447875,53690.35354842712,0.003523634406381976,-0.001803668982039099,46.61933352979053,53890.83984375,53685.578125,54049.140625,53622.4609375,-0.00023123662788182564,-0.0012340838211996052,-0.0021997909973505703,-0.0026009244231970374
2026-08-14 12:00:00-04:00,53690.578125,53720.62890625,53690.578125,53702.140625,4851941.0,53712.63999306697,53733.75274503948,53755.936536051915,53785.248582857974,53834.35320294993,37.1743815342753,-22.13562944332807,-10.40475420030996,-11.730875243018112,53779.258203125,53879.189336421725,53679.32706982827,0.0037163448004167354,0.11414638471069526,45.47632309909121,53890.83984375,53682.62890625,54049.140625,53622.4609375,0.0002259061948717278,-0.0007812626626294561,-0.0021757583345581866,-0.002605548510983491
2026-08-14 12:10:00-04:00,53699.828125,53744.6015625,53691.4296875,53726.87890625,3915834.0,53717.386297461315,53732.50295616866,53753.169142737446,53783.334822969184,53832.57676829374,43.09883856286065,-21.55497175626806,-12.63479771150158,-8.92017404476648,53774.2345703125,53874.09150677891,53674.377633846096,0.0037139324163076378,0.2628824509430359,46.02600537772755,53890.83984375,53682.62890625,54049.140625,53622.4609375,0.00046065726546640207,-0.00012154914383821769,-0.0018665725385603738,-0.0017113212048578408
2026-08-14 12:20:00-04:00,53726.75,53736.16015625,53713.87890625,53724.69921875,4339738.0,53719.82393789088,53731.08409481981,53750.45772140531,53781.41234414232,53830.79366830128,42.71661452056781,-21.02827802131651,-14.313493773464568,-6.7147842478519415,53769.005078125,53867.72978726703,53670.280368982974,0.003672179129912636,0.2756090660583104,44.32995142217558,53890.83984375,53682.62890625,54049.140625,53622.4609375,-4.056977707200815e-05,-0.00021604340349778983,-0.0019429913634668727,-0.0017206653094029578
2026-08-14 12:30:00-04:00,53725.1015625,53746.55859375,53717.01171875,53742.421875,4448331.0,53727.35658359392,53733.145509398026,53749.69240270005,53780.13396810486,53829.33297750292,46.84443178359785,-18.962214590566873,-15.24323793688503,-3.7189766536818425,53764.492578125,53859.33855169788,53669.646604552116,0.003528201198404787,0.3836497623800622,43.274017392020184,53890.83984375,53682.62890625,54049.140625,53622.4609375,0.000329879115336551,0.0007446997786266785,-0.001676491187536877,-0.001577236931118109
2026-08-14 12:40:00-04:00,53743.41015625,53750.44140625,53714.91015625,53719.8515625,3303142.0,53724.854909895956,53730.72842814383,53746.85041791909,53778.15749578995,53827.523367337584,42.63122266098876,-18.92789108111174,-15.980168565730374,-2.947722515381365,53758.75625,53849.752426516425,53667.76007348357,0.00338535274489079,0.28622899890208214,42.72096257830446,53890.83984375,53682.62890625,54049.140625,53622.4609375,-0.00041997200186649764,0.0005557801683171437,-0.0021310942984194003,-0.0016908913058075736
2026-08-14 12:50:00-04:00,53720.05078125,53721.828125,53673.46875,53680.19921875,3665908.0,53709.969679513975,53721.54129916314,53740.50268466489,53774.94574900175,53825.08825744358,36.43179515970066,-21.848446908959886,-17.153824234376277,-4.694622674583609,53753.263671875,53849.16988844776,53657.35745530224,0.0035683867367830016,0.11908385224658649,43.123706322711286,53890.83984375,53682.62890625,54049.140625,53622.4609375,-0.0007381320423767157,-0.0004085760082306322,-0.002042228272784774,-0.0016674798352120934
2026-08-14 13:00:00-04:00,53680.0,53703.48828125,53679.4296875,53702.921875,3644388.0,53707.62041134265,53718.15594931529,53736.9235599349,53772.58431050989,53823.06897839493,41.666771575692785,-22.075012977402366,-18.138061982981498,-3.9369509944208687,53747.0302734375,53838.92458604921,53655.13596082579,0.0034195121905041775,0.26000474249219135,41.76191256751762,53890.83984375,53673.46875,54049.140625,53622.4609375,0.000423296794361816,-0.0004459040193234287,-0.0023160607619974183,-0.00412433744463192
2026-08-14 13:10:00-04:00,53703.62890625,53726.421875,53702.33984375,53722.05078125,3250244.0,53712.4305346451,53718.864100576146,53735.50710482205,53770.927473484975,53821.39925612807,45.71938575356404,-20.47500227059936,-18.605450040505072,-1.869552230094289,53740.4927734375,53818.984327166436,53662.00121970857,0.002921132638654578,0.382522441515238,40.49906390198065,53890.83984375,53673.46875,54049.140625,53622.4609375,0.000356198612331049,-4.9296460259640185e-05,-0.0024279145764600774,-0.0031594396059155816
2026-08-14 13:20:00-04:00,53721.94140625,53738.05078125,53717.640625,53729.6484375,3317613.0,53718.16983559674,53720.82488910775,53734.94913650566,53769.57406246907,53819.88271367141,47.28585053511035,-18.382018428848824,-18.560763718173824,0.17874528932500056,53736.478125,53808.27890356789,53664.677346432116,0.0026723291541684217,0.4524400178088307,39.06414192683918,53870.76171875,53673.46875,54049.140625,53622.4609375,0.00014142528327765191,-0.00023767885879255601,-0.0014921586355913785,-0.0030737398221190038
2026-08-14 13:30:00-04:00,53729.53125,53735.1484375,53693.6484375,53700.23046875,3868644.0,53712.190046647826,53717.0804490427,53731.6425967194,53767.300502019265,53817.90499061486,42.206867857679406,-18.879467131999263,-18.624504400938914,-0.25496273106034906,53730.0822265625,53789.86358664752,53670.30086647748,0.002225247295656151,0.2503255381773846,39.23813178920781,53857.51953125,53673.46875,54049.140625,53622.4609375,-0.0005475183554237706,-0.00036524847294439056,-0.0023764140596165273,-0.004909848934017025
2026-08-14 13:40:00-04:00,53699.25,53712.140625,53687.578125,53708.7890625,3710163.0,53711.05638526522,53715.57292421675,53729.46606965089,53765.38209416617,53816.10142155511,44.08844282958298,-18.371318698482355,-18.573867260447603,0.20254856196524784,53724.937109375,53772.12386827436,53677.750350475646,0.0017566054587757308,0.3288921802253511,38.18987237569297,53838.421875,53673.46875,54049.140625,53622.4609375,0.00015937722567094248,0.0005325957087731759,-0.0019122674099414372,-0.005203032436091881
2026-08-14 13:50:00-04:00,53709.19921875,53736.37890625,53703.640625,53727.5,4638233.0,53716.53759017681,53717.74148345007,53729.278824922236,53764.14005829187,53814.63693524842,48.06905052150083,-16.271226550306892,-18.11333911841946,1.8421125681125687,53723.085546875,53766.68200966689,53679.489084083114,0.0016230066589845529,0.5506285698689757,37.800473009572045,53818.8515625,53673.46875,54049.140625,53622.4609375,0.00034837757146655157,0.0004576683007528892,-0.0006887672809385847,-0.005306050720261801
2026-08-14 14:00:00-04:00,53728.44921875,53752.671875,53714.19140625,53747.91015625,3830236.0,53726.99511220121,53723.22669668641,53731.053237429645,53763.60793035607,53813.5340132815,52.07704269805652,-12.812267513407278,-17.053124797417027,4.240857284009749,53722.290625,53763.39662093225,53681.18462906775,0.0015303143426696345,0.8116276673143118,37.84904413388833,53790.76171875,53673.46875,54011.91015625,53622.4609375,0.00037988285794043897,0.0004813549487396873,-0.0002957089148972747,-0.003967634928362163
2026-08-14 14:10:00-04:00,53747.71875,53780.41015625,53746.55859375,53766.69140625,4273862.0,53740.22721021748,53731.12937115252,53734.447348745874,53763.70902792636,53812.75975531404,55.48190841207954,-8.45802875215304,-15.334105588364231,6.87607683621119,53723.2287109375,53767.3761508477,53679.08127102731,0.001643514024361143,0.9922447983496966,37.56350973146773,53790.76171875,53673.46875,53971.609375,53622.4609375,0.0003494321908592557,0.0006894325540411916,0.00034906867779072037,-0.0015053292616683533
2026-08-14 14:20:00-04:00,53767.78125,53782.23828125,53760.328125,53772.1796875,4791732.0,53750.87803597833,53738.59306503388,53738.040904817695,53763.986754469755,53812.08901039149,56.45552066003568,-4.512388725510391,-13.169762215793465,8.657373490283074,53724.0201171875,53770.991450119116,53677.04878425589,0.0017486157152482873,1.0126485380201355,36.44541305422004,53790.76171875,53673.46875,53890.83984375,53622.4609375,0.0001020758597276572,0.001339830725528568,0.0002944419503916329,-0.0014686718519069109
2026-08-14 14:30:00-04:00,53772.08984375,53783.25,53766.51953125,53779.390625,3619620.0,53760.38223231889,53746.01080320953,53741.97897340648,53764.49179940517,53811.54854121147,57.7625555460944,-0.7944205994936056,-10.694693892533493,9.900273293039888,53725.783203125,53777.99601933761,53673.57038691239,0.0019436781783228822,1.0133550128450373,35.03720274677575,53782.23828125,53673.46875,53890.83984375,53622.4609375,0.00013410164032601202,0.0013145253082851305,0.000656103642716177,-0.00023310304301860096
2026-08-14 14:40:00-04:00,53779.5390625,53798.25,53770.359375,53798.25,4096384.0,53773.00482154593,53755.50883898961,53747.33811879634,53765.59862565418,53811.328730612935,61.05505296416791,3.6320221841306193,-7.8293506772006705,11.46137286133129,53729.0251953125,53790.03986052135,53668.010530103646,0.0022711994117538777,1.0672800502186508,34.52673290772034,53783.25,53673.46875,53890.83984375,53622.4609375,0.00035068034019780647,0.0013168303010562266,0.0012066951187623687,0.001230714606159422
2026-08-14 14:50:00-04:00,53798.51171875,53814.98828125,53791.0,53793.76171875,3956771.0,53779.923787280626,53762.46390803695,53751.75941403002,53766.52200575569,53811.03836678049,59.85915036908211,6.700602815923048,-4.9233599785759266,11.623962794498976,53731.8978515625,53799.10897169616,53664.68673142884,0.0025017214288367002,0.9602204744131327,33.77398636074032,53798.25,53673.46875,53890.83984375,53622.4609375,-8.342801578120618e-05,0.0008530854942396804,0.0010691676913341386,0.002761467235901982
2026-08-14 15:00:00-04:00,53793.609375,53795.80078125,53754.96875,53765.66015625,4577674.0,53775.169243603756,53763.04504407568,53753.08329424145,53766.493748394845,53810.28831371387,52.87576586346898,6.786681199053419,-2.5813517430500577,9.368032942103476,53735.059375,53802.37696447525,53667.74178552475,0.002505536990494836,0.7272866682284714,34.278132424258864,53814.98828125,53673.46875,53890.83984375,53645.2109375,-0.0005223944487638965,-1.9180090368720037e-05,0.0011774228674186205,0.0013745245947724971
2026-08-14 15:10:00-04:00,53765.80859375,53779.25,53758.76953125,53763.0703125,4888691.0,53771.13626656918,53763.04963833465,53754.0344388375,53766.38150459501,53809.50785088389,52.27053628990598,6.570183209201787,-0.7510447525996886,7.321227961801475,53738.7123046875,53803.745730929346,53673.67887844565,0.002420356702003618,0.6872729857559596,33.29258501895466,53814.98828125,53673.46875,53890.83984375,53656.421875,-4.8169105381967725e-05,-0.00016940683924182576,0.0013607483293673894,0.0010367230068719646
2026-08-14 15:20:00-04:00,53763.30859375,53780.55859375,53756.19921875,53758.171875,5194333.0,53766.81480271279,53762.1627722738,53754.42848037679,53766.11233641156,53808.659322356885,51.079623795710965,5.934929847244348,0.5861501673691186,5.348779679875229,53741.5138671875,53804.80832937264,53678.21940500237,0.002355514671267194,0.6315913528404177,32.65449858902933,53814.98828125,53673.46875,53890.83984375,53656.421875,-9.111156545804633e-05,-0.0003945517000732979,0.0010433708851806944,0.0018444676344595567
2026-08-14 15:30:00-04:00,53758.1015625,53771.078125,53742.33984375,53753.1796875,6269796.0,53762.269764308534,53760.529484133105,53754.30954772186,53765.688315135776,53807.74230359892,49.83349692778592,4.97135251412692,1.463190636720679,3.5081618774062413,53742.82890625,53805.945096635245,53679.71271586475,0.0023488227795134906,0.5819978296125281,32.374768779098666,53814.98828125,53673.46875,53890.83984375,53660.390625,-9.286378844142185e-05,-0.0008377654012908797,0.0004895274355298795,0.001600938188355272
2026-08-14 15:40:00-04:00,53753.19140625,53767.12890625,53733.98828125,53740.69921875,9705071.0,53755.07958245569,53756.92398133618,53753.01332591502,53764.86900050017,53806.634153436135,46.762117766436795,3.1641664695052896,1.8033858032776011,1.3607806662276885,53743.62890625,53806.20896288746,53681.04884961254,0.002328836288544053,0.47659248283384975,32.429472794877334,53814.98828125,53673.46875,53890.83984375,53663.19921875,-0.00023218103231392728,-0.0009864061984998784,0.00029781460357458656,0.0011307604089045853
2026-08-14 15:50:00-04:00,53740.48828125,53740.48828125,53698.58984375,53733.51171875,25406354.0,53747.8902945538,53752.667206320504,53751.15602999454,53763.8408929018,53805.42551815207,45.040461126830564,1.1388592667935882,1.6704804959807986,-0.5316212291872104,53743.1833984375,53805.91815508481,53680.448641790186,0.0023346126031356298,0.4229160978349657,33.12089438095752,53814.98828125,53673.46875,53890.83984375,53673.46875,-0.00013374407301147695,-0.0005979362553453216,-0.00016579372382441449,0.00038165798833511566
2026-08-17 09:30:00-04:00,53663.109375,53663.109375,53511.62890625,53566.51953125,8148578.0,53687.433373452535,53718.8221744895,53733.57160154268,53757.37134006075,53801.476658864434,23.443884282039235,-13.782212436366535,-1.4200580904886684,-12.362154345877867,53735.516796875,53834.681770801326,53636.35182294868,0.003690854013786649,-0.35210159864794344,46.603888532317704,53814.98828125,53673.46875,53890.83984375,53673.46875,-0.0031077847354191723,-0.0036558697281896535,-0.002854289928027942,-0.002775902992036894
2026-08-17 09:40:00-04:00,53566.4609375,53646.640625,53540.28125,53645.76171875,12963890.0,53673.54282188503,53705.53845526413,53725.208755562424,53753.7120082145,53798.902858201385,38.51084347092343,-18.994134426757228,-4.93487335774238,-14.059261069014848,53733.794921875,53837.81905638074,53629.77078736926,0.003871832788172883,0.07686164108317929,50.872137565723584,53814.98828125,53511.62890625,53890.83984375,53511.62890625,0.0014793230583849404,-0.0020910338341002532,-0.0006415307785960778,-0.001277082274612873
2026-08-17 09:50:00-04:00,53642.890625,53647.109375,53539.6015625,53557.19921875,11260719.0,53634.76162084003,53678.56768498883,53709.20784729458,53747.26896593697,53794.90775672285,31.135535548021053,-29.925906534022943,-9.933079992998493,-19.99282654102445,53726.5087890625,53855.56400632237,53597.45357180263,0.004804154231072681,-0.15595786790848465,54.917542918171904,53814.98828125,53511.62890625,53890.83984375,53511.62890625,-0.0016508759902470471,-0.00364593257346546,-0.0027134958613459492,-0.0030859985232404297
2026-08-17 10:00:00-04:00,53572.25,53655.19921875,53537.55859375,53637.66015625,10299133.0,53635.72779931003,53671.12995249086,53702.393781480816,53743.675234471826,53792.308622830744,42.00288054720158,-31.731112953850243,-14.292686585168845,-17.438426368681398,53722.2892578125,53857.04411846662,53587.534397158386,0.005016720713722013,0.1859886865983803,59.397763066873914,53814.98828125,53511.62890625,53890.83984375,53511.62890625,0.0015023365424946533,-0.0019173375858133612,-0.0015708749716877302,-0.0019935067847042243
2026-08-17 10:10:00-04:00,53638.1484375,53648.73828125,53560.078125,53592.80859375,9138442.0,53621.42139745669,53656.889705447065,53691.957096935024,53738.72878723504,53789.01110168892,38.36811872674573,-36.36174276478414,-18.706497821091904,-17.655244943692235,53715.447265625,53861.43986136058,53569.45466988942,0.005435776975425401,0.0799832475849633,61.487934008525784,53814.98828125,53511.62890625,53890.83984375,53511.62890625,-0.0008361953591813354,-0.002618535816837464,-0.0025468218707810353,-0.003149651953613941
2026-08-17 10:20:00-04:00,53589.171875,53596.9609375,53549.6484375,53560.171875,8211408.0,53601.00488997113,53639.30464536577,53679.4061234174,53732.87446224373,53785.22863513208,35.931509208405146,-42.178849180592806,-23.400968092992088,-18.77788108760072,53708.4443359375,53869.358763873905,53547.529908001095,0.00599214629751371,0.03928164540938742,60.4754030079168,53814.98828125,53511.62890625,53890.83984375,53511.62890625,-0.0006089757115995686,-0.00011850044217076583,-0.002608156287737029,-0.003509091194509595
2026-08-17 10:30:00-04:00,53560.26171875,53579.73046875,53496.2890625,53513.80859375,10114771.0,53571.939457897424,53616.48718143563,53663.634930115746,53725.691974752124,53780.74235345634,32.749693444379716,-49.95423591171857,-28.711621656737385,-21.242614254981184,53698.6953125,53880.6015244507,53516.7891005493,0.006775070079155373,-0.008192427205586519,62.11583181092274,53814.98828125,53511.62890625,53890.83984375,53511.62890625,-0.0008656298071298973,-0.0024597120214602253,-0.003630327031263092,-0.003952479795362729
2026-08-17 10:40:00-04:00,53509.19140625,53543.55078125,53491.23828125,53538.91015625,9598799.0,53560.929690681616,53602.38226776551,53651.75638022377,53719.56798070287,53776.74512705624,36.05142468061412,-53.47438023483846,-33.6641733723576,-19.81020686248086,53689.2658203125,53883.36508842489,53495.16655220011,0.007230468330932377,0.11268358833933868,61.415593824428264,53814.98828125,53496.2890625,53890.83984375,53496.2890625,0.0004690670157783128,-0.0003414865371376141,-0.003510117607370522,-0.003723580990794173
2026-08-17 10:50:00-04:00,53538.0390625,53544.91015625,53499.12109375,53513.75,9258425.0,53545.20312712108,53586.26730998996,53638.61291544056,53712.819850188025,53772.39810016275,34.23699416972525,-57.63001141123095,-38.45734098013227,-19.17267043109868,53677.5578125,53883.95438490976,53471.161240090245,0.007690237068188447,0.10317215885059322,60.29941301554053,53814.98828125,53491.23828125,53890.83984375,53491.23828125,-0.0004699415093913917,-0.002310133512331447,-0.004356637412864517,-0.0043004824078806125
2026-08-17 11:00:00-04:00,53512.37109375,53535.5390625,53492.98828125,53524.26953125,7838845.0,53538.225261830725,53574.99498658269,53627.72306932717,53706.637872517924,53768.296801503035,35.69424885900112,-59.38993065016257,-42.643858914138335,-16.746071736024234,53665.43671875,53877.85696584162,53453.01647165838,0.007916463932078795,0.16771720343796853,59.03165360371621,53814.98828125,53491.23828125,53890.83984375,53491.23828125,0.00019657623040814087,-0.0012788854381480252,-0.004508774273802918,-0.0045337255272903665
2026-08-17 11:10:00-04:00,53524.4609375,53574.171875,53524.4609375,53555.1796875,9440566.0,53543.87673705382,53571.39220493129,53620.81417581982,53701.67203038619,53764.77420457736,39.907919101317326,-57.62620897809393,-45.640328926929456,-11.985880051164472,53654.58671875,53866.256229277526,53442.91720822247,0.00789008073576528,0.2651833960350449,58.37956004273648,53814.98828125,53491.23828125,53890.83984375,53491.23828125,0.0005774979559871607,-9.320708513871345e-05,-0.004035544053841766,-0.003998354106060753
2026-08-17 11:20:00-04:00,53553.94921875,53581.3984375,53547.5703125,53557.30078125,7327200.0,53548.35141845255,53568.83012789833,53614.76528109888,53696.93854680795,53761.344891795095,40.19750232586228,-55.418462765199365,-47.59595569458344,-7.822507070615927,53643.4822265625,53851.05980344398,53435.90464968101,0.007739153696428006,0.29241147669408063,56.62588611111245,53814.98828125,53491.23828125,53890.83984375,53491.23828125,3.9605762923056176e-05,0.0008127283152310483,-0.004129645969747409,-0.0037780473476611842
2026-08-17 11:30:00-04:00,53558.01171875,53563.94140625,53512.30078125,53527.26953125,7640823.0,53541.324122718375,53561.273655780446,53606.432352541844,53691.375628265065,53757.47587757121,37.44605941010353,-55.45285290875472,-49.167335137417695,-6.285517771337027,53629.933203125,53830.59364180424,53429.27276444576,0.007483150796374525,0.24418556903707317,56.269796031747276,53814.98828125,53491.23828125,53890.83984375,53491.23828125,-0.0005607312086667315,-0.0002174236450840361,-0.005036975528943777,-0.005185124901601945
2026-08-17 11:40:00-04:00,53527.6015625,53530.26171875,53504.2890625,53519.8203125,6943085.0,53534.15618597892,53553.7366842749,53598.18358682357,53685.750863813744,53753.54768641301,36.7736706852417,-55.44209508210042,-50.42228712635424,-5.019807955746181,53616.2361328125,53807.472075930775,53425.00018969422,0.007133508687352394,0.2479139675827969,54.105714618765326,53814.98828125,53491.23828125,53890.83984375,53491.23828125,-0.00013916679881553762,0.00011343463128632436,-0.005092438184231218,-0.005315193447036459
2026-08-17 11:50:00-04:00,53519.5,53538.1796875,53509.08984375,53516.01953125,6233072.0,53528.11063440262,53546.879020088556,53590.35843867371,53680.18590209034,53749.62160120371,36.41438975449986,-55.10504406312975,-51.358838513709344,-3.7462055494204094,53603.7541015625,53786.7599681721,53420.74823495291,0.0068280988776589936,0.26029574368873387,52.3188666995678,53795.80078125,53491.23828125,53890.83984375,53491.23828125,-7.101633054462653e-05,-0.0001541356859654508,-0.004643123961921236,-0.004886479811874067
2026-08-17 12:00:00-04:00,53516.62109375,53562.8515625,53514.87890625,53552.5,6412844.0,53536.24042293508,53547.90101643609,53586.75287308574,53675.99947907098,53746.36339291935,42.24676818298832,-51.30287217860314,-51.3476452466881,0.04477306808496451,53593.2255859375,53762.03558037018,53424.41559150482,0.0062996765948335415,0.3793744823155584,52.008423096027244,53780.55859375,53491.23828125,53890.83984375,53491.23828125,0.0006816738066384165,-5.00360098806274e-05,-0.003916634806681474,-0.004755372888966214
2026-08-17 12:10:00-04:00,53550.3203125,53603.109375,53550.23046875,53593.671875,7380228.0,53555.384240290055,53556.22299072043,53587.411825649,53673.300213363735,53743.83956617689,48.03952002916748,-44.45494836960279,-49.96910587127104,5.514157501668251,53585.0005859375,53735.94692044101,53434.05425143399,0.005633902504542452,0.5287230858934732,52.07060046416815,53780.55859375,53491.23828125,53890.83984375,53491.23828125,0.000768813314037553,0.0006791061763653516,-0.0030599998895516345,-0.004191185409782805
2026-08-17 12:20:00-04:00,53592.03125,53615.890625,53585.28125,53590.83984375,5853028.0,53567.202774776706,53562.51696399853,53587.738303563376,53670.59659468787,53741.31064514504,47.68521731638938,-38.80907382272562,-47.737099461561954,8.928025638836331,53576.88359375,53706.772896609174,53446.99429089082,0.004848706910393333,0.5537236311720524,50.537655788156144,53771.078125,53491.23828125,53890.83984375,53491.23828125,-5.28426426277262e-05,0.0011876247949260677,-0.0030200975029529564,-0.004393894774395113
2026-08-17 12:30:00-04:00,53590.30859375,53597.3984375,53557.078125,53574.9296875,5932514.0,53569.77841235114,53564.77382281698,53586.51843536687,53667.45997478007,53738.56054667157,45.648353369556304,-35.21258544471493,-45.23219665819255,10.019611213477617,53568.5951171875,53674.56722376951,53462.623010605486,0.0039565012429460195,0.5298879135124067,49.80784555328785,53767.12890625,53491.23828125,53890.83984375,53491.23828125,-0.00029688200999256065,0.001029700299407077,-0.003084618057819455,-0.00472529694205448
2026-08-17 12:40:00-04:00,53574.7890625,53580.8515625,53534.2890625,53541.6015625,5455186.0,53560.386129067425,53560.560684577526,53582.24063795098,53663.33346945941,53735.30502627204,41.636259532918764,-34.65219471613818,-43.116196269781675,8.464001553643492,53558.999609375,53633.61881332047,53484.38040542953,0.0027864300860618637,0.38342111711808285,49.57603515662443,53740.48828125,53491.23828125,53890.83984375,53491.23828125,-0.0006220843441960833,0.0004780256729495225,-0.0035715171056470707,-0.005406945305926225
2026-08-17 12:50:00-04:00,53540.859375,53543.71875,53506.5,53511.078125,6225302.0,53543.95012771162,53551.56385556343,53575.463255765164,53658.34149095254,53731.59879649895,38.31486470171883,-36.253163436296745,-41.74358970308469,5.490426266787942,53556.2275390625,53633.59207867933,53478.86299944567,0.0028890959341899463,0.208203433471483,48.69337193115126,53663.109375,53491.23828125,53890.83984375,53491.23828125,-0.0005700882418387954,-0.0007734816301759873,-0.001035001092756338,-0.006009148975754108
2026-08-17 13:00:00-04:00,53510.26171875,53535.80859375,53499.3203125,53528.44140625,6169734.0,53538.78055389109,53547.35977387008,53570.98498438277,53654.08247178196,53728.24082310641,41.188893974835906,-35.70923713801312,-40.53671919007038,4.827482052057256,53550.3615234375,53616.68475769024,53484.03828918477,0.0024770415125472383,0.33474782680249443,47.82157973964046,53655.19921875,53491.23828125,53890.83984375,53491.23828125,0.0003244801237127781,-0.0012171300541254926,-0.002186944667037838,-0.004863527198810336
2026-08-17 13:10:00-04:00,53528.26953125,53551.5703125,53525.4609375,53534.3515625,6787389.0,53537.304223427396,53544.99464453006,53567.4960870606,53650.156868198945,53725.03604193936,42.176462340964804,-34.404675726094865,-39.31031049727528,4.9056347711804165,53549.219140625,53615.81842141833,53482.61985983167,0.0024874043678744717,0.3883803402386908,46.27070797252328,53655.19921875,53491.23828125,53890.83984375,53491.23828125,0.00011041151385571268,-0.0010540659824458398,-0.00042660289528362316,-0.005447731954954849
2026-08-17 13:20:00-04:00,53534.69140625,53551.0703125,53466.12890625,53476.4296875,7221470.0,53517.0127114516,53532.52828870641,53558.823096626256,53644.46089506127,53720.92684599822,35.826880180688235,-37.611055808200035,-38.97045955946023,1.3594037512601957,53541.1576171875,53601.74482549043,53480.57040888457,0.0022632012828755987,-0.034171580937213265,49.032900706628766,53655.19921875,53491.23828125,53890.83984375,53491.23828125,-0.0010819571603921663,-0.001838546509991601,-0.0030059191299606214,-0.006988886154293383
2026-08-17 13:30:00-04:00,53475.23046875,53486.5,53402.671875,53402.75,5791909.0,53478.92514096774,53508.932236214336,53543.95899218566,53636.53594768221,53715.667724576764,29.701380988623896,-45.57214284336078,-40.29079621624034,-5.281346627120442,53531.6546875,53612.940332865524,53450.36904213447,0.003036918841386257,-0.29291175533108615,51.518273870441,53648.73828125,53466.12890625,53870.76171875,53466.12890625,-0.001377797432075445,-0.0025933397292554616,-0.0035463450925049544,-0.007567215194973387
2026-08-17 13:40:00-04:00,53401.25,53464.19921875,53395.23046875,53434.33984375,5242105.0,53464.06337522849,53495.369983039,53533.519073287025,53629.906567225415,53711.01767695979,34.844954312419205,-48.770133550759056,-41.98666368314409,-6.7834698676149685,53525.3630859375,53615.808698920315,53434.91747295468,0.0033795422494417456,-0.0031932405875182215,52.76473645112379,53615.890625,53402.671875,53857.51953125,53402.671875,0.000591539644493988,-0.001434063448894518,-0.0023493582422340342,-0.007316034550347794
2026-08-17 13:50:00-04:00,53434.76171875,53450.48046875,53428.58984375,53444.37890625,4748731.0,53457.501885569,53486.09887816827,53525.02953356921,53623.82369309507,53706.61042455136,36.436632993546304,-49.91905993347609,-43.57314293321049,-6.345917000265601,53521.8916015625,53618.933810455135,53424.849392669865,0.0036262623008564304,0.10062381000489254,50.55944277604352,53615.890625,53395.23046875,53838.421875,53395.23046875,0.0001878766076151006,-0.001570426819679116,-0.001297416299166354,-0.006825886538800341
2026-08-17 14:00:00-04:00,53444.328125,53479.671875,53437.53125,53454.421875,5525622.0,53456.47521537934,53480.33942304676,53518.30499465786,53618.269535124746,53702.442018773654,38.066625932262504,-49.44918925117963,-44.74835219680432,-4.700837054375313,53517.6671875,53618.65389043573,53416.68048456428,0.003773957582340724,0.18686316781598608,49.95809864918327,53615.890625,53395.23046875,53818.8515625,53395.23046875,0.00018791440663235015,-0.0014930541823540144,-0.0015780724897729304,-0.0057679173944253925
2026-08-17 14:10:00-04:00,53455.05859375,53493.2109375,53452.53125,53474.3203125,5470186.0,53462.42358108623,53479.24503931098,53514.11597730949,53613.549888481306,53698.67141205839,41.27961515972076,-46.930193682419485,-45.18472049392735,-1.7454731884921344,53515.695703125,53618.435610707864,53412.95579554213,0.003839617750755163,0.29864012145608043,49.29535499567018,53615.890625,53395.23046875,53814.98828125,53395.23046875,0.000372250541714525,-3.944494821972455e-05,-0.0007368141365536873,-0.0053844452024861544
2026-08-17 14:20:00-04:00,53472.921875,53495.80078125,53459.6484375,53490.78125,5374796.0,53471.87613739082,53481.34253216353,53511.89362232763,53609.52468721962,53695.23521103264,43.87362601201816,-43.10868141421088,-44.76951267798406,1.6608312637731828,53514.0212890625,53617.238137733075,53410.80444039192,0.003857562791367869,0.38742129137913833,48.35656847812231,53615.890625,53395.23046875,53814.98828125,53395.23046875,0.0003078288308071553,0.001648440389305783,-0.0006256653578513571,-0.0047843412573304045
2026-08-17 14:30:00-04:00,53491.37109375,53491.640625,53457.0,53486.69140625,5770237.0,53476.81456034388,53482.3150547247,53509.49341127262,53605.49736653209,53691.78820599491,43.36109520813654,-39.9496074130293,-43.80553162499311,3.85592421196381,53510.596875,53612.66250657752,53408.53124342248,0.0038147820259207123,0.3828916826334115,47.376858229685006,53615.890625,53395.23046875,53814.98828125,53395.23046875,-7.645885243079409e-05,0.0009797363016570415,-0.0012788358035513703,-0.005016340365593397
2026-08-17 14:40:00-04:00,53485.76171875,53511.26953125,53474.05859375,53502.08984375,5568923.0,53485.23965481259,53485.91047091111,53508.7883096038,53602.10695594907,53688.652695875164,45.92255323341395,-35.79091786893696,-42.20260887378188,6.4116910048449185,53507.836328125,53607.66184398872,53408.01081226128,0.0037312484568264178,0.47121735697893297,46.6507210347075,53615.890625,53395.23046875,53814.98828125,53395.23046875,0.00028789287755803805,0.0010798317555757997,-0.001030876028004224,-0.004503544246148405
2026-08-17 14:50:00-04:00,53501.71875,53506.98828125,53473.109375,53475.62890625,5728419.0,53482.0360719584,53484.04109551818,53505.63027118915,53597.96013464747,53685.1316415012,42.376006561739814,-34.235655629338,-40.6092182248931,6.3735625955551,53505.254296875,53605.605678549495,53404.9029152005,0.0037510851221337826,0.35239171533735003,45.738448550085536,53615.890625,53395.23046875,53814.98828125,53395.23046875,-0.0004945776431776183,0.0003967310936332513,-0.0009647535817206565,-0.004797410945078795
2026-08-17 15:00:00-04:00,53475.87109375,53501.87890625,53465.73828125,53494.53125,5653193.0,53486.2011313056,53485.94839633306,53504.57322155209,53594.569023675416,53681.981221806964,45.60757380638562,-31.1191161324532,-38.711197806405124,7.592081673951924,53503.98984375,53604.212433128734,53403.76725437127,0.0037463594648330712,0.4528120665778339,45.05288972507943,53615.890625,53395.23046875,53814.98828125,53395.23046875,0.0003534758568830565,0.00037795594935818855,-0.0004725177018969351,-0.004499329225940207
2026-08-17 15:10:00-04:00,53494.71875,53521.6796875,53487.03125,53505.828125,6312902.0,53492.743462537066,53489.56289245431,53504.69273616618,53591.65948601392,53679.069600372146,47.50243059249499,-27.42157389264321,-36.45327302365274,9.031699131009532,53503.4802734375,53603.556554111216,53403.40399276378,0.0037409260168596026,0.5117303098531293,44.30971456614519,53615.890625,53395.23046875,53814.98828125,53395.23046875,0.00021117812860538265,0.00028129847140712094,-0.00019043655225603473,-0.0036609435298187165
2026-08-17 15:20:00-04:00,53507.30859375,53516.23828125,53482.62109375,53482.859375,6634011.0,53489.44876669138,53488.34407109898,53502.61336843607,53588.09226925937,53675.826456151124,44.13582003328483,-26.044407478060748,-34.37149991453434,8.327092436473592,53499.9982421875,53597.83086128257,53402.165623092435,0.0036572942919434457,0.4124071943180408,43.545962632849104,53615.890625,53395.23046875,53814.98828125,53395.23046875,-0.00042927566593942146,-7.164457455210993e-05,-0.0013004178142943523,-0.0038583031949247504
2026-08-17 15:30:00-04:00,53483.1015625,53483.73046875,53443.66015625,53457.23046875,7682645.0,53478.70933404425,53482.68705249007,53498.29118751358,53583.80171842299,53672.21329933458,40.67203929601928,-26.713099731838156,-32.839819877995104,6.1267201461569485,53493.176171875,53582.59611024283,53403.75623350717,0.0033432278569707364,0.2990062184054728,43.29770190907417,53615.890625,53395.23046875,53814.98828125,53395.23046875,-0.00047919850489486215,-0.0008384602383011419,-0.0025458491922000226,-0.004560528749872339
2026-08-17 15:40:00-04:00,53456.69140625,53475.30859375,53443.30859375,53468.30859375,9769034.0,53475.24242061284,53480.07278726461,53495.43570239324,53580.015058597644,53668.842973622435,42.76305135671443,-26.048856059082027,-31.48162711421249,5.432771055130463,53487.049609375,53564.907345233274,53409.19187351672,0.002911274277676008,0.3796457704658211,42.49072320128316,53615.890625,53395.23046875,53814.98828125,53395.23046875,0.00020723342572859238,-0.0001368906294273442,-0.002286421529448912,-0.0048126806872811345
2026-08-17 15:50:00-04:00,53469.1796875,53491.87890625,53446.03125,53466.6796875,33828339.0,53472.3881762419,53477.6376782165,53492.69703430817,53576.29914479116,53665.50143170306,42.52571555318555,-25.361525405955035,-30.257606772561,4.896081366605966,53481.637109375,53548.59270305591,53414.68151569409,0.0025038722559663413,0.3883034183351385,42.730504133334364,53597.3984375,53395.23046875,53814.98828125,53395.23046875,-3.046489206115499e-05,-0.0005206431732215355,-0.0020205346163105764,-0.004802624025858737
2026-08-18 09:30:00-04:00,53354.4296875,53406.41015625,53256.33984375,53329.109375,7772701.0,53424.628575827934,53450.63253217714,53477.1172572312,53568.19456217506,53659.941232418714,28.26029496862654,-35.508268194469565,-31.307739056942715,-4.20052913752685,53471.0125,53560.26112492315,53381.763875076846,0.003338205908225565,-0.29498773859084276,54.70259982023906,53580.8515625,53395.23046875,53814.98828125,53395.23046875,-0.002573010205684456,-0.0033027944093707573,-0.00396873050672486,-0.007690619171598301
2026-08-18 09:40:00-04:00,53329.69140625,53459.62109375,53282.96875,53420.19921875,12657384.0,53423.15212346862,53445.09920246311,53471.69649166156,53563.342255833246,53655.97855450684,42.108093054645565,-35.78691653938586,-32.203574553431345,-3.5833419859545117,53466.4685546875,53556.34666294312,53376.590446431874,0.0033620364570625303,0.24259952264514772,63.413295815221986,53551.5703125,53256.33984375,53814.98828125,53256.33984375,0.0017080698481100054,-0.0011715932353326686,-0.0016983194776548638,-0.005578056063713643
2026-08-18 09:50:00-04:00,53417.7890625,53442.94140625,53378.859375,53419.12109375,12637675.0,53421.80844689575,53440.37590996982,53466.689310908085,53558.61369314199,53652.06355515549,42.004744756630444,-35.68340693452774,-32.89954102965063,-2.7838659048771106,53461.0025390625,53548.40273689778,53373.602341227226,0.0032696804655473633,0.2604041732752359,63.461062631991844,53551.5703125,53256.33984375,53814.98828125,53256.33984375,-2.018197265762911e-05,-0.0007128946760958099,-0.0020422846178225207,-0.004863583384556613
2026-08-18 10:00:00-04:00,53411.359375,53447.73828125,53389.078125,53425.98828125,12802463.0,53423.20172501384,53437.7599774753,53462.81302236922,53554.2653189816,53648.32677376862,42.9649717009603,-34.64785132462566,-33.249203088645636,-1.3986482359800263,53455.584375,53537.38017181497,53373.78857818503,0.0030603274764020856,0.31908548542569176,63.11814074756386,53551.5703125,53256.33984375,53814.98828125,53256.33984375,0.00012855298551150973,-0.0007915027352286552,-0.002024182194931168,-0.005156769577539855
2026-08-18 10:10:00-04:00,53427.12890625,53453.37109375,53372.359375,53436.828125,12259018.0,53427.74385834256,53437.59054975252,53460.33827023882,53550.414919178926,53644.83092833443,44.52631093201324,-32.57695439293457,-33.114753349503424,0.5377989565688566,53453.604296875,53535.20284778884,53372.005745961156,0.0030530607612782173,0.3972030036862365,64.39625346202358,53551.0703125,53256.33984375,53814.98828125,53256.33984375,0.00020289458555144968,-0.0005583208584201138,-0.0007405423797254285,-0.005309228745034256
2026-08-18 10:20:00-04:00,53438.98046875,53443.83984375,53385.69140625,53391.53125,9050048.0,53415.67298889505,53429.216131615685,53453.78522069226,53545.205618550106,53640.64415679171,39.64262308969542,-34.19663537930319,-33.33112975546338,-0.8655056238398089,53453.043359375,53536.17244956166,53369.91426918834,0.0031103594842212027,0.13002055455630443,63.94998089330761,53521.6796875,53256.33984375,53814.98828125,53256.33984375,-0.0008476714765711657,0.0011705028591619815,-0.00021007813268048015,-0.006292935042992331
2026-08-18 10:30:00-04:00,53391.26171875,53448.01171875,53390.01953125,53441.37890625,9342938.0,53424.24162801337,53431.42754518556,53452.60366693586,53541.80146404846,53637.3505162869,46.585670750494344,-31.09945975176379,-32.88479575472346,1.7853360029596743,53453.3953125,53536.26386953611,53370.526755463885,0.00310059095597744,0.4274971914573062,63.52442422235707,53521.6796875,53256.33984375,53814.98828125,53256.33984375,0.0009336247731235314,0.0003964733903980555,0.0001317329365457809,-0.00482030636070796
2026-08-18 10:40:00-04:00,53439.98828125,53454.7890625,53397.41015625,53439.83984375,9259951.0,53429.44103325892,53432.95705401545,53451.38806472768,53538.45846010425,53634.08587707141,46.40816583259416,-28.441262069194636,-31.9960890176177,3.554826948423063,53453.168359375,53536.15921877914,53370.17749997086,0.003105180177391122,0.41969889382580894,63.085458652903,53521.6796875,53256.33984375,53814.98828125,53256.33984375,-2.879907913122537e-05,0.0003878526934886217,-8.493058751724014e-05,-0.005007545756375742
2026-08-18 10:50:00-04:00,53438.078125,53478.76171875,53402.03125,53422.421875,8903502.0,53427.10131383929,53431.04156692173,53448.62937999171,53534.65398190411,53630.587298524784,44.34865344332958,-27.423979203151248,-31.081667054724413,3.657687851573165,53451.568359375,53535.62784869439,53367.50887005561,0.0031452581055892857,0.32663180200717634,64.06010223126707,53521.6796875,53256.33984375,53814.98828125,53256.33984375,-0.00032593602078390127,-6.675414652557166e-05,-0.0005986408397574694,-0.005678249034479554
2026-08-18 11:00:00-04:00,53425.6796875,53458.109375,53393.80859375,53403.80078125,9526312.0,53419.33446964287,53426.0886967996,53444.35998963536,53530.36371303021,53626.83876104917,42.192887460229976,-27.79988210920419,-30.425310065620373,2.625427956416182,53448.0423828125,53533.88576189058,53362.199003734415,0.003212217894277403,0.24231209187224498,64.077293589748,53521.6796875,53256.33984375,53814.98828125,53256.33984375,-0.0003485632641958558,-0.0006180633265272517,-0.0013187550741718956,-0.006402283809726628
2026-08-18 11:10:00-04:00,53399.78125,53415.23046875,53358.921875,53359.69140625,8280350.0,53399.45344851192,53414.016462154206,53436.29631502723,53524.76789969315,53622.42310229216,37.53806177202408,-31.296281740920676,-30.599504400680434,-0.6967773402402422,53441.487890625,53533.1017384779,53349.874042772106,0.0034285665114861803,0.05358012848482172,63.52238645833742,53521.6796875,53256.33984375,53814.98828125,53256.33984375,-0.000825959470201032,-0.000596346330673958,-0.0024506997409016185,-0.007569742332195872
2026-08-18 11:20:00-04:00,53358.37890625,53358.98046875,53304.26953125,53339.21875,8490273.0,53379.37521567462,53400.41687812616,53427.05083264368,53518.68432101468,53617.74203861791,35.57627148787897,-35.31211976585473,-31.542027473715294,-3.770092292139438,53434.1142578125,53533.405441383155,53334.823074241845,0.0037163967233212764,0.022135277272763213,62.94377849702761,53521.6796875,53256.33984375,53814.98828125,53256.33984375,-0.00038367268832451007,-0.001911630244968321,-0.00275718412137127,-0.00805176468605473
2026-08-18 11:30:00-04:00,53338.83984375,53366.62109375,53325.03125,53364.69921875,7219628.0,53374.48321669975,53393.92275823958,53421.112583701426,53513.63562913715,53613.55951266968,39.79363507064087,-36.02338430373493,-32.438298839719224,-3.5850854640157053,53427.2447265625,53525.78167785176,53328.707775273244,0.003688640572560456,0.18262917111725108,61.41849744366849,53521.6796875,53256.33984375,53814.98828125,53256.33984375,0.0004777060734508787,-0.0014060787835386002,-0.002567948754922278,-0.007710972575751485
2026-08-18 11:40:00-04:00,53364.359375,53387.3203125,53350.890625,53360.98828125,6395514.0,53369.984904883175,53387.9346715142,53415.38645965843,53508.63079805888,53609.38478157184,39.38921433379898,-36.466149149040575,-33.2438689015835,-3.2222802474570784,53421.5126953125,53521.45209485372,53321.57329577128,0.0037415413566148103,0.19719442812172258,59.63358244769217,53521.6796875,53256.33984375,53814.98828125,53256.33984375,-6.95391814126145e-05,-0.0011499589796536425,-0.0021437919916936776,-0.008127805621000683
2026-08-18 11:50:00-04:00,53363.5,53372.8515625,53331.171875,53350.3984375,5596044.0,53363.456082422126,53381.10990169343,53409.19712421477,53503.44285181104,53605.10401555413,38.19624023383971,-37.24224989223876,-34.04354509971455,-3.198704792524211,53414.3060546875,53512.92271946268,53315.68938991232,0.0036925188047641864,0.17597962609468668,58.35116137999987,53521.6796875,53256.33984375,53814.98828125,53256.33984375,-0.0001984566645240049,-0.0009999727167124828,-0.0026943466767923585,-0.008241908858652391
2026-08-18 12:00:00-04:00,53350.80859375,53380.91015625,53348.3984375,53365.37890625,5298438.0,53364.09702369809,53378.249720703716,53405.02396059907,53498.916165071336,53601.14161705324,40.92207462515875,-36.230869777740736,-34.481010035319784,-1.749859742420952,53407.28359375,53498.56065571461,53316.00653178539,0.003418150327918662,0.27045335050198316,56.50548690642845,53521.6796875,53256.33984375,53795.80078125,53256.33984375,0.0002807939432269979,0.00010658794775819658,-0.0026249330899408285,-0.007444923931682945
2026-08-18 12:10:00-04:00,53365.26171875,53389.19921875,53365.12890625,53387.5703125,5286868.0,53371.921453298724,53379.94437375758,53403.36170839916,53495.26548138047,53597.61151284575,44.8055794879556,-33.25533591563726,-34.23587521138328,0.98053929574602,53402.519140625,53487.23091628688,53317.807364963126,0.003172576014206509,0.41176652827660426,54.188688734540705,53516.23828125,53256.33984375,53780.55859375,53256.33984375,0.00041583900845121313,0.0009064917640924097,-0.0017816747947575484,-0.00698434813743698
2026-08-18 12:20:00-04:00,53385.76953125,53419.23828125,53375.55078125,53382.62109375,5485836.0,53375.48800011582,53380.431050119834,53401.38641176591,53491.57222276963,53594.05795219954,44.10917105328007,-30.93990847762325,-33.576681864631276,2.636773387008027,53398.788671875,53480.034840500084,53317.54250324992,0.0030429966913416064,0.40050251969660183,53.43860382493066,53491.87890625,53256.33984375,53780.55859375,53256.33984375,-9.27035772751994e-05,0.0003358376466535695,-0.001395683508961687,-0.006985929174140093
2026-08-18 12:30:00-04:00,53382.12109375,53388.3515625,53364.62890625,53383.19140625,4856651.0,53378.055802160554,53380.932933052594,53399.653554097735,53488.018753375545,53590.572554745835,44.21676715277276,-28.72774058770301,-32.606893609245624,3.8791530215426135,53394.5328125,53469.436361091975,53319.62926390803,0.0028056636006163747,0.4242932647171225,51.31603614100704,53491.87890625,53256.33984375,53771.078125,53256.33984375,1.068348627919491e-05,0.00041609283701737887,-0.001591918460460695,-0.006883095723843047
2026-08-18 12:40:00-04:00,53383.01953125,53403.53125,53373.48046875,53396.41015625,5727007.0,53384.17392019037,53383.74697363393,53399.34465906462,53485.01519281405,53587.36325890293,46.77440294359933,-25.612691778347653,-31.20805324306603,5.595361464718376,53391.0193359375,53458.25648408423,53323.78218779076,0.0025186688316878444,0.5400881094833045,49.797089363077966,53491.87890625,53256.33984375,53767.12890625,53256.33984375,0.0002476200776271309,0.0008624437698230292,-0.0013142677207694797,-0.006406486471241868
2026-08-18 12:50:00-04:00,53395.48828125,53398.87890625,53374.4609375,53374.4609375,4161351.0,53380.93625929358,53382.05860342776,53396.97478082037,53481.39046313162,53583.84421226817,43.23007143682691,-24.631178773553984,-29.892678349163624,5.2614995756096405,53393.2869140625,53454.83798154147,53331.73584658353,0.002305573267217542,0.34707026755523357,47.9842950335724,53478.76171875,53256.33984375,53740.48828125,53256.33984375,-0.0004110616928323374,0.00017018582901773271,0.0008504091486152277,-0.006682064316386627
2026-08-18 13:00:00-04:00,53374.33984375,53398.44921875,53360.26171875,53396.640625,5558567.0,53386.171047862386,53384.70988007725,53396.94295645652,53478.61177991419,53580.74993809845,47.55474492772509,-21.812170108561986,-28.276576701043297,6.4644065924813106,53392.108984375,53452.444536755815,53331.77343199419,0.0022600924941350467,0.5375536515883429,47.2845239597458,53478.76171875,53282.96875,53663.109375,53256.33984375,0.0004155486933343777,0.00016989558518787362,-0.000441005351805801,-0.0031713635258847628
2026-08-18 13:10:00-04:00,53399.30859375,53405.91015625,53373.1796875,53381.6015625,4487758.0,53384.64788607493,53384.144731426844,53395.4818713178,53475.431117048145,53577.45822941088,45.04881800770986,-20.55467064044933,-26.732195488924503,6.177524848475173,53390.2330078125,53449.41452605223,53331.051489572776,0.0022169417477936803,0.42707651333362073,46.244948587621096,53478.76171875,53304.26953125,53655.19921875,53256.33984375,-0.0002816481022770434,-1.9098561088060073e-05,-0.0007023614481442841,-0.004924157058947554
2026-08-18 13:20:00-04:00,53380.48828125,53390.4609375,53358.73828125,53366.58984375,4031962.0,53378.62853863329,53380.95293366742,53392.73024964468,53471.862550710495,53573.97280154871,42.63378656202947,-20.532725024226238,-25.492301395984853,4.959576371758615,53387.2630859375,53444.911002491725,53329.61516938327,0.0021596131070225526,0.3206939346363675,45.20764199207674,53478.76171875,53304.26953125,53655.19921875,53256.33984375,-0.00028121521855095644,-0.00031098857266997904,-0.001111789213655845,-0.003558986985511936
2026-08-18 13:30:00-04:00,53368.4609375,53381.91015625,53355.73828125,53375.828125,5749996.0,53377.6950674222,53380.02115027334,53391.12052348805,53468.71388101507,53570.697682928076,44.602029440239626,-19.544583088165382,-24.302757734420958,4.758174646255576,53384.2130859375,53437.325093336185,53331.10107853882,0.0019898020155577783,0.42106341533505137,43.84794434978555,53478.76171875,53304.26953125,53655.19921875,53256.33984375,0.0001731098291468669,-0.00038545720938487626,-0.0011415348204670828,-0.0048814961444489935
2026-08-18 13:40:00-04:00,53375.30859375,53378.140625,53353.01171875,53365.44140625,4140252.0,53373.61051369814,53377.370287723636,53388.674893274896,53465.32789823589,53567.30501719786,42.82304588267348,-19.376237675722223,-23.317453722681215,3.941216046958992,53382.90859375,53436.51682648581,53329.30036101419,0.002008441808361314,0.3370848411840026,42.51087019980087,53478.76171875,53304.26953125,53648.73828125,53256.33984375,-0.00019459592693671368,-0.00016898589871594538,-0.0004886513486163091,-0.00424249434702173
2026-08-18 13:50:00-04:00,53364.83984375,53375.16015625,53333.23046875,53333.23046875,4062973.0,53360.15049871543,53369.34486609206,53383.394471891566,53460.99683497405,53563.43601639707,37.78925345743651,-21.593064772234356,-22.972575932591845,1.379511160357488,53377.501171875,53428.16387515514,53326.83846859486,0.0018982793187342106,0.06308388361940603,42.469357149815096,53478.76171875,53304.26953125,53615.890625,53256.33984375,-0.0006035917000065671,-0.001187530816691762,-0.002023683514785768,-0.00423712991025571
2026-08-18 14:00:00-04:00,53333.171875,53347.859375,53330.6796875,53337.01953125,5235310.0,53352.440176226955,53363.467532484414,53378.97781087809,53456.93200534375,53559.693595154975,38.7020557987208,-22.78155891026836,-22.93437252812715,0.15281361785879,53372.36015625,53417.21012816007,53327.510184339924,0.0016806441303615753,0.10601285246223313,40.662952174828305,53478.76171875,53304.26953125,53615.890625,53256.33984375,7.104505890032087e-05,-0.0008351572441640531,-0.001924038560007446,-0.003303615779659652
2026-08-18 14:10:00-04:00,53337.21875,53397.48828125,53335.37109375,53391.0390625,5858020.0,53365.3064716513,53368.48053794179,53380.12650150875,53454.771580988214,53556.905916929274,49.97213625424298,-19.143846025137464,-22.176267227529216,3.0324212023917525,53370.791015625,53410.416971033395,53331.165060216605,0.0014849304143457183,0.7554896994446995,42.195397555197715,53478.76171875,53304.26953125,53615.890625,53256.33984375,0.0010127962103010368,0.0004581371757419461,-0.0005874464578455862,-0.0027619369411601147
2026-08-18 14:20:00-04:00,53390.5,53401.08984375,53373.6484375,53396.55078125,5376630.0,53375.72124151754,53373.584218543285,53381.69071862696,53452.86270230827,53554.25541881888,50.962803178995216,-15.635941317130346,-20.868202045449443,5.232260728319098,53370.428515625,53408.95739955271,53331.899631697284,0.0014438289142247689,0.8389958774047683,41.14154103339788,53458.109375,53304.26953125,53615.890625,53256.33984375,0.00010323303023840324,0.00038824046348229224,-0.0001357581275852615,-0.002190076732615398
2026-08-18 14:30:00-04:00,53396.48828125,53416.6796875,53385.83984375,53405.69140625,4702458.0,53385.71129642836,53379.42188903541,53383.97649840058,53451.31610243751,53551.79981530535,52.637826494737645,-11.980228895554319,-19.09060741547042,7.1103785199161,53372.728515625,53413.82537784362,53331.63165340638,0.0015399948011497295,0.9010390191062561,40.40570551315517,53419.23828125,53304.26953125,53615.890625,53256.33984375,0.00017118380993275117,0.0007542334315870924,0.0008620739510987185,-0.0022154085621060027
2026-08-18 14:40:00-04:00,53404.828125,53415.671875,53396.7109375,53405.359375,5018857.0,53392.26065595224,53384.137795574425,53386.01296283862,53449.809324488735,53549.37931215981,52.56758382846137,-9.0060267402514,-17.073691280426615,8.067664540175215,53376.035546875,53416.45311706081,53335.61797668919,0.0015144463155311102,0.862760898171159,38.873936369358375,53419.23828125,53304.26953125,53615.890625,53256.33984375,-6.217151042431368e-06,0.001352419600614052,0.0012399998828254155,-0.00279749434833787
2026-08-18 14:50:00-04:00,53405.421875,53408.16015625,53372.48046875,53375.94921875,4823783.0,53386.823510218164,53382.64896342453,53385.05451102066,53447.387681677625,53546.5126990456,46.63167635286387,-8.919287923519732,-15.44281060904524,6.523522685525508,53376.598046875,53416.68062885474,53336.51546489526,0.0015018784803234899,0.4919063581616759,38.64577573583278,53419.23828125,53325.03125,53615.890625,53256.33984375,-0.000550696720220345,0.000729881194002413,0.000210813518387587,-0.00338612215056755
2026-08-18 15:00:00-04:00,53375.26953125,53392.26171875,53368.80859375,53375.41015625,5004325.0,53383.01905889544,53381.33281666553,53384.136001042505,53445.02776281114,53543.68455784237,46.527968969968434,-8.79268799105921,-14.112786085448036,5.320098094388825,53377.319140625,53416.766355148095,53337.8719261019,0.0014780515454203313,0.4758033057837414,37.560586397559014,53419.23828125,53330.6796875,53615.890625,53256.33984375,-1.009935200946277e-05,-0.0002927252685924753,0.00027027001306612064,-0.0028370469170175827
2026-08-18 15:10:00-04:00,53375.6484375,53397.91015625,53360.6484375,53396.23828125,5962180.0,53387.42546634697,53384.04290113543,53385.2885991575,53443.42810767799,53541.24742930366,51.057092345291274,-6.931795588228852,-12.6765879860042,5.744792397775349,53379.6111328125,53417.843471819295,53341.3787938057,0.0014324697462359836,0.7174487471790126,37.539238708447655,53419.23828125,53330.6796875,53615.890625,53256.33984375,0.0003902194838227846,-5.852437946374245e-06,0.0008592221443988191,-0.0023090890538945974
2026-08-18 15:20:00-04:00,53397.01953125,53416.26171875,53387.26953125,53390.4609375,7089825.0,53388.43729006465,53385.209816838076,53385.781202809165,53441.69147914756,53538.75509059616,49.79713867301745,-5.855707359944063,-11.312411860792174,5.456704500848112,53380.865234375,53418.79217810609,53342.93829064391,0.0014209939672039434,0.6265024568422434,36.92873505070139,53419.23828125,53330.6796875,53615.890625,53256.33984375,-0.00010819757975399913,-0.00028518437546565245,0.0004700056809128217,-0.0023461870828543896
2026-08-18 15:30:00-04:00,53391.828125,53409.578125,53389.58984375,53400.98828125,9064338.0,53392.6209537931,53388.07862854934,53387.229495994005,53440.35694806895,53536.4779532516,52.11594612718652,-4.10609847898013,-9.871149184429767,5.765050705449637,53381.5361328125,53420.377456560556,53342.694809064444,0.001455234396081059,0.7504053229966631,35.71870263636558,53419.23828125,53330.6796875,53615.890625,53256.33984375,0.00019717649117745317,-8.184747375838963e-05,0.00025133132434129735,-0.0028292184071705417
2026-08-18 15:40:00-04:00,53399.87890625,53406.78125,53382.359375,53401.0703125,9586413.0,53395.437406695404,53390.440752904,53388.54766899457,53439.06886165685,53534.23981042926,52.13449869541949,-2.681985341703694,-8.433316415884553,5.751331074180859,53382.45859375,53422.22448492501,53342.69270257499,0.0014898486215345324,0.734016115319629,34.91178637662518,53419.23828125,53330.6796875,53615.890625,53256.33984375,1.536137300917062e-06,0.000470644440383472,0.0003456034636739602,-0.0035937370171092997
2026-08-18 15:50:00-04:00,53401.6484375,53406.62109375,53321.62109375,53346.6015625,37290152.0,53379.15879196361,53382.46999101237,53384.552801709375,53436.037146930394,53531.138351785805,40.82400630450085,-5.880748720293923,-7.922802876766427,2.0420541564725045,53380.6291015625,53423.348837861624,53337.90936526338,0.0016005707320474627,0.10173514620684745,38.489515921151956,53416.6796875,53330.6796875,53615.890625,53256.33984375,-0.0010199936009007704,-0.0005397353138021366,-0.0006854188141647288,-0.0045574632150214844
2026-08-19 09:30:00-04:00,53463.46875,53585.01171875,53399.53125,53455.01953125,8690452.0,53404.44570505908,53395.66081651011,53391.26391880848,53436.65952018677,53529.8801894629,59.60806715897696,0.32884156679938314,-6.272473988053266,6.601315554852649,53383.5595703125,53436.92251765892,53330.19662296608,0.001999227768846388,1.169565349095153,52.76956165892682,53416.6796875,53321.62109375,53597.3984375,53256.33984375,0.0020323313121075604,0.0011008500203775196,0.0010976276275596053,-0.0022381766424973693
2026-08-19 09:40:00-04:00,53454.4296875,53526.98828125,53402.01171875,53429.1015625,15313194.0,53412.66432420605,53401.74095214464,53394.86750392196,53436.4117182954,53528.21442703377,55.104895626845355,3.122627429147542,-4.393453704613105,7.516081133760647,53386.2916015625,53443.00143983738,53329.58176328762,0.0021245093664914202,0.8774473904333177,57.92720457614633,53585.01171875,53321.62109375,53585.01171875,53256.33984375,-0.0004848556595297149,0.000723736493776217,0.0010237222829094783,-0.002101169870099562
2026-08-19 09:50:00-04:00,53429.80078125,53621.16015625,53427.51953125,53587.03125,15884358.0,53470.78663280404,53435.430097209246,53413.16881307225,53441.35006359719,53529.18660592577,69.98484694249944,17.874285128382326,0.060094061985981106,17.814191066396344,53395.8111328125,53500.17291072965,53291.449354895354,0.0039089874543741295,1.416140568912634,67.6210203207073,53585.01171875,53321.62109375,53585.01171875,53256.33984375,0.002955873912932283,0.003483886248886625,0.0035655918194759106,0.0014193906693971137
2026-08-19 10:00:00-04:00,53581.73828125,53626.23046875,53563.41015625,53607.71875,15845851.0,53516.43067186937,53466.755306807565,53431.69737849394,53446.804774626784,53530.48465789395,71.32553212778599,30.87844104511896,6.223763458612578,24.654677586506384,53407.1169921875,53546.11582718955,53268.11815718545,0.005205255135654799,1.2215951047702807,67.27811261922821,53621.16015625,53321.62109375,53621.16015625,53256.33984375,0.00038605422837267866,0.0038697433645187296,0.0042358636848927045,0.001481032170324692
2026-08-19 10:10:00-04:00,53605.01953125,53641.109375,53551.3203125,53623.171875,14816238.0,53552.011072912916,53495.19468284256,53449.93304482785,53452.587302507876,53532.01667801141,72.32012062280053,41.947719144613075,13.368554595812679,28.579164548800396,53419.94609375,53586.28846739441,53253.60372010558,0.006227725252754539,1.1108659411234283,68.88603761071191,53626.23046875,53321.62109375,53626.23046875,53256.33984375,0.00028826305913276506,0.0051844035870958205,0.004807915064485746,0.0016591274556918556
2026-08-19 10:20:00-04:00,53633.12890625,53653.80859375,53592.30078125,53606.6796875,10303113.0,53570.23394444195,53515.464683689366,53464.86129651091,53457.63951185188,53533.2507773418,69.54758737901963,48.826577693849686,20.460159215420084,28.3664184784296,53431.488671875,53615.12273408626,53247.85460966374,0.006873627023157318,0.9770112187123887,68.35902153137535,53641.109375,53321.62109375,53641.109375,53256.33984375,-0.00030755710494789756,0.002837154631686989,0.004325020718355388,0.0024356525063684575
2026-08-19 10:30:00-04:00,53608.640625,53668.16015625,53582.578125,53649.51171875,11009961.0,53596.659869211304,53539.8368718822,53482.447051009876,53463.93040388132,53535.17244579483,72.49661511538802,57.07636876297329,27.783401124930727,29.292967638042562,53445.6921875,53649.52758902339,53241.856785976604,0.007627757941960611,0.9999610708609222,69.58923651127711,53653.80859375,53321.62109375,53653.80859375,53256.33984375,0.000799005487743143,0.004125282847815992,0.005323113704569282,0.00462076800820177
2026-08-19 10:40:00-04:00,53651.5,53675.6796875,53603.55078125,53607.5,9960220.0,53600.273246140874,53552.13925881271,53494.3568556756,53468.63760375406,53536.36794255855,65.76894779853365,59.53807515602239,34.13433593114906,25.403739224873327,53459.4056640625,53667.98049273761,53250.83083538739,0.0078031106438328215,0.8550148809379632,69.77064149261446,53668.16015625,53321.62109375,53668.16015625,53256.33984375,-0.0007830773739422314,0.0003819720839639551,0.005142563629456198,0.003240615618277376
2026-08-19 10:50:00-04:00,53607.2890625,53686.328125,53597.51953125,53676.2109375,9680425.0,53625.58580992725,53574.697745846766,53511.67629203983,53475.4432868277,53538.679397020394,70.57799605673901,66.26948030548374,40.561364806015995,25.708115499467745,53476.365234375,53697.17778672025,53255.55268202975,0.00825832314434517,0.9525234208889879,71.13049522528486,53675.6796875,53321.62109375,53675.6796875,53256.33984375,0.0012817411276406787,0.0012776553283195824,0.006359399329602056,0.00433781879394024
2026-08-19 11:00:00-04:00,53675.44140625,53710.05859375,53641.1484375,53641.1484375,8695775.0,53630.773352451506,53586.77968978372,53524.006972559844,53480.876242587445,53540.37310016882,65.5196110142033,67.99115692908526,46.04732323062985,21.943833698455414,53488.870703125,53717.14077554725,53260.60063070276,0.00853523618732555,0.8335473037685842,70.97189958419308,53686.328125,53321.62109375,53686.328125,53256.33984375,-0.0006532223379334123,0.0003352387013193514,0.0046844822537959185,0.0034931920681258166
2026-08-19 11:10:00-04:00,53641.1484375,53676.16015625,53591.390625,53591.390625,7446305.0,53617.645776634345,53587.618041641224,53530.42446326843,53484.49966496162,53541.21636504207,59.05151189152303,64.59593668342131,49.75704592118815,14.838890762233163,53498.6126953125,53726.92185762927,53270.30353299573,0.008535143279959308,0.7031848585182386,71.95744470317929,53710.05859375,53321.62109375,53710.05859375,53256.33984375,-0.0009276052797038137,-0.00028520816042199026,0.0036489219041169196,0.0021892809822705583
2026-08-19 11:20:00-04:00,53590.96875,53598.25,53537.58984375,53545.1015625,8406433.0,53593.4643719229,53579.887772706454,53531.82228224286,53486.4866124219,53541.28058318188,53.736808687827185,57.5071530244677,51.30706734184407,6.20008568262363,53505.583203125,53730.607849427135,53280.55855682287,0.008411258520362772,0.5878089578728574,71.1504955279522,53710.05859375,53321.62109375,53710.05859375,53256.33984375,-0.0008637406486408095,-0.0019461529640261155,0.0026103988653480847,0.001015507929228443
2026-08-19 11:30:00-04:00,53549.171875,53562.12109375,53523.3515625,53531.73828125,6561172.0,53572.889008365266,53571.13331971437,53531.8142821483,53487.97027369495,53541.122859183,52.27411269259912,50.23189378427924,51.092032630331104,-0.8601388460518677,53511.9021484375,53732.36581810099,53291.438478774005,0.008239799402082325,0.5449873052616336,68.83756950809848,53710.05859375,53321.62109375,53710.05859375,53256.33984375,-0.00024957056500118924,-0.0014132671501189131,0.002366408684989718,0.0008422071699640821
2026-08-19 11:40:00-04:00,53532.03125,53532.03125,53486.26171875,53497.390625,6596751.0,53547.72288057685,53557.725557039026,53528.53583861037,53488.27913767216,53540.400012337,48.61150855020265,41.219477142709366,49.11752153280676,-7.898044390097397,53517.97421875,53729.639583262826,53306.30885423718,0.007910066388075936,0.45137703847443983,67.18985248966288,53710.05859375,53321.62109375,53710.05859375,53256.33984375,-0.0006416316255142274,-0.0033314630331902073,0.0022752083668300394,-8.783243353149839e-05
2026-08-19 11:50:00-04:00,53494.140625,53510.83984375,53477.3203125,53494.23046875,5905685.0,53529.89207663457,53546.18099553193,53525.268660528425,53488.47426328127,53539.63687938515,48.276362593104366,33.43663708571694,45.9813446433888,-12.544707557671863,53523.915234375,53725.67968767943,53322.15078107057,0.007539226247591432,0.42643707764465955,64.78482954397268,53710.05859375,53321.62109375,53710.05859375,53256.33984375,-5.907122222370553e-05,-0.0027389042373165973,0.0022261245796926232,0.00034785121522573625
2026-08-19 12:00:00-04:00,53492.80859375,53543.2890625,53485.37890625,53540.9609375,6578004.0,53533.58169692305,53545.23189407158,53526.76316309715,53490.19513784582,53539.658764643245,53.39339979539779,30.685712758044247,42.92221826631989,-12.236505508275641,53531.1513671875,53724.276400448514,53338.026333926486,0.0072154260959682035,0.5253969414188839,64.29378145154605,53710.05859375,53321.62109375,53710.05859375,53256.33984375,0.0008735609119061571,-0.0009410035252280791,0.0027103530306331614,0.0008679333459904459
2026-08-19 12:10:00-04:00,53541.37109375,53589.37890625,53539.48046875,53556.890625,6911309.0,53541.35133961537,53547.35166333129,53529.63244518314,53492.38187512956,53539.943588781374,55.02673649882308,29.451479734838358,40.22807056002358,-10.776590825185224,53539.4728515625,53721.665147065556,53357.28055605945,0.006805905467473651,0.5478005213925339,63.26554259786419,53710.05859375,53321.62109375,53710.05859375,53256.33984375,0.0002975233768889307,0.0002201707001383557,0.0031172176560683162,0.0009543352899932245
2026-08-19 12:20:00-04:00,53556.91015625,53557.0703125,53486.328125,53490.1796875,5994766.0,53524.29412224359,53536.9567586347,53525.87503968951,53492.309672256466,53539.12104495855,47.51659558158177,22.82718842338363,36.74789413269559,-13.92070570931196,53543.932421875,53716.457345966905,53371.40749778309,0.006444238078465212,0.3442174814510802,63.79958866230247,53710.05859375,53321.62109375,53710.05859375,53256.33984375,-0.0012456088604377857,-0.0007763355923855464,0.001670220142373502,0.00013687212287338824
2026-08-19 12:30:00-04:00,53486.828125,53489.5703125,53453.2890625,53480.80078125,6181435.0,53509.7963419124,53526.74658092838,53521.58225317146,53491.932331567725,53538.15707365759,46.55459200101948,16.628902841221134,32.7240958744007,-16.09519303317957,53547.9189453125,53710.45043243741,53385.38745818759,0.006070506205512747,0.29352258060950603,61.87751982928087,53710.05859375,53321.62109375,53710.05859375,53256.33984375,-0.00017533884359322016,-0.000310105662279625,0.001493050013481323,0.0004409190729357526
2026-08-19 12:40:00-04:00,53480.87890625,53484.75,53443.421875,53458.4609375,5010538.0,53492.6845404416,53514.331009395944,53515.57069929798,53490.834908811405,53536.839782150855,44.256230131986506,9.801097224517434,28.13949614442405,-18.338398919906616,53553.5119140625,53694.175229881315,53412.84859824369,0.005253187355650374,0.16213303017491243,60.40970591290367,53710.05859375,53321.62109375,53710.05859375,53256.33984375,-0.00041771707647708656,-0.0006686614787532186,0.0020968416304634196,-0.00018417744097387612
2026-08-19 12:50:00-04:00,53459.30859375,53459.609375,53417.2890625,53423.5703125,5469346.0,53469.64646446107,53497.82906450577,53506.80875769818,53488.629512211024,53534.967559512,40.863100152843614,1.5566857330923085,22.822934062157707,-21.266248329065398,53551.939453125,53697.58660192116,53406.29230432884,0.005439472418124031,0.0593146117653908,59.11760638341055,53710.05859375,53399.53125,53710.05859375,53256.33984375,-0.0006526679666440938,-0.0021925386273330405,-0.0005883305071400224,-0.0008062848722225624
2026-08-19 13:00:00-04:00,53423.23828125,53459.76171875,53414.609375,53418.75,4624548.0,53452.68097630738,53483.45105277745,53498.42220934597,53486.33838066312,53533.04660811511,40.40222584310775,-5.304877381080587,17.19737177351005,-22.502249154590636,53551.421875,53698.87382315294,53403.96992684706,0.005506929339696169,0.050118270182540885,58.120087623881226,53710.05859375,53402.01171875,53710.05859375,53256.33984375,-9.02281983738984e-05,-0.002579324964312235,-0.00019374389980886253,0.0016808948443085558
2026-08-19 13:10:00-04:00,53418.62109375,53461.2109375,53418.19140625,53438.48828125,5278446.0,53447.95007795493,53475.27600340881,53492.71421619398,53484.769524944655,53531.48366056362,43.225935238153795,-9.045727728298516,11.948751873148337,-20.994479601446855,53543.9947265625,53698.32755093996,53389.66190218504,0.005764710876190823,0.15818533504428361,57.04147645431828,53710.05859375,53414.609375,53710.05859375,53282.96875,0.00036950099450105967,-0.0009663718939063592,-0.0027719947398653355,0.00034236230428685843
2026-08-19 13:20:00-04:00,53436.828125,53473.28125,53410.87109375,53466.25,4288462.0,53454.050051969956,53473.63491187994,53490.19381465169,53484.16232740549,53530.40541824026,47.02749784035145,-9.65889812594105,7.62722187333046,-17.28611999927151,53536.9212890625,53691.88962414131,53381.95295398369,0.005789213550106427,0.2719815179450762,57.42495358258126,53710.05859375,53414.609375,53710.05859375,53304.26953125,0.0005195079360009736,-0.00027207485747116067,-0.0026389623229396975,0.000882247878382092
2026-08-19 13:30:00-04:00,53466.46875,53472.55078125,53440.55859375,53443.171875,4405465.0,53450.42399297997,53468.09617790177,53485.71553468487,53482.81837814629,53528.96354149249,44.367877385578076,-11.870219399010239,3.7277336188623207,-15.597953017872559,53527.9212890625,53682.71516067762,53373.12741744738,0.005783668331867311,0.22625074501262996,55.60832743382546,53710.05859375,53410.87109375,53710.05859375,53304.26953125,-0.000431639118135263,-0.00028599892761360657,-0.003356757791568077,0.00032163361507775434
2026-08-19 13:40:00-04:00,53444.71875,53473.26953125,53442.05078125,53456.328125,4174327.0,53452.392036986654,53465.956531919626,53482.9167337625,53481.94984525625,53527.762956095925,46.234629760785744,-12.417961485902197,0.4985945979094173,-12.916556083811614,53520.4037109375,53673.76480746899,53367.042614406004,0.005730939451047288,0.2910956970618041,53.866214759980785,53710.05859375,53410.87109375,53710.05859375,53304.26953125,0.0002461727015523607,0.0006131715328718812,-0.0028047169378233594,0.0003649168688377724
2026-08-19 13:50:00-04:00,53456.1015625,53473.9609375,53438.5703125,53455.19140625,4276011.0,53453.32516007444,53463.99923634333,53480.27622638035,53481.072519387184,53526.56342634641,46.090723332113186,-12.796267334771983,-2.160377788626863,-10.635889546145119,53510.6876953125,53654.41930453994,53366.95608608507,0.0053720710915111216,0.3069447306657222,52.546529777125016,53710.05859375,53410.87109375,53710.05859375,53304.26953125,-2.1264437530033042e-05,0.0006821838071837671,-0.00362203319796639,0.0011923268495881434
2026-08-19 14:00:00-04:00,53455.48828125,53501.28125,53427.30859375,53441.71875,5522615.0,53449.4563567163,53459.94823882636,53476.6040857727,53479.78223186629,53525.161035001845,44.32959320715664,-14.021576206847385,-4.532617472270967,-9.488958734576418,53502.3986328125,53641.90046032136,53362.896805303644,0.005214787787974185,0.2825122297819016,54.07696738233037,53710.05859375,53410.87109375,53710.05859375,53304.26953125,-0.00025203644202875797,6.045209836402776e-05,-0.0030925010492934835,6.359187523896637e-06
2026-08-19 14:10:00-04:00,53440.05078125,53478.51953125,53430.58984375,53467.30859375,6655121.0,53455.4071023942,53461.286485176104,53475.718800818155,53479.37326012477,53524.20479630347,48.36529192254711,-12.780430936174525,-6.18218016505168,-6.598250771122846,53491.953515625,53606.96863072815,53376.938400521845,0.004300277239624734,0.3928622474841879,53.63787596216392,53710.05859375,53410.87109375,53710.05859375,53304.26953125,0.00047883646612700836,1.979928927120511e-05,-0.003891898107212577,0.0005140125808817952
2026-08-19 14:20:00-04:00,53468.078125,53479.51171875,53456.87109375,53477.859375,4208382.0,53462.8911932628,53464.299737871355,53475.92266502595,53479.3236245469,53523.43875628193,49.97548838173547,-10.820719972703955,-7.109888126582136,-3.7108318461218195,53483.7890625,53576.25390738822,53391.32421761178,0.003457677419981194,0.46793544883372573,51.42378660772364,53710.05859375,53410.87109375,53710.05859375,53304.26953125,0.00019733144471811848,0.0006490539162071762,-0.003044100793074156,0.0010377197074613598
2026-08-19 14:30:00-04:00,53477.91015625,53494.53125,53472.578125,53483.41015625,5355248.0,53469.73084759187,53467.774359394745,53476.63575942824,53479.457609192905,53522.77712652934,50.843984714505844,-8.719223477412015,-7.431755196748112,-1.2874682806639033,53478.3900390625,53556.6048662207,53400.175211904294,0.0029251002919524582,0.5320918511866509,49.3187393500291,53676.16015625,53410.87109375,53710.05859375,53304.26953125,0.00010379587580500171,0.0005066197436283115,-0.0020148846202849846,0.0014907061638944619
2026-08-19 14:40:00-04:00,53482.19140625,53492.05859375,53451.91015625,53468.0390625,5069153.0,53469.166919227915,53467.82248723206,53475.817026387456,53479.083230612814,53521.87236514043,48.34112106128592,-8.199571610988642,-7.585318479596218,-0.6142531313924238,53474.5369140625,53546.57520922287,53402.49861890212,0.0026943027211678693,0.4549000184691263,48.663717789312734,53598.25,53410.87109375,53710.05859375,53304.26953125,-0.00028739928334964304,0.00024034440644604693,-0.001439207280427901,0.0020305150459942745
2026-08-19 14:50:00-04:00,53468.46875,53472.76171875,53434.66015625,53437.37109375,6949892.0,53458.56831073528,53462.28587023531,53472.15550899341,53477.71561956813,53520.47564991084,43.71715702531959,-10.145442195847863,-8.097343222846547,-2.0480989730013164,53469.8185546875,53538.53772717322,53401.099382201784,0.0025703910857836298,0.26391260427178237,47.9092781257904,53589.37890625,53410.87109375,53710.05859375,53304.26953125,-0.0005735757152820486,-8.13532264997141e-05,-0.0017628268860653273,0.0018401533815115556
2026-08-19 15:00:00-04:00,53437.640625,53463.21875,53423.9609375,53460.66015625,6176694.0,53459.26559257353,53461.990285874344,53471.060713494044,53477.156424049506,53519.48696406521,47.80049905132486,-9.696550150423718,-8.417184608361982,-1.2793655420617362,53467.98203125,53535.61016765713,53400.353894842876,0.0025296685544481364,0.4458666511529808,47.2913162953768,53589.37890625,53410.87109375,53710.05859375,53321.62109375,0.000435819764769807,-0.00012434584187726028,-0.0006865843047835218,0.0017982100321907168
2026-08-19 15:10:00-04:00,53458.98828125,53476.87890625,53444.94140625,53461.66015625,6785796.0,53460.06378046569,53461.93026230628,53470.16542232795,53476.64834969542,53518.53114906001,47.9750347255408,-9.154580027658085,-8.564663692221202,-0.5899163354368824,53466.353515625,53532.93544791749,53399.77158333251,0.0024906105583964795,0.46475500775208367,46.194615131421315,53589.37890625,53410.87109375,53710.05859375,53321.62109375,1.870534327630402e-05,-0.00030291449469599385,-0.000608856547979042,0.0018866193869833126
2026-08-19 15:20:00-04:00,53462.6484375,53486.6796875,53450.078125,53458.62109375,7960846.0,53459.582884893796,53461.32859529605,53469.065962463384,53476.057292123434,53517.54090021191,47.45571987996876,-8.868066198956512,-8.625344193568264,-0.24272200538824862,53462.2365234375,53519.368474209,53405.10457266601,0.0021372824814931946,0.46835895117634585,45.509397086319794,53589.37890625,53410.87109375,53710.05859375,53321.62109375,-5.684564398333869e-05,-0.0004634906866929356,-0.0015378850567534519,0.0020285257358814146
2026-08-19 15:30:00-04:00,53461.94921875,53527.05078125,53441.16015625,53445.1484375,10255430.0,53454.7714024292,53458.38674842403,53466.788102943065,53475.04388705381,53516.34433058031,45.12377058313419,-9.617270778195234,-8.823729510493658,-0.7935412677015758,53456.6494140625,53494.14231181612,53419.15651630888,0.001402740282624421,0.3466245975694146,48.393770508725524,53589.37890625,53410.87109375,53710.05859375,53321.62109375,-0.00025202027239668023,-0.00042811790747077083,-0.002086420368994313,0.0014947805653200419
2026-08-19 15:40:00-04:00,53445.33984375,53464.890625,53434.94140625,53447.390625,10428537.0,53452.31114328614,53456.38745325603,53464.94072409134,53474.13722272417,53515.204599909564,45.60285279198082,-9.915791935403831,-9.042141995475694,-0.8736499399281374,53454.5099609375,53488.85668612184,53420.16323575316,0.0012850824078057665,0.3963607753098248,47.07630252595941,53557.0703125,53410.87109375,53710.05859375,53321.62109375,4.1953059642496626e-05,0.00018750045230375711,-0.0007999423959683671,0.0011204913831037722
2026-08-19 15:50:00-04:00,53449.21875,53470.69140625,53412.078125,53467.33984375,37649897.0,53457.32071010744,53458.3787969822,53465.16921167788,53473.91435783978,53514.41344691519,49.80190848656386,-8.445284885514411,-8.922770573483438,0.47748568796902724,53453.8369140625,53486.586956727515,53421.086871397485,0.0012253579744955266,0.7061513297190974,47.90037243481945,53527.05078125,53410.87109375,53710.05859375,53321.62109375,0.00037324962952767216,0.00012494584766598038,-0.00025169663324708935,0.001587009934398198
2026-08-20 09:30:00-04:00,53381.21875,53381.21875,52995.94140625,53126.609375,8008669.0,53347.08359840496,53398.05708389452,53432.92541770856,53462.527309222074,53508.00346225544,20.580498647640795,-34.377713793590374,-14.013759217504827,-20.363954576085547,53437.2443359375,53583.47226365601,53291.016408218995,0.00547288429767203,-0.5621601693470009,78.1502342251895,53527.05078125,53410.87109375,53710.05859375,53321.62109375,-0.006372684142239571,-0.0062671226495915056,-0.006207652758428273,-0.004806419857842359
2026-08-20 09:40:00-04:00,53123.0703125,53181.9296875,53084.71875,53181.9296875,13770744.0,53292.032294769975,53358.76119364097,53409.0210624506,53453.3273871984,53502.613813085925,27.97018207753902,-49.89035864985635,-21.189079103975132,-28.70127954588122,53425.1623046875,53609.005779106104,53241.3188302689,0.006882280426969192,-0.16152094317385324,79.5117130305331,53527.05078125,52995.94140625,53710.05859375,52995.94140625,0.0010412919843898472,-0.00517580514777527,-0.004523108874725623,-0.00401675820757208
2026-08-20 09:50:00-04:00,53184.140625,53197.5,53108.859375,53136.609375,12566077.0,53240.22465484666,53318.36995388806,53383.07709221721,53442.94319007713,53496.56415295228,25.848289283971667,-65.09088472071744,-29.969440227323595,-35.121444493393845,53411.0552734375,53633.8707237086,53188.239823166405,0.00834342063194201,-0.11585921915106549,80.1637781712093,53527.05078125,52995.94140625,53710.05859375,52995.94140625,-0.0008521750294940844,-0.005773004127040848,-0.005281677781677763,-0.004456280369342092
2026-08-20 10:00:00-04:00,53136.8515625,53137.140625,53057.94921875,53095.51171875,11814181.0,53191.98700948111,53277.85027477205,53355.689913791764,53431.551994295914,53489.935187097704,24.065378224824556,-79.53679784209817,-39.88291175027851,-39.65388609181966,53393.9064453125,53655.121737079084,53132.69115354592,0.009784460780524633,-0.07116626776418833,80.09432303398006,53527.05078125,52995.94140625,53710.05859375,52995.94140625,-0.0007734339231162402,-0.0065836498683138345,-0.006418156155445387,-0.00563947287180111
2026-08-20 10:10:00-04:00,53094.44140625,53094.44140625,53015.26171875,53016.26953125,9823076.0,53133.414516737415,53230.29013958621,53323.36416307351,53417.93617583539,53482.10600270353,21.05041135474268,-96.2697327908536,-51.16027595839353,-45.10945683246007,53371.407421875,53677.485539716996,53065.32930403301,0.01146974129509437,-0.08014256806220979,80.1054428172672,53527.05078125,52995.94140625,53710.05859375,52995.94140625,-0.001492446064363273,-0.008436370947538907,-0.008416159142449642,-0.006843781762940648
2026-08-20 10:20:00-04:00,53015.73828125,53126.9609375,53015.73828125,53107.51953125,9809418.0,53124.78285490828,53207.96821079781,53302.80753147127,53407.75858093095,53475.914490778676,31.666924903795092,-101.0032888584974,-61.128878538414305,-39.87441032008309,53354.6248046875,53679.36243059537,53029.88717877962,0.012172801405562268,0.11953088628602666,82.32810091960526,53527.05078125,52995.94140625,53710.05859375,52995.94140625,0.001721169761788266,-0.0003593273497891625,-0.0062805468308481105,-0.004854541263710543
2026-08-20 10:30:00-04:00,53107.37109375,53138.28125,53083.5703125,53114.6484375,7915383.0,53121.40471577219,53191.000979289114,53284.88761775972,53398.14841229387,53469.943151055064,32.43137970316788,-102.99219309828914,-69.50154145038928,-33.49065164789985,53337.5408203125,53674.78864296071,53000.292997664284,0.012645795717667536,0.16954214698518766,80.35544638963347,53527.05078125,52995.94140625,53710.05859375,52995.94140625,0.00013423534582157615,-0.0012651148688163083,-0.006391753782658438,-0.004893220333525239
2026-08-20 10:40:00-04:00,53113.0703125,53132.9609375,53085.6796875,53101.921875,8135295.0,53114.910435514794,53174.80477850928,53267.46230892546,53388.43606680883,53463.860154756636,31.7485419476795,-104.39197555855208,-76.47962827202184,-27.912347286530235,53319.87734375,53667.47341056838,52972.281276931615,0.01303814202637612,0.18648168153197373,77.99300379037393,53527.05078125,52995.94140625,53710.05859375,52995.94140625,-0.0002396055113680351,-0.000652798520793807,-0.006608703887433731,-0.004938018393662813
2026-08-20 10:50:00-04:00,53102.171875,53161.0390625,53093.37890625,53152.9296875,7493552.0,53127.58351950986,53170.82748923486,53256.55444021827,53380.71454617575,53458.72080819041,37.434423635130265,-100.2300197874356,-81.2297065751046,-19.000313212330994,53305.437890625,53655.572540112145,52955.30324113785,0.013136920484757002,0.2822149231040371,77.2549432517758,53527.05078125,52995.94140625,53710.05859375,52995.94140625,0.0009605643392731622,0.0010814090850870262,-0.005403813149254311,-0.0033806461687266864
2026-08-20 11:00:00-04:00,53153.0,53216.98828125,53115.48828125,53125.0703125,9339626.0,53126.74578383991,53162.50800255579,53244.032142340344,53372.33276802244,53453.205923964124,35.68578337426172,-98.04940606604941,-84.59364647329357,-13.45575959275584,53288.3259765625,53638.59597256794,52938.05598055705,0.013146218785686847,0.26695739583135863,78.9867330195061,53527.05078125,52995.94140625,53710.05859375,52995.94140625,-0.0005241362078025613,0.0020522149561252867,-0.006400888510217695,-0.003973773199415831
2026-08-20 11:10:00-04:00,53124.859375,53165.53125,53095.421875,53146.48828125,7667703.0,53133.32661630995,53159.59532595474,53234.74225080793,53364.92803075121,53448.13621086141,38.08046936199795,-93.51501996164006,-86.37792117096288,-7.137098790677186,53271.757421875,53615.894032280776,52927.62081146923,0.012920039700603582,0.3179950391251666,78.35263601811282,53527.05078125,52995.94140625,53710.05859375,52995.94140625,0.00040316123111017177,0.0007337708547481281,-0.006196416566084717,-0.004580371267240646
2026-08-20 11:20:00-04:00,53142.51171875,53145.03125,53083.94140625,53117.12890625,7003271.0,53127.9273796233,53151.87415873569,53223.540979897654,53356.80346929215,53442.66501574387,36.09639204236297,-91.23879842728638,-87.35009662222758,-3.888701805058801,53253.443359375,53589.46568996592,52917.42102878408,0.012619740974242998,0.29716459188101824,77.22365308824762,53527.05078125,52995.94140625,53710.05859375,52995.94140625,-0.0005524236115964642,4.6700276156830256e-05,-0.006848502160388126,-0.005232957389789239
2026-08-20 11:30:00-04:00,53117.51171875,53135.1796875,53034.98828125,53038.05078125,6618108.0,53097.96851349887,53131.17899919284,53205.87524669312,53346.35256148749,53435.9771771572,31.35735632775875,-94.72390208638535,-88.82485771505914,-5.899044371326212,53231.9439453125,53565.30656591947,52898.581324705534,0.012524908763408884,0.20918580537093226,78.86420688551564,53527.05078125,52995.94140625,53710.05859375,52995.94140625,-0.0014887499875900767,-0.001202801923070651,-0.008041968413080913,-0.0068839222060324
2026-08-20 11:40:00-04:00,53036.48828125,53040.2109375,52989.94140625,53007.44140625,7538315.0,53067.79281108258,53108.68125502141,53186.976785698535,53335.24072033216,53428.89394127444,29.7302798519446,-98.8166952428146,-90.82322522061024,-7.993470022204363,53210.4474609375,53543.49769258743,52877.39722928758,0.012518227060369022,0.19523207703262377,76.82173005440738,53527.05078125,52995.94140625,53710.05859375,52995.94140625,-0.0005771210395013604,-0.00273716391749923,-0.008045487244230931,-0.007450899561519897
2026-08-20 11:50:00-04:00,53012.5703125,53034.30078125,53000.26953125,53013.4609375,6151039.0,53049.68218655506,53091.368470017514,53170.45146682248,53324.690563517994,53422.02728005503,30.494086049842736,-100.41699285548384,-92.74197874758497,-7.675014107898875,53188.0875,53510.82895208456,52865.346047915446,0.012135854746969646,0.22946369087065618,73.76526719337828,53527.05078125,52989.94140625,53710.05859375,52989.94140625,0.00011356011703833602,-0.0021008795723652662,-0.008365014899609613,-0.0067912287566900265
2026-08-20 12:00:00-04:00,53012.9296875,53034.80859375,52986.28125,53030.28125,5480808.0,53043.215207703375,53080.2617027416,53157.101922363196,53315.03779914036,53415.55213906238,32.69556583411297,-99.18464277589374,-94.03051155324673,-5.15413122264701,53166.5185546875,53470.349642867004,52862.687466507996,0.011429414467565,0.2758009137514416,71.9625583759941,53527.05078125,52989.94140625,53710.05859375,52989.94140625,0.00031728380306716986,-0.0021865420464854957,-0.008068939591273971,-0.006466065651573927
2026-08-20 12:10:00-04:00,53030.5,53033.390625,52992.3203125,53000.33984375,5444735.0,53028.92341971892,53065.730455652214,53142.17220059051,53304.71983338985,53408.68912591673,30.824001429842724,-99.47730526023952,-95.1198702946453,-4.357434965594223,53143.6044921875,53424.088729234325,52863.120255140675,0.010555709938269552,0.2446119433556922,69.75596938485167,53527.05078125,52986.28125,53710.05859375,52986.28125,-0.0005646096068931961,-0.0021987081174159595,-0.008572635070334456,-0.0074143507153952015
2026-08-20 12:20:00-04:00,52998.98828125,53018.41015625,52987.1796875,53003.8515625,5451286.0,53020.566133979286,53054.479747806356,53128.99880648665,53294.855299918054,53401.99759594291,31.32056499286449,-98.29281761681341,-95.75445975907893,-2.538357857734482,53121.5396484375,53371.428431685585,52871.65086518942,0.009408190534456143,0.26451907042849593,67.0041479109337,53527.05078125,52986.28125,53710.05859375,52986.28125,6.625841948104672e-05,-0.0006448053472223325,-0.008257005320437272,-0.00724116945632991
2026-08-20 12:30:00-04:00,53003.9609375,53056.6015625,52985.78125,53047.8203125,4692165.0,53029.65086015286,53053.26894138701,53121.267521345064,53286.75579213385,53396.14342596864,37.38139210904277,-92.73717553017923,-95.151002913299,2.4138273831197665,53101.5611328125,53303.301004825335,52899.82126079967,0.007598265200085578,0.3668066461619375,67.276731095867,53470.69140625,52986.28125,53710.05859375,52986.28125,0.0008295387731993564,0.0007617592017039598,-0.0074759554737383604,-0.006613509976443721
2026-08-20 12:40:00-04:00,53046.7109375,53081.30859375,53044.5,53070.01171875,5653239.0,53043.104479685244,53056.313082725734,53116.386016336015,53279.64942907209,53390.75281923776,40.24746294767112,-85.55737595482788,-93.23227752160477,7.674901566776896,53081.6947265625,53193.76853974428,52969.62091338072,0.004222691598642398,0.4478780658888205,65.10043557116222,53470.69140625,52985.78125,53710.05859375,52985.78125,0.0004183283331768983,0.0010667249458899963,-0.007431230470061334,-0.006199474875927868
2026-08-20 12:50:00-04:00,53068.37890625,53080.33984375,53037.4609375,53058.7109375,5697493.0,53048.306632290165,53056.74905632105,53110.89315168497,53272.405544102505,53385.264523671845,39.26194696513495,-79.85865084929537,-90.55755218714289,10.698901337847516,53078.2998046875,53188.82863986654,52967.77096950846,0.004164746632267815,0.41138571597280676,63.5131834767935,53381.21875,52985.78125,53710.05859375,52985.78125,-0.0002129409978254282,0.0005361028987564964,-0.0012780495179116613,-0.005396606654740954
2026-08-20 13:00:00-04:00,53057.98046875,53057.98046875,53014.91015625,53025.01953125,5771840.0,53040.54426527678,53050.98005176268,53102.714711643544,53264.29452728767,53379.31006098718,36.40024242759364,-77.17140118429234,-87.88032198657278,10.708920802280446,53070.454296875,53172.387325966934,52968.52126778307,0.0038414228949961615,0.277134232006261,62.10515474630825,53216.98828125,52985.78125,53710.05859375,52985.78125,-0.0006349835051531194,0.0004656514953065294,-0.0029504411963239274,-0.008044146345295378
2026-08-20 13:10:00-04:00,53025.5,53026.91015625,52963.640625,52963.640625,5175717.0,53014.90971851786,53035.100155987646,53089.469560534635,53254.43702229462,53372.43949179732,31.846216549962136,-79.08288298596744,-86.12083418645172,7.037951200484272,53061.805859375,53169.03315889629,52954.57855985372,0.004041600084454694,0.04225633391281383,62.188324496571944,53216.98828125,52985.78125,53710.05859375,52985.78125,-0.0011575461318562574,-0.0007586418027110131,-0.003255171002336854,-0.008711749288082604
2026-08-20 13:20:00-04:00,52963.921875,52979.30078125,52949.62109375,52955.01171875,4733422.0,52994.94371859524,53020.53862194443,53076.66405179325,53244.619799227585,53365.539859184966,31.25421732996905,-80.36759905011422,-84.97018715918422,4.602588109069998,53054.780859375,53170.340679233595,52939.22103951641,0.004356245299170775,0.068322533095478,59.86627899681681,53216.98828125,52963.640625,53710.05859375,52963.640625,-0.00016292132013917549,-0.0017495269966469884,-0.0026461747038852845,-0.0117942628376152
2026-08-20 13:30:00-04:00,52953.6796875,52958.98046875,52907.19140625,52919.7109375,4977002.0,52969.86612489683,53002.206315681804,53061.716136146264,53233.967049662744,53358.17078609926,28.888305234393627,-83.27428963826242,-84.63100765499986,1.356718016737446,53049.9529296875,53178.8443127422,52921.061546632794,0.004859245896995817,-0.005239330592880979,59.2893349613299,53216.98828125,52949.62109375,53710.05859375,52949.62109375,-0.0006666183257117986,-0.0028321226316386783,-0.0018213011704469872,-0.012834118454257082
2026-08-20 13:40:00-04:00,52918.98828125,52926.5,52903.37109375,52911.51171875,4168600.0,52950.41465618122,52985.716388966925,53047.410953537095,53223.39474373117,53350.78799159762,28.351473171450976,-85.25668530261464,-84.75614318452281,-0.500542118091829,53040.1525390625,53179.43358247552,52900.87149564949,0.005251909609816404,0.0381969535831247,56.706447196234905,53216.98828125,52907.19140625,53710.05859375,52907.19140625,-0.0001549369526920863,-0.0027742705419924185,-0.0036907732507571733,-0.0132715043024485
2026-08-20 13:50:00-04:00,52914.6015625,52926.7890625,52906.98828125,52907.2109375,4056988.0,52936.013416620815,52971.44267051839,53034.05857105737,53213.02806155966,53343.45613946378,28.056952056232774,-86.18134040656878,-85.041182628932,-1.140157777636773,53029.7806640625,53176.04642218295,52883.514905942044,0.005516362929993297,0.08100334576750975,54.070328200075274,53216.98828125,52903.37109375,53710.05859375,52903.37109375,-8.128252454508988e-05,-0.0022217548393465014,-0.003905466874060015,-0.013048164036227439
2026-08-20 14:00:00-04:00,52908.6015625,52908.6015625,52860.171875,52869.01953125,5775928.0,52913.682121497215,52952.8202815605,53018.34056726619,53201.74909335278,53335.61421205529,25.52152878843269,-88.97026965716213,-85.82700003457803,-3.1432696225841,53018.135546875,53176.18362336703,52860.08747038296,0.005962038267162394,0.02825741719004334,53.66742529292704,53216.98828125,52903.37109375,53710.05859375,52903.37109375,-0.000721856351398209,-0.001786529261082137,-0.004385949425676938,-0.014547983056987013
2026-08-20 14:10:00-04:00,52869.0,52870.23046875,52828.6796875,52849.26171875,4946183.0,52892.208653914815,52933.99145195859,53002.23781978846,53190.192130251045,53327.57532786843,24.29820326876738,-91.71754377478646,-87.00510878261973,-4.712434992166735,53002.9521484375,53164.59012054225,52841.31417633275,0.006099206385790486,0.024584391630756167,52.80195071843225,53216.98828125,52860.171875,53710.05859375,52860.171875,-0.00037371248181217176,-0.0019969781247834995,-0.005713099363202412,-0.01414425744998371
2026-08-20 14:20:00-04:00,52849.23828125,52868.171875,52839.03125,52839.03125,5155602.0,52874.48285260988,52916.72596069338,52986.69433695146,53178.6786587674,53319.50021914333,23.665652781212643,-93.64085811167752,-88.33225864843129,-5.308599463246225,52988.6501953125,53155.08364616744,52822.21674445755,0.006281852820990211,0.05051420088952364,51.11185602425852,53216.98828125,52828.6796875,53710.05859375,52828.6796875,-0.0001935782718109902,-0.0015245678041455601,-0.005384257579659102,-0.015596847707354033
2026-08-20 14:30:00-04:00,52838.73046875,52846.5390625,52819.390625,52839.23046875,5552744.0,52862.732057989924,52902.63587124913,52972.650159027515,53167.549209914374,53311.56187616163,23.70730358236348,-94.06470393844211,-89.47874770643345,-4.585956232008655,52973.2873046875,53135.27094149313,52811.303667881875,0.006115672447282463,0.08620253693166392,49.400183272525766,53165.53125,52828.6796875,53710.05859375,52828.6796875,3.770295277760738e-06,-0.0013660779602028272,-0.005781338004385184,-0.014949679343356226
2026-08-20 14:40:00-04:00,52838.5,52851.359375,52823.1796875,52841.75,5292031.0,52855.738038659954,52891.565712840194,52960.18347721537,53156.8672686057,53303.79639060524,24.27009182457337,-93.12382619373966,-90.20776340389469,-2.916062789844972,52959.518359375,53117.00707138185,52802.029647368145,0.005947513001842604,0.12610539550963845,47.88443357448821,53145.03125,52819.390625,53676.16015625,52819.390625,4.768296638024694e-05,-0.0012372781770206842,-0.005184371066742632,-0.013988079358595695
2026-08-20 14:50:00-04:00,52841.23828125,52851.51171875,52805.2890625,52806.1796875,5657130.0,52839.2185882733,52876.040980960155,52945.51644962342,53145.36931512682,53295.571321132426,21.822600464673215,-94.16294888727862,-90.99880050057148,-3.16414838670714,52947.9248046875,53114.460487860124,52781.389121514876,0.006290546184272004,0.0744301927155969,47.76573519416763,53135.1796875,52819.390625,53598.25,52819.390625,-0.0006731478896895293,-0.0011885948388518086,-0.0043717876191629035,-0.01379999016600053
2026-08-20 15:00:00-04:00,52805.828125,52827.96875,52788.16015625,52824.78125,5706430.0,52834.406142182204,52866.72102987649,52934.01785918309,53134.8582310243,53287.78966706412,26.023936268083602,-92.4201089874914,-91.28306219795547,-1.1370467895359297,52938.791796875,53111.20092738398,52766.382666366015,0.006513527213485055,0.16936047256192951,47.19736794815566,53081.30859375,52805.2890625,53589.37890625,52805.2890625,0.00035226109160113594,-0.00046321306965990683,-0.003445934219878488,-0.013206315616648312
2026-08-20 15:10:00-04:00,52824.19140625,52849.01171875,52816.0390625,52832.73828125,5922142.0,52833.85018853814,52860.54234830804,52924.372185094224,53124.952658900555,53280.2681565548,27.811094289825576,-89.36666658466856,-90.89978307529809,1.5331164906295243,52929.7556640625,53104.49167929974,52755.019648825255,0.006602562700129066,0.2223887053828745,46.18131711257311,53081.30859375,52788.16015625,53589.37890625,52788.16015625,0.0001506306521619205,-0.00011909697436018885,-0.0034089956221319273,-0.01242401425536821
2026-08-20 15:20:00-04:00,52831.3515625,52852.8203125,52816.9296875,52818.05078125,7997589.0,52828.583719442104,52852.816608842935,52914.246337109056,53114.890302256266,53272.6281999382,26.536710266727397,-87.12759727664525,-90.14534591556753,3.017748638922285,52919.144140625,53093.94910275578,52744.33917849422,0.006606492412887897,0.21083956043716703,45.44626767596075,53081.30859375,52788.16015625,53589.37890625,52788.16015625,-0.00027799997648825236,-0.0004008326259128392,-0.004002061911561161,-0.012640235808140221
2026-08-20 15:30:00-04:00,52817.578125,52827.390625,52783.7890625,52815.46875,9086188.0,52824.21206296141,52846.02608905331,52904.838947860575,53105.073202182284,53265.071845393766,26.30847840692408,-84.58640760766139,-89.0335582539863,4.447150646324914,52909.9005859375,53086.09982105376,52733.70135082125,0.006660350262048531,0.23203108437106068,45.31450302053498,53081.30859375,52788.16015625,53589.37890625,52788.16015625,-4.8885394515862934e-05,-0.0004973576764585319,-0.0034881114780587197,-0.01355022724278121
2026-08-20 15:40:00-04:00,52814.671875,52823.0703125,52784.80859375,52821.48046875,10450875.0,52823.30153155761,52841.56324899816,52896.90004508814,53095.77507977466,53257.739756523624,27.86409481762435,-81.15193206805998,-87.45723301680104,6.305300948741063,52900.78203125,53075.458430693296,52726.1056318067,0.006603925036121857,0.27300435905269776,44.81073271549677,53081.30859375,52783.7890625,53589.37890625,52783.7890625,0.00011382496250211815,0.0002897536110459953,-0.003440713992924782,-0.013731382603954123
2026-08-20 15:50:00-04:00,52820.140625,52840.390625,52754.8984375,52773.73828125,38435141.0,52806.780448121746,52829.23143668031,52885.17035329404,53085.216496216475,53249.73973213894,23.602839234580912,-81.34478890092578,-86.234744193626,4.889955292700222,52887.0779296875,53056.38418053534,52717.77167883966,0.0064025564457514395,0.16528215033431154,47.716550914389856,53081.30859375,52783.7890625,53557.0703125,52783.7890625,-0.0009038403898626868,-0.000966269382327023,-0.005166697323950475,-0.013393886699121005
2026-08-21 09:30:00-04:00,52768.87109375,53075.0390625,52768.87109375,53071.98828125,7084013.0,52895.1830591645,52873.36904478389,52902.96253690889,53084.78278425036,53246.80169162838,62.344748435594276,-56.77685862580984,-80.34316708006277,23.566308454252933,52887.1767578125,53056.91178924384,52717.44172638116,0.006418759398279426,1.0444118455660751,66.1773664740763,53081.30859375,52754.8984375,53527.05078125,52754.8984375,0.005651485183985283,0.004528442170200986,3.72444330798416e-05,-0.0076440983311403254
2026-08-21 09:40:00-04:00,53074.69140625,53134.3984375,53067.078125,53097.87109375,11605357.0,52962.74573735967,52914.18759914136,52921.52525660804,53085.211909151985,53244.340028853534,64.04861328718366,-34.81672469372279,-71.23787860279478,36.42115390907199,52889.134765625,53067.42742221982,52710.84210903018,0.006742127939317405,1.085375562043934,66.25900547592799,53080.33984375,52754.8984375,53527.05078125,52754.8984375,0.0004876925349552863,0.00529781596179868,0.0007380532914968985,-0.006745234288947799
2026-08-21 09:50:00-04:00,53097.55078125,53132.05859375,53068.0703125,53073.890625,11107420.0,52999.794033239785,52943.22451293383,52936.03624407394,53084.84071950766,53241.52268333529,61.28184793275803,-19.127691630761547,-60.815841208388136,41.68814957762659,52891.5783203125,53078.38945265339,52704.767187971614,0.007063927312191605,0.9879588876823947,66.0968108883617,53134.3984375,52754.8984375,53527.05078125,52754.8984375,-0.00045162768781559226,0.004892920220461061,0.0009216610230797784,-0.006545419661294738
2026-08-21 10:00:00-04:00,53075.78125,53158.51171875,53066.98828125,53143.58984375,11070356.0,53047.72597007653,52979.654573082225,52955.803253566904,53086.766920302485,53239.90395871405,65.89348263523556,-1.0576831298094476,-48.8642095926724,47.806526462862955,52900.57578125,53115.60589167848,52685.54567082152,0.008129594328714122,1.0650698453713188,67.91299850347872,53134.3984375,52754.8984375,53527.05078125,52754.8984375,0.0013132487166329643,0.006098075482578791,0.00339759911944304,-0.005151003276003263
2026-08-21 10:10:00-04:00,53143.828125,53172.21875,53114.19921875,53156.19921875,14000153.0,53083.88371963435,53011.75359956727,52974.88858358434,53089.04338910404,53238.52040929316,66.66699120251783,14.117660375261039,-36.26783559908572,50.38549597434676,52910.63515625,53152.10813277302,52669.162179726976,0.00912757806856524,1.0084711052058224,67.20632227108739,53158.51171875,52754.8984375,53527.05078125,52754.8984375,0.00023726991415284893,0.007247182973124433,0.003799215474987072,-0.005282504643737251
2026-08-21 10:20:00-04:00,53155.828125,53189.05859375,53127.53125,53133.51171875,11171483.0,53100.426386006235,53033.89143941868,52989.99554883821,53090.50136712521,53236.784728457744,63.860660029350356,24.036460439063376,-24.206976391455903,48.24343683051928,52921.3251953125,53181.65269887592,52660.99769174908,0.009838283625840872,0.9075376603183357,66.80068094815257,53172.21875,52754.8984375,53527.05078125,52754.8984375,-0.00042680816787965536,0.0011592450083830474,0.004040097299520484,-0.006223333060575542
2026-08-21 10:30:00-04:00,53131.87890625,53150.5703125,53056.6015625,53076.26171875,9277880.0,53092.37149692082,53041.595126569824,52998.211374544095,53090.03449340799,53234.131455570016,57.30530217894934,26.966728746163426,-13.972235363932036,40.93896411009546,52929.5626953125,53198.41356081436,52660.71182981064,0.010158816805250848,0.7728260204103424,68.74125730899883,53189.05859375,52754.8984375,53527.05078125,52754.8984375,-0.0010774744252373125,-0.0004069725311933725,0.003113689150968213,-0.006865426272006814
2026-08-21 10:40:00-04:00,53075.109375,53115.390625,53052.9609375,53114.828125,8708119.0,53099.85703961388,53054.91021719349,53009.31773173037,53090.847399361825,53232.15949969283,60.26441153208436,32.03173229165259,-4.771441832815112,36.8031741244677,52939.9435546875,53220.32628344882,52659.560825926186,0.010592483101976807,0.8118675873601549,68.29043089407034,53189.05859375,52754.8984375,53527.05078125,52754.8984375,0.0007266225050732711,0.0007713303004155403,0.00392417562409908,-0.006388392393907982
2026-08-21 10:50:00-04:00,53115.140625,53176.66015625,53100.1015625,53164.1015625,8454939.0,53121.27188057593,53074.763189067395,53024.059048946525,53093.249175202414,53231.03457511114,63.72378471327661,39.56565051342477,4.095976636432864,35.469673876991905,52954.69765625,53249.29409141031,52660.10122108969,0.011126356988105315,0.8554080790829157,68.88101395520818,53189.05859375,52754.8984375,53527.05078125,52754.8984375,0.0009276776229800721,0.0003859678807982547,0.005581378922216995,-0.005445492497403448
2026-08-21 11:00:00-04:00,53163.25,53210.48046875,53152.44140625,53165.19921875,8631713.0,53135.91432663395,53091.20610355514,53037.50096988019,53095.60819302364,53229.94638740269,63.79939341649117,45.10496471266379,12.297774251679048,32.80719046098474,52970.49453125,53274.51382134488,52666.475241155116,0.011478816378258497,0.8202176536877569,68.10658885126473,53189.05859375,52754.8984375,53527.05078125,52754.8984375,2.064656822442501e-05,0.00016931233105976773,0.005978087294413736,-0.005174226011396721
2026-08-21 11:10:00-04:00,53167.2109375,53176.51171875,53134.8203125,53141.55859375,9077277.0,53137.79574900598,53100.36110177238,53047.411219772555,53097.114763539255,53228.48543213571,60.85740775925605,47.04500472959626,19.24722034726249,27.797784382333766,52985.6208984375,53292.065941871115,52679.17585500388,0.011567102101946097,0.7544301150465209,66.21979009403154,53210.48046875,52754.8984375,53527.05078125,52754.8984375,-0.00044466352703265155,0.00015144632341623776,0.005725452124938357,-0.006092507900015698
2026-08-21 11:20:00-04:00,53141.5,53173.421875,53136.51171875,53167.26171875,5501831.0,53147.61773892066,53112.52485031376,53058.8255530085,53099.4146637101,53227.47346993099,62.86256118441496,50.07924542968976,25.413625363747947,24.665620065941816,53002.0224609375,53310.47856085322,52693.56636102178,0.011639408671359685,0.7678489059831358,64.12624481945785,53210.48046875,52754.8984375,53527.05078125,52754.8984375,0.000483672772876087,0.0017145141171057698,0.006208100441470243,-0.005807967257477786
2026-08-21 11:30:00-04:00,53167.140625,53211.23828125,53147.75,53210.1796875,8348390.0,53168.47172178044,53130.280275256715,53073.24023248388,53103.04630383436,53227.18762228751,65.99497438416813,55.3094515146222,31.392790593922797,23.9166609206994,53020.4439453125,53332.39938295697,52708.48850766803,0.011767364225250017,0.8041071244344451,64.08067599306801,53210.48046875,52754.8984375,53527.05078125,52754.8984375,0.0008072254873126017,0.0017951966685385568,0.006972321838319084,-0.005108695723622825
2026-08-21 11:40:00-04:00,53210.2890625,53242.109375,53198.1796875,53220.66015625,7584389.0,53185.86786660363,53146.712980891854,53087.280225223505,53106.90249571684,53227.07973028689,66.73289282715952,59.612932974159776,37.03681906997019,22.576113904189583,53041.16796875,53348.46867860186,52733.86725889814,0.011587252755554259,0.792046490205846,62.641319672134586,53211.23828125,52754.8984375,53527.05078125,52754.8984375,0.00019696360379817257,0.0010638493285457518,0.007849090223963184,-0.004626668764882713
2026-08-21 11:50:00-04:00,53220.44921875,53256.01953125,53200.05078125,53206.0,5625527.0,53192.57857773575,53157.49243891152,53098.58687044031,53110.15159421792,53226.73130499289,64.6204836863525,61.13578566497745,41.85661238897164,19.279173276005807,53060.22890625,53358.64091374444,52761.816898755555,0.011248048251796887,0.7442446853495256,62.1647075526964,53242.109375,52754.8984375,53527.05078125,52754.8984375,-0.00027545987229316005,0.0007674339953496201,0.007216665000387534,-0.004329761906589402
2026-08-21 12:00:00-04:00,53209.05859375,53211.37109375,53154.3203125,53163.0703125,5568903.0,53182.74248932384,53158.506597745785,53104.728150636474,53111.88663416159,53225.6790571831,58.75521001675007,58.20760930403776,45.12681177198486,13.080797532052898,53076.7455078125,53359.09884635038,52794.392169274615,0.010639436756585723,0.6528666265016011,61.799427102503806,53256.01953125,52754.8984375,53527.05078125,52754.8984375,-0.0008068580141337156,0.00040480029790712635,0.006252411705248262,-0.005566520182882728
2026-08-21 12:10:00-04:00,53163.3515625,53181.6484375,53120.1015625,53124.078125,4595887.0,53163.187701215895,53152.24687542836,53106.57100533776,53112.28635517268,53223.99970293214,53.964186856457815,52.139631564801675,46.52937573054823,5.610255834253444,53092.046875,53348.66013157881,52835.43361842119,0.009666730581436323,0.562411526253639,61.78138766661068,53256.01953125,52754.8984375,53527.05078125,52754.8984375,-0.0007334449886132743,-0.0008122215129008348,0.005793991622625949,-0.006314469664117528
2026-08-21 12:20:00-04:00,53124.01953125,53184.3984375,53116.359375,53178.109375,4822653.0,53168.16159247726,53156.94914807775,53113.384183400834,53114.44448697029,53223.24118511508,58.95830973630061,51.101519301126245,47.44380444466384,3.6577148564624054,53110.17890625,53335.38445715523,52884.97335534477,0.008480692610836888,0.6508188152488821,62.2283644404242,53256.01953125,52754.8984375,53527.05078125,52754.8984375,0.0010170764727976955,-0.0006027100958565512,0.006866182078522298,-0.005247268130206151
2026-08-21 12:30:00-04:00,53178.26953125,53197.76953125,53145.48046875,53195.80859375,5189059.0,53177.37725956818,53164.01450183634,53121.23412724361,53117.11216260241,53222.787753852856,60.471077115908294,51.11773347573035,48.17859025087714,2.939143224853204,53128.8953125,53313.59359570845,52944.19702929154,0.006952837325981399,0.6811421310681142,61.518414301822474,53256.01953125,52754.8984375,53527.05078125,52754.8984375,0.0003328290335631312,-0.00046695329270696195,0.007086664774976548,-0.00466534102794347
2026-08-21 12:40:00-04:00,53196.51953125,53196.96875,53150.19140625,53170.48046875,4634222.0,53175.07832929546,53165.190132184274,53125.92425500612,53118.86194313184,53221.92317062802,57.22070032132119,48.52742140767805,48.24835648223733,0.27906492544072137,53148.732421875,53236.24227195793,53061.22257179207,0.0032930173908311752,0.6242605652643061,60.46548069097801,53256.01953125,52754.8984375,53470.69140625,52754.8984375,-0.00047613008749292085,-0.0006675850702928532,0.007517795790505044,-0.005180985507653113
2026-08-21 12:50:00-04:00,53169.3515625,53196.08984375,53149.171875,53189.80859375,5236806.0,53179.98841744698,53169.66621610531,53132.00847774363,53121.18806282423,53221.39235117549,59.03045023209329,47.486800312683044,48.09604524832647,-0.6092449356434244,53154.6234375,53236.34660041168,53072.90027458832,0.0030749220905598494,0.7152704019056814,59.49780126662244,53256.01953125,52768.87109375,53470.69140625,52754.8984375,0.0003635123254408512,0.0005029484018290731,0.0022200093931967757,-0.005190668748642491
2026-08-21 13:00:00-04:00,53190.9609375,53194.7890625,53158.25,53177.66015625,5248891.0,53179.21233038132,53171.119659767974,53136.356256649,53123.039606870974,53220.66950497838,57.38715730127574,45.16123264209455,47.509082727080084,-2.347850084985538,53158.612890625,53236.567908354926,53080.65787289508,0.002932921439854664,0.6221683105184321,57.857891354720834,53256.01953125,53052.9609375,53381.21875,52754.8984375,-0.00022839784201489355,0.0010086204437076418,0.0015026791254799665,0.0009609267719241643
2026-08-21 13:10:00-04:00,53177.30078125,53182.8515625,53154.33984375,53174.8984375,4180909.0,53177.77436608756,53171.806710264704,53140.02694053957,53124.73989639979,53219.912958408495,56.99869621414205,42.604240719083464,46.528114325480765,-3.9238736063973008,53163.66328125,53231.43075395108,53095.89580854893,0.0025493906370810597,0.5828949037214055,55.76173616866935,53256.01953125,53052.9609375,53256.01953125,52754.8984375,-5.193381472379244e-05,-6.038081341619428e-05,0.0019031544759680052,-0.00013221126125573246
2026-08-21 13:20:00-04:00,53174.640625,53176.2890625,53159.80078125,53164.890625,5977664.0,53173.47978572504,53170.54924021657,53142.394910488176,53126.056313730944,53219.00349835216,55.531735608799465,39.31703703900712,45.085898868186035,-5.768861829178917,53164.7283203125,53231.86702613407,53097.58961449093,0.0025256860306730133,0.5012087266615941,52.956489388764396,53256.01953125,53052.9609375,53256.01953125,52754.8984375,-0.00018820557808418847,-0.0005812106172897735,0.0004008156263555218,0.0005322366318183391
2026-08-21 13:30:00-04:00,53164.2109375,53187.30859375,53157.96875,53175.01953125,6024068.0,53173.99303423336,53171.362020404464,53145.5020172274,53127.66166512501,53218.27649063146,56.74511541184898,37.10153907554195,43.48902690965723,-6.3874878341152765,53165.6693359375,53232.83105470339,53098.50761717161,0.0025265070337596213,0.5696095594656664,51.26958612885266,53256.01953125,53052.9609375,53256.01953125,52754.8984375,0.00019051870757036404,8.53680925954059e-05,0.00035405677562749815,0.0014974488412722309
2026-08-21 13:40:00-04:00,53178.05078125,53219.87890625,53171.44921875,53204.37890625,5567273.0,53184.12165823891,53177.365090558196,53151.10933999146,53130.17698450615,53218.04677849293,60.14020026470992,37.28499891526735,42.24822131077925,-4.963222395511899,53169.2126953125,53236.6911258149,53101.7342648101,0.0025382520102032458,0.7605737172284404,51.06673622679176,53256.01953125,53052.9609375,53256.01953125,52754.8984375,0.0005521272066999483,0.0002739305307768447,0.0013337568929212562,0.0035481443085905173
2026-08-21 13:50:00-04:00,53205.109375,53206.6015625,53180.921875,53202.12890625,4927638.0,53190.12407424261,53181.86760250216,53155.968346301794,53132.53606390758,53217.783673166596,59.75312404848251,36.82434780490439,41.16344660960428,-4.339098804699887,53175.5060546875,53229.2055116111,53121.806597763905,0.0020197064741940118,0.7478875307843009,49.2533756034495,53256.01953125,53052.9609375,53256.01953125,52754.8984375,-4.228975220188502e-05,0.0004601321293209448,0.0023714403280126195,0.001781468534683306
2026-08-21 14:00:00-04:00,53202.55859375,53218.3984375,53194.23828125,53198.3984375,5754234.0,53192.882195328406,53184.87320886541,53160.009307368295,53134.695485992575,53217.46325604814,59.07424042130532,35.746200877358206,40.07999746315507,-4.333796585796861,53179.6845703125,53226.399040346005,53132.970100278995,0.0017568539719990393,0.7003005404329532,47.46100279248882,53256.01953125,53052.9609375,53256.01953125,52754.8984375,-7.011878709917152e-05,0.00044193784455681673,0.0015733894931058146,0.0015767778280326716
2026-08-21 14:10:00-04:00,53198.55859375,53212.3984375,53186.25,53207.23828125,4091229.0,53197.66755730227,53188.93958566261,53164.50730488084,53137.0739382961,53217.29424820024,60.22738750028593,35.19930747683975,39.10385946589201,-3.9045519890522584,53181.84140625,53229.45347736915,53134.229335130854,0.0017905386447770336,0.7667062617003579,45.93867670016819,53256.01953125,53100.1015625,53256.01953125,52754.8984375,0.00016616747890241257,0.0007965342494298255,0.0008113880886200242,0.0019832880342431913
2026-08-21 14:20:00-04:00,53207.1015625,53241.5703125,53202.44921875,53239.69140625,4356054.0,53211.67550695152,53198.167189405765,53171.66769548743,53140.43844544212,53217.66444915975,64.21394801031028,36.958551308598544,38.67479783443332,-1.7162465258347765,53185.566015625,53238.72004158083,53132.41198966917,0.001998813961675832,1.00913726337469,45.45170648944189,53256.01953125,53116.359375,53256.01953125,52754.8984375,0.0006099381597002296,0.0012162078278503685,0.0014011456478042472,0.0016323036050900352
2026-08-21 14:30:00-04:00,53239.5703125,53245.890625,53223.87109375,53239.6484375,4330139.0,53220.99981713435,53205.70923451381,53178.14205186958,53143.69123206697,53218.02782086786,64.20477181964239,37.91226846956852,38.52229196146036,-0.6100234918918446,53190.4705078125,53244.57027986379,53136.37073576121,0.0020341903929330185,0.9545114315905017,43.77797968662461,53256.01953125,53116.359375,53256.01953125,52754.8984375,-8.070811243765519e-07,0.0006629065497061326,0.0018458217324761605,0.002156761851344502
2026-08-21 14:40:00-04:00,53240.46875,53266.8515625,53238.87890625,53263.87890625,4193615.0,53235.29284683957,53216.28553846584,53186.30746657248,53147.63181154838,53218.78569004773,67.06308465699786,40.16034901198145,38.84990337156458,1.310445640416873,53195.3013671875,53256.97361006126,53133.629124313746,0.002318710160059252,1.0559838256805258,42.64902801258,53256.01953125,53116.359375,53256.01953125,52754.8984375,0.00045512075043929734,0.0011606678392290792,0.0018172308367336854,0.0022088124501993267
2026-08-21 14:50:00-04:00,53264.3515625,53311.48046875,53259.421875,53311.48046875,4239044.0,53260.68872080972,53233.59370760841,53198.228704875095,53153.00389866975,53220.31783515024,71.82322713257851,45.26127352229378,40.13217740171042,5.129096120583355,53200.36640625,53280.091502067895,53120.64131043211,0.002997163410834173,1.1968575036510696,43.321139850967135,53266.8515625,53116.359375,53266.8515625,52754.8984375,0.0008936931270773218,0.002125666083403921,0.0019037857388366497,0.0036589244656468622
2026-08-21 15:00:00-04:00,53312.05859375,53333.23828125,53311.30078125,53316.921875,4696021.0,53279.433105539814,53248.744283497785,53209.532816315565,53158.37825854943,53221.9145961395,72.31577007637398,49.175998654041905,41.940941652176726,7.235057001865179,53205.1794921875,53299.50921136178,53110.849773013215,0.0035458848207864176,1.0922968063015714,41.793737004469484,53311.48046875,53116.359375,53311.48046875,52754.8984375,0.00010206818873070844,0.0020614412116302105,0.0018087283860701575,0.005257943865625281
2026-08-21 15:10:00-04:00,53316.5390625,53332.53125,53304.41015625,53329.7109375,6305400.0,53296.19238285988,53263.46549331637,53220.97835166646,53163.99572343305,53223.69635384794,73.48876220493337,52.70289086661069,44.093331495063524,8.609559371547164,53211.3650390625,53320.20682096007,53102.523257164925,0.004090922374108291,1.0436602395432792,40.81711962915024,53333.23828125,53116.359375,53333.23828125,52754.8984375,0.00023986873304471246,0.0016908349555051494,0.0023251313291734466,0.006079703579354501
2026-08-21 15:20:00-04:00,53330.859375,53344.58984375,53288.6796875,53322.98046875,6221437.0,53305.12174482326,53274.28639794066,53230.69283900775,53169.208338033604,53225.33741359839,71.76542913438311,54.328619271153,46.14038905028142,8.188230220871581,53219.360546875,53336.04793099187,53102.67316275814,0.004385147920523646,0.9440065336078695,41.89519367349666,53333.23828125,53116.359375,53333.23828125,52754.8984375,-0.0001262048608867694,0.0015652250474160745,0.0030079180022903884,0.005838508291599931
2026-08-21 15:30:00-04:00,53322.921875,53331.58984375,53298.1796875,53320.71875,6896890.0,53310.32074654884,53282.72864376963,53239.26673529273,53174.175892524305,53226.9139646133,71.16152016993553,54.80278653372079,47.87286854696929,6.929917986751498,53229.192578125,53345.24523575294,53113.139920497066,0.004360489122866388,0.894330357209175,41.289119571818325,53344.58984375,53116.359375,53344.58984375,52754.8984375,-4.241546009087216e-05,0.0010671367710572977,0.0037015348207511956,0.005476823677981191
2026-08-21 15:40:00-04:00,53320.609375,53355.921875,53311.12890625,53340.1484375,9114805.0,53320.263310199225,53293.16860626606,53248.87451645533,53179.61761531039,53228.785608793245,73.2444826348972,56.09969850258494,49.51823453809242,6.581463964492521,53237.29453125,53360.36359552846,53114.22546697154,0.004623415421917065,0.9178706763272249,41.539394513117024,53344.58984375,53116.359375,53344.58984375,52754.8984375,0.00036439282806921547,0.000537744750247704,0.0030471008541754774,0.006411441789841099
2026-08-21 15:50:00-04:00,53340.23828125,53345.71875,53273.390625,53279.328125,29091699.0,53306.618248466155,53290.65215512677,53251.77486012625,53182.886812349396,53229.621022284264,58.90246996187483,51.62472199952754,49.93953203037945,1.6851899691480838,53241.4705078125,53364.29309311354,53118.64792251145,0.0046137938764490675,0.6541150477117541,43.73858954789438,53355.921875,53145.48046875,53355.921875,52754.8984375,-0.001140235156474434,-0.0007050997821692606,0.0015700396978233222,0.005197293298113692
2026-08-24 09:30:00-04:00,53261.94921875,53416.12890625,53261.94921875,53351.3515625,8062465.0,53321.529353144106,53301.688411012816,53261.25835559041,53188.41024678056,53231.633097329155,67.11448468444114,53.27582975925907,50.60679157615538,2.6690381831036873,53250.5140625,53377.656093477635,53123.37203152236,0.004775241449440674,0.896554543075287,51.62723940161621,53355.921875,53149.171875,53355.921875,52754.8984375,0.0013518082910322082,0.0004057892799262941,0.003401720130332464,0.005721842070266492
2026-08-24 09:40:00-04:00,53350.8984375,53481.19140625,53333.98046875,53448.23046875,19381287.0,53363.76305834607,53328.33242151048,53279.06522351037,53196.92894258283,53235.21321917082,74.4964855829644,61.69053257944324,52.82353977681296,8.866992802630286,53263.43515625,53413.696934687454,53113.17337781255,0.0056422113217690405,1.1149112383124127,58.454646408643626,53416.12890625,53149.171875,53416.12890625,52754.8984375,0.0018158660167495455,0.002348893458298029,0.004858484770527305,0.007126788514847382
2026-08-24 09:50:00-04:00,53445.5,53467.109375,53411.30078125,53441.71875,12307917.0,53389.74828889738,53348.94811759947,53294.556035557005,53204.954837907986,53238.626533729985,73.30536347790431,67.06076910432603,55.67098564231558,11.389783462010449,53276.6380859375,53440.243924723705,53113.03224715129,0.006141747852869526,1.0045072513525082,58.26564264731194,53481.19140625,53154.33984375,53481.19140625,52754.8984375,-0.00012183226072948194,0.0022692867395002203,0.004965592562254928,0.007218566107856539
2026-08-24 10:00:00-04:00,53437.109375,53478.4609375,53382.30859375,53410.3984375,12813327.0,53396.63167176493,53360.12090303593,53305.58864526586,53211.69069363231,53241.46573875098,67.69856319869646,68.00550761694467,58.1378900372414,9.867617579703271,53288.4130859375,53454.90765972934,53121.91851214566,0.006248809606070845,0.866334315840867,60.97183558321824,53481.19140625,53154.33984375,53481.19140625,52754.8984375,-0.0005860648428340776,0.0013170192070670605,0.004428781378431834,0.00726786919942346
2026-08-24 10:10:00-04:00,53410.859375,53425.75,53376.171875,53405.98828125,10327211.0,53399.75054159329,53368.46042634758,53315.150515359586,53218.06110634108,53244.185119618734,66.92238168180643,67.61888848731178,60.03408972725548,7.584798760056302,53300.46796875,53464.334951217425,53136.60098628258,0.006148800890960156,0.8219694135790154,60.15799911298837,53481.19140625,53157.96875,53481.19140625,52754.8984375,-8.257111684273344e-05,0.002377285163071896,0.0045349036444104485,0.00835191182158268
2026-08-24 10:20:00-04:00,53406.94140625,53438.76953125,53394.25,53414.44140625,8111232.0,53404.647496478865,53376.82060451165,53324.60679068248,53224.499804698746,53246.99927311677,67.68711081307472,67.21971949985891,61.47121568177617,5.748503818082739,53312.4390625,53472.843820526585,53152.03430447342,0.0060175359014632696,0.8179529865725494,59.04096569420349,53481.19140625,53157.96875,53481.19140625,52754.8984375,0.00015828047138621848,0.0011825350605427776,0.004502525379596722,0.008675849038426886
2026-08-24 10:30:00-04:00,53413.87890625,53451.55859375,53401.91015625,53414.80078125,8136478.0,53408.031924735915,53383.72609119135,53333.19669454606,53230.739180979115,53249.772851763606,67.72127766716666,66.16961166638066,62.41089487869707,3.758716787683589,53322.96015625,53481.222904747934,53164.69740775207,0.005936007604760898,0.7901523759433435,58.37007082318896,53481.19140625,53171.44921875,53481.19140625,52754.8984375,6.7280493913912665e-06,-0.0006254592005537907,0.003954972867379558,0.00935549032636862
2026-08-24 10:40:00-04:00,53415.05859375,53435.6796875,53389.8984375,53431.76171875,10350192.0,53415.94185607394,53392.45984165656,53342.58383970834,53237.33008385685,53252.780932209665,69.36753536142416,65.94581721944996,63.11787934684766,2.8279378726023054,53334.441796875,53489.25556590582,53179.62802784418,0.005805395681103471,0.8143128756707241,57.47086933581832,53481.19140625,53180.921875,53481.19140625,52754.8984375,0.0003175325425148756,-0.00018631570022253907,0.004316233527132951,0.009832453904650817
2026-08-24 10:50:00-04:00,53431.94921875,53435.828125,53399.51953125,53420.9609375,7450759.0,53417.61488321597,53397.641859082636,53350.04832521231,53243.35076758285,53255.56076700786,67.02332046434056,64.1573596217786,63.325775401833845,0.8315842199447516,53345.569921875,53491.40378498764,53199.73605876236,0.005467515421663458,0.7584825431346084,55.959278222545585,53481.19140625,53186.25,53481.19140625,52754.8984375,-0.0002021415896195089,0.0001977611159811321,0.004183631585478631,0.00971039657726247
2026-08-24 11:00:00-04:00,53420.9296875,53424.51171875,53366.01953125,53368.421875,9752441.0,53401.217213810654,53392.32913470397,53351.79818709685,53247.451459629316,53257.42623986724,56.942625430758014,57.833858117948694,62.227391945056816,-4.393533827108122,53353.6291015625,53485.101638292195,53222.15656483281,0.004928344667217477,0.5562580361095149,56.140200313792334,53481.19140625,53186.25,53481.19140625,52754.8984375,-0.000983491528006586,-0.0007034118730687711,0.003029354632127168,0.009446029984626625
2026-08-24 11:10:00-04:00,53368.83984375,53372.671875,53341.30859375,53346.640625,7006648.0,53383.025017540436,53384.02213293961,53351.306990706675,53250.70356341196,53258.900857803324,53.359504323106776,50.48293690419814,59.87850093688508,-9.395564032686941,53358.9765625,53479.74102183525,53238.21210316475,0.004526490840535505,0.44892562941157055,54.370420380664314,53481.19140625,53202.44921875,53481.19140625,52754.8984375,-0.00040812992467753606,-0.001269334274870193,0.0020088249184977425,0.009411274444985018
2026-08-24 11:20:00-04:00,53347.30078125,53451.44921875,53332.109375,53433.078125,8346092.0,53399.70938669363,53392.94140422331,53359.09471778223,53256.68305723451,53261.779820897485,63.24403243497012,51.04366316802043,58.11153338311215,-7.067870215091723,53368.648046875,53480.27363636172,53257.02245738828,0.00418318970301355,0.7885990498292653,59.01109347847401,53481.19140625,53223.87109375,53481.19140625,52754.8984375,0.0016202988414510955,0.00034217751414722386,0.0036331886700393667,0.011242576953944372
2026-08-24 11:30:00-04:00,53433.66015625,53454.96875,53410.30859375,53424.94140625,6648173.0,53408.12005987909,53398.75958640998,53365.36583096963,53262.199724415346,53264.4767066058,61.913846473422275,50.25220147251821,56.53966700099337,-6.28746552847516,53376.701171875,53479.84832324468,53273.55402050532,0.003864875464579341,0.7338418159610923,57.98602653358301,53481.19140625,53238.87890625,53481.19140625,52754.8984375,-0.00015227868270972778,-0.0001276452858863797,0.0030238597583831517,0.011084774178276469
2026-08-24 11:40:00-04:00,53424.96875,53443.80078125,53419.01953125,53419.01953125,6792206.0,53411.75321700273,53402.443212744525,53370.47570718681,53267.34135742632,53267.03113345942,60.90975273557538,48.58703545498429,54.949140691791555,-6.362105236807267,53382.078125,53482.23354932071,53281.92270067929,0.00375239885139659,0.6844203971005622,55.614256781184224,53481.19140625,53259.421875,53481.19140625,52754.8984375,-0.00011084476359024542,-3.6341657205896105e-05,0.002017183945267398,0.010924496846716814
2026-08-24 11:50:00-04:00,53418.98828125,53452.2890625,53418.98828125,53452.2890625,6244690.0,53425.26516550183,53411.50609451825,53378.26745531188,53273.40521660906,53270.09324798902,64.40258011881446,49.38269949588721,53.835852452610695,-4.4531529567234855,53388.846484375,53488.770025307334,53288.92294344266,0.003743236556406267,0.8174556142278959,54.02043710038535,53481.19140625,53261.94921875,53481.19140625,52754.8984375,0.000622803105372105,0.001571475875686179,0.0025389160277737854,0.012235487945228884
2026-08-24 12:00:00-04:00,53453.23828125,53508.1796875,53449.390625,53449.69921875,6261328.0,53433.40984991789,53418.45029892401,53385.07048040122,53279.1853478268,53273.06194172061,63.923748846092195,49.23671997527708,52.91602595714398,-3.6793059818668965,53394.8458984375,53494.25389927962,53295.43789759539,0.0037235054870726437,0.7758999268057806,54.36105320035783,53481.19140625,53261.94921875,53481.19140625,52754.8984375,-4.845150311472146e-05,0.0019318666094543246,0.0022499330887171265,0.011830015268638805
2026-08-24 12:10:00-04:00,53451.0390625,53471.51953125,53444.80078125,53464.26953125,4953957.0,53443.696410361925,53426.78106843782,53392.61324714872,53285.253681709524,53276.22239774589,65.47880147652765,49.72355046511075,52.277530858737336,-2.5539803936265884,53401.9103515625,53499.957915537074,53303.86278758793,0.0036720620415671007,0.8180047374949071,52.386602971760844,53508.1796875,53261.94921875,53508.1796875,52754.8984375,0.0002725985873253123,0.0005837471346312739,0.0026496842685452826,0.011953407499685209
2026-08-24 12:20:00-04:00,53464.19140625,53467.25,53435.23046875,53449.51953125,5772067.0,53445.63745065795,53430.91533440367,53398.03289325361,53290.63944726822,53279.086813175716,62.539876194735804,48.36168204016576,51.494361095023024,-3.132679054857263,53408.350390625,53500.991310061756,53315.70947118824,0.00346915487032232,0.7221973879107868,50.93181213449221,53508.1796875,53261.94921875,53508.1796875,52754.8984375,-0.0002758851870477974,0.00046004963885892813,0.002415585991139668,0.011955548163170127
2026-08-24 12:30:00-04:00,53450.28125,53451.8203125,53387.05859375,53387.05859375,5800810.0,53426.11116502197,53422.94138155754,53396.98772187231,53293.80073075942,53280.871470705875,51.913822771872574,41.76092194038938,49.547673264096304,-7.786751323706923,53410.6958984375,53498.56341898585,53322.82837788916,0.003290259341141278,0.3654946415923042,51.919662607028485,53508.1796875,53261.94921875,53508.1796875,52754.8984375,-0.001168596800266486,-0.0005983063294769941,0.0008794530503597464,0.010822394599120155
2026-08-24 12:40:00-04:00,53388.48828125,53411.390625,53386.55859375,53391.80859375,6200947.0,53414.676974597984,53417.280874683434,53396.494471574944,53297.014103316484,53282.705142161154,52.57376125712918,36.49239568626217,46.93661774852948,-10.444222062267308,53416.319921875,53481.23548460766,53351.40435914234,0.0024305516676403466,0.3112060722176505,49.98483179581217,53508.1796875,53261.94921875,53508.1796875,52754.8984375,8.897287329778791e-05,-0.0011314851021493322,0.002111146531091901,0.01079727640987671
2026-08-24 12:50:00-04:00,53391.7890625,53403.76171875,53385.6796875,53392.69140625,4653984.0,53407.34845181533,53412.810062240984,53396.13227487733,53300.1510640684,53284.52309693948,52.703679490344605,32.019188983613276,43.95313199554624,-11.93394301193296,53418.3869140625,53477.246274101824,53359.52755402318,0.0022037116221428478,0.2817211417577696,47.70606032825416,53508.1796875,53261.94921875,53508.1796875,52754.8984375,1.6534605649320966e-05,-0.0010665693789349007,0.0007748602901198609,0.011728430563349157
2026-08-24 13:00:00-04:00,53392.48828125,53417.359375,53376.8203125,53401.828125,4220616.0,53405.50834287689,53410.813346378985,53396.67473679378,53303.4847381973,53286.46202302313,54.10495549123848,28.87850387203798,40.93820637084459,-12.059702498806608,53416.066796875,53473.682798445305,53358.45079530469,0.0021572536139511105,0.37643474480241634,47.194131911950294,53508.1796875,53332.109375,53508.1796875,52768.87109375,0.00017112302282118463,-0.001167909087647856,-0.0008681736203994816,0.006214951699228699
2026-08-24 13:10:00-04:00,53402.01953125,53417.1484375,53378.9296875,53395.94921875,4458157.0,53402.32196816793,53408.110777719165,53396.60563983723,53306.516360510504,53288.27172873762,53.01653028291349,25.619780806016934,37.87452125787906,-12.254740451862126,53413.7783203125,53470.76949495506,53356.78714566994,0.002133950318990407,0.34358015364376676,46.553033203953845,53508.1796875,53332.109375,53508.1796875,53052.9609375,-0.00011008810852386475,-0.0010022599448940017,-0.0008564382344083965,0.005613749079953045
2026-08-24 13:20:00-04:00,53393.08984375,53395.80078125,53330.55859375,53330.859375,4480899.0,53378.501103778624,53394.06506813386,53390.34409080511,53307.314492133104,53288.975656775016,42.759997043923754,17.582334676735627,33.816083941650376,-16.23374926491475,53409.8013671875,53477.31103271242,53342.29170166258,0.0025279878897432684,-0.08467177680179286,47.8985754751,53508.1796875,53332.109375,53508.1796875,53052.9609375,-0.0012190034019873286,-0.0010526749409000002,-0.0014892055634648793,0.004841716839936394
2026-08-24 13:30:00-04:00,53331.26171875,53345.80078125,53322.859375,53332.8203125,4852505.0,53363.274173352416,53382.929658018606,53384.865635728434,53308.150748538574,53289.70036182832,43.11702873753382,11.241249849786982,29.3011171232777,-18.059867273490717,53406.14296875,53481.55071406879,53330.735223431206,0.002823935267630799,0.01382543039829287,46.115920530450005,53508.1796875,53330.55859375,53508.1796875,53052.9609375,3.676928373153032e-05,-0.0011048189376544615,-0.0013700330450712173,0.0035607392971825913
2026-08-24 13:40:00-04:00,53333.30078125,53337.30859375,53314.609375,53324.55859375,4570188.0,53350.368980151616,53372.316737242494,53379.122107920964,53308.68871067665,53290.276530951,41.93036650898257,5.486003548336157,24.538094408289393,-19.052090859953235,53401.648828125,53484.85320355126,53318.444452698735,0.0031161725247120823,0.03674170390644319,44.44329897470358,53508.1796875,53322.859375,53508.1796875,53052.9609375,-0.0001549087166512475,-0.0012760700145567627,-0.0016827436575884702,0.0031672575818892934
2026-08-24 13:50:00-04:00,53328.08984375,53351.53125,53318.94921875,53350.8203125,3906489.0,53350.51942426775,53368.40829638022,53376.42669883325,53310.07007467086,53291.27725461297,46.930280238688745,3.0093408073298633,20.232343688097487,-17.223002880767623,53398.4498046875,53484.26440666285,53312.635202712154,0.003214123342127977,0.22248608575272413,43.59606556579618,53508.1796875,53314.609375,53508.1796875,53052.9609375,0.0004924882538657194,-0.0009551697814652593,-0.0011978041257144634,0.004089859426199327
2026-08-24 14:00:00-04:00,53350.171875,53369.19140625,53338.98046875,53352.58984375,4551148.0,53351.209564095174,53365.53221408381,53374.15652215866,53311.46416546034,53292.29068583838,47.259795104908875,1.1758002318165381,16.4210349968413,-15.245234765024762,53394.4912109375,53481.09464351389,53307.88777836111,0.0032439088981767545,0.25808483601074333,42.63998498966788,53508.1796875,53314.609375,53508.1796875,53052.9609375,3.316783583895422e-05,-0.0008120349134045357,-0.001481738060907234,0.005206246936987791
2026-08-24 14:10:00-04:00,53352.96875,53406.26953125,53351.91015625,53405.23046875,4525832.0,53369.216532313454,53372.75007856857,53377.11594564355,53314.53847048623,53294.15745910965,56.01019227965803,3.925118296792789,13.921851656831599,-9.99673336003881,53393.7046875,53479.61520550773,53307.79416949227,0.0032180017667080446,0.5670801522169923,43.47708427612017,53508.1796875,53314.609375,53508.1796875,53052.9609375,0.0009866554773472203,0.0013945226951446177,-0.00029446248202846803,0.005467443913525827
2026-08-24 14:20:00-04:00,53404.94140625,53434.71875,53400.91015625,53434.71875,5310930.0,53391.050604875636,53384.01710973792,53382.60192701083,53318.47880751947,53296.48078623181,60.012607531028614,8.386753253136703,12.814831976092622,-4.428078722955918,53397.01953125,53483.88293488455,53310.15612761545,0.0032534925880539356,0.7170028871342005,42.78647780996874,53508.1796875,53314.609375,53508.1796875,53100.1015625,0.0005521609211527334,0.0019106140815905448,0.0012422491179386874,0.0050902240336341276
2026-08-24 14:30:00-04:00,53434.76953125,53451.859375,53409.73046875,53417.53125,5063264.0,53399.87748658376,53390.110589785574,53385.928529200275,53321.72642858441,53298.481620343686,56.77040593506059,10.415678039411432,12.335001188756385,-1.9193231493449527,53400.5640625,53484.656484073384,53316.47164092662,0.003149495629857441,0.6008841651990731,42.739508412828116,53508.1796875,53314.609375,53508.1796875,53116.359375,-0.0003216541679654794,0.0017435241603838136,0.0013288676506983954,0.004746188013173169
2026-08-24 14:40:00-04:00,53417.58984375,53445.16015625,53415.23046875,53442.16015625,5316495.0,53413.971709805846,53399.57414732456,53391.28392225263,53325.67507539311,53300.85647217685,60.097143924472554,13.851293364394223,12.638259623883952,1.2130337405102711,53401.0181640625,53485.90234800839,53316.13398011661,0.0031791223038146427,0.7423419197487032,41.82452120476896,53508.1796875,53314.609375,53508.1796875,53116.359375,0.00046106410524160424,0.001712060718372932,0.0001699702051367602,0.005656619234637006
2026-08-24 14:50:00-04:00,53442.66015625,53448.66015625,53426.671875,53429.37109375,4743455.0,53419.104837787236,53404.99177394736,53394.911271919045,53329.07494484744,53302.98068079789,57.617605113332544,15.36495516186551,13.183598731480265,2.181356430385245,53401.2396484375,53486.3950468798,53316.0842499952,0.0031892667287469014,0.6651771104773976,40.40764692228547,53508.1796875,53314.609375,53508.1796875,53116.359375,-0.00023930661602389325,0.001439128826264291,8.291422289663508e-05,0.004929901720094776
2026-08-24 15:00:00-04:00,53429.1796875,53443.05078125,53421.37890625,53431.73046875,4943741.0,53423.31338144149,53409.85335482057,53398.41786209342,53332.44069972949,53305.10877646652,57.9621930549757,16.563985571148805,13.859676099413974,2.704309471734831,53401.8751953125,53487.73868803582,53316.01170258919,0.0032157482264162577,0.6738531271590736,39.06937749926508,53508.1796875,53314.609375,53508.1796875,53116.359375,4.4158764209711876e-05,0.0004962060788316069,0.00023794778735242161,0.004163691657332436
2026-08-24 15:10:00-04:00,53432.7109375,53461.1796875,53431.421875,53452.46875,5979808.0,53433.03183762767,53417.60160848955,53403.56556570357,53336.37604563999,53307.5444785084,60.96629603713907,18.96896931835363,14.881534743201907,4.087434575151722,53401.8841796875,53487.76880586701,53315.99955350799,0.003216539172682582,0.7944914157673123,38.40426571360329,53508.1796875,53314.609375,53508.1796875,53116.359375,0.00038812670052168485,0.00033218103164434076,3.361642749943883e-06,0.004355612896747907
2026-08-24 15:20:00-04:00,53453.37109375,53459.83984375,53424.5703125,53436.5703125,5777373.0,53434.21132925178,53421.05046376418,53406.708874922275,53339.66110356983,53309.677136921484,57.56976498918383,19.368793828922207,15.778986560345967,3.5898072685762408,53401.227734375,53485.83160722955,53316.62386152046,0.0031686115261385962,0.7088709235909281,38.18035610906019,53508.1796875,53314.609375,53508.1796875,53116.359375,-0.0002974313043305754,0.000356419738136049,-0.00024563105951758146,0.004333539685373866
2026-08-24 15:30:00-04:00,53435.62109375,53451.7109375,53429.6484375,53435.30078125,8172215.0,53434.574479917865,53423.64143057978,53409.43191362015,53342.79683070688,53311.753560794685,57.295267633055445,19.360046507244988,16.49519854972577,2.864847957519217,53399.779296875,53480.938179883866,53318.620413866134,0.0030396711026712164,0.7188391649692839,37.02908067269875,53471.51953125,53314.609375,53508.1796875,53116.359375,-2.3757723270345643e-05,-0.00012835137988331802,-0.0005418338313416537,0.005120668673757711
2026-08-24 15:40:00-04:00,53434.171875,53452.16015625,53430.23046875,53448.55078125,9914014.0,53439.233247028584,53428.170403428914,53413.15752006109,53346.264173347634,53314.01467187659,59.46749043914922,20.18954593889066,17.23406802755875,2.9554779113319114,53399.730859375,53480.772011026325,53318.68970772367,0.003035264423513438,0.801204516965932,35.95055258893455,53467.25,53314.609375,53508.1796875,53116.359375,0.0002479634213015114,0.00035897273554552633,-1.8124578265554803e-05,0.006107826576990494
2026-08-24 15:50:00-04:00,53448.96875,53460.03125,53418.0703125,53419.19140625,30917192.0,53432.55263343573,53426.53785848729,53413.7321758886,53348.655230164106,53315.75313029598,53.03067402287876,18.26729995583446,17.44071441321389,0.8265855426205704,53401.3375,53482.5838439073,53320.091156092705,0.0030428580148314168,0.6098751364761116,36.3798657968678,53461.1796875,53314.609375,53508.1796875,53116.359375,-0.0005493016100690529,-0.00023467446010072557,0.0006018839274235521,0.004533482556702939
2026-08-25 09:30:00-04:00,53594.921875,53675.3203125,53449.640625,53503.55078125,9406265.0,53456.21868270716,53440.54020808051,53422.28632878017,53353.73377282266,53318.857223700186,64.81531608280343,23.28261521177774,18.60909457292666,4.673520638851077,53406.924609375,53499.377063077125,53314.47215567287,0.003462189758288346,1.0225722412209968,52.07622582923438,53461.1796875,53314.609375,53508.1796875,53145.48046875,0.0015791960301019259,0.0009556533579191395,0.0020928713681573896,0.0057850833671913016
2026-08-25 09:40:00-04:00,53505.6484375,53521.171875,53422.44921875,53428.640625,14213984.0,53447.025996804776,53438.37664752041,53422.891499848716,53356.18973518913,53320.671825374564,52.27314475632057,20.970925352907216,19.081460728922774,1.8894646239844413,53408.7220703125,53501.39532958907,53316.04881103593,0.003470341760080501,0.6074665704162705,55.40811371643193,53675.3203125,53314.609375,53675.3203125,53149.171875,-0.001400096912376414,-0.0001483943945808086,0.0006732984946660192,0.004855328632994649
2026-08-25 09:50:00-04:00,53427.8984375,53446.55859375,53403.6015625,53439.5390625,11170403.0,53444.53035203652,53438.587995698515,53424.47698200598,53358.92250001899,53322.636573095646,53.677557479154146,19.79017845090857,19.223204273319933,0.5669741775886372,53410.6076171875,53504.17333709588,53317.04189727912,0.003503638100468658,0.6546049415364246,54.518750683115364,53675.3203125,53314.609375,53675.3203125,53149.171875,0.00020398118635456264,7.93161297500955e-05,0.0007061731559401263,0.004695081169728832
2026-08-25 10:00:00-04:00,53434.41015625,53464.08984375,53420.05078125,53455.25,11704391.0,53448.10356802435,53441.61745102606,53427.40774562446,53362.08077870689,53324.82853056514,55.70125636006786,19.892856907172245,19.357134800090396,0.535722107081849,53413.57265625,53508.83541316523,53318.30989933477,0.0035669868978174426,0.7187494100506004,53.77020152717855,53675.3203125,53314.609375,53675.3203125,53154.33984375,0.00029399462973711543,0.00012533957707128174,0.001110585767603034,0.005220046217422336
2026-08-25 10:10:00-04:00,53450.76171875,53513.30078125,53430.421875,53490.8515625,9409599.0,53462.352899516234,53450.569107657684,53433.45001389833,53366.30277161814,53327.57271291117,59.96903727162963,22.586614450883644,20.003030730249044,2.5835837206346,53421.572265625,53514.55143719418,53328.59309405582,0.0034809597556158655,0.872552775561415,55.849394721665796,53675.3203125,53314.609375,53675.3203125,53154.33984375,0.000666006846848477,0.0013414683817474238,0.0029999926754415984,0.005941772044404825
2026-08-25 10:20:00-04:00,53491.5703125,53503.91015625,53470.87890625,53480.71875,10283050.0,53468.47484967749,53456.05086081083,53437.95179828896,53370.05411517164,53330.10405236718,58.248973246974025,23.631395410193363,20.72870366623791,2.9026917439554545,53428.9671875,53515.86175783455,53342.072617165446,0.0032527138332886217,0.7977836376930855,54.219527241546814,53675.3203125,53314.609375,53675.3203125,53157.96875,-0.00018943075692412492,-0.000426738616720046,0.0027731223781790604,0.005940539353832319
2026-08-25 10:30:00-04:00,53480.19921875,53490.328125,53386.37109375,53470.640625,10176942.0,53469.196774785,53458.70354520886,53441.06501988048,53373.352033526666,53332.4269709231,56.512777818221664,23.37669934800215,21.258302802590755,2.118396545411393,53436.2712890625,53510.46273697887,53362.07984114612,0.002776819793994905,0.731625995331984,57.77220609929347,53675.3203125,53314.609375,53675.3203125,53157.96875,-0.00018844408294349524,0.0007860952385965181,0.0027394888040783716,0.0055593979345183175
2026-08-25 10:40:00-04:00,53470.80078125,53474.1484375,53405.03125,53412.2890625,6741989.0,53450.227537356666,53450.2645483527,53438.32445251091,53374.628657427435,53333.747005494624,47.655834843855054,18.255924520381086,20.657827146148822,-2.401902625767736,53439.3447265625,53503.54163015407,53375.14782297093,0.002402608187658352,0.2892759420716547,58.582561913629654,53675.3203125,53318.94921875,53675.3203125,53171.44921875,-0.001091282277862149,-0.0005099220629154466,0.0011521612908658163,0.003907763994695834
2026-08-25 10:50:00-04:00,53412.12109375,53458.98046875,53403.26953125,53450.26953125,6279208.0,53450.24153532111,53450.26545433402,53439.46207905749,53377.10868607735,53335.67299765587,52.837039704169094,17.0656577093323,19.93939325878552,-2.873735549453219,53444.2287109375,53494.67093085668,53393.78649101833,0.0018876582611754562,0.5598786128185512,58.37744588408468,53675.3203125,53338.98046875,53675.3203125,53180.921875,0.0007110810904500386,-9.317080642223807e-05,0.0018308331008123346,0.00466411081852125
2026-08-25 11:00:00-04:00,53449.76953125,53482.98828125,53438.1796875,53476.359375,7560973.0,53458.94748188074,53455.00980354601,53442.97610724249,53380.36280702564,53337.99839232272,56.05491104384972,18.019873154131346,19.555489237854683,-1.5356160837233368,53447.78515625,53496.735413381175,53398.834899118825,0.0018317038578146189,0.7918699555900994,57.40824216022149,53675.3203125,53351.91015625,53675.3203125,53186.25,0.0004881143533757015,-0.0002709283377750893,0.0013318715344112775,0.005224986948179744
2026-08-25 11:10:00-04:00,53476.421875,53494.5390625,53454.6484375,53493.4609375,6350330.0,53470.45196708717,53462.00091881037,53447.78418631463,53384.07094245103,53340.56802116863,58.07419780086265,19.926350375506445,19.629661465385038,0.2966889101214072,53450.722265625,53503.11244057592,53398.332090674085,0.001960316820063245,0.9078882339583656,56.15698379163424,53675.3203125,53386.37109375,53675.3203125,53186.25,0.0003197966858603518,0.00023825759634177324,0.0010993262222420697,0.005379393208439831
2026-08-25 11:20:00-04:00,53493.83984375,53498.80859375,53442.69140625,53465.87109375,6248006.0,53468.925009308114,53462.704586981214,53449.506748927524,53386.75291462477,53342.63914633526,53.78069096039888,18.992048977721424,19.502138967852314,-0.51008999013089,53453.1392578125,53503.60639287601,53402.67212274899,0.0018882758155737212,0.626139872230473,56.15414119937465,53675.3203125,53386.37109375,53675.3203125,53202.44921875,-0.0005157610531544288,-8.919906689452972e-05,0.0009049434262276002,0.004248328296535764
2026-08-25 11:30:00-04:00,53465.16015625,53486.53125,53435.23046875,53446.91015625,6932978.0,53461.586724955414,53459.83287230281,53449.2594543868,53388.72528320264,53344.36263410245,50.99062467464,16.531059432702023,18.907923060822256,-2.3768636281202333,53453.3767578125,53503.67942477509,53403.07409084991,0.0018821137227869739,0.4357230744116787,55.80747263156218,53675.3203125,53386.37109375,53675.3203125,53223.87109375,-0.0003546362775377343,0.0006481859204627849,8.888113777794082e-05,0.003892995630752738
2026-08-25 11:40:00-04:00,53447.08984375,53474.609375,53444.0390625,53461.30859375,4848457.0,53461.49401455361,53460.1011852932,53450.40699146901,53391.105063876326,53346.295625171006,52.98525523465292,15.563138883953798,18.238966225448564,-2.6758273414947666,53454.9736328125,53504.14157650897,53405.80568911603,0.001839602205557487,0.5644216583126586,54.0048183364506,53675.3203125,53386.37109375,53675.3203125,53238.87890625,0.00026939700457728755,0.00020652959464584342,0.000597751748639519,0.00370663368035018
2026-08-25 11:50:00-04:00,53460.5703125,53538.26953125,53460.5703125,53526.23046875,5061932.0,53483.07283261907,53472.124691376244,53457.62827501958,53395.53540501972,53349.269754816945,60.743377285631034,19.806391857055132,18.55245135176988,1.2539405052852537,53459.6986328125,53516.581341835335,53402.81592378966,0.0021280594719972276,1.0848159931235928,55.697275508846985,53675.3203125,53386.37109375,53675.3203125,53259.421875,0.0012143712286083463,0.0009325820667835938,0.0017686120058431065,0.004028213024882765
2026-08-25 12:00:00-04:00,53524.9609375,53542.21875,53494.828125,53495.6484375,4569048.0,53487.26470091272,53476.40173612602,53461.24924287486,53398.81779952727,53351.68923717534,56.05126994666043,20.465571700849978,18.9350754215859,1.530496279264078,53461.8576171875,53520.722047720454,53402.99318665455,0.0022021094348964937,0.7870224005104565,55.103943329643634,53675.3203125,53386.37109375,53675.3203125,53261.94921875,-0.0005713466272925238,4.0892848614859645e-05,0.0008078146530883235,0.0033521545545900366
2026-08-25 12:10:00-04:00,53495.6796875,53501.66015625,53473.8515625,53474.05078125,4128616.0,53482.86006102515,53475.97428978492,53462.468437005824,53401.284454665714,53353.71174203608,52.941080894943944,19.025907299823302,18.95324179723338,0.07266550258992055,53463.731640625,53521.63516746829,53405.82811378172,0.002166086244503245,0.589106322080567,53.15427550252623,53675.3203125,53386.37109375,53675.3203125,53261.94921875,-0.0004037273475661074,0.00015298895038395877,0.0007014010916270852,0.0027065558993777383
2026-08-25 12:20:00-04:00,53474.140625,53491.87109375,53463.0390625,53490.94921875,4365242.0,53485.55644693344,53478.6970041422,53465.18089241003,53404.22428299634,53355.98013008094,55.043033592221065,19.029169153160183,18.968427268418743,0.06074188474143938,53466.5140625,53524.03229868442,53408.99582631558,0.0021515611104619115,0.7124122527997498,51.41697234163151,53675.3203125,53386.37109375,53675.3203125,53261.94921875,0.00031601192079366847,0.0008239777074343646,0.0010414171284973683,0.0031500255335208394
2026-08-25 12:30:00-04:00,53490.80078125,53519.359375,53486.44140625,53515.23046875,4832319.0,53495.447787538964,53485.33945225271,53469.94751872813,53407.86383007023,53358.61236708374,57.9494750929073,20.751833919697674,19.32510859867453,1.4267253210231452,53469.848046875,53530.4616380856,53409.234455664395,0.002267206413508642,0.8743584645671203,50.095614942229254,53675.3203125,53386.37109375,53675.3203125,53261.94921875,0.00045393193343246097,0.0010086149482375628,0.0012475490265937417,0.00364795755402314
2026-08-25 12:40:00-04:00,53515.73828125,53519.96875,53495.8984375,53510.1015625,4058821.0,53500.33237919265,53489.84165411585,53473.77171337307,53411.21588687121,53361.116320726986,57.10960494064598,21.45586839297175,19.751260557533975,1.704607835437777,53474.3935546875,53532.72202912756,53416.06508024744,0.002181547861048942,0.8060941345996905,48.236664767784305,53675.3203125,53386.37109375,53675.3203125,53261.94921875,-9.584012261698582e-05,-0.0003013271457518174,0.0017018257644267898,0.0031862139491256602
2026-08-25 12:50:00-04:00,53509.62890625,53530.4609375,53489.01953125,53526.3203125,3681387.0,53508.995023628435,53496.47413745843,53478.77634186135,53414.98980246559,53363.846965219105,59.126935837153894,23.056754451594315,20.412359336346043,2.6443951152482725,53475.53203125,53536.90201803663,53414.162044463366,0.0022952548373251307,0.9137876176068117,47.75128915937114,53675.3203125,53386.37109375,53675.3203125,53261.94921875,0.00030309697657848744,0.000573352709909436,0.0004255704699505092,0.004635797713524514
2026-08-25 13:00:00-04:00,53525.6015625,53525.6015625,53472.8984375,53478.5,5659255.0,53498.83001575229,53493.20611246598,53478.75002358884,53417.0721040241,53365.74205670309,51.44393334486271,20.233529090670345,20.376593287210902,-0.14306419654055702,53478.025,53535.5003571291,53420.5496428709,0.0021494943812566114,0.504132205728897,48.15633100513035,53542.21875,53386.37109375,53675.3203125,53261.94921875,-0.000893398093140263,8.320332357469873e-05,0.0009331956496880789,0.002383228049078534
2026-08-25 13:10:00-04:00,53478.6015625,53498.6015625,53474.58984375,53498.25,3895679.0,53498.6366771682,53494.123182926705,53480.60716419942,53419.73367438396,53367.93227064189,54.09687227580313,19.3665174364869,20.174578117066105,-0.808060680579203,53480.960546875,53536.22829138521,53425.69280236479,0.00206681944172517,0.6564154035796128,46.43171584404961,53542.21875,53386.37109375,53675.3203125,53314.609375,0.0003693072917154705,0.00013648629079554553,0.0010986422886494207,0.0009358500891669674
2026-08-25 13:20:00-04:00,53496.859375,53499.94140625,53467.23046875,53478.53125,3970255.0,53491.934868112134,53491.28828603093,53480.40945808519,53421.66146374842,53369.76035294533,51.09521600848736,16.893528050037276,19.51836810366034,-2.624840053623064,53482.124609375,53536.14383993014,53428.10537881986,0.0020200854378799277,0.46673999853317416,45.45166024804607,53542.21875,53386.37109375,53675.3203125,53314.609375,-0.0003685868229335032,-0.0006857714790452496,0.0004355278480598912,0.0006888345072173507
2026-08-25 13:30:00-04:00,53475.73828125,53496.6015625,53473.0390625,53490.390625,4981818.0,53491.42012040809,53491.125074934396,53481.36004541041,53423.91487887142,53371.75424173963,52.79179239285519,15.709528923325706,18.756600267593413,-3.0470713442677066,53482.1015625,53536.106271607896,53428.096853392104,0.0020195432688741737,0.5767438861992507,43.88814880175706,53542.21875,53386.37109375,53675.3203125,53314.609375,0.0002217595495388469,-0.0003683591868532954,-8.617127724375173e-06,0.0014976893983220663
2026-08-25 13:40:00-04:00,53489.6484375,53510.2890625,53488.08984375,53499.76953125,3958143.0,53494.203257355395,53492.6967942645,53483.11332977609,53426.40191665432,53373.87019693816,54.146572930121685,15.35104316680372,18.075488847435473,-2.724445680631753,53483.0541015625,53537.5970046117,53428.5111985133,0.002039633075015735,0.6532319399319743,42.33893951234584,53542.21875,53386.37109375,53675.3203125,53314.609375,0.00017533815215053927,-0.0004960322528242411,0.00035621774903682457,0.001756006264805432
2026-08-25 13:50:00-04:00,53499.73046875,53530.48046875,53498.671875,53513.671875,4672213.0,53500.69279657027,53496.510445307315,53486.02366741646,53429.263226764015,53376.18096847637,56.15515900803404,16.004256469619577,17.661242371872294,-1.6569859022527176,53485.2056640625,53541.00066489814,53429.41066322686,0.002086371367293123,0.7550964289914864,41.586771957892566,53542.21875,53386.37109375,53675.3203125,53314.609375,0.0002598580119468341,0.0006576825266229047,0.0008047640629889052,0.0018577460727389195
2026-08-25 14:00:00-04:00,53513.30078125,53535.609375,53508.01171875,53522.30078125,6186619.0,53507.89545813018,53501.199597296894,53489.4786306387,53432.313638386506,53378.5961719933,57.402416222987924,17.021994382441335,17.5333927739861,-0.5113983915447662,53490.70625,53537.6519603767,53443.760539623305,0.0017552847463739784,0.8365007260139288,40.58754940732881,53542.21875,53403.26953125,53675.3203125,53314.609375,0.00016124676083073552,0.0004495620183837534,0.0020596705492488265,0.002012550799173507
2026-08-25 14:10:00-04:00,53521.8515625,53533.87109375,53517.109375,53522.0703125,5210109.0,53512.62040958679,53504.99427278836,53492.58260033978,53435.256480160715,53380.967645390105,57.355485908121565,17.60699957757606,17.548114134704093,0.05888544287196851,53494.2962890625,53539.26362653693,53449.32895158807,0.0016812011969068467,0.808824415647183,38.88570436037675,53542.21875,53403.26953125,53675.3203125,53314.609375,-4.306032189149711e-06,0.0008141409549276002,0.0013433193486147577,0.0016901668753757093
2026-08-25 14:20:00-04:00,53521.46875,53533.78125,53518.12109375,53524.1015625,4150834.0,53516.447460557865,53508.468325463204,53495.5844062598,53438.169433680036,53383.33349525969,57.683857351872824,18.026724450377515,17.643836197838777,0.3828882525387378,53496.6833984375,53542.646346151785,53450.72045072321,0.001718347560799647,0.7982637692532034,37.22673663820699,53542.21875,53435.23046875,53675.3203125,53314.609375,3.7951633562460785e-05,0.0006302241787004004,0.0008927718352180758,0.0019307145208538046
2026-08-25 14:30:00-04:00,53524.8984375,53548.16015625,53521.30859375,53535.51171875,4907715.0,53522.80221328858,53513.385306060794,53499.38700744934,53441.36098401019,53385.84883779673,59.56728115472214,19.06034786125383,17.927138530521788,1.1332093307320434,53498.7859375,53547.71814285913,53449.853732140866,0.001829282833307523,0.875272082879353,36.4856527711922,53542.21875,53435.23046875,53675.3203125,53314.609375,0.00021317791269548358,0.0006680811490060723,0.0007860919916760079,0.0031308747360256906
2026-08-25 14:40:00-04:00,53535.03125,53578.1484375,53534.140625,53574.0390625,4869101.0,53539.881163025726,53524.41326177701,53506.49672697797,53445.71108494428,53388.95942002323,65.19961278536317,22.726361170505697,18.88698305851857,3.839378111987127,53504.1943359375,53560.70351044314,53447.68516143186,0.002112326900984123,1.1179945749829268,37.022949894678476,53548.16015625,53435.23046875,53675.3203125,53314.609375,0.0007196595775977865,0.0011280703675315973,0.0020231217884831842,0.004262657120220448
2026-08-25 14:50:00-04:00,53574.37109375,53577.98046875,53559.96875,53573.44921875,5100623.0,53551.070514933825,53533.32889031755,53512.87315476579,53449.899220478896,53392.00883818401,65.05021072818126,25.292550886631943,20.168096624141246,5.124454262490698,53510.5212890625,53568.28042487759,53452.76215324741,0.00215879548259588,1.0447443837193213,35.66500481291573,53578.1484375,53435.23046875,53675.3203125,53314.609375,-1.1009880164336572e-05,0.0009556472115996861,0.0023675655361565795,0.002627044869502271
2026-08-25 15:00:00-04:00,53573.08984375,53581.5,53548.26953125,53551.28125,6573134.0,53551.14075995589,53536.59295571435,53516.53106859762,53453.223221446795,53394.64144003221,59.52923934357537,25.246479215376894,21.183773142388375,4.062706072988519,53515.019921875,53570.725074136884,53459.31476961311,0.0020818511267755527,0.8254755319088494,35.49110937985032,53578.1484375,53444.0390625,53675.3203125,53314.609375,-0.00041378647582468453,0.0005457736841913974,0.0016829490077336917,0.002364810150923713
2026-08-25 15:10:00-04:00,53550.171875,53550.6015625,53529.48828125,53533.51953125,6094783.0,53545.26701705393,53536.034151266285,53518.14901742166,53455.85588734198,53396.936945672176,55.46717666377933,23.505784766792203,21.648175467269144,1.8576092995230589,53515.384375,53571.47220363828,53459.29654636172,0.0020961384952503936,0.6616674837508458,34.512670763432446,53581.5,53460.5703125,53675.3203125,53314.609375,-0.0003316768214579602,0.0001759575308144523,0.0001361773925823151,0.002143431328480716
2026-08-25 15:20:00-04:00,53530.83984375,53564.2890625,53530.4609375,53564.2890625,5870247.0,53551.607698869295,53541.17140785423,53522.54330742912,53459.41107341274,53399.70309636355,60.49611869589635,24.328670130242244,22.184274399863767,2.144395730378477,53518.81640625,53577.97011630648,53459.66269619352,0.0022105761684809567,0.884360137399507,34.46377463747299,53581.5,53463.0390625,53675.3203125,53314.609375,0.0005747713118700037,0.0005375374742131456,0.0012831067012897268,0.002095326541938114
2026-08-25 15:30:00-04:00,53565.0,53572.6484375,53555.921875,53565.05078125,7485485.0,53556.08872632953,53545.513112108005,53526.5916382692,53462.87467039101,53402.436115948454,60.614692591569515,24.75689497190615,22.698798514272244,2.058096457633905,53523.36640625,53582.04419304745,53464.68861945256,0.0021926044917306717,0.8551972328463149,33.196830913367776,53581.5,53463.0390625,53675.3203125,53314.609375,1.422064519718269e-05,-0.00016777307455784207,0.0017017599877042766,0.0021581330519355735
2026-08-25 15:40:00-04:00,53565.51953125,53590.66015625,53563.0390625,53586.23046875,8628675.0,53566.13597380302,53552.916267861096,53532.27152688642,53466.91912279622,53405.47403913525,63.862683504348304,26.499816628806002,23.459002137179,3.0408144916270032,53528.13046875,53590.84012318335,53465.420814316654,0.002343054161772281,0.9632460545748331,32.79856397312722,53581.5,53463.0390625,53675.3203125,53314.609375,0.0003954012400080309,0.0002385743346076108,0.0017812592857597842,0.00228116719014948
2026-08-25 15:50:00-04:00,53586.19140625,53602.01171875,53563.33984375,53572.91015625,26410312.0,53568.39403461869,53556.55152029544,53536.141872540094,53470.39423864716,53408.24157826112,60.48434548671373,26.500772295854404,24.06735616891408,2.4334161269403225,53531.014453125,53596.33668041532,53465.692225834675,0.0024405376194588015,0.8206848944295716,33.218086189332425,53590.66015625,53467.23046875,53675.3203125,53314.609375,-0.00024857715094861454,0.00040389148018760146,0.0010778181649369056,0.0023085450735971236
2026-08-26 09:30:00-04:00,53547.6796875,53615.5703125,53477.73046875,53615.5703125,6995823.0,53584.119460579124,53567.28220978717,53543.70648586961,53475.15410992102,53411.668499488216,66.58159973301215,29.6026073222165,25.17440639957457,4.428200922641931,53536.287890625,53610.437912054345,53462.13786919565,0.0027700845296124107,1.034608219571082,40.69106887223725,53602.01171875,53467.23046875,53675.3203125,53314.609375,0.0007963008939699812,0.0015326991755530983,0.0019710063505824493,0.00428028298934513
2026-08-26 09:40:00-04:00,53615.05078125,53639.75,53537.078125,53537.2890625,13223927.0,53568.50932788609,53561.82891028041,53543.09530269155,53477.19132148099,53413.744872430565,51.02353257265154,25.45081017966004,25.229687155591662,0.22112302406837614,53536.836328125,53610.845466003346,53462.82719024665,0.0027647931015104582,0.5030586383518318,45.11826930993459,53615.5703125,53467.23046875,53675.3203125,53314.609375,-0.0014600469517294101,-0.0005040671774527716,0.00020492254905546403,0.0027247713194535894
2026-08-26 09:50:00-04:00,53537.12109375,53605.6796875,53518.05859375,53593.359375,9691951.0,53576.792676924066,53567.56172204761,53547.882357197115,53481.00011012096,53416.71370718378,58.50310725184822,26.38078537931142,25.459906800335613,0.920878578975806,53542.579296875,53615.40629227525,53469.75230147476,0.0027203394515772517,0.8486349934246045,48.154185341367835,53639.75,53467.23046875,53675.3203125,53314.609375,0.0010473132555244291,0.0005284900011690574,0.002147767327056682,0.003758341515754937
2026-08-26 10:00:00-04:00,53605.4296875,53605.4296875,53554.96875,53592.7109375,8553114.0,53582.09876378271,53572.13430667532,53552.15174579739,53484.66276019895,53419.62275231297,58.39204589702041,26.757035488677502,25.719332538003993,1.0377029506735092,53547.30234375,53620.26919607322,53474.335491426784,0.0027253231863970545,0.811159055819308,48.318953352698706,53639.75,53467.23046875,53675.3203125,53314.609375,-1.209921355116439e-05,0.00012093533531487566,0.001765682755977993,0.0035744621336406546
2026-08-26 10:10:00-04:00,53593.8984375,53597.8203125,53502.171875,53511.48828125,9125026.0,53558.56193627181,53561.10775659798,53548.27903488811,53485.542285479314,53421.1411908078,46.48747511305857,20.2675946428717,24.628984958977536,-4.361390316105837,53548.9501953125,53616.94972932787,53480.95066129713,0.0025397149250302796,0.22454286191113512,51.699630791791655,53639.75,53467.23046875,53675.3203125,53314.609375,-0.001515554164534083,-0.00114650995850063,0.0006162665742619478,0.0021638169971782695
2026-08-26 10:20:00-04:00,53512.421875,53522.1484375,53443.55078125,53452.62890625,9945829.0,53523.25092626455,53541.384329261986,53539.16949882734,53484.463158291466,53421.66164891429,40.106361780328136,10.256970394519158,21.754582046085865,-11.497611651566707,53547.062109375,53623.08441296134,53471.03980578866,0.0028394575011811258,-0.1210888033519928,53.62091832452083,53639.75,53473.0390625,53675.3203125,53314.609375,-0.001099939039083342,-0.00303906878729987,-0.000705953318133945,0.002283284625019144
2026-08-26 10:30:00-04:00,53450.01953125,53505.26953125,53439.01171875,53493.16015625,8974262.0,53513.220669593036,53532.61629780526,53534.787656677116,53484.74830576551,53422.843442423975,45.63986377094845,5.5302622752133175,18.509718091911356,-12.979455816698039,53546.731640625,53623.625855785765,53469.83742546424,0.00287204140401444,0.15165465137396134,54.52355362276934,53639.75,53443.55078125,53675.3203125,53314.609375,0.0007582648567405759,-0.000824264863289681,-0.0001235402518162676,0.0030064009893064902
2026-08-26 10:40:00-04:00,53491.5,53501.19921875,53442.33984375,53464.58984375,8276907.0,53497.01039431203,53520.24785161339,53528.102150684055,53484.087372584676,53423.53346558639,42.648734383745754,-0.5151352515895269,14.704747423211181,-15.219882674800708,53544.2775390625,53628.05996684667,53460.49511127834,0.0031294633762886156,0.02443670218181258,54.83325514971439,53639.75,53439.01171875,53675.3203125,53314.609375,-0.0005340928151664759,-0.0024027143054978772,-0.0009171867586408311,0.0026260179866994804
2026-08-26 10:50:00-04:00,53465.26171875,53477.25,53447.23046875,53466.8984375,7626308.0,53486.973075374684,53510.547958138224,53522.273225618905,53483.52380094255,53424.25024198166,42.97395742186496,-5.061526003344625,10.751492737900021,-15.813018741244646,53541.507421875,53631.4502398396,53451.5646039104,0.0033597417142518173,0.085242123476898,53.06084629973479,53639.75,53439.01171875,53675.3203125,53318.94921875,4.3179864593456685e-05,-0.002347567379950677,-0.001035126348107429,0.002175751456492625
2026-08-26 11:00:00-04:00,53466.37109375,53503.5390625,53462.83984375,53492.890625,6812815.0,53488.94559191646,53507.33753393128,53519.47488270282,53483.83090992804,53425.38479376709,46.642659692724536,-6.4923809968386195,7.302717990952293,-13.795098987790912,53540.0484375,53632.126416980944,53447.97045801906,0.003439592685032012,0.24392459105946243,52.17787290332517,53639.75,53439.01171875,53675.3203125,53338.98046875,0.0004861360628647393,-0.0003475451131587093,-0.0005451898129057442,0.0026296901736333478
2026-08-26 11:10:00-04:00,53492.48828125,53498.9296875,53440.6484375,53446.4296875,7048071.0,53474.77362377765,53496.263380034674,53512.51819744541,53482.60464034023,53425.732643250274,41.50285066116375,-11.24571959862078,3.5930304730376785,-14.83875007165846,53536.16484375,53636.76334577409,53435.566341725906,0.003758151235438586,0.053993576223892364,52.61382841023052,53639.75,53439.01171875,53675.3203125,53351.91015625,-0.0008685441552542805,-0.0001159759375142233,-0.001451157006517989,0.0007714453881835226
2026-08-26 11:20:00-04:00,53445.7109375,53472.37890625,53444.03125,53448.640625,7273633.0,53466.0626241851,53487.604697301096,53506.43461911727,53481.491066066774,53426.11128757672,41.83134348742238,-14.665317852450244,-0.05863919205990564,-14.606678660390338,53531.8212890625,53639.41592275445,53424.22665537055,0.0040198383354438545,0.11345347250007752,50.88053039878548,53639.75,53439.01171875,53675.3203125,53386.37109375,4.136735630289046e-05,-0.0008322471717872038,-0.0016226816735473992,0.0002605398760520128
2026-08-26 11:30:00-04:00,53447.671875,53452.7109375,53412.12109375,53422.9609375,6546314.0,53451.695395290066,53475.851286428166,53498.48474467753,53479.57204545803,53426.05921567463,39.085919214901786,-19.225886223939597,-3.8920885984358438,-15.333797625503752,53524.2673828125,53639.86152777853,53408.673237846466,0.004319317222570727,0.061801139053075854,50.14548135244367,53639.75,53439.01171875,53675.3203125,53386.37109375,-0.000480455390440504,-0.0007786257478390457,-0.002819987584354977,0.00010164617070351767
2026-08-26 11:40:00-04:00,53422.2890625,53497.03125,53422.2890625,53490.328125,5026067.0,53464.57297186005,53478.48343889577,53497.707923755865,53479.92470380366,53427.12151169654,48.613822390065785,-17.205862028116826,-6.554843284372041,-10.651018743744785,53520.111328125,53634.30204243707,53405.92061381293,0.004267207652539472,0.369590083114788,51.90238893441198,53639.75,53412.12109375,53675.3203125,53386.37109375,0.0012610156067316414,0.0004382092132646509,-0.0015515352280306427,0.000901310287779733
2026-08-26 11:50:00-04:00,53488.12890625,53489.48828125,53442.1015625,53467.78125,6691176.0,53465.642397906704,53476.53758636926,53494.85776435055,53479.52655777732,53427.79357348668,46.019385678212714,-17.22575490001327,-8.689025607500287,-8.536729292512984,53515.936328125,53631.36237087305,53400.51028537694,0.004313707305440282,0.29140288890390564,51.639829903382555,53639.75,53412.12109375,53675.3203125,53386.37109375,-0.00042151311817173465,-0.00046939648814314783,-0.0015592530757608802,0.0007188959080690616
2026-08-26 12:00:00-04:00,53469.4609375,53478.859375,53446.19921875,53462.08984375,6153232.0,53464.45821318781,53473.91072407485,53491.73701000764,53478.95486223544,53428.3604539869,45.36129361201046,-17.499050897647976,-10.451030665529826,-7.04802023211815,53512.36484375,53629.79654437379,53394.93314312621,0.004388955747580128,0.28593940250825184,50.28413892814095,53639.75,53412.12109375,53675.3203125,53386.37109375,-0.0001064455288202204,0.00029300659261188855,-0.0013342983634450079,0.0005681900012157737
2026-08-26 12:10:00-04:00,53458.078125,53462.921875,53427.48828125,53441.0703125,5971877.0,53456.662246291875,53467.93974015214,53486.911610245006,53477.71274585067,53428.5705342929,42.92014009007845,-19.190524033721886,-12.198929339168238,-6.991594694553648,53506.20390625,53625.01355588567,53387.39425661432,0.004440967250969409,0.22589097792255403,49.22338570113088,53639.75,53412.12109375,53675.3203125,53386.37109375,-0.00039316703315250834,-0.00014163713822235025,-0.0023003899082133517,-0.0002132443602055334
2026-08-26 12:20:00-04:00,53440.8515625,53446.94921875,53419.03125,53425.19921875,4713152.0,53446.17457044459,53460.16873626084,53481.03423962644,53475.990990863764,53428.51481006905,41.12069491033544,-21.56312700034323,-14.071768871403236,-7.491358128939993,53499.211328125,53619.79287394008,53378.629782309916,0.004507787790572234,0.19310349741037722,47.70157020462153,53639.75,53412.12109375,53675.3203125,53386.37109375,-0.0002969830816859087,4.1897364180476515e-05,-0.00261087332990928,-0.00021279609981517122
2026-08-26 12:30:00-04:00,53425.828125,53436.171875,53399.28125,53399.28125,5227056.0,53430.54346362973,53449.09828421341,53473.2482406144,53473.47591739282,53428.03161072907,38.29698025008288,-25.243800598123926,-16.306175216747373,-8.937625381376552,53489.8638671875,53610.99663328748,53368.73110108752,0.004529185806146287,0.12610192062841294,46.92935983286286,53639.75,53412.12109375,53675.3203125,53386.37109375,-0.00048512629113239836,-0.0017021184612522333,-0.0034887547997806134,-0.0006740774492400847
2026-08-26 12:40:00-04:00,53399.55078125,53414.87890625,53380.80859375,53381.03125,5087463.0,53414.03939241983,53436.72245981097,53464.46567007969,53470.444944691415,53427.25474526248,36.40147108505963,-29.295681045405217,-18.90407638247894,-10.391604662926277,53480.269921875,53603.94102748889,53356.59881626111,0.004624924511209441,0.09877987917068493,46.010856451944086,53639.75,53399.28125,53675.3203125,53386.37109375,-0.0003417648996913991,-0.0016224724118321099,-0.0035816405285874486,-0.0012632621514162556
2026-08-26 12:50:00-04:00,53380.96875,53417.1015625,53379.3984375,53417.1015625,5185089.0,53415.060115779896,53433.15502393625,53459.95480269115,53468.695981340876,53427.0869240598,42.462976134815186,-29.25897349218576,-20.975055804420307,-8.283917687765452,53470.346484375,53580.061811932566,53360.63115681743,0.004103782181012426,0.2573496654464314,45.41744706251951,53639.75,53380.80859375,53675.3203125,53380.80859375,0.0006757140440218912,-0.000841498740163038,-0.00370169987642055,-3.912159085495137e-05
2026-08-26 13:00:00-04:00,53417.55859375,53436.2890625,53408.08984375,53431.578125,4136344.0,53420.56611885327,53432.86831503875,53457.25226195866,53467.47900244445,53427.16115878608,44.73938034292947,-27.741952919241157,-22.328435227384478,-5.413517691856679,53465.0609375,53571.50360029323,53358.618274706765,0.003981765322129293,0.3427190206381842,44.187573611625254,53639.75,53379.3984375,53675.3203125,53379.3984375,0.0002710098840361663,-0.00017761971166541102,-0.0019745291431658707,-0.0013451940142115149
2026-08-26 13:10:00-04:00,53431.3515625,53462.1015625,53427.578125,53449.73828125,4921701.0,53430.29017298552,53435.93558162261,53456.53664474831,53466.89733945447,53427.534334364,47.543154147954276,-24.788582992638112,-22.820464780435206,-1.9681182122029064,53457.8798828125,53546.64152555719,53369.11824006781,0.003320806696384909,0.4541378386499788,43.497278175080595,53605.6796875,53379.3984375,53639.75,53379.3984375,0.0003398768460014523,0.00045931625635176054,-0.0026798300279156084,0.00039487540770655194
2026-08-26 13:20:00-04:00,53449.51171875,53482.62109375,53449.51171875,53478.828125,4557411.0,53446.46949032368,53443.73422587304,53458.65964286752,53467.28851275104,53428.38216561418,51.76494301559445,-19.871640865050722,-22.230699997358307,2.3590591323075856,53452.1857421875,53516.99947052824,53387.37201384677,0.002425110496073855,0.705530398378216,42.75528509114626,53605.4296875,53379.3984375,53639.75,53379.3984375,0.0005442467013949681,0.0014896619043913706,-0.0021249683120678764,0.0007352058642207115
2026-08-26 13:30:00-04:00,53478.69921875,53489.44140625,53460.25,53462.0703125,4581993.0,53451.66976438246,53447.06805980521,53458.984468546805,53467.11742421822,53428.93899448833,49.30326828355119,-17.1296838891285,-21.210496775712347,4.080812886583846,53449.71484375,53508.81290415196,53390.61678334804,0.002211351756495568,0.6045336231507766,41.786436602492955,53597.8203125,53379.3984375,53639.75,53379.3984375,-0.00031335414569722,0.0015181247083906335,-0.000923502042968094,0.00012758919844158
2026-08-26 13:40:00-04:00,53462.37109375,53474.109375,53446.98828125,53453.12890625,5776036.0,53452.15614500498,53448.17003188608,53458.42679594711,53466.65878428483,53429.33882774059,47.991866552024675,-15.499491499002033,-20.068295720370287,4.568804221368254,53449.73984375,53508.84323667946,53390.636450820544,0.0022115502564552998,0.5286706255937249,40.73891211302917,53522.1484375,53379.3984375,53639.75,53379.3984375,-0.00016724766171105632,0.0006744533622411453,9.354076875744965e-06,-0.0007052169697826516
2026-08-26 13:50:00-04:00,53453.01171875,53469.0,53451.26171875,53454.0,4780146.0,53452.77076333666,53449.23002608861,53458.005196333106,53466.243742177125,53429.746450422565,48.13659862849566,-13.976153897056065,-18.849867355707442,4.873713458651377,53447.7818359375,53503.49934625637,53392.06432561863,0.002084932560527982,0.5558008068461066,39.096009908527094,53505.26953125,53379.3984375,53639.75,53379.3984375,1.629640336919813e-05,0.00041963714692361265,-0.0007320591293469292,-0.0004995959408268247
2026-08-26 14:00:00-04:00,53454.0,53461.26171875,53439.140625,53453.87109375,4916117.0,53453.13754014111,53450.073856572504,53457.611472277575,53465.838081572954,53430.145204857734,48.11525982219956,-12.633666486450238,-17.606627181856002,4.972960695405764,53447.2458984375,53502.51076998294,53391.981026892056,0.0020680156897310664,0.5599403846171555,37.88351589720373,53503.5390625,53379.3984375,53639.75,53379.3984375,-2.4115360871546088e-06,7.732147308670001e-05,-0.00020048316149667844,-0.0003136212892530521
2026-08-26 14:10:00-04:00,53453.7109375,53465.9609375,53442.671875,53463.30078125,4925297.0,53456.525287177414,53452.47875196841,53458.15331122733,53465.75489139843,53430.69323091381,49.86605215415217,-10.685660919894872,-16.222433929463776,5.536773009568904,53447.066015625,53502.096770569246,53392.03526068076,0.00205926195941817,0.6475062957199773,36.841054940260605,53503.5390625,53379.3984375,53639.75,53379.3984375,0.00017640794402828952,-0.00029034562450969137,-6.728754341722709e-05,0.0009550558428661482
2026-08-26 14:20:00-04:00,53463.671875,53475.12109375,53436.2109375,53438.3203125,3985707.0,53450.456962284945,53449.904490246874,53456.26445420568,53464.85539700831,53430.81929837804,45.48709075121602,-11.030415764675126,-15.184030296506048,4.153614531830922,53444.3375,53495.26807332708,53393.40692667292,0.0019059296348123398,0.4409275499280317,36.98884789095628,53503.5390625,53379.3984375,53639.75,53379.3984375,-0.00046724516415863615,-0.000444240184885758,-0.001020141403136221,-0.00022355768932114106
2026-08-26 14:30:00-04:00,53438.44140625,53445.69140625,53427.62890625,53444.26953125,4946917.0,53448.3944852733,53448.87995224744,53455.12208059085,53464.18045059,53431.04161627675,46.68779707161767,-10.70023854032479,-14.287271945269797,3.587033404945007,53444.2294921875,53495.15102114057,53393.30796323443,0.0019055950263260166,0.5003931447397907,35.63696589874512,53498.9296875,53379.3984375,53639.75,53379.3984375,0.00011132870036356657,-0.00016574099928812203,-4.0417222677557874e-05,-0.0006000753253408986
2026-08-26 14:40:00-04:00,53444.1796875,53472.05078125,53438.171875,53468.140625,6512942.0,53454.976531848864,53452.3818927479,53456.36194196315,53464.310292373935,53431.65482303251,51.320949601873764,-8.415365845583437,-13.112890725332525,4.697524879749087,53445.2044921875,53497.162710467725,53393.24627390727,0.0019443547376760857,0.7207170835689566,35.51139020954904,53497.03125,53379.3984375,53639.75,53379.3984375,0.00044665394361964594,0.00026453820106997483,0.00036483621981742154,-0.0004733347227166007
2026-08-26 14:50:00-04:00,53467.78125,53479.421875,53449.6015625,53469.28125,6848201.0,53459.74477123258,53455.45450315737,53457.59235225237,53464.47327459118,53432.276747445205,51.537674829590166,-6.438331787358038,-11.777978937737629,5.339647150379591,53447.5205078125,53499.4356659234,53395.6053497016,0.0019426591773631507,0.7095798508502439,35.104884658866965,53497.03125,53379.3984375,53639.75,53379.3984375,2.1332797188522434e-05,0.00028828887290455185,0.0008670487686781581,6.378192630629442e-05
2026-08-26 15:00:00-04:00,53469.19140625,53517.37109375,53469.19140625,53490.328125,7307651.0,53469.93922248839,53461.795161674214,53460.71004489501,53465.32097460458,53433.23627434694,55.476661497766685,-3.137049185759679,-10.04979298734204,6.91274380158236,53447.5205078125,53499.4356659234,53395.6053497016,0.0019426591773631507,0.9122843765211345,36.03879914751933,53497.03125,53379.3984375,53639.75,53379.3984375,0.00039362554550881335,0.0005055307726058444,0.0,0.0008123569467919367
2026-08-26 15:10:00-04:00,53490.03125,53514.66015625,53486.91015625,53509.58984375,6357666.0,53483.156096242266,53470.48510386981,53465.36526383358,53466.772412937215,53434.49831681642,58.77878386501864,1.0217229999470874,-7.835489789884214,8.857212789831301,53449.6109375,53507.62925369854,53391.59262130146,0.002170953733092009,1.016896302580971,35.44674206555366,53517.37109375,53379.3984375,53639.75,53379.3984375,0.00036009722552066137,0.001333678357276602,0.0007819399416353345,0.0009031064010589507
2026-08-26 15:20:00-04:00,53509.23046875,53519.87890625,53494.7109375,53510.359375,7048349.0,53492.22385582818,53477.73497134802,53469.650417278,53468.201493660585,53435.75221860458,58.90990072461108,4.3297638377625844,-5.402439064354855,9.73220290211744,53452.0244140625,53515.662102970426,53388.386725154574,0.0023811142648203763,0.9583365764735903,34.71254397158554,53517.37109375,53379.3984375,53639.75,53379.3984375,1.4381183863543257e-05,0.0012366123502045578,0.0009028740064422891,-0.00029651058202695424
2026-08-26 15:30:00-04:00,53509.3203125,53512.609375,53495.80078125,53501.73828125,8905381.0,53495.39533096879,53482.09920951202,53472.706404322955,53469.301060466794,53436.842897325994,56.732731326408285,6.184469108542544,-3.0850574297753752,9.269526538317919,53455.0578125,53522.01484853923,53388.10077646078,0.0025051712140723623,0.8485852384703151,33.43369038432943,53519.87890625,53379.3984375,53639.75,53379.3984375,-0.00016111074286728755,0.0006283677692411338,0.0011352311694963202,0.00011383811446119552
2026-08-26 15:40:00-04:00,53503.3203125,53529.8203125,53503.3203125,53528.28125,12038481.0,53506.357303979195,53490.49594414619,53477.999246768384,53471.2348371728,53438.35427505615,61.45590189701882,9.684495313762454,-0.5311468810678093,10.215642194830263,53460.2119140625,53532.813655496226,53387.610172628774,0.0027161037651864633,0.9687858348386651,33.051429017591616,53519.87890625,53379.3984375,53639.75,53379.3984375,0.0004961141376467193,0.00110343731242879,0.0019294646114080827,0.0010141455146506217
2026-08-26 15:50:00-04:00,53528.859375,53528.859375,53439.12890625,53463.87890625,32801007.0,53492.19783806947,53485.65648271052,53476.6544524333,53470.99365910976,53438.77616978663,47.816659631073065,7.178807564989256,1.0108440081436039,6.167963556845653,53463.441796875,53530.44526312117,53396.43833062883,0.002506515255816764,0.5032618415097775,37.09993185562079,53529.8203125,53379.3984375,53639.75,53379.3984375,-0.001203146117268572,-0.0004944673117015519,0.001209710219648219,-0.0005060727636239104
2026-08-27 09:30:00-04:00,53613.66015625,53613.66015625,53345.62109375,53548.609375,16809483.0,53511.00168371298,53497.10246312678,53483.50730220156,53473.538436679926,53440.59159466619,60.30019596899631,11.892977832299948,3.187270772974873,8.705707059325075,53471.820703125,53537.40304705006,53406.23835919994,0.002452968425712389,1.085437080159463,53.59558404450502,53529.8203125,53379.3984375,53639.75,53379.3984375,0.0015848170855425892,0.0007292063229027423,0.0031392822707971835,0.0006237272260183335
2026-08-27 09:40:00-04:00,53546.55859375,53549.671875,53453.859375,53468.87890625,30815021.0,53496.96075789199,53491.970907331,53482.11412163474,53473.38566519042,53441.05915353535,48.534323728137444,9.090618251619162,4.36794026870373,4.722677982915432,53474.4095703125,53535.04890461846,53413.77023600654,0.0022679758334209293,0.45439705823127013,56.61107804132609,53613.66015625,53345.62109375,53639.75,53345.62109375,-0.0014889363081616036,-0.0007751857628035541,0.0009693027557742262,-0.0007703714821368779
2026-08-27 09:50:00-04:00,53468.16015625,53523.8203125,53458.4296875,53470.171875,20904639.0,53488.03113026133,53488.007446907184,53480.97676481238,53473.280295020246,53441.54035554304,48.70910467160048,6.894583400644478,4.87326889509188,2.0213145055525983,53476.3392578125,53533.77547600695,53418.903039618046,0.002148098354958413,0.4463110298138134,57.23818853837423,53613.66015625,53345.62109375,53639.75,53345.62109375,2.4181706750781018e-05,-0.000590007114984914,0.0007223022668301216,-0.0010489874359416174
2026-08-27 10:00:00-04:00,53472.83984375,53480.12109375,53397.76953125,53423.109375,21618450.0,53466.390545174225,53476.20779746951,53475.46558483025,53471.635346822855,53441.23571123654,42.9866583259514,1.341199019960186,4.166854920065541,-2.825655900105355,53475.0078125,53535.974933705045,53414.040691294955,0.0022802099036175905,0.07437356009106423,59.03200096420465,53613.66015625,53345.62109375,53639.75,53345.62109375,-0.0008801636192609097,-0.0019647908085971277,-0.0004982046143964247,-0.0010357550230466472
2026-08-27 10:10:00-04:00,53419.171875,53478.58984375,53409.421875,53452.94140625,18878048.0,53461.90749886615,53471.97754452051,53473.32042496547,53471.0224307385,53441.42919379875,47.219550288094794,-0.6452643013180932,3.2044310757888144,-3.8496953771069076,53473.7134765625,53535.39617223473,53412.03078089027,0.0023070286936127736,0.331621574850744,59.75599866319003,53613.66015625,53345.62109375,53639.75,53345.62109375,0.0005584106129166155,-0.00020457737492596273,-0.00048405546003160715,-0.0008469173057062962
2026-08-27 10:20:00-04:00,53453.58984375,53489.96875,53450.96875,53470.44921875,18687480.0,53464.75473882744,53471.699667107685,53473.04697675447,53471.00363690281,53441.908863632656,49.58521062950177,-0.7976221535936929,2.404020429912313,-3.201642583506006,53474.132421875,53535.60657340741,53412.658270342596,0.002299210805232557,0.47004266807114964,58.27342733010503,53613.66015625,53345.62109375,53639.75,53345.62109375,0.0003275369332238487,-0.0014596113169371705,0.00015672618364792612,-0.0001511266495375363
2026-08-27 10:30:00-04:00,53470.21875,53573.0,53459.94921875,53565.1484375,15024976.0,53498.21930505163,53488.69035263356,53481.818544444526,53474.09035167649,53443.94588138253,60.02262203055829,6.646452502369357,3.252506844403722,3.393945657965635,53479.7333984375,53551.997781359816,53407.469015515184,0.002702496004754858,1.0909898874686355,62.186095467240385,53613.66015625,53345.62109375,53639.75,53345.62109375,0.0017710571003917153,0.0018004778334477223,0.0020956590108405226,0.0013975933177250432
2026-08-27 10:40:00-04:00,53563.37890625,53638.9296875,53563.37890625,53638.9296875,11304028.0,53545.12276586775,53516.00659533654,53496.78151044981,53479.49492006414,53447.16875421093,65.93923938279039,18.288645437918603,6.259734563106699,12.028910874811904,53488.9798828125,53588.05763650716,53389.902129117836,0.0037046043469787307,1.2567279187092606,63.14071588029464,53613.66015625,53345.62109375,53639.75,53345.62109375,0.0013774114727991282,0.003156111278163065,0.003459604285928064,0.0026011356211304015
2026-08-27 10:50:00-04:00,53638.1796875,53644.76953125,53591.46875,53596.62890625,13410149.0,53562.29147932851,53530.665197320806,53506.2907862403,53483.33537862761,53449.63916994711,60.41827947502596,23.827182761357108,9.773224202756781,14.053958558600327,53496.1177734375,53604.20912546163,53388.02642141337,0.004041091448239667,0.9649360514523889,62.43786340670217,53638.9296875,53345.62109375,53639.75,53345.62109375,-0.0007886209045639969,0.0032480238099208414,0.002670673041614169,0.0015502025621372262
2026-08-27 11:00:00-04:00,53597.3203125,53639.23828125,53589.48046875,53611.73046875,14695199.0,53578.771142469006,53545.40433758066,53516.33266076504,53487.54505371359,53452.31836496865,61.6527013668868,29.09964083228988,13.638507528663402,15.461133303626477,53503.5392578125,53621.52779424435,53385.550721380656,0.004410494635254191,0.9584818754828394,61.532145484794874,53644.76953125,53345.62109375,53644.76953125,53345.62109375,0.00028176329012064016,0.002970632828101616,0.002776291125520247,0.0016708864565726511
2026-08-27 11:10:00-04:00,53611.1484375,53686.91015625,53609.37890625,53675.12109375,9431150.0,53610.88779289601,53568.98920233872,53531.455368668365,53493.69508781315,53456.00105470057,66.39090382062264,37.95566620601312,18.501939264133345,19.453726941879776,53515.379296875,53651.01819892204,53379.74039482796,0.005069155963357188,1.0888494910538462,62.674938664452384,53644.76953125,53345.62109375,53644.76953125,53345.62109375,0.0011824021430710818,0.0038277567888513886,0.004431291624909184,0.002859582605014621
2026-08-27 11:20:00-04:00,53674.140625,53707.62109375,53646.41015625,53646.41015625,7712815.0,53622.728580680676,53583.0657394135,53542.403443676136,53498.702139237306,53459.148312577425,62.6171041675978,42.17127322297165,23.23580605590101,18.93546716707064,53525.486328125,53668.3562021154,53382.6164541346,0.005338386768298387,0.9231956841129639,62.570367152705785,53686.91015625,53345.62109375,53686.91015625,53345.62109375,-0.0005349021467478954,0.001517063260728424,0.0037822693952587194,0.002285112504077924
2026-08-27 11:30:00-04:00,53653.828125,53654.078125,53619.0390625,53625.01171875,7992496.0,53623.48962670379,53590.69228111104,53550.27089844507,53502.84343692625,53461.88985648111,59.884937238892824,43.286517059925245,27.24594825670586,16.040568803219386,53533.3298828125,53679.9213908746,53386.73837475039,0.005476644489816061,0.8127119611139438,60.60384539179823,53707.62109375,53345.62109375,53707.62109375,53345.62109375,-0.0003988792062260549,-0.00025947513925217436,0.0029339171311419943,0.001671787513122025
2026-08-27 11:40:00-04:00,53624.578125,53650.73046875,53592.359375,53614.08984375,8166075.0,53620.3563657192,53594.94638340903,53556.34889323602,53506.4908601008,53464.40555875002,58.482321595594875,42.795729273384495,30.355904460041586,12.43982481334291,53540.5703125,53688.094424877534,53393.046200122466,0.005510741163812068,0.7491780159363157,60.44436313166979,53707.62109375,53345.62109375,53707.62109375,53345.62109375,-0.00020367128416276525,0.0003257842490531626,0.0027082577204082803,0.0007475781544727944
2026-08-27 11:50:00-04:00,53613.8515625,53649.80078125,53610.21875,53619.05078125,10126920.0,53619.92117089614,53599.32900119829,53562.320501618306,53510.1813493188,53466.96167813019,58.952603141389766,42.31925261129072,32.74857409029141,9.570678520999309,53547.0064453125,53696.42080146527,53397.592089159734,0.005580680081728335,0.7410890686562862,58.954196568693376,53707.62109375,53345.62109375,53707.62109375,53345.62109375,9.253048059676416e-05,0.00013654311166599875,0.0024064660053906284,0.0008511970605775687
2026-08-27 12:00:00-04:00,53619.1015625,53620.48828125,53585.2890625,53587.19921875,9841648.0,53609.0138535141,53597.12358620769,53564.68990324989,53512.70652536572,53468.94907549581,54.67075173715813,38.92280861549807,33.98342099533275,4.93938762016532,53550.8869140625,53700.243899391244,53401.52992873376,0.005578133022088924,0.6215621238188901,57.25741243878671,53707.62109375,53345.62109375,53707.62109375,53345.62109375,-0.0005940344343271509,-0.0016380377576873384,0.0014503825431408934,0.0006707209969882832
2026-08-27 12:10:00-04:00,53587.30078125,53639.140625,53586.08984375,53618.6796875,9136833.0,53612.23579817607,53601.04287735174,53569.83178746419,53516.18105527176,53471.42396164464,57.92358961956267,38.32947468871134,34.85263173400847,3.4768429547028745,53556.3029296875,53707.23619940318,53405.369659971824,0.005636433489960449,0.7066368731360541,56.95693878244481,53707.62109375,53345.62109375,53707.62109375,53345.62109375,0.0005874624762807201,-0.0005169119176704484,0.0020242867692383815,0.0015907819436435933
2026-08-27 12:20:00-04:00,53619.16015625,53640.37109375,53608.94140625,53639.2109375,10643844.0,53621.22751128405,53607.98252465142,53576.43932556284,53520.21482190219,53474.19730008854,59.942542428279516,39.06562930801738,35.69523124881025,3.370398059207126,53563.1765625,53716.05282610874,53410.300298891256,0.005708259794127713,0.7486794653570253,55.13356369084161,53707.62109375,53345.62109375,53707.62109375,53345.62109375,0.0003829122634062543,0.0002647872381729144,0.0025694988736129076,0.0013987280763230192
2026-08-27 12:30:00-04:00,53638.98046875,53653.78125,53633.12109375,53652.26171875,11279134.0,53631.57224710604,53616.0332872148,53583.66050586638,53524.544228356215,53477.140513620136,61.216458316161166,40.23828423131636,36.60384184531147,3.634442386004885,53569.3755859375,53726.0955171989,53412.655654676106,0.005851101661992724,0.7644403048973121,52.67117744506721,53707.62109375,53345.62109375,53707.62109375,53345.62109375,0.00024330673441874673,0.0007119746900721147,0.002316167563291671,0.0016281313324271185
2026-08-27 12:40:00-04:00,53651.76171875,53672.96875,53648.76171875,53662.91015625,9727095.0,53642.0182168207,53624.5563543121,53591.2080916172,53529.08081615601,53480.211086225594,62.270770837158565,41.54792302614078,37.59265808147734,3.9552649446634405,53579.3271484375,53733.238927562765,53425.415369312235,0.005745192682202362,0.7715289508299231,50.63802414541955,53707.62109375,53345.62109375,53707.62109375,53345.62109375,0.0001984713627884993,0.0008179811906581236,0.0037227237168668825,0.0014309587897718412
2026-08-27 12:50:00-04:00,53662.3515625,53682.58984375,53653.109375,53675.98046875,8984149.0,53653.3389674638,53633.906193300805,53599.281651344136,53533.89719820827,53483.44694378798,63.57950811710932,43.14315871409781,38.702758208001434,4.440400506096374,53585.695703125,53744.460492492064,53426.93091375793,0.005925640687643689,0.7843349775001506,49.12677018860387,53707.62109375,53345.62109375,53707.62109375,53345.62109375,0.00024356324437024846,0.0016567622733478782,0.0023786069374467367,0.0019239259580894341
2026-08-27 13:00:00-04:00,53676.078125,53680.87890625,53647.0,53674.51953125,7513044.0,53660.39915539254,53641.29043656429,53606.447163716126,53538.50776650472,53486.60516837413,63.31513794868352,43.784785293391906,39.71916362507953,4.0656216683123745,53595.977734375,53749.70502329403,53442.250445455975,0.005736523351842188,0.7554582124855106,48.03763705013217,53707.62109375,53397.76953125,53707.62109375,53345.62109375,-2.7217714278160443e-05,0.001041425191284917,0.0038459872211003,0.0010994794684904274
2026-08-27 13:10:00-04:00,53673.71875,53680.41015625,53657.828125,53667.03125,7431593.0,53662.60985359503,53645.970584461684,53612.217076695546,53542.72165120948,53489.5874176572,61.894502796467755,43.19115649889136,40.4135621998419,2.7775942990494613,53605.820703125,53751.040676920136,53460.60072932986,0.005418067362474764,0.7107511290469979,46.21937949297987,53707.62109375,53397.76953125,53707.62109375,53345.62109375,-0.00013951277655388505,0.0005186562593624267,0.0036816671444446225,0.002423398527866105
2026-08-27 13:20:00-04:00,53666.8515625,53669.80078125,53648.2109375,53653.26953125,13231920.0,53659.49641281336,53647.29766569592,53616.12683427216,53546.34617186654,53492.29290713808,59.26282589009502,41.13605487643508,40.55806073516054,0.5779941412745444,53617.3287109375,53737.047949938,53497.609471937,0.004465692039449868,0.6501046139808339,44.46012693990988,53707.62109375,53397.76953125,53707.62109375,53345.62109375,-0.00025642779988876985,1.878415685974133e-05,0.004308250847669726,0.0011178652905632358
2026-08-27 13:30:00-04:00,53654.4609375,53678.921875,53653.62890625,53663.28125,9020474.0,53660.75802520891,53650.203771933026,53620.61773100815,53550.18010885452,53495.1191607391,60.57611562495225,39.85580119927181,40.4176088279828,-0.5618076287109872,53627.845703125,53722.22768058334,53533.46372566666,0.0035198869624866965,0.6877241176189679,43.11671385491632,53707.62109375,53409.421875,53707.62109375,53345.62109375,0.0001866003477042355,6.915274421759321e-06,0.0039350471314831825,0.0013167893779864048
2026-08-27 13:40:00-04:00,53663.109375,53679.21875,53636.69140625,53644.23046875,7571947.0,53655.24883972261,53649.11771680883,53622.866563174044,53553.26372721174,53497.58381045829,56.82226469614582,36.87883584025258,39.709854230436754,-2.831018390184177,53636.534765625,53697.402818745075,53575.66671250493,0.002269648976618193,0.5632162746343912,43.07461599027944,53707.62109375,53450.96875,53707.62109375,53345.62109375,-0.00035500589614057,-0.0005915122504093207,0.0032500428281245775,0.002480629707070081
2026-08-27 13:50:00-04:00,53644.4609375,53646.4609375,53612.55078125,53618.76953125,8094503.0,53643.08907023174,53643.59986488904,53622.47636965747,53555.41145849168,53499.58688022344,52.16922979751988,32.095112002389214,38.186905784827246,-6.091793782438032,53639.2158203125,53691.370271853324,53587.061368771676,0.0019446388521240777,0.30398327986925916,42.42001172311663,53707.62109375,53459.94921875,53707.62109375,53345.62109375,-0.00047462583166013594,-0.0010386678909634073,0.001001044434938203,0.003108184356870325
2026-08-27 14:00:00-04:00,53616.9296875,53624.1015625,53568.8203125,53571.73046875,7618405.0,53619.30286973783,53630.53270195466,53617.6434267139,53555.94650800835,53500.779336232146,44.860370850695105,24.229020112295984,35.395328650321,-11.166308538025014,53635.855859375,53695.73713880541,53575.97457994459,0.002232882405658256,-0.035437713046198194,43.338671600036875,53707.62109375,53563.37890625,53707.62109375,53345.62109375,-0.0008772872430909961,-0.0017757788912536876,-0.001252806853930588,0.0014687917533848793
2026-08-27 14:10:00-04:00,53571.51953125,53576.6015625,53540.671875,53558.1484375,6990417.0,53598.9180589919,53617.37192659926,53611.97723726495,53556.0187024179,53501.727585839886,42.98766419357619,16.70654653616657,31.657572227490114,-14.951025691323544,53633.9318359375,53700.79661047588,53567.067061399124,0.0024933758256960696,-0.06669149758371763,42.80945845003424,53707.62109375,53568.8203125,53707.62109375,53345.62109375,-0.0002535298212538173,-0.001772885316795092,-0.0007179643484165332,0.001749916982874522
2026-08-27 14:20:00-04:00,53558.6484375,53570.0703125,53518.62109375,53521.671875,9535460.0,53573.1693309946,53599.971917217576,53603.37672657306,53554.89257692879,53502.057243511954,38.35659943242073,7.712671409150062,26.868592063822103,-19.15592065467204,53629.42890625,53711.961761501254,53546.89605099875,0.0030778942433091097,-0.15281293687200737,43.42658418574608,53707.62109375,53540.671875,53707.62109375,53345.62109375,-0.0006810646664263675,-0.00263885047096335,-0.0016798300103835206,0.0010244364102030001
2026-08-27 14:30:00-04:00,53521.859375,53551.46875,53521.83984375,53549.5,9499043.0,53565.2795539964,53590.7952049962,53598.245609756574,53554.71577112785,53502.841421305144,43.369002027494446,2.7982017636677483,22.054514003791233,-19.256312240123485,53623.1478515625,53709.831393340224,53536.46430978477,0.003233064273573779,0.0751912643847275,42.453033529621365,53707.62109375,53518.62109375,53707.62109375,53345.62109375,0.0005199412504339751,-0.0017659022773228727,-0.00234039702547828,0.0010582597862742738
2026-08-27 14:40:00-04:00,53549.9609375,53562.69140625,53534.2890625,53535.359375,7184275.0,53555.3061609976,53580.71596317871,53592.256444541665,53554.081135189226,53503.37890814308,41.52143152930548,-2.2120815969174146,17.201194883649503,-19.413276480566918,53617.5953125,53711.530662685786,53523.65996231422,0.003503900152116097,0.06227374818235974,41.449412831076984,53707.62109375,53518.62109375,53707.62109375,53345.62109375,-0.0002640664245231461,-0.001555614889696133,-0.0020700505574661188,0.0016639032395608933
2026-08-27 14:50:00-04:00,53534.19140625,53535.94921875,53507.48828125,53527.01171875,7336871.0,53545.87468024841,53570.95155510075,53586.04266113294,53553.19361333876,53503.76953311179,40.42654564013686,-6.77821827148,12.405312252623602,-19.183530524103602,53612.6953125,53714.469016812676,53510.921608187324,0.003796627038407724,0.0790484667495403,40.52166459314291,53682.58984375,53518.62109375,53707.62109375,53345.62109375,-0.00015592790162344272,-0.0008347452958624713,-0.0018275054281383651,0.0014662878762410347
2026-08-27 15:00:00-04:00,53526.1015625,53557.828125,53523.1796875,53553.37109375,8418745.0,53548.37348474894,53567.75510758243,53582.931083286945,53553.19943236863,53504.589393618204,45.32895062813196,-8.175688962131971,8.289112009672488,-16.464800971804458,53609.659375,53714.65700766897,53504.66174233104,0.003917116202306212,0.23195452212018966,40.102148372204134,53682.58984375,53507.48828125,53707.62109375,53345.62109375,0.0004924499641134616,-8.919919544225774e-05,-0.0011325147955874026,0.0024410881381615734
2026-08-27 15:10:00-04:00,53552.80078125,53559.44140625,53532.51953125,53541.9296875,8371242.0,53546.22555233263,53563.05957665835,53579.026188450094,53552.829932536864,53505.2065885584,43.64988196283733,-10.09010793386551,4.613268020964888,-14.703375954830399,53605.8033203125,53714.72920633861,53496.87743428639,0.0040639587238434725,0.20680232613765345,39.16070027418955,53682.58984375,53507.48828125,53707.62109375,53345.62109375,-0.00021364493058650957,0.0003784973785443402,-0.0014383151627326285,0.0009646895861139537
2026-08-27 15:20:00-04:00,53542.640625,53548.8203125,53510.76171875,53518.12890625,9503537.0,53536.86000363843,53554.89036385683,53573.22644728818,53551.69219397008,53505.42018058637,40.30523175936039,-13.373659673168731,1.0158824821381645,-14.389542155306895,53602.3498046875,53717.61159203758,53487.088017337424,0.004300624422998669,0.13465385895108828,39.08197837960458,53682.58984375,53507.48828125,53707.62109375,53345.62109375,-0.0004445260264042128,-0.0005858335512003432,-0.0012889330569050284,0.0009416447638734837
2026-08-27 15:30:00-04:00,53518.03125,53545.33984375,53514.33984375,53535.109375,11460315.0,53536.27646075896,53551.29382042831,53569.596249927396,53551.14849498745,53505.91091107255,43.62420286681327,-14.439269258968125,-2.0751478660830935,-12.364121392885032,53598.1712890625,53716.772982617855,53479.56959550714,0.004425587317735917,0.23414412487682978,38.504694209632824,53682.58984375,53507.48828125,53707.62109375,53345.62109375,0.00031728442486733677,-4.669810811375186e-06,-0.0015586044450751624,0.0013658188720906406
2026-08-27 15:40:00-04:00,53535.609375,53563.328125,53525.78125,53553.3515625,12202475.0,53541.96816133931,53551.66795535044,53568.04913683907,53551.22072670917,53506.69505407135,47.03140263739586,-13.654381250584265,-4.390994542983329,-9.263386707600937,53593.8783203125,53712.44287834101,53475.313762283986,0.004424556003202172,0.32909413029333534,38.43627855180191,53682.58984375,53507.48828125,53707.62109375,53345.62109375,0.0003407518488889316,0.0004920850782479391,-0.0016006830357747637,0.0021010292148608833
2026-08-27 15:50:00-04:00,53554.078125,53586.48046875,53529.01953125,53562.0703125,34945182.0,53548.66887839288,53553.559293014,53567.479724997254,53551.57645083346,53507.6103475991,48.62941953860079,-12.188322198431706,-5.950460074073004,-6.237862124358702,53589.36875,53705.544630252574,53473.19286974743,0.004335780882008349,0.38251245679975426,39.79518276238749,53682.58984375,53507.48828125,53707.62109375,53345.62109375,0.0001628049364907902,0.00016244017084887652,-0.001681036425319582,0.0025619201379030176
2026-08-28 09:30:00-04:00,53611.94140625,53738.5,53611.94140625,53634.55078125,8576062.0,53577.296179345256,53568.28501814781,53573.867444640375,53554.296920683184,53509.708536585065,59.55370603596571,-5.118884440205875,-5.784144947299579,0.6652605070937039,53587.95078125,53701.15594064605,53474.74562185395,0.004225022892111006,0.7058210078436792,49.55479024364553,53682.58984375,53507.48828125,53707.62109375,53345.62109375,0.0013532051380225063,0.001729879634346121,-0.0005284725505461108,0.00440585576701924
2026-08-28 09:40:00-04:00,53636.33984375,53703.6796875,53626.859375,53676.87109375,17227492.0,53610.48781748017,53588.02794098457,53583.677315984154,53558.315746029635,53512.471554058866,64.32421486361648,3.8541630562976934,-3.8564833465801245,7.710646402877818,53587.9953125,53701.33956423121,53474.651060768796,0.004230210556309729,0.8920612642128681,51.50232754767085,53738.5,53507.48828125,53738.5,53345.62109375,0.0007890494445008667,0.002966138591617762,1.6592617260391407e-05,0.005542040624215261
2026-08-28 09:50:00-04:00,53673.76171875,53697.1796875,53652.48046875,53656.62890625,14144571.0,53625.86818040345,53600.5008437601,53590.62508648566,53561.53912833194,53514.85432021079,60.640052199114706,9.22564499166765,-1.2400576789305695,10.465702670598219,53587.10078125,53697.95448938837,53476.247073111634,0.004137328070458206,0.8136030637478137,51.01639120498008,53738.5,53507.48828125,53738.5,53345.62109375,-0.0003771119122172317,0.002269903483315794,-0.00033331691007654207,0.004484094732652988
2026-08-28 10:00:00-04:00,53670.08984375,53742.16015625,53599.44921875,53648.75,13371693.0,53633.4954536023,53609.273417621895,53596.16079253465,53564.39850117351,53517.06747194285,59.218333557437546,12.700418716049171,1.5480376000653786,11.152381115983793,53586.18671875,53694.665066057605,53477.7083714424,0.00404874292985081,0.7883675996306989,57.56600165462436,53738.5,53507.48828125,53738.5,53345.62109375,-0.00014683938239512528,0.0017813719350256996,-0.0003406420957932088,0.0040644855087741405
2026-08-28 10:10:00-04:00,53646.4296875,53650.9609375,53555.55078125,53627.359375,12374680.0,53631.450094068205,53612.56177350882,53599.13208610278,53566.46279211864,53518.89047860495,55.419429160995335,13.571711021868396,3.952772284425982,9.618938737442413,53584.8912109375,53690.72057950112,53479.061842373885,0.003949970455179907,0.7006445121940326,60.269155554294045,53742.16015625,53507.48828125,53742.16015625,53345.62109375,-0.000398716186304382,0.001218942100614795,-0.0004829184964191269,0.003323142441135296
2026-08-28 10:20:00-04:00,53622.9296875,53640.91015625,53498.73046875,53532.4609375,12354285.0,53598.45370854548,53597.99798514358,53592.78245290251,53565.34797721311,53519.114783710655,42.4184228194559,6.529438343837683,4.468105496308322,2.0613328475293606,53578.3501953125,53680.0827013204,53476.6176893046,0.0037975229038240306,0.2744611844667571,66.11990783613018,53742.16015625,53507.48828125,53742.16015625,53345.62109375,-0.0017695899743338517,-0.001903434302384266,-0.0024377993565199985,0.0010028793520799884
2026-08-28 10:30:00-04:00,53533.0,53639.4296875,53520.05078125,53626.171875,9794550.0,53607.693097363655,53603.120510572015,53595.962397864176,53567.342203370055,53520.884322409656,53.915463119968095,8.41309506795369,5.257103410637396,3.155991657316295,53577.447265625,53677.12465611328,53477.76987513672,0.0037208712088913506,0.7444115417564494,69.92412200854946,53742.16015625,53498.73046875,53742.16015625,53345.62109375,0.0017505441718699277,-0.00094452634285358,-0.0003366362718264515,0.003069495093264818
2026-08-28 10:40:00-04:00,53626.03125,53685.8984375,53625.80078125,53680.75,12334615.0,53632.04539824244,53617.23496319528,53604.0374075914,53571.06049178415,53523.52673030371,59.04441519966792,14.146829309720488,7.035048590454014,7.1117807192664735,53580.5462890625,53688.666367901176,53472.42621022382,0.0040357960613308826,0.9633908521608275,69.2222315972245,53742.16015625,53498.73046875,53742.16015625,53345.62109375,0.001017751651697596,0.00044954545676256785,0.001155947241830546,0.004258330586207837
2026-08-28 10:50:00-04:00,53687.21875,53762.44140625,53683.9609375,53758.4296875,12018419.0,53674.17349466163,53642.90673125068,53618.741434249365,53577.2037441027,53527.40942381109,65.01279210328156,24.674524036920047,10.562943679747221,14.111580357172826,53589.88125,53722.75089444764,53457.011605552354,0.004958758681617513,1.1342623937946024,70.11288692956562,53742.16015625,53498.73046875,53742.16015625,53345.62109375,0.0014470678502069845,0.0020444034110767006,0.003485032443723446,0.005695171315523551
2026-08-28 11:00:00-04:00,53763.0390625,53803.83984375,53725.421875,53731.328125,12386675.0,53693.22503810776,53658.98334829601,53629.46397622561,53582.25700249278,53530.77998085554,61.63788088543458,30.479578748701897,14.546270693538156,15.93330805516374,53598.540234375,53743.98603110231,53453.0944376477,0.005427229774964065,0.9564858305048175,70.70610705959665,53762.44140625,53498.73046875,53762.44140625,53345.62109375,-0.0005041360519185689,0.0019387258893912573,0.003233489068467099,0.005190588175800759
2026-08-28 11:10:00-04:00,53732.21875,53782.7890625,53726.0390625,53775.44140625,11563565.0,53720.63049415518,53680.15754065128,53643.366588608886,53588.59091737006,53534.82397135794,64.83753182688676,38.19936110125127,19.276888775080778,18.922472326170492,53611.2287109375,53771.18978752579,53451.26763434921,0.005967446761974899,1.0132895414774874,69.70924226962546,53803.83984375,53498.73046875,53803.83984375,53345.62109375,0.0008209974104376183,0.004538937020543088,0.004741435055367393,0.005838409159904856
2026-08-28 11:20:00-04:00,53775.1796875,53819.6484375,53775.1796875,53798.1796875,10626077.0,53746.48022527013,53701.61611280558,53658.11069326518,53595.46268032514,53539.17695840161,66.39348473757416,45.626183259504614,24.546747671965548,21.079435587539066,53623.6626953125,53800.28992121573,53447.035469409275,0.006587659888389775,0.9940263068025417,67.90634996465222,53803.83984375,53498.73046875,53803.83984375,53345.62109375,0.00042283764959205605,0.003207534800375944,0.004643921745301149,0.006734107151863844
2026-08-28 11:30:00-04:00,53797.96875,53802.66015625,53703.0390625,53709.76953125,8087622.0,53734.24332726342,53703.098552522744,53663.03058259707,53599.21044592923,53541.996670349516,56.01466341253656,43.872300027251185,28.411858143022677,15.460441884228509,53632.383203125,53807.929123236034,53456.83728301396,0.006546265879932283,0.7204161967308996,70.17168880646278,53819.6484375,53498.73046875,53819.6484375,53345.62109375,-0.0016433670574645953,0.0005405947429943936,0.0032578497330766343,0.004967791726384396
2026-08-28 11:40:00-04:00,53709.75,53710.390625,53645.46875,53654.37890625,11208122.0,53707.62185359229,53694.240435018604,53662.20661342116,53601.01924790697,53543.85422796771,50.670312734327396,37.57958040052472,30.245402594523085,7.334177806001634,53638.7515625,53807.660645471966,53469.84247952804,0.006298024396602561,0.5462596311430818,69.79670210600116,53819.6484375,53498.73046875,53819.6484375,53345.62109375,-0.0010312951532546188,-0.0019355249372954297,0.0023794937062662225,0.003483163601221584
2026-08-28 11:50:00-04:00,53654.6484375,53687.71875,53617.53125,53633.87109375,12243762.0,53683.0382669782,53683.26419115158,53659.50799250009,53602.09635760674,53545.34211004676,48.81336483702472,30.58517877957638,30.313357831533743,0.2718209480426381,53642.7765625,53807.13067628083,53478.422448719175,0.006127725830497847,0.47290767920212,69.8246162412868,53819.6484375,53498.73046875,53819.6484375,53345.62109375,-0.0003822206671301176,-0.0018137841488540252,0.0015031733456905005,0.00307821313289125
2026-08-28 12:00:00-04:00,53633.12890625,53693.6796875,53631.37109375,53686.55859375,11097170.0,53684.21170923547,53683.8631734422,53662.08424023818,53604.865611250774,53547.676266802184,53.52565819069904,28.95967689673853,30.0426216445747,-1.082944747836173,53650.0080078125,53808.60326096995,53491.41275465506,0.0059122173153953435,0.6152322822083831,69.28775749190918,53819.6484375,53498.73046875,53819.6484375,53345.62109375,0.0009823549731828862,-0.0016528513792853916,0.0027012270027273466,0.003668522434400412
2026-08-28 12:10:00-04:00,53686.87109375,53688.01171875,53543.421875,53567.1015625,9763242.0,53645.17499365698,53662.63378963452,53653.03827092978,53603.62744571796,53547.99734606992,43.702136373343315,17.82677490139031,27.599452295937827,-9.772677394547518,53652.456640625,53804.195717208975,53500.71756404103,0.0056563701304621575,0.218743912093846,74.66647793891568,53819.6484375,53498.73046875,53819.6484375,53345.62109375,-0.002225082672069556,-0.004295277764829075,0.0009150666746176039,0.001074792741225128
2026-08-28 12:20:00-04:00,53566.91015625,53574.578125,53512.51953125,53533.01171875,8489907.0,53607.787235354655,53639.06614038278,53641.60717072218,53601.31217598131,53547.749649750585,41.368806375502,6.181843923259294,23.31593062140212,-17.134086698142827,53652.3517578125,53804.41768129095,53500.285834334056,0.005668565067375793,0.10760426684477584,73.76591478256455,53819.6484375,53498.73046875,53819.6484375,53345.62109375,-0.0006363951521667355,-0.0032909806547792853,-3.918281431547488e-05,0.0004233263243711427
2026-08-28 12:30:00-04:00,53531.12109375,53603.6484375,53529.3515625,53591.25,6814197.0,53602.27482356977,53630.372296676825,53636.81124970102,53600.98226857208,53548.4686638043,46.6129837001108,1.6336629555153195,18.979477088224762,-17.345814132709442,53654.2466796875,53802.22018878584,53506.273170589164,0.005515817228102382,0.2871352782286314,73.80384051238137,53819.6484375,53498.73046875,53819.6484375,53345.62109375,0.0010878947285082319,-0.001176584419331439,0.0007076762965203542,0.0016730618784654983
2026-08-28 12:40:00-04:00,53591.2109375,53592.37109375,53555.9609375,53575.078125,7664212.0,53593.20925737985,53620.3188109174,53630.9319044914,53600.13295238939,53548.90848960919,45.39867714169792,-3.238408035802422,14.535900063419327,-17.77430809922175,53654.8970703125,53801.35082697207,53508.44331365293,0.005459101206275604,0.22749437387925586,71.13286306506842,53819.6484375,53498.73046875,53819.6484375,53345.62109375,-0.000301763347561379,-0.0010961910365789862,0.00024285492371944883,0.0008742457988037966
2026-08-28 12:50:00-04:00,53575.140625,53607.83984375,53555.03125,53555.03125,6064803.0,53580.483254919905,53608.448345296056,53623.703270730315,53598.65420804875,53549.009692260275,43.87290792593951,-8.617833649681415,9.905153320799178,-18.522986970480595,53650.92109375,53803.55566191467,53498.28652558534,0.005689914173065129,0.18588424986875807,69.82398668542068,53819.6484375,53498.73046875,53819.6484375,53345.62109375,-0.000374182842127202,-0.0024499119927815505,-0.001482617642763917,0.0017049332299632347
2026-08-28 13:00:00-04:00,53555.37109375,53555.37109375,53494.12890625,53494.12890625,10929499.0,53551.69847202994,53587.662992742225,53611.36285506553,53595.227148973376,53548.10257183036,39.52672059960163,-17.59258104061155,4.405606448517032,-21.998187489128583,53641.783984375,53808.353614980624,53475.21435376937,0.006210443360875027,0.056776713773870155,69.21100102931919,53819.6484375,53498.73046875,53819.6484375,53345.62109375,-0.0011371918254645674,-0.0013622662813828068,-0.0034044865838179783,-0.0010174021209117257
2026-08-28 13:10:00-04:00,53492.58984375,53540.30859375,53489.41015625,53531.37109375,7500766.0,53544.92267926996,53577.42810201636,53603.744592083094,53593.13350781851,53547.82601847366,43.2302425136407,-21.452706278054393,-0.7660560967972527,-20.68665018125714,53635.52109375,53808.67615023496,53462.36603726504,0.006456730649910201,0.19925798843463877,67.90296077722496,53819.6484375,53494.12890625,53819.6484375,53397.76953125,0.000696192054370437,-3.064697739441069e-05,-0.0023344331362832316,0.0011687581407788805
2026-08-28 13:20:00-04:00,53531.3984375,53545.421875,53503.3515625,53522.37109375,5873848.0,53537.40548409664,53567.41773687702,53595.99473509899,53590.81342866872,53547.405275916244,42.552033237873225,-24.950494355507544,-5.602943748539311,-19.347550606968234,53629.2021484375,53809.05915001026,53449.34514686474,0.006707427832878928,0.20301113175101457,66.05777161456604,53819.6484375,53489.41015625,53819.6484375,53397.76953125,-0.00016812571425151024,-0.0012852640356401102,-0.0023556728954542416,0.0009762306145570943
2026-08-28 13:30:00-04:00,53521.30078125,53554.640625,53507.890625,53508.1484375,6015300.0,53527.6531352311,53556.64150062665,53587.62842104195,53588.103101089415,53546.75640255399,41.44547056602335,-28.541161360859405,-10.19058727100333,-18.350574089856075,53623.2416015625,53810.68905969972,53435.79414342528,0.0069912766382164305,0.19299886697251087,64.67864507066847,53819.6484375,53489.41015625,53819.6484375,53397.76953125,-0.0002657329254918128,-0.0012492690602119438,-0.002222949980930311,0.0015918029387447241
2026-08-28 13:40:00-04:00,53507.91015625,53560.53125,53507.91015625,53558.8203125,5848571.0,53538.04219432073,53557.03764823998,53584.884791656994,53587.143009660256,53546.955806024176,46.75777371934404,-26.986905751247832,-13.549850967052231,-13.4370547841956,53624.5595703125,53809.79292610721,53439.32621451779,0.006908526886895369,0.3225501623871776,63.81739140490644,53819.6484375,53489.41015625,53819.6484375,53409.421875,0.0009469936164805404,7.0750822314114e-05,0.0004923998362558191,0.0019807872768928814
2026-08-28 13:50:00-04:00,53558.62109375,53558.96875,53522.12109375,53550.41015625,5836647.0,53542.16484829716,53555.83264969634,53581.6014930468,53585.938653810736,53547.01290272213,46.01164815769409,-26.132536689576227,-16.066388111557032,-10.066148578019195,53620.771484375,53808.7956980672,53432.7472706828,0.007013111094344937,0.3128929068673511,61.89098175098455,53819.6484375,53489.41015625,53819.6484375,53450.96875,-0.00015702654018379114,0.0010521014389941463,-0.001412775070474881,0.0014954229610617542
2026-08-28 14:00:00-04:00,53550.8515625,53570.859375,53542.48828125,53559.1796875,5825759.0,53547.83646136477,53556.441202024274,53579.466082994724,53585.06131065301,53547.21400660276,46.962038289526575,-24.4657887872454,-17.746268246694708,-6.719520540550693,53614.69296875,53802.42825298528,53426.957684514724,0.007003128203856408,0.35215011265428947,59.496704036628515,53819.6484375,53489.41015625,53819.6484375,53459.94921875,0.00016376216772973073,0.0005194821873943933,-0.002264691020524068,-0.00011142972948097185
2026-08-28 14:10:00-04:00,53560.21875,53565.30078125,53526.640625,53547.1015625,5125296.0,53547.591495076515,53554.743085747126,53576.383747709515,53583.81672874635,53547.21214802255,45.76705283513863,-23.844616911766934,-18.965937979709153,-4.878678932057781,53604.1265625,53781.83309574823,53426.42002925177,0.006630330336267409,0.33955288824315294,58.00837919472648,53819.6484375,53489.41015625,53819.6484375,53489.41015625,-0.0002255098952312906,0.0004620585419634615,-0.003931069531391773,-0.0017119678847991038
2026-08-28 14:20:00-04:00,53546.8203125,53554.3984375,53507.2109375,53518.28125,5801920.0,53537.82141338434,53548.11366106583,53570.85017649908,53581.66802452516,53546.73395136102,42.95809910581664,-25.38526653170993,-20.24980369010931,-5.135462841600621,53593.47421875,53764.83220159522,53422.11623590478,0.006394733140299743,0.28059683155257553,57.23545925224602,53819.6484375,53489.41015625,53819.6484375,53489.41015625,-0.0005382235762352305,0.00018936952213621794,-0.003965040181109436,-0.00146180194256329
2026-08-28 14:30:00-04:00,53517.73828125,53555.9609375,53516.9609375,53535.51953125,5277078.0,53537.05411933956,53545.823819281126,53567.48535314202,53580.15495917187,53546.54858904514,45.127435277108624,-24.92790386606066,-21.18542372529958,-3.7424801407610815,53581.478125,53732.598179655426,53430.35807034458,0.005640757214755341,0.34794012331853097,55.93292644851416,53819.6484375,53489.41015625,53819.6484375,53489.41015625,0.00032210080083605597,-0.00043505030756929575,-0.0044615510115015855,-0.0014215347431179026
2026-08-28 14:40:00-04:00,53535.921875,53552.37890625,53514.921875,53516.671875,8209622.0,53530.260037893044,53540.52346577546,53562.645974271356,53578.073546576066,53546.05475906093,43.19325532239439,-25.7890093546157,-22.106140851162806,-3.6828685034528945,53567.402734375,53683.56150935086,53451.24395939914,0.004336920180799473,0.2816313946770678,54.61321964862029,53819.6484375,53489.41015625,53819.6484375,53489.41015625,-0.0003520589024824661,-0.000630028437719865,-0.005232664267363796,-0.002952004867827873
2026-08-28 14:50:00-04:00,53517.640625,53549.828125,53511.28125,53539.421875,10189605.0,53533.31398359536,53540.32317654356,53560.43415529313,53576.80627865554,53545.945124613645,46.1911650218129,-24.354957992611162,-22.555904279452477,-1.7990537131586848,53558.8853515625,53655.35090236575,53462.41980075925,0.0036022239884212874,0.39911695729494906,53.46562360229027,53802.66015625,53489.41015625,53819.6484375,53489.41015625,0.00042510117320326835,-0.00036889684672691825,-0.0031716326049562316,-0.001994323216379046
2026-08-28 15:00:00-04:00,53540.33984375,53570.87109375,53525.69140625,53569.578125,7791573.0,53545.40203073024,53545.64225808109,53561.30500955093,53576.56929001109,53546.335752719206,49.96088331197252,-20.548237318755127,-22.154370887313007,1.6061335685578797,53554.6453125,53640.858734019814,53468.43189098018,0.0032196430773370785,0.5866037574936666,52.87377102355525,53710.390625,53489.41015625,53819.6484375,53489.41015625,0.0005632531869770308,0.00041975311163700013,-0.0015805006595672744,-0.0010337264640749577
2026-08-28 15:10:00-04:00,53569.96875,53586.55859375,53558.16015625,53576.76171875,7388180.0,53555.855260070166,53551.30034183907,53562.7770770937,53576.57559915006,53546.83866124864,50.84432538966123,-16.75854569600051,-21.07520584905051,4.316660153049998,53551.78984375,53630.80010539475,53472.77958210524,0.00295079816660791,0.6580293146748534,51.125532914729874,53693.6796875,53489.41015625,53819.6484375,53489.41015625,0.0001340983819815289,0.001092719485456195,-0.0010648005418101292,-0.0006962372225060021
2026-08-28 15:20:00-04:00,53576.7109375,53588.2890625,53561.5703125,53579.28125,7773714.0,53563.66392338011,53556.38777968651,53564.34890308478,53576.664309014,53547.37490238503,51.16995079144705,-13.397445257134677,-19.539653730667347,6.142208473532669,53546.4259765625,53597.866908208016,53494.98504491699,0.001921358174979931,0.8193495178499834,49.38219127796346,53693.6796875,53489.41015625,53819.6484375,53489.41015625,4.702656840716024e-05,0.0008174333439401327,-0.001998216063014535,-0.0007417052460001461
2026-08-28 15:30:00-04:00,53579.3984375,53579.3984375,53541.828125,53562.30078125,10736319.0,53563.209542670076,53557.46287087987,53564.15384386242,53576.19337367747,53547.621611126604,48.822589003556295,-11.965994326310465,-18.024921849795973,6.058927523485508,53546.1859375,53597.28236484628,53495.08951015372,0.001908499231146809,0.6576905136712482,48.53848565096607,53688.01171875,53489.41015625,53819.6484375,53489.41015625,-0.00031692229447366493,0.000852611058411501,-8.962182216254444e-05,-0.00046463405184438145
2026-08-28 15:40:00-04:00,53562.359375,53583.8515625,53539.98828125,53544.80078125,11758973.0,53557.073288863394,53555.16067276534,53562.31069504219,53575.16410835198,53547.57498583939,46.45725936121434,-12.104133975088189,-16.84076427485442,4.7366302997662295,53546.775390625,53597.5210977463,53496.0296835037,0.0018953786386242011,0.4805440746910865,48.20454247946849,53607.83984375,53489.41015625,53819.6484375,53489.41015625,-0.00032672233538788564,0.00010046627441284706,0.00022022042327707325,-0.0013778576175426105
2026-08-28 15:50:00-04:00,53544.66015625,53586.05078125,53542.33984375,53546.7890625,35809503.0,53553.645213408934,53553.638561808,53560.83244432389,53574.23377897978,53547.56199537097,46.772780961893396,-11.91581486544601,-15.855774392972737,3.939959527526728,53544.55234375,53591.025571561055,53498.07911593895,0.0017358713735320945,0.5240645943412022,47.88357069522074,53607.83984375,53489.41015625,53819.6484375,53489.41015625,3.713304038832632e-05,-0.00042541052772193666,-0.0008296305367013757,-0.0017230282359613769
2026-08-31 09:30:00-04:00,53462.6015625,53462.6015625,53211.94921875,53300.609375,7826388.0,53469.29993393929,53507.63325511564,53536.049294864475,53565.26248704601,53543.48013387723,26.19214878802559,-31.270744310990267,-18.938768376576245,-12.331975934414022,53530.82890625,53645.37889399438,53416.27891850562,0.004279776348877184,-0.5048867563553808,68.38044734199069,53607.83984375,53489.41015625,53819.6484375,53489.41015625,-0.004597468714933717,-0.005154330625648074,-0.005123067657682445,-0.006554287414636706
2026-08-31 09:40:00-04:00,53300.01953125,53300.01953125,53198.44140625,53227.46875,12718783.0,53388.68953929287,53456.694254185524,53506.66067154405,53554.187282552695,53538.25680521811,22.959757356488993,-51.913080836005975,-25.533630868462193,-26.37944996754378,53514.45078125,53688.626135331964,53340.27542716804,0.006509469929680714,-0.3238307674544891,70.79384172827707,53607.83984375,53211.94921875,53819.6484375,53211.94921875,-0.001372228682892107,-0.006566204170571965,-0.006116372119566282,-0.008114383006477377
2026-08-31 09:50:00-04:00,53224.76953125,53243.109375,53192.37890625,53214.9609375,10091384.0,53330.78000536192,53412.74274206088,53478.87974449224,53543.06510730507,53532.9130718674,22.44952573912319,-68.4920237734259,-34.12530944945494,-34.36671432397096,53500.4923828125,53718.239814491935,53282.74495113307,0.008140015987942032,-0.15564825061372517,69.36074365840015,53588.2890625,53198.44140625,53819.6484375,53198.44140625,-0.0002349879262293353,-0.0064847819956156405,-0.005218665570557279,-0.008588935446058654
2026-08-31 10:00:00-04:00,53216.328125,53238.33984375,53191.41015625,53194.16015625,10031455.0,53285.24005565795,53373.00045373163,53451.76359323107,53531.625600713094,53527.31385012166,21.590234469198577,-82.36000977826188,-43.77224951521633,-38.58776026304555,53483.6318359375,53738.29635935528,53228.96731251972,0.009523082658222166,-0.06833923273368768,67.75852536137158,53588.2890625,53192.37890625,53819.6484375,53192.37890625,-0.00039088220461969136,-0.006548546635414598,-0.00629931441340148,-0.008949486258937656
2026-08-31 10:10:00-04:00,53193.48046875,53218.37890625,53182.0390625,53197.19140625,11209410.0,53255.89050585531,53341.03517237133,53427.5186230424,53520.66054515693,53521.857280801465,22.058432043870837,-92.04485625180678,-53.426770862534426,-38.61808538927235,53467.3728515625,53750.04948506571,53184.69621805928,0.010573799250918479,0.022101558299787903,65.51433381770218,53588.2890625,53191.41015625,53819.6484375,53191.41015625,5.698463874792559e-05,-0.006528825768468582,-0.006075584486539554,-0.008754720222203471
2026-08-31 10:20:00-04:00,53196.48828125,53202.46875,53128.62109375,53134.73046875,8957216.0,53215.503826820204,53303.52522625836,53399.63403691932,53508.00710002883,53515.45849051963,19.477567829901375,-103.56639358861139,-63.454695407749824,-40.111698180861566,53448.701953125,53765.41843615324,53131.985470096755,0.011851231983369962,0.004333526671865575,66.10957113429488,53588.2890625,53182.0390625,53819.6484375,53182.0390625,-0.0011741397590524505,-0.0031121390204555954,-0.00697871220840629,-0.009664631196389273
2026-08-31 10:30:00-04:00,53134.7890625,53199.26953125,53123.62109375,53195.80859375,8046888.0,53208.93874913014,53283.94038398411,53380.22208995081,53497.77108342952,53510.17502115155,28.310555308504675,-106.54066621899983,-72.07188956999983,-34.468776649000006,53430.5513671875,53761.243603520896,53099.85913085411,0.012378395051954387,0.14507365512984005,66.79091873184525,53588.2890625,53128.62109375,53819.6484375,53128.62109375,0.0011494953387580775,-0.0005948086015268306,-0.0067778139367509205,-0.008711220137139875
2026-08-31 10:40:00-04:00,53196.171875,53224.78125,53172.01953125,53198.7890625,5720729.0,53205.55552025343,53268.458325532454,53362.94275400312,53487.96839421872,53505.02814580193,28.72145246090541,-107.41903996111068,-79.14131964822201,-28.277720312888675,53412.9703125,53753.54410560097,53072.39651939903,0.012752475329808374,0.18555823387076933,65.78883301885631,53588.2890625,53123.62109375,53819.6484375,53123.62109375,5.6028262917617866e-05,-0.00030389715063383616,-0.006566169945739664,-0.008303621887343238
2026-08-31 10:50:00-04:00,53198.578125,53262.6015625,53197.41015625,53222.98046875,6546320.0,53211.363836418954,53260.18962429928,53349.61301255044,53479.280265514826,53500.3662007267,32.122144118521334,-104.9532771241793,-84.30371114341347,-20.64956598076583,53396.1603515625,53739.38622657538,53052.93447654963,0.012855826065135084,0.24771732637289265,65.74615967822372,53588.2890625,53123.62109375,53819.6484375,53123.62109375,0.0004547360320847904,0.000541794670981588,-0.006277153995106199,-0.007381539448967134
2026-08-31 11:00:00-04:00,53223.109375,53250.55078125,53207.3515625,53214.08984375,6495947.0,53212.272505529305,53251.80784601759,53336.706044093255,53470.58549758811,53495.63436011552,31.526832154956608,-102.53458655821305,-87.94988622637338,-14.58470033183967,53379.509765625,53724.13756102355,53034.88197022645,0.012912362699159873,0.2600020600722317,64.13566389763632,53588.2890625,53123.62109375,53819.6484375,53123.62109375,-0.00016704485396534796,0.00031765657271165537,-0.006219042843267797,-0.006675920711738503
2026-08-31 11:10:00-04:00,53214.94140625,53230.8203125,53197.69140625,53210.76953125,5598702.0,53211.771514102875,53244.346334241665,53324.71209048914,53462.066941314726,53490.92585054749,31.293579456145494,-99.73598398877948,-90.3071057788546,-9.428878209924875,53364.1341796875,53710.061673757904,53018.20668561709,0.012964793653565135,0.2783283331531249,61.920895494233726,53588.2890625,53123.62109375,53819.6484375,53123.62109375,-6.239536389229805e-05,0.001431061413677881,-0.0057459191806538135,-0.006486014105871796
2026-08-31 11:20:00-04:00,53213.78125,53229.03125,53201.359375,53217.03125,5844116.0,53213.52475940192,53239.379955288634,53314.45677234732,53454.03298422244,53486.39866706737,32.310684354940946,-95.90724391029653,-91.427133405143,-4.480110505153533,53348.209765625,53690.41547852205,53006.00405272794,0.012829135762960738,0.3083338315505284,59.474536887502744,53588.2890625,53123.62109375,53819.6484375,53123.62109375,0.00011767765821013576,0.0003989535418489343,-0.00594910227898493,-0.00569191160006155
2026-08-31 11:30:00-04:00,53217.26953125,53230.390625,53202.890625,53216.53125,5285059.0,53214.526922934616,53235.225645236154,53305.13053212377,53446.246042116785,53481.93804860345,32.26960503897378,-91.85444477290002,-91.51259567869441,-0.3418490942056138,53333.202734375,53670.8354576529,52995.5700110971,0.012661258126929812,0.32722130242249814,57.190641395538265,53588.2890625,53123.62109375,53819.6484375,53123.62109375,-9.395488403951546e-06,0.0003335073563264235,-0.005608357442350775,-0.006217961885731871
2026-08-31 11:40:00-04:00,53216.609375,53255.171875,53211.05859375,53243.41015625,3880864.0,53224.15466737308,53236.713738147766,53299.252401088175,53439.595685203116,53477.99543881249,36.91307537087261,-85.48821424048947,-90.30771939105342,4.8195051505639555,53318.4021484375,53644.3268346411,52992.477462233895,0.012225598407702954,0.38495502893473615,56.256544242285536,53588.2890625,53123.62109375,53819.6484375,53123.62109375,0.0005050856494897005,0.0003838508726883294,-0.005528855344032468,-0.005453390472360153
2026-08-31 11:50:00-04:00,53243.890625,53264.6484375,53220.19140625,53220.21875,5561724.0,53222.84269491539,53233.71464939362,53291.725386698825,53432.402998803016,53473.734667096585,34.70242976504488,-81.37622883201402,-88.52142127924554,7.145192447231523,53300.9341796875,53608.04409983537,52993.82425953963,0.011523622423297363,0.3685886967626487,55.41372188569371,53588.2890625,53123.62109375,53819.6484375,53123.62109375,-0.0004355732696673664,0.00011517450111409033,-0.006521600266942595,-0.005731554198504463
2026-08-31 12:00:00-04:00,53220.890625,53230.7109375,53202.6015625,53209.1015625,4623896.0,53218.262317443594,53229.23954268569,53283.85645106084,53425.0816402357,53469.36056619416,33.66172441728108,-78.1140645794294,-86.43994993928231,8.325885359852919,53282.551171875,53564.393757023405,53000.70858672659,0.010579170064108185,0.36969746013306837,53.46341139385845,53588.2890625,53123.62109375,53819.6484375,53123.62109375,-0.00020889030073745207,-3.1346450440228324e-05,-0.006862306426432152,-0.006428531467184806
2026-08-31 12:10:00-04:00,53208.71875,53228.26953125,53196.609375,53214.98828125,4141839.0,53217.17097204573,53226.648404242835,53277.29757774552,53418.193333383715,53465.156065616575,34.77712503444353,-74.19845331795659,-83.99165061501716,9.793197297060573,53264.3365234375,53512.14965891953,53016.52338795547,0.009305030407089951,0.4004325535619557,51.90603602643999,53588.2890625,53123.62109375,53819.6484375,53123.62109375,0.00011063368065111767,-3.8389378400394136e-05,-0.006799138776241054,-0.006106268641384638
2026-08-31 12:20:00-04:00,53214.859375,53222.5,53187.69921875,53220.01953125,4201582.0,53218.120491780486,53225.44315460777,53271.842525698325,53411.695831674406,53461.10422207333,35.771120362051946,-69.88374702115107,-81.17006989624396,11.286322875092893,53247.2224609375,53454.287776596524,53040.15714527847,0.007777506735151544,0.4343131668359853,50.68423211383714,53586.05078125,53123.62109375,53819.6484375,53123.62109375,9.454573161615798e-05,6.554882793108341e-05,-0.006390338820542629,-0.0055702503262438086
2026-08-31 12:30:00-04:00,53220.3203125,53227.23828125,53183.73828125,53183.73828125,5683873.0,53206.65975493699,53217.8604503609,53263.451645274676,53404.22181362771,53456.51966106799,31.98556611852048,-68.60111391657847,-78.65627870031086,10.055164783732394,53229.1693359375,53386.22938983417,53072.10928204083,0.005901277658700177,0.35537043455559936,50.17107267713449,53586.05078125,53123.62109375,53819.6484375,53123.62109375,-0.0006817218467704,-0.0011207372860769782,-0.006743185047509481,-0.006563376779315622
2026-08-31 12:40:00-04:00,53181.69140625,53232.3515625,53176.33984375,53227.890625,4389401.0,53213.73671162466,53219.6841184771,53260.06488143899,53398.440463180894,53452.74066873629,40.26971209954377,-63.29229857633618,-75.58348267551594,12.291184099179759,53213.2244140625,53272.17157069981,53154.27725742519,0.00221550779101943,0.6244013432890501,50.58826168233917,53586.05078125,53123.62109375,53819.6484375,53123.62109375,0.0008301850373231279,0.00014415339095164015,-0.005955509995712038,-0.006077321549523673
2026-08-31 12:50:00-04:00,53227.98828125,53242.25,53223.12109375,53223.171875,3763655.0,53216.88176608311,53220.318256026716,53256.551261778135,53392.693952092995,53448.94614321999,39.71299168020829,-58.78811506387865,-72.22440915318847,13.436294089309825,53209.3525390625,53253.02593746211,53165.67914066289,0.0016415684955966062,0.658212280746438,48.341164865743515,53462.6015625,53123.62109375,53819.6484375,53123.62109375,-8.86518316730589e-05,0.0002644343183182407,-0.0014528445529615741,-0.0063272094510676835
2026-08-31 13:00:00-04:00,53221.91015625,53227.25,53204.640625,53209.73828125,4613688.0,53214.50060447208,53218.39462424913,53252.09288268022,53386.695405507984,53444.992294261814,38.098212466688906,-55.6608720405784,-68.91170173066646,13.250829690088068,53208.466015625,53251.34505913358,53165.58697211643,0.0016117376319769866,0.5148355177832108,46.50317987533326,53300.01953125,53123.62109375,53819.6484375,53123.62109375,-0.00025240122444314395,-9.865641559958505e-05,-0.000333107494426943,-0.007920500755802196
2026-08-31 13:10:00-04:00,53208.921875,53245.44921875,53208.921875,53230.421875,3850720.0,53219.80769464806,53220.58139711292,53250.02897718686,53381.57168319625,53441.44567576162,42.00811762815405,-50.926467640092596,-65.3146549125517,14.388187272459106,53209.2390625,53253.10473377576,53165.37339122423,0.0016487990450019655,0.7414509100617107,45.790620152095165,53264.6484375,53123.62109375,53819.6484375,53123.62109375,0.0003887182011810264,0.00019545922458541476,0.0002905374208235223,-0.008317348043075157
2026-08-31 13:20:00-04:00,53230.6015625,53231.12109375,53198.109375,53206.1484375,3718271.0,53215.254608932046,53217.95722263784,53245.849878169065,53375.82010137014,53437.55646521184,38.90261569577273,-48.5731604301327,-61.966356016067905,13.393195585935203,53209.8384765625,53253.18816672794,53166.488786397065,0.0016293862716584098,0.4574386916213346,44.87784148051694,53264.6484375,53123.62109375,53819.6484375,53123.62109375,-0.00045600685932944973,0.0004213723400090519,0.00022536837154274458,-0.008395616309349041
2026-08-31 13:30:00-04:00,53206.05078125,53214.19140625,53184.96875,53213.421875,4603831.0,53214.643697621366,53217.13261397641,53242.76149691487,53370.495569358005,53433.8517612414,40.32617501828545,-45.59564369378495,-58.69221355161132,13.096569857826367,53210.65,53253.62836464613,53167.67163535387,0.001615404609645971,0.5322473298230554,43.75961396405145,53264.6484375,53123.62109375,53819.6484375,53123.62109375,0.00013670295094825313,-0.00027182647724921516,0.00030510010624529293,-0.008114413196952386
2026-08-31 13:40:00-04:00,53212.37890625,53233.12109375,53206.76953125,53226.109375,4028902.0,53218.465590080916,53218.76475234434,53241.17558054203,53365.7615957725,53430.418002791135,42.828554399995646,-41.73111469871219,-55.299993781031496,13.568879082319306,53215.2189453125,53240.883749863024,53189.55414076198,0.0009645663424553657,0.7121666203625171,42.5161817166192,53264.6484375,53123.62109375,53819.6484375,53123.62109375,0.00023842668922524624,5.519212584514932e-05,0.001719758535403626,-0.007482188283673974
2026-08-31 13:50:00-04:00,53226.53125,53262.01171875,53226.53125,53248.0390625,4585616.0,53228.32341422061,53224.087354190815,53241.82924549041,53361.90184058324,53427.403474852435,46.96805459018678,-36.47840477723366,-51.53567598027193,15.057271203038269,53217.83046875,53245.606027121394,53190.0549103786,0.0010438440698068378,1.0437981362259843,42.04376471900355,53264.6484375,53123.62109375,53819.6484375,53123.62109375,0.0004120099657387577,0.0007198077360868194,0.0009818530844953877,-0.005313073040525196
2026-08-31 14:00:00-04:00,53248.01171875,53256.23828125,53232.21875,53248.98828125,7554045.0,53235.21170323041,53228.6147954743,53242.5110584199,53358.19975667067,53424.454463387934,47.14644089913573,-31.871604285734065,-47.60286164136436,15.731257355630298,53220.3404296875,53249.80106194097,53190.879797434034,0.0011071192711512058,0.9862056475235161,40.75631947121758,53264.6484375,53172.01953125,53819.6484375,53123.62109375,1.782636068314858e-05,0.0003487931448975523,0.0009436158159732422,-0.0070335729842733175
2026-08-31 14:10:00-04:00,53249.2890625,53276.8984375,53243.55078125,53252.80859375,5142029.0,53241.077333403606,53233.01366788806,53243.49177607038,53354.74430870606,53421.61734157574,47.90594373506958,-27.594324222191062,-43.601154157529706,16.006829935338644,53221.8318359375,53254.519357358244,53189.14431451675,0.0012283501072082499,0.9738315489537559,40.22712924113061,53264.6484375,53176.33984375,53819.6484375,53123.62109375,7.174432084644522e-05,0.0008769692529955186,0.0005604369529346176,-0.007971971446933956
2026-08-31 14:20:00-04:00,53252.6484375,53259.12890625,53226.48046875,53243.3515625,5466968.0,53241.835409769075,53234.89328509023,53243.47842239701,53351.09208751898,53418.67079977284,46.13844648126933,-24.683120691232034,-39.81754746427018,15.134426773038143,53223.294921875,53257.066857153404,53189.522986596596,0.0012690659354321133,0.7969424236375547,39.68579411676414,53276.8984375,53176.33984375,53819.6484375,53123.62109375,-0.00017758746439355821,0.0005624462108508865,0.0005498866716675543,-0.00958134618131834
2026-08-31 14:30:00-04:00,53243.51953125,53249.87109375,53190.94921875,53204.0703125,6450653.0,53229.24704401272,53229.28910825564,53239.72526907349,53346.27170145277,53415.12368428073,39.602517807096326,-25.254521107824985,-36.90494219298114,11.650421085156154,53222.9599609375,53257.349419441416,53188.570502433584,0.0012922790663712025,0.2253569951479617,41.05979989413813,53276.8984375,53176.33984375,53819.6484375,53123.62109375,-0.0007377681691185245,-0.0004140648782861023,-0.00012589967799780943,-0.009812856501022926
2026-08-31 14:40:00-04:00,53203.5,53211.4609375,53178.01953125,53194.73828125,7865476.0,53217.74412309182,53223.00713970916,53235.44079404268,53341.30339259367,53411.48095034634,38.21741744958304,-26.158834227862826,-34.75572059995748,8.596886372094652,53221.8453125,53258.31348780171,53185.377137198295,0.0013704213030411975,0.12834675678532112,40.51562891955684,53276.8984375,53176.33984375,53819.6484375,53123.62109375,-0.0001754007013972103,-0.001000990500090282,-0.0004189066587587664,-0.010798667752683677
2026-08-31 14:50:00-04:00,53195.75,53230.1484375,53182.12890625,53224.62890625,5546543.0,53220.03905081122,53223.30200635294,53234.41109044338,53337.47799959879,53408.39248680756,44.868628585445705,-24.184797963178426,-32.64153607260167,8.456738109423242,53222.2501953125,53258.65313360395,53185.84725702106,0.0013679593838236918,0.5326719634340081,41.05162194315993,53276.8984375,53176.33984375,53819.6484375,53123.62109375,0.0005619094287476756,-0.0004574617431478689,0.00015216430044939777,-0.01066115590864991
2026-08-31 15:00:00-04:00,53224.12890625,53236.58984375,53208.4296875,53220.58984375,5773163.0,53220.22264845748,53222.80888587968,53233.09478123448,53333.64560104637,53405.28831088926,44.176547925945705,-22.684782536853163,-30.650185365451968,7.965402828598805,53221.1091796875,53256.194344839045,53186.02401453595,0.0013184680173835381,0.4925989241428128,40.13080296507707,53276.8984375,53176.33984375,53802.66015625,53123.62109375,-7.588709556083373e-05,-0.0006050150377191477,-0.00042860351042561806,-0.00910783441763574
2026-08-31 15:10:00-04:00,53220.5,53231.51953125,53197.7890625,53197.7890625,6365981.0,53212.74478647165,53218.25982708337,53229.7323318312,53329.19128830715,53401.85857124646,40.38921751823926,-23.069906475924654,-29.134129587546507,6.064223111621853,53219.9876953125,53256.51911884102,53183.45627178398,0.0013728459967959088,0.19617071183704426,39.67363623542871,53276.8984375,53176.33984375,53710.390625,53123.62109375,-0.00042842030343781534,-0.0008557406448487237,-0.0004214504943198527,-0.008509833736921935
2026-08-31 15:20:00-04:00,53196.69140625,53242.9609375,53196.69140625,53240.1796875,7115303.0,53221.889753481104,53222.245256250026,53230.727318085366,53326.27287516593,53399.18619300272,49.12240473012566,-19.727148519632465,-27.2527333739637,7.525584854331235,53221.5416015625,53258.72665418668,53184.356548938325,0.0013973684904716975,0.7506126067088166,40.144771593612376,53276.8984375,53176.33984375,53693.6796875,53123.62109375,0.0007968493756422834,0.0006786957236148972,0.0005840753571735302,-0.007340350383470251
2026-08-31 15:30:00-04:00,53239.171875,53251.7109375,53212.421875,53243.66015625,9150346.0,53229.14655440408,53226.13887443183,53231.95901695819,53323.564261430976,53396.61551470929,49.77303976487917,-16.605723570748523,-25.123331413320663,8.51760784257214,53222.9751953125,53261.23436761631,53184.716023008696,0.00143769385921798,0.7703268221963195,40.08364951549721,53276.8984375,53176.33984375,53693.6796875,53123.62109375,6.537297151187893e-05,0.000919675076533677,0.0005387932220988212,-0.008249708103874598
2026-08-31 15:40:00-04:00,53242.828125,53276.171875,53230.359375,53240.48828125,11791842.0,53232.927130019394,53228.74785748968,53232.771327843126,53320.84045880209,53394.03489928021,49.15608802872434,-14.223950763829635,-22.94345528342246,8.719504519592824,53223.9986328125,53262.975151563,53185.022114062005,0.001464621965718576,0.7115331097558394,40.49285312153312,53276.8984375,53176.33984375,53688.01171875,53123.62109375,-5.957282032620359e-05,0.00029797060732805747,0.0003846062098489256,-0.006097273731880404
2026-08-31 15:50:00-04:00,53240.3984375,53266.8203125,53179.76953125,53179.76953125,43754882.0,53215.2079304296,53219.84270726428,53227.7235376914,53316.21518248891,53390.493322949136,39.15154287400345,-17.03945411152381,-21.762655049042728,4.723200937518918,53223.8001953125,53263.62575252844,53183.97463809656,0.001496531892491477,-0.052794074214181794,43.818419416423616,53276.8984375,53176.33984375,53607.83984375,53123.62109375,-0.0011404619296360163,-0.0007670022564545409,-7.462337414143594e-05,-0.006598586108994775
2026-09-01 09:30:00-04:00,53083.578125,53083.578125,52815.890625,52958.37890625,8214084.0,53129.59825570307,53172.30383435259,53202.071668030316,53304.482845563034,53383.35093589626,21.760847934672483,-36.711941587804176,-24.75251235679502,-11.959429231009157,53210.324609375,53332.57866925292,53088.070549497075,0.0045951255052627,-0.5304185536929358,66.67988276167907,53276.8984375,53176.33984375,53607.83984375,53123.62109375,-0.004163061008940705,-0.004500377938051692,-0.005063355236989531,-0.011809224336995272
2026-09-01 09:40:00-04:00,52957.921875,52992.9609375,52894.05078125,52906.8515625,14332050.0,53055.34935796872,53124.03978492485,53173.95546750362,53291.445754315064,53375.4749131955,19.580819619752816,-55.81693279755564,-30.965396444947146,-24.85153635260849,53194.50859375,53374.31859721127,53014.698590288725,0.006760472395167461,-0.29989162369365224,68.98204515370199,53276.8984375,52815.890625,53607.83984375,52815.890625,-0.0009729781162904905,-0.006260837716110523,-0.0059432818705903445,-0.012472712796440688
2026-09-01 09:50:00-04:00,52906.55078125,52944.87109375,52851.7890625,52922.75,12723878.0,53011.14957197915,53087.44164221124,53150.03113726518,53279.35736892768,53367.99185677905,22.171572261281824,-68.88088892716041,-38.548494941389805,-30.332393985770608,53180.1591796875,53395.17585947797,52965.14249989703,0.008086349612604942,-0.09857956121902639,70.70347273200899,53276.8984375,52815.890625,53607.83984375,52815.890625,0.000300498650561698,-0.006027199394411431,-0.00539352927716108,-0.011806197013469188
2026-09-01 10:00:00-04:00,52918.921875,53000.21875,52891.48046875,52997.0,11767191.0,53006.4330479861,53070.99770726374,53135.45674323993,53270.09975027431,53361.859759972795,33.02368407377489,-72.40813787282968,-45.32042352767778,-27.087714345151902,53168.4880859375,53396.28515392471,52940.69101795028,0.008568875143450465,0.12359461547784051,73.42024476900835,53276.8984375,52815.890625,53588.2890625,52815.890625,0.0014029883178783287,-0.004573366794905054,-0.004385121642434875,-0.00929314891959887
2026-09-01 10:10:00-04:00,52996.8203125,53112.94921875,52982.890625,53110.21875,10758034.0,53041.02828199074,53078.12880594306,53133.05312483613,53264.85775026531,53357.70040443606,45.502167664285814,-65.31479288300761,-49.31929739874375,-15.995495484263863,53163.6916015625,53392.15359363184,52935.229609493166,0.008594662454276298,0.3829721060423165,77.46584112479347,53276.8984375,52815.890625,53588.2890625,52815.890625,0.002136323754174718,-0.0013078428481930748,-0.001802981240273116,-0.007867393177963478
2026-09-01 10:20:00-04:00,53109.62109375,53176.6015625,53109.62109375,53137.80859375,8880790.0,53073.28838591049,53088.97967645341,53133.50602663745,53260.69220415005,53354.06582905282,48.042577157446665,-56.81210151909181,-50.81785822281336,-5.994243296278448,53159.9109375,53387.45670023077,52932.36517476923,0.008560803008052242,0.4514331897796128,76.71688595516537,53276.8984375,52815.890625,53588.2890625,52815.890625,0.0005194827737364793,0.00338812651002085,-0.0014209437879717512,-0.0071850796618557755
2026-09-01 10:30:00-04:00,53137.390625,53170.6015625,53132.91015625,53135.05078125,8671542.0,53093.875851023666,53097.356240961875,53133.65314612436,53256.572813235296,53350.44574561807,47.802706479406055,-49.72301382349542,-50.598889342949775,0.8758755194543539,53155.3580078125,53381.05983835456,52929.656177270444,0.008492157291420537,0.45501315493602645,73.9293516905107,53276.8984375,52815.890625,53588.2890625,52815.890625,-5.189925164361675e-05,0.004313226208148446,-0.0017107880853821644,-0.006972725970621041
2026-09-01 10:40:00-04:00,53136.91015625,53142.01953125,53029.3515625,53029.3515625,7074815.0,53072.36775484911,53084.9917539688,53123.719661969655,53249.122936162006,53345.13840374835,39.634667359689324,-52.034087764848664,-50.88592902732956,-1.148158737519104,53144.4236328125,53372.28465044371,52916.56261518128,0.008575161872318353,0.24749504871707007,76.69639576618852,53276.8984375,52815.890625,53588.2890625,52815.890625,-0.001989256003257611,0.0020142861529304223,-0.004106958750975109,-0.009885743317547102
2026-09-01 10:50:00-04:00,53029.55078125,53030.21875,52969.12109375,52985.19140625,7572748.0,53043.30897198275,53066.846236201745,53110.52649475826,53240.469443378,53339.18886659962,36.80511938826453,-56.77452468170668,-52.063648158204984,-4.710876523501696,53131.2337890625,53363.84716507078,52898.62041305422,0.008756181982589931,0.186083437421717,75.58220008646077,53276.8984375,52815.890625,53588.2890625,52815.890625,-0.0008327493161585098,-0.00022281626790199294,-0.004954026048470284,-0.010554891145572842
2026-09-01 11:00:00-04:00,52985.6484375,52989.05078125,52958.58984375,52969.8203125,7805067.0,53018.812752155165,53049.20515916506,53097.125905971756,53231.595701382,53333.08360124261,35.84585216328628,-61.067723195686995,-53.864463165701395,-7.2032600299856,53117.084375,53352.80228794035,52881.36646205965,0.008875408570101965,0.18762649248200455,72.35925275885643,53276.8984375,52815.890625,53588.2890625,52815.890625,-0.0002901016933608558,-0.0026435296408942044,-0.00531405363816273,-0.011003890993826149
2026-09-01 11:10:00-04:00,52969.12890625,53001.1796875,52963.01171875,52980.140625,7016026.0,53005.92204310345,53036.64797113504,53085.98445064111,53223.351272648164,53327.24983304026,37.032496605964546,-62.91213900355069,-55.67399833327126,-7.238140670279435,53103.923828125,53339.36420722284,52868.48344902716,0.008867155649735437,0.23712409995406794,69.91701818679526,53276.171875,52815.890625,53588.2890625,52815.890625,0.00019483382120455417,-0.002967152257922545,-0.0049435456216730955,-0.01058807892408975
2026-09-01 11:20:00-04:00,52980.12890625,52981.9609375,52952.7109375,52966.390625,6341401.0,52992.744903735635,53023.87390820139,53074.59456248481,53214.92633338101,53321.285218031335,36.07508698021488,-64.73711276750691,-57.486621220118394,-7.2504915473885205,53092.03984375,53330.04082798549,52854.038859514505,0.00896559954885627,0.23603214467030856,67.01223117345273,53276.171875,52815.890625,53588.2890625,52815.890625,-0.0002595312099551439,-0.0031741788851270547,-0.004467321505741251,-0.010312188884055384
2026-09-01 11:30:00-04:00,52966.48046875,52989.359375,52953.37890625,52980.87109375,5788947.0,52988.78696707376,53016.05521466477,53065.6685178434,53207.25239109802,53315.65853829115,37.896039820625035,-64.27405353393988,-58.844107682882694,-5.429945851057184,53081.346484375,53319.147622178185,52843.54534657181,0.008959875871769264,0.2887407277501047,64.79567671463468,53276.171875,52815.890625,53588.2890625,52815.890625,0.0002733897586588707,-0.0009142195278941667,-0.0040204575567088785,-0.010360382085696118
2026-09-01 11:40:00-04:00,52982.75,52994.53125,52966.66015625,52990.26953125,6263378.0,52989.281155132514,53011.36690858935,53058.487661977364,53200.13819897186,53310.28020759626,39.10843283305068,-62.42905708561011,-59.56109756342818,-2.867959522181934,53069.628515625,53301.04409368408,52838.21293756592,0.008721205877329495,0.3285357774083365,62.15820650287506,53276.171875,52815.890625,53588.2890625,52815.890625,0.00017739303461761224,9.58404577811045e-05,-0.0044032129451349045,-0.009836230940883817
2026-09-01 11:50:00-04:00,52991.0390625,52991.0390625,52955.16015625,52963.51953125,8091984.0,52980.693947171676,53002.66738543674,53049.44307809857,53192.38020986622,53304.54862616905,36.900388060093604,-62.40600793565682,-60.13007963787391,-2.2759282977829045,53056.775,53281.68893266735,52831.861067332655,0.008478236103394775,0.29268632306579107,60.281113627669704,53276.171875,52815.890625,53588.2890625,52815.890625,-0.0005048096610307251,-0.00011895039878984104,-0.004830279282035943,-0.010756603705855738
2026-09-01 12:00:00-04:00,52962.1015625,52999.6015625,52957.80078125,52957.80078125,5425075.0,52973.06289186445,52994.509821039144,53040.71524030347,53184.68908105913,53298.81725683155,36.426886382631864,-62.13296648841788,-60.530657007982704,-1.6023094804351743,53044.7755859375,53263.847536189925,52825.70363568508,0.008259887909130861,0.30149260417116974,58.961089886407585,53276.171875,52815.890625,53588.2890625,52815.890625,-0.0001079752639291387,-0.000421664485719786,-0.004511245400970476,-0.011420238224062018
2026-09-01 12:10:00-04:00,52958.9296875,52978.48046875,52918.62109375,52918.62109375,5304511.0,52954.91562582631,52980.71187062294,53029.087226346,53175.96554049161,53292.53302273103,33.276440705406856,-64.33642228914687,-61.29181006421554,-3.0446122249313277,53028.69765625,53234.86496377857,52822.530348721426,0.007775688132679364,0.2330406944254653,59.02525310880705,53276.171875,52815.890625,53588.2890625,52815.890625,-0.0007398284468389527,-0.0009018838302237153,-0.00603977288651969,-0.012284068762029587
2026-09-01 12:20:00-04:00,52919.0390625,52920.25,52815.5,52816.55078125,6980471.0,52908.79401096754,52950.86439982786,53008.84566014638,53164.18145002468,53284.66554766524,26.778697379227637,-73.47195905850094,-63.72783986307262,-9.744119195428325,53007.3421875,53208.43972240446,52806.24465259554,0.00758753510761316,0.02562470161396559,62.29130645817797,53276.171875,52815.890625,53588.2890625,52815.890625,-0.001928816556258539,-0.003101502657614552,-0.008021788392206575,-0.014235548722483116
2026-09-01 12:30:00-04:00,52816.8203125,52819.73046875,52744.609375,52785.30078125,5889993.0,52867.62960106169,52920.76192372279,52987.55567168006,53151.75913301567,53276.411584584,25.15892837579119,-82.28502109649708,-67.43927610975751,-14.845744986739561,52984.5828125,53177.86322784206,52791.30239715793,0.007295722834170072,-0.015525670040882858,63.20771983616526,53276.171875,52815.5,53586.05078125,52815.5,-0.0005916705944966072,-0.0038680450545570677,-0.008549649236787804,-0.014506471691223433
2026-09-01 12:40:00-04:00,52785.01953125,52805.26953125,52757.921875,52758.87109375,5115024.0,52831.376765291134,52891.3272273641,52965.77618806767,53138.87755795778,53267.857196305755,23.84524095422765,-90.36047188301018,-72.02351526440805,-18.33695661860213,52963.537890625,53158.87183280821,52768.203948441784,0.007376166697421064,-0.023889485328233373,62.07485815143917,53266.8203125,52744.609375,53586.05078125,52744.609375,-0.0005007016557417865,-0.0038639508724349625,-0.007914634478674576,-0.014677983222139646
2026-09-01 12:50:00-04:00,52759.140625,52765.7890625,52738.6484375,52755.41015625,4494748.0,52806.05456227743,52866.61503261607,52945.74132789456,53126.30485626244,53259.38699729657,23.670939181442876,-95.9337292298951,-76.80555805750546,-19.128171172389642,52953.389453125,53168.799512252524,52737.97939399747,0.0081358364913812,0.04045948996794731,59.57955578347923,53176.6015625,52744.609375,53586.05078125,52744.609375,-6.559915760617763e-05,-0.003821733946921313,-0.003832608818319483,-0.014779203760029391
2026-09-01 13:00:00-04:00,52756.5703125,52760.109375,52736.7109375,52752.359375,5694380.0,52788.15616651829,52845.841276685875,52927.323999047454,53114.044348680065,53251.006375440425,23.507816490880742,-99.45034668994049,-81.33451578399247,-18.115830905948016,52945.66484375,53177.63958078565,52713.69010671434,0.008762747156740629,0.08334801621030707,56.995190191802145,53176.6015625,52738.6484375,53462.6015625,52738.6484375,-5.782878459226204e-05,-0.0031418376993507247,-0.0029200790245001995,-0.010285998723630896
2026-09-01 13:10:00-04:00,52751.76171875,52782.01953125,52737.66015625,52741.0,4626968.0,52772.43744434553,52826.77922637935,52909.578856281034,53101.81338642826,53242.576517995134,22.875694036879963,-101.97835499406938,-85.46328362600786,-16.515071368061513,52936.57734375,53185.08180978308,52688.07287771693,0.009388762118842006,0.10649128993123949,56.09263196381628,53176.6015625,52736.7109375,53300.01953125,52736.7109375,-0.00021533397054807057,-0.0014304376210197978,-0.003434250865648525,-0.00913943047498389
2026-09-01 13:20:00-04:00,52741.328125,52755.671875,52709.609375,52752.171875,4735894.0,52765.68225456369,52813.21425340129,52894.587715206646,53090.34973031585,53234.47065612745,25.011395339443325,-101.90563808142178,-88.75175451709066,-13.153883564331124,52924.3359375,53183.61562708982,52665.05624791018,0.009798127269693565,0.1679954708902139,55.376193966400834,53176.6015625,52736.7109375,53276.8984375,52736.7109375,0.00021182524032536953,-0.0006276161310000417,-0.004619660075098619,-0.00869659686574864
2026-09-01 13:30:00-04:00,52752.8515625,52790.3515625,52752.109375,52778.30078125,3982892.0,52769.88843012579,52806.86634937378,52883.51276911554,53080.118617231725,53226.9306581956,29.900654445430945,-98.602991134685,-90.72200184060954,-7.880989294075462,52907.7400390625,53159.690493377646,52655.78958474735,0.009524143504490285,0.2431255717233402,54.152336361657916,53176.6015625,52709.609375,53276.8984375,52709.609375,0.0004953143220702838,0.00036827337464195864,-0.006249606508163752,-0.007817763712754777
2026-09-01 13:40:00-04:00,52775.26171875,52797.109375,52765.828125,52766.55078125,3946111.0,52768.77588050053,52799.53624607854,52872.37353217597,53069.83770457658,53219.321073452695,28.985427474918964,-95.829088357219,-91.74341914393143,-4.085669213287574,52889.1771484375,53124.764247255145,52653.59004961985,0.008908707282643234,0.23974303388655416,52.51868733582521,53176.6015625,52709.609375,53276.8984375,52709.609375,-0.00022262937279282635,0.0002111750238886767,-0.006986697839542977,-0.008095175959785816
2026-09-01 13:50:00-04:00,52766.01171875,52771.5703125,52745.359375,52761.62890625,4768872.0,52766.39355575036,52792.644002473346,52861.82642494492,53059.73249807407,53211.75591366422,28.590652531656715,-92.95636152749648,-91.98600762064446,-0.9703539068520257,52870.5060546875,53083.27302655242,52657.73908282258,0.008048607351888795,0.24413992105262855,50.63956234755198,53170.6015625,52709.609375,53276.8984375,52709.609375,-9.32764208978476e-05,0.00017571785148229324,-0.007027788051569339,-0.007021802109628328
2026-09-01 14:00:00-04:00,52761.73046875,52779.12890625,52753.1015625,52778.48828125,4889889.0,52770.425130916905,52790.07023497819,52853.88945887874,53050.511376210976,53204.59446519457,32.00675742439269,-88.30141046116478,-91.24908818874853,2.947677727583752,52857.962890625,53061.15623577441,52654.76954547559,0.007688277566423214,0.3044359934215341,48.88154673344112,53142.01953125,52709.609375,53276.8984375,52709.609375,0.0003195385614411794,0.0007107995913995246,-0.00473064960928915,-0.007844984849972425
2026-09-01 14:10:00-04:00,52778.390625,52802.91015625,52770.7109375,52796.8203125,4614005.0,52779.22352477794,52791.297521800334,52848.45430208076,53042.19363641717,53197.85439655499,35.613575543246384,-82.18570088826527,-89.43641072865188,7.250709840386605,52848.5443359375,53044.61310641798,52652.47556545702,0.007420025393098741,0.36809724131297106,47.689951877481036,53030.21875,52709.609375,53276.8984375,52709.609375,0.00034733907406203635,0.0008463810287431262,-0.0035551649196794433,-0.007555975560416428
2026-09-01 14:20:00-04:00,52796.44921875,52804.80859375,52751.91015625,52760.9609375,4480812.0,52773.1359956853,52785.781779200275,52840.12160069212,53032.97289219037,53190.63301706648,32.033889242695736,-79.31817827829218,-87.41276423857995,8.094585960287773,52838.1013671875,53029.41090226248,52646.79183211251,0.0072413478200331295,0.2983884345930252,48.06198656480382,53001.1796875,52709.609375,53276.8984375,52709.609375,-0.0006791957316321096,-0.0003285411522032655,-0.003942988172657813,-0.008680827852571626
2026-09-01 14:30:00-04:00,52761.3984375,52762.609375,52724.51171875,52733.46875,5559149.0,52759.913580456865,52776.27031934568,52829.96418634048,53023.1530842497,53183.076582900096,29.579144883710185,-78.3607418656029,-85.60235976398454,7.241617898381634,52825.7677734375,53010.55260732644,52640.982939548565,0.006996011290605559,0.25025270879920325,47.350248685174975,53001.1796875,52709.609375,53276.8984375,52709.609375,-0.0005210706365368356,-0.0006269508004634883,-0.004655930922229379,-0.009031839032880629
2026-09-01 14:40:00-04:00,52733.58984375,52742.48046875,52691.30859375,52720.109375,6520046.0,52746.64551197125,52766.05923855555,52819.50182335568,53013.217224930035,53175.424232356294,28.43871624237687,-77.78331884294312,-84.03855157977625,6.255232736833136,52813.4537109375,52991.825997041895,52635.08142483311,0.006754804829870578,0.2383440612437093,47.62322199337677,52999.6015625,52709.609375,53276.8984375,52709.609375,-0.00025333768698843073,-0.0007869266379886275,-0.004649764635533904,-0.00922106860269789
2026-09-01 14:50:00-04:00,52720.83984375,52748.05859375,52715.23046875,52732.53125,6724111.0,52741.94075798083,52759.96324063636,52811.21891160752,53004.01440607986,53168.10368719338,31.098798070892386,-75.45358349649905,-82.32155796312082,6.867974466621774,52801.03671875,52965.060859026504,52637.0125784735,0.0062129136270635465,0.29117260229342173,46.56642935099271,52999.6015625,52691.30859375,53276.8984375,52691.30859375,0.00023561929493820521,-0.0008707530804046293,-0.004687349200253044,-0.009104228263390746
2026-09-01 15:00:00-04:00,52732.28125,52770.6015625,52729.25,52753.08984375,5805413.0,52745.657119903895,52758.713532111564,52805.6828099068,52995.787371249375,53161.24395424391,35.38008365416927,-71.12842059262766,-80.0829304890222,8.95450989639454,52789.177734375,52929.31818410647,52649.03728464353,0.005309438629130853,0.37124384610528527,46.19393886163609,52999.6015625,52691.30859375,53276.8984375,52691.30859375,0.0003898654827043657,-0.0008282784548607758,-0.004475910192533128,-0.008708598538165746
2026-09-01 15:10:00-04:00,52752.3515625,52804.01953125,52752.3515625,52783.359375,5684979.0,52758.22453826927,52763.194594454915,52803.556768487106,52988.82251891333,53154.99792814071,41.175718391861494,-64.51451644465851,-76.96924768014946,12.454731235490954,52780.1697265625,52895.245905963704,52665.09354716129,0.0043605839085922036,0.5138588561685836,46.58494099651923,52999.6015625,52691.30859375,53276.8984375,52691.30859375,0.000573796366045265,0.0004245267163829336,-0.00340158958174408,-0.008640520580855293
2026-09-01 15:20:00-04:00,52783.78125,52783.78125,52757.71875,52763.28125,5478366.0,52759.91010884618,52763.210350008565,52799.721004821666,52981.42772321125,53148.523272303675,38.696534025129154,-60.19914833506482,-73.61522781113254,13.416079476067722,52770.44375,52851.7495578826,52689.1379421174,0.0030814903989735644,0.4559533310932675,45.11905235391072,52999.6015625,52691.30859375,53276.8984375,52691.30859375,-0.0003803874031085286,0.0005653430488583577,-0.0036731044035135385,-0.008585787708736192
2026-09-01 15:30:00-04:00,52763.0,52769.4609375,52735.328125,52735.328125,7514833.0,52751.71611423079,52758.14085455246,52793.588349600555,52973.35888392564,53141.69360044742,35.492506716000705,-58.362010661330714,-70.56458438117218,12.202573719841467,52761.2791015625,52807.430890857984,52715.12731226701,0.0017494568017067025,0.21885189113312803,44.33432093577424,52978.48046875,52691.30859375,53276.8984375,52691.30859375,-0.0005297836741341433,0.00028867068335824975,-0.0034636762062503212,-0.00890399242963158
2026-09-01 15:40:00-04:00,52735.578125,52760.8203125,52728.9296875,52742.6484375,8443695.0,52748.69355532053,52755.32405145201,52788.736929400504,52965.79460699365,53135.09781263011,36.96445844356978,-55.67360709174682,-67.5863889232871,11.912781831540286,52757.583984375,52796.747752128416,52718.420216621584,0.0014846687355893817,0.30931933095613423,43.445485511790366,52920.25,52691.30859375,53276.8984375,52691.30859375,0.0001388123059109514,0.00019185855979553246,-0.001399226997160108,-0.008876067796042886
2026-09-01 15:50:00-04:00,52742.3203125,52773.58984375,52708.23828125,52773.58984375,29903369.0,52756.99231813036,52758.64510459709,52787.29434981474,52959.49281147747,53129.12247430152,42.89572118809669,-50.464590610266896,-64.16202926068307,13.697438650416174,52756.9984375,52794.81407692519,52719.182798074806,0.0014335781240470723,0.7193722822381824,45.010205296662484,52819.73046875,52691.30859375,53276.8984375,52691.30859375,0.0005866487020778077,0.0003886028299142641,-0.00022185982322109332,-0.008388378873815716
2026-09-02 09:30:00-04:00,52829.578125,53066.48046875,52829.578125,53035.26953125,6446189.0,52849.75138917024,52808.940454897616,52810.91103376096,52961.97729409296,53127.57118598662,69.24902970232284,-24.933624385630537,-56.31634828567257,31.38272390004203,52770.818359375,52897.91013950925,52643.72657924075,0.004816744711773934,1.5403944755343408,62.71594956118659,52805.26953125,52691.30859375,53276.8984375,52691.30859375,0.0049585349087444275,0.0047725298130476546,0.005238899767374683,-0.002791619295636094
2026-09-02 09:40:00-04:00,53035.6484375,53036.578125,52935.21875,52946.5390625,11498571.0,52882.01394694683,52833.9583835526,52823.82798887897,52961.47112256532,53124.578919482716,59.262119954206874,-11.724800783587852,-47.39803878525563,35.67323800166778,52780.3748046875,52928.41226125269,52632.3373481223,0.005609564430453691,1.0612236986094308,65.47619423538755,53066.48046875,52691.30859375,53276.8984375,52691.30859375,-0.0016730464374791199,0.003473207278972934,0.0036229252257524713,-0.005285792076228812
2026-09-02 09:50:00-04:00,52946.2109375,53050.62109375,52944.75,53033.51171875,12439401.0,52932.513204214556,52870.24080813394,52843.797867914305,52963.833109325475,53123.0736764954,64.64444297241765,5.695598272533971,-36.77931137369771,42.47490964623168,52794.432421875,52978.23478511997,52610.63005863003,0.006962944947536258,1.1503705737351186,68.36154420071702,53066.48046875,52691.30859375,53276.8984375,52691.30859375,0.0016426504506239503,0.005654342247443767,0.005329663868707257,-0.0035634884124425836
2026-09-02 10:00:00-04:00,53035.78125,53107.01171875,53033.26171875,53080.91015625,16803710.0,52981.978854893045,52908.54432597321,52866.37999061294,52967.67170102792,53122.376758805396,67.1886987094295,23.06022390598082,-24.811404317762005,47.871628223742825,52811.4279296875,53031.588810200505,52591.2670491745,0.008337622713255218,1.1120120566709457,68.7464339006658,53066.48046875,52691.30859375,53276.8984375,52691.30859375,0.0008937450295836147,0.00641343824724383,0.006444894034053128,-0.0024211381066949755
2026-09-02 10:10:00-04:00,53081.828125,53163.2890625,53075.0,53146.01953125,11241692.0,53036.659080345366,52951.72163602353,52893.01232781647,52973.51917087126,53122.76754843258,70.34556979123155,41.59610326089751,-11.529902802030103,53.12600606292761,52831.1203125,53093.05103904566,52569.189585954344,0.009915774073929132,1.1011116429578274,70.14233594347539,53107.01171875,52691.30859375,53276.8984375,52691.30859375,0.0012266062282719759,0.0070571224849906855,0.007465998882155045,-0.0015856035097411292
2026-09-02 10:20:00-04:00,53140.51953125,53168.87109375,53118.87109375,53130.6484375,10023857.0,53067.98886606358,52984.25378174652,52915.64433826252,52978.67095010499,53122.8978110618,68.66591311694438,54.41830207730527,1.6597381738369723,52.7585639034683,52848.7376953125,53139.85907164375,52557.61631898125,0.011017155339060046,0.9841807663528177,68.70359766179857,53163.2890625,52691.30859375,53276.8984375,52691.30859375,-0.0002892238004947867,0.0017984052328385847,0.006675994699230081,-0.001419008934440913
2026-09-02 10:30:00-04:00,53129.28125,53193.76953125,53110.48046875,53193.08984375,10445662.0,53109.689191959056,53022.22397483806,52942.06771973752,52985.70107776548,53124.05800994921,71.62941153422936,68.82511359069758,15.092813257209096,53.73230033348849,52870.0646484375,53194.55970648416,52545.56959039085,0.012275190514874615,0.9977351538987915,69.74541657881295,53168.87109375,52691.30859375,53276.8984375,52691.30859375,0.001175242691108025,0.004656598629779518,0.008083512304381424,-0.0003820846420619084
2026-09-02 10:40:00-04:00,53193.8203125,53227.5,53191.3515625,53205.69140625,8561910.0,53141.68993005604,53055.581689640225,52967.174737500616,52992.91387542071,53125.407322284766,72.20083208951735,80.33342259873461,28.140935125514204,52.19248747322041,52892.2677734375,53243.69704047831,52540.83850639669,0.01328849307600678,0.9459270502022533,67.34563235889775,53193.76953125,52691.30859375,53276.8984375,52691.30859375,0.0002369022468335924,0.0032466205220034183,0.008416391025171555,-0.0003836081387453838
2026-09-02 10:50:00-04:00,53205.75,53206.83984375,53171.640625,53175.25,7395479.0,53152.876620037365,53077.33956425109,52986.991429167225,52998.89210901347,53126.23116819742,68.60603145660748,86.0060491281256,39.713957926036485,46.29209120208911,52912.105859375,53280.01204940141,52544.199669348585,0.01390631440767831,0.857623964693431,65.04945995826219,53227.5,52691.30859375,53276.8984375,52691.30859375,-0.0005721456754985699,0.001777283838432675,0.007517489258800136,-0.0013669810904127777
2026-09-02 11:00:00-04:00,53175.41015625,53187.05859375,53094.41015625,53101.69921875,11093475.0,53135.817486274915,53081.7685923418,52997.91598055606,53002.26283392286,53125.8256814297,60.73745033908079,83.60298993744073,48.49176432831733,35.111225609123395,52927.3498046875,53300.11840597409,52554.581203400914,0.014086048240169948,0.7338574298649891,67.02081549695775,53227.5,52691.30859375,53276.8984375,52691.30859375,-0.0013831769714294229,-0.000833934749787657,0.005774569461673096,-0.00276604433725669
2026-09-02 11:10:00-04:00,53101.87890625,53131.609375,53077.6484375,53094.640625,10801401.0,53122.09186584994,53084.10896191602,53007.12785145549,53005.29161395818,53125.31022595153,60.02592791602293,80.20443192551465,54.8342978477568,25.370134077757854,52944.0337890625,53315.3869921644,52572.6805859606,0.014028141663003204,0.7027811187294005,66.08796706860363,53227.5,52691.30859375,53276.8984375,52691.30859375,-0.00013292594877090114,-0.0006777220598457312,0.006324367137575004,-0.002970133837571165
2026-09-02 11:20:00-04:00,53095.890625,53101.2890625,53054.76953125,53076.609375,8828810.0,53106.93103556663,53082.74540065856,53013.74513941211,53007.62990120545,53124.50525320853,58.151848922852125,75.18934309080214,58.90530689636587,16.28403619443627,52961.1908203125,53323.64561284675,52598.73602777825,0.013687562040060258,0.6592178625650197,64.6902216529891,53227.5,52691.30859375,53276.171875,52691.30859375,-0.000339605839454693,-0.002189766924466152,0.0065070747882483015,-0.0031316996884440673
2026-09-02 11:30:00-04:00,53076.609375,53091.9296875,53043.8984375,53044.30859375,7593957.0,53086.05688829442,53075.756890311546,53016.655944587146,53008.83248128888,53123.179688589385,54.848276223223564,67.82658332752908,60.68956218259852,7.137021144930557,52977.40078125,53323.92651693801,52630.87504556199,0.013082021034548533,0.5965408995772842,63.50029510634702,53227.5,52691.30859375,53276.171875,52691.30859375,-0.0006085690406820721,-0.0030331870188052834,0.006149441315532078,-0.003002810082229135
2026-09-02 11:40:00-04:00,53045.30859375,53054.51953125,52993.12109375,52994.890625,10707627.0,53055.66813386295,53061.05393298218,53014.58305700742,53008.37537124662,53121.059208199484,50.15386337639094,57.34291269160167,60.02023228439916,-2.677319592797488,52990.51875,53318.330773174224,52662.70672682578,0.012372478356770997,0.5066682651808557,63.35016242017938,53227.5,52708.23828125,53276.171875,52691.30859375,-0.0009316356468792586,-0.003391791764025598,0.004975285061818546,-0.0037569064668270258
2026-09-02 11:50:00-04:00,52994.7109375,53056.75,52994.7109375,53053.640625,8569832.0,53054.99229757531,53059.7060588036,53018.30282538766,53009.85947792706,53119.94485145238,55.0765180599979,53.16233982651465,58.64865379282226,-5.4863139663076055,53005.5462890625,53315.513693691704,52695.57888443329,0.011695659278325988,0.5775796667959873,63.25651242588085,53227.5,52708.23828125,53276.171875,52691.30859375,0.0011085974384912323,-0.0009050293014546407,0.005697311420813644,-0.0032125781760015126
2026-09-02 12:00:00-04:00,53053.98828125,53058.55859375,53020.69921875,53028.26171875,7815614.0,53046.08210463355,53053.988906066574,53019.25129142217,53010.462830085184,53118.429427771356,52.65729385870476,47.25659546125826,56.37024212650946,-9.113646665251203,53017.79140625,53310.553790353355,52725.02902214664,0.011043929833291553,0.5178819292855346,61.442431181175074,53227.5,52708.23828125,53276.171875,52691.30859375,-0.0004783631424917223,-0.0012501997465022008,0.004639764248616451,-0.00361379168409548
2026-09-02 12:10:00-04:00,53029.12890625,53056.87109375,53011.94140625,53025.58984375,6442802.0,53039.2513510057,53048.82544019083,53019.854963072445,53010.95879774632,53116.894889192496,52.39635507305018,41.87791004162864,53.4717757095333,-11.593865667904659,53030.9068359375,53299.381852952014,52762.43181892299,0.010125228212487396,0.49009778964421474,60.262949489662574,53227.5,52708.23828125,53276.171875,52691.30859375,-5.0385868089919406e-05,-0.0009612432265507787,0.004971423071797654,-0.0032369619449351683
2026-09-02 12:20:00-04:00,53025.078125,53025.328125,52958.08984375,52960.28125,6096077.0,53012.92798400381,53032.72649651976,53014.181276113166,53009.29723880382,53114.30623399923,46.350307010529114,31.97679677791166,49.17277992320898,-17.19598314529732,53042.1544921875,53276.882069353844,52807.42691502116,0.008850604935397691,0.32559943919694817,60.77988166897239,53227.5,52708.23828125,53276.171875,52691.30859375,-0.0012316429471589396,-0.001584097257135375,0.004265700679187745,-0.00525727822751354
2026-09-02 12:30:00-04:00,52961.87109375,53003.359375,52961.01953125,53001.30859375,5822032.0,53009.05485391921,53027.01415056162,53012.95530636429,53009.035316015164,53112.43850440834,50.23521221616733,27.12794290430611,44.763812519428406,-17.635869615122296,53055.0875,53246.97519330785,52863.19980669215,0.007233526598475593,0.3598687979334801,59.515470478331515,53227.5,52708.23828125,53276.171875,52691.30859375,0.0007746813797369079,0.00012110542496279741,0.004904193549486013,-0.004551744973744998
2026-09-02 12:40:00-04:00,53000.3984375,53000.73828125,52976.53125,52991.48046875,5604431.0,53003.19672552947,53020.553481141316,53010.91008373436,53008.459747252375,53110.43919803382,49.31398816821082,22.235822998729418,40.25821461528861,-18.02239161655919,53065.98203125,53211.95157734925,52920.01248515075,0.005501435779075629,0.24480443184585804,57.034175712022126,53227.5,52708.23828125,53276.171875,52691.30859375,-0.00018543174236185234,-0.0011716473274542283,0.0041287815675439266,-0.004677038482152618
2026-09-02 12:50:00-04:00,52992.640625,53002.94921875,52979.83984375,52982.30859375,6077878.0,52996.23401493632,53013.599865251985,53008.18613230728,53007.602332383445,53108.32133680599,48.42157075098114,17.41790628639137,35.69015294950916,-18.27224666311779,53063.333984375,53213.302838063944,52913.365130686056,0.005652447459600036,0.22985927200237993,54.61097566116341,53227.5,52829.578125,53266.8203125,52691.30859375,-0.00017308206751098787,-0.0008665780003072054,-0.0009985984415293858,-0.0037130837391833316
2026-09-02 13:00:00-04:00,52982.58984375,53027.73046875,52978.9296875,53003.05859375,6673079.0,52998.50887454089,53011.68327043344,53007.69779530182,53007.45335734628,53106.581456755484,50.59964479678413,15.099961212203198,31.57211460204797,-16.472153389844774,53066.1599609375,53209.18837171833,52923.131550156664,0.005390569465969179,0.27940967517219584,54.19596177465174,53227.5,52935.21875,53227.5,52691.30859375,0.00039164016349513275,-0.00042491276507050646,0.0010674830168462268,0.0008436755131628892
2026-09-02 13:10:00-04:00,53002.30859375,53014.140625,52973.1796875,52977.76953125,4710507.0,52991.59576011059,53005.51713603645,53004.84748443974,53006.480117146406,53104.45233401986,47.94244611300301,11.094466937989637,27.476585069236304,-16.382118131246667,53063.3728515625,53210.937909907276,52915.80779321772,0.005561842393907815,0.2099471877939795,53.25060289789091,53227.5,52944.75,53227.5,52691.30859375,-0.00047712458810789116,0.00033021503733055013,-0.0010510747957935829,0.001340430712763574
2026-09-02 13:20:00-04:00,52977.3515625,52983.1015625,52956.78125,52958.6015625,5290399.0,52980.5976942404,52996.98703175709,53000.44311092167,53004.91032846948,53102.04157746581,45.971854499092416,6.300757769444317,23.24141960927791,-16.94066183983359,53057.257421875,53211.3993879792,52903.1154557708,0.005810400823343371,0.17998377771985571,51.32701072661298,53227.5,52958.08984375,53227.5,52691.30859375,-0.0003618115469865568,-0.0008057731475527019,-0.0023041917214676744,0.0006774319645144189
2026-09-02 13:30:00-04:00,52958.44140625,52967.609375,52943.609375,52960.62109375,4883101.0,52973.93882741027,52990.37504302852,52996.6505378577,53003.4582224131,53099.70404880935,46.22265877515493,2.6343014234953444,19.119995972121398,-16.485694548626054,53047.9875,53201.96150260677,52894.013497393236,0.0058050836558791825,0.21629494339662156,49.37508138899777,53227.5,52956.78125,53227.5,52691.30859375,3.813414989095598e-05,-0.0005823459682013921,-0.003488472685917454,-0.000686433312262924
2026-09-02 13:40:00-04:00,52961.12109375,53020.71875,52959.4609375,52995.46875,5506883.0,52981.115468273514,52991.30117156879,52996.53798663316,53003.19627249792,53097.98115130837,50.493240667640556,2.5115711504695355,15.798311007791026,-13.286739857321491,53041.228515625,53191.92800368736,52890.52902756264,0.005682352851912819,0.34817544434502573,50.2238478969265,53227.5,52943.609375,53227.5,52691.30859375,0.0006579918348825764,0.0002483877467647222,-0.0025442883058168775,-0.0021606011554979876
2026-09-02 13:50:00-04:00,52995.5,53025.94921875,52988.19921875,53020.421875,5387545.0,52994.217603849014,52996.59584491992,52998.81264266809,53003.76104635044,53096.69917979914,53.350010985627904,4.377355738266488,13.51411995388612,-9.136764215619632,53032.5951171875,53166.33517883985,52898.85505553515,0.005043692897050314,0.45448917086960056,49.33285876143175,53227.5,52943.609375,53227.5,52691.30859375,0.00047085393503576434,0.0003275901751838006,-0.0032460601415935653,-0.0022090997324982764
2026-09-02 14:00:00-04:00,53020.6484375,53043.87109375,52993.390625,53016.73046875,4661121.0,53001.72189214935,53000.256685616296,53000.51910229494,53004.18627331436,53095.3773829223,52.864026229106244,5.494797230268887,11.910255409162675,-6.415458178893788,53023.1470703125,53130.79099298504,52915.50314763996,0.004060261550669482,0.47019524463995477,49.41483090347234,53227.5,52943.609375,53227.5,52691.30859375,-6.962234775687026e-05,0.0007354204951384169,-0.0035515173754100404,-0.0022267845943557685
2026-09-02 14:10:00-04:00,53015.890625,53068.671875,53012.78125,53041.37890625,5413115.0,53014.94089684957,53007.73345300424,53004.41051219542,53005.405703902405,53094.484846117804,55.76182090863243,8.273923929358716,11.182989113201884,-2.9090651838431683,53016.453515625,53099.20264924788,52933.70438200211,0.00312163972260035,0.6506081667186672,49.87738762465289,53206.83984375,52943.609375,53227.5,52691.30859375,0.0004649180981564083,0.001563057582861349,-0.002517545169040125,0.00022680540862030085
2026-09-02 14:20:00-04:00,53041.01171875,53049.328125,52995.7890625,53006.359375,5057364.0,53012.080389566385,53007.48362063983,53004.59611817681,53005.43697180724,53093.02822676049,50.96763140706494,7.563431825466978,10.459077655654903,-2.8956458301879255,53011.6865234375,53084.649079670206,52938.723967204794,0.002752697037867202,0.46349395695163365,50.138935830034825,53187.05859375,52943.609375,53227.5,52691.30859375,-0.00066023040826102,0.0008636281128393541,-0.0017954198293589352,0.0003995072620894824
2026-09-02 14:30:00-04:00,53005.5703125,53020.0,52981.859375,52982.0703125,4656263.0,53002.07703054426,53002.86301915986,53002.450803350446,53004.67085182995,53091.19421164875,47.89205294841092,4.98299648109969,9.363861420743861,-4.380864939644171,53006.0580078125,53069.27162387973,52942.84439174527,0.0023851468470986385,0.3102648068179926,49.28191362788948,53131.609375,52943.609375,53227.5,52691.30859375,-0.00045822921601090805,-0.00025282232266321536,-0.00212018221000998,0.00023126376354931644
2026-09-02 14:40:00-04:00,52982.26171875,52992.94140625,52972.91015625,52987.328125,5483499.0,52997.16072869618,53000.038492948974,53001.010548269456,53004.10223783553,53089.47741682811,48.61490357285888,3.323928231446189,8.155874782884327,-4.831946551438138,53001.5939453125,53056.283180632694,52946.90470999231,0.0020636826649636196,0.3695737814856956,47.19258051161166,53101.2890625,52943.609375,53227.5,52691.30859375,9.923758110974568e-05,-0.0006241698732240009,-0.001682120449126745,0.000135664041567507
2026-09-02 14:50:00-04:00,52987.44140625,53020.98046875,52987.44140625,53002.87109375,4985476.0,52999.06418371412,53000.553511276434,53001.18774307713,53004.06187245567,53088.04590735574,50.78824047006019,3.2261038537253626,7.169920597052534,-3.9438167433271714,52999.5220703125,53050.60200550473,52948.442135120276,0.0019275621061057584,0.5327821817402022,46.22542074292512,53091.9296875,52943.609375,53227.5,52691.30859375,0.00029333369505502027,-0.00026141512080168905,-0.0007811865419409258,0.0006887474928825021
2026-09-02 15:00:00-04:00,53003.05078125,53041.53125,52995.0703125,53037.44140625,5293056.0,53011.85659122608,53007.260401271626,53004.64047290312,53005.156283399745,53087.20946932094,55.31517253978009,5.870441832958022,6.910024844233632,-1.0395830112756101,53001.649609375,53055.26247387453,52948.03674487548,0.002023063994975844,0.833798587420315,46.24224336843047,53068.671875,52943.609375,53227.5,52691.30859375,0.000652234714584754,-7.42344954296481e-05,0.0008029223336094571,0.0010677497619828724
2026-09-02 15:10:00-04:00,53037.41015625,53061.5390625,53037.41015625,53061.37109375,5719725.0,53028.361425400726,53017.09870899496,53010.04338917425,53006.99939193582,53086.78238873299,58.18271169394544,9.78423792115791,7.4848674596184885,2.2993704615394215,53002.0361328125,53057.23087564568,52946.84138997932,0.0020827404703800388,1.0375055475558308,44.66271928854258,53068.671875,52943.609375,53227.5,52691.30859375,0.00045118480201011835,0.001037832429894081,0.00014571042927369326,0.0013417852584816092
2026-09-02 15:20:00-04:00,53060.83984375,53090.41015625,53043.08984375,53089.87109375,6742394.0,53048.86464818382,53030.330051677694,53017.646027705276,53009.71649691333,53086.83344170848,61.36285584094449,15.012605364376213,8.990415040570035,6.0221903238061785,53005.1166015625,53071.55410818766,52938.67909493734,0.0025068337128495675,1.1378512416614783,44.852547375075254,53068.671875,52943.609375,53227.5,52691.30859375,0.0005371139006122849,0.002034665323838114,0.0011618215080622107,0.002385633802630016
2026-09-02 15:30:00-04:00,53087.921875,53094.5703125,53063.05078125,53071.4296875,8739804.0,53056.38632795589,53037.802712736295,53022.76828101906,53011.73988021125,53086.578834200904,58.2746619460557,17.46671149094618,10.685674330645265,6.781037160300917,53007.40859375,53079.44041809172,52935.37676940828,0.002717802143235262,0.9443945043393878,43.900189080427026,53090.41015625,52943.609375,53227.5,52691.30859375,-0.00034736204609420174,0.0015872014210944752,0.0008644853152048881,0.0021456500189529493
2026-09-02 15:40:00-04:00,53072.4296875,53094.4609375,53070.91015625,53085.51171875,8949259.0,53066.09479155393,53046.47707746606,53028.743846517245,53014.1586290158,53086.561195928996,59.93288526497265,20.313746288229595,12.611288722162131,7.702457566067464,53013.6701171875,53089.87759277968,52937.462641595324,0.00287501225339505,0.9713553427944179,42.446659949682235,53094.5703125,52943.609375,53227.5,52691.30859375,0.00026534109468911993,0.0015591726126273908,0.0023646110971133893,0.003153722102931189
2026-09-02 15:50:00-04:00,53085.609375,53087.87109375,53041.078125,53066.25,25047341.0,53066.14652770262,53050.07215429041,53032.31586113465,53015.86654281856,53086.22547368224,56.618406699983325,20.77628605773498,14.244288189276702,6.5319978684582765,53016.9171875,53096.212665534076,52937.62170946593,0.0029913273815463984,0.8110695194926422,42.75711057827636,53094.5703125,52943.609375,53227.5,52691.30859375,-0.00036284323398916296,0.0005431746514568125,0.001225279299191806,0.004727669926500422
2026-09-03 09:30:00-04:00,53309.171875,53534.33984375,53309.171875,53449.8203125,9325916.0,53194.03778930176,53122.753637601236,53072.07818983612,53030.09453526713,53092.23530572882,80.15480567431007,51.50010954031313,21.695452459483988,29.804657080829145,53039.8341796875,53243.6444750795,52836.02388429551,0.007685178452916346,1.5058032937540202,73.13802009054234,53094.5703125,52943.609375,53227.5,52691.30859375,0.0072281405318823655,0.007320753511319555,0.008649311921381297,0.01258910191691176
2026-09-03 09:40:00-04:00,53444.30859375,53537.640625,53414.3203125,53437.078125,15182767.0,53275.05123453451,53179.90354440101,53106.84008842315,53043.43825952067,53097.93518703909,78.62864934283621,73.96811458175944,32.14998488393908,41.81812969782036,53062.57265625,53327.84458286917,52797.30072963083,0.009998457041940108,1.2058897515522788,76.72246954836075,53534.33984375,52943.609375,53534.33984375,52691.30859375,-0.00023839532903013883,0.006539986330666991,0.008583422340785685,0.012854843501955537
2026-09-03 09:50:00-04:00,53437.44140625,53544.87109375,53436.140625,53491.48828125,11275644.0,53347.19691677301,53236.55531473718,53143.47324964476,53058.12842416753,53104.440196860756,80.34921054211384,95.06872228281281,44.73373236371383,50.33498991909899,53086.994140625,53409.59125375951,52764.39702749049,0.012153527181439654,1.126933912543021,79.0087552056207,53537.640625,52943.609375,53537.640625,52691.30859375,0.0010182097928843614,0.007914966606767937,0.009215122682704857,0.013952656662509
2026-09-03 10:00:00-04:00,53502.30859375,53502.30859375,53294.2109375,53303.19921875,11539798.0,53332.53101743201,53248.672388194056,53158.6852467024,53066.16353218663,53107.72546994984,61.805551151332786,95.49692307670921,54.8863705063129,40.61055257039631,53103.265625,53434.887060812645,52771.644189187355,0.012489681450269392,0.8014485376375904,88.22939099450494,53544.87109375,52943.609375,53544.87109375,52691.30859375,-0.003519981749432799,0.004100695141704858,0.0061427593192280305,0.01044199444870797
2026-09-03 10:10:00-04:00,53303.62109375,53374.0390625,53286.1484375,53372.3203125,9758034.0,53345.79411578801,53271.15382897695,53179.03144344503,53076.20145941001,53112.09893842175,64.99903037612624,100.25805741008662,63.96070788706764,36.29734952301898,53123.9515625,53468.26782907301,52779.635295926986,0.012962750565267212,0.8606694979473687,88.20519342346888,53544.87109375,52943.609375,53544.87109375,52691.30859375,0.001296753192361555,0.005767701929192182,0.007812116215186293,0.011970199891924604
2026-09-03 10:20:00-04:00,53372.05078125,53378.41015625,53329.62109375,53343.01171875,10132666.0,53344.86665010868,53284.21889984478,53194.64861252169,53084.949336765414,53115.915678592464,62.608648753210716,100.5077414187399,71.2701145934021,29.2376268253378,53143.07109375,53491.429483246706,52794.71270425329,0.013110209189159117,0.786975469844242,85.38975550036398,53544.87109375,52943.609375,53544.87109375,52691.30859375,-0.0005491347121203694,-0.0019982965915607,0.007220282109665854,0.011200294182200476
2026-09-03 10:30:00-04:00,53341.7890625,53422.98828125,53330.1015625,53404.69140625,9158188.0,53364.80823548912,53306.122991918455,53214.65268811487,53095.43268330589,53120.68883111573,65.48535576152344,104.47829237801488,77.91175015032465,26.566542227690235,53163.5322265625,53522.71279802383,52804.35165510117,0.013512291468168066,0.8357074391667982,85.92525287533797,53544.87109375,52959.4609375,53544.87109375,52691.30859375,0.0011562843100274556,-0.0006060720362411898,0.007721842374495358,0.011868336337621077
2026-09-03 10:40:00-04:00,53404.23828125,53476.55859375,53394.30859375,53460.23828125,8343223.0,53396.61825074276,53334.1439536151,53238.041792222975,53107.39352258274,53126.30121872126,67.88185387184609,110.82957683467976,84.49531548719567,26.334261347484087,53185.523046875,53560.47248378084,52810.573609969164,0.014099680342538936,0.8663363741015416,85.66273481281384,53544.87109375,52972.91015625,53544.87109375,52691.30859375,0.0010401122736101165,-0.0005842050951301303,0.008295226456079607,0.013146349149781633
2026-09-03 10:50:00-04:00,53459.66015625,53496.23828125,53383.8515625,53493.828125,8837143.0,53429.02154216184,53363.177439321444,53262.402395344594,53120.06350954723,53132.37604361843,69.27132816121514,117.22217097497924,91.0406865847524,26.181484390226842,53209.3779296875,53598.766008413004,52819.989850961996,0.014636069575556895,0.8652528298292113,87.57159080832713,53544.87109375,52972.91015625,53544.87109375,52691.30859375,0.0006283145161696257,0.003576312661228487,0.008999001862840528,0.013877494571879367
2026-09-03 11:00:00-04:00,53495.75,53572.828125,53478.46875,53560.9296875,7673716.0,53472.99092394123,53399.13239353572,53290.833566026056,53134.51813833257,53139.459574922264,71.88773467277217,126.24757967777987,98.0820652033579,28.16551447442197,53235.35546875,53645.229521380315,52825.481416119685,0.01539856544663886,0.8971637343967839,88.05643253630377,53544.87109375,52972.91015625,53544.87109375,52691.30859375,0.001254379521002047,0.0035338425216606684,0.009795197484746776,0.014825006015338538
2026-09-03 11:10:00-04:00,53558.9609375,53649.91015625,53554.30859375,53647.94921875,8333887.0,53531.31035554416,53444.37181630195,53324.844580571196,53151.351944247894,53147.86436242355,74.87538420437386,138.82177896426583,106.23000795553949,32.59177100872634,53267.4349609375,53700.37749992026,52834.49242195474,0.01625543033188094,0.9394512245280364,88.59537039085352,53572.828125,52972.91015625,53572.828125,52691.30859375,0.0016246829873511892,0.005716540745913878,0.01210401641076686,0.01612083646727669
2026-09-03 11:20:00-04:00,53648.69140625,53716.26171875,53625.359375,53716.26171875,7582160.0,53592.96080994611,53493.80634401977,53362.12240325489,53169.873576198785,53157.25936004878,76.94665061872244,152.54077522616717,115.49216140966503,37.04861381650214,53304.14453125,53758.07334399586,52850.21571850414,0.017031651731310955,0.9539447331037059,88.76015420222113,53649.91015625,52972.91015625,53649.91015625,52691.30859375,0.0012733478351885097,0.0058341374942114665,0.013857355930403825,0.018106205123550323
2026-09-03 11:30:00-04:00,53715.859375,53746.5,53660.21875,53668.5,7028349.0,53618.14053996408,53525.56882692527,53391.301221992515,53186.221983536525,53165.70961856037,72.44951029376699,157.74086851994798,123.94190283172162,33.79896568822636,53338.203125,53794.15034812538,52882.25590187462,0.017096459813498156,0.8622095477804574,88.5830896163482,53716.26171875,52972.91015625,53716.26171875,52691.30859375,-0.0008891482247977978,0.003895637682240549,0.012855373144935234,0.01773126767808164
2026-09-03 11:40:00-04:00,53667.71875,53724.1484375,53660.4296875,53720.890625,4783316.0,53652.39056830939,53561.08188112068,53422.69068894561,53203.75210292877,53174.88616412136,74.22877321125524,164.19670806898648,131.9928638791746,32.20384418981189,53374.1041015625,53831.851608489626,52916.35659463538,0.0171524193101622,0.8787967363989476,86.80706535803763,53746.5,52987.44140625,53746.5,52691.30859375,0.0009761894779991565,0.00424464855028539,0.013546804473666851,0.01898291300728161
2026-09-03 11:50:00-04:00,53721.03125,53732.2109375,53694.71875,53712.30078125,5243013.0,53672.360639289596,53588.576226598736,53450.2726024984,53220.42583008684,53183.769050354895,73.39187020590991,166.69828476046678,138.93394805543304,27.76433670503374,53407.8470703125,53860.82110167089,52954.87303895411,0.016962826858084746,0.8360608885508272,83.28457408246352,53746.5,52995.0703125,53746.5,52708.23828125,-0.00015989764224055847,0.0028261476160547083,0.01272420684532638,0.018579982944588957
2026-09-03 12:00:00-04:00,53713.5,53715.51171875,53638.1015625,53642.51171875,5742950.0,53662.410999109736,53598.38267971715,53468.58108976046,53234.26471168235,53191.351573799446,66.8019691673984,161.19129530494683,143.3854175053358,17.80587779961104,53436.9041015625,53871.42982899771,53002.378374127285,0.01626313255758041,0.7365885426406188,82.86497280871613,53746.5,53037.41015625,53746.5,52708.23828125,-0.0012993124756324193,-0.00010135522567378263,0.010952235364842577,0.016860090615248957
2026-09-03 12:10:00-04:00,53640.62109375,53651.96875,53617.0,53644.16015625,5647755.0,53656.32738482316,53606.70585726857,53485.302905616605,53247.703906586205,53198.8360131788,66.87762148873182,155.17126387621101,145.74258677951084,9.42867709670017,53464.6185546875,53877.225967240505,53052.01114213449,0.015434783739491637,0.717569529897183,79.44381403666499,53746.5,53041.078125,53746.5,52708.23828125,3.07300580675296e-05,-0.0013422669447384905,0.010440580304314384,0.016308184841635986
2026-09-03 12:20:00-04:00,53643.53125,53662.4296875,53633.48046875,53652.41015625,5083915.0,53655.021641965446,53615.01572981065,53501.2178818674,53260.972963952234,53206.33310645271,67.27950112217343,149.34450120268593,146.46296966414587,2.8815315385400595,53493.667578125,53871.8251298286,53115.510026421405,0.014138404369127049,0.7098894725358051,75.83705723047463,53746.5,53041.078125,53746.5,52708.23828125,0.00015379120441005867,-0.00029980051147315834,0.0109471418458289,0.016851281519759453
2026-09-03 12:30:00-04:00,53651.8984375,53695.23046875,53649.01953125,53689.87890625,4747503.0,53666.6407300603,53628.62721643598,53519.18559847527,53275.03545386364,53214.32559901134,69.11248000166165,146.06640222823626,146.38365617696397,-0.3172539487277106,53523.8859375,53861.127798611116,53186.64407638889,0.012601546214522304,0.7461037431757416,73.72090582115501,53746.5,53041.078125,53746.5,52708.23828125,0.0006983609849191552,-0.00057727484390524,0.011384785941255915,0.018100783956201072
2026-09-03 12:40:00-04:00,53690.26171875,53702.25,53682.33984375,53696.7890625,4085344.0,53676.69017420687,53641.020279356715,53536.10021409667,53288.863441032045,53222.30020171363,69.45235454095713,142.3847542171643,145.58387578500404,-3.1991215678397396,53555.412890625,53827.165067545386,53283.66071370461,0.010148448578872201,0.7601196676272071,69.8772808517868,53746.5,53041.078125,53746.5,52708.23828125,0.0001287050071776541,-0.00028879266991699293,0.0118821108048901,0.018090495135651974
2026-09-03 12:50:00-04:00,53696.578125,53696.76171875,53657.8203125,53663.109375,4006339.0,53672.16324113792,53645.03647856458,53548.19632465889,53301.133799522795,53229.58630375143,65.66006267751965,135.19095515758818,143.50529165952088,-8.3143365019327,53566.07734375,53837.15679973567,53294.99788776434,0.010121310703640498,0.6789734137121921,67.66952864808773,53746.5,53286.1484375,53746.5,52708.23828125,-0.0006272197665450063,0.00038398008575724063,0.003990454247609909,0.016855391757196303
2026-09-03 13:00:00-04:00,53663.12109375,53664.69140625,53632.44140625,53632.44140625,3747962.0,53658.92262950862,53642.74646541647,53556.21966576281,53311.99634400565,53236.2450657762,62.32299701234121,125.56770248803514,139.91777382522375,-14.35007133718861,53575.8455078125,53841.655743528805,53310.03527209619,0.009922764006684586,0.6064592156975968,65.13956231608147,53746.5,53286.1484375,53746.5,52829.578125,-0.0005714907150774495,-0.00021845341535531304,0.0036559499153940855,0.011259900822190083
2026-09-03 13:10:00-04:00,53632.4296875,53654.28125,53628.73046875,53643.37109375,9458951.0,53653.73878425575,53642.86003420438,53564.519801761584,53322.86108989891,53242.97442161049,63.04386773670216,117.46902999777376,135.42802505973376,-17.958995061959996,53583.4396484375,53847.85052215644,53319.028774718565,0.009869126560509945,0.6133301449928317,62.31179223993279,53746.5,53286.1484375,53746.5,52935.21875,0.00020378873706694556,-0.00016847449114920643,0.002839382813606184,0.013161049684993209
2026-09-03 13:20:00-04:00,53642.83984375,53679.01953125,53636.83984375,53678.8515625,4200411.0,53662.10971033717,53649.40394843994,53575.40854087953,53334.53290867272,53250.179002451645,65.36080921347607,112.61558860229707,130.86553776824644,-18.249949165949374,53602.222265625,53835.92230903514,53368.522222214866,0.00871978934948027,0.6639479731300622,60.87378475850902,53746.5,53286.1484375,53746.5,52943.609375,0.0006614138527571978,-0.0002053896185769677,0.007047463365348339,0.012168529347488688
2026-09-03 13:30:00-04:00,53679.421875,53715.7109375,53678.75,53708.46875,7331780.0,53677.56272355812,53660.14300326904,53588.08094174815,53346.79310019165,53257.754039601205,67.20890154849985,109.89229091521702,126.67088839764055,-16.778597482423535,53619.0296875,53831.56776420119,53406.49161079881,0.007927710663169147,0.7104071512459992,59.16572424004409,53746.5,53286.1484375,53746.5,52943.609375,0.0005517477859136033,0.00021751184202845053,0.006298179197228526,0.011822679601813713
2026-09-03 13:40:00-04:00,53708.578125,53712.1484375,53675.66015625,53681.1484375,13056880.0,53678.75796153875,53663.96217312921,53596.94451277214,53357.755570267334,53264.75229411193,63.82606858550197,104.32692117844272,122.20209495380098,-17.875173775358263,53635.9365234375,53807.877308732655,53463.995738142345,0.006411402370872064,0.6314752459251851,57.545906883612375,53746.5,53329.62109375,53746.5,52943.609375,-0.0005086779261417318,0.00033615388131802426,0.006338913155725434,0.010069030775396781
2026-09-03 13:50:00-04:00,53681.171875,53697.23046875,53669.890625,53676.62109375,6710314.0,53678.04567227584,53666.263795060266,53604.53275857956,53368.21017759463,53271.56004286628,63.25785617219685,98.41652235414949,117.44498043387068,-19.02845807972119,53649.5330078125,53785.40192297035,53513.664092654646,0.005065054905065647,0.5996846331849793,55.3883309454972,53746.5,53330.1015625,53746.5,52943.609375,-8.433768430404776e-05,0.0008237493267433393,0.005091868904014918,0.010276039768124745
2026-09-03 14:00:00-04:00,53676.48046875,53708.359375,53676.48046875,53680.140625,6456832.0,53678.74398985057,53668.7868550493,53611.73350776246,53378.437405378405,53278.31344091808,63.52967422916092,92.9450725219649,112.54499885148952,-19.59992632952462,53660.528125,53765.397845336294,53555.6584046637,0.0039086354160364385,0.5935088790983201,53.709086324390256,53746.5,53383.8515625,53746.5,52943.609375,6.556916546318625e-05,0.0006854440819117347,0.0041133812870999265,0.009156279183643479
2026-09-03 14:10:00-04:00,53682.01171875,53708.609375,53678.58984375,53689.140625,6895183.0,53682.20953490038,53672.48754049488,53619.10561416603,53388.624396185674,53285.103972886376,64.25785102999268,88.31706969023071,107.69941301923777,-19.382343329007057,53670.29375,53742.55816411998,53598.02933588001,0.0026929017551719776,0.6304021850139836,52.01697524764809,53746.5,53383.8515625,53746.5,52943.609375,0.0001676597694271198,0.0001916781414001978,0.0036511221358772605,0.009086419252757105
2026-09-03 14:20:00-04:00,53690.30859375,53697.96875,53681.62109375,53693.80859375,4855290.0,53686.07588785025,53676.364095632176,53626.22018365022,53398.630435450075,53291.85942116512,64.65206441370869,84.05705278855748,102.97094097310172,-18.913888184544234,53676.9376953125,53729.51209452792,53624.363296097086,0.0019589194716675444,0.6604478480901971,49.46916674781608,53746.5,53478.46875,53746.5,52943.609375,8.694437451706172e-05,-0.00027295800068771747,0.0024808924532355725,0.009751878811101067
2026-09-03 14:30:00-04:00,53693.390625,53693.390625,53678.08984375,53680.66015625,5703957.0,53684.2706439835,53677.145197562684,53631.40494294544,53407.87731154187,53298.28587959628,62.559052239671686,78.71263937227923,98.11928065293722,-19.406641280657993,53678.5732421875,53729.446343006544,53627.700141368456,0.001895471423560928,0.5205109775981923,47.05842269440065,53746.5,53554.30859375,53746.5,52943.609375,-0.00024487809385032033,-9.095953872328977e-06,0.0006097332326091554,0.010902870266260134
2026-09-03 14:40:00-04:00,53678.76171875,53686.26171875,53665.1015625,53678.19140625,5939043.0,53682.244231405675,53677.335417324015,53635.86079659349,53416.74006874542,53304.56530978891,62.152202976082535,73.43147342650627,93.18171920765104,-19.75024578114477,53676.6697265625,53724.518695272614,53628.82075785238,0.0017828590690841142,0.5159008619048999,45.2085465198006,53746.5,53617.0,53746.5,52943.609375,-4.59895610973593e-05,2.9255054956989213e-05,-0.0007087297455532493,0.01099076619373962
2026-09-03 14:50:00-04:00,53677.80859375,53682.48046875,53662.171875,53682.48046875,4546645.0,53682.32297718712,53678.27088121965,53640.3007653703,53425.452868745575,53310.81184134199,62.60719249525731,68.7991293273808,88.305201231597,-19.5060719042162,53677.36875,53725.128286535546,53629.60921346446,0.0017795036399039068,0.5535151628428617,43.429978464814845,53746.5,53617.0,53746.5,52943.609375,7.990326029316819e-05,4.358862929110252e-05,0.00026049672992534134,0.011415030102419843
2026-09-03 15:00:00-04:00,53682.30078125,53687.28125,53669.0390625,53681.33984375,5508114.0,53681.99526604141,53678.82887440698,53644.20924902551,53433.84260563096,53316.936271133854,62.39238098883945,64.29477421464253,83.5031158282061,-19.208341613563576,53675.3912109375,53718.86136027616,53631.92106159884,0.001619742245299263,0.56842204251652,41.63085053875665,53732.2109375,53617.0,53746.5,52943.609375,-2.1247621012299156e-05,-0.00014529532712181936,-0.0007362272067692466,0.012009417539567302
2026-09-03 15:10:00-04:00,53682.25,53686.28125,53652.12890625,53671.62890625,6072636.0,53678.53981277761,53677.51978928752,53646.82064495165,53441.6388777824,53322.798959317595,60.489480309427606,59.25835540307162,78.65416374317921,-19.395808340107592,53673.3576171875,53713.401088322586,53633.31414605242,0.001492117240761542,0.4784145718577783,41.09667148241689,53732.2109375,53617.0,53746.5,52943.609375,-0.00018089968559398262,-0.00041307718861616216,-0.0007572171440884956,0.012769877874429625
2026-09-03 15:20:00-04:00,53672.8203125,53673.26953125,53650.98046875,53667.359375,5933834.0,53674.81300018508,53675.67244123524,53648.77671448007,53449.03954982232,53328.49417279995,59.62840433730829,54.29654494782153,73.78263998410767,-19.486095036286144,53674.6,53712.20594915861,53636.994050841386,0.0014012568014894543,0.40373032509484985,39.75327084081569,53715.7109375,53617.0,53746.5,52943.609375,-7.95491274814264e-05,-0.00024777603724102093,0.0004632082923385905,0.011567891341104364
2026-09-03 15:30:00-04:00,53666.9296875,53701.8515625,53665.12890625,53691.5,7179679.0,53680.37533345672,53678.55017919247,53652.8455988153,53456.98907277897,53334.494269117306,62.84865143007133,51.7160704321941,69.36932607372496,-17.653255641530862,53676.9669921875,53712.51417191464,53641.419812460364,0.001324485406647965,0.7044185772831071,39.53679837004314,53715.7109375,53617.0,53746.5,52943.609375,0.00044981950446487673,0.00024793297615555154,0.0008824789802304167,0.012507260463630931
2026-09-03 15:40:00-04:00,53691.140625,53696.390625,53666.46875,53692.80078125,8774651.0,53684.517149387815,53681.14119774838,53656.650854285275,53464.720604204245,53340.416690805454,63.01981949867114,49.208740236957965,65.33720890637157,-16.128468669413607,53678.9865234375,53713.29136416937,53644.68168270564,0.0012781478546315516,0.701345604844418,38.85001812932577,53715.7109375,53628.73046875,53746.5,52943.609375,2.4226949330907743e-05,0.0001922473106661382,0.0007528203277797907,0.012582810289636814
2026-09-03 15:50:00-04:00,53691.76171875,53695.26953125,53652.05859375,53687.5390625,27453103.0,53685.524453758546,53682.304445885035,53659.59258840096,53472.02612742705,53346.15425066818,61.77987222338154,46.263786135430564,61.522524352183375,-15.25873821675281,53678.86953125,53713.04068477409,53644.69837772591,0.0012731696409588847,0.6268545301505487,39.16151237008821,53715.7109375,53628.73046875,53746.5,52943.609375,-9.799672718580066e-05,0.00011548181859932782,-4.358072317667272e-05,0.013732136524482685
2026-09-04 09:30:00-04:00,53584.890625,53635.3515625,53466.76171875,53540.7109375,9326266.0,53637.25328167237,53656.5601716332,53648.2705264104,53474.278088413055,53349.37006367367,38.82403823009245,31.71647837913042,55.561315157572785,-23.844836778442364,53671.065625,53739.45715523204,53602.674094767965,0.0025485437799908912,-0.45300315008113107,52.134071754367625,53715.7109375,53628.73046875,53746.5,52943.609375,-0.00273486413353885,-0.0024392397141267397,-0.002906656575281108,0.010177151433834686
2026-09-04 09:40:00-04:00,53540.19140625,53595.0703125,53492.4296875,53584.390625,15770414.0,53619.63239611492,53643.43843588171,53642.18672627608,53477.88833551426,53353.254701050966,45.331855586263046,23.441993203916354,49.1374507668415,-25.69545756292515,53667.1296875,53745.26601537411,53588.993359625885,0.0029118877170847164,-0.029453230981758116,55.741682700484226,53715.7109375,53466.76171875,53746.5,52943.609375,0.0008158219555767232,-0.0015459815978695612,-0.001466906240000232,0.011188782630816574
2026-09-04 09:50:00-04:00,53582.8984375,53582.8984375,53487.4609375,53503.7890625,15013207.0,53581.017951576614,53618.047640721394,53629.00599639265,53478.73753967773,53355.742872314586,37.42107361647817,10.262234953210282,41.36240760411526,-31.10017265090498,53660.6970703125,53765.745383302215,53555.64875732278,0.0039152794773452855,-0.24683735200894877,58.68368304330678,53715.7109375,53466.76171875,53746.5,52943.609375,-0.001504198546626645,-0.003496101571012211,-0.002398778432917026,0.009842539568227116
2026-09-04 10:00:00-04:00,53505.4609375,53513.03125,53431.87890625,53437.53125,11741389.0,53533.18905105108,53585.22647877205,53610.77030626001,53477.38651378666,53357.094746325914,32.41357170452588,-5.466258519038092,31.996674379484595,-37.46293289852269,53650.405078125,53793.62521088437,53507.184945365625,0.005339014031704582,-0.2431700558560857,60.28858737949915,53715.7109375,53466.76171875,53746.5,52943.609375,-0.0012383760787969544,-0.004754259929371063,-0.003837190682708269,0.008197124237302678
2026-09-04 10:10:00-04:00,53435.16015625,53442.37109375,53393.19921875,53393.19921875,11230175.0,53486.52577361739,53550.31243149532,53590.04925030668,53474.62627460513,53357.691514465165,29.563080011176538,-21.263317054057552,21.344676092776165,-42.60799314683372,53636.1224609375,53817.13396371402,53455.11095816098,0.006749611809032201,-0.17101603616709155,59.49453649524921,53715.7109375,53431.87890625,53746.5,52943.609375,-0.0008296047780088633,-0.005482461086684265,-0.005321506243802676,0.007841585087023262
2026-09-04 10:20:00-04:00,53394.73828125,53426.08984375,53384.6796875,53406.23046875,11313400.0,53459.760671994925,53524.115710996164,53572.54269968223,53472.38378916725,53358.493811230204,31.47083013653831,-32.35808294839808,10.604124284541317,-42.96220723293939,53621.010546875,53824.41888706056,53417.60220668944,0.007586889471534402,-0.027952978548132865,58.20279504915998,53715.7109375,53393.19921875,53746.5,52943.609375,0.0002440619815009537,-0.002511742305905895,-0.005627385927847728,0.008452430635309094
2026-09-04 10:30:00-04:00,53406.30078125,53438.421875,53398.9296875,53434.7109375,9967001.0,53451.41076049662,53507.86029763322,53559.41586518868,53471.148613702746,53359.75359844128,35.577630285193436,-38.40986404284922,0.80132661906321,-39.21119066191243,53608.688671875,53825.4508322164,53391.92651153361,0.008086829419318165,0.09868979414812662,56.86632308136284,53712.1484375,53384.6796875,53746.5,52943.609375,0.0005332798907546898,-0.0027933449602423055,-0.004590764303169181,0.008951742520367567
2026-09-04 10:40:00-04:00,53433.55859375,53433.69140625,53347.05859375,53347.05859375,7880730.0,53416.62670491442,53478.6236241999,53539.19136314691,53467.08008845839,53359.543763653004,29.682089455556053,-49.70577848672838,-9.300094402095109,-40.405684084633265,53592.210546875,53834.42288452396,53349.99820922604,0.009039087403834857,-0.006068261230152831,59.06532455769407,53708.609375,53384.6796875,53746.5,52959.4609375,-0.0016403633932355888,-0.00292933400598816,-0.006139777304990823,0.006634337841383786
2026-09-04 10:50:00-04:00,53346.140625,53368.69921875,53301.16015625,53308.25,8220720.0,53380.501136609615,53447.64660161809,53517.1969476091,53461.8725445745,53358.69593284882,27.50856919910899,-61.08524852410483,-19.65712522649705,-41.428123297607776,53573.616015625,53841.69094703082,53305.54108421918,0.01000772213425482,0.005052534689865215,59.67059155357307,53708.609375,53347.05859375,53746.5,52972.91015625,-0.000727473918394228,-0.0024192968308205387,-0.006927899604398657,0.005428627589546098
2026-09-04 11:00:00-04:00,53309.03125,53327.26171875,53289.87890625,53310.83984375,8469807.0,53357.28070565641,53422.77264564208,53497.54389009871,53456.920652744186,53357.90492311165,27.88806477155113,-69.09806231664697,-29.545312644527037,-39.55274967211994,53554.7009765625,53840.3128290198,53269.089124105194,0.010666172987588794,0.07308996332889824,58.07860733546071,53708.609375,53301.16015625,53746.5,52972.91015625,4.8582419231557594e-05,-0.0015425068399175235,-0.007046132175821174,0.005547482321139441
2026-09-04 11:10:00-04:00,53311.578125,53338.03125,53292.44140625,53311.55078125,6269214.0,53342.03739752095,53402.55048847988,53479.83026068455,53452.15442744929,53357.13873894865,27.999493746310876,-74.53175261203432,-38.542600638028496,-35.98915197400583,53535.5880859375,53832.349164207706,53238.8270076673,0.011086497370453098,0.12252916387587172,57.186552793642086,53701.8515625,53289.87890625,53746.5,52972.91015625,1.3335702496508617e-05,-0.0017728210111253029,-0.007119215837196102,0.005093605795534195
2026-09-04 11:20:00-04:00,53312.078125,53328.6484375,53290.80078125,53317.390625,5947844.0,53333.82180668064,53387.06687693808,53464.35981919078,53447.73594212309,53356.481745329664,28.97041663498362,-77.47369618976518,-46.328819748375835,-31.144876441389343,53517.424609375,53820.83907067786,53214.010148072135,0.011338903675484823,0.17036181545854648,55.8052030405248,53701.8515625,53289.87890625,53746.5,52972.91015625,0.00010954180969080518,-0.0021955824302525295,-0.006767232932542555,0.005867810082929248
2026-09-04 11:30:00-04:00,53318.16015625,53335.2890625,53298.078125,53330.87109375,7185204.0,53332.83823570376,53376.84946181297,53451.646607244045,53443.90430775019,53356.05842877463,31.274281123002424,-77.82038158611249,-52.62713211592317,-25.193249470189322,53500.05859375,53804.43545156916,53195.68173593084,0.011378561662163014,0.22207561834329723,54.4770412162016,53701.8515625,53289.87890625,53746.5,52972.91015625,0.0002528343677734579,-0.00030343753576500543,-0.006470417564395814,0.006583373945047821
2026-09-04 11:40:00-04:00,53330.94140625,53386.8203125,53330.94140625,53379.0390625,4983105.0,53348.23851130251,53377.24757102879,53444.731602982705,53441.77757839773,53356.43827396017,38.900251403092035,-73.36270019765652,-56.77424573226984,-16.588454465386683,53484.8865234375,53781.531263823505,53188.24178305149,0.011092656623886279,0.321592217007179,54.58219675433006,53701.8515625,53289.87890625,53746.5,52972.91015625,0.0009031911116794689,0.0013279194589954635,-0.005652522081699307,0.007392539902671302
2026-09-04 11:50:00-04:00,53379.16015625,53393.421875,53365.9609375,53372.3515625,5779421.0,53356.27619503501,53376.35738765992,53437.83826579387,53439.50131558141,53356.701303522816,38.2653998032762,-69.56764839532843,-59.332926264881564,-10.234722130446869,53469.437109375,53755.5444432437,53183.3297755063,0.010701714823870253,0.330333697563383,52.644963950449345,53701.8515625,53289.87890625,53746.5,52987.44140625,-0.00012528325944893837,0.001153831358318147,-0.005755971854453867,0.006970951971572825
2026-09-04 12:00:00-04:00,53371.140625,53418.87109375,53368.87890625,53407.30078125,5085971.0,53373.284390440014,53381.98345922175,53434.929933932544,53438.445560357424,53357.53765852657,43.45870583392963,-63.013551631163864,-60.06905133813803,-2.9445002930258326,53456.220703125,53727.798671720855,53184.642734529145,0.010160762022593898,0.4099339277631178,52.45547991827439,53701.8515625,53289.87890625,53746.5,52995.0703125,0.0006548187915060844,0.0017960460462478345,-0.004924913411175069,0.006973552365903135
2026-09-04 12:10:00-04:00,53406.98828125,53456.9296875,53406.62109375,53454.19140625,4945514.0,53400.25339571001,53395.11217686325,53436.76435986754,53438.961817599804,53359.13524113357,49.58638915569999,-53.41990970333427,-58.73922301117728,5.319313307843011,53445.5623046875,53699.30450270464,53191.820106670355,0.00949535142209131,0.517003678595706,52.30213090625479,53701.8515625,53289.87890625,53746.5,53037.41015625,0.0008779815552195647,0.002565781626714836,-0.003972022682548815,0.007403131589003964
2026-09-04 12:20:00-04:00,53452.62109375,53468.48828125,53423.640625,53426.171875,4560996.0,53408.89288880667,53400.75939470629,53435.75555178492,53438.54247521948,53360.243284668555,46.3536265551888,-47.5299259598396,-56.49736360090975,8.967437641070148,53432.2958984375,53659.582591125334,53205.009205749666,0.008507464965378013,0.48652797626407673,51.769668430808025,53701.8515625,53289.87890625,53746.5,53041.078125,-0.0005241783761549268,0.0017869721475667344,-0.004941715634690813,0.006334556372460165
2026-09-04 12:30:00-04:00,53425.98828125,53437.578125,53417.6015625,53424.8515625,4708108.0,53414.21244670445,53405.139788850596,53434.71707661492,53438.093592835234,53361.31119008726,46.200778058726385,-42.478938827931415,-53.69367864631409,11.214739818382675,53418.8984375,53612.23699461771,53225.55988038229,0.0072385827028582,0.5153955969485576,49.498732292893166,53696.390625,53289.87890625,53746.5,53041.078125,-2.471284117244732e-05,0.0008582488708042124,-0.004990412398892197,0.006659362242190436
2026-09-04 12:40:00-04:00,53424.671875,53445.23046875,53413.359375,53437.94921875,4998394.0,53422.12470405297,53411.1051397414,53435.0248996754,53438.08885925867,53362.57793436268,48.0314869089059,-36.9926949772489,-50.35348191250106,13.360786935252158,53406.4189453125,53556.07146330165,53256.76642732335,0.005604289557118187,0.6053449479539885,48.23961525411508,53695.26953125,53289.87890625,53746.5,53041.078125,0.0002451603676367764,0.0012290568867512341,-0.004648934335757859,0.006639052513371935
2026-09-04 12:50:00-04:00,53437.328125,53454.16015625,53425.578125,53425.578125,4952740.0,53423.27584436865,53413.7365916066,53434.125206849174,53437.67867125019,53363.619259827756,46.42458091221605,-33.25965448196075,-46.934716426393,13.675061944432251,53400.6623046875,53537.51941080724,53263.80519856777,0.005125670739395417,0.5910285955144274,46.835502110964,53635.3515625,53289.87890625,53746.5,53041.078125,-0.0002315039018312426,0.0003422255662173246,-0.00215037885160696,0.006771311803641655
2026-09-04 13:00:00-04:00,53425.83984375,53435.37890625,53402.21875,53409.98828125,4081048.0,53418.84665666244,53413.055080632665,53431.826452030204,53436.77078961084,53364.38568993391,44.408318219553436,-31.19951451291854,-43.78767604369811,12.588161530779573,53391.9421875,53500.071190784074,53283.81318421592,0.0040503865884613565,0.5834470549154704,45.85869169232372,53595.0703125,53289.87890625,53746.5,53286.1484375,-0.0002918048675771834,-0.0008269346862636029,-0.0032547229093360386,-0.0007452229215574313
2026-09-04 13:10:00-04:00,53410.4609375,53429.16015625,53405.80859375,53418.05078125,4334356.0,53418.5813648583,53413.963389835815,53430.51448338447,53436.157018844904,53365.27271623666,45.72124836981654,-28.586732320509327,-40.74748729906036,12.160754978551033,53387.6552734375,53483.84653014286,53291.46401673214,0.0036035018287539477,0.6579951694861613,44.251039607157736,53582.8984375,53289.87890625,53746.5,53286.1484375,0.00015095491048500165,-0.00015200590768515987,-0.0016024712034851119,-0.0003560700625414581
2026-09-04 13:20:00-04:00,53416.828125,53425.6015625,53384.078125,53386.48046875,4403984.0,53407.88106615553,53408.96649509294,53426.320767705,53434.52827949753,53365.62325760052,41.58018338468001,-28.732335505148512,-38.34445694027799,9.612121435129481,53385.102734375,53478.53425726471,53291.67121148529,0.003500284465297064,0.5073729632804092,44.056210885217894,53513.03125,53289.87890625,53746.5,53286.1484375,-0.0005910045768851013,-0.0007182255566047235,-0.0009553356986340411,-0.0019630751709109884
2026-09-04 13:30:00-04:00,53385.7890625,53407.23828125,53373.23046875,53401.83984375,4395617.0,53405.86732535369,53407.67074030331,53423.98925113786,53433.456527505805,53366.22187885919,44.226845617815954,-27.293728763703257,-36.13431130496305,8.840582541259792,53385.534765625,53479.191684321304,53291.8778469287,0.003508700216546608,0.587046842624998,43.33846814341662,53468.48828125,53289.87890625,53746.5,53286.1484375,0.0002877015840927477,-0.0006757253137126273,0.00016183006687042756,0.0018505573107383544
2026-09-04 13:40:00-04:00,53399.51953125,53401.109375,53361.9609375,53376.37109375,3867083.0,53396.03524815246,53401.97989547543,53419.45418852949,53431.58487394004,53366.38963447722,40.916625245063244,-27.887270732491743,-34.48490319046879,6.597632457977049,53384.041796875,53477.28253232797,53290.801061422026,0.00349320629590956,0.458866137811268,43.09135657960115,53468.48828125,53289.87890625,53746.5,53286.1484375,-0.000476926451869808,-0.0009210388165546979,-0.0005590990927073491,7.589666752871871e-05
2026-09-04 13:50:00-04:00,53376.28125,53389.75,53365.4296875,53385.28125,3602312.0,53392.45058210164,53398.943778116256,53416.19962295525,53430.06672233545,53366.70189258504,42.53702228805974,-27.323711141289095,-33.05266478063285,5.728953639343757,53381.5703125,53471.882198175255,53291.258426824745,0.0033836354062483473,0.5205451224512344,41.750567716772494,53468.48828125,53289.87890625,53746.5,53289.87890625,0.000166930723603409,-0.0004625919616363383,-0.0009250482810286842,0.0007924099125273809
2026-09-04 14:00:00-04:00,53385.3984375,53416.44921875,53384.87109375,53414.7890625,5034634.0,53399.896742234436,53401.824738913296,53416.06528386428,53429.56581545559,53367.49672183984,47.656818161478654,-24.21689495283499,-31.28551081507328,7.068615862238289,53384.9568359375,53474.91709301999,53294.996578855,0.003370247441014488,0.665807810748844,41.023964665574454,53468.48828125,53289.87890625,53746.5,53289.87890625,0.0005527331093717613,-6.106023530050297e-05,0.001269619554206125,0.00018907807505508245
2026-09-04 14:10:00-04:00,53414.71875,53427.46875,53410.0703125,53415.9296875,3722849.0,53405.24105732296,53404.389275019974,53416.05236992483,53429.11872929311,53368.29726672679,47.850240834252624,-21.415813666128088,-29.311571385284246,7.895757719156158,53390.3408203125,53473.958847520895,53306.722793104105,0.0031323279051472946,0.6530104694034866,39.33642701089057,53468.48828125,53289.87890625,53746.5,53289.87890625,2.1354104734250257e-05,0.0005516231542410654,0.002019944145605912,-0.0008288139966173835
2026-09-04 14:20:00-04:00,53417.5390625,53428.8203125,53412.828125,53417.53125,3940385.0,53409.33778821531,53406.77872501634,53416.19321564627,53428.73881193924,53369.111051574284,48.140018763841034,-18.849419482343365,-27.219141004696073,8.369721522352709,53395.675390625,53471.5827469944,53319.768034255605,0.0028432024059657814,0.6439640399847344,37.66898133154124,53468.48828125,53289.87890625,53746.5,53289.87890625,2.9982862965516333e-05,0.0002938364351474654,0.0020013079246679055,-0.0014262743511590514
2026-09-04 14:30:00-04:00,53417.6484375,53441.23046875,53416.7109375,53420.53125,3965764.0,53413.068942143545,53409.27918410428,53416.6063617752,53428.46971154779,53369.960972209425,48.71488444573621,-16.3845873499522,-25.052230273747302,8.667642923795103,53401.1244140625,53467.08904165834,53335.159786466655,0.002470533282571593,0.6471003221332836,36.72973489714544,53468.48828125,53290.80078125,53746.5,53289.87890625,5.6161337482318885e-05,0.0008273353048380283,0.002044218694690958,-0.002621284550495151
2026-09-04 14:40:00-04:00,53420.53125,53435.69921875,53415.80859375,53426.5390625,4630374.0,53417.558982262366,53412.41734381259,53417.552333272804,53428.40641157901,53370.89614725555,49.9123000562648,-13.787476421726751,-22.799279503343193,9.011803081616442,53406.5818359375,53460.979535012564,53352.18413686243,0.0020371159211115303,0.6834381499754483,35.526941333063625,53468.48828125,53290.80078125,53746.5,53289.87890625,0.00011246261239672428,0.0007728312286450212,0.0020471451475876368,-0.0041270945017338745
2026-09-04 14:50:00-04:00,53426.7109375,53434.21875,53409.1015625,53410.578125,4461327.0,53415.23202984158,53412.082940392116,53416.88812296111,53427.82187759281,53371.55204771414,46.78690713325328,-12.868817843525903,-20.813187171379738,7.944369327853835,53410.5671875,53452.42824727033,53368.70612772967,0.0015675197615249079,0.5001306405053159,34.78338748784479,53468.48828125,53298.078125,53746.5,53289.87890625,-0.0002987454882924512,-7.883467432723279e-05,0.0014945758360085382,-0.0056907086228470405
2026-09-04 15:00:00-04:00,53410.62890625,53421.328125,53368.359375,53374.21875,5273110.0,53401.56093656106,53405.198542139005,53412.82437315529,53426.0643979996,53371.59612543788,40.556701725938154,-14.902880862384336,-19.63112590958066,4.728245047196324,53410.326171875,53452.958943536054,53367.693400213946,0.001596424314049732,0.07652973911634098,36.08234195299874,53468.48828125,53330.94140625,53746.5,53289.87890625,-0.0006807523205404342,-0.0007808707579185503,-9.030347088778701e-05,-0.005483314234606906
2026-09-04 15:10:00-04:00,53375.44140625,53385.4609375,53371.94140625,53381.421875,5004002.0,53394.84791604071,53400.87551175009,53409.83365904526,53424.60070872092,53371.75853452155,42.198818251359484,-15.752078317469568,-18.855316391158443,3.1032380736888747,53410.7796875,53451.955019896304,53369.60435510369,0.0015418360352429839,0.14350242254956844,34.47071261707026,53468.48828125,53361.9609375,53732.2109375,53289.87890625,0.00013495513693118077,-0.0006759835985493678,0.00016994402971692857,-0.00631911991872347
2026-09-04 15:20:00-04:00,53380.96875,53402.390625,53372.46875,53397.25,5380829.0,53395.64861069381,53400.216327795526,53408.63521532666,53423.703964172695,53372.179881058386,45.745559957043454,-14.975250644769403,-18.079303241880634,3.104052597111231,53410.2771484375,53451.853436715064,53368.70086015993,0.0015568647270643634,0.34333439831705675,34.145795644422385,53468.48828125,53361.9609375,53732.2109375,53289.87890625,0.00029650999250385723,-0.0004358109036962654,-0.0001881911480823284,-0.005865523849612808
2026-09-04 15:30:00-04:00,53397.48828125,53397.48828125,53356.37890625,53362.71875,7062990.0,53384.67199046254,53393.398586378156,53404.262218628886,53421.70444895392,53372.02349872685,39.98160498049523,-16.950596477894578,-17.853561889083423,0.9029654111888448,53405.703515625,53447.07479942265,53364.33223182735,0.0015493208056156405,-0.0195000212616214,34.64319416982079,53468.48828125,53361.9609375,53715.7109375,53289.87890625,-0.000646685924836965,-0.001194543266696324,-0.0017112344952486813,-0.005215881206625195
2026-09-04 15:40:00-04:00,53364.328125,53402.328125,53359.3203125,53398.91015625,8516528.0,53389.41804572503,53394.40068999121,53403.752498402326,53420.957095094775,53372.46790628922,47.454441571959784,-15.417999165074434,-17.366449344281627,1.9484501792071924,53404.3404296875,53444.70861405578,53363.97224531922,0.0015117941367117117,0.4327406778075392,35.24066690769073,53468.48828125,53356.37890625,53715.7109375,53289.87890625,0.0006782151865154518,-0.00021845801261866082,-0.0005102689897712454,-0.004571793076555863
2026-09-04 15:50:00-04:00,53398.96875,53413.5703125,53375.078125,53406.91015625,28832025.0,53395.24874923336,53396.6751384019,53404.05322772115,53420.496539722815,53373.037199677005,48.967031321102226,-13.403365952282911,-16.573832665881884,3.170466713598973,53403.443359375,53442.73140785898,53364.15531089102,0.0014713676127432707,0.5441202478714853,35.472918378569965,53454.16015625,53356.37890625,53715.7109375,53289.87890625,0.00014981579168171777,0.0006124943280785278,-0.0003358251024621062,-0.004575749706025145
2026-09-08 09:30:00-04:00,53110.44921875,53110.44921875,52865.0390625,52946.98046875,8847573.0,53245.82598907224,53314.91247119247,53360.52248877152,53404.971422641735,53365.99493966169,17.59972662376535,-48.361752427139436,-22.931416618133397,-25.43033580900604,53378.894921875,53580.30641821075,53177.48342553925,0.007546484303601048,-0.5722189670966055,71.6442166193864,53454.16015625,53356.37890625,53715.7109375,53289.87890625,-0.008611801097543448,-0.00813843826167282,-0.00918764206295053,-0.013836843230680462
2026-09-08 09:40:00-04:00,52943.671875,52993.58984375,52896.98046875,52945.75,14228768.0,53145.80065938149,53247.79202188474,53321.02034698376,53389.914982555114,53359.048742311905,17.567304431012886,-75.29782762906689,-33.4046988203201,-41.89312880874679,53354.903515625,53629.40539346776,53080.40163778225,0.010289658860028368,-0.24526542193525863,73.42744221800166,53454.16015625,52865.0390625,53715.7109375,52865.0390625,-2.3239639713290572e-05,-0.008455491621759514,-0.008981243476249179,-0.01398666616035149
2026-09-08 09:50:00-04:00,52948.05859375,52959.1015625,52884.6796875,52889.91015625,11188967.0,53060.50382500433,53182.72259176933,53279.96223358054,53373.52138169265,53351.294385517496,16.116326497413752,-99.99795581998478,-46.72335022025304,-53.27460559973174,53328.899609375,53668.43365324973,52989.36556550027,0.012733585217837164,-0.14645867041092187,73.49847313100153,53441.23046875,52865.0390625,53715.7109375,52865.0390625,-0.0010546614931321585,-0.008860279326566411,-0.009737469371109753,-0.014408393918191598
2026-09-08 10:00:00-04:00,52891.28125,52914.98828125,52770.58984375,52770.58984375,11787771.0,52963.865831252886,53107.789364856726,53231.450577406205,53353.75313454699,53341.69596333952,13.542349959159395,-127.72875974939961,-62.92443212608235,-64.80432762331726,53296.5265625,53711.06688970972,52881.986235290286,0.015555997883786758,-0.13436134463695945,78.56275630021571,53441.23046875,52865.0390625,53715.7109375,52865.0390625,-0.0022560127659037033,-0.011766538130862148,-0.012120639522235521,-0.016069594072209537
2026-09-08 10:10:00-04:00,52776.76171875,52793.5390625,52733.98046875,52759.421875,9759906.0,52895.71784583526,53044.44982124641,53186.495462891326,53334.26686374217,53332.071598243005,13.327793655572322,-148.8904667767274,-80.11763905621137,-68.77282772051603,53265.1736328125,53738.44903477221,52791.898230852785,0.017770538221550617,-0.03431020893787051,77.20531611805744,53441.23046875,52770.58984375,53715.7109375,52770.58984375,-0.00021163244115840474,-0.012123679863816794,-0.011745643995337951,-0.016478256319968465
2026-09-08 10:20:00-04:00,52757.859375,52788.83984375,52721.62109375,52726.48828125,9176652.0,52839.30799097351,52986.63863215615,53142.68525511596,53314.33969710308,53322.061956639816,12.689330874971958,-166.40057558130502,-97.37422636123011,-69.0263492200749,53231.4060546875,53754.59766368519,52708.2144456898,0.0196572530306711,0.01746380794906659,76.49198996676763,53441.23046875,52733.98046875,53715.7109375,52733.98046875,-0.0006242220361706297,-0.004164395883352379,-0.012646597279719729,-0.017741871398666786
2026-09-08 10:30:00-04:00,52726.37109375,52792.12890625,52726.37109375,52788.8203125,8155957.0,52822.47876481568,52950.67166494594,53108.98383200968,53297.1095533456,53313.24804516644,20.456110570300382,-173.2506631708602,-112.54951372315614,-60.70114944770407,53202.028515625,53754.523543518975,52649.53348773103,0.020769697822018533,0.1260525595134401,75.72526300485566,53441.23046875,52721.62109375,53715.7109375,52721.62109375,0.0011821768011082145,-0.0029639713763616182,-0.011007694401292789,-0.017122968852095632
2026-09-08 10:40:00-04:00,52787.51171875,52812.390625,52746.01171875,52812.390625,7904621.0,52819.116051543795,52925.529657683044,53080.73685991352,53281.21712946542,53304.96941012237,23.23688032076784,-174.76292153110262,-124.99219528474543,-49.770726246357185,53173.383984375,53744.01165930532,52602.75630944469,0.021462906144848453,0.18368747676049196,75.05766609379454,53441.23046875,52721.62109375,53712.1484375,52721.62109375,0.00044650197447992923,-0.0014656771210422859,-0.010731246732918587,-0.0161836666648717
2026-09-08 10:50:00-04:00,52816.9609375,52862.578125,52807.359375,52850.0703125,8303337.0,52829.4341385292,52911.809776740665,53058.76861730272,53267.08116825343,53297.450416773245,27.594566971589856,-170.95035205229942,-134.18382663825625,-36.76652541404317,53145.148046875,53721.06291425185,52569.23317949815,0.021673281138247385,0.24381826977396204,73.64060065852351,53441.23046875,52721.62109375,53708.609375,52721.62109375,0.0007134630160476885,0.0015061508500346932,-0.010572329497346322,-0.015398711103785212
2026-09-08 11:00:00-04:00,52850.51953125,52889.44921875,52840.7109375,52880.05859375,8144682.0,52846.30895693613,52906.03683437872,53041.7486150596,53254.391903515614,53290.55137837617,30.95403603025929,-163.62291646860103,-140.0716446043252,-23.551271864275833,53118.3544921875,53691.238686790755,52545.470297584245,0.021570103218747617,0.29202088250791314,71.86186355791469,53441.23046875,52721.62109375,53708.609375,52721.62109375,0.0005674217853008923,0.002286543606103475,-0.01003204656148482,-0.0149046187646793
2026-09-08 11:10:00-04:00,52881.7890625,52907.921875,52869.4296875,52877.6015625,8502530.0,52856.73982545743,52900.86678494622,53026.115562434876,53242.03812184297,53283.72576158483,30.82782822661271,-156.21340200594568,-143.2999960846493,-12.913405921296373,53091.3580078125,53656.13416515216,52526.581850472845,0.021275634247537933,0.3107600307355501,69.47831526806364,53441.23046875,52721.62109375,53708.609375,52721.62109375,-4.646423085263862e-05,0.0028659841794116403,-0.010107724465458157,-0.015115515969389759
2026-09-08 11:20:00-04:00,52878.19921875,52909.87890625,52828.98828125,52879.48046875,8497680.0,52864.32003988829,52896.97836381963,53012.15031541727,53230.15098567599,53277.044021207395,31.059313646540673,-148.47813288840553,-144.33562344540056,-4.142509443004968,53064.30546875,53615.079616707044,52513.53132079295,0.02075874330556921,0.332213439314865,70.29348024891624,53441.23046875,52721.62109375,53701.8515625,52721.62109375,3.553312167126066e-05,0.0017174120526526337,-0.010128143030213699,-0.015166145712650958
2026-09-08 11:30:00-04:00,52878.7109375,52903.05859375,52835.109375,52837.30859375,6262438.0,52855.31622450886,52886.129314716054,52995.49872287753,53217.27090725218,53269.77566703455,28.734944626338574,-144.08981653833325,-144.2864620639871,0.19664552565384952,53034.8439453125,53567.70707742853,52501.980813196475,0.020094831717257292,0.31464719582111134,70.12603299899365,53435.69921875,52721.62109375,53701.8515625,52721.62109375,-0.0007975092536115502,0.00047182050377037044,-0.01102879728107975,-0.015710528895233944
2026-09-08 11:40:00-04:00,52838.21875,52874.98046875,52830.5,52852.87890625,6096699.0,52854.50378508924,52880.08378590404,52981.915883198715,53205.323628530794,53262.88481148439,30.794221233077323,-137.76755154567218,-142.9826799603241,5.215128414651929,53006.958984375,53516.09536464424,52497.82260410576,0.019210171268995928,0.348684867064971,68.29420698120839,53434.21875,52721.62109375,53701.8515625,52721.62109375,0.0002946840578068599,5.3142668181793695e-05,-0.010441737167584675,-0.015375192017067607
2026-09-08 11:50:00-04:00,52852.80078125,52862.48046875,52834.890625,52836.48828125,5600141.0,52848.49861714283,52872.15733051239,52968.06563539408,53193.23066632487,53255.8369349516,29.81745312174128,-132.55172368480999,-140.8964887052213,8.344765020411302,52980.0724609375,53465.01000142992,52495.13492044509,0.01830641288193636,0.35195600701308355,65.3867524646935,53421.328125,52721.62109375,53701.8515625,52721.62109375,-0.00031011792241386615,-0.0008239459951193684,-0.010074722990676133,-0.01575918586683922
2026-09-08 12:00:00-04:00,52836.19140625,52856.03125,52818.76953125,52825.671875,5884469.0,52840.88970309522,52863.70542951014,52954.504324880356,53181.17955841257,53248.72676867141,29.160122667979095,-127.81753513359581,-138.28069799089621,10.463162857300404,52952.2849609375,53404.64264608026,52499.92727579473,0.017085483109046763,0.36005202288368554,63.37782148507254,53413.5703125,52721.62109375,53701.8515625,52721.62109375,-0.00020471470761684873,-0.0009820734293067845,-0.010410925383392056,-0.01593976549841325
2026-09-08 12:10:00-04:00,52826.58984375,52826.58984375,52783.6484375,52791.23828125,5397813.0,52824.33922914682,52850.52958437193,52938.95517786794,53168.3945985056,53241.164975490894,27.111110402815,-125.3986423497845,-135.70428686267388,10.305644512889387,52921.984375,53330.0816706112,52513.8870793888,0.015422599905531296,0.33981014435027884,61.91807753971022,53413.5703125,52721.62109375,53701.8515625,52721.62109375,-0.0006518344685038091,-0.0016687415745725298,-0.01134911851733933,-0.016403277540501082
2026-09-08 12:20:00-04:00,52791.421875,52853.98828125,52788.0,52839.1015625,5733759.0,52829.26000693122,52848.45176221339,52929.44530973766,53157.59810552181,53234.51929924312,34.04833529656412,-118.25630058354727,-132.21468960684857,13.958389023301294,52895.803515625,53251.22749815145,52540.379533098545,0.01343864574895673,0.4202333608414043,62.20880637615949,53413.5703125,52721.62109375,53701.8515625,52721.62109375,0.0009066519901466119,3.393376380667057e-05,-0.009812415854467682,-0.015433176182799713
2026-09-08 12:30:00-04:00,52839.01953125,52839.01953125,52799.3984375,52799.3984375,5162997.0,52819.30615045415,52839.532975901864,52917.05989333407,53145.85385411126,53227.32721888373,31.38031774243825,-114.4799994779969,-128.66775158107825,14.187752103081351,52865.8279296875,53137.797769550714,52593.85808982428,0.01028906007960159,0.3778734211467957,60.60125770643381,53413.5703125,52721.62109375,53701.8515625,52721.62109375,-0.0007513966707597408,-0.001011874279258529,-0.011227040345875516,-0.01661532202490157
2026-09-08 12:40:00-04:00,52800.75,52841.37890625,52800.51171875,52835.55859375,4800029.0,52824.72363155277,52838.81036096516,52909.29786480226,53135.68023901744,53220.85170441872,36.277810266124554,-107.3321727630755,-124.4006358174777,17.0684630544022,52837.2603515625,52948.3117769237,52726.2089262013,0.004203527004325999,0.49233797401984514,59.27120135240283,53413.5703125,52721.62109375,53696.390625,52721.62109375,0.000684859246887104,-1.759555811220448e-05,-0.010698083091278399,-0.015965682084503108
2026-09-08 12:50:00-04:00,52835.33984375,52857.26171875,52810.80859375,52825.51171875,4715677.0,52824.98632728519,52836.392426016944,52901.3182318449,53125.51077933654,53214.317159201055,35.51927708887489,-101.31032507743657,-119.78257366946949,18.472248592032912,52831.1869140625,52930.20599178972,52732.16783633528,0.0037485085424368986,0.47134291975465276,58.35562447008834,53110.44921875,52721.62109375,53695.26953125,52721.62109375,-0.00019015366293839708,-3.031788225582588e-06,-0.0022941582111881687,-0.01605637655967951
2026-09-08 13:00:00-04:00,52825.73828125,52912.5390625,52823.6015625,52864.640625,5581307.0,52838.204426523465,52841.52846219568,52897.825126431104,53116.957659522224,53208.537381776245,40.71812200072452,-92.31642539408494,-114.28934401439258,21.972918620307638,52827.1314453125,52912.79287461421,52741.47001601079,0.0032430846407168635,0.7189385584227518,60.54004415079631,52993.58984375,52721.62109375,53635.3515625,52721.62109375,0.0007407198714577401,0.0013904266340361016,-0.0015319336301780062,-0.012627219561749947
2026-09-08 13:10:00-04:00,52864.6484375,52874.171875,52853.25,52861.53125,3634091.0,52845.98003434898,52845.165332705554,52894.368566770994,53108.58302314445,53202.80174323449,40.43909995240255,-84.46592506788147,-108.32466022509037,23.858735157208898,52825.7125,52908.042706181724,52743.38229381828,0.003117050477330449,0.7175310354557946,57.71017492573944,52959.1015625,52721.62109375,53595.0703125,52721.62109375,-5.881767024684681e-05,0.00042449032698765876,-0.0005365655976000694,-0.013490110955236778
2026-09-08 13:20:00-04:00,52859.890625,52868.5703125,52840.859375,52866.19140625,4511042.0,52852.717158315994,52848.98825516818,52891.68502767375,53100.63575701676,53197.23793601161,41.09064895026542,-76.98092317334522,-102.05591281474135,25.07498964139613,52830.492578125,52910.53552401176,52750.44963223824,0.0030301798064211495,0.7229979652142411,55.56737225247234,52914.98828125,52721.62109375,53582.8984375,52721.62109375,8.815779906101717e-05,0.0012650327603460632,0.0018116447586253859,-0.011916869205379044
2026-09-08 13:30:00-04:00,52866.48046875,52893.16015625,52857.19921875,52887.76953125,4192565.0,52864.40128262733,52856.03939627396,52891.31212325244,53093.65653649982,53192.12275576762,44.137851837714564,-68.51799806312192,-95.34832986441747,26.830331801295543,52836.9099609375,52913.64367504613,52760.176246828865,0.00290454964778831,0.8314030273609659,54.16691262729575,52912.5390625,52721.62109375,53513.03125,52721.62109375,0.0004081649240472718,0.0009881780166545173,0.0024326964111565097,-0.010287932580156367
2026-09-08 13:40:00-04:00,52887.8984375,52893.80078125,52868.71875,52888.1015625,4959023.0,52872.30137591823,52861.868881042334,52891.00635556173,53086.91702915556,53187.09761207725,44.18569419822727,-61.080182471778244,-88.49470038588963,27.414517914111386,52844.990625,52905.920099798735,52784.06115020126,0.002305969745783711,0.8537773601561978,52.08942110034606,52912.5390625,52721.62109375,53468.48828125,52721.62109375,6.278034656137521e-06,0.0011848412199626512,0.0030651250731499324,-0.009459962385483411
2026-09-08 13:50:00-04:00,52887.80078125,52914.94921875,52883.828125,52893.640625,4611901.0,52879.41445894549,52867.64556176191,52891.257238365375,53080.58009787177,53182.247083365226,45.031461988582016,-54.11490108285943,-81.6187405252836,27.503839442424166,52850.231640625,52908.92466933248,52791.538611917524,0.002221107718376129,0.8697967657397913,50.5916834324642,52912.5390625,52726.37109375,53468.48828125,52721.62109375,0.00010473173240033162,0.000548570834061124,0.001985653626648265,-0.009597940900358704
2026-09-08 14:00:00-04:00,52892.26953125,52911.578125,52890.98828125,52908.71875,3816267.0,52889.18255596366,52875.11341416883,52892.92023947343,53074.94529958089,53177.72595388812,47.36943453701098,-46.838264369805984,-74.66264529418807,27.824380924382083,52855.048046875,52916.28398764593,52793.81210610407,0.0023171274280792387,0.9382287791230904,48.44869488371676,52914.94921875,52746.01171875,53468.48828125,52721.62109375,0.00028506498743197106,0.0008926623743992224,0.001823968274490495,-0.009843642424027133
2026-09-08 14:10:00-04:00,52908.5703125,52917.51171875,52880.140625,52887.01953125,3922049.0,52888.461547725776,52877.27816272904,52892.358267261676,53068.78379897988,53172.92088905113,44.440019515358266,-42.33441813456011,-68.19699986226249,25.862581727702377,52856.8955078125,52919.63040710441,52794.16060852059,0.0023737640544036266,0.7400898365782994,47.657437659879854,52914.94921875,52783.6484375,53468.48828125,52721.62109375,-0.0004101255759477729,0.00039397816347208625,0.0006991328210448344,-0.008623513172550057
2026-09-08 14:20:00-04:00,52886.75,52893.171875,52866.3984375,52882.5703125,3777019.0,52886.49780265052,52878.2403717783,52891.4260810939,53062.67843876743,53168.12170596764,43.84134480149562,-38.678243598289555,-62.2932486094679,23.615005011178347,52857.02109375,52919.950720405286,52794.09146709472,0.0023811264938169464,0.7029983340752347,46.16572336274558,52917.51171875,52783.6484375,53468.48828125,52721.62109375,-8.412685739211945e-05,-9.830663679111229e-05,4.749841087159368e-05,-0.007985249703376107
2026-09-08 14:30:00-04:00,52881.30859375,52882.5390625,52830.921875,52832.78125,5447081.0,52868.592285100356,52869.97507690952,52885.84085908496,53055.14082602096,53162.578888513635,37.717860634799315,-39.3447187496713,-57.70354263750858,18.358823887837282,52854.780078125,52917.81064351242,52791.74951273757,0.002385046926475068,0.3254907917311305,46.557345801120896,52917.51171875,52783.6484375,53468.48828125,52721.62109375,-0.0009415023174135229,-0.0010459878661862598,-0.0008476237797401254,-0.00896738065187408
2026-09-08 14:40:00-04:00,52832.3203125,52859.30078125,52748.2890625,52784.7109375,7732041.0,52840.63183590025,52854.472506107784,52876.20943798163,53046.27427229896,53156.333137257214,32.93488120440804,-43.25318183124182,-54.81347047625523,11.560288645013415,52850.0416015625,52918.91071341028,52781.17248971472,0.002606208425226439,0.02568965745557681,51.16122958318369,52917.51171875,52783.6484375,53468.48828125,52721.62109375,-0.0009098576937022207,-0.002059409906613907,-0.0017921796963570324,-0.009882283220605359
2026-09-08 14:50:00-04:00,52783.01171875,52811.2109375,52762.0,52780.23046875,5796490.0,52820.49804685017,52840.973953860914,52867.0685837691,53037.55152464161,53150.11656422404,32.52093333338833,-46.17987056373386,-53.08675049375096,6.906879930017105,52847.1876953125,52922.37192503183,52772.003465593174,0.0028453445868415676,0.05471229264127783,51.02192300581343,52917.51171875,52748.2890625,53468.48828125,52721.62109375,-8.488194157785234e-05,-0.0024284897515118864,-0.001080261779396352,-0.010074764536547542
2026-09-08 15:00:00-04:00,52780.71875,52840.21875,52774.4609375,52834.80078125,5260755.0,52825.26562498345,52839.851558840746,52863.995459719656,53030.90395928451,53144.9047331005,42.07094057056105,-43.59340665827767,-51.18808172665631,7.594675068378635,52846.2837890625,52921.6071543887,52770.9604237363,0.002850658927195524,0.4237752604203722,52.074486541112464,52917.51171875,52748.2890625,53468.48828125,52721.62109375,0.0010339157676151345,-0.0009873642051079212,-0.0003420461737205782,-0.009301747793092674
2026-09-08 15:10:00-04:00,52834.94921875,52864.71875,52830.6484375,52830.6484375,6424879.0,52827.0598958223,52838.178264051516,52860.819552841596,53024.338204471904,53139.710414164954,41.588625598336016,-41.40142496129556,-49.23075037358416,7.829325412288597,52845.991796875,52921.50981310524,52770.47378064477,0.0028580414015316343,0.39841258986316913,50.78847410960443,52917.51171875,52748.2890625,53468.48828125,52721.62109375,-7.859107422758527e-05,-0.0009818334224901415,-0.00011052672007483277,-0.010273519992705427
2026-09-08 15:20:00-04:00,52830.58984375,52851.01953125,52813.87890625,52849.12890625,6173839.0,52834.41623263154,52840.16928990578,52859.706157928114,53018.593637317084,53134.907414034125,44.63104589036177,-37.73802384587907,-46.93220506804314,9.194181222164069,52847.1646484375,52922.110341430795,52772.21895544421,0.0028363184095822223,0.5131045409952666,49.81362774463268,52917.51171875,52748.2890625,53468.48828125,52721.62109375,0.00034980582855914655,0.0003094225945183826,0.00044404605596892743,-0.009803252825337783
2026-09-08 15:30:00-04:00,52847.55859375,52872.91015625,52839.078125,52849.55078125,7365881.0,52839.46108217104,52841.875015604724,52858.73897919687,53013.05124859357,53130.19077547571,44.70185478897563,-34.404120990824595,-44.42658825259943,10.022467261774835,52850.0802734375,52920.496467869496,52779.66407900551,0.002664752600854016,0.49624026694587786,48.672085137873204,52917.51171875,52748.2890625,53468.48828125,52721.62109375,7.982629207647918e-06,0.0012283830411949914,0.001104586706023758,-0.01044332875545384
2026-09-08 15:40:00-04:00,52850.0,52859.12109375,52807.78125,52807.78125,9585437.0,52828.90113811403,52835.67614913113,52853.8858621305,53006.32108470525,53124.86169241,39.33781220783012,-34.73206146346638,-42.48768289477282,7.755621431306437,52848.5142578125,52921.194144139576,52775.83437148543,0.0027504987547054857,0.21977798899413054,48.86263932445369,52917.51171875,52748.2890625,53468.48828125,52721.62109375,-0.0007903478957255183,0.0005219905446662843,-0.0005927487707745316,-0.01209278709946815
2026-09-08 15:50:00-04:00,52808.5,52808.5,52744.33984375,52790.21875,30450891.0,52816.00700874269,52827.41116747093,52847.82232764188,52999.23576225589,53119.330404105705,37.31055080074895,-35.99418506495567,-41.18898332880939,5.19479826385372,52848.0552734375,52922.07367449508,52774.036872379926,0.0028011778550640055,0.10930982964281521,49.955319104849856,52917.51171875,52748.2890625,53468.48828125,52721.62109375,-0.00033257409389830794,-0.0008438004987391112,-0.0001738596986263774,-0.011903400574683198
2026-09-09 09:30:00-04:00,52707.8984375,52707.8984375,52375.94140625,52409.33984375,7431468.0,52680.45128707846,52751.39819952166,52806.06209108075,52979.894912468815,53107.595022942805,16.93157877758972,-66.9563406921734,-46.3424548014822,-20.6138858906912,52826.7443359375,53031.98836560739,52621.50030626762,0.0077704591585159915,-0.5168492912043751,75.97832086521773,52917.51171875,52744.33984375,53454.16015625,52721.62109375,-0.007214952225406357,-0.007974700409903557,-0.008066892095854872,-0.019008227239751596
2026-09-09 09:40:00-04:00,52409.3203125,52481.171875,52390.03125,52435.55078125,13081017.0,52598.817785135645,52693.97139619954,52770.7752996683,52962.04756390426,53096.48685365863,20.163297258935685,-88.36050361158414,-54.746064563502586,-33.61443904808155,52807.2462890625,53074.09941713889,52540.39316098612,0.010106685988345368,-0.1964421037367544,77.06134258913075,52917.51171875,52375.94140625,53454.16015625,52375.94140625,0.0005001195889537957,-0.007825637499790261,-0.0073820569798964675,-0.018758175643991293
2026-09-09 09:50:00-04:00,52433.76171875,52436.828125,52376.671875,52424.51953125,10596019.0,52540.718367173766,52644.980148026894,52737.79855981894,52944.423693981174,53085.37995576758,19.813919847468426,-105.0031753733856,-64.79748672547919,-40.20568864790641,52785.240234375,53098.14702315099,52472.33344559901,0.011855844072571486,-0.07640280758376554,75.85383597562141,52917.51171875,52375.94140625,53454.16015625,52375.94140625,-0.00021037730767847762,-0.008042286901533968,-0.008325434327115522,-0.018737440545946393
2026-09-09 10:00:00-04:00,52423.55859375,52435.37109375,52373.58984375,52397.19140625,11864760.0,52492.87604686585,52599.927649522,52705.359783288564,52926.48165176048,53074.004938420185,18.93843786005064,-119.02570965544146,-75.64313131147165,-43.38257834396981,52762.0232421875,53115.16182454005,52408.88465983494,0.013386089488327025,-0.01655618242991502,74.84865126307703,52917.51171875,52375.94140625,53441.23046875,52375.94140625,-0.0005212851780874717,-0.007775176953680463,-0.00878407856847696,-0.01896268671070933
2026-09-09 10:10:00-04:00,52398.69140625,52422.0,52360.08984375,52373.078125,10353555.0,52452.94340624391,52558.682281427085,52673.713911070605,52908.3372738339,53062.41937125621,18.175322663017482,-130.57917394018295,-86.63033983721391,-43.948834102969045,52737.367578125,53125.131308791606,52349.60384745839,0.014705464018171755,0.03026878958129232,73.92447304785725,52917.51171875,52373.58984375,53441.23046875,52373.58984375,-0.0004602017895013466,-0.007901854451019874,-0.009327573410020662,-0.01956216374366082
2026-09-09 10:20:00-04:00,52374.1484375,52493.5390625,52364.7890625,52480.5390625,9661722.0,52462.14195832927,52544.47442344034,52655.31630644484,52894.311102970496,53052.80151491313,31.434858527155114,-129.5705691895928,-95.21838570768969,-34.3521834819031,52717.0060546875,53113.705401876985,52320.30670749802,0.015050147073145793,0.2019569179243503,77.84058211586745,52917.51171875,52360.08984375,53441.23046875,52360.08984375,0.002051835434295546,0.0013585215719615906,-0.007699898716836184,-0.016969491120140345
2026-09-09 10:30:00-04:00,52481.41015625,52511.26953125,52461.01953125,52477.83984375,9334462.0,52467.374586802856,52532.35904531482,52638.41378618819,52880.656307586214,53043.29801621622,31.297666736997485,-127.5190864027827,-101.6785258467083,-25.840560556074408,52696.49296875,53098.080550746694,52294.9053867533,0.015241529725131642,0.2277640858404387,75.86982625044834,52917.51171875,52360.08984375,53441.23046875,52360.08984375,-5.1432755802771624e-05,0.0008064960102436292,-0.007757164780535342,-0.01730277463667096
2026-09-09 10:40:00-04:00,52477.55859375,52502.4296875,52446.37109375,52489.66015625,6591996.0,52474.80310995191,52524.59561093939,52624.24677381312,52867.83676164076,53034.14697720852,32.68319587085152,-123.51565944556933,-106.04595256648051,-17.469706879088818,52676.2939453125,53076.822479395894,52275.765411229106,0.015207164516896927,0.26701561414393404,74.45473821470203,52917.51171875,52360.08984375,53441.23046875,52360.08984375,0.0002252438845653515,0.0012425602672652136,-0.0076375999832209995,-0.016612424549105942
2026-09-09 10:50:00-04:00,52490.1015625,52551.2890625,52486.2890625,52490.4609375,8809638.0,52480.022385801276,52518.38930667768,52611.50526559283,52855.46378380008,53025.16043109764,32.7820964328555,-118.90760552528809,-108.61828315824204,-10.289322367046054,52655.3810546875,53048.797162682,52261.964946693006,0.01494305425635028,0.2903998923325608,73.77939977079474,52917.51171875,52360.08984375,53441.23046875,52360.08984375,1.525598084683999e-05,0.001780048295467962,-0.007905271992624141,-0.016761554712236393
2026-09-09 11:00:00-04:00,52498.48046875,52541.23046875,52394.58984375,52394.76953125,7905586.0,52451.60476761752,52495.912983872644,52590.86376708399,52840.359054208275,53014.740746802636,27.569562767009486,-121.57573693503946,-111.20977391360154,-10.36596302143792,52630.7685546875,53024.7298851114,52236.8072242636,0.014970761067817055,0.20047945672286568,78.98377300145226,52917.51171875,52360.08984375,53441.23046875,52360.08984375,-0.0018230246894562763,0.00041417092572304526,-0.009307576875439927,-0.01909620068061091
2026-09-09 11:10:00-04:00,52391.94140625,52392.30859375,52342.71875,52356.98046875,6726441.0,52420.06333466168,52470.652526577614,52568.58916724265,52824.51057599652,53003.86867609103,25.823329526844773,-125.29518690637633,-114.02685651215651,-11.268330394219817,52604.4890625,52997.8772183761,52211.10090662389,0.014956448123988693,0.1854142784258765,77.05998787634853,52893.171875,52360.08984375,53441.23046875,52360.08984375,-0.0007212373074274581,-0.0023543697522400153,-0.009938810474682369,-0.019824595863915273
2026-09-09 11:20:00-04:00,52359.55078125,52386.8984375,52314.609375,52386.828125,9088215.0,52408.984931441126,52455.41172629077,52551.27859179097,52810.160331701554,52993.66965871762,29.61542004486428,-124.40041089354054,-116.10156738843332,-8.298843505107214,52582.19140625,52971.82879082005,52192.55402167995,0.01482012727692205,0.24930115924890592,76.71920749232363,52882.5390625,52342.71875,53441.23046875,52342.71875,0.0005700797865495488,-0.0017342885877349445,-0.00844084135737222,-0.01929522201571232
2026-09-09 11:30:00-04:00,52387.01953125,52415.91015625,52359.51953125,52415.91015625,6712994.0,52411.293339710755,52448.229622646984,52538.38635983469,52797.23409644084,52984.119914875184,33.198815269552796,-119.9617729388192,-116.8736084985105,-3.088164440308688,52563.7513671875,52948.17848642448,52179.32424795052,0.01462708080142672,0.30771230287949236,75.2671658857291,52872.91015625,52314.609375,53441.23046875,52314.609375,0.0005551401428733893,-0.0014050386262830505,-0.006986886443058893,-0.018805898598209803
2026-09-09 11:40:00-04:00,52436.46875,52443.94140625,52366.6015625,52376.73828125,5763052.0,52399.77498689051,52435.23119693843,52522.99130473138,52783.447348401794,52974.08054903014,30.915686587533855,-118.24194379551045,-117.1472755579105,-1.0946682375999472,52543.5767578125,52922.757834780765,52164.39568084424,0.014433013523841786,0.280001578801801,75.4152143046056,52872.91015625,52314.609375,53435.69921875,52314.609375,-0.0007473279560200607,-0.0021665394858202403,-0.0076447598639968195,-0.019649425167179713
2026-09-09 11:50:00-04:00,52376.62109375,52404.640625,52348.46875,52360.21875,4544258.0,52386.58957459368,52421.59257022235,52507.48915666173,52769.57100091321,52963.934073013115,29.97933731783526,-116.86481013570301,-117.090782473469,0.22597233776599523,52519.84765625,52882.18417597623,52157.51113652377,0.013798079617358254,0.27972285767577376,74.04069006856236,52872.91015625,52314.609375,53434.21875,52314.609375,-0.0003153982434204172,-0.0006594318776302899,-0.008982375711321322,-0.019665755583880395
2026-09-09 12:00:00-04:00,52359.26171875,52392.609375,52345.80078125,52346.0703125,4826888.0,52373.08315389579,52407.861250636466,52492.11593340823,52755.685732440645,52953.721448872406,29.16461306749916,-115.58271683943894,-116.789169346663,1.206452507224057,52495.61875,52835.706800142994,52155.53069985701,0.012956816520730803,0.28013276644515656,72.09554033152219,52872.91015625,52314.609375,53421.328125,52314.609375,-0.00027021349103895087,-0.0002083801654014783,-0.009172291829301904,-0.01926301614484993
2026-09-09 12:10:00-04:00,52344.078125,52351.328125,52318.12109375,52329.55078125,4788996.0,52358.57236301386,52393.62298347529,52476.63353796459,52741.71409469668,52943.4045783332,28.200947723944466,-114.57884319603909,-116.34710411653822,1.7682609204991309,52469.63984375,52775.38826239651,52163.891425103495,0.01165429835451511,0.27090795249219707,69.31778968284203,52872.91015625,52314.609375,53413.5703125,52314.609375,-0.0003155830256479364,-0.0010933539173879625,-0.009831347001417745,-0.019704815960374766
2026-09-09 12:20:00-04:00,52329.33984375,52382.109375,52327.1484375,52380.1796875,5180196.0,52365.774804509245,52391.17874784342,52467.44745696796,52729.860507575475,52934.095076005375,35.26119935700892,-108.44781755581062,-114.7672468043927,6.319429248582082,52446.1712890625,52699.1795163856,52193.1630617394,0.009648301147804322,0.3695860560332203,68.29230024121046,52872.91015625,52314.609375,53413.5703125,52314.609375,0.0009675012587369025,-0.0006816721992137786,-0.008881269316607376,-0.019047241430972583
2026-09-09 12:30:00-04:00,52380.51171875,52422.0,52377.83984375,52421.41015625,4468307.0,52384.31992175616,52396.675367553704,52463.062952137676,52719.747381302506,52925.62094510033,40.40098449692556,-99.11939463192539,-111.63767636989924,12.518281737973851,52426.852734375,52617.877881520886,52235.82758722912,0.007287301723554835,0.48575428888206407,66.5685756704097,52859.12109375,52314.609375,53413.5703125,52314.609375,0.0007871387420963494,0.0008528953208220003,-0.0073165560946569785,-0.017639817007074843
2026-09-09 12:40:00-04:00,52422.8203125,52449.7890625,52420.98046875,52448.171875,4106265.0,52405.603906170785,52406.038368907575,52461.64475431504,52710.84326634177,52917.72922493339,43.53458243266681,-88.5463974592858,-107.01942058777655,18.473023128490752,52409.750390625,52504.64283017783,52314.85795107217,0.0036211750235621972,0.7024475530192833,63.87143410466615,52808.5,52314.609375,53413.5703125,52314.609375,0.0005105112332963735,0.0016797700066903953,-0.006479360819091173,-0.017804451035949187
2026-09-09 12:50:00-04:00,52447.8515625,52473.21875,52447.8515625,52456.53125,4119184.0,52422.57968744719,52415.21889274256,52461.15775390409,52702.50516744532,52910.1061179097,44.51591698111193,-78.58678973190399,-101.33289441660204,22.746104684698054,52412.1099609375,52509.16644370437,52315.05347817063,0.0037035899848034005,0.7288424626369266,61.12113077576143,52707.8984375,52314.609375,53413.5703125,52314.609375,0.0001593835342807992,0.0021102049655410404,0.0009004388605293734,-0.017795055049421915
2026-09-09 13:00:00-04:00,52456.6484375,52474.44921875,52445.37890625,52457.28125,5710590.0,52434.1468749648,52422.86659406209,52460.78856305608,52694.465039004484,52902.621409349216,44.60893057676452,-69.82827325339167,-95.03197018395997,25.2036969305683,52413.196484375,52511.753236422155,52314.63973232785,0.003760760978450654,0.7236516763656422,58.83178661320704,52551.2890625,52314.609375,53110.44921875,52314.609375,1.4297552318520701e-05,0.002440886016467969,0.0004144224371869232,-0.009248860169448703
2026-09-09 13:10:00-04:00,52457.5,52524.16015625,52454.69140625,52504.62890625,5543374.0,52457.6408853932,52437.73246900534,52464.963833836446,52688.24090350434,52896.043020868245,50.276087283442074,-58.39340288414678,-87.70425672399733,29.31085383985055,52417.201953125,52523.48268294153,52310.92122330846,0.00405518516274786,0.911301998376948,59.591569712263684,52551.2890625,52314.609375,52993.58984375,52314.609375,0.0009025945516381029,0.0023758837692513524,0.0015280898273610788,-0.008331567571523646
2026-09-09 13:20:00-04:00,52504.5703125,52533.3515625,52503.5390625,52517.62890625,5081053.0,52477.63689234547,52452.25909395891,52469.97955501869,52682.647067528786,52889.78824211423,51.73616785924527,-47.731969940898125,-79.7097993673775,31.977829426479374,52423.223828125,52537.62475382852,52308.82290242149,0.004364513181356012,0.9126062684565202,57.46449330424485,52551.2890625,52314.609375,52959.1015625,52314.609375,0.00024759721706080207,0.0018354857245008738,0.002298548772704523,-0.007038795280615684
2026-09-09 13:30:00-04:00,52517.5390625,52517.55078125,52444.0,52450.7890625,6232419.0,52468.68761573032,52451.991815511836,52468.15188906453,52675.045165724565,52882.53205732722,44.50086467040343,-44.16699468688603,-72.60123843127921,28.434243744393186,52427.109375,52539.69814897237,52314.52060102763,0.0042950593810940725,0.605160073533669,58.61909422894165,52551.2890625,52314.609375,52917.51171875,52314.609375,-0.0012727125184824883,4.9900452321560707e-05,0.0014837954972690692,-0.006060208578242299
2026-09-09 13:40:00-04:00,52449.8515625,52506.16015625,52448.0,52506.16015625,4739129.0,52481.17846257021,52461.84060473695,52471.771724034574,52669.507952299165,52876.311034168924,50.657154125626214,-36.453528024212574,-65.37169634986589,28.918168325653312,52428.3904296875,52543.9262532321,52312.85460614289,0.004407376331705266,0.8365610949770879,58.58631294473153,52551.2890625,52314.609375,52917.51171875,52314.609375,0.0010556770401304316,0.0009460958448335166,0.0004882018021858947,-0.0048003126218865155
2026-09-09 13:50:00-04:00,52505.98828125,52511.828125,52478.0703125,52479.55859375,5931020.0,52480.63850629681,52465.06205728477,52472.51333067414,52663.28010447788,52869.753142591755,47.90769769238708,-32.11685083237535,-58.72072724636779,26.603876413992438,52428.4763671875,52544.16164833248,52312.79108604251,0.004413070497596538,0.7207810105871745,56.81284862725071,52551.2890625,52314.609375,52917.51171875,52314.609375,-0.0005066369816577598,0.000424675911887773,3.2751919764928417e-05,-0.004683218919925847
2026-09-09 14:00:00-04:00,52479.23046875,52496.171875,52455.46875,52462.859375,5482418.0,52474.71212919788,52464.661569596625,52471.59390632422,52656.70893301959,52863.02762577206,46.212052423685236,-29.68529668399424,-52.91364113389308,23.22834444989884,52427.136328125,52540.554353549865,52313.71830270014,0.004326691609284786,0.6574839922542294,55.66215408244709,52551.2890625,52314.609375,52917.51171875,52314.609375,-0.00031820425318873635,-0.0007955399765720017,-0.0005105916321466175,-0.006174810036867151
2026-09-09 14:10:00-04:00,52463.30859375,52469.12890625,52440.75,52458.66015625,7273734.0,52469.36147154859,52463.570403533595,52470.36212060286,52650.21553050255,52856.34386594525,45.773320587556434,-27.776919326322968,-47.88629677237906,20.109377446056094,52425.5462890625,52536.22729335784,52314.865284767155,0.004222407285374733,0.649591465122324,53.71335066584373,52551.2890625,52314.609375,52917.51171875,52314.609375,-8.004174381692764e-05,-0.0011228372496645544,-0.0006058392454938444,-0.006697868900911952
2026-09-09 14:20:00-04:00,52457.21875,52485.26953125,52457.21875,52465.78125,6161560.0,52468.16806436573,52463.972375618396,52469.925847212115,52644.168504912304,52849.888285516405,46.697495961409246,-25.397141332978208,-43.38846568449889,17.99132435152068,52429.096875,52540.15625876323,52318.03749123678,0.004236555286390328,0.6651565755047169,51.88030999328346,52541.23046875,52314.609375,52917.51171875,52314.609375,0.00013574677143468605,0.00028583340247045896,0.0013553207578791415,-0.007271306551301038
2026-09-09 14:30:00-04:00,52465.80078125,52492.19140625,52455.01953125,52489.3515625,4156401.0,52475.22923041049,52468.586773233226,52471.77591533477,52639.09253958731,52843.92900083845,49.75016247830314,-21.36296394407691,-38.983365336414494,17.620401392337584,52435.7154296875,52544.54987239902,52326.880986975986,0.004151156966951444,0.7464115746642379,50.829707493763216,52533.3515625,52314.609375,52917.51171875,52314.609375,0.0004492511488143336,-0.00032012612805776275,0.0025282415556604487,-0.007388551405579924
2026-09-09 14:40:00-04:00,52489.1796875,52502.01953125,52450.05078125,52457.05859375,6583422.0,52469.172351523666,52466.49074059991,52470.37426566004,52633.12421349428,52837.53444865517,45.87380491927069,-20.534908352274215,-35.29367393958644,14.758765587312226,52439.226953125,52546.03858709545,52332.41531915455,0.004073730303687667,0.5834723707622272,50.91106767278013,52533.3515625,52314.609375,52917.51171875,52314.609375,-0.0006152289519436582,-0.00042873836219115,0.001340613113327338,-0.00795314001246683
2026-09-09 14:50:00-04:00,52457.71875,52478.1796875,52450.078125,52454.44921875,9332108.0,52464.26464059912,52464.301372990834,52468.85759452575,52627.26601694529,52831.20246138401,45.564865993498785,-19.860286069786525,-32.20699636562646,12.346710295839934,52441.15390625,52547.6033375726,52334.70447492741,0.004059766934682506,0.5624489597304991,49.28181730329584,52533.3515625,52318.12109375,52917.51171875,52314.609375,-4.974306737648426e-05,-0.000160306859942283,0.0007352550472770059,-0.008037734982119904
2026-09-09 15:00:00-04:00,52454.171875,52468.19140625,52431.37890625,52460.6015625,7466567.0,52463.043614566086,52463.62868017431,52468.07130576139,52621.80160860282,52825.076826691715,46.48005813179104,-18.61462254566868,-29.488521601634904,10.873899055966223,52445.3470703125,52547.85033195515,52342.843808669844,0.0039089554123926396,0.5744097892254468,48.39115178163185,52533.3515625,52318.12109375,52917.51171875,52314.609375,0.00011728926414500407,3.7008307955499475e-05,0.0016011550929284635,-0.007129565098525137
2026-09-09 15:10:00-04:00,52460.71875,52470.80078125,52442.55859375,52458.1484375,7094264.0,52461.411888877396,52462.63227241534,52467.12627068888,52616.43593086174,52819.01189463896,46.14690847898121,-17.622233772694017,-27.115264035846728,9.493030263152711,52450.2435546875,52545.08249830759,52355.40461106741,0.0036163394940656244,0.5416752997806855,46.95194004722957,52533.3515625,52318.12109375,52917.51171875,52314.609375,-4.6761282313512176e-05,-0.00014548172767370193,0.0018703070735357485,-0.007468476210163888
2026-09-09 15:20:00-04:00,52457.80859375,52481.69921875,52456.12890625,52462.33984375,6353188.0,52461.72120716827,52462.5791035671,52466.670420504226,52611.38360013677,52813.11648883915,46.84790816779104,-16.30954083063989,-24.95411939480536,8.64457856416547,52456.05703125,52538.02098889146,52374.093073608536,0.0031250521781549068,0.5383266784620414,45.42468093671317,52533.3515625,52318.12109375,52917.51171875,52314.609375,7.990000361890459e-05,-0.0005146133062405855,0.0022211701958883,-0.007081251038267289
2026-09-09 15:30:00-04:00,52462.2109375,52478.5,52459.28125,52471.37890625,8231616.0,52464.94044019552,52464.17906769126,52467.118847718106,52606.79328230441,52807.46793375503,48.407608487259104,-14.374149171424506,-22.838125350129193,8.463976178704687,52463.1484375,52521.14088437661,52405.15599062339,0.00221078789984167,0.5709615578690077,43.55282872694794,52533.3515625,52318.12109375,52917.51171875,52314.609375,0.00017229621337744305,0.00027299114521284196,0.002710287454843252,-0.006706833177405724
2026-09-09 15:40:00-04:00,52470.03125,52472.58984375,52445.26953125,52454.73828125,8477395.0,52461.539720547014,52462.46256106557,52465.939746149714,52601.80787243377,52801.63769156487,45.74622771252678,-14.021465972080478,-21.074793474519453,7.053327502438975,52466.8763671875,52510.97758605995,52422.77514831505,0.0016811070879771152,0.36238378158430573,42.39336328216595,52533.3515625,52327.1484375,52917.51171875,52314.609375,-0.0003171371773883491,5.510733680491597e-06,0.001423412332581142,-0.006374163799819699
2026-09-09 15:50:00-04:00,52454.390625,52454.390625,52370.8203125,52391.48046875,31405441.0,52438.18663661468,52449.5567260991,52458.84838639736,52594.911891985124,52794.85823333653,37.3416466214473,-18.63156570510182,-20.58614792063593,1.95458221553411,52465.3798828125,52516.9495703909,52413.8101952341,0.0019658558727139583,-0.21650050187094683,45.35940652986838,52533.3515625,52377.83984375,52917.51171875,52314.609375,-0.0012059503978616437,-0.0013175810358875273,-0.0005709439599352883,-0.008471398652010298
2026-09-10 09:30:00-04:00,52291.8515625,52291.8515625,52077.390625,52174.94140625,8198638.0,52350.43822649312,52399.626667944714,52431.80962638332,52581.14236786266,52784.611674211126,22.26323032194935,-39.304913037754886,-24.329900944059723,-14.975012093695163,52451.718359375,52588.556082293086,52314.88063645692,0.005217664061281469,-0.511332793409204,64.55443775987779,52533.3515625,52370.8203125,52917.51171875,52314.609375,-0.004133096842513506,-0.00539872335729541,-0.00520953274408098,-0.011826972460475815
2026-09-10 09:40:00-04:00,52174.05078125,52264.03125,52151.98046875,52231.2109375,15768790.0,52310.695796828746,52369.00562604568,52412.704989346814,52569.66920621142,52775.464554596074,30.155733314882625,-50.565323263763275,-29.576985408000436,-20.98833785576284,52440.45234375,52607.59582049471,52273.3088670053,0.00637460087678389,-0.12593351031460445,67.94703372345795,52533.3515625,52077.390625,52917.51171875,52077.390625,0.0010784780918462467,-0.004405615665225349,-0.00429537194188756,-0.011438275137711673
2026-09-10 09:50:00-04:00,52229.44140625,52229.44140625,52062.8515625,52077.69140625,11299775.0,52233.02766663583,52316.039404264644,52380.798933813785,52553.53878654055,52763.93111412755,23.226968524315552,-71.05791128113196,-37.87317058262674,-33.18474069850522,52421.4728515625,52651.16506836921,52191.78063475579,0.008763287420676278,-0.24835240412564885,75.11934381463952,52533.3515625,52077.390625,52917.51171875,52077.390625,-0.0029392297918136023,-0.007502899832371401,-0.007236170741311554,-0.014156423443307031
2026-09-10 10:00:00-04:00,52065.01171875,52105.2890625,52011.05078125,52013.1796875,10335292.0,52159.74500692389,52260.97400121653,52345.78757702199,52535.82209476872,52751.521999637844,21.039321202919865,-91.44981494111562,-48.58849945432452,-42.8613154867911,52396.900390625,52683.7818413904,52110.0189398596,0.010950321436064643,-0.16877921542370475,76.48498220287956,52533.3515625,52062.8515625,52917.51171875,52062.8515625,-0.001238759188589067,-0.008417897185616807,-0.009360112222248307,-0.016106435746719883
2026-09-10 10:10:00-04:00,52009.76953125,52142.71875,52006.9609375,52136.87890625,7804088.0,52152.12297336593,52238.41125667715,52325.891513138944,52522.74199022712,52741.362609664495,33.895919477613575,-96.51647055857029,-58.17409367517368,-38.34237688339661,52377.862890625,52680.28382366133,52075.44195758867,0.011547662174298439,0.10157522504228926,80.71875579553102,52533.3515625,52011.05078125,52917.51171875,52011.05078125,0.002378228354682266,-0.004859598549650901,-0.0072499465023389,-0.013708500806056345
2026-09-10 10:20:00-04:00,52134.890625,52271.328125,52132.1484375,52167.671875,9488600.0,52157.305940577295,52225.54955091767,52310.82297617333,52511.10034710492,52731.88011818244,36.66068222966608,-96.92975058012962,-65.92522505616486,-31.00452552396476,52363.70703125,52677.4414326487,52049.9726298513,0.011982894992956456,0.18757784390868693,84.89453663156452,52517.55078125,52006.9609375,52917.51171875,52006.9609375,0.0005906178006045426,-0.00013932993605869637,-0.005397767937535547,-0.013212972462537165
2026-09-10 10:30:00-04:00,52167.98046875,52199.80859375,52148.16015625,52162.48046875,7471854.0,52159.03078330154,52214.082445069,52296.69511832349,52499.67018715886,52722.46855372901,36.38439368360322,-96.56306220008992,-72.05279248494988,-24.51026971514004,52346.523046875,52664.780748544035,52028.26534520597,0.012159650083503809,0.2108591918438582,82.5198152650242,52511.828125,52006.9609375,52917.51171875,52006.9609375,-9.95138572109644e-05,-0.0013158888625469656,-0.006545511735713716,-0.013713738902742856
2026-09-10 10:40:00-04:00,52164.01953125,52174.80078125,52111.98828125,52128.7109375,7533036.0,52148.92416803436,52198.56035278372,52280.69662491173,52487.507588809385,52712.654378254156,34.55983155799842,-97.86920271773124,-77.21607453150615,-20.65312818622509,52328.9806640625,52654.565914871404,52003.3954132536,0.012443783413212948,0.19244656189900752,81.11214988895105,52511.828125,52006.9609375,52917.51171875,52006.9609375,-0.000647391208135284,0.000979681123957743,-0.0066854155341882215,-0.014358439848754956
2026-09-10 10:50:00-04:00,52127.48046875,52169.76171875,52124.69921875,52141.05078125,8513536.0,52146.29970577291,52188.10406705031,52267.39702075347,52476.14834921728,52703.20638491525,35.82623003112842,-96.79283863363526,-81.13142735193198,-15.66141128170328,52312.890234375,52642.20615284312,51983.57431590688,0.012590239881325694,0.2390963456544293,78.53717489688312,52502.01953125,52006.9609375,52917.51171875,52006.9609375,0.00023671875878150672,0.002458436390896823,-0.006134026958952821,-0.014228361573476067
2026-09-10 11:00:00-04:00,52143.23828125,52158.76953125,52098.2109375,52150.3515625,8077182.0,52147.65032468195,52181.23997531389,52256.24983425315,52465.4664873577,52694.06828867698,36.81868111408639,-94.10453848360339,-83.72604957826627,-10.378488905337122,52297.4748046875,52626.91739788544,51968.03221148957,0.012598795426673507,0.27670883300279775,77.2529905292486,52502.01953125,52006.9609375,52917.51171875,52006.9609375,0.0001783773267058919,0.0002584093358219963,-0.005877172478894632,-0.014333501271942994
2026-09-10 11:10:00-04:00,52150.4296875,52167.9609375,52128.3203125,52148.4609375,5813706.0,52147.92052895464,52175.28015025682,52245.984225038555,52455.0728627722,52685.04998535174,36.69445222108729,-91.07672311268107,-85.19618428514923,-5.880538827531836,52281.6087890625,52607.64730675912,51955.570271365876,0.012472398047736867,0.29580962932975924,74.56639299144513,52502.01953125,52006.9609375,52917.51171875,52006.9609375,-3.625335100054805e-05,-0.0003682536868049313,-0.006048138518855994,-0.013964836746256815
2026-09-10 11:20:00-04:00,52149.05078125,52167.7109375,52125.01171875,52143.05859375,5764522.0,52146.29988388643,52169.421685437395,52236.18178396346,52444.84288673868,52676.09144995337,36.31737496379994,-88.09754791479645,-85.77645701107868,-2.3210909037177743,52264.294140625,52581.01127966372,51947.57700158629,0.012119828431492454,0.3086059579172585,72.29016625991333,52502.01953125,52006.9609375,52893.171875,52006.9609375,-0.00010359545905824774,-0.0003723341916540557,-0.006597394679903057,-0.01398403508717505
2026-09-10 11:30:00-04:00,52142.140625,52181.609375,52114.578125,52119.26953125,8009358.0,52137.28976634096,52160.30311194877,52225.04728370504,52434.16835049315,52666.88778187563,34.62981246377103,-86.65717862398742,-85.95260133366043,-0.7045772903269949,52247.4046875,52557.15221733772,51937.657157662274,0.011856953725850074,0.293161940117605,71.91452938420524,52502.01953125,52006.9609375,52882.5390625,52006.9609375,-0.000456226833284612,-0.000181117201638048,-0.0064393443238207615,-0.013505094789042604
2026-09-10 11:40:00-04:00,52119.3203125,52133.66015625,52106.4609375,52131.83984375,6974958.0,52135.47312547731,52155.12797227626,52216.1703846617,52424.25594043599,52658.04401430331,36.31382006037528,-83.5383779987169,-85.46975666667173,1.9313786679548315,52231.27421875,52529.60343822115,51932.94499927884,0.011423394276069934,0.3333479114512087,68.72057862461915,52481.69921875,52006.9609375,52872.91015625,52006.9609375,0.000241183589352989,-0.00017665423619184217,-0.0061502766648950935,-0.01236856434665401
2026-09-10 11:50:00-04:00,52131.75,52142.6796875,52066.1484375,52078.08984375,5630982.0,52116.34536490154,52141.121039816935,52203.01985695583,52412.90623234793,52648.45799495532,32.46286668002466,-84.43061821539595,-85.26192897641657,0.8313107610206174,52212.1486328125,52498.00183897082,51926.295426654186,0.010949681774968138,0.26551113268210885,69.27848372286064,52481.69921875,52006.9609375,52872.91015625,52006.9609375,-0.0010310397668891191,-0.0013856420251241452,-0.007291409312077501,-0.013303098883126752
2026-09-10 12:00:00-04:00,52078.41015625,52106.96875,52035.55078125,52038.5390625,5981211.0,52090.4099307677,52122.46977121385,52187.355019388604,52400.631898910295,52638.37669028664,29.94634097728398,-87.322542607777,-85.67405170268866,-1.6484909050883374,52191.1681640625,52462.9699502867,51919.366377838305,0.010415623784077455,0.21922719183933975,69.43130408194203,52481.69921875,52006.9609375,52872.91015625,52006.9609375,-0.0007594514577755618,-0.0021078642211845855,-0.007998936056615391,-0.015070781132434541
2026-09-10 12:10:00-04:00,52039.171875,52067.578125,52027.55078125,52062.6015625,5720311.0,52081.14047467847,52111.584642356785,52175.473737780165,52389.548937060776,52628.85974602571,33.33243830794471,-86.67365097665606,-85.87397155748215,-0.7996794191739127,52171.18125,52417.91463301544,51924.44786698456,0.009458608262408796,0.2799655519390996,67.33102120108903,52481.69921875,52006.9609375,52872.91015625,52006.9609375,0.00046239768512901236,-0.001543005596906899,-0.007619528264285469,-0.014537903616848813
2026-09-10 12:20:00-04:00,52061.96875,52075.51171875,52047.6484375,52064.25,5736292.0,52075.51031645232,52102.97834374646,52164.88100084872,52378.88339814075,52619.52735352942,33.56933208607798,-85.04602689555031,-85.7083826250958,0.6623557295454816,52150.8248046875,52359.350473881736,51942.29913549327,0.007997022864938122,0.29241211640265696,64.51189691886839,52478.5,52006.9609375,52872.91015625,52006.9609375,3.166260329923176e-05,-0.0010556466302162892,-0.0077590662707266445,-0.014851312074458445
2026-09-10 12:30:00-04:00,52064.2109375,52091.1484375,52020.1796875,52078.109375,6122452.0,52076.37666930155,52098.45671306528,52156.617036482174,52369.02195475909,52610.57829603306,35.640002346547945,-81.69604618362791,-84.90591533680222,3.20986915317431,52131.993359375,52288.99427618229,51974.992442567716,0.006023207887908348,0.32839595630787394,64.97310071037779,52472.58984375,52006.9609375,52872.91015625,52006.9609375,0.00026619753477663544,-0.0010306651158110691,-0.007180074071299392,-0.014596934029639685
2026-09-10 12:40:00-04:00,52077.7109375,52116.3984375,52068.8203125,52094.08984375,7591073.0,52082.28106078437,52097.66273682614,52150.662065745775,52360.00778718502,52602.04129682178,38.03826342785571,-76.86561311948753,-83.29785489333929,6.432241773851757,52117.123828125,52220.00968406706,52014.237972182935,0.003948255328953514,0.38806049109428553,63.73060244535081,52454.390625,52006.9609375,52859.12109375,52006.9609375,0.0003068557776344516,0.0003072309304739118,-0.005676316499156453,-0.013514890975465876
2026-09-10 12:50:00-04:00,52091.390625,52116.9296875,52079.69140625,52116.9296875,4999440.0,52093.830603022914,52101.165818766836,52147.4494582938,52352.038013424855,52594.02292311398,41.39928758366136,-70.38314254934812,-80.71491242454105,10.331769875192933,52114.2232421875,52213.637923336086,52014.80856103892,0.0038152609772798525,0.5136118995767512,61.838293788540035,52291.8515625,52006.9609375,52808.5,52006.9609375,0.0004384344523247208,0.0015063955755147962,-0.0011118693607780061,-0.012754049489518304
2026-09-10 13:00:00-04:00,52116.46875,52148.94921875,52074.8203125,52075.03125,5120306.0,52087.56415201528,52096.414078991045,52140.552486075336,52342.95582446011,52585.44454835177,37.39228651954856,-67.84452224454435,-78.14083438854172,10.296312143997369,52106.4142578125,52191.32206757941,52021.5064480456,0.0032590156500425034,0.3151936323722281,62.71619467864432,52271.328125,52006.9609375,52707.8984375,52006.9609375,-0.0008039314240348983,0.00023874503246013035,-0.002990160187687163,-0.006378798030020727
2026-09-10 13:10:00-04:00,52075.9296875,52111.8515625,52074.30859375,52089.71875,7706487.0,52088.28235134353,52095.19674644722,52135.71117787769,52334.65296955977,52577.25073350299,39.59929172297939,-63.910765341992374,-75.29482057923185,11.38405523723948,52107.015625,52191.269035288744,52022.762214711256,0.0032338605187099087,0.3973520778522669,60.91810711231258,52271.328125,52006.9609375,52551.2890625,52006.9609375,0.0002820449579663542,0.0004891792352716973,0.00023095001766071377,-0.0065953732934500575
2026-09-10 13:20:00-04:00,52089.8203125,52102.1796875,52055.23828125,52058.12890625,5111748.0,52078.23120297902,52088.457139138634,52128.32239010362,52325.58660682831,52568.67020743269,36.610055840094674,-62.620421796207665,-72.75994082262702,10.13951902641935,52109.2630859375,52185.390468943544,52033.13570293145,0.002921836867295465,0.16415383224563307,59.919771336433115,52271.328125,52006.9609375,52551.2890625,52006.9609375,-0.0006064506491504362,-0.00038366348144713847,0.0008641890193996637,-0.0069889171760858515
2026-09-10 13:30:00-04:00,52056.921875,52074.26953125,52030.28125,52030.28125,6079048.0,52062.247885319346,52077.879704749794,52118.98513866518,52315.904463981475,52559.771216400746,34.16189168409075,-63.117311291149235,-70.83141491633147,7.714103625182233,52103.933203125,52186.25481156089,52021.611594689115,0.003159899968202366,0.05265722740121796,58.78180775883075,52271.328125,52006.9609375,52551.2890625,52006.9609375,-0.0005349338678719562,-0.001224872033303348,-0.0020445730255866934,-0.007002477545127284
2026-09-10 13:40:00-04:00,52029.7109375,52037.01953125,52020.80859375,52027.28125,3944329.0,52050.5923402129,52068.67998570437,52110.251434982776,52306.44140778536,52550.9697293528,33.89889938578972,-63.02664281804755,-69.27046049667469,6.243817678627138,52096.913671875,52180.23433356637,52013.593010183635,0.003198679377290948,0.0821419293756254,55.74103131177141,52271.328125,52020.1796875,52551.2890625,52006.9609375,-5.765873118357412e-05,-0.0017201404234198359,-0.002691142233381516,-0.00660256924702185
2026-09-10 13:50:00-04:00,52027.87109375,52051.671875,52027.48046875,52048.33984375,3781921.0,52049.8415080586,52064.981778076304,52104.355092960606,52297.979061423546,52542.66179735937,37.53416749507883,-60.55746610472852,-67.52786161828546,6.970395513556937,52091.206640625,52171.35733761002,52011.055943639985,0.0030773215732156993,0.2325862501045047,53.50171657521631,52199.80859375,52020.1796875,52551.2890625,52006.9609375,0.00040476060336125386,-0.0005125567015382693,-0.002188174794877318,-0.008235418813729911
2026-09-10 14:00:00-04:00,52048.3203125,52060.80859375,52003.01171875,52003.01171875,4509775.0,52034.231578289066,52053.71449456243,52094.703343035784,52288.308001008016,52533.741961349304,33.290241750720995,-61.548731174298155,-66.332035529488,4.783304355189841,52084.9216796875,52171.75764967302,51998.085709701976,0.003334399560761399,0.028363874145962833,53.808513605558005,52181.609375,52020.1796875,52551.2890625,52006.9609375,-0.0008708851259440209,-0.0016645709236047246,-0.0024113241338483693,-0.009048164452153062
2026-09-10 14:10:00-04:00,52003.30859375,52012.23828125,51982.8515625,51993.12109375,4065540.0,52020.52808344271,52042.69751259653,52085.028843103806,52278.62974175365,52524.806079240225,32.428632625045,-62.41294903594098,-65.54821823077859,3.135269194837605,52077.5251953125,52169.05130123935,51985.999089385645,0.003514994446590584,0.03890695606588541,52.064099687303866,52181.609375,52003.01171875,52551.2890625,52003.01171875,-0.000190193311369935,-0.0012487543034263027,-0.0028371059900694773,-0.00945974999689303
2026-09-10 14:20:00-04:00,51993.23828125,52016.69921875,51991.75,51997.71875,4119807.0,52012.92497229514,52034.519555760795,52076.71359614154,52269.419545302706,52516.09389198006,33.29292893404765,-62.01201952257543,-64.84097848913795,2.8289589665625243,52069.8935546875,52161.31093871674,51978.47617065826,0.0035113336244188536,0.10524573387260301,50.12732247749645,52181.609375,51982.8515625,52551.2890625,51982.8515625,8.842816421261723e-05,-0.0006258374780551135,-0.0029267839607385326,-0.00938727110982518
2026-09-10 14:30:00-04:00,51997.21875,52005.3984375,51972.51171875,52001.01953125,4966823.0,52008.95649194677,52028.428642213374,52069.50463758044,52260.61954484196,52507.58026618287,33.94615422131743,-60.727901091609965,-64.01836300963235,3.2904619180223875,52062.521484375,52151.14376099024,51973.89920775976,0.00340445580000729,0.15301075827687452,48.895850782675275,52181.609375,51982.8515625,52541.23046875,51982.8515625,6.347934735106975e-05,-0.0005047682315708624,-0.002827339553255648,-0.007515063116465326
2026-09-10 14:40:00-04:00,52000.66015625,52028.01953125,51994.80859375,52013.21875,5231591.0,52010.37724463118,52025.66320726549,52064.144076858494,52252.50804337173,52499.40900145258,36.42405492863547,-58.056612493659486,-62.82601290643778,4.769400412778296,52056.0294921875,52138.940473295486,51973.11851107952,0.0031854515957820623,0.2418270679263454,47.775499833912754,52181.609375,51972.51171875,52533.3515625,51972.51171875,0.00023459576100548496,-0.0006747783667151452,-0.002490069574966669,-0.006565728498326595
2026-09-10 14:50:00-04:00,52013.58984375,52047.171875,51993.98046875,51996.109375,5221961.0,52005.62128808745,52020.28978321722,52057.664581443394,52244.101529654625,52491.089999362455,34.47094881811586,-56.666959176247474,-61.594202160399725,4.927242984152251,52049.871484375,52131.36240490015,51968.380563849845,0.003131263082930621,0.17013435957933437,48.1623502922047,52181.609375,51972.51171875,52533.3515625,51972.51171875,-0.0003289428228281377,-0.0001327296924134025,-0.002363044558330918,-0.0074583395098422045
2026-09-10 15:00:00-04:00,51995.2890625,52024.19140625,51962.7109375,52024.19140625,5994654.0,52011.81132747497,52020.99916922318,52054.476659996406,52236.89136167414,52483.3726672449,40.14409058820325,-52.69226010503917,-59.813813749327615,7.121553644288447,52044.4890625,52117.37952251945,51971.598602480546,0.002801082740265435,0.36076602998128554,49.11364446776151,52148.94921875,51972.51171875,52533.3515625,51972.51171875,0.000540079471090138,0.0005975850621464662,-0.002064926881971685,-0.007473279560200274
2026-09-10 15:10:00-04:00,52025.23046875,52027.0703125,51981.12109375,51990.4609375,6285376.0,52004.69453081665,52015.44676345532,52048.37992452056,52228.81167563565,52475.2253659268,36.101217175821304,-51.668447683376144,-58.184740536137326,6.5162928527611825,52040.1076171875,52114.902243116245,51965.31299125876,0.002874499279630204,0.16811332317643948,48.88761405934998,52148.94921875,51962.7109375,52533.3515625,51962.7109375,-0.0006483612303861408,-0.0001395794406845452,-0.0016826444002250307,-0.007374978977800928
2026-09-10 15:20:00-04:00,51992.71875,52001.0390625,51978.05078125,51988.94140625,5523775.0,51999.443489294434,52010.6276075998,52042.719113256695,52220.94707663939,52467.18761452719,35.92568951137068,-50.39871739366208,-56.62753590764228,6.228818513980201,52037.627734375,52115.68374598424,51959.57172276575,0.0029999834737925,0.1881321046178699,47.03766171582498,52148.94921875,51962.7109375,52533.3515625,51962.7109375,-2.922711633246422e-05,-0.00023226708070100965,-0.0009530947091045405,-0.007090828736272203
2026-09-10 15:30:00-04:00,51988.3515625,52043.7890625,51978.73046875,52035.3515625,7484220.0,52011.41284702963,52015.1228721271,52042.01744175606,52214.86197781515,52460.04982854327,44.75987405901645,-45.127335415752896,-54.32749580926441,9.200160393511517,52036.265234375,52113.47671730843,51959.05375144157,0.0029676027895416952,0.49408331610604356,48.32487114683748,52148.94921875,51962.7109375,52533.3515625,51962.7109375,0.0008926928495684994,0.0004255228388456711,-0.0005234083426908231,-0.00593585627622184
2026-09-10 15:40:00-04:00,52035.30078125,52046.75,52021.98828125,52041.71875,9115368.0,52021.51481468642,52019.95848628581,52041.98899492215,52209.185150673664,52453.13526526157,45.86267869030857,-39.97513987276761,-51.457024621965054,11.481884749197441,52035.138671875,52111.334834964946,51958.942508785054,0.00292864264551792,0.5431785398251125,46.641788832777664,52148.94921875,51962.7109375,52533.3515625,51962.7109375,0.00012236272666199532,0.0008771689949158556,-0.0004327585627373898,-0.0055003726757221205
2026-09-10 15:50:00-04:00,52041.12890625,52069.390625,52028.51171875,52064.1015625,26992096.0,52035.71039729095,52027.984500142935,52044.094953739084,52204.42831171714,52446.70495612502,49.66676584972501,-33.69743877928704,-47.90510745342946,14.207668674142418,52034.43828125,52109.28723997875,51959.58932252124,0.002876900806507828,0.6981542679671713,46.23015436257926,52148.94921875,51962.7109375,52533.3515625,51962.7109375,0.0004300936448222714,0.0007671461135907442,-0.0002689769783909002,-0.006034307764611002
