timestamp,open,high,low,close,volume,sma5,sma10,sma20,sma60,sma120,rsi14,macd,macd_signal,macd_hist,bb_mid,bb_upper,bb_lower,bb_width,bb_percent_b,atr14,prev20_high,prev20_low,prev60_high,prev60_low,return_1,return_5,return_20,return_60
2014-09-05,4592.419921875,4610.14013671875,4542.740234375,4582.89990234375,7127060000.0,,,,,,,,,,,,,,,,,,,,,,,
2014-09-12,4579.06005859375,4600.39990234375,4544.43994140625,4567.60009765625,8924430000.0,,,,,,,,,,,,,,,,,,,,-0.003338454911414379,,,
2014-09-19,4567.4501953125,4610.56982421875,4499.8701171875,4579.7900390625,10569910000.0,,,,,,,,,,,,,,,,,,,,0.002668784732819507,,,
2014-09-26,4568.4501953125,4568.8701171875,4466.64013671875,4512.18994140625,9071600000.0,,,,,,,,,,,,,,,,,,,,-0.014760523316498575,,,
2014-10-03,4465.83984375,4522.06005859375,4367.740234375,4475.6201171875,10193900000.0,4543.62001953125,,,,,,,,,,,,,,,,,,,-0.008104673050920552,,,
2014-10-10,4492.39990234375,4496.259765625,4276.240234375,4276.240234375,11421200000.0,4482.2880859375,,,,,,,,,,,,,,,,,,,-0.04454799057829584,-0.06691389175048768,,
2014-10-17,4274.91015625,4303.81982421875,4116.60009765625,4258.43994140625,12874700000.0,4420.4560546875,,,,,,,,,,,,,,,,,,,-0.0041626035940779404,-0.06768546931432062,,
2014-10-24,4254.16015625,4486.259765625,4248.22021484375,4483.72021484375,9388650000.0,4401.24208984375,,,,,,,,,,,,,,,,,,,0.05290206661059704,-0.020976905796846523,,
2014-10-31,4469.02001953125,4641.509765625,4450.2900390625,4630.740234375,10195870000.0,4424.9521484375,,,,,,,,,,,,,,,,,,,0.032789739878176904,0.026273338336418428,,
2014-11-07,4633.7099609375,4654.18994140625,4594.919921875,4632.52978515625,9939840000.0,4456.33408203125,4499.97705078125,,,,,,,,,,,,,,,,,,0.00038645026295491824,0.03505875473348996,,
2014-11-14,4635.10009765625,4703.10009765625,4626.490234375,4688.5400390625,8864290000.0,4538.79404296875,4510.541064453125,,,,,,,,,,,,,,,,,,0.01209064086014533,0.09641642706908393,,
2014-11-21,4678.43994140625,4751.60009765625,4653.330078125,4712.97021484375,8514060000.0,4629.70009765625,4525.078076171875,,,,,,,,,,,,,,,,,,0.00521061472819051,0.10673633529921345,,
2014-11-28,4725.169921875,4810.85986328125,4723.6201171875,4791.6298828125,5649800000.0,4691.28203125,4546.262060546875,,,,,,,,,,,,,,,,,,0.01669004139279462,0.0686728103482881,,
2014-12-05,4777.72998046875,4788.97998046875,4724.6201171875,4780.759765625,8958470000.0,4721.2859375,4573.11904296875,,,,,,,,,,,,,102.20702973006968,,,,,-0.0022685636105765905,0.03239644714604628,,
2014-12-12,4769.759765625,4793.240234375,4653.60009765625,4653.60009765625,9529830000.0,4725.5,4590.917041015625,,,,48.99681807818866,,,,,,,,,104.88082308640398,,,,,-0.026598213297196693,0.004548338268113072,,
2014-12-19,4679.669921875,4782.1298828125,4547.31005859375,4765.3798828125,12115390000.0,4740.86796875,4639.831005859375,,,,56.11524127125673,,,,,,,,,114.16218031014299,,,,,0.02402006678926849,0.016388863720862012,,
2014-12-26,4759.0400390625,4814.9501953125,4757.7998046875,4806.85986328125,4970860000.0,4759.6458984375,4694.672998046875,,,,58.433641784669774,,,,,,,,,110.08990961834706,,,,,0.008704443609702128,0.01992154504643162,,
2015-01-02,4801.259765625,4813.72021484375,4698.10986328125,4726.81005859375,5447690000.0,4746.68193359375,4718.981982421875,,,,52.6526614197502,,,,,,,,,110.48422690007229,,,,,-0.0166532428579802,-0.013527719336432376,,
2015-01-09,4700.33984375,4744.7099609375,4567.58984375,4704.06982421875,9741020000.0,4731.3439453125,4726.31494140625,,,,51.105880663997866,,,,,,,,,115.24393334917426,,,,,-0.004810905048671543,-0.01604137107195225,,
2015-01-16,4714.06982421875,4751.33984375,4563.10986328125,4634.3798828125,10044730000.0,4727.49990234375,4726.499951171875,4613.238500976562,,,46.5888762653399,,,,4613.238500976562,4913.0850275250805,4313.391974428044,0.1299939409094261,0.535253671401988,120.45722242914395,,,,,-0.014814818659249829,-0.004130181889378526,,
2015-01-23,4655.83984375,4771.18017578125,4601.10009765625,4757.8798828125,7332840000.0,4725.99990234375,4733.433935546875,4621.9875,,,54.297868893985324,,,,4621.9875,4927.931774831291,4316.04322516871,0.1323864570517728,0.7220868210190176,124.0017121217051,4814.9501953125,4116.60009765625,,,0.026648657020548416,-0.0015738514419492144,0.038181060943369705,
2015-01-30,4752.35986328125,4774.18017578125,4601.759765625,4635.240234375,10165290000.0,4691.6759765625,4725.6609375,4625.3695068359375,,,47.03749881807666,,,,4625.3695068359375,4930.327990089041,4320.411023582834,0.13186340369235305,0.5161837234920764,127.46019055274402,4814.9501953125,4116.60009765625,,,-0.025776112776727866,-0.03570306474237406,0.0148086818619384,
2015-02-06,4650.60009765625,4787.18017578125,4580.4599609375,4744.39990234375,10443580000.0,4695.1939453125,4720.937939453125,4633.6,,,53.054571697522135,,,,4633.6,4942.058849559526,4325.141150440475,0.13314004210960173,0.6796024048296397,133.12162085924444,4814.9501953125,4116.60009765625,,,0.023549948319662173,0.003721292696756473,0.035942665903292426,
2015-02-13,4723.72998046875,4893.83984375,4719.60986328125,4893.83984375,9239750000.0,4733.14794921875,4732.245947265625,4652.6824951171875,,,59.78966534353284,,,,4652.6824951171875,4975.617736584349,4329.747253650026,0.1388167973232944,0.8733834491664414,136.0579322599234,4814.9501953125,4116.60009765625,,,0.03149817563490509,0.04034166724189037,0.08458196735946943,
2015-02-20,4889.990234375,4957.02001953125,4880.64013671875,4955.97021484375,6790320000.0,4797.466015625,4762.482958984375,4676.7,,,62.21667996216367,,,,4676.7,5014.496209377836,4338.903790622164,0.14445921670316078,0.9133708536252065,131.7952144422503,4893.83984375,4116.60009765625,,,0.012695628193288178,0.06939231141234892,0.1073259313969892,
2015-02-27,4953.10009765625,4989.25,4939.56005859375,4963.52978515625,9299440000.0,4838.59599609375,4782.29794921875,4711.064477539063,,,62.51315724090725,78.91377931591069,,,4711.064477539063,5017.272364696749,4404.856590381377,0.12999520113451768,0.9122449456815863,125.93055208253601,4957.02001953125,4116.60009765625,,,0.0015253461955557768,0.04322301264616746,0.16072285772356798,
2015-03-06,4973.43017578125,5008.56982421875,4918.6298828125,4927.3701171875,9417260000.0,4897.02197265625,4794.348974609375,4744.510986328125,,,60.08450252517309,83.95015631945444,,,4744.510986328125,4984.661826767468,4504.360145888782,0.10123312650402366,0.8807172411407023,123.35979417708701,4989.25,4116.60009765625,,,-0.0072850712162315645,0.06302367688433086,0.15708338851442183,
2015-03-13,4936.080078125,4950.47021484375,4842.7998046875,4871.759765625,9125060000.0,4922.4939453125,4808.8439453125,4763.9129638671875,,,56.452128566106914,82.50318539907494,,,4763.9129638671875,4977.928767728125,4549.89716000625,0.08984874639154068,0.7519599015871945,122.23912388988438,5008.56982421875,4248.22021484375,,,-0.011286010638519306,0.026844251307385214,0.08654410449086702,
2015-03-20,4897.27001953125,5042.14013671875,4889.08984375,5026.419921875,9922060000.0,4949.0099609375,4841.078955078125,4783.696948242187,,,63.12831630208303,92.76687380448584,,,4783.696948242187,5017.089590747614,4550.30430573676,0.09757835625067728,1.019988485984876,125.67778440444621,5008.56982421875,4450.2900390625,,,0.031746260836028384,0.02709121719508656,0.0854463147301554,
2015-03-27,5020.60009765625,5032.47998046875,4825.93017578125,4891.22021484375,9123680000.0,4936.0599609375,4866.76298828125,4796.6314697265625,,,55.16638984154275,88.96589095376021,,,4796.6314697265625,5023.666415328757,4569.596524124368,0.09466432726178835,0.7083131847088509,131.4543572818072,5042.14013671875,4547.31005859375,,,-0.026897813778522628,-0.013065050271300227,0.055842151412907715,
2015-04-03,4921.77978515625,4948.4599609375,4844.39013671875,4886.93994140625,7054810000.0,4920.7419921875,4879.668994140625,4806.55146484375,,,54.93018680395272,84.63261031554157,,,4806.55146484375,5031.152475186346,4581.950454501154,0.09345619701999688,0.6789584037041484,129.49831920587454,5042.14013671875,4547.31005859375,,,-0.0008750931770584724,-0.015430519623161443,0.04231592365443926,
2015-04-10,4855.93994140625,4996.080078125,4852.91015625,4995.97998046875,8248700000.0,4934.46396484375,4915.74296875,4820.701953125,,,59.66782337454252,88.9714663753075,,,4820.701953125,5055.3715314869805,4586.032374763019,0.09735909029176017,0.8734570722102327,130.47486225366922,5042.14013671875,4547.31005859375,,,0.022312539210605165,0.013924235778823846,0.060049130956449925,
2015-04-17,5001.5498046875,5024.25,4912.330078125,4931.81005859375,8559120000.0,4946.4740234375,4934.483984375,4827.710961914063,,,55.941019350845686,86.23796705460609,,,4827.710961914063,5066.820291212376,4588.60163261575,0.09905701943826088,0.7176809599716891,129.14950936947858,5042.14013671875,4547.31005859375,,,-0.012844311251419271,0.01232620158991904,0.029255217788016985,
2015-04-24,4958.06982421875,5100.3701171875,4952.68017578125,5092.080078125,8817750000.0,4959.6060546875,4954.3080078125,4843.2769775390625,,,62.27817680812205,95.89864046048751,87.48638842252595,8.412252037961565,4843.2769775390625,5107.3629312404555,4579.1910238376695,0.10905259184065035,0.9710646232765259,131.96454859978368,5042.14013671875,4547.31005859375,,,0.03249720034371095,0.013063006527617604,0.06511942196687648,
2015-05-01,5104.35986328125,5119.830078125,4921.5498046875,5005.39013671875,10199960000.0,4982.4400390625,4959.25,4860.866479492188,,,57.46364227880959,95.45924520521748,89.08095977906426,6.3782854261532265,4860.866479492188,5118.867448773248,4602.865510211128,0.10615431235132926,0.7800835547813807,136.701386088192,5100.3701171875,4547.31005859375,,,-0.01702446545934344,0.023341807741250387,0.07559524490290359,
2015-05-08,5018.35009765625,5043.6201171875,4888.169921875,5003.5498046875,9904030000.0,5005.76201171875,4963.252001953125,4872.774975585938,,,57.362261216502624,93.88032790352099,90.0408334039556,3.83949449956539,4872.774975585938,5134.013217927621,4611.536733244255,0.10722360201345837,0.7502980190214976,138.04058674707116,5119.830078125,4547.31005859375,,,-0.00036767004788484936,0.02386152984881873,0.04997920999625194,
2015-05-15,5003.259765625,5062.64990234375,4931.60009765625,5048.2900390625,8518750000.0,5016.2240234375,4975.343994140625,4884.846484375,,,59.24475665036466,95.14244469246569,91.06115566165762,4.081289030808065,4884.846484375,5154.947726614651,4614.745242135348,0.11058740253296216,0.8025597981931574,137.5412451713875,5119.830078125,4563.10986328125,,,0.008941698618266214,0.01047042998535841,0.05022617314590172,
2015-05-22,5040.919921875,5103.83984375,5037.5400390625,5089.35986328125,8410270000.0,5047.733984375,4997.10400390625,4902.973974609375,,,60.94918647560084,98.32326354236648,92.5135772377994,5.80968630456708,4902.973974609375,5176.854056956014,4629.093892262736,0.11171998210268264,0.840269155527663,132.4525708511098,5119.830078125,4563.10986328125,,,0.008135393153119397,0.03194563513510973,0.07670073478589501,
2015-05-29,5076.91015625,5111.5400390625,5016.740234375,5070.02978515625,7307090000.0,5043.32392578125,5001.464990234375,4921.27197265625,,,59.68401579258514,98.15286451687643,93.6414346936148,4.511429823261636,4921.27197265625,5188.3674408601855,4654.1765044523145,0.10854733072586968,0.7784731120679645,129.7630875537091,5119.830078125,4563.10986328125,,,-0.003798135452056095,-0.004330311509333051,0.0777964559652935,
2015-06-05,5094.93994140625,5114.60009765625,5025.52001953125,5068.4599609375,9141400000.0,5055.937890625,5019.18896484375,4942.9759765625,,,59.57585904503036,96.77558170148586,94.26826409518901,2.5073176062968514,4942.9759765625,5182.406928046855,4703.545025078146,0.09687724667068366,0.7620462884958283,126.85715830880133,5119.830078125,4563.10986328125,,,-0.0003096282044231513,0.01260038128817964,0.09366519126644546,
2015-06-12,5066.64990234375,5101.39013671875,4974.6201171875,5051.10009765625,8312380000.0,5065.44794921875,5035.60498046875,4957.636987304688,,,58.31730183072811,93.20882593819897,94.056376463791,-0.8475505255920268,4957.636987304688,5185.569986041007,4729.703988568369,0.09195227456951784,0.7050232104823129,126.85093411040481,5119.830078125,4580.4599609375,,,-0.0034250765350899437,0.009503311613727305,0.061628334902481985,
2015-06-19,5011.7900390625,5143.31982421875,4985.93994140625,5117.0,9504150000.0,5079.18994140625,5047.706982421875,4981.7249755859375,,,61.630953200090964,94.6091225962291,94.16692569027862,0.4421969059504818,4981.7249755859375,5165.909415477923,4797.540535693952,0.07394404179059379,0.867227070032067,129.03157330341162,5119.830078125,4580.4599609375,,,0.013046643517186984,0.01361054147163454,0.10393415254990734,
2015-06-26,5147.8701171875,5164.35986328125,5060.81982421875,5080.509765625,10320880000.0,5077.419921875,5062.576953125,4998.53046875,,,58.84154775971544,91.71715259074062,93.67697107037102,-1.9598184796303997,4998.53046875,5151.766425258601,4845.294512241399,0.06131240270179689,0.7674936703592753,127.2107494290608,5143.31982421875,4580.4599609375,,,-0.007131177325581439,-0.0017389412212922561,0.0708434934237332,
2015-07-03,5021.2099609375,5051.009765625,4956.22998046875,5009.2099609375,7365380000.0,5065.25595703125,5054.28994140625,5004.298974609375,,,53.72490833520077,82.71842070150342,91.4852609965975,-8.766840295094084,5004.298974609375,5149.828836307262,4858.769112911489,0.058161937340782455,0.5168727787920243,127.00139483814574,5164.35986328125,4719.60986328125,,,-0.014033986347180782,-0.011995950082347662,0.023574559215467694,
2015-07-10,4963.7998046875,5020.7099609375,4901.509765625,4997.7001953125,9256930000.0,5051.10400390625,5053.520947265625,5006.385473632812,,,52.92484722348564,73.80731417772495,87.949671632823,-14.14235745509805,5006.385473632812,5150.271198104185,4862.4997491614395,0.057480881258216036,0.46981883243726463,126.44416630059962,5164.35986328125,4825.93017578125,,,-0.002297720741345377,-0.013960801933988631,0.008420143515746714,
2015-07-17,5037.27001953125,5210.16015625,5036.68017578125,5210.14013671875,8746130000.0,5082.91201171875,5074.17998046875,5018.715991210937,,,63.676773410999594,82.93134497152823,86.94600630056405,-4.0146613290358175,5018.715991210937,5186.140020521449,4851.291961900426,0.06671986603892861,1.0716746463937676,132.5881516318068,5164.35986328125,4825.93017578125,,,0.04250754008924029,0.03148621804907337,0.049684470978698325,
2015-07-24,5223.18017578125,5231.93994140625,5084.509765625,5088.6298828125,9632170000.0,5077.23798828125,5078.21396484375,5026.778979492187,,,55.823146169597855,79.44158992604298,85.44512302565984,-6.00353309961686,5026.778979492187,5191.3375866144725,4862.220372369902,0.06547278398100928,0.6879297121005366,133.64829621390987,5210.16015625,4825.93017578125,,,-0.02332187824467513,-0.0055442871189173015,0.03272734984175396,
2015-07-31,5055.919921875,5155.02001953125,5025.60986328125,5128.27978515625,9692820000.0,5086.7919921875,5082.10595703125,5039.60498046875,,,57.658295660986646,78.96508926624847,84.14911627377757,-5.184027007529096,5039.60498046875,5193.474410019633,4885.735550917867,0.06106408345384688,0.7881495204938552,133.34557193077345,5231.93994140625,4825.93017578125,,,0.007791862103721181,0.009402603623452244,0.05265448870062284,
2015-08-07,5134.33984375,5175.259765625,5006.14990234375,5043.5400390625,9950580000.0,5093.6580078125,5079.456982421875,5040.460986328125,,,52.62662821503873,70.93200969606914,81.50569495823589,-10.573685262166748,5040.460986328125,5194.217931372543,4886.704041283707,0.06100908050333977,0.5100127273388714,135.9001641700932,5231.93994140625,4825.93017578125,,,-0.016524009930001915,0.006853391730973657,0.0034060260490758054,
2015-08-14,5081.72021484375,5112.47021484375,4945.7900390625,5048.240234375,8906700000.0,5103.766015625,5077.435009765625,5048.311987304687,,,52.87229129052862,64.20488875067349,78.04553371672341,-13.840644966049922,5048.311987304687,5185.97892977615,4910.645044833224,0.05453979184236737,0.49973939666125,138.09873642803296,5231.93994140625,4825.93017578125,,,0.0009319238622271797,0.01011265924072502,0.03210242283811504,
2015-08-21,5032.33984375,5092.68994140625,4706.0400390625,4706.0400390625,9653290000.0,5002.94599609375,5042.92900390625,5039.2669921875,,,37.58903750640628,30.90465147507166,68.61735726839306,-37.712705793321405,5039.2669921875,5231.222115000027,4847.311869374974,0.07618374779908238,-0.36798140170097826,155.85239113629848,5231.93994140625,4844.39013671875,,,-0.06778603620769763,-0.09675365430261207,-0.03701700952185116,
2015-08-28,4351.60986328125,4836.77978515625,4292.14013671875,4828.31982421875,13058720000.0,4950.883984375,5014.060986328125,5030.883984375,,,43.83646501366314,14.217045001237238,57.7372948149619,-43.52024981372466,5030.883984375,5243.229595001012,4818.538373748988,0.0844168187084092,0.02303191113987521,183.62290951495572,5231.93994140625,4706.0400390625,,,0.025983583679965783,-0.05115523521822263,-0.033559012827403145,
2015-09-04,4798.68017578125,4824.60986328125,4614.91015625,4683.919921875,9399880000.0,4862.01201171875,4974.402001953125,5018.489477539062,,,38.88615635003986,-10.538388690884858,44.082158113792545,-54.6205468046774,5018.489477539062,5276.539563244663,4760.439391833461,0.10283974365614987,-0.14826476369738303,185.75053511879818,5231.93994140625,4292.14013671875,,,-0.029906863588332167,-0.08664891189584567,-0.05026352064934003,
2015-09-11,4769.72021484375,4862.8798828125,4746.52001953125,4822.33984375,7261310000.0,4817.77197265625,4955.714990234375,5005.002465820313,,,45.26679325003385,-18.77153085062764,31.51142032090851,-50.282951171536155,5005.002465820313,5274.212549696193,4735.792381944433,0.10757640409344196,0.16074335061956646,185.26549410584832,5231.93994140625,4292.14013671875,,,0.029552153790791014,-0.043858122191812066,-0.05297250440616075,
2015-09-18,4831.97998046875,4960.8701171875,4791.080078125,4827.22998046875,9885240000.0,4773.569921875,4938.66796875,4996.094458007812,,,45.483344513486166,-24.617981398780103,20.28553997697079,-44.90352137575089,4996.094458007812,5276.232352801746,4715.956563213878,0.11214275356420644,0.19860472167951984,184.16010445989488,5231.93994140625,4292.14013671875,,,0.0010140589168736724,-0.043779662544845666,-0.035593660310920705,
2015-09-25,4851.97998046875,4881.4599609375,4659.47998046875,4686.5,9717090000.0,4769.6619140625,4886.303955078125,4980.241967773438,,,40.51536400919967,-40.1443102542562,8.19956993072539,-48.343880184981586,4980.241967773438,5291.0966984114975,4669.387237135378,0.1248351918037574,0.027525337686668278,186.8615241748131,5231.93994140625,4292.14013671875,,,-0.02915336145950198,-0.00415211917032321,-0.06336497428095478,
2015-10-02,4665.06005859375,4707.77978515625,4487.06005859375,4707.77978515625,11396720000.0,4745.55390625,4848.2189453125,4963.216455078125,,,41.55490320256085,-50.15379518264217,-3.4711030919481223,-46.68269209069405,4963.216455078125,5293.961389158723,4632.4715209975275,0.13327846450952002,0.11384643633025526,189.27996720250502,5231.93994140625,4292.14013671875,,,0.004540656173317004,-0.024965214287975268,-0.06745061224126592,
2015-10-09,4742.1298828125,4841.3798828125,4711.7900390625,4830.47021484375,10028720000.0,4774.86396484375,4818.43798828125,4950.27197265625,,,47.27591975062888,-47.637160263342594,-12.304314526227017,-35.332845737115576,4950.27197265625,5280.520142813104,4620.023802499396,0.13342627313450306,0.3186185895358645,185.3028336634868,5231.93994140625,4292.14013671875,,,0.026061208316146445,0.0312879586784407,-0.050868803816632946,
2015-10-16,4839.7900390625,4886.9501953125,4771.6201171875,4886.68994140625,8609530000.0,4787.733984375,4802.752978515625,4941.10498046875,,,49.7053777600658,-40.63779961487944,-17.971011543957502,-22.66678807092194,4941.10498046875,5267.705450642181,4614.504510295319,0.13219734106618686,0.4166947937435537,180.30477969645204,5231.93994140625,4292.14013671875,,,0.011638561891912813,0.01334416481236822,-0.03616149244068978,
2015-10-23,4873.5400390625,5048.5498046875,4836.4599609375,5031.85986328125,9561320000.0,4828.6599609375,4801.11494140625,4939.274975585938,4831.829817708333,,55.41796529472971,-23.110354631156042,-18.99888016139721,-4.111474469758832,4939.274975585938,5263.401344440501,4615.1486067313745,0.13124451279050836,0.6428222085455434,182.5751414145626,5231.93994140625,4292.14013671875,,,0.02970720950493222,0.04239074658560793,-0.007221147634256964,
2015-10-30,5030.7998046875,5095.68994140625,5009.06982421875,5053.75,9831360000.0,4902.1099609375,4835.8859375,4939.407470703125,4839.677319335938,,56.22536824683032,-7.368438342912668,-16.672791797700302,9.304353454787634,4939.407470703125,5263.718690713677,4615.096250692573,0.13131583977799904,0.676285188796667,175.7212111126296,5231.93994140625,4292.14013671875,5231.93994140625,4116.60009765625,0.004350307304558987,0.07836338418862687,0.0005246188538174934,0.10274064624790324
2015-11-06,5065.64013671875,5163.47021484375,5061.47021484375,5147.1201171875,10133840000.0,4989.97802734375,4867.765966796875,4940.9134765625,4849.335986328125,,59.587325259369216,12.497271098366582,-10.838779218486927,23.33605031685351,4940.9134765625,5268.769821048366,4613.057132076635,0.13271082201340723,0.8144771240409678,171.00685423628104,5231.93994140625,4292.14013671875,5231.93994140625,4116.60009765625,0.01847541275043274,0.09332219264301633,0.005886284382939255,0.12687626043020184
2015-11-13,5128.93994140625,5133.43994140625,4925.35009765625,4927.8798828125,9251210000.0,5009.4599609375,4892.161962890625,4933.281982421875,4855.137483723958,,49.896948202051085,10.429904857506699,-6.585042403288202,17.0149472607949,4933.281982421875,5254.830383036098,4611.733581807652,0.13035881660928975,0.4915998655271557,174.63279461449312,5231.93994140625,4292.14013671875,5231.93994140625,4116.60009765625,-0.04259473829703386,0.020165669931969665,-0.0300422378567603,0.0760056336166135
2015-11-20,4916.14013671875,5112.4599609375,4908.66015625,5104.919921875,9259030000.0,5053.10595703125,4920.419970703125,4938.06748046875,4865.0163167317705,,56.10477994925632,22.81416627654835,-0.7052006673208915,23.51936694386924,4938.06748046875,5266.762893942968,4609.372066994531,0.1331271452949106,0.753810115028176,176.71615247685077,5231.93994140625,4292.14013671875,5231.93994140625,4116.60009765625,0.03592620828279158,0.04465803705277649,0.019106797615563886,0.13136193027459786
2015-11-27,5106.72021484375,5134.35009765625,5050.14013671875,5127.52001953125,5946230000.0,5072.23798828125,4950.448974609375,4944.5584716796875,4875.881315104167,,56.83993900291011,34.05980148881281,6.247799763905849,27.81200172490696,4944.5584716796875,5282.699542457704,4606.417400901671,0.13677300924430122,0.7705402621317083,170.10856736689712,5231.93994140625,4292.14013671875,5231.93994140625,4116.60009765625,0.0044271208955515284,0.01901089435102432,0.02597591274893052,0.1456557717756901
2015-12-04,5139.580078125,5176.77001953125,5011.72021484375,5142.27001953125,10326050000.0,5089.9419921875,4996.0259765625,4941.164965820312,4890.3151448567705,,57.34208509936302,43.658976638151216,13.730035138754923,29.928941499396295,4941.164965820312,5269.8054491582925,4612.524482482332,0.13302145773771817,0.8059651258851719,169.74722717551163,5231.93994140625,4292.14013671875,5231.93994140625,4116.60009765625,0.0028766343073876044,0.0175157100234975,-0.013026543510640254,0.20252131257607564
2015-12-11,5139.4599609375,5139.77978515625,4928.669921875,4933.47021484375,9659060000.0,5047.21201171875,5018.59501953125,4933.406982421875,4901.565649414062,,48.70369684158361,34.025765037768,17.789181118557536,16.23658391921046,4933.406982421875,5255.006863567368,4611.807101276382,0.13037638382212496,0.500098309149944,172.87957506699294,5231.93994140625,4292.14013671875,5231.93994140625,4116.60009765625,-0.04060459755991841,-0.041508629579154466,-0.03049144298995332,0.15851586090811165
2015-12-18,4932.60986328125,5088.580078125,4871.58984375,4923.080078125,11969810000.0,5046.25205078125,5027.856005859375,4923.146997070313,4908.888313802084,,48.31366053084894,25.261776210470998,19.28370013694023,5.978076073530769,4923.146997070313,5232.067150987955,4614.226843152671,0.12549702623199166,0.4998916889292197,176.03033644613632,5176.77001953125,4292.14013671875,5231.93994140625,4248.22021484375,-0.002106050359336975,-0.0009740100817474673,-0.04001336035237357,0.09799002663607559
2015-12-25,4957.52978515625,5063.27978515625,4928.93017578125,5048.490234375,5528440000.0,5034.96611328125,5044.03603515625,4923.394506835937,4915.850813802083,,53.186787098463846,28.11174869665774,21.04930984888373,7.062438847774011,4923.394506835937,5232.707786485777,4614.081227186097,0.1256504142499128,0.7022152551624653,173.47100577364444,5176.77001953125,4292.14013671875,5231.93994140625,4292.14013671875,0.025473921662831023,-0.011053980936741814,0.0009814922205753085,0.09021235890084056
2016-01-01,5032.2900390625,5116.990234375,4999.06982421875,5007.41015625,5379130000.0,5010.944140625,5041.591064453125,4921.353002929687,4922.098819986979,,51.47476439974446,26.747228045416705,22.188893488190324,4.558334557226381,4921.353002929687,5227.8696725372065,4614.836333322168,0.12456601646947481,0.6403792384774785,169.5031060866877,5176.77001953125,4292.14013671875,5231.93994140625,4292.14013671875,-0.008137101631946697,-0.023424552770879292,-0.008087982391760118,0.08092346697801234
2016-01-08,4897.64990234375,4926.72998046875,4637.85009765625,4643.6298828125,11155760000.0,4911.21611328125,5000.579052734375,4918.232495117188,4921.350317382812,,39.384758420687405,-3.6461615486659866,17.021882480819063,-20.66804402948505,4918.232495117188,5234.567144308396,4601.89784592598,0.12863753370962613,0.06596184925239636,183.79288840862074,5176.77001953125,4292.14013671875,5231.93994140625,4292.14013671875,-0.07264838750695257,-0.09696887460690062,-0.01326171382562924,-0.009578708057483065
2016-01-15,4673.43994140625,4714.7998046875,4419.41015625,4488.419921875,12455970000.0,4822.2060546875,4934.709033203125,4901.2375,4917.6078125,,35.54841467849161,-39.79851596014214,5.657802792626823,-45.456318752768965,4901.2375,5267.629643459147,4534.845356540854,0.1495100547399087,-0.06335484465843916,191.76408555354067,5176.77001953125,4292.14013671875,5231.93994140625,4292.14013671875,-0.03342427472783305,-0.0902103942230541,-0.07039713911220613,-0.04764517549071645
2016-01-22,4548.0498046875,4591.18017578125,4313.39013671875,4591.18017578125,10199770000.0,4755.82607421875,4901.0390625,4896.600512695312,4914.266984049479,,39.73396177369973,-59.47206664373243,-7.368171094645029,-52.103895549087405,4896.600512695312,5275.993342215649,4517.2076831749755,0.15496172437865538,0.0974879950944214,197.90879651846632,5176.77001953125,4419.41015625,5231.93994140625,4292.14013671875,0.022894527627736583,-0.06741712445801962,-0.019799601112015952,-0.04183330347576719
2016-01-29,4574.58984375,4613.9501953125,4447.5,4613.9501953125,11065630000.0,4668.91806640625,4851.94208984375,4886.1810302734375,4911.486824544271,,40.653639434316936,-72.39166101563478,-20.37286907884298,-52.0187919367918,4886.1810302734375,5284.150837706826,4488.211222840049,0.1628960552086288,0.15797551739336008,195.66175357518304,5176.77001953125,4313.39013671875,5231.93994140625,4292.14013671875,0.004959513384241276,-0.08607326525140757,-0.04321338918234552,-0.03489185369905168
2016-02-05,4587.58984375,4636.93017578125,4350.3701171875,4363.14013671875,11324920000.0,4540.0640625,4775.5041015625,4862.976538085937,4906.645825195313,,34.42244941810253,-101.69651414622058,-36.637598092318505,-65.05891605390207,4862.976538085937,5321.501874146368,4404.451202025506,0.1885780580964539,-0.0450477455201205,202.15448964793782,5176.77001953125,4313.39013671875,5231.93994140625,4292.14013671875,-0.054359073673694636,-0.12866332084403032,-0.09613999035217591,-0.06241618421054007
2016-02-12,4288.02001953125,4369.6201171875,4209.759765625,4337.509765625,12411760000.0,4478.8400390625,4695.028076171875,4845.527026367187,4899.514656575521,,33.85143991170705,-125.541810285682,-54.418440530991205,-71.1233697546908,4845.527026367187,5353.485503081164,4337.5685496532105,0.20966077537072617,-5.786302513427618e-05,199.13347978469227,5176.77001953125,4313.39013671875,5231.93994140625,4292.14013671875,-0.005874294725959683,-0.06592259178978599,-0.07446713632241542,-0.08978720012033403
2016-02-19,4397.9501953125,4548.47021484375,4376.52001953125,4504.43017578125,8274000000.0,4482.04208984375,4652.124072265625,4835.359545898437,4894.4741617838545,,40.7453161970099,-129.47775818549508,-69.43030406189199,-60.04745412360309,4835.359545898437,5361.746148342818,4308.972943454057,0.21772387242263486,0.18565939123407474,199.9782633156964,5176.77001953125,4209.759765625,5231.93994140625,4209.759765625,0.03848300503646196,0.003567013377741679,-0.04319437583214203,-0.06291626885364532
2016-02-26,4548.31005859375,4618.85009765625,4425.72021484375,4590.47021484375,9032710000.0,4481.90009765625,4618.8630859375,4823.359545898437,4892.201831054687,,43.985850871486726,-124.22235518252182,-80.38871428601796,-43.833640896503866,4823.359545898437,5360.477997465862,4286.241094331012,0.22271549381972394,0.2832048681486671,199.4890932797538,5176.77001953125,4209.759765625,5231.93994140625,4209.759765625,0.019101203860392157,-0.00015463582571750845,-0.049684604050035164,-0.028843943814099826
2016-03-04,4585.2998046875,4746.64990234375,4557.4599609375,4717.02001953125,10165440000.0,4502.5140625,4585.716064453125,4814.876049804688,4892.417667643229,,48.451225463464525,-108.59409370731464,-86.0297901702773,-22.564303537037347,4814.876049804688,5353.084023886141,4276.668075723234,0.22356046906058377,0.4090908765886958,198.75343957450355,5176.77001953125,4209.759765625,5231.93994140625,4209.759765625,0.027567939397207697,0.022338737926443697,-0.03472082819033406,0.0027529768469478633
2016-03-11,4690.8798828125,4748.7900390625,4607.990234375,4748.47021484375,9605260000.0,4579.580078125,4559.8220703125,4800.706567382813,4894.319173177083,,49.52807875861294,-92.60334228491865,-87.34450059320557,-5.258841691713087,4800.706567382813,5330.168821332661,4271.244313432965,0.22057680323440104,0.45067037154266065,194.61389422543186,5176.77001953125,4209.759765625,5231.93994140625,4209.759765625,0.0066673864393786975,0.0883148526177715,-0.05631906613804283,0.024618252045840228
2016-03-18,4733.39013671875,4804.580078125,4712.06982421875,4795.64990234375,9824810000.0,4671.20810546875,4575.024072265625,4787.8015625,4894.948673502604,,51.17582197730673,-75.25604524703067,-84.92680952397059,9.67076427693992,4787.8015625,5304.3894446339855,4271.213680366014,0.2157933554222928,0.5075963259255417,187.32077705977602,5176.77001953125,4209.759765625,5231.93994140625,4209.759765625,0.009935765702502763,0.10562284847161285,-0.051071006214444714,0.00793841384430305
2016-03-25,4787.31005859375,4835.60009765625,4734.77001953125,4773.5,6529050000.0,4725.0220703125,4603.532080078125,4769.120556640625,4897.253002929688,,50.34483153746192,-62.57418313653943,-80.45628424648436,17.882101109944927,4769.120556640625,5258.69798896104,4279.54312432021,0.2053114097267753,0.5044726769150877,181.14286999300631,5176.77001953125,4209.759765625,5231.93994140625,4209.759765625,-0.004618748823371099,0.059734486653926666,-0.07258818692415792,0.029827961148521265
2016-04-01,4785.25,4917.08984375,4749.77978515625,4914.5400390625,8491830000.0,4789.83603515625,4635.86806640625,4768.453564453125,4900.088671875,,55.31991610680994,-40.674097932319455,-72.49984698365138,31.825749051331925,4768.453564453125,5257.199657191878,4279.707471714372,0.20499144476614198,0.6494502736490025,180.1548120359166,5176.77001953125,4209.759765625,5231.93994140625,4209.759765625,0.029546462566774956,0.07059621543144701,-0.002707014794846474,0.03586125542130203
2016-04-08,4911.2099609375,4921.509765625,4831.490234375,4850.68994140625,8691280000.0,4816.57001953125,4659.542041015625,4755.7420654296875,4899.3695068359375,,52.74354084994494,-28.14584411888609,-63.62904641069833,35.48320229181224,4755.7420654296875,5221.507088527422,4289.977042331953,0.19587480426386486,0.6019267992099087,173.71657769406542,5176.77001953125,4209.759765625,5231.93994140625,4209.759765625,-0.012992080062172007,0.028337789816775816,-0.049800973249228386,-0.008817187264282378
2016-04-15,4873.39013671875,4961.2998046875,4808.91015625,4938.22021484375,8571870000.0,4854.52001953125,4717.050048828125,4746.277075195312,4899.073673502604,,55.783667830328746,-11.027038331366384,-53.10864479483194,42.081606463465555,4746.277075195312,5188.537855903044,4304.01629448758,0.1863611305033357,0.7170022168156975,172.19322560431075,5176.77001953125,4209.759765625,5231.93994140625,4209.759765625,0.01804491206298886,0.03996023801662285,-0.03691839407090325,-0.0035815388774607104
2016-04-22,4919.35986328125,4969.31982421875,4872.02001953125,4906.22998046875,9054970000.0,4876.63603515625,4773.9220703125,4734.475073242187,4898.118676757813,,54.40607225190707,-0.04113182882065303,-42.49514220162968,42.45401037280903,4734.475073242187,5145.318538737405,4323.631607746969,0.17355396707744022,0.7090271863269565,166.84369553882428,5176.77001953125,4209.759765625,5231.93994140625,4209.759765625,-0.006478089875141868,0.023058413432339275,-0.045901914556407575,-0.011544164569911253
2016-04-29,4891.47998046875,4915.0,4740.83984375,4775.35986328125,9883930000.0,4877.0080078125,4801.0150390625,4726.569555664062,4895.585172526042,,49.06759719184843,-1.8732528138207272,-34.37076432406789,32.497511510247165,4726.569555664062,5127.763853034439,4325.375258293685,0.16976130051428437,0.5608063324142234,167.36629987533684,5139.77978515625,4209.759765625,5231.93994140625,4209.759765625,-0.026674272854815606,0.00038962255813346225,-0.03204850636105594,-0.030850179769531083
2016-05-06,4786.5498046875,4821.56982421875,4684.27978515625,4736.16015625,9564750000.0,4841.33203125,4815.584033203125,4717.223559570312,4893.325179036458,,47.562174159198754,-6.414369783889924,-28.779485416032298,22.365115632142373,4717.223559570312,5108.251170496855,4326.19594864377,0.16578718646192836,0.5242138868848895,165.21799553156276,5116.990234375,4209.759765625,5231.93994140625,4209.759765625,-0.008208744084956754,-0.036296353553877614,-0.037968084798285506,-0.02783380460009277
2016-05-13,4736.35009765625,4812.18994140625,4708.259765625,4717.68017578125,8872810000.0,4814.730078125,4815.650048828125,4700.683056640625,4888.179516601563,,46.8326893828518,-11.373313204855549,-25.298250973796947,13.924937768941398,4700.683056640625,5061.045040332986,4340.321072948264,0.15332324232465736,0.5235833965703984,160.84029412082614,5116.990234375,4209.759765625,5231.93994140625,4209.759765625,-0.00390189095365856,-0.027420793172040936,-0.06552653233659356,-0.0614233889910617
2016-05-20,4728.85986328125,4791.25,4678.3798828125,4769.56005859375,9377250000.0,4780.998046875,4817.759033203125,4688.790551757813,4886.151847330729,,49.18880244441031,-10.990348729629659,-22.43667052496349,11.44632179533383,4688.790551757813,5022.598188210002,4354.9829153056235,0.14238539033356734,0.6209821136723839,157.41385291130285,5116.990234375,4209.759765625,5231.93994140625,4209.759765625,0.010996905444932814,-0.03415403706441156,-0.04749962360470461,-0.024873170887049545
2016-05-27,4771.56982421875,4933.5,4763.91015625,4933.5,8703080000.0,4786.45205078125,4831.54404296875,4703.2840576171875,4886.927848307291,,55.84733901375505,2.5127708856989557,-17.446782242831,19.959553128529954,4703.2840576171875,5052.792193306896,4353.775921927479,0.1486230180478525,0.8293427518196562,158.28356654263837,4969.31982421875,4209.759765625,5231.93994140625,4209.759765625,0.03437213063516498,0.005558243221334802,0.06242317421989174,0.009527446449516308
2016-06-03,4938.47998046875,4971.35986328125,4909.2099609375,4942.52001953125,7509330000.0,4819.88408203125,4848.446044921875,4725.9890625,4886.036848958333,,56.187531305750966,13.783048257629162,-11.200816142738969,24.98386440036813,4725.9890625,5075.713693681909,4376.264431318091,0.14800060963192677,0.809573501156431,151.41687624271776,4969.31982421875,4209.759765625,5231.93994140625,4209.759765625,0.0018283205698286231,0.03500472446806158,0.1011714825172938,-0.010700595508087662
2016-06-10,4950.4599609375,4980.14013671875,4880.60986328125,4894.5498046875,8558780000.0,4851.56201171875,4846.447021484375,4741.157543945313,4885.415844726563,,53.81286510484791,18.62928207137702,-5.234796499915772,23.864078571292794,4741.157543945313,5092.490497013461,4389.824590877164,0.14820555942791552,0.7183004175990768,147.71069032805937,4971.35986328125,4209.759765625,5231.93994140625,4209.759765625,-0.009705618723684917,0.0334426293056167,0.06607661152279376,-0.007555086968794256
2016-06-17,4868.509765625,4894.85009765625,4778.77978515625,4800.33984375,10100200000.0,4868.0939453125,4841.41201171875,4750.477026367187,4880.5535074869795,,49.39739909289402,14.698564875494412,-1.2481242248337354,15.946689100328147,4750.477026367187,5097.682440947569,4403.271611786805,0.14617707344051686,0.5718059328698473,145.45066334034087,4980.14013671875,4209.759765625,5231.93994140625,4209.759765625,-0.01924793182148754,0.017521253007589,0.04039697884620885,-0.05729293921128287
2016-06-24,4856.68994140625,4910.0400390625,4698.419921875,4707.97998046875,11309470000.0,4855.7779296875,4818.38798828125,4767.719018554688,4875.596671549479,,45.45931939469378,4.083699746592174,-0.18175943054855348,4.265459177140728,4767.719018554688,5067.248117810625,4468.18991929875,0.1256488052631669,0.4002784066150233,150.17705290085223,4980.14013671875,4209.759765625,5231.93994140625,4209.759765625,-0.01924027595702449,-0.012911060426641585,0.0790347852565958,-0.05941797704603402
2016-07-01,4664.43017578125,4880.169921875,4574.25,4862.56982421875,10766600000.0,4841.59189453125,4814.02197265625,4793.972021484375,4873.247005208334,,52.312157238716594,8.052625431962952,1.4651175419537477,6.587507890009204,4793.972021484375,5021.4453945536825,4566.498648415067,0.09489974995676945,0.6507820493642449,161.30154354186277,4980.14013671875,4209.759765625,5231.93994140625,4209.759765625,0.032835705417466166,-0.01437725261604339,0.12105103779935655,-0.02817599223988443
2016-07-08,4837.06005859375,4959.0,4786.009765625,4956.759765625,7186460000.0,4844.43984375,4832.161962890625,4816.5885009765625,4871.721500651041,,55.94427952647373,18.584142301263455,4.88892249381569,13.695219807447765,4816.5885009765625,5012.116475248507,4621.060526704618,0.0811894037584077,0.858442993056032,162.136450029944,4980.14013671875,4376.52001953125,5231.93994140625,4209.759765625,0.019370403883379295,0.0028810699880787993,0.10041882595400597,-0.018130945870633353
2016-07-15,4976.5400390625,5045.18017578125,4976.5400390625,5029.58984375,8487020000.0,4871.4478515625,4861.504931640625,4838.544482421875,4870.725333658854,,58.57176400537698,32.433352436170935,10.39780848228674,22.035543953884194,4838.544482421875,5026.030339962948,4651.058624880801,0.07749680021427839,1.0094927261014124,156.87101861039443,4980.14013671875,4425.72021484375,5231.93994140625,4209.759765625,0.014693082087632092,0.02758987944778335,0.09565896484554282,-0.01174411343211923
2016-07-22,5034.990234375,5103.52001953125,5028.240234375,5100.16015625,8676950000.0,4931.4119140625,4899.7529296875,4857.701489257813,4871.227506510417,,60.99898704741158,48.543802941456306,18.027007374120657,30.51679556733565,4857.701489257813,5068.45702602162,4646.945952494006,0.08677171177762402,1.075213042359855,151.04307336366983,5045.18017578125,4557.4599609375,5231.93994140625,4209.759765625,0.014031027318796907,0.06245814301884556,0.08122503935372838,0.005942839070090633
2016-07-29,5096.990234375,5175.81005859375,5082.66015625,5162.1298828125,9954480000.0,5022.24189453125,4939.009912109375,4878.38447265625,4872.788671875,,63.04643026090115,65.55619901250247,27.532845701797022,38.02335331070545,4878.38447265625,5120.986591703041,4635.782353609459,0.09946002427918336,1.0847958197379215,146.907846862247,5103.52001953125,4574.25,5231.93994140625,4209.759765625,0.01215054521112613,0.0964638558846489,0.08711430192310088,0.018480943441777642
2016-08-05,5167.419921875,5227.22998046875,5109.7998046875,5221.1201171875,9865790000.0,5093.951953125,4967.771923828125,4899.657983398438,4875.622338867188,,64.93360586393909,82.8436938443765,38.59501533031292,44.248678514063585,4899.657983398438,5181.029768960339,4618.286197836536,0.1148536434646159,1.0712408817875962,144.8022989278901,5175.81005859375,4574.25,5231.93994140625,4209.759765625,0.011427499058365376,0.07373679061284366,0.08872003242684845,0.033659998068567454
2016-08-12,5223.5400390625,5238.5400390625,5193.7998046875,5232.89013671875,7953300000.0,5149.17802734375,4996.808935546875,4922.627490234375,4877.553841145834,,65.31422365129728,96.38285865994021,50.15258399623838,46.230274663701834,4922.627490234375,5232.603707030783,4612.651273437967,0.12593933520720238,1.0004620188137776,137.65500860268367,5227.22998046875,4574.25,5231.93994140625,4209.759765625,0.0022543092798237296,0.05570783821493763,0.09623759017885192,0.02264806267710573
2016-08-19,5242.18017578125,5271.35986328125,5197.22998046875,5238.3798828125,8271270000.0,5190.93603515625,5031.191943359375,4938.819482421875,4880.185009765625,,65.50230589437393,106.3300147290729,61.38807014280529,44.94194458626761,4938.819482421875,5277.881963162349,4599.757001681402,0.1373050713626026,0.9417480809678778,133.11749961767055,5238.5400390625,4574.25,5238.5400390625,4209.759765625,0.0010490849129869417,0.04151233908704355,0.06589423245634518,0.03107367655420279
2016-08-26,5231.4599609375,5275.740234375,5191.85986328125,5218.919921875,7924990000.0,5214.68798828125,5073.049951171875,4957.230981445313,4883.68017578125,,64.17390478130807,111.35927100783283,71.3823103158108,39.97696069202203,4957.230981445313,5314.645755478459,4599.8162074121665,0.14419936265666597,0.8660857908540432,129.60056186596194,5271.35986328125,4574.25,5271.35986328125,4209.759765625,-0.0037148815803430546,0.02328549731511198,0.07591290824950092,0.041864877410379364
2016-09-02,5223.7998046875,5263.39013671875,5189.35986328125,5249.89990234375,7806150000.0,5232.2419921875,5127.241943359375,4972.814965820313,4887.8835042317705,,65.37769946953264,116.50185746296847,80.40621974524234,36.095637717726134,4972.814965820313,5352.067673159073,4593.562258481553,0.1525303917179628,0.8653038345695137,125.63125554964323,5275.740234375,4574.25,5275.740234375,4209.759765625,0.005936090404242034,0.01700267554744861,0.06311579353288566,0.05046315248517619
2016-09-09,5260.0,5287.60986328125,5125.91015625,5125.91015625,7704880000.0,5213.2,5153.5759765625,4983.798974609375,4886.479671223959,,57.107176876979274,109.31237300338307,86.18745039687049,23.124922606512584,4983.798974609375,5367.401552336837,4600.196396881914,0.15393982770243178,0.6852323079820262,128.20757351261514,5275.740234375,4574.25,5275.740234375,4209.759765625,-0.023617544791358136,-0.018235543101963292,0.0447757599329377,-0.01616654797346706
2016-09-16,5098.02978515625,5254.77978515625,5097.7998046875,5244.56982421875,10946550000.0,5215.5359375,5182.356982421875,5007.25947265625,4889.078670247396,,62.054453269658474,111.89958948408366,91.32987821431313,20.569711269770536,5007.25947265625,5394.377377615025,4620.141567697476,0.15462266618007564,0.8065091391055289,130.26274543805334,5287.60986328125,4574.25,5287.60986328125,4209.759765625,0.023148994881244445,0.0022319764403315734,0.09825646116125286,0.030644779635665254
2016-09-23,5263.5498046875,5342.8798828125,5222.91015625,5305.75,9169320000.0,5229.0099609375,5209.972998046875,5035.73896484375,4892.036507161459,,64.33834401015899,117.53187180924306,96.57027693329911,20.961594875943945,5035.73896484375,5422.696711310004,4648.781218377497,0.15368459293372447,0.8488895591599139,129.52752980408525,5287.60986328125,4574.25,5287.60986328125,4209.759765625,0.011665432596345227,0.012860868950826942,0.1202640588490973,0.03460618809399518
2016-09-30,5275.72998046875,5325.8798828125,5251.31982421875,5312.0,9224540000.0,5247.6259765625,5231.156982421875,5065.4549560546875,4896.51083984375,,64.5729308873284,121.10380956474728,101.47698345958875,19.62682610515853,5065.4549560546875,5441.268593732709,4689.641318376666,0.14838297485157378,0.8280150308921735,125.60128186048988,5342.8798828125,4574.25,5342.8798828125,4209.759765625,0.0011779672996277135,0.01783512288334932,0.12597713326769355,0.05322847818362941
2016-10-07,5300.2900390625,5330.81005859375,5266.7998046875,5292.39990234375,8376720000.0,5256.1259765625,5244.183984375,5091.596948242188,4900.580167643229,,63.16955842616549,120.95869534859321,105.37332583738964,15.585369511203567,5091.596948242188,5453.939767824978,4729.254128659398,0.14232973397781792,0.777089738293657,121.20192272090132,5342.8798828125,4574.25,5342.8798828125,4209.759765625,-0.003689777420227802,0.008095392443773441,0.10962014050078928,0.048365302884397776
2016-10-14,5318.4599609375,5340.52001953125,5169.759765625,5214.16015625,8087840000.0,5273.7759765625,5243.48798828125,5105.629956054688,4909.048836263021,,57.77204112257862,113.22520793702097,106.94370225731592,6.281505679705049,5105.629956054688,5464.112921693054,4747.146990416321,0.14042653647988995,0.651374277996791,124.7418035198548,5342.8798828125,4574.25,5342.8798828125,4209.759765625,-0.01478341537628347,0.017216454699737094,0.056888650298976495,0.10797190694720982
2016-10-21,5213.68994140625,5264.27001953125,5196.02978515625,5257.39990234375,7849700000.0,5276.3419921875,5245.93896484375,5121.373950195312,4916.200170898437,,59.81558621617578,109.32521654298762,107.42000511445026,1.9052114285373563,5121.373950195312,5477.469999439977,4765.277900950648,0.13906270180918323,0.6909961546006618,120.70597715236516,5342.8798828125,4574.25,5342.8798828125,4209.759765625,0.008292753731762526,0.002446354716406418,0.06370836770881971,0.08886736872167078
2016-10-28,5290.31005859375,5311.5,5178.759765625,5190.10009765625,8685130000.0,5253.21201171875,5241.110986328125,5136.15146484375,4924.636507161458,,55.3276974488991,99.65515092822716,105.86703427720565,-6.211883348978489,5136.15146484375,5477.597968124737,4794.704961562762,0.13295811294434828,0.5790001249011243,121.56556695398194,5342.8798828125,4574.25,5342.8798828125,4209.759765625,-0.012800967386463746,-0.021797088506573026,0.0603835500224561,0.10806764082734865
2016-11-04,5205.08984375,5206.7099609375,5034.41015625,5046.3701171875,9848830000.0,5200.08603515625,5223.856005859375,5148.452978515625,4928.370345052083,,47.185293760445646,79.47757799119881,100.58914302000429,-21.111565028805472,5148.452978515625,5456.736378577009,4840.16957845424,0.11975768307405905,0.33443341206857374,125.18944107780466,5342.8798828125,4574.25,5342.8798828125,4209.759765625,-0.02769310374835654,-0.05000562552946164,0.051252678236485494,0.04645675765217061
2016-11-11,5128.990234375,5302.68017578125,5122.77001953125,5237.10986328125,11760470000.0,5189.02802734375,5222.577001953125,5174.90947265625,4935.201676432292,,56.363162093030155,77.97891708230236,96.06709783246392,-18.088180750161555,5174.90947265625,5409.44643491624,4940.37251039626,0.09064388990735472,0.6326025331479511,134.55519947180076,5342.8798828125,4574.25,5342.8798828125,4209.759765625,0.03779741510518764,-0.010447063729635109,0.11239000272040611,0.08490995549640212
2016-11-18,5246.330078125,5346.7998046875,5192.0498046875,5321.509765625,10547690000.0,5210.49794921875,5242.136962890625,5197.856469726563,4945.785172526042,,59.70030028849151,82.64885966734255,93.38345019943965,-10.734590532097101,5197.856469726563,5391.99159264474,5003.7213468083855,0.07469814684143826,0.8184722425280913,135.99768522381498,5342.8798828125,4574.25,5342.8798828125,4209.759765625,0.01611574027413476,0.020588092071994524,0.09438218020447375,0.135497656166649
2016-11-25,5336.77978515625,5398.919921875,5334.16015625,5398.919921875,6024360000.0,5238.801953125,5257.57197265625,5219.9644775390625,4957.304174804687,,62.53063583695639,91.54094840585276,93.01494984072227,-1.474001434869507,5219.9644775390625,5399.389024702897,5040.539930375228,0.06874550504543793,0.9986927573865678,131.81286172568537,5346.7998046875,4786.009765625,5346.7998046875,4209.759765625,0.01454665304760705,0.026918252778937335,0.08920346701415083,0.1468080853947189
2016-12-02,5387.919921875,5403.85986328125,5238.2099609375,5255.64990234375,9598790000.0,5251.9119140625,5252.561962890625,5231.26748046875,4964.3905029296875,,54.8522082710016,86.03553547876254,91.61906696833032,-5.5835314895677755,5231.26748046875,5388.392673530419,5074.142287407081,0.060071557666781655,0.5775891548640132,134.22979319840428,5398.919921875,4976.5400390625,5398.919921875,4209.759765625,-0.026536792840871293,0.012629776585060704,0.04494602256179259,0.08802035176481326
2016-12-09,5283.580078125,5450.16015625,5269.56982421875,5444.5,10182340000.0,5331.537890625,5265.811962890625,5248.48447265625,4973.687337239583,,61.553819426525195,95.80668088477432,92.45658975161912,3.3500911331552032,5248.48447265625,5419.242846972407,5077.726098340092,0.06506959302472208,1.0739558253840873,138.53554039182183,5403.85986328125,5028.240234375,5403.85986328125,4209.759765625,0.03593277732826783,0.0788943088927434,0.06751549621986452,0.11414885439472511
2016-12-16,5428.22021484375,5486.75,5394.419921875,5437.16015625,11386070000.0,5371.54794921875,5280.28798828125,5262.235986328125,4980.4423421223955,4906.1360799153645,61.17375072606722,101.7848080588883,94.32223341307296,7.462574645815337,5262.235986328125,5446.708980461475,5077.7629921947755,0.07011201877400831,0.97411863927201,135.23515022990597,5450.16015625,5034.41015625,5450.16015625,4209.759765625,-0.001348120809991693,0.03819860537418829,0.053278448950543345,0.08054681648158146
2016-12-23,5441.2001953125,5489.47021484375,5432.77001953125,5462.68994140625,7595530000.0,5399.783984375,5305.140966796875,5274.314477539063,4987.2580078125,4913.467663574219,62.05145311230147,107.34514915581349,96.92681656162108,10.418332594192407,5274.314477539063,5477.15673262179,5071.472222456336,0.07691701203883132,0.9643397989002835,129.6255105929484,5486.75,5034.41015625,5486.75,4209.759765625,0.004695426366446709,0.026530098035941307,0.04626781587029982,0.08091811850729647
2016-12-30,5470.759765625,5512.3701171875,5371.89013671875,5383.1201171875,5363750000.0,5396.6240234375,5317.71298828125,5281.8259765625,4991.191341145834,4920.263663736979,57.67525208303783,104.13078484500602,98.36761021829807,5.763174626707951,5281.8259765625,5489.054903641011,5074.5970494839885,0.07846866897851844,0.7444015467652921,130.40082986979135,5489.47021484375,5034.41015625,5489.47021484375,4209.759765625,-0.014566051720348305,-0.0029264750943023277,0.028708796963765604,0.04585088255701231
2017-01-06,5425.6201171875,5536.52001953125,5397.990234375,5521.06005859375,7284200000.0,5449.7060546875,5350.808984375,5295.959985351563,5001.0776774088545,4928.107580566406,62.599591457291424,111.42948864706523,100.97998590405152,10.44950274301371,5295.959985351563,5526.641202595086,5065.27876810804,0.08711592152568336,0.9879029075968419,132.0436207607884,5512.3701171875,5034.41015625,5512.3701171875,4209.759765625,0.025624533431053864,0.05049996883004715,0.05396328294340469,0.12037228785753262
2017-01-13,5527.580078125,5584.259765625,5496.81982421875,5574.1201171875,9064280000.0,5475.630078125,5403.583984375,5313.719995117188,5008.897680664062,4936.956998697917,64.31927916412162,120.11070583111996,104.80612988946521,15.304575941654747,5313.719995117188,5571.0907971013185,5056.349193133057,0.09687029132909913,1.0058851277278305,128.85764366403566,5536.52001953125,5034.41015625,5536.52001953125,4209.759765625,0.009610483861909769,0.023807533692258298,0.06806009684564907,0.09191137226304735
2017-01-20,5555.16015625,5574.35009765625,5527.22021484375,5555.330078125,7005940000.0,5499.2640625,5435.406005859375,5328.99150390625,5016.027848307292,4945.954581705729,63.21084606739362,124.04452579847293,108.65380907126676,15.390716727206168,5328.99150390625,5604.975813940467,5053.007193872033,0.10357843874658655,0.910056959742908,123.01994646035455,5584.259765625,5034.41015625,5584.259765625,4209.759765625,-0.003370942618290851,0.021733757785148855,0.05817828557929161,0.08343410790483063
2017-01-27,5546.64013671875,5669.60986328125,5522.68994140625,5660.77978515625,8931180000.0,5538.88203125,5469.3330078125,5355.7349853515625,5024.669677734375,4957.492411295573,66.6811006820586,134.12490809107294,113.74802887522802,20.376879215844923,5355.7349853515625,5650.819329476404,5060.650641226721,0.1101937810335743,1.016877302842661,124.72708756140065,5584.259765625,5034.41015625,5584.259765625,4209.759765625,0.01898171765643153,0.03626232604719393,0.10434627463263002,0.10083285468394476
2017-02-03,5635.85986328125,5666.83984375,5576.08984375,5666.77001953125,9938750000.0,5595.61201171875,5496.118017578125,5376.844995117188,5036.891341145833,4969.228495279948,66.87226918961883,140.97200797882488,119.1928246959474,21.779183282877483,5376.844995117188,5696.484260517831,5057.205729716545,0.1188947294150802,0.9535191007441834,122.30015273558632,5669.60986328125,5034.41015625,5669.60986328125,4209.759765625,0.0010581995064897765,0.05269247131196231,0.08050234994733674,0.14863772816164134
2017-02-10,5656.9501953125,5743.43017578125,5649.39013671875,5734.1298828125,9420660000.0,5638.2259765625,5543.966015625,5398.263989257813,5050.408837890625,4979.648575846354,69.02448725730041,150.10346270558057,125.37495229787405,24.728510407706523,5398.263989257813,5751.61051219928,5044.917466316346,0.13091116834767735,0.9752641836669844,120.28157318750874,5669.60986328125,5034.41015625,5669.60986328125,4209.759765625,0.011886817896100466,0.03859219460710239,0.08073879900343961,0.16474438599755525
2017-02-17,5753.18994140625,5838.580078125,5748.740234375,5838.580078125,9714620000.0,5691.11796875,5583.3740234375,5424.592993164062,5063.577001953125,4989.7139078776045,72.0561039156944,163.8793648930041,133.07583481690006,30.80353007610404,5424.592993164062,5823.802532056317,5025.383454271807,0.1471850660115254,1.01850850822564,119.15076048215097,5743.43017578125,5034.41015625,5743.43017578125,4209.759765625,0.01821552658330594,0.047444252254638775,0.09913028579160388,0.15650022225858828
2017-02-24,5850.2001953125,5867.89013671875,5800.5498046875,5845.31005859375,7380960000.0,5749.11396484375,5624.189013671875,5452.238500976562,5077.542000325521,4999.82041015625,72.24459576201271,173.3417440813073,141.12901666978152,32.212727411525776,5452.238500976562,5886.07801820655,5018.398983746574,0.15914179731949804,0.9530149306440565,115.45001559280091,5838.580078125,5034.41015625,5838.580078125,4209.759765625,0.0011526741739766866,0.0521985150100428,0.10447248251311136,0.1673319892315841
2017-03-03,5835.0400390625,5911.7900390625,5817.22021484375,5870.75,10303560000.0,5791.1080078125,5664.99501953125,5485.0679931640625,5097.994002278646,5009.6721598307295,72.98637631382641,180.8092815737091,149.06506965056704,31.744211923142046,5485.0679931640625,5940.699137620421,5029.436848707704,0.1661350944142182,0.9232392929330128,113.95857335179728,5867.89013671875,5034.41015625,5867.89013671875,4209.759765625,0.004352197086422871,0.037092100878810985,0.12592437210870333,0.26425881221271497
2017-03-10,5846.419921875,5872.60009765625,5812.080078125,5861.72998046875,9298850000.0,5830.1,5712.856005859375,5515.284497070313,5120.882503255209,5019.2451578776045,72.24908974864822,183.87986601029297,156.02802892251225,27.851837087780723,5515.284497070313,5986.406445174892,5044.162548965734,0.17084230137351442,0.8676813241160373,110.14153379318677,5911.7900390625,5034.41015625,5911.7900390625,4209.759765625,-0.001536433936251802,0.03440407150202773,0.11494847060342317,0.3059673743761615
2017-03-17,5863.47998046875,5912.60986328125,5831.8798828125,5901.0,10393340000.0,5863.4740234375,5750.85,5550.8294921875,5142.712833658854,5028.489908854167,73.50400134919227,187.32274863962175,162.28697286593416,25.03577577368759,5550.8294921875,6025.7067546353155,5075.952229739685,0.1711013689453729,0.8686958036351343,108.04070855572701,5911.7900390625,5034.41015625,5911.7900390625,4209.759765625,0.006699390736539801,0.029101209878010792,0.1369722912790794,0.2852904425594378
2017-03-24,5898.81005859375,5928.06005859375,5781.7998046875,5828.740234375,9399030000.0,5861.5060546875,5776.31201171875,5589.947998046875,5162.959334309896,5037.223079427084,67.45900622538642,182.12111983907107,166.25380226056154,15.867317578509528,5589.947998046875,6018.82841064089,5161.06758545286,0.15344701336894928,0.7783902334030925,110.77067608076436,5912.60986328125,5034.41015625,5912.60986328125,4209.759765625,-0.012245342420776129,-0.0016853145145454551,0.1550362139556143,0.2632863354911492
2017-03-31,5776.330078125,5927.81005859375,5769.39013671875,5911.740234375,8856100000.0,5874.79208984375,5811.95302734375,5623.679516601563,5188.7693359375,5047.707580566406,70.46374442219283,182.59139790315203,169.52132138907965,13.070076514072383,5623.679516601563,6042.246411773676,5205.112621429449,0.14885872992458757,0.8441035603818925,114.17419363749548,5928.06005859375,5122.77001953125,5928.06005859375,4209.759765625,0.01423978366894918,0.01136469667397444,0.1288173035711473,0.3549278843060166
2017-04-07,5917.31982421875,5936.39013671875,5855.509765625,5877.81005859375,9410370000.0,5876.2041015625,5833.6560546875,5651.49453125,5214.441007486979,5056.97783203125,67.71123227506831,178.17235503743814,171.25152811875137,6.920826918686771,5651.49453125,6059.85552396117,5243.133538538831,0.14451433703178257,0.7771022837431255,111.79606345579938,5928.06005859375,5192.0498046875,5928.06005859375,4209.759765625,-0.00573945647746088,0.0012025820540391141,0.10453805733144494,0.35511165996114014
2017-04-14,5883.43017578125,5907.85009765625,5805.14990234375,5805.14990234375,6717670000.0,5864.8880859375,5847.49404296875,5671.8060302734375,5236.1196695963545,5065.2969156901045,62.115482442327234,166.88343599692325,170.37790969438575,-3.494473697462496,5671.8060302734375,6068.128727517411,5275.483333029464,0.1397518515719998,0.6682263884929949,111.14635858842085,5936.39013671875,5238.2099609375,5936.39013671875,4376.52001953125,-0.01236177343699052,-0.009652453851256237,0.07524282381422509,0.2887645441938509
2017-04-21,5821.5498046875,5926.22998046875,5818.2001953125,5910.52001953125,8235930000.0,5866.79208984375,5865.133056640625,5704.549536132812,5258.120499674479,5075.161165364583,66.44606966608882,164.542629162509,169.2108535880104,-4.668224425501393,5704.549536132812,6064.47011184039,5344.628960425234,0.12618720318855278,0.7861332434155991,111.8559099838908,5936.39013671875,5238.2099609375,5936.39013671875,4425.72021484375,0.01815114492477754,0.0016132891935689564,0.12460307085817512,0.28756309112277556
2017-04-28,5979.9599609375,6074.0400390625,5970.25,6047.60986328125,9530050000.0,5910.566015625,5886.03603515625,5734.705029296875,5280.2969970703125,5086.357332356771,71.07821911252407,171.76947596845184,169.72257806409868,2.046897904353159,5734.705029296875,6103.37606302459,5366.033995569161,0.1285754129791456,0.924368617762731,115.5462035229879,5936.39013671875,5269.56982421875,5936.39013671875,4557.4599609375,0.023194210204345422,0.03755007430515889,0.11077415066236562,0.2820827213453774
2017-05-05,6067.56005859375,6102.72021484375,6053.27978515625,6100.759765625,10041420000.0,5948.369921875,5911.581005859375,5767.885009765625,5302.83515625,5098.577164713542,72.65440836152116,179.71392677581753,171.72084780644246,7.993078969375063,5767.885009765625,6142.861422885953,5392.908596645297,0.13002215282914084,0.9438609259305024,111.22935695438161,6074.0400390625,5371.89013671875,6074.0400390625,4574.25,0.008788579876234381,0.03197358540060802,0.12204893552973495,0.28478425463299395
2017-05-12,6100.66015625,6133.0,6075.68017578125,6121.22998046875,9731360000.0,5997.05390625,5936.62900390625,5800.81201171875,5324.928157552084,5109.938415527344,73.25886857617252,185.5231412503117,174.48130649521633,11.04183475509538,5800.81201171875,6178.452433654965,5423.171589782535,0.13020260652243476,0.9242368535486385,107.37867604469365,6102.72021484375,5371.89013671875,6102.72021484375,4574.25,0.0033553550098941454,0.041413369851770465,0.12055233705850288,0.27641302120014166
2017-05-19,6128.10986328125,6170.16015625,5996.81005859375,6083.7001953125,10270530000.0,6052.76396484375,5958.826025390625,5835.841015625,5346.764827473959,5122.008915201823,70.19530550137787,184.9664672648687,176.57833864914681,8.388128615721882,5835.841015625,6180.537991175232,5491.144040074769,0.11813103702699668,0.8595319908041669,112.09092044551912,6133.0,5371.89013671875,6133.0,4574.25,-0.006131085627561372,0.04798330752084268,0.13014386877382722,0.2744736975620614
2017-05-26,6098.25,6217.33984375,6097.240234375,6210.18994140625,8458660000.0,6112.69794921875,5989.74501953125,5870.297509765625,5368.358992513021,5134.22383219401,74.12305316333797,192.51279682489348,179.76523028429617,12.747566540597319,5870.297509765625,6219.97881962424,5520.616199907011,0.11913580505141234,0.9860031435166671,113.63011530208918,6170.16015625,5397.990234375,6170.16015625,4574.25,0.020791581115586544,0.05070110935835492,0.12481839999908018,0.263636045702236
2017-06-02,6204.18017578125,6308.759765625,6164.06982421875,6305.7998046875,7674510000.0,6164.3359375,6037.4509765625,5906.881494140625,5392.610823567708,5145.9901652018225,76.63002373095418,203.8582829034758,184.5838408081321,19.274442095343716,5906.881494140625,6277.437437305759,5536.325550975492,0.125465846414122,1.0382700209035667,115.84867430952924,6217.33984375,5496.81982421875,6217.33984375,4574.25,0.015395642352864947,0.042692889793351174,0.13126371016726113,0.29997997828313117
2017-06-09,6305.47021484375,6341.7001953125,6137.68017578125,6207.919921875,10751430000.0,6185.76796875,6067.0689453125,5939.510986328125,5413.772485351563,5156.423079427083,69.2350345664668,202.61594336286635,188.19026131907896,14.42568204378739,5939.510986328125,6295.123302407562,5583.898670248688,0.1197446446005416,0.877389819489432,122.14662753965216,6308.759765625,5522.68994140625,6308.759765625,4574.25,-0.015522199537597037,0.017565050971814822,0.1174709395432103,0.25711686635899134
2017-06-16,6153.56005859375,6237.52978515625,6107.85009765625,6151.759765625,11604840000.0,6191.87392578125,6094.463916015625,5964.059985351562,5434.531315104166,5166.32499593099,65.3389338447954,194.85357435398055,189.5229239260593,5.330650427921256,5964.059985351562,6306.873634870405,5621.2463358327195,0.11495982614555646,0.7737635746664177,122.68470325110557,6341.7001953125,5522.68994140625,6341.7001953125,4574.25,-0.00904653361460206,0.0049875246075810065,0.08673363018928981,0.2538669793537176
2017-06-23,6196.85009765625,6269.3701171875,6186.93994140625,6265.25,13320270000.0,6228.18388671875,6140.47392578125,5993.983984375,5459.362817382813,5177.473994954427,69.12063721809373,195.6047446891389,190.73928807867523,4.865456610463667,5993.983984375,6332.223892806137,5655.744075943862,0.11285979719427162,0.9009964656199458,122.32224955906233,6341.7001953125,5576.08984375,6341.7001953125,4574.25,0.018448417802197747,0.029842003856038968,0.10561218796704508,0.31199536356931534
2017-06-30,6292.72998046875,6303.4501953125,6087.81005859375,6140.419921875,10844330000.0,6214.2298828125,6163.463916015625,6014.298486328125,5482.767146809896,5188.046162923177,61.20996954964468,184.00619960626773,189.39267038419374,-5.386470777926007,6014.298486328125,6336.07385150641,5692.52312114984,0.10700345714791308,0.6959774569395561,128.98781292761146,6341.7001953125,5649.39013671875,6341.7001953125,4574.25,-0.019924197458201953,-0.011234764184274049,0.07085469763779062,0.2964975252730613
2017-07-07,6173.2900390625,6177.35986328125,6081.9599609375,6153.080078125,6670850000.0,6183.6859375,6174.0109375,6030.023486328125,5506.690478515625,5197.434997558594,61.68885870609339,173.8320106569363,186.28053843874224,-12.44852778180595,6030.023486328125,6346.60990009799,5713.437072558259,0.1050033766825824,0.6943491357249589,126.58867645733565,6341.7001953125,5748.740234375,6341.7001953125,4574.25,0.0020617736915513607,-0.02421893039626377,0.05386583652047783,0.3042596888429485
2017-07-14,6156.02978515625,6321.759765625,6141.830078125,6312.47021484375,8743170000.0,6204.59599609375,6195.181982421875,6053.381494140625,5532.405647786459,5209.278747558594,67.18214393501746,176.59467112540187,184.34336497607416,-7.748693850672282,6053.381494140625,6380.75894003534,5726.004048245911,0.1081634938130365,0.8957033753425522,130.3987486746688,6341.7001953125,5769.39013671875,6341.7001953125,4574.25,0.025904121951118908,0.01684143711331454,0.07992050918893234,0.3234910845644974
2017-07-21,6320.35009765625,6398.259765625,6291.06982421875,6387.75,8861190000.0,6251.79404296875,6221.833984375,6079.231494140625,5556.643147786458,5221.785498046875,69.41287554353592,182.75189884249994,184.0250717493593,-1.2731729068593722,6079.231494140625,6425.91969568816,5732.54329259309,0.11405658819924361,0.9449509739330916,128.7409767269246,6341.7001953125,5769.39013671875,6341.7001953125,4574.25,0.011925566789880326,0.03836141906803214,0.08806370565941313,0.29477044694435994
2017-07-28,6387.81982421875,6460.83984375,6318.6201171875,6374.68017578125,10054160000.0,6273.680078125,6250.931982421875,6104.87900390625,5580.512483723958,5233.274666341146,68.54177453165744,184.45068787015498,184.11019497351845,0.34049289663653326,6104.87900390625,6459.220834728235,5750.537173084264,0.11608480056533704,0.8807074813170216,129.70374457232285,6398.259765625,5769.39013671875,6398.259765625,4574.25,-0.0020460763521975567,0.01746621057120623,0.08750832894412519,0.2897631472590021
2017-08-04,6394.68994140625,6396.58984375,6313.43017578125,6351.56005859375,9869510000.0,6315.90810546875,6265.068994140625,6127.407006835938,5604.795987955729,5245.1059163411455,66.9413762131355,181.83530596096625,183.65521717100802,-1.8199112100417665,6127.407006835938,6484.317455419139,5770.496558252737,0.11649640645219754,0.8140186181822562,126.37916767206764,6460.83984375,5769.39013671875,6460.83984375,4574.25,-0.0036268670035146666,0.03438529276582081,0.07635317041073542,0.29768013648791025
2017-08-11,6361.06005859375,6423.35009765625,6214.41015625,6256.56005859375,9688080000.0,6336.6041015625,6260.14501953125,6148.797998046875,5629.066324869792,5254.809916178386,60.67258901366924,170.13567277329912,180.95130829146623,-10.815635518167113,6148.797998046875,6482.040408686847,5815.555587406904,0.10839270073462276,0.6616871939257736,132.2763657959378,6460.83984375,5769.39013671875,6460.83984375,4574.25,-0.014956955318632836,0.01681759040267239,0.07339833429111864,0.30335773346125405
2017-08-18,6306.10986328125,6374.56005859375,6193.3798828125,6216.52978515625,9115610000.0,6317.416015625,6261.006005859375,6164.0374755859375,5654.208821614583,5264.902746582031,58.19940150512949,155.83712726346585,175.92847208586616,-20.091344822400316,6164.0374755859375,6479.948507175636,5848.126443996239,0.10250133385494027,0.5830808428977068,135.76949508060298,6460.83984375,5769.39013671875,6460.83984375,4574.25,-0.006398128214643473,-0.01519855562437289,0.05155665484234073,0.3204240058253818
2017-08-25,6216.31982421875,6308.72021484375,6177.18994140625,6265.64013671875,7782320000.0,6292.99404296875,6272.39404296875,6183.428979492188,5677.593326822916,5275.420166015625,60.33556719304373,146.77627632184794,170.0980329330625,-23.321756611214568,6183.428979492188,6473.2134709463235,5893.644488038052,0.09372938297350156,0.6418487870314029,135.46669353466706,6460.83984375,5805.14990234375,6460.83984375,4574.25,0.00789996240020674,-0.019116255846150843,0.06598207057711347,0.2885450210939491
2017-09-01,6286.009765625,6449.64990234375,6228.72998046875,6435.330078125,8300600000.0,6305.1240234375,6289.40205078125,6214.93798828125,5702.236165364583,5286.978833007813,66.6730371348728,151.54117445615702,166.38666123768144,-14.845486781524414,6214.93798828125,6468.069577784975,5961.806398777525,0.08145908775953177,0.9353310668886443,141.57049555897655,6460.83984375,5805.14990234375,6460.83984375,4786.009765625,0.02708261848806326,0.009514187484130021,0.10855536659386233,0.29829372057807735
2017-09-08,6414.81982421875,6426.509765625,6334.58984375,6360.18994140625,7579320000.0,6306.85,6311.379052734375,6237.421484375,5724.412833658854,5297.569083658854,61.95267526296197,147.55330682363638,162.6199903548724,-15.066683531236038,6237.421484375,6455.914361275005,6018.928607474994,0.07005871815696246,0.7809438430513141,138.65404833154966,6460.83984375,5818.2001953125,6460.83984375,4976.5400390625,-0.01167619000215181,0.001358702859280081,0.07607958697188577,0.26455439488961807
2017-09-15,6411.18017578125,6464.27001953125,6410.7099609375,6448.47021484375,10157310000.0,6345.23203125,6340.91806640625,6257.464501953125,5746.88466796875,5309.056087239584,65.08067869658379,149.7896909547253,160.053930474843,-10.264239520117712,6257.464501953125,6476.176344493803,6038.752659412447,0.06990430148582129,0.9366606551154169,136.18447903108185,6460.83984375,5970.25,6460.83984375,5028.240234375,0.01388013160782764,0.03067342988043409,0.06628409580392569,0.26436621935126126
2017-09-22,6460.10009765625,6477.77001953125,6400.81005859375,6426.919921875,9209850000.0,6387.31005859375,6352.363037109375,6273.772509765625,5767.964501953125,5320.3765869140625,63.70384050672342,148.11572704904393,157.6662897896832,-9.550562740639265,6273.772509765625,6491.953211439566,6055.591808091684,0.06955327160311461,0.8509646154182906,131.95415631011173,6464.27001953125,5996.81005859375,6464.27001953125,5034.41015625,-0.0033419233168113793,0.033843662620440806,0.05346221926124084,0.245013215043981
2017-09-29,6403.10986328125,6497.97998046875,6343.9599609375,6495.9599609375,9919050000.0,6433.3740234375,6363.184033203125,6292.509008789062,5789.211832682292,5332.4170857747395,66.1728818590031,150.6237558567118,156.25778300308892,-5.634027146377122,6292.509008789062,6519.264826891056,6065.753190687068,0.07207167054835291,0.9486124189698328,133.53028939733588,6477.77001953125,5996.81005859375,6477.77001953125,5034.41015625,0.010742321345488026,0.036759184886632434,0.06121808552601604,0.24416979788557858
2017-10-06,6506.080078125,6590.18017578125,6484.14013671875,6590.18017578125,9539770000.0,6464.34404296875,6384.734033203125,6317.8330078125,5811.833333333333,5344.693587239583,69.24740137510534,158.38836814818387,156.6839000321079,1.704468116075958,6317.8330078125,6558.362386374761,6077.303629250239,0.07614299974843498,1.0661411707723123,131.56670008770476,6497.97998046875,5996.81005859375,6497.97998046875,5034.41015625,0.01450443281829461,0.024062494973275284,0.08325196249134592,0.25937675043825403
2017-10-13,6597.3701171875,6616.580078125,6561.77978515625,6605.7998046875,8916530000.0,6513.466015625,6410.1580078125,6337.613500976562,5834.623665364584,5357.4043375651045,69.73843912800818,163.9127684813384,158.12967372195402,5.783094759384369,6337.613500976562,6603.238950780819,6071.988051172305,0.08382507067157913,1.0048204227203528,126.0833852934937,6590.18017578125,6081.9599609375,6590.18017578125,5034.41015625,0.002370136853564686,0.03861674974237417,0.06370334353922624,0.2610387090026829
2017-10-20,6622.5498046875,6640.02978515625,6558.52978515625,6629.0498046875,8682700000.0,6549.58193359375,6447.406982421875,6353.7760009765625,5858.125830078125,5370.903002929687,70.49367924673179,168.2277514377265,160.1492892651085,8.078462172618003,6353.7760009765625,6647.5387888318955,6060.0132131212295,0.09246872656832167,0.9685307586447935,122.89885777252987,6616.580078125,6081.9599609375,6616.580078125,5034.41015625,0.003519634364865576,0.02800347738725284,0.05126233150625992,0.2701957309024743
2017-10-27,6641.56982421875,6708.1298828125,6517.93017578125,6701.259765625,10411640000.0,6604.44990234375,6495.87998046875,6378.4429931640625,5882.315161132812,5385.099332682292,72.76693880152669,175.45164948190268,163.20976130846736,12.241888173435314,6378.4429931640625,6700.556215014543,6056.329771313582,0.10100058029700906,1.0010920858920582,127.70606129100987,6640.02978515625,6081.9599609375,6640.02978515625,5034.41015625,0.010892957975129347,0.04268605289700944,0.07946942775656729,0.27645476871536334
2017-11-03,6693.77001953125,6765.14013671875,6677.14990234375,6764.43994140625,10630550000.0,6658.1458984375,6545.7599609375,6409.077001953125,5909.623990885417,5398.051831054688,74.61010015949596,184.15196368730267,167.39820178423443,16.753761903068238,6409.077001953125,6754.800633476765,6063.353370429484,0.10788562266244686,1.013940770966398,124.8692165112949,6708.1298828125,6081.9599609375,6708.1298828125,5034.41015625,0.009428104265610138,0.04133030099988533,0.09959429482354043,0.31965636057011215
2017-11-10,6763.2998046875,6795.52001953125,6687.27978515625,6750.93994140625,10726360000.0,6690.2978515625,6577.320947265625,6433.361499023437,5934.730159505209,5411.904414876302,73.46593031000026,187.79292822216303,171.47714707182016,16.315781150342872,6433.361499023437,6802.688853518338,6064.034144528537,0.11481629146783165,0.9299416743949811,123.68143207298812,6765.14013671875,6081.9599609375,6765.14013671875,5034.41015625,-0.0019957306320903534,0.024393834665672465,0.07752123880232231,0.28722472341416383
2017-11-17,6727.39013671875,6806.669921875,6667.31005859375,6782.7900390625,9918020000.0,6725.6958984375,6619.58095703125,6465.480004882813,5959.347493489583,5425.692000325521,74.46101091590504,191.04619394459405,175.39095644637493,15.655237498219122,6465.480004882813,6839.021714063955,6091.9382957016705,0.11554956751827826,0.9247317319333319,124.8013200164354,6795.52001953125,6081.9599609375,6795.52001953125,5034.41015625,0.004717876019145084,0.026793157468896878,0.1046133856251561,0.27838477860104605
2017-11-24,6789.27978515625,6890.02001953125,6779.490234375,6889.16015625,6164970000.0,6777.71796875,6663.649951171875,6502.284008789063,5985.63349609375,5441.07216796875,77.49631120085635,199.90324972561848,180.29341510222366,19.609834623394818,6502.284008789063,6890.2240827292135,6114.343934848912,0.11932424773072867,0.998628748934845,123.7819246692793,6806.669921875,6081.9599609375,6806.669921875,5034.41015625,0.01568235439618615,0.03923795403959285,0.1196279048507527,0.2969051498964608
2017-12-01,6889.91015625,6914.18994140625,6737.16015625,6847.58984375,11013050000.0,6806.983984375,6705.716943359375,6529.039990234375,6011.553328450521,5456.066748046875,73.80458375437665,201.24828844607327,184.48438977099357,16.7638986750797,6529.039990234375,6934.348933453633,6123.731047015117,0.12415575454446214,0.8929716563684363,127.58534327549151,6890.02001953125,6141.830078125,6890.02001953125,5034.41015625,-0.006034162591253778,0.02183620442168488,0.08477182635221281,0.2938534445814518
2017-12-08,6897.1298828125,6899.22998046875,6734.1298828125,6840.080078125,10194080000.0,6822.11201171875,6740.128955078125,6551.656494140625,6038.651993815104,5473.850415039063,73.1268590808084,199.40959630032012,187.46943107685888,11.940165223461236,6551.656494140625,6973.065949948941,6130.247038332309,0.1286421094223109,0.8422129949969234,130.26496858840284,6914.18994140625,6177.18994140625,6914.18994140625,5034.41015625,-0.001096702021639695,0.01118202502704535,0.07081211351806194,0.3118277676849026
2017-12-15,6847.64013671875,6945.81982421875,6844.8798828125,6936.580078125,11160360000.0,6859.2400390625,6774.7689453125,6579.751489257813,6066.638330078125,5491.419250488281,76.15671307276237,203.39455719694888,190.65445630087692,12.740100896071965,6579.751489257813,7024.496049754721,6135.006928760905,0.13518582311900493,0.9011612738652798,128.51316698164192,6914.18994140625,6177.18994140625,6914.18994140625,5034.41015625,0.014108021967259354,0.027498413306885405,0.08814558328408784,0.3193936559843338
2017-12-22,6980.39990234375,7003.89013671875,6935.419921875,6959.9599609375,9492200000.0,6894.6740234375,6810.1849609375,6610.171484375,6096.135994466146,5510.386250813802,76.83807463318435,206.06385274263357,193.73633558922825,12.327517153405324,6610.171484375,7071.250274021158,6149.092694728842,0.13950584814207842,0.8793152975340026,124.22438468607821,6945.81982421875,6177.18994140625,6945.81982421875,5034.41015625,0.003370520133722632,0.026120508058581793,0.09578747531806409,0.34100688425652614
2017-12-29,6928.919921875,6955.3798828125,6903.39013671875,6903.39013671875,5607170000.0,6897.52001953125,6837.618994140625,6642.51298828125,6127.086328125,5527.728336588541,71.51302299827479,201.29418261718365,195.24790499481935,6.0462776223643,6642.51298828125,7090.393537412086,6194.632439150414,0.1348527432075748,0.7912351841844467,119.39191608126904,7003.89013671875,6177.18994140625,7003.89013671875,5034.41015625,-0.008127895064949486,0.00206556098943933,0.10338429937015325,0.3679912444801463
2018-01-05,6937.64990234375,7137.0400390625,6924.080078125,7136.56005859375,8230050000.0,6955.3140625,6881.1490234375,6688.514501953125,6158.743831380209,5546.97275390625,78.21469743948632,213.86376038793242,198.971076073442,14.892684314490424,6688.514501953125,7140.904370227457,6236.124633678793,0.13527364503500108,0.9951984870369907,127.55320081430341,7003.89013671875,6177.18994140625,7003.89013671875,5122.77001953125,0.03377614726347011,0.04220028089262695,0.14799740453819377,0.36269053827379927
2018-01-12,7135.3798828125,7265.259765625,7111.52001953125,7261.06005859375,10345020000.0,7039.51005859375,6930.81103515625,6738.285498046875,6191.069669596354,5568.4274210611975,80.81055513233133,231.20615026087944,205.4180909109295,25.788059349949947,6738.285498046875,7212.147420804884,6264.423575288865,0.14064762405670123,1.0516106437759134,129.42366833426388,7137.0400390625,6177.18994140625,7137.0400390625,5192.0498046875,0.017445379703640018,0.06154606023035747,0.15886962866595322,0.36447368855687023
2018-01-19,7307.18994140625,7336.3798828125,7205.93017578125,7336.3798828125,8688580000.0,7119.47001953125,6989.355029296875,6783.33798828125,6223.360668945313,5590.332421875,82.19295525649065,248.16708385672518,213.96788950008863,34.19919435663655,6783.33798828125,7302.580894501708,6264.095082060791,0.15309362650585634,1.032546413158355,129.49695681262003,7265.259765625,6228.72998046875,7265.259765625,5238.2099609375,0.010373116819162753,0.05763644334595042,0.14001609765913203,0.3588606589787382
2018-01-26,7338.0400390625,7505.77001953125,7332.81005859375,7505.77001953125,10703550000.0,7228.63203125,7061.65302734375,6840.6169921875,6260.8626708984375,5612.6265869140625,84.83830248182218,272.1400531773961,225.60232223555016,46.53773094184595,6840.6169921875,7410.757687583531,6270.4762967914685,0.16669276939409852,1.083323583735521,132.6014571072543,7336.3798828125,6334.58984375,7336.3798828125,5238.2099609375,0.02308906291992785,0.07842143656818257,0.1801172745906563,0.4281335627367535
2018-02-02,7484.47021484375,7500.60986328125,7238.18017578125,7240.9501953125,11645170000.0,7296.14404296875,7096.83203125,6880.240991210938,6290.8035074869795,5632.245422363281,67.86445615096626,266.6957548080236,233.82100875004488,32.87474605797871,6880.240991210938,7445.9950747674575,6314.486907654418,0.1644576357948025,0.8187862134675399,142.2434847245933,7505.77001953125,6343.9599609375,7505.77001953125,5269.56982421875,-0.03528216605753243,0.048897722989504455,0.12289426081933952,0.3299568730484892
2018-02-09,7165.9599609375,7277.35986328125,6630.669921875,6874.490234375,14567570000.0,7243.730078125,7099.5220703125,6902.6195068359375,6314.759008789062,5647.600675455729,52.277430486687244,230.15773777936374,233.08835455590867,-2.930616776544923,6902.6195068359375,7428.909452659173,6376.329561012702,0.1524899193131043,0.4732758789293067,178.27537448756877,7505.77001953125,6343.9599609375,7505.77001953125,5371.89013671875,-0.05060937460593662,-0.036722149336243404,0.069639939184029,0.26435308815996406
2018-02-16,6936.68017578125,7303.259765625,6879.68994140625,7239.47021484375,10460370000.0,7239.412109375,7139.461083984375,6939.79501953125,6344.372013346354,5665.8150105794275,61.71005969073577,228.02341817573415,232.07536727987377,-4.051949104139624,6939.79501953125,7450.747380070853,6428.842658991646,0.14725286816154862,0.7932516007911395,196.16781425631387,7505.77001953125,6343.9599609375,7505.77001953125,5371.89013671875,0.05309193380531907,-0.0029733735261489036,0.1144573332313068,0.3252573901311533
2018-02-23,7209.02978515625,7338.64013671875,7194.83984375,7337.39013671875,7693110000.0,7239.61416015625,7179.54208984375,6977.155517578125,6376.943180338541,5684.0672607421875,63.77858596709906,231.56394879909203,231.97308358371743,-0.4091347846253939,6977.155517578125,7489.658546966195,6464.652488190055,0.14690887370845576,0.8514463315180264,192.4272770214879,7505.77001953125,6484.14013671875,7505.77001953125,5371.89013671875,0.013525840837665948,0.00013770468846852069,0.11338232658394953,0.3630366733396042
2018-03-02,7373.2998046875,7438.08984375,7084.830078125,7257.8701171875,11214240000.0,7190.0341796875,7209.33310546875,7009.759033203125,6405.8900146484375,5703.4838460286455,60.90123679019127,225.35548606220345,230.64956407941463,-5.294078017211177,7009.759033203125,7506.333823536846,6513.184242869404,0.14168098731542547,0.7498224726809362,203.91531192173878,7505.77001953125,6517.93017578125,7505.77001953125,5397.990234375,-0.010837643637525152,-0.0330279107538165,0.09871178839499328,0.3145790917253899
2018-03-09,7222.89013671875,7560.81005859375,7205.31005859375,7560.81005859375,10996190000.0,7254.00615234375,7275.07509765625,7056.3470458984375,6439.001513671875,5723.949597167969,67.00776255302733,242.08930133993,232.9375115315177,9.151789808412275,7056.3470458984375,7575.623748503898,6537.070343292977,0.14718003500332225,0.9857362271060681,214.7427896416146,7505.77001953125,6517.93017578125,7505.77001953125,5496.81982421875,0.04173950987202879,0.044173741657319354,0.14055713584281548,0.35641319161393703
2018-03-16,7581.0400390625,7637.27001953125,7463.18994140625,7481.990234375,11984910000.0,7375.50615234375,7309.618115234375,7095.383569335938,6471.112516276042,5743.570182291666,64.19833060304792,246.15336663306334,235.58068255182687,10.572684081236474,7095.383569335938,7619.377770331858,6571.389368340017,0.14770003506518292,0.868903572123761,211.83831024757072,7560.81005859375,6517.93017578125,7560.81005859375,5522.68994140625,-0.010424785652320634,0.08837018881229541,0.1165050298087027,0.34681290385183994
2018-03-23,7419.2001953125,7421.22998046875,6992.669921875,6992.669921875,11154770000.0,7326.14609375,7282.7791015625,7106.795068359375,6493.310685221354,5758.990181477865,50.14287071255173,207.4981977985326,229.96418560116803,-22.465987802635425,7106.795068359375,7611.03143668181,6602.5587000369405,0.14190260545639719,0.3868336819257374,231.6584532656014,7637.27001953125,6630.669921875,7637.27001953125,5522.68994140625,-0.06539975289621247,-0.034090932850681877,0.03373967134687916,0.23528386322521233
2018-03-30,7125.2001953125,7255.5400390625,6901.06982421875,7063.4501953125,9834190000.0,7271.35810546875,7255.4861328125,7122.420581054687,6516.588688151041,5776.740014648438,51.78719473621774,180.4944469026923,220.0702378614729,-39.5757909587806,7122.420581054687,7600.256190735628,6644.584971373747,0.13417786951586685,0.4382942746967279,240.43072194975488,7637.27001953125,6630.669921875,7637.27001953125,5576.08984375,0.010122066997053647,-0.03733479293071296,0.04629136929355537,0.24646847692202312
2018-04-06,7016.169921875,7112.3798828125,6805.9599609375,6915.10986328125,11507960000.0,7202.8060546875,7196.4201171875,7129.036572265625,6536.2716878255205,5793.3402628580725,48.1993548590303,145.44732843875408,205.14565597692913,-59.69832753817505,7129.036572265625,7591.289263172135,6666.783881359115,0.12968167191197477,0.26860414964286106,245.14423623012954,7637.27001953125,6630.669921875,7637.27001953125,5649.39013671875,-0.02100111530901605,-0.04722601098834123,0.019508170451497442,0.20595626618235885
2018-04-13,6971.4501953125,7183.6201171875,6944.9599609375,7106.64990234375,10018570000.0,7111.9740234375,7182.990087890625,7139.911059570312,6557.406184895834,5810.491593424479,52.75119023962505,131.6107877048862,190.43868232252055,-58.82789461763434,7139.911059570312,7589.128853028772,6690.693266111853,0.12583288214951355,0.4629788070386864,246.81323749270956,7637.27001953125,6630.669921875,7637.27001953125,5748.740234375,0.02769877020747913,-0.060067658455960515,0.03156984903253246,0.217188050390837
2018-04-20,7153.8701171875,7319.580078125,7115.85009765625,7146.1298828125,9561780000.0,7044.801953125,7210.154052734375,7154.838061523437,6579.086515299479,5828.3142578125,53.65516184545629,122.4197552276537,176.8348969035472,-54.415141675893494,7154.838061523437,7583.583627703686,6726.092495343189,0.11984773449616229,0.4898445845300283,244.39301879903388,7637.27001953125,6630.669921875,7637.27001953125,5769.39013671875,0.005555357448483456,-0.04488917267219017,0.043597827246470766,0.2225407739160543
2018-04-27,7173.990234375,7197.14990234375,6926.97021484375,7119.7998046875,10146160000.0,7070.2279296875,7198.18701171875,7168.824047851563,6599.9040120442705,5848.949007161458,52.92787079762933,111.72330183833947,163.81257789050565,-52.089276052166184,7168.824047851563,7573.1399485168085,6764.508147186317,0.11279838868033482,0.4393738372849051,246.23492370624575,7637.27001953125,6630.669921875,7637.27001953125,5769.39013671875,-0.003684522749625274,0.018180449561161494,0.04089421810382898,0.21275813221266437
2018-05-04,7133.9501953125,7228.259765625,6991.14013671875,7209.6201171875,10485390000.0,7099.4619140625,7185.410009765625,7182.476049804687,6622.36884765625,5871.625675455729,55.16073501980191,109.2348427516863,152.8970308627418,-43.662188111055485,7182.476049804687,7572.695539914058,6792.256559695316,0.10865876541836349,0.5347805120846282,245.58383122053178,7637.27001953125,6630.669921875,7637.27001953125,5769.39013671875,0.012615567145703332,0.02069384193747159,0.03936234224752222,0.22994749693519023
2018-05-11,7241.81982421875,7417.669921875,7224.7001953125,7402.8798828125,10607680000.0,7197.01591796875,7199.910986328125,7204.622045898437,6647.400179036458,5895.056506347656,59.601108412961395,121.45708724645647,146.60904213948473,-25.15195489302826,7204.622045898437,7592.078311623016,6817.165780173858,0.10755769372944583,0.7558454391533745,242.90282932531522,7637.27001953125,6630.669921875,7637.27001953125,5769.39013671875,0.026805818126849124,0.07053684311239583,0.06363828590406695,0.25451277458269783
2018-05-18,7429.4501953125,7458.419921875,7320.97021484375,7354.33984375,10250450000.0,7246.55390625,7179.26396484375,7227.16953125,6672.826839192709,5917.893086751302,58.046292945341314,125.77665360920764,142.4425644334293,-16.66591082422167,7227.16953125,7593.807980738885,6860.531081761114,0.10146114544665236,0.6734274087691607,235.3704634471677,7637.27001953125,6630.669921875,7637.27001953125,5769.39013671875,-0.006556912962372485,0.034853263465893125,0.06532293526808997,0.261737450637751
2018-05-25,7406.33984375,7452.85009765625,7334.6201171875,7433.85009765625,9729140000.0,7304.09794921875,7174.449951171875,7242.034033203125,6698.195336914063,5943.482336425781,59.89200183746143,134.07027538896455,140.76810662453636,-6.697831235571812,7242.034033203125,7616.789013115797,6867.279053290452,0.10349439900296079,0.7559219686657977,227.00328609156645,7637.27001953125,6630.669921875,7637.27001953125,5769.39013671875,0.010811338012047589,0.04026238251501124,0.04165733022935991,0.25747238595340116
2018-06-01,7398.509765625,7557.3798828125,7354.2900390625,7554.330078125,8899370000.0,7391.00400390625,7230.615966796875,7256.697534179688,6726.137337239584,5970.289172363281,62.57852273146877,148.6511994374032,142.34472518710973,6.306474250293462,7256.697534179688,7655.4638666754545,6857.931201683921,0.10990297738538554,0.8731916660096573,225.29518306716884,7637.27001953125,6630.669921875,7637.27001953125,5805.14990234375,0.016206942416922665,0.061031248821268314,0.040389422090532534,0.2852286825907322
2018-06-08,7570.080078125,7697.41015625,7561.2001953125,7645.509765625,10703070000.0,7478.18193359375,7288.821923828125,7272.154028320312,6756.810001627604,5996.464835611979,64.51567465882884,165.65456287207962,147.00669272410371,18.647870147975908,7272.154028320312,7704.616870672363,6839.691185968261,0.11893665636560753,0.9316622155028452,219.42267557129964,7637.27001953125,6630.669921875,7637.27001953125,5805.14990234375,0.01206985749325784,0.06045944742613463,0.04213656977288238,0.31702193642548826
2018-06-15,7647.240234375,7768.60009765625,7642.8701171875,7746.3798828125,11420580000.0,7546.88193359375,7371.94892578125,7284.184521484375,6787.407666015625,6022.764082845052,66.5769586513413,185.1351041093949,154.63237500116196,30.502729108232927,7284.184521484375,7753.76723506741,6814.60180790134,0.12893213020565908,0.9921341309622081,212.7303402068318,7697.41015625,6630.669921875,7697.41015625,5818.2001953125,0.013193380203504912,0.04640086094028284,0.03205665276915548,0.3106088562790872
2018-06-22,7692.9599609375,7806.60009765625,7635.72998046875,7692.81982421875,13008360000.0,7614.5779296875,7430.56591796875,7306.778002929687,6814.82783203125,6047.562414550781,64.43654970556005,194.0152373948622,162.50894747990202,31.506289914960178,7306.778002929687,7808.264577044072,6805.291428815302,0.13726613123138856,0.8848974640754886,209.74032427687956,7768.60009765625,6630.669921875,7768.60009765625,5970.25,-0.006914205009824981,0.046024522616588515,0.06240474201835733,0.2720430051096019
2018-06-29,7631.1201171875,7639.72998046875,7419.56005859375,7510.2998046875,11229400000.0,7629.86787109375,7466.98291015625,7338.5684814453125,6838.320166015625,6070.577661132813,57.63632542223552,184.20160536366257,166.84747905665412,17.354126307008443,7338.5684814453125,7805.85418389053,6871.282779000095,0.12735064164807985,0.6837540955603284,214.27742723031673,7806.60009765625,6630.669921875,7806.60009765625,5996.81005859375,-0.02372602292811221,0.010283999008179334,0.09248824983897963,0.2310433606982225
2018-07-06,7451.89990234375,7695.81005859375,7443.10009765625,7688.39013671875,6422590000.0,7656.6798828125,7523.841943359375,7361.014477539063,6864.439501953125,6094.683829752604,61.86521882436534,188.62033489882106,171.20205022508753,17.418284673733524,7361.014477539063,7849.738920920115,6872.290034158011,0.13278725232026511,0.8349286736252282,217.02260820940126,7806.60009765625,6805.9599609375,7806.60009765625,5996.81005859375,0.02371281262568181,0.017746121390955105,0.06201005164086992,0.2560204666791477
2018-07-13,7731.740234375,7843.52001953125,7696.580078125,7825.97998046875,9006480000.0,7692.77392578125,7585.4779296875,7385.4439697265625,6893.4774983723955,6120.1211629231775,64.7896050426886,200.90861098877303,177.14336237782464,23.76524861094839,7385.4439697265625,7914.207946460089,6856.679992993036,0.14319084374641966,0.9165715046093219,212.60169925247976,7806.60009765625,6805.9599609375,7806.60009765625,5996.81005859375,0.01789579369716021,0.023604732761596026,0.06658905069050824,0.28638488571456544
2018-07-20,7831.740234375,7867.14990234375,7749.60986328125,7820.2001953125,9055510000.0,7707.53798828125,7627.2099609375,7413.560473632812,6920.311002604167,6144.334997558593,64.56561702982684,207.78555542298,183.27180098685574,24.51375443612426,7413.560473632812,7971.2133849407555,6855.907562324869,0.15044131987357504,0.864599299523011,205.81158066748122,7843.52001953125,6805.9599609375,7843.52001953125,6081.9599609375,-0.0007385381984971184,0.009529653027188889,0.07747866371889667,0.25925298084226966
2018-07-27,7806.93017578125,7933.31005859375,7698.9599609375,7737.419921875,10116760000.0,7716.4580078125,7665.51796875,7422.390966796875,6944.171337890625,6168.391080729167,61.29703951484655,204.20199371775198,187.45783953303498,16.74415418471699,7422.390966796875,7994.497040389049,6850.2848932047,0.1541568144689275,0.7753239037475186,207.850046166679,7867.14990234375,6805.9599609375,7867.14990234375,6081.9599609375,-0.010585441724000777,0.005797626705858816,0.023358590139493263,0.22703228163432754
2018-08-03,7735.27001953125,7824.06005859375,7604.240234375,7812.009765625,10743060000.0,7776.8,7703.333935546875,7438.891943359375,6970.906168619792,6192.339326985677,63.10926532494328,205.0174586214307,190.96976335071412,14.047695270716588,7438.891943359375,8035.437312691728,6842.346574027021,0.16038554501786614,0.8127321419686943,208.7050303132555,7933.31005859375,6805.9599609375,7933.31005859375,6081.9599609375,0.009640144195757205,0.04017282515795051,0.044108522052564325,0.2583940939859146
2018-08-10,7809.5400390625,7923.35009765625,7801.8798828125,7839.10986328125,10705500000.0,7806.9439453125,7731.8119140625,7481.213940429688,6999.028670247396,6216.779992675782,63.77297273239131,205.48180548297296,193.8721717771659,11.609633705807056,7481.213940429688,8065.092206955845,6897.335673903531,0.15609185118227525,0.8064816275667361,202.47397206543368,7933.31005859375,6805.9599609375,7933.31005859375,6081.9599609375,0.003469030181643795,0.01960354819179666,0.12104674621611311,0.27428738473905945
2018-08-17,7848.0,7888.66015625,7732.68994140625,7816.330078125,10009220000.0,7805.01396484375,7748.8939453125,7518.857934570313,7024.8800048828125,6242.121411132813,62.75099038038246,201.68674616849148,195.43508665543104,6.251659513060446,7518.857934570313,8087.013551231846,6950.70231790878,0.15112816909314344,0.7617875585764913,199.1522751210277,7933.31005859375,6805.9599609375,7933.31005859375,6081.9599609375,-0.002905914772664664,-0.0012330599321532798,0.10658812081836877,0.2475687447627788
2018-08-24,7834.3701171875,7949.7099609375,7787.89990234375,7945.97998046875,8949190000.0,7830.169921875,7768.853955078125,7570.401440429688,7054.972672526042,6268.869909667968,66.08247729974175,206.75742699318744,197.69955472298233,9.05787227020511,7570.401440429688,8095.528257932262,7045.274622927113,0.13873156440506243,0.8576074650169824,196.48497394050787,7933.31005859375,6805.9599609375,7933.31005859375,6081.9599609375,0.016587055695945097,0.016083959747174248,0.14907501653174715,0.2940450460336621
2018-08-31,7989.64013671875,8133.2998046875,7976.60009765625,8109.5400390625,10153560000.0,7904.5939453125,7810.5259765625,7620.545947265625,7087.580338541667,6297.135408528646,69.75727962926169,221.42149867251555,202.443943512889,18.977555159626547,7620.545947265625,8150.471674220674,7090.620220310576,0.13907815283108288,0.9613798377054019,195.83032038895374,7949.7099609375,6926.97021484375,7949.7099609375,6081.9599609375,0.020584000840145666,0.04809356619452099,0.14111995813779998,0.31796432617429593
2018-09-07,8087.9501953125,8104.06982421875,7873.93017578125,7902.5400390625,9375830000.0,7922.7,7849.75,7658.366455078125,7114.0815022786455,6323.243575032552,60.78173658325337,213.87430128540655,204.73001506739254,9.144286218014003,7658.366455078125,8154.339968447018,7162.392941709232,0.1295246228495691,0.7461558706288866,198.67171630983205,8133.2998046875,6926.97021484375,8133.2998046875,6141.830078125,-0.02552549207512511,0.011588602184787078,0.10584892363477438,0.25189343792541097
2018-09-14,7939.56982421875,8040.830078125,7880.919921875,8010.0400390625,11175140000.0,7956.88603515625,7881.914990234375,7702.878466796875,7141.1196695963545,6348.881408691406,63.41445001177951,214.0994395002317,206.6038999539604,7.495539546271317,7702.878466796875,8155.414104914324,7250.342828679426,0.11749780035297087,0.83937832337738,195.90303344841547,8133.2998046875,6926.97021484375,8133.2998046875,6177.18994140625,0.01360322117554924,0.021804794008806416,0.12503725649545472,0.253968931010528
2018-09-21,7992.2099609375,8057.259765625,7890.06982421875,7986.9599609375,12836050000.0,7991.01201171875,7898.01298828125,7741.745458984375,7167.990999348958,6374.251741536458,62.44521764925623,209.99480435372516,207.28208083391337,2.7127235198117887,7741.745458984375,8149.453234983695,7334.037682985054,0.10532709404083333,0.8007233567621898,193.85209830254652,8133.2998046875,6991.14013671875,8133.2998046875,6177.18994140625,-0.0028813936025844367,0.021829922880307828,0.10781980619156983,0.25291932154990926
2018-09-28,7939.3798828125,8071.56005859375,7912.47021484375,8046.35009765625,11520340000.0,8011.08603515625,7920.627978515625,7773.918969726563,7196.2375,6400.516743977864,63.9712057210636,209.12349365691807,207.65036339851432,1.4731302584037564,7773.918969726563,8171.00323392451,7376.834705528616,0.10215806615538056,0.8430394408601897,191.36908012022178,8133.2998046875,7224.7001953125,8133.2998046875,6177.18994140625,0.0074358876229772,0.012631559283337035,0.08692160686514927,0.26683051461812535
2018-10-05,8091.5,8107.3798828125,7715.97021484375,7788.4501953125,13814010000.0,7946.86806640625,7925.731005859375,7795.624487304687,7221.7690022786455,6425.417663574219,53.75625193468929,185.48445752622047,203.21718222405556,-17.732724697835096,7795.624487304687,8142.934575860492,7448.314398748882,0.08910385283986055,0.4896716331765376,205.65769353797378,8133.2998046875,7320.97021484375,8133.2998046875,6177.18994140625,-0.032051787358702066,-0.03959408822243382,0.059027779622045085,0.24484542981643886
2018-10-12,7747.10009765625,7799.75,7274.0400390625,7496.89013671875,13666150000.0,7865.7380859375,7894.21904296875,7798.7764892578125,7243.108341471354,6448.658581542969,45.00661968321847,141.5917099288663,190.89208776501772,-49.300377836151426,7798.7764892578125,8133.8240348245445,7463.7289436910805,0.08592310499684996,0.04948729436530777,228.5185697807971,8133.2998046875,7334.6201171875,8133.2998046875,6177.18994140625,-0.03743492624106737,-0.051331584571366884,0.008480133206126395,0.20596062366172974
2018-10-19,7473.330078125,7670.490234375,7400.06982421875,7449.02978515625,12307600000.0,7753.53603515625,7855.21103515625,7793.511474609375,7262.8315022786455,6470.212414550781,43.747839299596116,101.77130459343152,173.06793113070052,-71.29662653726899,7793.511474609375,8146.583305964041,7440.439643254709,0.09060661102635059,0.012164864396831367,231.51155837904372,8133.2998046875,7274.0400390625,8133.2998046875,6177.18994140625,-0.006384027335292863,-0.07003838322534917,-0.013939064335256823,0.18886971205103853
2018-10-26,7486.740234375,7520.5400390625,7057.0,7167.2099609375,13772200000.0,7589.58603515625,7790.2990234375,7769.596484375,7275.0295003255205,6488.632832845052,37.157595101357956,46.93184087906138,147.8407130803727,-100.90887220131131,7769.596484375,8212.814068748155,7326.378900001844,0.1140902452951027,-0.17956072217831498,248.08502128500487,8133.2998046875,7274.0400390625,8133.2998046875,6228.72998046875,-0.037833091334972924,-0.10263604725818343,-0.06255957017254565,0.11372841391622002
2018-11-02,7272.419921875,7466.52978515625,6922.830078125,7356.990234375,13958430000.0,7451.7140625,7731.400048828125,7750.127001953125,7291.642838541667,6508.02783610026,43.34678324717127,18.57078039838416,121.98672654397498,-103.41594614559082,7750.127001953125,8228.527007706327,7271.726996199923,0.12345604288359134,0.08911291508121662,269.2003559811652,8133.2998046875,7057.0,8133.2998046875,6334.58984375,0.02647896105623171,-0.08567361038417254,-0.0502673060614377,0.1567249252226508
2018-11-09,7344.080078125,7572.93017578125,7255.8798828125,7406.89990234375,12076550000.0,7375.40400390625,7661.13603515625,7735.831005859375,7307.616666666667,6527.250667317709,44.88414383288803,0.12034150763065554,97.61344953670611,-97.49310802907546,7735.831005859375,8236.783308324082,7234.878703394668,0.12951479991878545,0.1716941893496946,272.61820862313556,8133.2998046875,6922.830078125,8133.2998046875,6343.9599609375,0.006783979097260584,-0.04898924476635769,-0.037167115363193504,0.14862900123098788
2018-11-16,7364.0498046875,7371.08984375,7072.35986328125,7247.8701171875,12223270000.0,7325.6,7595.66904296875,7722.709521484375,7321.299169921875,6544.6318359375,41.060689709324514,-27.02263867858892,72.68623189364712,-99.70887057223604,7722.709521484375,8259.09820254519,7186.320840423558,0.13891204364701193,0.05737376545886056,277.0411965116616,8133.2998046875,6922.830078125,8133.2998046875,6343.9599609375,-0.021470492007854558,-0.03321644241678079,-0.03494263802041653,0.12773617927279157
2018-11-23,7217.240234375,7224.1201171875,6830.759765625,6938.97998046875,7880470000.0,7223.5900390625,7488.563037109375,7685.239013671875,7328.682836914062,6558.9473347981775,34.850775059303615,-72.62136467466007,43.62471257998568,-116.24607725464575,7685.239013671875,8321.405262387752,7049.072764955998,0.1655553581571507,-0.08652831292879302,287.04613615815003,8133.2998046875,6922.830078125,8133.2998046875,6343.9599609375,-0.04261805630129223,-0.06847197814994388,-0.09747296155939256,0.06819931498889864
2018-11-30,7026.5,7332.7900390625,7003.1201171875,7330.5400390625,11092980000.0,7256.2560546875,7422.921044921875,7660.467016601562,7341.02216796875,6576.427750651042,45.999734031755914,-76.28370812080266,19.643028439828015,-95.92673656063067,7660.467016601562,8311.200108752739,7009.7339244503855,0.1698938434800189,0.24649592780935878,294.67213061783576,8133.2998046875,6830.759765625,8133.2998046875,6484.14013671875,0.05642905148824173,0.022788515896028816,-0.06330708008999719,0.11234288646645108
2018-12-07,7486.1298828125,7486.509765625,6945.27001953125,6969.25,10661200000.0,7178.7080078125,7315.21103515625,7617.919506835938,7347.079671223958,6590.851668294271,39.31445406092728,-107.10459333150357,-5.706495914438301,-101.39809741706526,7617.919506835938,8329.724009493306,6906.1150041785695,0.1868763517437092,0.04434855046977761,312.28410315182964,8133.2998046875,6830.759765625,8133.2998046875,6517.93017578125,-0.04928559657778031,-0.05270364945753392,-0.10881437483180645,0.055019862251137974
2018-12-14,6959.6298828125,7197.2900390625,6878.990234375,6910.66015625,11474700000.0,7079.46005859375,7227.43203125,7576.581518554687,7351.773177083333,6604.9495035807295,38.34129880047027,-134.70527904266237,-31.506252540083118,-103.19902650257924,7576.581518554687,8349.250542692505,6803.912494416869,0.2039624393258592,0.06907722355781337,312.71379611866325,8133.2998046875,6830.759765625,8133.2998046875,6517.93017578125,-0.008406908024536364,-0.06699695589739585,-0.106852125640436,0.042481254457217954
2018-12-21,6886.4599609375,6931.81005859375,6304.6298828125,6332.990234375,16093920000.0,6896.48408203125,7111.042041015625,7502.630541992187,7345.6353515625,6613.975256347656,30.361452468123375,-200.87657609935104,-65.3803172519367,-135.49625884741434,7502.630541992187,8437.168394429273,6568.092689555102,0.249122716947471,-0.12578541070701546,335.1756803802766,8133.2998046875,6830.759765625,8133.2998046875,6517.93017578125,-0.08359113439438282,-0.12622741136640492,-0.18932638023035941,-0.05495526873008083
2018-12-28,6278.490234375,6684.18017578125,6190.169921875,6584.52001953125,8885690000.0,6825.59208984375,7024.591064453125,7439.901049804687,7342.636686197917,6626.130338541667,36.55344081486814,-230.36593906749113,-98.37744161504759,-131.98849745244354,7439.901049804687,8441.680846185602,6438.121253423773,0.2692992258027983,0.07306933451661005,346.5210070607033,8133.2998046875,6304.6298828125,8133.2998046875,6304.6298828125,0.039717380865513574,-0.051082430261393474,-0.16004238563188866,-0.026597903659943856
2019-01-04,6649.52001953125,6760.68994140625,6457.1298828125,6738.85986328125,9598820000.0,6707.2560546875,6981.7560546875,7386.0275390625,7342.4353515625,6638.582755533854,40.0744394054169,-238.53287762865511,-126.4085288177691,-112.12434881088602,7386.0275390625,8416.515445913541,6355.53963221146,0.27903711471453274,0.18598967951071727,343.4523678844924,8133.2998046875,6190.169921875,8133.2998046875,6190.169921875,0.023439801730755105,-0.08071440475440328,-0.13784860722031023,-0.0017893920298279742
2019-01-11,6757.52978515625,6991.3701171875,6741.39990234375,6971.47998046875,11629710000.0,6707.70205078125,6943.205029296875,7337.3025390625,7345.580183919271,6652.463838704427,45.026281509213064,-223.65656227981071,-145.85813551017742,-77.7984267696333,7337.3025390625,8349.26568661585,6325.339391509149,0.27584064911207845,0.31925104709681945,336.9565026003322,8133.2998046875,6190.169921875,8133.2998046875,6190.169921875,0.03451920976350942,0.00031997423951635184,-0.1226406311613325,0.02781892706682254
2019-01-18,6908.02978515625,7185.3798828125,6887.47998046875,7157.22998046875,10799800000.0,6757.016015625,6918.238037109375,7289.687036132813,7350.048014322917,6667.840755208334,48.67350617585245,-194.6348729064448,-155.6134829894309,-39.02138991701389,7289.687036132813,8239.537309344096,6339.83676292153,0.26060111181815004,0.4302747709824581,334.1667454391478,8133.2998046875,6190.169921875,8133.2998046875,6190.169921875,0.026644270731666087,0.03567963387633122,-0.11743083504201324,0.03891182932879733
2019-01-25,7109.56982421875,7174.56005859375,6953.22998046875,7164.85986328125,9551410000.0,6923.38994140625,6909.93701171875,7252.80302734375,7355.335847981771,6683.444588216146,48.82369928940102,-169.07036923678334,-158.3048602389014,-10.765508997881938,7252.80302734375,8160.972849061351,6344.633205626149,0.2504327825514398,0.4515822030420616,326.10698348813725,8107.3798828125,6190.169921875,8133.2998046875,6190.169921875,0.001066038513967138,0.1313549521031825,-0.09334722407414253,0.0463330933614301
2019-02-01,7075.009765625,7303.1201171875,7011.47021484375,7263.8701171875,12470860000.0,7059.2599609375,6942.426025390625,7215.49453125,7362.399015299479,6700.525504557291,50.834263562254606,-139.21621796761156,-154.48713178464342,15.270913817031868,7215.49453125,8054.867897081705,6376.121165418295,0.23265858277528026,0.5288164885298486,323.6457634063953,8107.3798828125,6190.169921875,8133.2998046875,6190.169921875,0.013818868169866327,0.10317382218311066,-0.09315433109399696,0.06195688270051214
2019-02-08,7266.27978515625,7410.77001953125,7225.14013671875,7298.2001953125,10983610000.0,7171.12802734375,6939.192041015625,7181.05654296875,7368.426017252604,6717.532173665365,51.54509418010338,-111.50112207475559,-145.88992984266588,34.38880776791029,7181.05654296875,7944.037545781552,6418.075540155949,0.21249825795059793,0.5767670832641236,313.7874862211171,8107.3798828125,6190.169921875,8133.2998046875,6190.169921875,0.00472614151563211,0.08300222046150374,-0.08623553504632242,0.05213233511538262
2019-02-15,7327.3701171875,7477.27978515625,7290.02978515625,7472.41015625,10533600000.0,7271.3140625,6989.508056640625,7152.359545898437,7376.966853841146,6736.551424153646,55.09321512311656,-74.61925664716455,-131.63579520356564,57.01653855640109,7152.359545898437,7820.249311149768,6484.469780647107,0.18676067973521715,0.7395983791061134,304.74909434818017,8107.3798828125,6190.169921875,8133.2998046875,6190.169921875,0.02387026339033449,0.07185420845855583,-0.07132922808981779,0.07362832518988704
2019-02-22,7450.75,7527.5400390625,7430.89013671875,7527.5400390625,8900050000.0,7345.37607421875,7051.196044921875,7139.314038085938,7387.369352213542,6757.227840169271,56.18658360272079,-40.47502092657669,-113.40364034816784,72.92861942159115,7139.314038085938,7765.912645702409,6512.715430469467,0.175534681420027,0.8097884325448327,289.88486634786375,8107.3798828125,6190.169921875,8133.2998046875,6190.169921875,0.007377791322976224,0.05173929852810133,-0.033499624406281736,0.09041208594367722
2019-03-01,7585.2998046875,7603.0400390625,7485.39013671875,7595.35009765625,12303670000.0,7431.47412109375,7177.43203125,7144.237036132812,7395.015852864583,6776.8798421223955,57.55547195918936,-7.853235890985161,-92.29355945673132,84.44032356574616,7144.237036132812,7783.4166006456435,6505.057471619981,0.1789357103579028,0.8528844526398981,277.5823689189985,7799.75,6190.169921875,8133.2998046875,6190.169921875,0.009008262758067653,0.06008355258714726,0.013133440552270725,0.0642872806079775
2019-03-08,7636.6201171875,7643.66015625,7332.919921875,7408.14013671875,11728950000.0,7460.328125,7259.79404296875,7142.192553710937,7397.4671875,6794.268428548177,52.663436235726664,2.860510325828727,-73.26274550021931,76.12325582604804,7142.192553710937,7777.710485311329,6506.674622110546,0.17796157883483252,0.7092368836376425,279.9507878801415,7670.490234375,6190.169921875,8133.2998046875,6190.169921875,-0.024647969946147485,0.019861315965697734,-0.0054892582815255775,0.020256006277062033
2019-03-15,7442.56005859375,7714.9599609375,7442.39990234375,7688.52978515625,12450100000.0,7538.39404296875,7354.76103515625,7168.258544921875,7403.336352539062,6813.3485107421875,58.370606055173354,33.589138031158654,-51.892368793943724,85.48150682510237,7168.258544921875,7847.034647737967,6489.482442105783,0.18938382274086626,0.8832421604678513,281.8700047614707,7643.66015625,6190.169921875,8133.2998046875,6190.169921875,0.037848858588370504,0.05348299298427728,0.07273678698685138,0.04800049996985001
2019-03-22,7696.3798828125,7850.10986328125,7642.56982421875,7642.669921875,12231840000.0,7572.44599609375,7421.880029296875,7182.542529296875,7405.618017578125,6833.240344238281,57.15680510061007,53.62315482593294,-30.78926406996839,84.41241889590134,7182.542529296875,7888.0991674992565,6476.985891094493,0.19646431199661862,0.8260740298258964,276.5607214972585,7714.9599609375,6190.169921875,8133.2998046875,6190.169921875,-0.005964711663052791,0.02278512047181902,0.03883105433050349,0.018239288172634316
2019-03-29,7618.97998046875,7738.169921875,7579.2900390625,7729.31982421875,10720850000.0,7612.801953125,7479.089013671875,7198.663525390625,7413.757511393229,6852.280509440104,58.89603500659431,75.62047466890908,-9.507316322192894,85.12779099110197,7198.663525390625,7937.917513903061,6459.409536878189,0.20538645427862848,0.8589133823247528,268.15494730549005,7850.10986328125,6190.169921875,8133.2998046875,6190.169921875,0.01133764812945004,0.02680554126702206,0.0435296718095215,0.0674455169188155
2019-04-05,7800.240234375,7940.4501953125,7777.08984375,7938.68994140625,11172620000.0,7681.469921875,7556.472021484375,7233.204516601562,7431.494173177083,6873.126590983073,62.823194308359206,108.69495996632395,14.133138935510473,94.56182103081348,7233.204516601562,8039.906258747406,6426.502774455718,0.22305514528016238,0.9372653410466681,264.08176329036576,7850.10986328125,6190.169921875,8133.2998046875,6190.169921875,0.027087780289731134,0.04520395233077501,0.0953134939022362,0.15480416303595246
2019-04-12,7924.89013671875,7992.08984375,7891.85009765625,7984.16015625,10105020000.0,7796.67392578125,7628.501025390625,7285.463525390625,7443.905672200521,6894.138842773437,63.635774327546386,136.99658285107853,38.705827718624086,98.29075513245445,7285.463525390625,8142.969760816421,6427.95728996483,0.2354019706329717,0.9074003208340732,252.37876206203606,7940.4501953125,6190.169921875,8133.2998046875,6190.169921875,0.0057276723463639545,0.07775501123098127,0.1506244691183911,0.10286525385232514
2019-04-19,7987.16015625,8052.39990234375,7933.56982421875,7998.06005859375,8372410000.0,7858.57998046875,7698.48701171875,7318.839526367187,7454.916837565104,6915.930008951823,63.89556529266254,158.71782851355147,62.708227877609566,96.0096006359419,7318.839526367187,8230.987266286016,6406.6917864483585,0.24926021034692278,0.8723193636849913,242.83957035224776,7992.08984375,6190.169921875,8133.2998046875,6190.169921875,0.0017409348098897937,0.04025870772265061,0.09106014235980076,0.09004154196037462
2019-04-26,7969.3701171875,8151.83984375,7965.89990234375,8146.39990234375,9989640000.0,7959.3259765625,7765.885986328125,7377.697021484375,7469.725667317708,6937.807840983073,66.63506194145569,185.76052614354012,87.31868753079567,98.44183861274445,7377.697021484375,8342.41736868418,6412.9766742845695,0.26152343865313843,0.8984071047587053,238.77531114181937,8052.39990234375,6190.169921875,8133.2998046875,6190.169921875,0.01854697797506688,0.06591021012525533,0.1689062528024896,0.12242293824631911
2019-05-03,8147.64990234375,8176.080078125,7976.77001953125,8164.0,10479860000.0,8046.26201171875,7829.531982421875,7440.364013671875,7479.778833007813,6959.390173339843,66.95543223791523,206.2348921778639,111.10192846020932,95.13296371765459,7440.364013671875,8437.864153405657,6442.863873938093,0.26813208007050404,0.8627247543650735,235.956364531243,8151.83984375,6190.169921875,8151.83984375,6190.169921875,0.002160475531183481,0.056237830192928495,0.18136325841699508,0.07977848097382823
2019-05-10,7981.85009765625,8135.5400390625,7759.33984375,7916.93994140625,11562900000.0,8041.91201171875,7861.690966796875,7519.561499023437,7487.027994791667,6979.070255533854,58.468409834900704,200.2173122636268,128.92500522089284,71.29230704273397,7519.561499023437,8397.107593305209,6642.015404741665,0.23340352875516435,0.7264145695435221,248.00663536829708,8176.080078125,6190.169921875,8176.080078125,6190.169921875,-0.030262133585711615,-0.0027397467542543685,0.2501108715490652,0.05813288889805435
2019-05-17,7720.06982421875,7946.22998046875,7627.22021484375,7816.27978515625,10947140000.0,8008.3359375,7902.504931640625,7581.149487304688,7500.754825846354,6997.0327555338545,55.38788942490744,185.19113533921154,140.1782312445566,45.01290409465494,7581.149487304688,8354.235938471691,6808.063036137683,0.20394966553861157,0.6520724477169562,253.07828752949015,8176.080078125,6190.169921875,8176.080078125,6190.169921875,-0.012714528213551235,-0.02102667880006559,0.18706902886942522,0.11778188767423026
2019-05-24,7714.06005859375,7804.43994140625,7585.31982421875,7637.009765625,9971250000.0,7936.12587890625,7897.3529296875,7626.056982421875,7510.314152018229,7013.451420084635,50.30459554115773,157.00730701315388,143.54404639827607,13.463260614877811,7626.056982421875,8295.631205714919,6956.4827591288295,0.17560168376302956,0.5081789164084444,251.49840705863372,8176.080078125,6457.1298828125,8176.080078125,6190.169921875,-0.02293546603483898,-0.04514223328203304,0.1332792075463085,0.08120104969284414
2019-05-31,7655.66015625,7693.740234375,7448.22998046875,7453.14990234375,8775190000.0,7797.47587890625,7878.400927734375,7650.140478515625,7519.281486002604,7027.776586914062,45.67471100254772,118.46981929351477,138.5292009773238,-20.059381683809022,7650.140478515625,8255.363365337606,7044.917591693644,0.15822530018152392,0.3372578264461626,251.07068183346345,8176.080078125,6741.39990234375,8176.080078125,6190.169921875,-0.024074849833088163,-0.0850989404289555,0.0690914874925328,0.07780643398298781
2019-06-07,7441.2099609375,7767.02001953125,7292.22021484375,7742.10009765625,11261680000.0,7713.0958984375,7879.678955078125,7679.383984375,7529.872322591146,7043.6392537434895,52.99644501833777,109.97670552905674,132.8187018876704,-22.841996358613642,7679.383984375,8241.498896725558,7117.269072024443,0.14639583422167063,0.5557858472558521,267.05133346589463,8176.080078125,6887.47998046875,8176.080078125,6190.169921875,0.03876886941743063,-0.05167808700927856,0.08171738490778457,0.0894162796879765
2019-06-14,7798.8701171875,7909.990234375,7773.97021484375,7796.66015625,9799150000.0,7689.03994140625,7865.4759765625,7710.9739990234375,7540.714493815104,7059.900504557291,54.2502701073598,106.42163012530455,127.53928753519722,-21.117657409892672,7710.9739990234375,8222.623473219777,7199.324524827098,0.1327068342497687,0.5837352147787818,259.9683908410986,8176.080078125,6953.22998046875,8176.080078125,6190.169921875,0.007047191059989855,-0.01519271158382507,0.08818041176305824,0.09103252867011569
2019-06-21,7819.43017578125,8088.8798828125,7812.60986328125,8031.7099609375,11246410000.0,7732.1259765625,7870.23095703125,7749.365991210938,7555.912996419271,7077.908504231771,59.28865613038691,121.1739442982871,126.2662188878152,-5.0922745895281025,7749.365991210938,8235.661518037294,7263.070464384582,0.1255058871597742,0.7903008090257225,262.2720576783416,8176.080078125,7011.47021484375,8176.080078125,6190.169921875,0.03014749905433267,0.027561727791572732,0.1057067143771151,0.1280808704269496
2019-06-28,8040.580078125,8047.56005859375,7879.14990234375,8006.240234375,12514160000.0,7805.9720703125,7871.048974609375,7784.767993164062,7569.189998372396,7095.779423014323,58.536379051158995,129.31935249380513,126.8768456090132,2.442506884791925,7784.767993164062,8236.383861712382,7333.152124615743,0.11602551776620479,0.7451997999127457,255.56763614774576,8176.080078125,7225.14013671875,8176.080078125,6190.169921875,-0.003171146205026454,0.048347518214779006,0.09701570525802539,0.11049404881796532
2019-07-05,8145.85009765625,8171.97021484375,8059.2900390625,8161.7900390625,7414560000.0,7947.70009765625,7872.58798828125,7819.236987304687,7581.8385009765625,7114.61934000651,61.73007593619743,146.63588917483685,130.82865432217795,15.807234852658894,7819.236987304687,8275.438792933235,7363.0351816761395,0.11668703899606497,0.8754402629838876,249.1506607421032,8176.080078125,7290.02978515625,8176.080078125,6190.169921875,0.01942857073157045,0.09507928137818711,0.09225669742390896,0.10251553020764059
2019-07-12,8112.91015625,8245.66015625,8061.31982421875,8244.1396484375,9701880000.0,8048.1080078125,7880.601953125,7855.066967773438,7596.6684977213545,7134.747668457031,63.33996553563298,165.1011116622567,137.6831457901937,27.417965872063007,7855.066967773438,8326.316338936911,7383.817596609964,0.11998608620317125,0.9128097611074536,244.52135154847085,8176.080078125,7292.22021484375,8176.080078125,6190.169921875,0.010089650552252971,0.06484539652661314,0.0951970505180133,0.12098975891679609
2019-07-19,8263.1796875,8264.7802734375,8135.1201171875,8146.490234375,9581740000.0,8118.0740234375,7903.556982421875,7882.623974609375,7608.545833333334,7153.370585123698,60.110846042138924,169.896975319356,144.12591169602615,25.771063623329837,7882.623974609375,8354.35837960608,7410.88956961267,0.11968968874227734,0.7796767174184259,236.31698045572293,8245.66015625,7292.22021484375,8245.66015625,6190.169921875,-0.011844706449266384,0.044869222348311144,0.07256283510734018,0.09586420594402778
2019-07-26,8171.990234375,8339.6396484375,8171.5400390625,8330.2099609375,9692360000.0,8177.7740234375,7954.95,7928.727465820312,7621.477164713541,7173.8072509765625,63.84541518370108,186.37397517170575,152.57552439116208,33.798450780543675,7928.727465820312,8385.970160456132,7471.484771184493,0.11533822964830912,0.9390255982514453,233.23358285620702,8264.7802734375,7292.22021484375,8264.7802734375,6190.169921875,0.0225520096724936,0.037165186672796446,0.12446711417464607,0.1027066430495549
2019-08-02,8325.099609375,8325.2802734375,7953.669921875,8004.06982421875,11533790000.0,8177.33994140625,7991.656005859375,7944.504467773438,7627.4531656901045,7192.131583658854,54.152823332268916,171.14250859217373,156.2889212313644,14.853587360809314,7944.504467773438,8389.107139458883,7499.901796087991,0.11192709966718732,0.5669871778092406,243.46975829951367,8339.6396484375,7292.22021484375,8339.6396484375,6190.169921875,-0.0391514905684377,-0.0002710898115361182,0.04104036114572818,0.04689812315797082
2019-08-09,7823.330078125,8041.1201171875,7662.89990234375,7959.14013671875,12013700000.0,8136.8099609375,8042.255029296875,7960.327978515625,7630.999169921875,7209.20341796875,52.9600110315894,153.67454678664672,155.76604634242088,-2.0914995557741634,7960.327978515625,8382.8111422542,7537.84481477705,0.10614717506083378,0.49859421404350907,253.09479090981625,8339.6396484375,7292.22021484375,8339.6396484375,6190.169921875,-0.005613355266348541,-0.024829100157424233,0.041408332176945395,0.027465765573712497
2019-08-16,7907.490234375,8065.240234375,7716.5498046875,7895.990234375,11175680000.0,8067.180078125,8057.64404296875,7968.6614990234375,7634.385343424479,7224.606587727864,51.25125721741756,133.19994579151444,151.25282623223958,-18.052880440725147,7968.6614990234375,8378.989598207772,7558.333399839102,0.10298545100318822,0.411447370052288,259.92305082250795,8339.6396484375,7292.22021484375,8339.6396484375,6190.169921875,-0.007934261900027884,-0.04222992682183446,0.021563399360705837,0.026410394991524866
2019-08-23,8006.18017578125,8048.580078125,7730.77001953125,7751.77001953125,9413710000.0,7988.23603515625,8053.155029296875,7959.315502929688,7638.409847005209,7238.365006510417,47.48326383357537,104.13589715204762,141.8294404162012,-37.69354326415359,7959.315502929688,8380.324389213998,7538.306616645378,0.10579022433005546,0.25351412979644167,264.0578370918824,8339.6396484375,7292.22021484375,8339.6396484375,6190.169921875,-0.018264994074573604,-0.04845279420801185,-0.023545436747702153,0.032151874242495326
2019-08-30,7829.580078125,8017.91015625,7766.669921875,7962.8798828125,8642240000.0,7914.77001953125,8046.272021484375,7958.251489257813,7642.984676106771,7253.7120890299475,52.93765455635551,97.01885785692957,132.8673239043469,-35.84846604741733,7958.251489257813,8379.111375004895,7537.39160351073,0.10576692287625403,0.5054987345093144,264.2065727795158,8339.6396484375,7292.22021484375,8339.6396484375,6190.169921875,0.027233762450297183,-0.04409613681377844,-0.002665311444290386,0.03570184930949627
2019-09-06,7906.43994140625,8134.419921875,7847.31982421875,8103.06982421875,7819950000.0,7934.57001953125,8055.95498046875,7963.501977539063,7647.602840169271,7270.540169270834,56.191520879068996,101.52044509849657,126.59794814317685,-25.077503044680284,7963.501977539063,8388.8139789121,7538.189976166026,0.1068153188314947,0.6640770143202162,265.8418245564254,8339.6396484375,7292.22021484375,8339.6396484375,6190.169921875,0.017605432138797283,0.012368707691735148,0.013129404487550511,0.03540640845511134
2019-09-13,8130.91015625,8243.7998046875,8001.68017578125,8176.7099609375,11088020000.0,7978.083984375,8057.44697265625,7965.01748046875,7653.544669596354,7286.927836100261,57.840459258094846,109.76482840095196,123.23132419473187,-13.466495793779913,7965.01748046875,8393.132313396567,7536.902647540935,0.10749878050553159,0.7472379653620205,264.1473820099843,8339.6396484375,7292.22021484375,8339.6396484375,6190.169921875,0.009087930662852184,0.02733584539051037,0.003720669124655851,0.04558831701504196
2019-09-20,8121.64013671875,8237.4296875,8086.16015625,8117.669921875,10961140000.0,8022.419921875,8044.8,7962.7009765625,7659.882169596354,7302.026753743489,56.01989799759025,110.26347512693883,120.63775438117327,-10.374279254234438,7962.7009765625,8386.96809804268,7538.4338550823195,0.10656362024116509,0.6826313393927929,256.0846783842712,8339.6396484375,7292.22021484375,8339.6396484375,6190.169921875,-0.007220512815613089,0.02807496981631541,-0.005674923827168055,0.049144288902424504
2019-09-27,8106.490234375,8158.830078125,7890.27978515625,7939.6298828125,10042330000.0,8059.99189453125,8024.11396484375,7963.835473632813,7662.009171549479,7316.4576700846355,50.82467815702235,95.19496474343123,115.54919645362486,-20.35423171019363,7963.835473632813,8387.72824620663,7539.942701058996,0.10645442738672066,0.47144845066201485,256.9750794260197,8339.6396484375,7292.22021484375,8339.6396484375,6190.169921875,-0.021932406808353733,0.024234447462698316,0.0028659989306700773,0.016336400109106863
2019-10-04,7964.08984375,8062.5,7700.0,7982.47021484375,10468400000.0,8063.9099609375,7989.339990234375,7972.144995117187,7664.398510742188,7331.713590494792,51.978703452423815,85.7217712460988,109.58371141211965,-23.861940166020858,7972.144995117187,8390.622956934487,7553.667033299887,0.10498503528814664,0.5123366349827887,264.5125737527326,8339.6396484375,7292.22021484375,8339.6396484375,6190.169921875,0.0053957593318032515,0.0024602068999601823,0.021262088135983737,0.01828783548933366
2019-10-11,7956.41015625,8115.7998046875,7823.72998046875,8057.0400390625,9245040000.0,8054.70400390625,7994.63701171875,7993.146508789063,7668.410343424479,7346.645174153646,54.00218966728932,83.27145723292051,104.32126057627983,-21.049803343359315,7993.146508789063,8383.451337747993,7602.841679830134,0.09765987112328288,0.5818508067705205,266.48094878601955,8339.6396484375,7292.22021484375,8339.6396484375,6190.169921875,0.009341697771710233,-0.005680536655216062,0.054999310767952725,0.030795777370144384
2019-10-18,8044.35009765625,8183.64013671875,8036.41015625,8089.5400390625,9049410000.0,8037.27001953125,8007.677001953125,8024.966015625,7670.803011067708,7362.887841796875,54.89426807566783,82.99532565868685,100.05607359276124,-17.060747934074385,8024.966015625,8327.99573527103,7721.93629597897,0.07552174527742958,0.6065473437934229,257.96302247764316,8339.6396484375,7292.22021484375,8339.6396484375,6190.169921875,0.004033739418251914,-0.010660757479650895,0.08538539343192708,0.01806700481836354
2019-10-25,8137.419921875,8249.9697265625,8078.35009765625,8243.1201171875,9234890000.0,8062.36005859375,8042.389990234375,8050.017016601562,7673.029345703125,7380.304842122396,58.94614309154542,94.08456982378993,98.86177283896698,-4.777203015177051,8050.017016601562,8337.823231414735,7762.210801788388,0.07150449849227158,0.8354741674207575,251.79563722254366,8339.6396484375,7292.22021484375,8339.6396484375,6190.169921875,0.018985019838383632,0.015453966041960365,0.06471370987349068,0.0164719672733058
2019-11-01,8285.76953125,8386.75,8241.7001953125,8386.400390625,10086190000.0,8151.71416015625,8105.85302734375,8079.5040283203125,7681.093684895834,7397.58759358724,62.34464309957322,113.13030065671865,101.71547840251733,11.414822254201312,8079.5040283203125,8378.07947434881,7780.9285822918155,0.07390935012395045,1.0139343612927172,244.17093489861196,8339.6396484375,7662.89990234375,8339.6396484375,6190.169921875,0.01738180099289721,0.05627094894935314,0.07564011032368123,0.06122845935240617
2019-11-08,8445.5,8483.16015625,8379.330078125,8475.3095703125,11222640000.0,8250.28203125,8157.09599609375,8101.684008789062,7688.848177083333,7414.983923339843,64.31852426857023,133.85540552190105,108.14346382639408,25.711941695506965,8101.684008789062,8445.275396451334,7758.0926211267915,0.08481974544786694,1.0437062379029822,234.14658798621113,8386.75,7662.89990234375,8386.75,6190.169921875,0.010601590139541761,0.06174020600193342,0.05523102944858094,0.058085793451845946
2019-11-15,8431.259765625,8540.830078125,8425.48046875,8540.830078125,10214070000.0,8347.0400390625,8200.872021484374,8128.413500976562,7698.079345703125,7433.035172526042,65.74364204857945,153.7943127429471,117.27363360970469,36.520679133242425,8128.413500976562,8518.214898989752,7738.612102963373,0.09591081899717777,1.0290085916193692,225.66108951398178,8483.16015625,7662.89990234375,8483.16015625,6190.169921875,0.007730750985427859,0.060045629253046684,0.06677164662817936,0.06934680027148743
2019-11-22,8529.16015625,8589.759765625,8468.6298828125,8519.8798828125,10715520000.0,8433.1080078125,8235.189013671876,8146.3179931640625,7705.971508789063,7451.104504394531,64.85172394157297,165.99208130723764,127.01732314921128,38.97475815802636,8146.3179931640625,8571.863799739207,7720.772186588918,0.10447561878439779,0.9389208915661967,218.19457474959023,8540.830078125,7662.89990234375,8540.830078125,6190.169921875,-0.0024529460393033498,0.053197071980852995,0.04387393476629198,0.05885025873957184
2019-11-29,8559.650390625,8705.91015625,8559.650390625,8665.4697265625,7549730000.0,8517.5779296875,8289.968994140625,8167.384497070312,7720.5885009765625,7471.1787516276045,68.09143434771079,185.27109456920698,138.66807743321044,46.60301713599654,8167.384497070312,8648.325171536919,7686.4438226037055,0.11777103787366025,1.0178239811434078,215.8971246558695,8589.759765625,7662.89990234375,8589.759765625,6190.169921875,0.01708825074443876,0.05123661955311931,0.051106615861953975,0.11260514085046558
2019-12-06,8672.83984375,8672.83984375,8435.400390625,8656.5302734375,10908330000.0,8571.60390625,8361.659033203125,8192.886499023438,7739.915836588541,7491.512089029948,67.678937863437,197.55126431639837,150.44471480984805,47.10654950655032,8192.886499023438,8718.6886747576,7667.084323289275,0.1283557817618581,0.9408918370931892,217.43586240366454,8705.91015625,7662.89990234375,8705.91015625,6190.169921875,-0.0010316178357414607,0.03221046816635109,0.06260856201733733,0.1546828238870661
2019-12-13,8650.8603515625,8768.8701171875,8600.8203125,8734.8798828125,10780740000.0,8623.51796875,8436.9,8213.119995117188,7761.346671549479,7512.089086914062,69.42707434605616,211.17129476002265,162.59003079988298,48.581263960139665,8213.119995117188,8787.411009782998,7638.828980451377,0.13984722371211777,0.95426436629775,213.90828685250995,8705.91015625,7662.89990234375,8705.91015625,6190.169921875,0.009050925359253448,0.030626646772789146,0.04857859811128429,0.1726198088533053
2019-12-20,8791.3095703125,8931.91015625,8789.76953125,8924.9599609375,13769920000.0,8700.3439453125,8523.6919921875,8259.164501953124,7790.642504882812,7532.836002604166,73.21243603918984,234.59883145648018,176.99179093120244,57.60704052527774,8259.164501953124,8902.540454009233,7615.788549897015,0.15579686102727788,1.0174233330112963,212.70271446572352,8768.8701171875,7662.89990234375,8768.8701171875,6190.169921875,0.021761040870065917,0.04497570836777842,0.11505273653814418,0.24524884991231355
2019-12-27,8950.2001953125,9052.0,8934.3603515625,9006.6201171875,6516900000.0,8797.6919921875,8615.4,8311.538500976563,7818.136336263021,7554.889587402344,74.6637804492557,256.7944486664528,192.95232247825254,63.84212618820027,8311.538500976563,9016.30479414863,7606.772207804497,0.16958744595582625,0.99312915710147,206.58395193692184,8931.91015625,7662.89990234375,8931.91015625,6190.169921875,0.00914963838576388,0.05712994092286694,0.131607178976068,0.22422618900657554
2020-01-03,9004.4501953125,9093.4296875,8909.1904296875,9020.76953125,9687370000.0,8868.751953125,8693.16494140625,8367.777465820312,7845.034163411458,7576.325415039062,74.91736532557572,272.3864729736506,208.83915257733216,63.54732039631844,8367.777465820312,9109.471406614046,7626.083525026579,0.177273820634766,0.9402031818750465,204.98790235660599,9052.0,7700.0,9052.0,6190.169921875,0.0015710015386902754,0.04100179400527937,0.1424494285692377,0.21788732805685362
2020-01-10,8943.5,9235.2001953125,8943.5,9178.8603515625,12588670000.0,8973.21796875,8772.4109375,8439.131982421875,7877.217333984375,7599.258251953125,77.61338383046933,294.1095606127801,225.89323418442177,68.21632642835834,8439.131982421875,9204.26078751578,7674.003177327972,0.18132879227096196,0.9834012026575305,211.18163756774126,9093.4296875,7700.0,9093.4296875,6190.169921875,0.017525203339342266,0.06033942718686802,0.1840986417857564,0.26642174916957684
2020-01-17,9213.7197265625,9393.48046875,9193.0595703125,9388.9404296875,12387850000.0,9104.030078125,8863.7740234375,8510.435009765624,7918.0500081380205,7623.366422526042,80.59782507023715,324.53592256665434,245.6217718608683,78.91415070578603,8510.435009765624,9347.184438432205,7673.685581099044,0.1966408127684238,1.0249513114827198,211.4272432548669,9235.2001953125,7700.0,9235.2001953125,6190.169921875,0.022887381448094324,0.0748791689925794,0.17908854181677203,0.3530721310790188
2020-01-24,9361.0703125,9451.4296875,9273.23046875,9314.91015625,10230010000.0,9182.0201171875,8941.18203125,8571.027026367188,7951.1228434244795,7646.072505696615,76.71656371819225,338.77027638659456,264.25147276601353,74.51880362058102,8571.027026367188,9455.17113784085,7686.882914893526,0.2063099576640596,0.920679796556543,209.0538129330907,9393.48046875,7700.0,9393.48046875,6190.169921875,-0.007884837910294817,0.04369209464459467,0.1495532382565996,0.27069903535255513
2020-01-31,9092.4599609375,9329.1201171875,9088.0400390625,9150.9404296875,12039010000.0,9210.8841796875,9004.2880859375,8619.738549804688,7987.484350585937,7667.282010904948,68.8124106837634,332.9817118600622,277.9975205848233,54.98419127523891,8619.738549804688,9518.839367979956,7720.63773162942,0.2086144058732826,0.7954072942347503,211.34140330394138,9451.4296875,7700.0,9451.4296875,6190.169921875,-0.01760293162382054,0.016023803671322945,0.11914700086027019,0.3130452243336801
2020-02-07,9190.7197265625,9575.66015625,9188.5498046875,9520.509765625,11902480000.0,9310.8322265625,9089.79208984375,8689.880541992188,8030.981844075521,7691.3775105794275,75.0515732668589,354.1331628971366,293.22464904728594,60.908513849850635,8689.880541992188,9638.862027686797,7740.89905629758,0.21841070912513397,0.9376424809936261,226.58271210812416,9451.4296875,7700.0,9451.4296875,6190.169921875,0.040385940524598096,0.05539884736482681,0.17281311721849058,0.3776556147120984
2020-02-14,9493.6298828125,9748.3203125,9493.6298828125,9731.1796875,11485690000.0,9421.29609375,9197.25703125,8779.458032226563,8087.618334960937,7716.626843261719,77.78037794893244,383.47468482336626,311.274656202502,72.20002862086426,8779.458032226563,9765.741421994197,7793.174642458929,0.22467978915037923,0.9824788012995235,228.59040622093673,9575.66015625,7700.0,9575.66015625,6190.169921875,0.02212800859000752,0.060172975160634135,0.22564651389680002,0.5365852981550296
2020-02-21,9679.0400390625,9838.3701171875,9542.330078125,9576.58984375,10246170000.0,9458.8259765625,9281.42802734375,8859.164013671874,8137.486165364583,7740.06142578125,71.5922615165255,389.76102147698293,326.9719292573982,62.789092219584745,8859.164013671874,9832.502937067055,7885.825090276693,0.21973606581683752,0.868538549540183,233.40823713819125,9748.3203125,7700.0,9748.3203125,6190.169921875,-0.01588603321636073,0.01998621840960446,0.19970254645509544,0.4544097087325363
2020-02-28,9188.4404296875,9322.8798828125,8264.16015625,8567.3701171875,20251980000.0,9309.31796875,9245.66904296875,8884.680517578125,8167.961336263021,7755.198343912761,45.91182355373115,309.7369364344959,323.52493069281775,-13.787994258321874,8884.680517578125,9797.441413643559,7971.919621512689,0.2054684789755939,0.32618098465960327,310.4811978783205,9838.3701171875,7823.72998046875,9838.3701171875,6457.1298828125,-0.10538403993788559,-0.08025198595833205,0.06333964776776524,0.2713382220439766
2020-03-06,8667.1396484375,9070.3203125,8375.1298828125,8575.6201171875,20277070000.0,9194.25390625,9202.56904296875,8908.984521484375,8194.697005208332,7770.138594563802,46.082087351613,244.16835770964826,307.6536160961839,-63.485258386535634,8908.984521484375,9759.52770384832,8058.441339120431,0.19094054553868076,0.3040285248243693,337.9604287218333,9838.3701171875,8036.41015625,9838.3701171875,6741.39990234375,0.0009629559464752191,-0.06287007514916665,0.060087480348429256,0.23010037197451583
2020-03-13,7957.93017578125,8347.400390625,7194.669921875,7874.8798828125,23104400000.0,8865.1279296875,9087.980078125,8890.572509765625,8206.657836914062,7778.352925618489,35.77957869454808,134.11491285873126,272.9458754486934,-138.83096258996216,8890.572509765625,9811.043637029416,7970.101382501834,0.20706678366386919,-0.05172432728682737,412.45969776402376,9838.3701171875,8078.35009765625,9838.3701171875,6887.47998046875,-0.08171306853606497,-0.1728510261870907,-0.044672433391719335,0.10026922486801926
2020-03-20,7392.72998046875,7422.2001953125,6686.35986328125,6879.52001953125,24512120000.0,8294.79599609375,8858.046044921875,8815.228491210937,8201.902172851562,7778.619010416666,26.66150246566633,-33.03959756096083,211.7487808467626,-244.78837840772343,8815.228491210937,10073.238320326047,7557.218662095826,0.28541740701772755,-0.2693534767694433,467.89257789025424,9838.3701171875,7194.669921875,9838.3701171875,6953.22998046875,-0.12639683120166645,-0.2930435732917145,-0.1796814247955849,-0.03982490225835689
2020-03-27,6847.27978515625,7809.830078125,6631.419921875,7502.3798828125,21476910000.0,7879.95400390625,8669.389990234375,8766.582006835937,8205.87733561198,7784.138175455729,37.41042438606787,-113.93776224271824,146.61147222886643,-260.54923447158467,8766.582006835937,10143.073244563166,7390.090769108709,0.3140314518597736,0.04078816872426872,518.643833487379,9838.3701171875,6686.35986328125,9838.3701171875,6686.35986328125,0.09053827323896502,-0.21659170903003622,-0.11479576992774387,0.03283508126895707
2020-04-03,7583.4599609375,7880.31005859375,7288.10986328125,7373.080078125,18566200000.0,7641.09599609375,8475.206982421874,8708.194506835938,8207.125333658854,7787.7756754557295,36.22351994306378,-186.33559349560346,80.02205908397247,-266.3576525795759,8708.194506835938,10211.280820164524,7205.108193507353,0.34521192932671907,0.05587566167297259,523.8978593320305,9838.3701171875,6631.419921875,9838.3701171875,6631.419921875,-0.01723450514465652,-0.13939984180986476,-0.13672558630932985,0.010260047793782645
2020-04-10,7660.169921875,8227.91015625,7617.7900390625,8153.580078125,15567990000.0,7556.68798828125,8375.470947265625,8689.879516601562,8218.478165690105,7797.722509765625,47.12807532907934,-178.6719502493379,28.2832572173104,-206.9552074666483,8689.879516601562,10210.522033181063,7169.237000022063,0.3499801150693498,0.323660251298608,547.5358749600998,9838.3701171875,6631.419921875,9838.3701171875,6631.419921875,0.10585806633453565,-0.04921393826863152,-0.042993540956657306,0.09115799422563309
2020-04-17,8127.68994140625,8670.2998046875,8035.9501953125,8650.1396484375,18706100000.0,7711.73994140625,8288.433935546875,8689.113012695312,8237.188159179688,7812.278755696615,52.67235859480316,-131.01993411694275,-3.5773810495402287,-127.44255306740251,8689.113012695312,10209.819426494725,7168.406598895899,0.3500256957361632,0.4871857697501127,553.7368559897355,9838.3701171875,6631.419921875,9838.3701171875,6631.419921875,0.06090080253761232,0.09844718613639558,-0.001769099495900206,0.14913233321237995
2020-04-24,8553.3798828125,8684.91015625,8215.6904296875,8634.51953125,18112980000.0,8062.73984375,8178.767919921875,8688.012475585938,8254.507649739584,7824.761751302083,52.48590934880512,-93.43867801544184,-21.549640442720552,-71.88903757272129,8688.012475585938,10208.843470439315,7167.181480732562,0.35009871340011134,0.4824132515325624,547.6999181735046,9838.3701171875,6631.419921875,9838.3701171875,6631.419921875,-0.0018057647416502842,0.2551049356257751,-0.0025426748930850174,0.13681652856455084
2020-05-01,8717.98046875,8957.26953125,8566.83984375,8604.9501953125,19909430000.0,8283.25390625,8081.603955078125,8681.515991210938,8274.45448404948,7835.960835774739,52.10986438618971,-65.28865313303686,-30.297442980783817,-34.991210152253046,8681.515991210938,10202.600688188259,7160.431294233616,0.3504191430430466,0.47483184333831374,536.4663302682543,9838.3701171875,6631.419921875,9838.3701171875,6631.419921875,-0.003424549082375994,0.14696274111977758,-0.014874811015508138,0.1615533772993456
2020-05-08,8555.3203125,9125.98046875,8537.830078125,9121.3203125,18634290000.0,8632.901953125,8136.998974609375,8691.334008789063,8298.334326171875,7850.835339355469,57.796434588186635,-1.297841918098129,-24.497522768246682,23.199680850148553,8691.334008789063,10221.087471418774,7161.580546159352,0.3520181047196567,0.6405410460623414,540.1580488651648,9838.3701171875,6631.419921875,9838.3701171875,6631.419921875,0.060008495745714985,0.23711125009503276,0.022001258540309987,0.18635429235247902
2020-05-15,9054.91015625,9250.9599609375,8705.25,9014.5595703125,20741830000.0,8805.0978515625,8180.892919921875,8691.730981445313,8321.199153645834,7863.408585611979,56.30773334935061,40.335672812758276,-11.53088365204569,51.86655646480396,8691.730981445313,10221.815591123175,7161.646371767451,0.352078225371727,0.605493704996861,540.5546140131887,9838.3701171875,6631.419921875,9838.3701171875,6631.419921875,-0.011704527253712738,0.1055952702908256,0.0008815130450376962,0.17950397733530932
2020-05-22,9177.150390625,9405.25,9154.349609375,9324.58984375,20264210000.0,8939.987890625,8325.863916015625,8706.921997070312,8347.786987304688,7880.772249348958,59.56491559036725,97.22661730274194,10.22061653891184,87.0060007638301,8706.921997070312,10255.690746567208,7158.153247573417,0.3557557423893363,0.699406091735881,529.8500294184967,9838.3701171875,6631.419921875,9838.3701171875,6631.419921875,0.03439217091187885,0.07796986207434564,0.0336800880953112,0.20639203135736373
2020-05-29,9501.2099609375,9523.6396484375,9144.2802734375,9489.8701171875,17794010000.0,9111.0580078125,8586.89892578125,8722.472485351562,8373.639990234375,7902.567081705729,61.22448954073843,153.87605012833774,38.95170325679702,114.92434687154072,8722.472485351562,10295.931654934899,7149.013315768225,0.360782833588937,0.7438568622149727,519.1006969600326,9838.3701171875,6631.419921875,9838.3701171875,6631.419921875,0.017725205741706995,0.09906174661390477,0.03388326586448809,0.1953949816947349
2020-06-05,9471.419921875,9845.6904296875,9462.3203125,9814.080078125,25265930000.0,9352.883984375,8818.0689453125,8743.729467773437,8404.138655598957,7924.02216389974,64.3181695763823,222.36883854080588,75.6351303135988,146.7337082272071,8743.729467773437,10363.436800686948,7124.022134859926,0.37048431996511993,0.8304148189618393,509.4056555477089,9838.3701171875,6631.419921875,9838.3701171875,6631.419921875,0.03416379327998498,0.14051561663554635,0.04528089741556185,0.22919378946106672
2020-06-12,9823.4404296875,10086.8896484375,9413.6201171875,9588.8095703125,26377480000.0,9446.3818359375,9039.64189453125,8757.424438476562,8430.651147460938,7942.783992513021,60.69464733968261,255.52686486705898,111.61347722429083,143.91338764276816,8757.424438476562,10400.678598844743,7114.170278108382,0.3752825209997564,0.7529691242800995,521.1102180978726,9845.6904296875,6631.419921875,9845.6904296875,6631.419921875,-0.02295380779647549,0.051252367178888036,0.029404407500239982,0.19889191879842438
2020-06-19,9426.900390625,10053.91015625,9403.0,9946.1201171875,23854180000.0,9632.6939453125,9218.8958984375,8797.183422851562,8460.646484375,7965.1860758463545,64.14507012339426,307.0967939062375,150.71014056068017,156.38665334555733,8797.183422851562,10513.455442218732,7080.911403484391,0.3901867079203971,0.8347187046606919,530.381642251596,10086.8896484375,6631.419921875,10086.8896484375,6631.419921875,0.037263285317632455,0.10333955193361777,0.08689595278319984,0.22092215413166305
2020-06-26,9945.490234375,10221.849609375,9749.0703125,9757.2197265625,27940280000.0,9719.219921875,9329.60390625,8809.018920898438,8487.200146484374,7983.489489746094,61.09173295764935,328.93192887105033,186.35449822275422,142.57743064829612,8809.018920898438,10548.192020295155,7069.845821501719,0.39486192844261453,0.7726010441378646,526.2671890104106,10086.8896484375,6631.419921875,10086.8896484375,6631.419921875,-0.018992369728027758,0.04639666624076555,0.024863160352208258,0.19515185283715097
2020-07-03,9771.7197265625,10310.3603515625,9663.6103515625,10207.6298828125,17509830000.0,9862.771875,9486.91494140625,8832.841430664062,8525.37831217448,8006.203153483073,65.32945224530962,378.2208712495103,224.72777282810546,153.49309842140485,8832.841430664062,10633.841000470911,7031.841860857215,0.40779619648882276,0.8816737314090194,534.8731040810956,10221.849609375,6631.419921875,10221.849609375,6631.419921875,0.0461617314022178,0.07563430866403897,0.04896119593028536,0.28934032067437476
2020-07-10,10360.3798828125,10622.349609375,10337.98046875,10617.4404296875,20488290000.0,10023.4439453125,9688.16396484375,8884.883959960938,8572.064322916667,8036.4095743815105,68.6727301973891,445.21879427394924,268.82597711727425,176.392817156675,8884.883959960938,10823.72178920079,6946.046130721086,0.43643514940140554,0.9468028330161667,526.2907199726245,10310.3603515625,6631.419921875,10310.3603515625,6631.419921875,0.04014747317249756,0.08185793728677049,0.10868697552258588,0.35837517611010816
2020-07-17,10729.919921875,10824.7802734375,10182.4599609375,10503.1904296875,22599960000.0,10206.3201171875,9826.3509765625,8981.674975585938,8619.834000651043,8065.074076334636,66.74049942498624,483.52236593954876,311.76525488172916,171.7571110578196,8981.674975585938,11037.213416771077,6926.136534400799,0.45771828679450555,0.8701014351315947,534.5785480102942,10622.349609375,6631.419921875,10622.349609375,6631.419921875,-0.010760597222711499,0.09535916347801665,0.2259526886338712,0.3753014271323165
2020-07-24,10526.01953125,10839.9296875,10217.3095703125,10363.1796875,22529270000.0,10289.73203125,9961.21298828125,9071.052954101562,8668.334497070313,8093.807991536459,64.35093165587912,496.8531122729728,348.7828263599779,148.0702859129949,9071.052954101562,11202.254384097803,6939.851524105322,0.4698906380063844,0.8031451450838968,540.8672315229518,10824.7802734375,6631.419921875,10824.7802734375,6631.419921875,-0.01333030597938667,0.04193188553914573,0.20844668325848792,0.390442943357566
2020-07-31,10421.7001953125,10747.7998046875,10397.8701171875,10745.26953125,20773410000.0,10487.3419921875,10103.28095703125,9214.572436523438,8718.387320963542,8124.129821777344,67.74496593320941,532.115386966987,385.44933848137975,146.66604848560723,9214.572436523438,11390.36249855234,7038.782374494536,0.47224981452309356,0.8517566150888662,529.7067233561338,10839.9296875,6631.419921875,10839.9296875,6631.419921875,0.03686994293950874,0.10126345745783394,0.3644994833130515,0.387901137380398
2020-08-07,10848.6396484375,11126.0400390625,10831.150390625,11010.98046875,20765080000.0,10648.012109375,10255.3919921875,9421.145458984374,8771.959326171875,8156.33690999349,69.89172144271312,574.8748463487154,423.33444005484694,151.5404062938685,9421.145458984374,11450.50376771611,7391.787150252638,0.43080925086374944,0.8917087985214414,519.0684222458743,10839.9296875,6631.419921875,10839.9296875,6631.419921875,0.024728177988206257,0.07870099084315085,0.6005448690445494,0.4122688751443553
2020-08-14,11033.73046875,11124.849609375,10762.7099609375,11019.2998046875,19120150000.0,10728.383984375,10375.91396484375,9596.991455078125,8821.752490234376,8188.832743326823,69.9591371967457,602.4882177186009,459.16519558759774,143.3230221310032,9596.991455078125,11538.407197037383,7655.575713118867,0.4045884069078717,0.8663069992865092,507.85922411670475,11126.0400390625,6631.419921875,11126.0400390625,6631.419921875,0.000755549059514804,0.03784898796101155,0.4687739059884253,0.3719743190777862
2020-08-21,11083.25,11326.2099609375,11080.2998046875,11311.7998046875,18084360000.0,10890.105859375,10548.21298828125,9793.92744140625,8876.845149739584,8223.01757405599,72.30697335473052,640.5899962252806,495.4501557151343,145.1398405101463,9793.92744140625,11586.388633441593,8001.466249370907,0.36603521983576687,0.9234045261414289,493.50571926908304,11126.0400390625,7288.10986328125,11126.0400390625,6631.419921875,0.0265443363175919,0.07698702412501701,0.534202759881611,0.41287289333637456
2020-08-28,11449.25,11730.009765625,11297.5302734375,11695.6298828125,17414490000.0,11156.5958984375,10723.16396484375,9971.029931640625,8935.74248046875,8258.790490722657,75.06136607821135,693.7605697065792,535.1122385134233,158.64833119315585,9971.029931640625,11780.063512713465,8161.996350567786,0.36285791808373047,0.9766633326256742,489.14670304897,11326.2099609375,7617.7900390625,11326.2099609375,6631.419921875,0.03393183089802787,0.1285754213950081,0.4344165103854638,0.4329736279464391
2020-09-04,11718.8095703125,12074.0595703125,10875.8701171875,11313.1298828125,19854920000.0,11270.16796875,10878.75498046875,10104.179443359375,8986.892317708332,8291.780407714843,67.82196066890768,696.9995025513945,567.4896913210176,129.50981123037684,10104.179443359375,11896.659165783163,8311.699720935587,0.354799661362276,0.8372284841856912,539.7926137686864,11730.009765625,8035.9501953125,11730.009765625,6631.419921875,-0.032704523299092125,0.052847473942930545,0.3078551725874188,0.3722632518672413
2020-09-11,10900.7001953125,11299.5302734375,10728.0302734375,10853.5498046875,14926340000.0,11238.6818359375,10943.34697265625,10215.13095703125,9032.009977213542,8320.277905273437,60.297117951255174,654.9324550716756,584.9782440711492,69.95421100052636,10215.13095703125,11901.56913792946,8528.692776133039,0.3301843486866718,0.6892802401201042,543.0288277405659,12074.0595703125,8215.6904296875,12074.0595703125,6631.419921875,-0.0406236013274468,-0.014297606331180046,0.2569952231165149,0.3322976511884552
2020-09-18,11010.1396484375,11245.419921875,10639.9501953125,10793.2802734375,20700940000.0,11193.4779296875,10960.93095703125,10324.5474609375,9073.061149088542,8347.269156901042,59.36688303594044,609.7024985126754,589.9230949594545,19.77940355322096,10324.5474609375,11855.72372839117,8793.371193483828,0.29660888736224295,0.6530629825132732,547.4888919421327,12074.0595703125,8537.830078125,12074.0595703125,6631.419921875,-0.005552978733646241,-0.020511242570408483,0.2543106036008298,0.2956792594724469
2020-09-25,10610.1396484375,10979.650390625,10519.490234375,10913.5595703125,19385360000.0,11113.8298828125,11001.96787109375,10414.159423828125,9121.55264485677,8374.502905273437,60.670913366091426,576.9126759050505,587.3210111485737,-10.408335243523197,10414.159423828125,11860.608691964264,8967.710155691986,0.2777851210586597,0.6726296792724332,541.2511251069803,12074.0595703125,8537.830078125,12074.0595703125,6631.419921875,0.011143905636455065,-0.035205735714132214,0.19648901654691242,0.3635012949649943
2020-10-02,11084.3798828125,11344.1298828125,11019.1396484375,11075.01953125,18978820000.0,10989.7078125,11073.15185546875,10517.182421875,9173.483968098959,8402.241569010417,62.41466499268685,557.5281374022961,581.3624363993182,-23.834298997022074,10517.182421875,11838.292485082995,9196.072358667006,0.2512288957658808,0.7111243888417698,533.3453527779103,12074.0595703125,8705.25,12074.0595703125,6631.419921875,0.014794436214625062,-0.05306343974466288,0.22857023073242289,0.3914844243232296
2020-10-09,11169.1103515625,11581.23046875,11124.4501953125,11579.9404296875,18937450000.0,11043.069921875,11156.6189453125,10629.949951171875,9234.883138020834,8434.634240722657,67.29772359817845,576.2658140928488,580.3431119380243,-4.077297845175508,10629.949951171875,11908.973501232109,9350.926401111641,0.24064526285360935,0.8713733333803301,531.4071802580596,12074.0595703125,9144.2802734375,12074.0595703125,6631.419921875,0.04559097137596746,0.023584149535872623,0.2418712912556895,0.46655961899174003
2020-10-16,11732.330078125,11965.5400390625,11559.099609375,11671.5595703125,17421820000.0,11206.671875,11222.67685546875,10739.034423828125,9300.212963867187,8469.311405436198,68.10739910187758,591.6878476285492,582.6120590761293,9.075788552419908,10739.034423828125,11982.150374604878,9495.918473051372,0.2315135424128051,0.8750756902048005,522.480983788734,12074.0595703125,9144.2802734375,12074.0595703125,6631.419921875,0.007911883587079283,0.07536794692476678,0.22989666098523842,0.505663808511476
2020-10-23,11732.33984375,11778.1103515625,11369.2900390625,11548.2802734375,17034370000.0,11357.671875,11275.57490234375,10825.74443359375,9359.96963704427,8501.47715657552,65.74850987008881,587.1935100767059,583.5283492762446,3.665160800461308,10825.74443359375,12040.293907512512,9611.19495967499,0.22438170074472663,0.7974501473013186,514.3623644109673,12074.0595703125,9403.0,12074.0595703125,6631.419921875,-0.010562367105469761,0.06995093065989133,0.1767053235257301,0.45026428169083865
2020-10-30,11440.6396484375,11545.6298828125,10822.5703125,10911.58984375,17156350000.0,11357.2779296875,11235.55390625,10891.883447265625,9406.778304036457,8527.190572102865,55.12875907729414,526.1905217624208,572.0607837734799,-45.87026201105914,10891.883447265625,11965.71083738344,9818.05605714781,0.19717937587505044,0.5091757747407675,529.4586213057196,12074.0595703125,9403.0,12074.0595703125,6631.419921875,-0.05513292149238602,-0.00018048433692141597,0.13795041644511352,0.34659950863770694
2020-11-06,11010.4501953125,11924.2802734375,10830.9501953125,11895.23046875,18077720000.0,11521.3201171875,11255.51396484375,10989.33896484375,9468.753645833332,8561.149157714844,64.63303476451611,550.8667429206034,567.8219756029047,-16.955232682301244,10989.33896484375,12055.90464305666,9922.77328663084,0.1941091600914277,0.9246768494482787,569.7351539356682,12074.0595703125,9403.0,12074.0595703125,6631.419921875,0.09014640754329806,0.07405954772229872,0.19596690253059768,0.45476976994132645
2020-11-13,12046.66015625,12108.0703125,11424.6103515625,11829.2900390625,21996040000.0,11571.1900390625,11307.12998046875,11092.94248046875,9530.613981119792,8595.248075358073,63.65958234444865,558.6620757284891,565.9899956280216,-7.327919899532503,11092.94248046875,12058.399672730533,10127.485288206966,0.1740669247968527,0.8813465602077621,577.8583544357991,12074.0595703125,9663.6103515625,12074.0595703125,6631.419921875,-0.005543434392526692,0.021532892236279855,0.21236278064530145,0.45722727739713265
2020-11-20,11847.1103515625,11950.1796875,11760.98046875,11854.9697265625,23785180000.0,11607.8720703125,11407.27197265625,11175.30947265625,9595.869645182293,8628.939408365886,63.8876890787325,560.4515329058522,564.8823030835878,-4.430770177735553,11175.30947265625,12105.01465717767,10245.604288134831,0.1663855818572581,0.8655246121146005,550.0969876010993,12108.0703125,9663.6103515625,12108.0703125,6631.419921875,0.0021708561896107703,0.01571428009642495,0.1613831871513851,0.4931388366384464
2020-11-27,11916.759765625,12236.23046875,11796.5302734375,12205.849609375,19663300000.0,11739.3859375,11548.52890625,11254.729931640624,9666.259301757813,8665.32890625,66.94113060479195,583.4570352161136,568.597249510093,14.859785706020602,11254.729931640624,12249.355647054179,10260.10421622707,0.1767480377503054,0.9781294425606674,542.2115024376279,12108.0703125,10182.4599609375,12108.0703125,6631.419921875,0.029597703824271404,0.056940888198738326,0.14960377599540253,0.529081760515397
2020-12-04,12224.25,12464.23046875,12027.16015625,12464.23046875,29764650000.0,12049.9140625,11703.59599609375,11352.78193359375,9739.712475585937,8704.061409505208,69.01854299314375,615.4437846661349,577.9665565413013,37.47722812483357,11352.78193359375,12416.00322696039,10289.560640227108,0.18730586028795082,1.0226797761155157,534.7014174420831,12236.23046875,10182.4599609375,12236.23046875,6631.419921875,0.02116860912136298,0.14229279575508702,0.18670898639708344,0.5469987003068575
2020-12-11,12461.0,12607.1396484375,12214.740234375,12377.8701171875,23561010000.0,12146.4419921875,11833.8810546875,11453.516455078125,9811.184643554687,8740.993827311198,67.49194251184491,626.6018790146863,587.6936210359784,38.90825797870798,11453.516455078125,12504.301104341439,10402.73180581481,0.1834868188096818,0.9398397248938793,524.5369886292557,12464.23046875,10217.3095703125,12464.23046875,6631.419921875,-0.006928654904048814,0.04057421583427434,0.19440852040012446,0.530108023128343
2020-12-18,12447.4404296875,12809.599609375,12432.7099609375,12755.6396484375,25663910000.0,12331.7119140625,11951.4509765625,11554.0349609375,9886.393302408855,8779.71132405599,70.55955941471035,658.3386747548357,601.8226317797498,56.51604297508584,11554.0349609375,12695.312630990276,10412.757290884725,0.19755482373236158,1.0264295968589459,517.9078817405589,12607.1396484375,10397.8701171875,12607.1396484375,6631.419921875,0.030519752402753175,0.07830982301693701,0.18709350299132366,0.5474285788752575
2020-12-25,12596.1396484375,12841.919921875,12525.2197265625,12804.73046875,21410920000.0,12521.6640625,12064.76806640625,11643.7224609375,9960.03213704427,8820.562910970051,70.94327968481267,679.6173274564644,617.3815709150928,62.23575654137164,11643.7224609375,12878.309656680089,10409.135265194913,0.21206056738030227,0.9702008946051673,503.5359041385547,12809.599609375,10519.490234375,12809.599609375,6631.419921875,0.003848558101789301,0.08011498671813944,0.16290556550261792,0.5268446380242193
2021-01-01,12914.6396484375,12973.330078125,12821.23046875,12888.2802734375,19994910000.0,12658.1501953125,12198.76806640625,11737.171484375,10033.58164876302,8861.214912923177,71.62122385701122,695.208651429035,632.9469870178813,62.261664411153674,11737.171484375,13049.07039929533,10425.27256945467,0.22354600794012136,0.9387185536823186,479.6118830840151,12841.919921875,10519.490234375,12841.919921875,6631.419921875,0.006524917091492277,0.055910132100787324,0.16960973037097649,0.520685488419544
2021-01-08,12958.51953125,13208.08984375,12543.240234375,13201.98046875,35428780000.0,12805.7001953125,12427.80712890625,11831.680517578125,10111.26748860677,8904.673417154949,74.06770733117554,724.5259874845633,651.2627871112177,73.26320037334563,11831.680517578125,13273.310079048852,10390.050956107398,0.24368973778981315,0.9752607701016889,492.8431492476569,12973.330078125,10519.490234375,12973.330078125,6631.419921875,0.024339957593801698,0.059189374093303826,0.16709813616744063,0.5457491072868037
2021-01-15,13048.7802734375,13220.16015625,12949.759765625,12998.5,34521810000.0,12929.826171875,12538.13408203125,11896.8240234375,10185.911157226563,8945.941333007813,69.86069166679327,723.0066437248261,665.6115584339394,57.39508529088664,11896.8240234375,13423.229170491028,10370.418876383974,0.25660716575220605,0.8608727272340188,476.95438077461006,13208.08984375,10519.490234375,13208.08984375,6631.419921875,-0.015412874548000777,0.05014028075401389,0.11139802902810336,0.5256670491590383
2021-01-22,13132.73046875,13567.1396484375,13078.7001953125,13543.0595703125,26350240000.0,13087.31015625,12709.51103515625,12008.3205078125,10267.204321289062,8993.896411132813,74.10048097258702,757.017532214637,683.892753190079,73.12477902455794,12008.3205078125,13667.858194651373,10348.782820973625,0.27639796685293244,0.9623995811217182,483.5033284648165,13220.16015625,10519.490234375,13220.16015625,6631.419921875,0.04189403164307426,0.061731120004746565,0.19710988122639916,0.5628765661483521
2021-01-29,13681.2099609375,13728.98046875,12985.0498046875,13070.6904296875,43496020000.0,13140.5021484375,12831.08310546875,12119.1775390625,10340.773657226562,9040.344746907553,65.49386508678492,737.3553905289918,694.5852806578616,42.77010987113022,12119.1775390625,13751.334119587185,10487.020958537816,0.26935104717525954,0.7914894630756318,502.10528100750815,13567.1396484375,10519.490234375,13567.1396484375,6631.419921875,-0.03487905655088985,0.020770445858784514,0.20427792426422986,0.5099225690684428
2021-02-05,13226.1796875,13878.16015625,13132.4697265625,13856.2998046875,36053010000.0,13334.1060546875,12996.128125,12272.328515625,10426.130655924479,9093.73866373698,71.43597432582098,776.2173619658352,710.9116969194564,65.30566504637875,12272.328515625,13952.219065098234,10592.437966151767,0.2737688365063589,0.9714507411090528,523.917027118579,13728.98046875,10519.490234375,13728.98046875,6631.419921875,0.06010465776280971,0.07510851026766319,0.2837894925037905,0.5863182998031085
2021-02-12,13937.0595703125,14109.1201171875,13845.4697265625,14095.4697265625,46450950000.0,13512.80390625,13159.25205078125,12431.4240234375,10512.305818684896,9151.474161783854,72.96247112978003,816.8980756688798,732.108972669341,84.78910299953873,12431.4240234375,14168.175272591965,10694.672774283034,0.27941308186095076,0.9790685205884085,505.32655308332335,13878.16015625,10519.490234375,13878.16015625,6631.419921875,0.017260735206818367,0.0676784259700618,0.2915556685011882,0.5793314242590593
2021-02-19,14152.2099609375,14175.1201171875,13714.349609375,13874.4599609375,28239840000.0,13687.9958984375,13308.91103515625,12571.396044921876,10593.436482747396,9205.786409505208,69.27811072882653,821.8306412761758,750.053306390708,71.77733488546778,12571.396044921876,14299.528027249587,10843.264062594164,0.2749307994358794,0.8770151612669245,502.1439784211217,14109.1201171875,10822.5703125,14109.1201171875,6631.419921875,-0.015679489219753595,0.0673893111464785,0.2527706991205221,0.5404735383987842
2021-02-26,13714.2001953125,13757.0595703125,13003.98046875,13192.349609375,32182970000.0,13617.85390625,13352.58203125,12652.01650390625,10662.962817382813,9253.998490397136,59.3216761436684,761.9162342481213,752.4258919621907,9.490342285930637,12652.01650390625,14337.531657549773,10966.501350262728,0.2664421364172466,0.6602872285961742,528.453657975863,14175.1201171875,10822.5703125,14175.1201171875,6631.419921875,-0.0491630199289147,-0.025895918061697443,0.13924157809601212,0.46244170895550507
2021-03-05,13406.16015625,13601.330078125,12397.0498046875,12920.150390625,31147230000.0,13587.7458984375,13364.1240234375,12714.446044921875,10725.317651367188,9301.26749267578,55.870947842771336,684.5780433800082,738.8563222457542,-54.27827886574596,12714.446044921875,14341.557454540534,11087.334635303216,0.25594688181771386,0.5632115122809369,576.7269876516943,14175.1201171875,10822.5703125,14175.1201171875,6631.419921875,-0.02063311137210655,-0.011517374684399062,0.10697720495625851,0.4075985357404013
2021-03-12,12904.259765625,13433.6201171875,12599.23046875,13319.8603515625,29885730000.0,13480.4580078125,13407.28203125,12803.025048828125,10790.832983398437,9354.44149576823,59.58840619228012,648.0696794027954,720.6989936771624,-72.62931427436706,12803.025048828125,14357.831581744616,11248.218515911634,0.24288112020194855,0.6662056634676277,595.131463422109,14175.1201171875,10822.5703125,14175.1201171875,6631.419921875,0.030936943367743996,-0.03871448082723539,0.1534063978512763,0.4186755631599888
2021-03-19,13323.4697265625,13620.7099609375,13039.4501953125,13215.240234375,30372680000.0,13304.412109375,13408.6080078125,12918.207568359376,10855.83848470052,9403.4806640625,58.20628443535164,603.7350865464032,697.3062122510106,-93.57112570460743,12918.207568359376,14215.448543820305,11620.966592898447,0.20083915955000864,0.6144863104212709,594.1406278651727,14175.1201171875,10822.5703125,14175.1201171875,6631.419921875,-0.007854445499139717,-0.0624476877509611,0.2111195915180497,0.4187190228032427
2021-03-26,13278.7802734375,13455.6396484375,12786.8095703125,13138.73046875,28104070000.0,13157.2662109375,13422.6310546875,12980.382568359375,10922.30165201823,9454.893001302084,57.162095639193346,556.0164916199228,669.048268124793,-113.03177650487021,12980.382568359375,14191.910886876574,11768.854249842176,0.1866706643100624,0.5653504742606547,599.4755885980176,14175.1201171875,10830.9501953125,14175.1201171875,6631.419921875,-0.005789510010267174,-0.053027612913143396,0.10453769712716388,0.435779258941005
2021-04-02,13103.9697265625,13487.080078125,12922.5703125,13480.1103515625,19268240000.0,13214.818359375,13416.3361328125,13062.923583984375,10988.294995117187,9509.638419596355,60.5617338513343,539.5263410429652,643.1438827084274,-103.61754166546223,13062.923583984375,14169.942806395567,11955.904361573183,0.16949026996811628,0.6884279690597661,596.9780298142306,14175.1201171875,11424.6103515625,14175.1201171875,6631.419921875,0.02598271451145595,0.02181269832198862,0.13955362553869977,0.41590216106222977
2021-04-09,13594.900390625,13905.41015625,13582.759765625,13900.1904296875,20711160000.0,13410.8263671875,13499.2861328125,13165.184619140626,11057.778507486979,9572.698421223959,64.31468463244117,553.968920571926,625.3088902811271,-71.33996970920111,13165.184619140626,14181.075819709671,12149.29341857158,0.15432995889659754,0.8617541967757794,584.7152994480356,14175.1201171875,11760.98046875,14175.1201171875,6631.419921875,0.031162955433544193,0.07585360924077378,0.172520111843258,0.42841781531819034
2021-04-16,13854.4404296875,14062.5,13783.9501953125,14052.33984375,21425690000.0,13557.322265625,13518.89013671875,13257.509130859375,11132.374340820312,9634.930253092449,65.59182767385869,571.1085709477866,614.468826414459,-43.36025546667247,13257.509130859375,14243.046454280016,12271.971807438733,0.1486760919706427,0.9032473930727939,562.8463355365687,14175.1201171875,11796.5302734375,14175.1201171875,6631.419921875,0.010945851053777211,0.05499152940455376,0.15127912381918573,0.46736365167826643
2021-04-23,13984.580078125,14062.740234375,13698.669921875,14016.8095703125,21400270000.0,13717.6361328125,13511.02412109375,13335.1380859375,11223.19833170573,9695.579833984375,65.00673947968833,575.1943883646527,606.6139388044978,-31.419550439845125,13335.1380859375,14302.933529979351,12367.34264189565,0.14514966966295373,0.8521774609353926,548.6480481768139,14175.1201171875,12027.16015625,14175.1201171875,6631.419921875,-0.002528424008568453,0.06065491975336834,0.12456277228306134,0.6360691062234562
2021-04-30,14052.3798828125,14211.5703125,13941.6298828125,13962.6796875,23477870000.0,13882.4259765625,13519.84609375,13414.378564453125,11312.982657877605,9753.83983154297,64.0690839105929,567.5225522319743,598.7956614899931,-31.27310925801885,13414.378564453125,14312.710968024314,12516.046160881937,0.13393574652077989,0.8051771932456093,528.7403611418629,14175.1201171875,12214.740234375,14175.1201171875,6631.419921875,-0.003861783420896825,0.06271147891417161,0.12803572466897073,0.628183093082167
2021-05-07,14031.76953125,14042.1201171875,13439.3896484375,13752.240234375,24589350000.0,13936.851953125,13575.83515625,13464.20859375,11410.938663736979,9808.79825032552,60.420343991537464,538.2571680926176,586.687962810518,-48.430794717900426,13464.20859375,14320.428010566078,12607.989176933921,0.12718451453782886,0.6681996664453542,534.0253688281584,14211.5703125,12397.0498046875,14211.5703125,6631.419921875,-0.015071566335034814,0.020187511505123323,0.07813019287194889,0.746342857164116
2021-05-14,13687.58984375,13687.9296875,13002.5400390625,13429.98046875,23030710000.0,13842.8099609375,13626.8181640625,13495.47109375,11520.113004557292,9861.007588704428,55.232873518020654,483.4871317729776,566.0477966030099,-82.56066483003235,13495.47109375,14297.003593119403,12693.938594380597,0.11878540494086307,0.4591466191005827,549.43071357704,14211.5703125,12397.0498046875,14211.5703125,6631.419921875,-0.0234332559737781,-0.03382759130646462,0.04882961039484002,0.9521682371185365
2021-05-21,13368.7998046875,13616.580078125,13072.23046875,13470.990234375,20357300000.0,13726.5400390625,13641.93115234375,13524.606591796875,11619.58984375,9912.73358968099,55.753489331401894,438.3377440878103,540.50578609997,-102.16804201215973,13524.606591796875,14276.565741352484,12772.647442241267,0.11119867250137938,0.4643488895283996,549.0677775626086,14211.5703125,12397.0498046875,14211.5703125,6631.419921875,0.003053598307192207,-0.041370306713267024,0.045212390526488955,0.7955622675460925
2021-05-28,13557.2099609375,13820.8701171875,13551.009765625,13748.740234375,21438080000.0,13672.926171875,13695.28115234375,13551.944580078125,11725.850846354168,9966.48809000651,59.213122549586274,420.1256854274925,516.4297659654745,-96.30408053798203,13551.944580078125,14294.698075579792,12809.191084576458,0.10961578113203667,0.6324770973739788,534.8400707947437,14211.5703125,12397.0498046875,14211.5703125,7288.10986328125,0.02061838032450236,-0.0191248468200117,0.04141498064773064,0.8647214039036115
2021-06-04,13829.0595703125,13836.169921875,13548.9296875,13814.490234375,19040870000.0,13643.28828125,13762.85712890625,13592.744091796874,11820.199348958333,10019.338757324218,60.010246991045506,406.31423564601755,494.40665990158317,-88.09242425556562,13592.744091796874,14298.116488427513,12887.371695166235,0.10378660730563244,0.6571837398495768,517.1543681933335,14211.5703125,12397.0498046875,14211.5703125,7617.7900390625,0.004782256328882406,-0.010613253074742257,0.06277572291995237,0.6942852221979752
2021-06-11,13802.8203125,14069.419921875,13784.8896484375,14069.419921875,25315570000.0,13706.72421875,13821.7880859375,13619.062109375,11910.520686848959,10073.854423014323,63.02738499975384,411.1992089152791,477.7651697043224,-66.56596078904329,13619.062109375,14353.725246324573,12884.398972425426,0.10788747874845964,0.8065063359310163,500.53836142505975,14211.5703125,12397.0498046875,14211.5703125,8035.9501953125,0.018453788969038598,0.023063855931427124,0.038865689752729526,0.6264962756313883
2021-06-18,14083.4697265625,14196.2099609375,13903.73046875,14030.3798828125,24337120000.0,13826.8041015625,13834.80703125,13667.04658203125,12000.451692708333,10127.479671223959,62.252781018320206,407.2261311934435,463.6573620021466,-56.431230808703106,13667.04658203125,14377.126893447252,12956.966270615247,0.10391130331692594,0.7558395824668844,485.67701362237693,14211.5703125,12397.0498046875,14211.5703125,8215.6904296875,-0.0027748151152842127,0.04470590373973815,0.073423011453569,0.6249172674905459
2021-06-25,14047.419921875,14414.4599609375,13960.0400390625,14360.3896484375,25205330000.0,14004.683984375,13865.61201171875,13692.25107421875,12096.37568359375,10185.415083821614,66.05098941409871,425.7981327296857,456.08551614765446,-30.287383417968783,13692.25107421875,14460.791605384475,12923.710543053025,0.11225919346641491,0.9346801158328731,483.44436421185003,14211.5703125,12397.0498046875,14211.5703125,8537.830078125,0.023521085557296262,0.06602331369767822,0.03637983089680774,0.6688521516673327
2021-07-02,14417.8095703125,14649.1103515625,14417.2001953125,14639.330078125,22640000000.0,14182.801953125,13927.8640625,13719.444091796875,12188.342513020832,10243.338419596354,68.89957642761277,457.74810401970717,456.418033722065,1.3300702976421803,13719.444091796875,14576.515488375306,12862.372695218444,0.12494258380204931,1.036644899130026,469.53553127707505,14414.4599609375,12397.0498046875,14414.4599609375,8537.830078125,0.019424293944409143,0.06477610519713806,0.03858405304064538,0.6049573500958005
2021-07-09,14661.5498046875,14755.330078125,14371.58984375,14701.919921875,17496680000.0,14360.287890625,14001.7880859375,13760.81708984375,12283.131852213543,10302.165502929687,69.517632877355,482.55655220682456,461.64573741901694,20.910814787807624,13760.81708984375,14717.880434854833,12803.753744832666,0.13909978437507897,0.9916617259123804,463.40729578406973,14649.1103515625,12397.0498046875,14649.1103515625,8705.25,0.004275458194874959,0.06423904700383254,0.059639075197676306,0.6309082886636626
2021-07-16,14743.8603515625,14803.6796875,14413.3203125,14427.240234375,21558850000.0,14431.851953125,14069.2880859375,13822.56162109375,12368.176025390625,10357.981506347656,63.54896163589172,474.58238067585626,464.23306607038484,10.34931460547142,13822.56162109375,14784.2859080128,12860.8373341747,0.1391528304639891,0.814372123853906,458.1895871566362,14755.330078125,12397.0498046875,14755.330078125,9144.2802734375,-0.018683252864906685,0.025432485097958146,0.09360657210921985,0.5472251837484474
2021-07-23,14235.98046875,14846.0595703125,14178.66015625,14836.990234375,20882890000.0,14593.1740234375,14209.9890625,13918.40361328125,12457.294694010418,10415.467342122396,67.96724955994026,495.61307385614055,470.50906762753596,25.10400622860459,13918.40361328125,14883.346477236204,12953.460749326297,0.13865711769332273,0.9759797991192938,473.1331462213408,14803.6796875,12397.0498046875,14803.6796875,9144.2802734375,0.028401135168159897,0.05749027170323551,0.14836049007145302,0.5634555637914482
2021-07-30,14821.0302734375,14863.650390625,14503.759765625,14672.6796875,20608220000.0,14655.63203125,14330.1580078125,13986.044580078125,12538.271354166667,10471.205004882813,64.58647024853673,493.33470638222025,475.07419537847284,18.26051100374741,13986.044580078125,14963.259603058585,13008.829557097666,0.13974144260521162,0.8513224271397661,465.04439470553075,14846.0595703125,12599.23046875,14846.0595703125,9403.0,-0.011074385322052627,0.021746627125572404,0.10156407801819078,0.49506419049957917
2021-08-06,14758.599609375,14896.4697265625,14584.08984375,14835.759765625,20505220000.0,14694.91796875,14438.8599609375,14067.070556640625,12625.720524088541,10528.185835774739,66.37423141492928,498.93684970599134,479.84672624397655,19.090123462014787,14067.070556640625,15043.934762692772,13090.206350588478,0.13888665761913022,0.8934473206316563,454.1397867131714,14863.650390625,12786.8095703125,14863.650390625,9403.0,0.01111453951141117,0.013417942382043746,0.12262505278071023,0.5471951608630707
2021-08-13,14855.759765625,14894.6103515625,14692.41015625,14822.900390625,20215820000.0,14719.1140625,14539.7009765625,14151.279052734375,12707.0001953125,10583.82333984375,66.0909059422257,496.61428422226345,483.200237839634,13.414046382629465,14151.279052734375,15082.832635540868,13219.725469927882,0.13165645018165253,0.8604845444677645,436.1441016131235,14896.4697265625,12786.8095703125,14896.4697265625,9403.0,-0.0008667823692990462,0.008228889110597937,0.12818361148976587,0.4903198650305989
2021-08-20,14771.5302734375,14794.6796875,14423.16015625,14714.66015625,20062470000.0,14776.598046875,14604.225,14213.00654296875,12789.624202473959,10638.412174479166,63.62887281182467,480.50063975669764,482.6603182230467,-2.159678466349078,14213.00654296875,15121.817367018624,13304.195718918874,0.1278843883315411,0.7759945194346191,433.543825381829,14896.4697265625,12922.5703125,14896.4697265625,9663.6103515625,-0.007302230435513035,0.019922030631345677,0.09158306367606261,0.5080792037706854
2021-08-27,14776.98046875,15144.48046875,14776.98046875,15129.5,19050190000.0,14835.1,14714.13701171875,14274.472021484375,12871.65537109375,10698.516841634115,68.47585985400568,495.49283587619175,485.2268217536758,10.26601412251597,14274.472021484375,15253.883253257896,13295.060789710853,0.13722556327119054,0.9365010073283198,433.2778601759841,14896.4697265625,13002.5400390625,14896.4697265625,9663.6103515625,0.028192281666375996,0.019714899113925544,0.0884383258294783,0.4821756052768815
2021-09-03,15165.9404296875,15380.0703125,15165.1201171875,15363.51953125,20278970000.0,14973.26796875,14814.45,14340.031005859375,12950.756689453125,10761.410506184895,70.83690875059199,520.2604411877492,492.23354564049043,28.026895547258732,14340.031005859375,15421.414746269471,13258.647265449279,0.1508202792543809,0.9732309573114558,420.22732105627097,15144.48046875,13002.5400390625,15144.48046875,10182.4599609375,0.015467763723189698,0.04708341342301248,0.09330685864981891,0.4470078389412908
2021-09-10,15375.98046875,15403.4404296875,15111.3095703125,15115.490234375,16764100000.0,15029.2140625,14862.066015625,14394.9650390625,13027.628352864584,10823.731176757812,65.25821545468814,513.9505533912452,496.5769471906414,17.373606200603774,14394.9650390625,15515.98813683796,13273.94194128704,0.1557521112046367,0.8213694689887743,411.0775737933231,15380.0703125,13002.5400390625,15380.0703125,10182.4599609375,-0.016144041498466488,0.018855149528515858,0.07838307701557823,0.4391332172413758
2021-09-17,15211.4296875,15215.4404296875,14984.6796875,15043.9697265625,24192690000.0,15073.4279296875,14896.27099609375,14449.029541015625,13105.641520182291,10886.988008626302,63.70036034010767,497.44458308824323,496.75047437016184,0.6941087180813952,14449.029541015625,15585.633340105094,13312.425741926156,0.15732597069762475,0.7617183692433019,398.1978001071929,15403.4404296875,13002.5400390625,15403.4404296875,10217.3095703125,-0.004731603587017741,0.014914040444967025,0.07744144127509545,0.4516750823792468
2021-09-24,14758.1396484375,15085.4404296875,14530.0703125,15047.7001953125,21403270000.0,15140.0359375,14958.3169921875,14513.8025390625,13177.348697916666,10947.868009440104,63.748970798046734,479.1412581860259,493.2286311333347,-14.087372947308836,14513.8025390625,15631.686376450889,13395.918701674113,0.1540442395271276,0.7387983609716089,409.4243941843577,15403.4404296875,13002.5400390625,15403.4404296875,10397.8701171875,0.00024797103542506527,0.022633213103534944,0.09419992225698448,0.40040230275749966
2021-10-01,14954.1796875,15003.16015625,14324.009765625,14566.7001953125,25596570000.0,15027.4759765625,14931.28798828125,14570.638525390625,13236.610693359375,11004.285009765625,53.75355347338442,420.97037675909087,478.776980258486,-57.80660349939512,14570.638525390625,15571.822091433673,13569.454959347577,0.1374248032161936,0.4980331628426094,431.87196814886784,15403.4404296875,13002.5400390625,15403.4404296875,10519.490234375,-0.031965017494821946,-0.03719883701956439,0.08464046014121274,0.32292489634814103
2021-10-08,14493.1201171875,14755.7197265625,14181.6904296875,14579.5400390625,20754970000.0,14870.680078125,14921.9740234375,14626.066015625,13295.948030598958,11058.850260416666,53.961069824641854,371.6217776866033,457.3459397441095,-85.72416205750619,14626.066015625,15491.080628693675,13761.051402556324,0.11828397494508527,0.47310682625496536,442.02606305787725,15403.4404296875,13072.23046875,15403.4404296875,10519.490234375,0.000881451775476938,-0.051028639016786115,0.08229163449756838,0.3230913304364864
2021-10-15,14540.080078125,14904.98046875,14441.599609375,14897.33984375,20413790000.0,14827.05,14928.13203125,14683.49599609375,13355.70703125,11116.276090494792,58.87934222043178,354.07489072241333,436.6917299397703,-82.61683921735698,14683.49599609375,15455.399657745716,13911.592334441784,0.10513894808938083,0.6385171869755082,443.55140565195745,15403.4404296875,13548.9296875,15403.4404296875,10519.490234375,0.021797656430589063,-0.014432240518993722,0.08354217112221218,0.3169734349061488
2021-10-22,14839.740234375,15222.25,14833.2802734375,15090.2001953125,23505820000.0,14836.29609375,14954.86201171875,14747.281494140625,13412.283203125,11174.012841796875,61.56290594704577,351.67715957058317,419.68881586593295,-68.01165629534978,14747.281494140625,15426.69915815865,14067.8638301226,0.09214141118659333,0.7523622208641734,439.6527142884248,15403.4404296875,13548.9296875,15403.4404296875,10519.490234375,0.012945959049421418,0.0030730232505302713,0.09234578614874356,0.29024262451127547
2021-10-29,15142.919921875,15504.1201171875,15070.75,15498.3896484375,30106720000.0,14926.433984375,15033.2349609375,14818.72998046875,13482.037532552084,11234.464925130209,66.54005444131161,378.35299997646507,411.4216526880394,-33.068652711574316,14818.72998046875,15498.525719676305,14138.934241261195,0.09174817816419266,0.9998999175554089,439.2039573526445,15403.4404296875,13784.8896484375,15403.4404296875,10519.490234375,0.027049969373620142,0.029950719862520625,0.10156564623824682,0.36994711534103986
2021-11-05,15541.259765625,16053.3896484375,15470.8203125,15971.58984375,26592080000.0,15207.4119140625,15117.4439453125,14915.790478515624,13567.338199869791,11299.674088541668,71.19639482701197,432.6893235675234,415.67518686393623,17.014136703587155,14915.790478515624,15668.091803450223,14163.489153581026,0.10087314192542418,1.2017130837342083,449.44434153727707,15504.1201171875,13903.73046875,15504.1201171875,10519.490234375,0.030532216962309233,0.09644529163094795,0.1383576194765419,0.4715544804384726
2021-11-12,15995.7197265625,16038.23046875,15543.6796875,15860.9599609375,26684420000.0,15463.6958984375,15167.18798828125,14990.818994140625,13651.799527994792,11362.430338541666,68.78630252086376,461.50440896502005,424.841031284153,36.66337768086703,14990.818994140625,15803.478347474364,14178.159640806887,0.10842094133100769,1.0353663642874054,452.6662300881859,16053.3896484375,13960.0400390625,16053.3896484375,10519.490234375,-0.006926666906350021,0.08789165628282736,0.10449370450496587,0.46952173566470523
2021-11-19,15894.8203125,16121.1201171875,15778.3095703125,16057.4404296875,25869190000.0,15695.716015625,15261.3830078125,15061.72451171875,13737.530875651042,11429.541760253906,70.68434895780582,494.4946766956509,438.77176036645267,55.722916329198256,15061.72451171875,15979.946827177246,14143.502196260255,0.12192791266950527,1.0421976253493466,444.81939557295834,16053.3896484375,14178.66015625,16053.3896484375,10519.490234375,0.012387678251120526,0.07787300270418451,0.09686989390870626,0.4713293427533569
2021-11-26,16120.919921875,16212.23046875,15456.08984375,15491.66015625,18701470000.0,15776.0080078125,15306.15205078125,15101.2115234375,13811.141552734374,11492.312760416668,59.47003067208634,469.57301647596614,444.93201158835535,24.64100488761079,15101.2115234375,16022.065685257503,14180.357361617496,0.12195765358174238,0.712003512065801,467.0566262463185,16121.1201171875,14178.66015625,16121.1201171875,10822.5703125,-0.03523477330742375,0.0266040182198648,0.05371680968007064,0.3987930326025808
2021-12-03,15719.419921875,15833.1103515625,14931.0595703125,15085.4697265625,29106590000.0,15693.4240234375,15309.92900390625,15134.122998046874,13869.567041015625,11552.22508951823,52.9722559067629,412.29358440312535,438.4043261513094,-26.11074174818407,15134.122998046874,16001.787580610333,14266.458415483416,0.11466334490283113,0.4719630877748684,498.12763731801004,16212.23046875,14178.66015625,16212.23046875,10822.5703125,-0.026219941929440327,-0.026642762973547285,0.04562407511723365,0.3027242944953217
2021-12-10,15117.6298828125,15796.0498046875,14931.6103515625,15630.599609375,23788920000.0,15625.2259765625,15416.3189453125,15173.803466796875,13935.551041666668,11617.882002766926,59.38581652029554,406.2041785943111,431.9642966399098,-25.760118045598688,15173.803466796875,16055.950789359184,14291.656144234566,0.11627240651859136,0.7589114827505812,524.2927670185094,16212.23046875,14178.66015625,16212.23046875,10822.5703125,0.03613608940877966,-0.021349799093947852,0.05348856893909182,0.3392040296939083
2021-12-17,15621.26953125,15637.0595703125,14960.3701171875,15169.6796875,27359080000.0,15486.969921875,15475.33291015625,15198.653466796875,13995.907698567707,11677.93866780599,52.82584863693869,360.0356283826277,417.5785629884534,-57.542934605825735,15198.653466796875,16050.411766656422,14346.89516693733,0.11208338971874128,0.4829917834075388,535.1782445975444,16212.23046875,14181.6904296875,16212.23046875,10822.5703125,-0.029488307127933044,-0.04358376007126874,0.0338724766426548,0.31358776617087947
2021-12-24,14933.0,15697.98046875,14860.0400390625,15653.3701171875,17227270000.0,15406.155859375,15550.9359375,15239.533984375,14074.937369791667,11740.857836914063,58.06136981356922,358.3457087515926,405.7319921410813,-47.38628338948871,15239.533984375,16096.168336516126,14382.899632233875,0.11242264402827899,0.741547710396,556.8041149611128,16212.23046875,14181.6904296875,16212.23046875,10822.5703125,0.03188534231781226,-0.025164054898372368,0.05511078397595348,0.43456364666726577
2021-12-31,15696.830078125,15901.4697265625,15643.9404296875,15644.9697265625,18250300000.0,15436.8177734375,15606.412890625,15280.637451171875,14137.433024088541,11803.093334960937,57.94109928340641,352.2678692329573,395.0391675594566,-42.77129832649928,15280.637451171875,16132.23791574301,14429.03698660074,0.1114613794473378,0.713910331515673,535.4273422406761,16212.23046875,14181.6904296875,16212.23046875,10830.9501953125,-0.0005366506101952551,0.009896264749304384,0.05545941173951574,0.31523048398796916
2022-01-07,15732.5,15852.1396484375,14877.6298828125,14935.900390625,23621810000.0,15406.90390625,15550.16396484375,15291.699462890625,14189.20986328125,11859.911922200521,48.759735504752705,286.9276448716846,373.4168630219022,-86.4892181502176,15291.699462890625,16119.006266533741,14464.392659247509,0.10820338258030716,0.2849654622089209,566.7903724824135,16212.23046875,14181.6904296875,16212.23046875,11424.6103515625,-0.04532251249637265,-0.009914794742793998,0.015035361471194442,0.26262018610617366
2022-01-14,14751.7802734375,15319.0302734375,14530.23046875,14893.75,22722460000.0,15259.533984375,15442.37998046875,15279.911962890625,14239.856201171875,11917.862923177083,48.270073945385185,229.10290636360332,344.55407169024244,-115.45116532663911,15279.911962890625,16122.700067089881,14437.123858691368,0.11031321466328917,0.27090210400067183,582.6481890684912,16212.23046875,14181.6904296875,16212.23046875,11760.98046875,-0.002822085680984965,-0.04714148067186419,-0.015582140850656012,0.25632965275556496
2022-01-21,14681.830078125,14740.5400390625,13764.240234375,13768.919921875,20699010000.0,14979.38203125,15233.1759765625,15200.181982421875,14265.907373046875,11966.083337402344,37.45915430812714,91.45773000269946,293.93480335273387,-202.4770733500344,15200.181982421875,16267.929918005326,14132.434046838423,0.1404914673808826,-0.17022469107598315,621.709730251099,16212.23046875,14181.6904296875,16212.23046875,11796.5302734375,-0.07552363092740244,-0.09233944252489679,-0.10379129639738616,0.1280591161224407
2022-01-28,13481.5,14002.650390625,13094.650390625,13770.5703125,27938600000.0,14602.8220703125,15004.48896484375,15132.935986328124,14287.679703776043,12013.696089680989,37.48127910383693,-17.29453062909124,231.68893655636884,-248.98346718546009,15132.935986328124,16369.59314370768,13896.278828948569,0.16343915793958494,-0.050825936557445696,642.1590352331634,16212.23046875,13764.240234375,16212.23046875,12027.16015625,0.00011986347762671379,-0.12028079516373114,-0.0889762687826321,0.10480709956585144
2022-02-04,13812.1904296875,14504.8203125,13767.7099609375,14098.009765625,22917570000.0,14293.430078125,14865.12392578125,15085.63798828125,14316.348697916666,12063.766670735677,41.874764497766485,-76.18167838899353,170.11481356729638,-246.2964919562899,15085.63798828125,16402.074078566515,13769.201897995985,0.17452839466357237,0.1248856173328415,648.9412721138303,16212.23046875,13094.650390625,16212.23046875,12214.740234375,0.02377820567299027,-0.09887906387642442,-0.06287967724817067,0.13896895282888533
2022-02-11,14118.7900390625,14509.5595703125,13733.16015625,13791.150390625,23742060000.0,14064.480078125,14735.6919921875,15022.810498046874,14333.607210286458,12110.000256347656,39.10153397478019,-145.92897588306187,106.90605567722474,-252.8350315602866,15022.810498046874,16455.314103124038,13590.306892969713,0.19071046729417282,0.07010226604088324,658.0454251101639,16212.23046875,13094.650390625,16212.23046875,12397.0498046875,-0.02176614856291359,-0.07664419084627394,-0.08350444176705007,0.08118062055118846
2022-02-18,13768.9697265625,14163.73046875,13465.5595703125,13548.0703125,21783060000.0,13795.344140625,14527.4390625,14971.87900390625,14345.996207682292,12153.01417236328,37.01053594999401,-218.30228954356608,41.86438663306658,-260.1666761766327,14971.87900390625,16532.3452520189,13411.4127557936,0.20845296007341685,0.04378741189426033,660.9115303478309,16212.23046875,13094.650390625,16212.23046875,12397.0498046875,-0.01762580141902026,-0.09035197230381875,-0.06992866394959452,0.05805197114957816
2022-02-25,13424.3603515625,13696.8603515625,12587.8798828125,13694.6201171875,20297420000.0,13780.4841796875,14379.93310546875,14927.6330078125,14359.435205078125,12196.508426920573,39.12414876941725,-260.82667007694,-18.67382470893473,-242.15284536800527,14927.6330078125,16577.698509206588,13277.567506418409,0.22107530383825946,0.1263745622269953,692.9164545194144,16212.23046875,13094.650390625,16212.23046875,12397.0498046875,0.010817024218739535,-0.0053961970226479306,-0.06069601095124144,0.06256380421923713
2022-03-04,13570.830078125,13837.58984375,13224.98046875,13313.4404296875,27742350000.0,13689.058203125,14145.94013671875,14848.438037109376,14361.29287109375,12236.28017985026,35.762767119151405,-321.5786051663126,-79.25478080041032,-242.3238243659023,14848.438037109376,16642.47504510259,13054.40102911616,0.24164656289227712,0.07219455323864764,687.1802345537419,16212.23046875,12587.8798828125,16212.23046875,12397.0498046875,-0.027834265152167248,-0.0331961474680208,-0.1063209560012156,0.00844266973438823
2022-03-11,13328.3603515625,13353.2802734375,12670.080078125,12843.8095703125,28635340000.0,13438.2181640625,13865.82412109375,14736.118505859375,14358.714697265625,12272.312927246094,32.10317661788669,-402.974992036432,-143.99882304761468,-258.97616898881734,14736.118505859375,16726.124372031398,12746.112639687351,0.2700854862670597,0.024546895133801393,686.8959460365104,16212.23046875,12587.8798828125,16212.23046875,12397.0498046875,-0.03527494353208471,-0.08896292570108733,-0.14886420298769798,-0.011900636972535295
2022-03-18,12795.1201171875,13899.2802734375,12555.349609375,13893.83984375,31630400000.0,13458.7560546875,13761.61806640625,14655.891015625,14364.56103515625,12315.882678222657,45.52542087289953,-378.3916836742883,-190.87739517294943,-187.51428850133885,14655.891015625,16645.879145390936,12665.902885859065,0.271561534900111,0.30852871419774913,733.826997324081,16212.23046875,12587.8798828125,16212.23046875,12397.0498046875,0.08175380269297716,0.007446039686058947,-0.10353009835762295,0.02590110983536098
2022-03-25,13860.3896484375,14218.759765625,13682.5498046875,14169.2998046875,26877890000.0,13583.001953125,13689.173046875,14565.776513671875,14382.87119140625,12361.822424316406,48.406857093297695,-332.8450869776025,-219.27093353388005,-113.57415344372242,14565.776513671875,16470.69430266087,12660.85872468288,0.2615607602108934,0.3959333806224785,719.7114947250395,16212.23046875,12555.349609375,16212.23046875,12397.0498046875,0.019826049820303115,0.04585372513267294,-0.11284349627646939,0.08405136522128354
2022-04-01,14177.2099609375,14646.900390625,14101.33984375,14261.5,27126270000.0,13696.3779296875,13738.4310546875,14485.803515625,14389.624527994793,12407.877591959636,49.37215772152006,-286.0123237062362,-232.6192115683513,-53.39311213788491,14485.803515625,16298.576493159862,12673.030538090139,0.25028269582416024,0.4381324858642739,707.2721413071796,16212.23046875,12555.349609375,16212.23046875,12397.0498046875,0.006507039626756805,0.041394348872885844,-0.10084256973579553,0.029243030320073027
2022-04-08,14304.349609375,14534.3798828125,13689.23046875,13711.0,24148400000.0,13775.88984375,13732.4740234375,14368.481494140626,14383.21669921875,12447.761258951823,44.07031408219306,-289.9751180240419,-244.0903928594894,-45.884725164552464,14368.481494140626,16058.790229495235,12678.172758786017,0.2352800796721499,0.3055143772292305,717.1205179325597,16212.23046875,12555.349609375,16212.23046875,12397.0498046875,-0.038600427724993835,0.02986152019924071,-0.1461279236851053,-0.027276120201796372
2022-04-15,13547.2900390625,13685.9501953125,13317.740234375,13351.080078125,19490360000.0,13877.3439453125,13657.7810546875,14261.452490234375,14374.493701171876,12483.965091959635,40.972399410798495,-318.4868723767486,-258.96968876294125,-59.51718361380733,14261.452490234375,15924.593451477893,12598.311528990856,0.23323584499999073,0.2263093047059896,693.9876070534483,16212.23046875,12555.349609375,16212.23046875,12397.0498046875,-0.026250450140398174,0.03949533080784828,-0.13817628688823247,-0.03772254086184523
2022-04-22,13319.3896484375,13710.7001953125,12828.01953125,12839.2900390625,23315200000.0,13666.433984375,13562.59501953125,14149.143505859374,14368.609375,12515.786096191407,36.99055091454728,-378.0222172520698,-282.78019446076695,-95.24202279130287,14149.143505859374,15876.654128527764,12421.632883190985,0.24418589322427905,0.120884106410409,707.4656825540949,15901.4697265625,12555.349609375,16212.23046875,12397.0498046875,-0.038333231174385585,-0.07590052977052841,-0.14889690067422467,-0.02676244799194849
2022-04-29,12749.169921875,13011.4501953125,12315.740234375,12334.6396484375,24624260000.0,13299.501953125,13441.251953125,13984.3455078125,14358.850862630208,12542.084256998698,33.53025197788216,-460.61578394496064,-318.3473123576057,-142.26847158735495,13984.3455078125,15743.664081346626,12225.026934278376,0.2516125724369815,0.031152036876111008,706.6259881529096,15901.4697265625,12555.349609375,16212.23046875,12397.0498046875,-0.03930516322083555,-0.12948135628007928,-0.21086586844439625,-0.04531764139621419
2022-05-06,12331.6904296875,12985.009765625,11990.150390625,12144.66015625,25596970000.0,12876.133984375,13286.25595703125,13833.09453125,14339.264192708333,12565.048588053385,32.30508712735168,-535.2317198025521,-361.72419384659497,-173.50752595595714,13833.09453125,15676.889375201294,11989.299687298708,0.26657735039488406,0.04213062788980126,727.2140872134161,15901.4697265625,12315.740234375,16212.23046875,12315.740234375,-0.015402111257588724,-0.1484303785541493,-0.1994122218508445,-0.08822916789624169
2022-05-13,11923.0302734375,11990.6103515625,11108.759765625,11805.0,30883260000.0,12494.933984375,13135.4119140625,13640.676025390625,14315.760188802084,12585.799336751303,30.181723774998034,-614.6873889097551,-412.316832859227,-202.37055605052808,13640.676025390625,15487.682453310677,11793.669597470573,0.2708086350679471,0.0030672341899174514,749.2631088856721,15901.4697265625,11990.150390625,16212.23046875,11990.150390625,-0.027967860103125353,-0.13901247173802056,-0.24584930199548305,-0.10671317428696714
2022-05-20,11727.1396484375,11988.4296875,11035.6904296875,11354.6201171875,25677110000.0,12095.6419921875,12986.49296875,13426.158544921875,14286.025016276042,12604.163334147135,27.591988005697942,-705.8617369655713,-471.0258136804959,-234.83592328507535,13426.158544921875,15288.71952970761,11563.597560136139,0.2774525533202802,-0.056099490071912735,763.7971195233026,15901.4697265625,11108.759765625,16212.23046875,11108.759765625,-0.038151620738034686,-0.14953546449089072,-0.27423188950571864,-0.1357901629693936
2022-05-27,11396.2802734375,12131.66015625,11092.48046875,12131.1298828125,23262840000.0,11954.0099609375,12810.22197265625,13285.92001953125,14263.542008463543,12625.918501790364,37.542563361287066,-707.3068233757913,-518.282015619555,-189.02480775623633,13285.92001953125,15094.240180629562,11477.599858432937,0.272216023947149,0.18070086216995743,783.4673029502096,15852.1396484375,11035.6904296875,16212.23046875,11035.6904296875,0.06838711974604905,-0.05515570986366691,-0.18778717281570811,-0.10007191584997954
2022-06-03,12137.5400390625,12320.1201171875,11901.4296875,12012.73046875,19341280000.0,11889.628125,12594.5650390625,13141.86904296875,14232.084342447917,12644.931424967448,36.71408421076953,-709.8235044671255,-556.590313389069,-153.2331910780565,13141.86904296875,14872.244131458263,11411.493954479238,0.26333774637867197,0.17373011154350254,757.4118120028733,15319.0302734375,11035.6904296875,16212.23046875,11035.6904296875,-0.009759965906411483,-0.026097980067725568,-0.1934381556861099,-0.1357866261246562
2022-06-10,12200.330078125,12245.400390625,11328.26953125,11340.01953125,24327710000.0,11728.7,12302.4169921875,13020.4240234375,14186.87900390625,12659.626672363282,32.346435423003214,-757.3696569806525,-596.7461821073857,-160.6234748732668,13020.4240234375,14892.827865405925,11148.020181469074,0.287610271155224,0.05127081708481244,768.8203153865966,14740.5400390625,11035.6904296875,16212.23046875,11035.6904296875,-0.05599983611136494,-0.06625468433432513,-0.17640456945109761,-0.1930155648567201
2022-06-17,10986.849609375,11244.259765625,10565.1396484375,10798.349609375,29275170000.0,11527.369921875,12011.151953125,12871.81298828125,14133.238004557292,12678.21816813151,29.321651528595538,-829.2000590484513,-643.2369574955989,-185.96310155285244,12871.81298828125,14943.6561864178,10799.9697901447,0.32191940638397976,-0.0003909998524881172,769.253141631304,14646.900390625,11035.6904296875,16212.23046875,11035.6904296875,-0.04776622477433179,-0.08527322241634905,-0.21583860622148798,-0.22961430308321906
2022-06-24,10974.0498046875,11613.23046875,10938.0595703125,11607.6201171875,25190770000.0,11577.969921875,11836.80595703125,12747.293505859376,14093.98701171875,12703.484834798177,38.56496552700573,-811.470674756998,-676.8837009478788,-134.58697380911929,12747.293505859376,14808.710214670447,10685.876797048304,0.3234281391361277,0.22357035241817125,772.5122643272823,14646.900390625,10565.1396484375,16212.23046875,10565.1396484375,0.0749439069012825,0.022281678945562655,-0.17664831347399024,-0.16866816564021392
2022-07-01,11661.01953125,11677.490234375,10850.009765625,11127.849609375,26652190000.0,11377.3138671875,11665.6619140625,12614.128466796876,14050.24716796875,12730.592915852865,35.59308426505039,-826.6048936731604,-706.8279394929352,-119.77695418022518,12614.128466796876,14731.93379412255,10496.323139471202,0.3357830599078164,0.14909927313793242,776.4385646431907,14646.900390625,10565.1396484375,16212.23046875,10565.1396484375,-0.04133237502337794,-0.0827029537338444,-0.19311665131724387,-0.19083368093295028
2022-07-08,10964.1796875,11689.7001953125,10911.4501953125,11635.3095703125,19116360000.0,11301.8296875,11595.72890625,12518.4904296875,14020.335986328126,12770.224495442708,40.7904489554763,-788.5610524224521,-723.1745620788387,-65.38649034361345,12518.4904296875,14631.70614988087,10405.274709494128,0.3376151033645235,0.29103390843264615,776.5679528829628,14646.900390625,10565.1396484375,16212.23046875,10565.1396484375,0.04560269762362479,-0.03141841061191919,-0.14118326064655196,-0.13363168342749943
2022-07-15,11524.490234375,11541.099609375,11005.9296875,11452.419921875,21963960000.0,11324.309765625,11526.5048828125,12406.380419921876,13986.693147786458,12803.14149576823,39.5516873620117,-764.3576609769116,-731.4111818584532,-32.94647911845834,12406.380419921876,14495.89019976871,10316.870640075042,0.33684438315168025,0.27172624238284177,766.0545193065012,14646.900390625,10565.1396484375,16212.23046875,10565.1396484375,-0.01571850300435007,0.009911833953659022,-0.16372854275077087,-0.14984572606615465
2022-07-22,11561.6396484375,12093.01953125,11322.83984375,11834.1103515625,25230550000.0,11531.4619140625,11529.41591796875,12332.413916015625,13954.782649739584,12840.316748046875,43.41398040141583,-706.2360218809554,-726.3761498629538,20.140127981998376,12332.413916015625,14392.781353935357,10272.046478095892,0.3341385477248723,0.3790741022008577,766.3491741774654,14646.900390625,10565.1396484375,16212.23046875,10565.1396484375,0.033328364860115034,0.09591843009863887,-0.11111553665919871,-0.13925856843418183
2022-07-29,11837.9599609375,12426.259765625,11533.3701171875,12390.6904296875,23117120000.0,11688.0759765625,11633.02294921875,12309.757958984375,13931.052652994791,12875.626000976563,48.57392984982779,-608.2513010079874,-702.7511800919605,94.49987908397304,12309.757958984375,14357.057384336302,10262.458533632449,0.332630329885193,0.5197656653689561,775.3877794817537,14646.900390625,10565.1396484375,16212.23046875,10565.1396484375,0.04703184790325299,0.06746174535299465,-0.03527918552080922,-0.10306567817787571
2022-08-05,12317.9599609375,12736.1904296875,12260.48046875,12657.5498046875,25219290000.0,11994.016015625,11685.66494140625,12247.94345703125,13907.521484375,12909.02108561198,50.88640724701647,-503.2630789450286,-662.8535598625741,159.5904809175455,12247.94345703125,14171.086602119123,10324.800311943376,0.31403527487446775,0.6064939832228491,753.982221014307,14646.900390625,10565.1396484375,16212.23046875,10565.1396484375,0.02153708677610222,0.13746592998738572,-0.08898116380826371,-0.10035027208139102
2022-08-12,12703.7197265625,13047.1904296875,12438.8603515625,13047.1904296875,26340720000.0,12276.3921875,11789.1109375,12191.83798828125,13891.134993489582,12945.793343098958,54.12974211119023,-384.18971460573084,-607.1207908112056,222.9310762054747,12191.83798828125,13945.498549429873,10438.177427132627,0.2876777993333302,0.7438762838020394,743.5784965222136,14646.900390625,10565.1396484375,16212.23046875,10565.1396484375,0.030783258293457738,0.121344503198902,-0.07919300109866989,-0.07007575428014079
2022-08-19,12996.6298828125,13181.08984375,12674.8701171875,12705.2197265625,24086490000.0,12526.9521484375,11925.63095703125,12114.023974609376,13863.548828125,12979.962255859375,50.949643489272404,-313.8001010324242,-548.4566528554493,234.6565518230251,12114.023974609376,13613.06275800459,10614.985191214162,0.24748816521036332,0.6971916132196757,726.6242986679484,14646.900390625,10565.1396484375,16212.23046875,10565.1396484375,-0.026210294466683215,0.10939171050605268,-0.10912458531273006,-0.11525940189617989
2022-08-26,12523.16015625,12655.83984375,12141.51953125,12141.7099609375,20877800000.0,12588.4720703125,12059.9669921875,12035.55947265625,13821.921826171874,13005.132169596354,46.13933237910615,-300.0278198378692,-498.7708862519333,198.74306641406412,12035.55947265625,13344.214270335651,10726.90467497685,0.2174647220434665,0.5405571004933781,714.9868627139879,14534.3798828125,10565.1396484375,16212.23046875,10565.1396484375,-0.044352618667970245,0.02599262641947453,-0.11445482014896802,-0.17061027409441365
2022-09-02,12021.0498046875,12124.8701171875,11546.51953125,11630.8603515625,22893680000.0,12436.5060546875,12062.291015625,11949.548486328125,13770.7375,13026.93467610677,42.24540542224329,-326.5699863753234,-464.33070627661135,137.76071990128793,11949.548486328125,13119.857506823573,10779.239465832678,0.19587501935063692,0.36384445083115335,706.4299746406673,13710.7001953125,10565.1396484375,16212.23046875,10565.1396484375,-0.042073942716348345,-0.06132265852631458,-0.12884498606078953,-0.20888833476388802
2022-09-09,11643.0302734375,12132.669921875,11471.5,12112.3095703125,17800080000.0,12327.4580078125,12160.73701171875,11913.199462890625,13732.155322265626,13050.165673828125,46.802130610090245,-305.23733032774,-432.5120310868371,127.27470075909713,11913.199462890625,13013.794041013332,10812.604884767918,0.18476893324098823,0.5904557006638623,703.197113728834,13710.7001953125,10565.1396484375,16212.23046875,10565.1396484375,0.041394119110485406,-0.04307628591538937,-0.056621547339317124,-0.16045554287970065
2022-09-16,12174.9404296875,12270.1904296875,11316.919921875,11448.400390625,26454340000.0,12007.7,12142.04609375,11868.8875,13675.678824869792,13066.486759440104,41.89354590843727,-338.00663886578513,-413.6109526426267,75.6043137768416,11868.8875,12969.405330245958,10768.369669754044,0.18544582720932473,0.3089594289985174,721.0594990205244,13181.08984375,10565.1396484375,16212.23046875,10565.1396484375,-0.054812765132320806,-0.12253902843516584,-0.07184962699131348,-0.22838795404064927
2022-09-23,11338.5703125,11613.5703125,10732.7197265625,10867.9296875,22718590000.0,11640.2419921875,12083.5970703125,11805.0509765625,13612.266324869792,13075.268839518229,38.12829149931236,-406.1340262731901,-412.1155673687394,5.981541095549289,11805.0509765625,12979.790217707041,10630.311735417958,0.19902315432213624,0.10113646661302154,732.4731480860227,13181.08984375,10565.1396484375,16212.23046875,10565.1396484375,-0.05070321471289063,-0.14460907238159149,-0.10512689958581978,-0.25930846178297995
2022-09-30,10833.3798828125,11101.5,10572.330078125,10575.6201171875,22865220000.0,11327.0240234375,11957.748046875,11743.581982421874,13541.263997395834,13083.492260742187,36.35625073913304,-478.20001886775754,-425.33245766854304,-52.86756119921449,11743.581982421874,13034.782424955569,10452.38153988818,0.21989891065032796,0.047722481049298535,717.9514890709496,13181.08984375,10565.1396484375,16212.23046875,10565.1396484375,-0.026896527555630656,-0.12898429041613158,-0.10414060845510376,-0.2871534532601694
2022-10-07,10659.009765625,11230.4404296875,10577.8896484375,10652.400390625,22569590000.0,11131.33203125,11783.91904296875,11708.47099609375,13471.7556640625,13089.3779296875,37.18210055301348,-523.0874839155786,-444.88346291795017,-78.20402099762839,11708.47099609375,13076.00331530578,10340.938676881722,0.23359708021111772,0.11387727710989015,713.4421193158818,13181.08984375,10565.1396484375,16212.23046875,10565.1396484375,0.007260120218644861,-0.08412618941005967,-0.0618444051245316,-0.2813551929848833
2022-10-14,10659.9501953125,10766.6904296875,10088.830078125,10321.3896484375,22512590000.0,10773.148046875,11550.30302734375,11617.983984375,13398.534488932291,13094.079345703125,35.069341151225004,-578.700030165548,-471.6467763674698,-107.05325379807823,11617.983984375,13096.65361381526,10139.314354934739,0.2545484021029673,0.06156726623636832,710.9005644763545,13181.08984375,10565.1396484375,16212.23046875,10565.1396484375,-0.03107381717258928,-0.14785949050250324,-0.1491815067398674,-0.29856418436863963
2022-10-21,10575.650390625,10972.9697265625,10542.4296875,10859.7197265625,23776090000.0,10655.4119140625,11331.55595703125,11560.333447265624,13327.371484375,13099.513427734375,40.94632248407057,-572.7325313352903,-491.8639273610339,-80.86860397425642,11560.333447265624,13062.664141508045,10058.002753023204,0.2599113081115784,0.2668244004505205,706.6633868798291,13181.08984375,10088.830078125,16212.23046875,10088.830078125,0.05215674404914017,-0.05142034205447299,-0.09598240343333686,-0.28221555725156156
2022-10-28,10867.0703125,11210.3798828125,10713.330078125,11102.4501953125,24680370000.0,10702.316015625,11171.27900390625,11548.45498046875,13256.353662109375,13103.55517578125,43.43249827102214,-542.167159743658,-501.92457383755874,-40.24258590609924,11548.45498046875,13061.285735422834,10035.624225514666,0.26199708229588275,0.3525926367851416,691.6909881518056,13181.08984375,10088.830078125,16212.23046875,10088.830078125,0.022351448735485224,0.021579133704024533,-0.020949640808185843,-0.2773498173559983
2022-11-04,11028.4296875,11156.349609375,10262.9296875,10475.25,25423620000.0,10682.2419921875,11004.6330078125,11532.3,13179.016324869792,13103.322338867187,38.87786076416263,-562.0744521712277,-513.9545495042926,-48.119902666935104,11532.3,13083.246527779409,9981.35347222059,0.2689743637920293,0.15922422821583476,706.1001977034624,13181.08984375,10088.830078125,16212.23046875,10088.830078125,-0.05649205213974362,-0.009490707502284312,-0.029921202874788277,-0.30698575847856824
2022-11-11,10516.9404296875,11352.4296875,10344.009765625,11323.330078125,26869400000.0,10816.4279296875,10973.87998046875,11518.085498046876,13117.0056640625,13111.323592122395,46.975055591223004,-503.6128151951507,-511.88620264246424,8.273387447313553,11518.085498046876,13071.219743824417,9964.951252269335,0.26968618110030634,0.437302451333054,727.6944637157152,13181.08984375,10088.830078125,16212.23046875,10088.830078125,0.08096036639936988,0.06298389685863426,-0.024491673245021994,-0.24731767718650244
2022-11-18,11233.900390625,11492.6201171875,11006.2099609375,11146.0595703125,23736340000.0,10981.3619140625,10877.25498046875,11518.99599609375,13051.9783203125,13114.663509114584,45.6147829403908,-466.2115980713552,-502.7512817282424,36.539683656887235,11518.99599609375,13071.235190870128,9966.756801317373,0.26950945990479774,0.3798714698622923,710.459870325307,13181.08984375,10088.830078125,16212.23046875,10088.830078125,-0.015655333421301654,0.07989911726662147,0.0016364312582153318,-0.2592848458142061
2022-11-25,11091.009765625,11310.8203125,10975.66015625,11226.3603515625,14779100000.0,11054.6900390625,10855.0509765625,11498.54853515625,12996.305989583334,13116.458341471354,46.37234021738195,-425.1899371701347,-487.2390128166209,62.04907564648619,11498.54853515625,13054.888947066636,9942.208123245862,0.2707020642043563,0.41255506137643694,683.6527478913565,13181.08984375,10088.830078125,16212.23046875,10088.830078125,0.007204409840396053,0.033761518182021666,-0.03514725725849477,-0.22931342026417945
2022-12-02,11147.5703125,11546.76953125,10944.3701171875,11461.5,25198780000.0,11126.5,10914.4080078125,11499.0025390625,12944.338655598958,13120.143343098958,48.62888709422284,-369.44741109387724,-463.6806924720722,94.23328137819499,11499.0025390625,13055.294157707925,9942.710920417074,0.2706828898173821,0.4879513136827334,677.8489383321526,13181.08984375,10088.830078125,16212.23046875,10088.830078125,0.020945314516362723,0.0323396906422595,0.0007928523567020118,-0.2138640883531603
2022-12-09,11380.990234375,11425.509765625,10910.6201171875,11004.6201171875,22186460000.0,11232.3740234375,10957.3080078125,11457.52802734375,12879.459993489583,13117.583512369793,44.69372254171789,-358.0105233542854,-442.5466586485149,84.5361352942295,11457.52802734375,13020.08567696467,9894.970377722828,0.27275650487466907,0.3550748158744334,668.7797200807488,13181.08984375,10088.830078125,16212.23046875,10088.830078125,-0.039862136963966344,0.0505353206069068,-0.07009316372189134,-0.26130300895267844
2022-12-16,11015.48046875,11571.6396484375,10642.099609375,10705.41015625,29946270000.0,11108.7900390625,10962.608984375,11373.264013671875,12806.380159505208,13109.331681315105,42.280657677157734,-368.8387076404524,-427.8050684469024,58.966360806449984,11373.264013671875,12906.94017145833,9839.58785588542,0.2696985062410953,0.28227024850350935,687.405457150874,13181.08984375,10088.830078125,16212.23046875,10088.830078125,-0.027189485666132218,-0.05457051217368736,-0.1360118133045798,-0.2905720257060974
2022-12-23,10707.4404296875,10753.5703125,10313.3203125,10497.8603515625,22410180000.0,10979.1501953125,10980.2560546875,11265.279541015625,12723.038004557291,13102.537768554688,40.64149118770966,-389.6757172683265,-420.17919821118727,30.50348094286079,11265.279541015625,12724.357430420168,9806.201651611082,0.25903980173633573,0.23701911494035716,669.7514959258116,13181.08984375,10088.830078125,16212.23046875,10088.830078125,-0.019387375323151823,-0.05815501116434696,-0.17062460637723087,-0.32264831445756936
2022-12-30,10462.1904296875,10502.080078125,10207.4697265625,10466.48046875,15783390000.0,10827.17421875,10940.93212890625,11136.24404296875,12631.286181640626,13099.312190755209,40.38655480953367,-404.0634993120384,-416.9560584313575,12.892559119319117,11136.24404296875,12383.193262809487,9889.294823128013,0.2239443056437042,0.2314391141347785,642.9556998998607,13181.08984375,10088.830078125,16212.23046875,10088.830078125,-0.0029891693889630977,-0.06768710953650614,-0.19779813706599758,-0.3446813641507491
2023-01-06,10562.0595703125,10613.0595703125,10265.0400390625,10569.2900390625,19830080000.0,10648.7322265625,10887.61611328125,11029.44755859375,12543.091682942708,13097.44560546875,41.67737616310515,-402.52993263404096,-414.07083327189423,11.54090063785327,11029.44755859375,12069.260440765043,9989.634676422458,0.18855212405649593,0.27873061229518065,621.888830710585,13181.08984375,10088.830078125,16212.23046875,10088.830078125,0.009822745154826507,-0.07784408331697423,-0.1681143446133767,-0.33362860349609147
2023-01-13,10662.099609375,11084.009765625,10589.58984375,11079.16015625,25886490000.0,10663.640234375,10948.00712890625,10976.320068359375,12460.120345052082,13098.825610351563,47.723026873942125,-356.06778491827026,-402.47022360116944,46.402438682899174,10976.320068359375,11883.507726561695,10069.132410157055,0.16529905333526165,0.5566807137204736,614.2338947000076,12655.83984375,10088.830078125,16212.23046875,10088.830078125,0.04824071581942557,0.006773522235999696,-0.08751236918901473,-0.3100295028486295
2023-01-20,11070.0,11223.41015625,10804.5703125,11140.4296875,21067950000.0,10750.644140625,10929.71708984375,10951.79853515625,12387.599837239582,13099.37069498698,48.41501554426031,-310.72046686553404,-384.12027225404233,73.3998053885083,10951.79853515625,11812.197292584371,10091.399777728127,0.15712465028756056,0.6096184476762851,600.277176775007,12270.1904296875,10088.830078125,16212.23046875,10088.830078125,0.0055301602635859926,0.04063548475964063,-0.042166327274027915,-0.28087567277252257
2023-01-27,11171.9404296875,11691.8896484375,11069.1796875,11621.7099609375,29130930000.0,10975.4140625,10977.28212890625,10927.2685546875,12329.8705078125,13099.718774414063,53.609643487444444,-233.25823897888222,-353.94786559901036,120.68962662012814,10927.2685546875,11674.448742561373,10180.088366813627,0.13675516148147626,0.9647081236361852,601.8795185008993,12270.1904296875,10088.830078125,15901.4697265625,10088.830078125,0.04320123073686433,0.10705511139779311,-0.040504216518496894,-0.2296090097563227
2023-02-03,11512.33984375,12269.5498046875,11388.5400390625,12006.9501953125,30146210000.0,11283.5080078125,11055.34111328125,10955.196044921875,12269.476350911458,13102.513696289063,57.31495830981249,-139.1788310380125,-310.9940586868108,171.81522764879827,10955.196044921875,11811.925445166251,10098.466644677499,0.1564060372322594,1.1138193402086,621.8173932954779,12270.1904296875,10088.830078125,15901.4697265625,10088.830078125,0.03314832633664544,0.14718125459288012,0.04878845826748801,-0.23183048025163977
2023-02-10,11904.41015625,12150.2197265625,11630.5400390625,11718.1201171875,26732780000.0,11513.2740234375,11081.003125,10997.70556640625,12211.950358072916,13103.929028320312,53.84264238935145,-86.92438568077159,-266.1801240856029,179.25573840483133,10997.70556640625,11915.117454358819,10080.293678453681,0.16683696111212654,0.8926341920361601,614.5218428815152,12269.5498046875,10088.830078125,15901.4697265625,10088.830078125,-0.024055240791933885,0.10869510382240422,0.0782292905948192,-0.22753015498123053
2023-02-17,11759.08984375,12071.2900390625,11673.2099609375,11787.26953125,24926590000.0,11654.8958984375,11159.26806640625,11058.288037109374,12147.515348307292,13111.226359049479,54.55253343741138,-39.47750929982067,-220.83960112844647,181.3620918286258,11058.288037109374,12015.374582181566,10101.201492037182,0.17309850165964272,0.8808336340605641,599.0617168274784,12269.5498046875,10088.830078125,15901.4697265625,10088.830078125,0.005901067182360942,0.06391363289396446,0.11457005836407896,-0.2469819953782666
2023-02-24,11640.3701171875,11684.1396484375,11334.4697265625,11394.9404296875,18821040000.0,11705.798046875,11228.22109375,11095.4150390625,12076.681526692708,13107.057275390625,49.86649045523636,-33.151052894663735,-183.30189148168995,150.15083858702621,11095.4150390625,12044.213757460719,10146.616320664281,0.1710253676960942,0.6578445379493476,588.6144373889086,12269.5498046875,10088.830078125,15901.4697265625,10088.830078125,-0.03328413764717697,0.022845684531636268,0.06970635836369765,-0.2716546833362785
2023-03-03,11517.1904296875,11699.6298828125,11273.6103515625,11689.009765625,25178450000.0,11719.2580078125,11347.33603515625,11163.796044921875,12022.566682942708,13105.88827311198,53.11727433052528,-4.358115204500791,-147.5131362262521,143.1550210217513,11163.796044921875,12076.025752286669,10251.566337557082,0.16342643733262097,0.7878736114724534,577.0005155218437,12269.5498046875,10088.830078125,15852.1396484375,10088.830078125,0.025807009501458644,0.00579086940852136,0.1325034868143493,-0.21738834218779446
2023-03-10,11736.8701171875,11827.919921875,11093.8603515625,11138.8896484375,26746960000.0,11545.6458984375,11414.576953125,11177.754541015625,11959.985677083334,13099.920939127604,46.980125807008726,-25.63410653110259,-123.13733028722221,97.50322375611962,11177.754541015625,12079.428132059427,10276.080949971823,0.16133358229243683,0.4784484690667638,588.2190194354621,12269.5498046875,10207.4697265625,15319.0302734375,10088.830078125,-0.04706302143790586,-0.07229650600315551,0.025706917757017278,-0.2521098011959715
2023-03-17,11041.4599609375,11773.1103515625,10982.7998046875,11630.509765625,31049050000.0,11528.123828125,11520.69892578125,11204.15751953125,11924.3455078125,13095.126440429687,52.28574199163692,-2.793644728939398,-99.06859317556565,96.27494844662625,11204.15751953125,12126.160830519719,10282.154208542783,0.1645823542521994,0.7312097153082143,602.6541285382863,12269.5498046875,10207.4697265625,14740.5400390625,10088.830078125,0.044135468857657845,-0.007476485194412574,0.04756243541046912,-0.1553070370358287
2023-03-24,11614.3896484375,12013.990234375,11550.6904296875,11823.9599609375,24063200000.0,11535.4619140625,11595.17890625,11271.593017578125,11891.902001953125,13089.790852864584,54.22677473271121,30.565064796017396,-73.14186158124906,103.70692637726646,11271.593017578125,12167.399748271278,10375.786286884972,0.15894944561893545,0.8083069843268351,592.7002482632302,12269.5498046875,10207.4697265625,14646.900390625,10088.830078125,0.016632993670170793,0.003112716612632571,0.12875205469439877,-0.1413601838839963
2023-03-31,11868.5400390625,12227.9296875,11635.0302734375,12221.91015625,23120800000.0,11700.855859375,11703.326953125,11316.522021484376,11860.633675130208,13088.491186523437,58.01089984743335,88.09780077587493,-40.89392910982426,128.9917298856992,11316.522021484376,12303.679772459876,10329.364270508875,0.1744630990160025,0.9585833084281249,592.7144743917495,12269.5498046875,10207.4697265625,14646.900390625,10088.830078125,0.03365625362629765,0.07257341375896775,0.07935652073420729,-0.13307549367354465
2023-04-07,12146.08984375,12224.6796875,11898.3603515625,12087.9599609375,17356590000.0,11780.6458984375,11749.951953125,11363.617041015625,11832.24716796875,13082.927189127604,56.3230287160678,121.48385696563855,-8.418371894731699,129.90222886037026,11363.617041015625,12402.279869505235,10324.954212526014,0.18280496865402637,0.8486901138915268,573.686250216446,12269.5498046875,10207.4697265625,14646.900390625,10088.830078125,-0.010959841268674442,0.03413036718351714,0.08450523565599344,-0.12349879317140222
2023-04-14,11975.1298828125,12205.7197265625,11916.5400390625,12123.4697265625,23519530000.0,11977.5619140625,11761.60390625,11408.472509765625,11808.503824869791,13077.250016276043,56.68284330097965,149.0892799337944,23.08315847097352,126.00612146282087,11408.472509765625,12495.891361894615,10321.053657636634,0.19063355785766462,0.8287588841213421,553.3643528795569,12269.5498046875,10207.4697265625,14646.900390625,10088.830078125,0.002937614431198554,0.08839122293155244,0.07991097264886382,-0.10515154948842464
2023-04-21,12108.23046875,12245.4296875,11986.8203125,12072.4599609375,24106270000.0,12065.951953125,11797.037890625,11439.0205078125,11781.467822265626,13070.451513671875,55.9695497996403,164.94928209620957,51.45638319602074,113.49289890018883,11439.0205078125,12564.347359596226,10313.693656028774,0.1967523095207605,0.7814468756881398,532.31042588816,12269.5498046875,10207.4697265625,14646.900390625,10088.830078125,-0.0042075220028171545,0.03799921105940873,0.05330541036840719,-0.11845236613859045
2023-04-28,12053.4697265625,12227.7197265625,11798.76953125,12226.580078125,25527130000.0,12146.4759765625,11840.9689453125,11500.118505859375,11763.353483072917,13062.323177083334,57.70148809425877,187.7899281005666,78.72309217692992,109.06683592363669,11500.118505859375,12656.72472120116,10343.512290517589,0.20114683422653232,0.8140487931974973,524.9275522756129,12269.5498046875,10207.4697265625,14646.900390625,10088.830078125,0.012766256229979733,0.03405120776098913,0.11104063092818528,-0.08163632513342844
2023-05-05,12210.0498046875,12264.830078125,11925.3701171875,12235.41015625,25772570000.0,12149.1759765625,11925.01591796875,11576.618505859375,11753.213492838542,13055.964095052082,57.80389789528057,204.24935865981206,103.82834547350636,100.4210131863057,11576.618505859375,12715.103212566626,10438.133799152123,0.19668691788211218,0.7893282828084691,511.67986718003345,12269.5498046875,10207.4697265625,14646.900390625,10088.830078125,0.0007222034345317763,0.0011045736572605769,0.14291839151130148,-0.04736907774378485
2023-05-12,12231.6796875,12364.650390625,12174.0595703125,12284.740234375,21950890000.0,12188.53203125,11984.58896484375,11665.9625,11726.395166015625,13045.478100585937,58.409713266750906,218.75245882121817,126.81316814304873,91.93929067816944,11665.9625,12729.805287087016,10602.119712912983,0.18238405739552419,0.790821981351831,488.74493526092397,12269.5498046875,10207.4697265625,14646.900390625,10088.830078125,0.004031746994586971,0.016279030876458878,0.17021372193682693,-0.11581388784316793
2023-05-19,12301.169921875,12731.73046875,12263.349609375,12657.900390625,21017290000.0,12295.4181640625,12136.4900390625,11775.53349609375,11701.20517578125,13042.03818359375,62.76473699991322,257.3901428215104,152.92856307874106,104.46157974276932,11775.53349609375,12771.914442323823,10779.152549863678,0.16922901141771585,0.9427859132944036,487.2903584119294,12364.650390625,10207.4697265625,14646.900390625,10088.830078125,0.03037590939089041,0.04408231934555529,0.20937505481598806,-0.10666719138531444
2023-05-26,12664.4404296875,13001.91015625,12415.849609375,12975.6904296875,21800340000.0,12476.0642578125,12271.00810546875,11895.853515625,11679.775016276042,13034.699772135416,66.02729634319606,310.0793839113794,184.35872724526874,125.72065666611067,11895.853515625,12861.222895258932,10930.484135991068,0.16230350825452516,1.0592869096759492,494.3453718735773,12731.73046875,10265.0400390625,14646.900390625,10088.830078125,0.02510606255820025,0.0748174333708751,0.22767852729287474,-0.09015949025786207
2023-06-02,13109.099609375,13256.2099609375,12889.3701171875,13240.76953125,19786300000.0,12678.9021484375,12412.6890625,12003.933984375,11671.937841796875,13027.577270507812,68.50614340478967,368.972371398042,221.2814560758234,147.69091532221861,12003.933984375,13059.194472312165,10948.673496437836,0.1758191088539393,1.0860332879954502,485.2378341504646,13001.91015625,10589.58984375,14534.3798828125,10088.830078125,0.020428901490745943,0.0829495612546245,0.19510588749640823,-0.034295855061629354
2023-06-09,13238.48046875,13385.9501953125,13089.48046875,13259.1396484375,23118660000.0,12883.648046875,12516.41201171875,12109.869482421875,11670.405501302082,13022.44960123698,68.67671552074692,412.3742100148229,259.5000068636233,152.8742031511996,12109.869482421875,13221.024600346553,10998.714364497197,0.18351231935861562,1.0171510923524951,471.7543978941814,13256.2099609375,10804.5703125,13710.7001953125,10088.830078125,0.0013873904491839006,0.08366940536640421,0.19018206840933405,-0.006886366432491076
2023-06-16,13326.3701171875,13864.0595703125,13302.580078125,13689.5703125,29761380000.0,13164.6140625,12676.573046875,12213.2625,11684.576839192709,13026.593107096354,72.44282427175375,476.0154276025878,302.8030910114162,173.2123365911716,12213.2625,13495.189264905577,10931.335735094424,0.20992372265896625,1.0758159720648084,481.2662210356685,13385.9501953125,10982.7998046875,13710.7001953125,10088.830078125,0.03246294069413658,0.11435570075743429,0.17793081728187343,0.06622486686184281
2023-06-23,13642.2900390625,13711.1796875,13441.5595703125,13492.51953125,22666400000.0,13331.537890625,12813.47802734375,12287.540966796874,11703.874837239584,13031.362849934896,68.38894238715491,504.7329525348523,343.18906331610344,161.54388921874886,12287.540966796874,13680.399116448125,10894.682817145624,0.22671064184689216,0.932556095089379,466.1486421893708,13864.0595703125,10982.7998046875,13864.0595703125,10088.830078125,-0.01439422690061154,0.06593661783301408,0.12372578479733054,0.0938722099562248
2023-06-30,13468.740234375,13816.6796875,13334.419921875,13787.919921875,23066790000.0,13493.9837890625,12985.0240234375,12391.03095703125,11731.2625,13035.263346354166,71.00814618090939,545.0451989272533,383.5602904383334,161.48490848891987,12391.03095703125,13901.856060644945,10880.205853417554,0.24385785312825525,0.962293405604188,467.29943672048717,13864.0595703125,10982.7998046875,13864.0595703125,10088.830078125,0.021893641876213232,0.06259624461517466,0.17663241065873958,0.13530718393789964
2023-07-07,13798.7001953125,13844.5,13567.25,13660.7197265625,19452840000.0,13577.973828125,13128.43798828125,12484.703466796875,11762.191162109375,13038.97567545573,68.38075025278454,560.2705023274011,418.902332816147,141.3681695112541,12484.703466796875,14064.896708083721,10904.510225510028,0.253140692606657,0.8721115332729573,453.7244769547381,13864.0595703125,10982.7998046875,13864.0595703125,10088.830078125,-0.009225481148225412,0.031716449283507364,0.15893843695910004,0.15719777438055904
2023-07-14,13645.3701171875,14232.1103515625,13584.8701171875,14113.7001953125,25897410000.0,13748.8859375,13316.2669921875,12620.641455078125,11808.175830078126,13047.100423177084,72.31005587277775,601.9495038964342,455.5117670322045,146.4377368642297,12620.641455078125,14268.762659986836,10972.520250169413,0.2611786747567514,0.9529578091063621,467.5470310561854,13864.0595703125,10982.7998046875,13864.0595703125,10088.830078125,0.033159341368317774,0.06445067851560826,0.23859359181393813,0.24299184381770522
2023-07-21,14149.919921875,14446.5498046875,14020.4501953125,14032.8095703125,24911850000.0,13817.5337890625,13491.07392578125,12737.8314453125,11839.870491536458,13051.70625,70.62230047233123,621.2913555086798,488.66768472749953,132.62367078118024,12737.8314453125,14436.838733997118,11038.824156627883,0.2667655473349585,0.8810984607377936,464.5865009361007,14232.1103515625,10982.7998046875,14232.1103515625,10088.830078125,-0.005731354916187481,0.025073048311756496,0.2005131188768563,0.15676031052922101
2023-07-28,14081.6298828125,14360.2001953125,13997.1298828125,14316.66015625,21786900000.0,13982.3619140625,13656.94990234375,12896.719970703125,11878.269319661458,13055.176831054687,73.00349381259804,652.0083360715944,521.3358149963185,130.67252107527588,12896.719970703125,14561.910818245093,11231.529123161157,0.25823478393338833,0.9263595934492693,457.3353446192364,14446.5498046875,10982.7998046875,14446.5498046875,10088.830078125,0.020227637560051193,0.061081299388984434,0.28528611092383516,0.19179067519191073
2023-08-04,14337.900390625,14370.91015625,13881.349609375,13909.240234375,26436590000.0,14006.6259765625,13750.3048828125,13010.656494140625,11921.089664713541,13053.984334309896,64.87531076610729,636.1433175474194,544.2973155065387,91.84600204088076,13010.656494140625,14624.755695994667,11396.557292286583,0.24811956300298216,0.7783545581344111,459.6371447803624,14446.5498046875,10982.7998046875,14446.5498046875,10088.830078125,-0.028457749044014213,0.008799029381329815,0.19592696405148025,0.22656228201767448
2023-08-11,13972.4501953125,13997.150390625,13609.98046875,13644.849609375,25706200000.0,14003.451953125,13790.712890625,13101.7009765625,11968.531331380209,13050.88466796875,60.1917588582194,595.3729732045795,554.5124470461469,40.86052615843255,13101.7009765625,14641.490017764847,11561.911935360155,0.23505177594220156,0.6763711191204417,454.4609145728365,14446.5498046875,11550.6904296875,14446.5498046875,10088.830078125,-0.01900827223809043,-0.0011617336059271954,0.15399998430755213,0.2636050973501267
2023-08-18,13599.0,13789.16015625,13161.759765625,13290.7802734375,25071190000.0,13838.86796875,13793.876953125,13155.144482421874,11996.584000651043,13045.285506184895,54.51572914656254,528.400671229223,549.2900918827622,-20.88942065353922,13155.144482421874,14642.379930067198,11667.90903477655,0.22610704878727753,0.5455999724960738,466.8137342908482,14446.5498046875,11635.0302734375,14446.5498046875,10088.830078125,-0.025948936490602925,-0.058306461841120316,0.08745524255395587,0.14500475887884456
2023-08-25,13347.259765625,13834.6904296875,13325.58984375,13590.650390625,21127230000.0,13750.4361328125,13783.9849609375,13230.27900390625,12037.630680338541,13043.938924153646,58.11791011193133,493.8290973064595,538.1978929675017,-44.36879566104221,13230.27900390625,14644.29633410232,11816.261673710178,0.21375472577389815,0.6274282072160957,472.32062157364476,14446.5498046875,11798.76953125,14446.5498046875,10088.830078125,0.02256226579765297,-0.031508956027089696,0.12431298867165985,0.22131866152963986
2023-09-01,13695.3603515625,14149.6201171875,13626.6396484375,14031.8095703125,21382030000.0,13693.466015625,13837.91396484375,13325.69599609375,12077.572347005209,13048.954166666666,62.78712946069455,496.30760959496183,529.8198362929937,-33.512226698031895,13325.69599609375,14684.560336267645,11966.831655919854,0.20394647162478094,0.759817537830299,478.509843358563,14446.5498046875,11798.76953125,14446.5498046875,10088.830078125,0.032460490631987415,-0.019896441127237874,0.15740871935109713,0.20596787610315692
2023-09-08,13994.5400390625,14060.849609375,13642.4697265625,13761.5302734375,17076300000.0,13663.9240234375,13835.275,13410.14951171875,12116.05751953125,13051.375333658854,58.4851928975481,471.03279514612404,518.0624280636198,-47.029632917495746,13410.14951171875,14651.863207096734,12168.435816340765,0.18519013442659774,0.6414902497357847,474.21484617670137,14446.5498046875,11798.76953125,14446.5498046875,10088.830078125,-0.019261898867758087,-0.010619556384715567,0.1399110303919231,0.20162641322223274
2023-09-15,13884.0302734375,13957.5703125,13684.240234375,13708.330078125,26785890000.0,13676.6201171875,13840.03603515625,13484.23701171875,12147.294514973959,13051.03858235677,57.64792928832866,441.6188047678788,502.7737034044716,-61.15489863659275,13484.23701171875,14605.625472455358,12362.84855098214,0.16632583063647483,0.5999176798462195,459.86593417300844,14446.5498046875,11798.76953125,14446.5498046875,10088.830078125,-0.0038658633346312365,0.004652339202506406,0.1211908800770094,0.15837436620785272
2023-09-22,13669.9599609375,13751.2802734375,13200.6396484375,13211.8095703125,23409370000.0,13660.8259765625,13749.84697265625,13533.056982421875,12160.979833984375,13046.016243489583,50.39647524269323,373.9324891216129,477.0054605478999,-103.07297142628698,13533.056982421875,14508.202182324756,12557.911782518993,0.14411307085597883,0.33528226763492813,466.3498406606507,14446.5498046875,11925.3701171875,14446.5498046875,10088.830078125,-0.03622034959639764,-0.0059417657579388106,0.07980111836003667,0.06626903845952259
2023-09-29,13172.5400390625,13382.98046875,12963.16015625,13219.3203125,23422130000.0,13586.5599609375,13668.498046875,13579.785986328125,12170.34267578125,13038.932080078124,50.49791197545426,317.2397085576267,445.05231014984525,-127.81260159221853,13579.785986328125,14386.13638199319,12773.435590663059,0.11875745265453877,0.2764832287762332,463.02630293489,14446.5498046875,12174.0595703125,14446.5498046875,10088.830078125,0.0005684870151607679,-0.02732246562542351,0.07607650306759206,0.04438224747134378
2023-10-06,13217.98046875,13472.26953125,13008.599609375,13431.33984375,22023970000.0,13466.466015625,13579.966015625,13618.457958984374,12176.745166015626,13033.940079752605,53.395196170340746,286.12025951396026,413.2659000226683,-127.14564050870803,13618.457958984374,14310.30441293856,12926.611505030189,0.10160422803196456,0.36476904364767815,463.07227571632643,14446.5498046875,12263.349609375,14446.5498046875,10088.830078125,0.016038610627319372,-0.04279346320612354,0.061103297486670316,0.029443075590313228
2023-10-13,13326.2197265625,13714.1396484375,13277.48046875,13407.23046875,21407890000.0,13395.6060546875,13529.7650390625,13640.0349609375,12188.445345052083,13025.997086588543,53.01521430885163,256.5550400693337,381.9237280320014,-125.3686879626677,13640.0349609375,14274.922855749095,13005.147066125906,0.09309182808252238,0.3166570081978123,461.1856259999817,14446.5498046875,12415.849609375,14446.5498046875,10088.830078125,-0.0017950089328742092,-0.02574566909694409,0.03325757819215269,0.055253726995356356
2023-10-20,13453.8095703125,13602.25,12977.4296875,12983.8095703125,22981100000.0,13250.701953125,13463.66103515625,13627.186962890624,12202.480338541667,13012.20108235677,46.72607771674215,196.69053675366376,344.8770897763339,-148.18655302267013,13627.186962890624,14302.95773079534,12951.416194985908,0.09917978959927184,0.023967724608028172,472.8738178928402,14446.5498046875,12889.3701171875,14446.5498046875,10088.830078125,-0.031581533518382,-0.05285257239090335,-0.019406724082844273,0.06935593191438572
2023-10-27,12930.849609375,13170.3896484375,12543.8603515625,12643.009765625,22940630000.0,13136.9419921875,13398.883984375,13596.38046875,12219.349495442708,12995.043497721354,42.36940803560647,120.36035131185963,299.97374208343905,-179.61339077157942,13596.38046875,14383.463155904203,12809.297781595797,0.11577826745334739,-0.10563567124823434,483.84920924870875,14446.5498046875,12963.16015625,14446.5498046875,10088.830078125,-0.02624805938826613,-0.043052376864832875,-0.04646831537709206,0.08702274668154941
2023-11-03,12750.4697265625,13520.2802734375,12691.5595703125,13478.2802734375,22891770000.0,13188.733984375,13387.64697265625,13585.815966796876,12242.115673828124,12987.135498046875,53.75115005672321,125.81713711529483,265.1424210898102,-139.3252839745154,13585.815966796876,14373.283669907774,12798.348263685977,0.11592497720202222,0.4317205690248915,511.95073057469386,14446.5498046875,12543.8603515625,14446.5498046875,10088.830078125,0.06606579630140863,0.019589506481103358,-0.015434380644480106,0.1127754120876352
2023-11-10,13514.080078125,13802.5302734375,13435.990234375,13798.1103515625,23421970000.0,13262.0880859375,13364.27705078125,13601.0955078125,12281.277506510416,12978.478165690105,57.23397304696874,154.17209362522226,242.94835559689264,-88.77626197167038,13601.0955078125,14392.57795368961,12809.613061935392,0.11638510227686875,0.6244593893245922,501.5642526095372,14446.5498046875,12543.8603515625,14446.5498046875,10088.830078125,0.023729294215324215,0.027307067804048568,0.022648907018790743,0.20524351706476462
2023-11-17,13745.9599609375,14194.3603515625,13687.7802734375,14125.48046875,23699730000.0,13405.7380859375,13400.6720703125,13617.97353515625,12335.57001953125,12973.918172200521,60.51191285441387,200.74556355963432,234.507797189441,-33.76223362980667,13617.97353515625,14438.534462825286,12797.412607487215,0.12051145870575679,0.8092439065039464,501.9225258606417,14446.5498046875,12543.8603515625,14446.5498046875,10088.830078125,0.0237257210477686,0.05357183958865486,0.024482340250573165,0.29973977334402035
2023-11-24,14134.75,14359.6103515625,14134.2001953125,14250.849609375,15087490000.0,13659.14609375,13454.9240234375,13647.480029296876,12396.823844401042,12969.043920898437,61.72192156162101,244.94800776255215,236.59583930406325,8.352168458488904,13647.480029296876,14513.262150225079,12781.697908368673,0.12687794656151014,0.8484534766271526,482.79447992863163,14446.5498046875,12543.8603515625,14446.5498046875,10088.830078125,0.00887538947098876,0.09758615390968073,0.04319903303960082,0.3475190533947523
2023-12-01,14239.3095703125,14423.2197265625,14127.0498046875,14305.0302734375,24855570000.0,13991.5501953125,13564.24609375,13657.046533203125,12457.701009114584,12964.728336588541,62.26014301817252,281.11022633378343,245.4987167100073,35.61150962377613,13657.046533203125,14547.111039295203,12766.982027111048,0.13034509385732057,0.8640094261703658,469.46415435337224,14446.5498046875,12543.8603515625,14446.5498046875,10088.830078125,0.003801925186752264,0.13145766226736266,0.013556337138898922,0.3428926578864908
2023-12-08,14168.66015625,14416.919921875,14058.51953125,14403.9697265625,28741320000.0,14176.6880859375,13682.71103515625,13675.604541015626,12525.744010416667,12962.13924967448,63.2756316801642,314.1315194655617,259.2252772611182,54.906242204443515,13675.604541015626,14610.578607892967,12740.630474138285,0.1367360490826104,0.8895109026817682,461.53102837277424,14446.5498046875,12543.8603515625,14446.5498046875,10088.830078125,0.006916409908528376,0.06868008635710865,0.026449454358392854,0.3955455822504521
2023-12-15,14340.1298828125,14855.6201171875,14324.5703125,14813.919921875,33700760000.0,14379.85,13820.96904296875,13700.467529296875,12591.647347005208,12959.509415690105,67.21232615424753,369.1256362807362,281.20534906504184,87.92028721569437,13700.467529296875,14724.511353497557,12676.423705096193,0.1494903472470384,1.0436546592364984,466.49665525239755,14423.2197265625,12543.8603515625,14446.5498046875,10207.4697265625,0.028460917586941914,0.0736194699441195,0.034732944709029656,0.36411622904416796
2023-12-22,14814.01953125,15069.2900390625,14776.2900390625,14992.9697265625,28180200000.0,14553.3478515625,13979.54296875,13754.65400390625,12656.489339192709,12956.421500651042,68.78613630838879,422.2888103841542,309.42204132886434,112.86676905528986,13754.65400390625,14921.837038083555,12587.470969728944,0.16971463387531693,1.0304719510119864,454.10403702008347,14855.6201171875,12543.8603515625,14855.6201171875,10207.4697265625,0.012086591910295486,0.06141307969889298,0.07791435577546468,0.3504199039679181
2023-12-29,15028.6904296875,15150.0703125,14955.3701171875,15011.349609375,24132400000.0,14705.4478515625,14182.29697265625,13822.97900390625,12732.090999348959,12955.553662109374,68.95089351246021,460.59466324926507,339.6565657129445,120.93809753632058,13822.97900390625,15110.258453256913,12535.699554555587,0.18625210224031868,0.9615822174696392,435.57519118382754,15069.2900390625,12543.8603515625,15069.2900390625,10207.4697265625,0.0012259000816854382,0.05336523932578041,0.10014767763076815,0.43303020065153586
2024-01-05,14873.7001953125,14887.7998046875,14477.5703125,14524.0703125,21763160000.0,14749.255859375,14370.40302734375,13884.643505859374,12785.436669921875,12951.221166992187,59.92076125473706,446.486146361538,361.02248184266324,85.46366451887474,13884.643505859374,15182.155372614608,12587.13163910414,0.1868988377278364,0.7464049936744235,442.58977016176846,15150.0703125,12543.8603515625,15150.0703125,10207.4697265625,-0.032460725354812925,0.015312098952298347,0.09279289956567194,0.28266774988378707
2024-01-12,14564.4697265625,15063.6103515625,14560.2001953125,14972.759765625,25814400000.0,14863.0138671875,14519.8509765625,13953.748974609374,12849.215006510416,12950.596663411457,64.52754704725453,466.13719467472583,382.04542440907574,84.0917702656501,13953.748974609374,15326.318750510853,12581.179198707896,0.19673132695722764,0.8712054603367462,449.5147893689636,15150.0703125,12543.8603515625,15150.0703125,10207.4697265625,0.030892817472718992,0.039488422279421176,0.10169560214376472,0.34332314224346216
2024-01-19,14908.259765625,15310.9697265625,14706.23046875,15310.9697265625,22760310000.0,14962.423828125,14671.1369140625,14017.706982421874,12917.291829427084,12956.798909505209,67.55483516401154,503.20092234902404,406.2765239970654,96.92439835195864,14017.706982421874,15512.623777849292,12522.790186994456,0.21328977660926074,0.932553419727572,460.6022514006448,15150.0703125,12543.8603515625,15150.0703125,10207.4697265625,0.022588351528485484,0.03355288858781602,0.09116145354169825,0.36384092859013717
2024-01-26,15393.0498046875,15629.0703125,15333.6298828125,15455.3603515625,25439230000.0,15054.901953125,14804.12490234375,14102.398486328126,12983.856168619792,12964.097412109375,68.77983224123504,538.0233124374445,432.6258816851412,105.39743075230325,14102.398486328126,15716.811618903062,12487.985353753189,0.2289558239529346,0.9190259103865328,450.4235610104202,15310.9697265625,12543.8603515625,15310.9697265625,10207.4697265625,0.009430534288726422,0.030840496141388174,0.12308442771037109,0.3484587838906339
2024-02-02,15470.66015625,15664.2099609375,15158.490234375,15628.9501953125,25421770000.0,15178.4220703125,14941.9349609375,14198.4294921875,13060.928336588542,12970.194165039062,70.23483354518027,573.0221148578603,460.70512831968506,112.31698653817523,14198.4294921875,15931.766155463512,12465.092828911489,0.24415892817297258,0.9126494100751641,454.37328712128306,15629.0703125,12543.8603515625,15629.0703125,10207.4697265625,0.011231691775627217,0.041142242503751314,0.14010606005558035,0.4202171477870933
2024-02-09,15613.990234375,16007.2900390625,15471.6796875,15990.66015625,25631350000.0,15471.7400390625,15110.49794921875,14337.372021484374,13149.015836588542,12977.697998046875,73.05295753377446,622.7670183120845,493.11750631816494,129.64951199391953,14337.372021484374,16174.48123409537,12500.262808873378,0.2562686118290173,0.9499700190430937,460.17593458137,15664.2099609375,12543.8603515625,15664.2099609375,10207.4697265625,0.023143586512034853,0.10097650398234403,0.2103308082930362,0.49369897302948096
2024-02-16,15980.6201171875,16080.0703125,15551.4404296875,15775.650390625,27423910000.0,15632.3181640625,15247.666015625,14465.188525390626,13236.97900390625,12980.008504231771,68.87833854411639,637.4921093068515,521.9924269159022,115.49968239094926,14465.188525390626,16328.8792274686,12601.497823312651,0.25767942101918045,0.8515770786894086,465.065502312165,16007.2900390625,12543.8603515625,16007.2900390625,10207.4697265625,-0.013445959298995058,0.053623422640046936,0.19337832942195754,0.502749118612247
2024-02-23,15679.83984375,16134.2197265625,15451.650390625,15996.8203125,21173280000.0,15769.48828125,15365.9560546875,14593.462548828125,13329.151334635417,12980.21875813802,70.73117421474784,659.4071788191977,549.4753772965614,109.9318015226363,14593.462548828125,16507.34256063849,12679.582537017759,0.262292791091454,0.8666263702562049,480.6014904282604,16080.0703125,12543.8603515625,16080.0703125,10207.4697265625,0.01401970228792826,0.04479471896202902,0.19100704014602043,0.528385817970239
2024-03-01,16014.4501953125,16302.240234375,15924.7197265625,16274.9404296875,28145590000.0,15933.404296875,15494.153125,14736.848046875,13424.2455078125,12983.668595377605,72.91488833335956,691.2487135253723,577.8300445423237,113.41866898304863,14736.848046875,16702.74309967136,12770.952994078643,0.2667999353108934,0.8911939196918631,473.23856309856325,16134.2197265625,12543.8603515625,16134.2197265625,10265.0400390625,0.017385962444685044,0.053028855975017164,0.21389279222294633,0.5398328903396328
2024-03-08,16264.2099609375,16449.69921875,15862.6298828125,16085.1103515625,28078220000.0,16024.636328125,15601.52919921875,14891.9130859375,13507.678011067708,12983.899178059895,69.12403592796036,693.1751665242246,600.8990689387039,92.27609758552069,14891.9130859375,16767.411995997936,13016.414175877066,0.25188152781142364,0.8181012954005262,481.36933258705875,16302.240234375,12543.8603515625,16302.240234375,10589.58984375,-0.01166394918280167,0.02918687119412633,0.23885907787350247,0.45183480739634696
2024-03-15,16052.6298828125,16275.4501953125,15925.91015625,15973.169921875,28569880000.0,16021.13828125,15746.43916015625,15058.42109375,13588.223681640626,12987.911759440105,66.91476368673212,677.8553428129362,616.2903237135504,61.565019099385836,15058.42109375,16679.81140308483,13437.030784415168,0.21534665543491663,0.7820877930682443,471.9529544781617,16449.69921875,12543.8603515625,16449.69921875,10804.5703125,-0.006959257800592367,-0.001093778130739853,0.2633993185154655,0.43380196006241345
2024-03-22,16154.919921875,16538.859375,15951.8603515625,16428.8203125,24556830000.0,16151.772265625,15892.04521484375,15205.948095703125,13668.3421875,12999.10634765625,70.98050267619442,694.4759640255961,631.9274517759595,62.54851224963659,15205.948095703125,16760.96561050169,13650.930580904558,0.20452753159639958,0.8932020717320613,480.1705308324001,16449.69921875,12691.5595703125,16449.69921875,10982.7998046875,0.028525984062874876,0.04140367627968988,0.21891072000315326,0.41363193262609355
2024-03-29,16335.2998046875,16476.380859375,16279.169921875,16379.4599609375,19724580000.0,16228.3001953125,15998.89423828125,15335.015576171874,13741.217350260416,13005.346850585938,69.97728876387946,695.6459843493249,644.6711582906325,50.974826058692315,15335.015576171874,16828.49152511644,13841.539627227312,0.19477984114540875,0.8496689670509029,459.9591313086573,16538.859375,13435.990234375,16538.859375,10982.7998046875,-0.0030044976220808817,0.023919731606818262,0.18707993657136446,0.3641648957061572
2024-04-05,16397.05078125,16490.650390625,16046.5595703125,16248.51953125,24607000000.0,16223.016015625,16078.21015625,15441.167529296876,13816.724007161458,13014.337182617188,67.26146851863106,678.1896869714856,651.3748640268032,26.81482294468242,15441.167529296876,16876.333136966703,14006.001921627048,0.18588822444246592,0.7812748569358355,458.8256805232175,16538.859375,13687.7802734375,16538.859375,10982.7998046875,-0.007994184789960945,-0.0016234098399097174,0.15029853796455495,0.38661486388226707
2024-04-12,16285.1796875,16464.599609375,16092.01953125,16175.08984375,23831630000.0,16241.0119140625,16132.82412109375,15537.379541015625,13889.854345703125,13018.684847005208,65.72107677764606,650.9268044165256,651.2852521047478,-0.3584476882222134,15537.379541015625,16896.434491808795,14178.324590222453,0.17494004664113832,0.7346153488356727,452.66528035191624,16538.859375,14058.51953125,16538.859375,10982.7998046875,-0.004519161721704967,0.005593961758475485,0.13502635191021373,0.3722507830051025
2024-04-19,16276.4697265625,16295.26953125,15222.7802734375,15282.009765625,25152430000.0,16102.7798828125,16061.95908203125,15586.228515625,13954.638834635416,13015.660180664063,50.556098492480125,550.9061716308261,631.2094360099634,-80.30326437913732,15586.228515625,16829.929151216384,14342.527880033615,0.15958968320586217,0.37769615078819113,496.9384215991008,16538.859375,14058.51953125,16538.859375,10982.7998046875,-0.0552132993851705,-0.04327006847297521,0.06829621982706446,0.34112239198815186
2024-04-26,15396.1298828125,15981.0,15265.66015625,15927.900390625,23742310000.0,16002.5958984375,16077.18408203125,15662.425048828125,14025.28701171875,13023.92684733073,58.08835486179738,517.7883334468079,608.5252154973323,-90.7368820505244,15662.425048828125,16788.199621934036,14536.650475722212,0.14375482335542203,0.6179078601253415,512.5385231813079,16538.859375,14058.51953125,16538.859375,10982.7998046875,0.042264769811419134,-0.030490315941545165,0.10579935205308044,0.3626389839681472
2024-05-03,16007.0,16204.7099609375,15557.6396484375,16156.330078125,25268630000.0,15957.969921875,16093.13505859375,15729.545556640625,14108.911018880208,13034.44834798177,60.386781959648815,504.16289873344067,587.652752144554,-83.48985341111336,15729.545556640625,16803.856491461433,14655.234621819818,0.13659783506806522,0.6986317497343362,522.1479367040716,16538.859375,14324.5703125,16538.859375,10982.7998046875,0.014341481419261726,-0.013622542095077073,0.09061815936156958,0.450443499132009
2024-05-10,16208.5400390625,16437.390625,16197.8603515625,16340.8701171875,22939420000.0,15976.4400390625,16099.72802734375,15796.940576171875,14187.417024739583,13055.881266276041,62.19070240234759,502.4633971740095,570.6148811504452,-68.15148397643566,15796.940576171875,16846.80265426575,14747.078498078003,0.13291967175941485,0.7590480942045171,504.927408859138,16538.859375,14477.5703125,16538.859375,10982.7998046875,0.011422150833149791,0.005683630792324479,0.08990216182701771,0.40500033502266475
2024-05-17,16400.310546875,16797.830078125,16334.8603515625,16685.970703125,41781860000.0,16078.6162109375,16159.8140625,15880.671630859375,14268.450537109375,13080.17626953125,65.36690590559468,522.9351917287404,561.0789432661043,-38.14375153736387,15880.671630859375,16933.672630311292,14827.670631407458,0.13261416442938367,0.8823828622597605,501.9304315522353,16538.859375,14477.5703125,16538.859375,11550.6904296875,0.02111886230431015,0.03158442174417986,0.11155699769354199,0.4111998652101323
2024-05-24,16702.01953125,16996.390625,16678.369140625,16920.7890625,33972590000.0,16406.3720703125,16254.5759765625,16000.507568359375,14346.765185546876,13103.699430338542,67.37520563692732,551.746920498359,559.2125387125552,-7.4656182141961835,16000.507568359375,16949.013722322732,15052.00141439602,0.11855950817947858,0.9851215199264682,488.79407818243277,16797.830078125,14477.5703125,16797.830078125,11635.0302734375,0.014072801849701388,0.10723584934235753,0.1650170164721172,0.38446354507418
2024-05-31,16988.310546875,17032.66015625,16445.5390625,16735.01953125,26279240000.0,16567.7958984375,16285.1958984375,16088.620556640624,14424.216178385417,13128.231673177082,64.20328991624515,553.2132762096153,558.0126862119672,-4.7994100023519195,16088.620556640624,16963.410122657366,15213.830990623885,0.10874637299537387,0.8694596962059586,495.817436437259,16996.390625,14560.2001953125,16996.390625,11798.76953125,-0.010978774722846918,0.050673291572068235,0.11769772528314104,0.3844370419268075
2024-06-07,16865.69921875,17235.73046875,16646.4296875,17133.130859375,25380620000.0,16763.1560546875,16360.56298828125,16179.72861328125,14507.710530598959,13158.107177734375,67.7114894098329,579.8158742245923,562.3733238144923,17.44255041010001,16179.72861328125,17090.391154880403,15269.066071682098,0.1125683332972134,1.0234662690855523,502.49481820959767,17032.66015625,14706.23046875,17032.66015625,11798.76953125,0.023789116432257007,0.06045932315857727,0.11901017148843884,0.4132200802082544
2024-06-14,17083.44921875,17741.80078125,17057.33984375,17688.880859375,25666800000.0,17032.758203125,16504.59912109375,16291.404638671875,14601.317545572916,13191.39268391927,71.85777504146532,638.3841105699503,577.5754811655839,60.80862940436634,16291.404638671875,17354.412799856203,15228.396477487546,0.13049926446010718,1.1573214918435601,515.4923981589121,17235.73046875,15158.490234375,17235.73046875,11798.76953125,0.03243715375557876,0.08249320461642062,0.14451429517052294,0.4652258874007771
2024-06-21,17697.30078125,17936.7890625,17620.5703125,17689.359375,26735840000.0,17233.4359375,16656.02607421875,16394.42509765625,14692.3638671875,13227.858675130208,71.86112561582367,677.034045014947,597.4671939354566,79.56685107949033,16394.42509765625,17573.67053518238,15215.17966013012,0.1438593217513575,1.0490520616557637,501.2585661475613,17741.80078125,15158.490234375,17741.80078125,11798.76953125,2.7051774999398148e-05,0.060133670957907226,0.13183285850545912,0.4467953640322242
2024-06-28,17640.259765625,18035.0,17494.01953125,17732.599609375,29988800000.0,17395.798046875,16901.08505859375,16481.5220703125,14783.98369140625,13268.598592122396,72.18341150820928,703.0492084189755,618.5835968321604,84.46561158681504,16481.5220703125,17779.91078349651,15183.133357128492,0.15755689403501685,0.9817808127715888,504.0958449048784,17936.7890625,15222.7802734375,17936.7890625,11925.3701171875,0.0024444205953615405,0.047977109334347956,0.108934805449177,0.449285261623777
2024-07-05,17773.900390625,18366.310546875,17657.640625,18352.759765625,18281500000.0,17719.34609375,17143.57099609375,16610.3775390625,14885.117350260416,13305.75625813802,76.36458600594712,764.8909676139392,647.8450709885162,117.04589662542298,16610.3775390625,18100.361921548167,15120.393156576834,0.17940403569776556,1.0846981508812095,518.7082789741728,18035.0,15222.7802734375,18035.0,12174.0595703125,0.034972884399991244,0.09666796213497841,0.16335994467343795,0.493947728277603
2024-07-12,18371.859375,18671.0703125,18238.779296875,18398.44921875,27566190000.0,17972.409765625,17367.78291015625,16730.458984375,14980.7931640625,13340.999169921875,76.64313764052775,808.2705248665261,679.9301617641182,128.34036310240788,16730.458984375,18381.67817585277,15079.239792897231,0.1973907820484643,1.0050783817750513,512.5356173063748,18366.310546875,15222.7802734375,18366.310546875,12263.349609375,0.002489514040856955,0.07385213886244468,0.15013164237228782,0.45351508946749997
2024-07-19,18485.91015625,18641.529296875,17691.4296875,17726.939453125,28240750000.0,17980.021484375,17506.38984375,16803.058935546876,15059.980647786459,13369.87783203125,64.59400543173993,779.4785667682227,699.8398427649391,79.63872400328353,16803.058935546876,18494.9623136542,15111.155557439553,0.20138040158010764,0.7730299287574088,543.7901881684195,18671.0703125,15222.7802734375,18671.0703125,12415.849609375,-0.036498172081843694,0.00215155464342609,0.08921685641250487,0.36616541132693525
2024-07-26,17923.650390625,18128.380859375,17033.9609375,17357.880859375,28163090000.0,17913.72578125,17573.580859375,16866.6974609375,15128.599169921876,13400.268505859374,59.09526925992893,718.5972466283201,703.5913235376154,15.005923090704755,16866.6974609375,18541.455065123377,15191.93985675162,0.1985874956332786,0.6466431312835484,583.1208834331753,18671.0703125,15222.7802734375,18671.0703125,12543.8603515625,-0.020819081304242815,-0.018738864907311026,0.07912724749748845,0.31094199762393426
2024-08-02,17444.390625,17791.580078125,16582.7890625,16776.16015625,29732520000.0,17722.437890625,17559.11796875,16906.84697265625,15187.216178385417,13428.81083984375,51.63403593999663,616.3039938861948,686.1338576073313,-69.82986372113646,16906.84697265625,18531.755033965812,15281.93891134669,0.19221893519679387,0.4597863966835987,627.8116071611628,18671.0703125,15222.7802734375,18671.0703125,12543.8603515625,-0.03351334807732664,-0.05393678728410145,0.05027118839293876,0.2652525428546155
2024-08-09,15712.5302734375,16789.220703125,15708.5400390625,16745.30078125,30274030000.0,17400.94609375,17560.14609375,16922.67099609375,15238.14501953125,13461.36092936198,51.26426740754348,526.6745836878217,654.2420028234294,-127.56741913560768,16922.67099609375,18534.763470384645,15310.578521802858,0.19052458972499223,0.4449875805289114,660.1593969398298,18671.0703125,15222.7802734375,18671.0703125,12543.8603515625,-0.0018394778490775643,-0.08758677195708708,0.01926373669746706,0.22321595192507981
2024-08-16,16793.640625,17674.650390625,16699.390625,17631.720703125,25961810000.0,17247.600390625,17610.005078125,16985.284033203126,15307.131705729167,13505.503271484375,60.10268658283581,521.1616824718512,627.6259387531138,-106.46425628126258,16985.284033203126,18605.375150290743,15365.19291611551,0.19076408895142818,0.6995062694633962,682.6665661316276,18671.0703125,15222.7802734375,18671.0703125,12543.8603515625,0.05293544340914669,-0.041673540335324666,0.07645311537583965,0.3067774823144189
2024-08-23,17649.740234375,18017.689453125,17585.580078125,17877.7890625,26080880000.0,17277.7703125,17628.8958984375,17066.747509765624,15375.29619140625,13553.279345703126,62.15451983950099,530.5326781932818,608.2072866411474,-77.6746084478657,17066.747509765624,18694.291271023052,15439.203748508195,0.19072688106812916,0.7491612121408556,664.76962390794,18671.0703125,15222.7802734375,18671.0703125,12543.8603515625,0.0139560037002735,0.00850962512586495,0.10027187573098617,0.29662698679706456
2024-08-30,17867.849609375,17909.08984375,17439.400390625,17713.619140625,25944170000.0,17348.91796875,17631.321875,17143.673974609374,15442.844514973958,13602.517838541668,59.93971439331539,518.732493857442,590.3123280844063,-71.5798342269643,17143.673974609374,18740.51644446161,15546.83150475714,0.18628941173487518,0.6784600474924637,650.8353259948727,18671.0703125,15222.7802734375,18671.0703125,12543.8603515625,-0.009182898472572254,0.02049433822780644,0.0951172025464504,0.29668271476076513
2024-09-06,17585.44921875,17585.44921875,16668.5703125,16690.830078125,21357850000.0,17331.851953125,17527.144921875,17214.114990234375,15485.7966796875,13646.986254882813,48.37443906821612,421.98584309452053,556.6470310864293,-134.66118799190872,17214.114990234375,18584.484619315735,15843.745361153013,0.15921464796288123,0.30907161797647165,678.9934332898819,18671.0703125,15222.7802734375,18671.0703125,12543.8603515625,-0.057740264955471576,-0.005086389097996857,0.09218815680048631,0.18259774879364565
2024-09-13,16835.669921875,17719.140625,16732.83984375,17683.98046875,25968820000.0,17519.587890625,17460.2669921875,17301.918994140626,15546.649527994792,13693.260009765625,57.0420345955099,420.60390179913156,529.4384052289697,-108.83450342983815,17301.918994140626,18551.062645700036,16052.775342581215,0.14439365390422168,0.6529293584978857,703.9446556888188,18671.0703125,15265.66015625,18671.0703125,12543.8603515625,0.059502756062840945,0.056056304975486304,0.11025182447515869,0.26018815976537124
2024-09-20,17573.69921875,18099.9296875,17480.66015625,17948.3203125,30735810000.0,17582.9078125,17415.2541015625,17391.518505859374,15607.177197265624,13742.723258463542,59.01444362869145,435.8149165044633,510.7137074840685,-74.89879097960517,17391.518505859374,18553.129332343862,16229.907679374885,0.13358360008565448,0.739667965357097,697.8964325146175,18671.0703125,15557.6396484375,18671.0703125,12543.8603515625,0.014947983244899321,0.01795625138951329,0.1109156736529715,0.25366671532428486
2024-09-27,17994.91015625,18327.33984375,17863.380859375,18119.58984375,26480050000.0,17631.26796875,17454.519140625,17480.4544921875,15677.349690755209,13799.219677734374,60.28674764440846,456.4283531225483,499.85663661176443,-43.42828348921614,17480.4544921875,18577.243642770754,16383.665341604243,0.1254874867325036,0.7913665544661064,681.186614790359,18671.0703125,15708.5400390625,18671.0703125,12543.8603515625,0.009542371000071714,0.013525206075800211,0.10885098001553928,0.30270162413110335
2024-10-04,18069.830078125,18198.16015625,17767.7890625,18137.849609375,27560230000.0,17716.1140625,17532.516015625,17553.0484375,15752.233024088542,13860.382177734375,60.42779019045686,468.83363829343944,493.65203694809946,-24.81839865466003,17553.0484375,18621.720364265537,16484.376510734466,0.12176482399290198,0.7736111790851332,663.2712204303334,18671.0703125,15708.5400390625,18671.0703125,12543.8603515625,0.001007736145379523,0.02394939539921892,0.08701195345968626,0.3292817530882117
2024-10-11,18080.119140625,18375.529296875,17900.0390625,18342.939453125,27031330000.0,18046.5359375,17689.1939453125,17624.15595703125,15836.435677083333,13916.509838867187,62.05773023568779,489.57048870318613,492.8357272991168,-3.2652385959306685,17624.15595703125,18704.280833876113,16544.031080186385,0.1225732318164085,0.8327316644133677,649.8582928549525,18671.0703125,15708.5400390625,18671.0703125,12543.8603515625,0.01130728549232174,0.09898305640084692,0.08404752197855725,0.3801250999374788
2024-10-18,18426.66015625,18564.25,18214.9609375,18489.55078125,27572030000.0,18207.65,17863.6189453125,17711.88251953125,15918.084016927083,13977.857348632813,63.223882506240074,511.9336485190506,496.6553115431036,15.278336975947013,17711.88251953125,18773.746387516952,16650.018651545546,0.11990412276219249,0.8661807719260399,628.3890621153131,18671.0703125,15708.5400390625,18671.0703125,12543.8603515625,0.007992793548692756,0.04555367576454583,0.10484190034697538,0.360461070649299
2024-10-25,18456.48046875,18690.009765625,18146.609375,18518.609375,30606290000.0,18321.7078125,17952.3078125,17781.1564453125,15992.864013671875,14035.218180338541,63.46357243397827,525.9387054429426,502.5119903230715,23.42671511987112,17781.1564453125,18863.528984691216,16698.783905933782,0.12174377327005119,0.8406650219114019,622.3184427231479,18671.0703125,15708.5400390625,18671.0703125,12543.8603515625,0.0015716224852508898,0.03177395168855024,0.08086546043433063,0.31975917163103107
2024-11-01,18648.25,18785.5,18083.94921875,18239.919921875,31345930000.0,18345.773828125,17988.5208984375,17808.7083984375,16067.503841145834,14091.780680338541,59.46093490617785,508.68608762185613,503.74680978282845,4.939277839027682,17808.7083984375,18908.200873286984,16709.215923588014,0.1234780704192958,0.6960957138413031,627.9778954750659,18690.009765625,15708.5400390625,18690.009765625,12543.8603515625,-0.015049156633825223,0.00664088310842792,0.0311517199352922,0.32542817255444945
2024-11-08,18220.4296875,19318.560546875,18112.830078125,19286.779296875,37509390000.0,18575.559765625,18145.8369140625,17888.57939453125,16160.477994791667,14153.886254882813,67.70149400287472,572.8822364785883,517.5738951219804,55.30834135660791,17888.57939453125,19160.37186048828,16616.78692857422,0.14219043758676922,1.049696565976901,669.2459364232755,18785.5,15708.5400390625,18785.5,12543.8603515625,0.057393858058801595,0.06334431656695116,0.09030400072783862,0.4069386414652929
2024-11-15,19355.33984375,19366.0703125,18598.869140625,18680.119140625,42210760000.0,18642.995703125,18344.7658203125,17935.95537109375,16251.616487630208,14206.298160807291,60.07977308249693,568.2552496258504,527.7101660227545,40.54508360309592,17935.95537109375,19250.83910705591,16621.071635131593,0.14661987151030415,0.7829770226744467,676.2427389555414,19318.560546875,15708.5400390625,19318.560546875,12543.8603515625,-0.03145471552880241,0.018381987704950697,0.05343376335802774,0.41389557889178374
2024-11-22,18717.9296875,19110.890625,18672.30078125,19003.650390625,36892000000.0,18745.815625,18476.7328125,17968.49990234375,16348.021988932293,14259.182332356771,62.50411486479153,583.9630348594474,538.9607397900932,45.002295069354204,17968.49990234375,19353.394123332095,16583.605681355402,0.1541468935654117,0.8737290807461469,659.2675321551457,19366.0703125,15708.5400390625,19366.0703125,12543.8603515625,0.017319549600537165,0.027804872895903054,0.03546554487239173,0.4375663756823731
2024-11-29,19140.58984375,19245.490234375,18937.19921875,19218.169921875,24006390000.0,18885.727734375,18603.7177734375,18009.4859375,16444.469156901043,14310.607161458332,64.06253163093643,606.7275239614464,552.5140966243638,54.213427337082635,18009.4859375,19488.19359340194,16530.778281598064,0.16421431028443945,0.9086960595459156,634.197780974421,19366.0703125,15708.5400390625,19366.0703125,12543.8603515625,0.011288332864502149,0.03777608419233691,0.044553793277838594,0.43084533229332167
2024-12-06,19255.4296875,19863.150390625,19255.4296875,19859.76953125,34262840000.0,19209.69765625,18777.7357421875,18116.12744140625,16552.011474609375,14370.22840983073,68.3054659438763,668.8304113395207,575.7773595673951,93.05305177212551,18116.12744140625,19792.382213955752,16439.872668856748,0.1850566328782002,1.0201005594131,634.967972958391,19366.0703125,15708.5400390625,19366.0703125,12543.8603515625,0.033385052374040214,0.08880793426249234,0.12031575353234558,0.4812730770564273
2024-12-13,19824.08984375,20061.650390625,19641.33984375,19926.720703125,34443990000.0,19337.6859375,18956.6228515625,18244.56943359375,16667.72666015625,14435.103499348957,68.72047516945129,715.2053549181837,603.662958637553,111.54239628063078,18244.56943359375,20056.889134173765,16432.249733013738,0.1986694952902519,0.964087894920773,619.6352996667202,19863.150390625,15708.5400390625,19863.150390625,12543.8603515625,0.003371195812199579,0.03318031468082849,0.14799271089377064,0.5347360568725128
2024-12-20,20016.119140625,20204.580078125,19168.380859375,19572.599609375,47377550000.0,19516.18203125,19079.5888671875,18384.39140625,16783.21982421875,14501.28465983073,63.95070949498257,715.1395356573885,625.9582740415201,89.18126161586838,18384.39140625,20152.947209542548,16615.835602957453,0.19239753595447331,0.8359261271012467,649.3898653155259,20061.650390625,15708.5400390625,20061.650390625,12543.8603515625,-0.017771167620895367,0.047777022300091065,0.16669127065308675,0.5480965349398699
2024-12-27,19641.05078125,20070.080078125,19504.6796875,19722.029296875,25792940000.0,19659.8578125,19202.83671875,18533.22783203125,16887.282307942707,14564.698990885418,65.05298646301696,718.858546513944,644.5383285360049,74.32021797793914,18533.22783203125,20224.29610761829,16842.15955644421,0.1824904210872908,0.8514942246879614,643.3906171233455,20204.580078125,15708.5400390625,20204.580078125,12691.5595703125,0.007634636710619924,0.03780215334862169,0.1777650073003223,0.46324522837994775
2025-01-03,19460.41015625,19638.66015625,19117.58984375,19621.6796875,34208720000.0,19740.559765625,19313.14375,18632.72578125,16984.341796875,14632.809651692709,63.645560341672294,705.5750842261914,656.7456796740422,48.829404552149185,18632.72578125,20334.053207920973,16931.398354579025,0.18261712716053705,0.7906418513998534,640.6083911234637,20204.580078125,16668.5703125,20204.580078125,13435.990234375,-0.005088198981171854,0.020996263809994975,0.1128624379821479,0.4220555704773037
2025-01-10,19851.990234375,20007.94921875,19018.75,19161.630859375,40418570000.0,19600.93203125,19405.31484375,18696.91787109375,17068.27763671875,14701.923828125,57.50335312547897,650.4280196861946,655.4821476764728,-5.054127990278175,18696.91787109375,20376.201867807442,17017.633874380055,0.17963217341933557,0.6383664077043193,665.5077359539306,20204.580078125,16668.5703125,20204.580078125,13687.7802734375,-0.023445945273384283,-0.035153412569891906,0.07181211235834262,0.356529493050983
2025-01-17,18903.66015625,19709.640625,18831.91015625,19630.19921875,37341470000.0,19541.627734375,19439.6568359375,18792.746875,17157.933463541667,14777.378653971355,61.57121939450443,637.1880175074402,651.8233216426663,-14.635304135226079,18792.746875,20455.30198258843,17130.191767411572,0.176935827279207,0.7518570181305875,680.6665025822214,20204.580078125,16668.5703125,20204.580078125,14058.51953125,0.0244534696870935,-0.014880596200081087,0.10819810807207952,0.3774757124540957
2025-01-24,19734.390625,20118.609375,19551.169921875,19954.30078125,29780690000.0,19617.96796875,19567.075,18955.92041015625,17252.087972005207,14854.894490559896,64.12891779179353,645.407650216308,650.5401873573948,-5.1325371410868,18955.92041015625,20385.541942833574,17526.298877478926,0.1508364143490872,0.8491764597389748,672.5788561924198,20204.580078125,16668.5703125,20204.580078125,14058.51953125,0.016510355238291696,0.019501812712306776,0.19552476946021424,0.39491496346585353
2025-01-31,19234.0390625,19969.169921875,19204.94921875,19627.439453125,37116520000.0,19599.05,19629.45390625,19053.093359375,17339.14580078125,14932.444905598959,59.80574372195291,618.4180525142365,644.1157603887631,-25.6977078745266,19053.093359375,20384.50941777305,17721.677300976953,0.13975851934226,0.7156899378399597,679.1247024018899,20204.580078125,16732.83984375,20204.580078125,14058.51953125,-0.01638049519791418,-0.004796151670101612,0.10989940798732256,0.36264098201552364
2025-02-07,19215.380859375,19862.5390625,19141.150390625,19523.400390625,35852770000.0,19579.394140625,19659.976953125,19131.84736328125,17417.637141927084,15004.642244466146,58.454954123120245,581.9254447417952,631.6776972593696,-49.752252517574334,19131.84736328125,20376.031028076548,17887.66369848595,0.130064142910025,0.6573533869728838,682.1435573642549,20204.580078125,17480.66015625,20204.580078125,14324.5703125,-0.005300694609119527,-0.005008709674208411,0.08775640565251352,0.31790913502885476
2025-02-14,19668.1796875,20045.759765625,19415.48046875,20026.76953125,43161600000.0,19752.421875,19676.676953125,19227.20634765625,17501.533805338542,15079.011572265625,62.8293655463205,586.8575445170427,622.7136667109041,-35.85612219386144,19227.20634765625,20438.3478457126,18016.0648495999,0.1259820564836227,0.8300866103906501,678.4389673293081,20204.580078125,17767.7890625,20204.580078125,14477.5703125,0.025782862132290862,0.045149532324474606,0.1052551246438862,0.33574401179302726
2025-02-21,20090.55078125,20110.119140625,19510.91015625,19524.009765625,32644990000.0,19731.183984375,19636.405859375,19296.51435546875,17576.74480794271,15154.417903645834,56.43751147596699,543.9276978578564,606.9564729402946,-63.02877508243819,19296.51435546875,20404.63355558318,18188.39515535432,0.11485174780287531,0.6026493404918706,672.7796828325718,20204.580078125,17767.7890625,20204.580078125,14477.5703125,-0.025104386648105548,-0.005409494419372551,0.07642362165873995,0.30061655172108703
2025-02-28,19590.849609375,19644.23046875,18372.990234375,18847.279296875,38388460000.0,19509.7796875,19563.873828125,19321.73134765625,17648.798291015624,15217.11748046875,49.184296645936776,450.1103994313344,575.5872582385026,-125.47685880716824,19321.73134765625,20362.829798130682,18280.632897181815,0.10776450947815507,0.27213872013495055,715.5268650856024,20204.580078125,17900.0390625,20204.580078125,14477.5703125,-0.03466144899914403,-0.05547783891356439,0.02749503944222398,0.2976582246819799
2025-03-07,18923.359375,18992.30078125,17768.58984375,18196.220703125,39509370000.0,19223.5359375,19411.29296875,19307.06484375,17702.52263997396,15275.868823242188,43.404806375915555,319.5410567247309,524.3780179357483,-204.8369612110174,19307.06484375,20401.539832684295,18212.589854815702,0.11337559569947737,-0.0074780839471904345,751.8257274009165,20204.580078125,18083.94921875,20204.580078125,14560.2001953125,-0.03454390331329937,-0.07291927983872226,-0.015864640606761626,0.2152883628641753
2025-03-14,17840.3203125,17868.080078125,17238.240234375,17754.08984375,39800690000.0,18869.673828125,19224.533984375,19268.8388671875,17743.24130859375,15330.266569010417,39.969924287884034,178.3319469420676,455.1688037370122,-276.8368567949446,19268.8388671875,20513.84668449258,18023.83104988242,0.12922499647087468,-0.10832912146539694,766.5510660687082,20204.580078125,17768.58984375,20204.580078125,14706.23046875,-0.02429794991984624,-0.09062512223662689,-0.04128385213860042,0.1595666480189697
2025-03-21,17722.5390625,17925.939453125,17431.669921875,17784.05078125,33995440000.0,18421.130078125,19086.7759765625,19246.04541015625,17782.052815755207,15382.9544921875,40.314616327340765,68.05580241784628,377.74620347317904,-309.69040105533276,19246.04541015625,20579.14352779081,17912.94729252169,0.1385321596436716,-0.048344720304760336,747.102385010229,20204.580078125,17238.240234375,20204.580078125,15158.490234375,0.0016875513058500768,-0.11198604680102975,-0.024992935417346818,0.15067202425028392
2025-03-28,18046.189453125,18281.130859375,17283.060546875,17322.990234375,37372970000.0,17980.926171875,18856.055078125,19147.85595703125,17810.28681640625,15435.607576497396,36.811657881529854,-55.89820973694441,291.0173208311544,-346.9155305680988,19147.85595703125,20721.98502046133,17573.72689360117,0.1644183105369607,-0.07964298006156119,765.0286655452127,20204.580078125,17238.240234375,20204.580078125,15158.490234375,-0.025925507779200885,-0.11273399049027477,-0.10182047672512062,0.10839115985989789
2025-04-04,17045.439453125,17716.51953125,15575.6796875,15587.7900390625,45504860000.0,17329.0283203125,18419.40400390625,18993.239501953125,17803.572314453126,15476.294075520833,27.224193106645814,-290.7966882907058,174.65451900678235,-465.45120729748817,18993.239501953125,21200.798252651224,16785.680751255026,0.23245731729661914,-0.27131570378675435,863.3008925598403,20204.580078125,17238.240234375,20204.580078125,15222.7802734375,-0.10016747523584257,-0.17294216350648262,-0.16554118730631595,-0.02519408912771104
2025-04-11,14978.0302734375,17202.939453125,14784.0302734375,16724.4609375,57766530000.0,17034.6763671875,18129.10615234375,18879.280029296875,17819.385823567707,15528.182413736979,38.5201063539893,-380.84543385443976,63.55452843453793,-444.3999622889777,18879.280029296875,21298.126479515497,16460.433579078253,0.25624350573380494,0.05457712257797165,974.415770211816,20204.580078125,15575.6796875,20204.580078125,15222.7802734375,0.07292059333549128,-0.08088271678152603,-0.11993429716268533,0.06014398921003283
2025-04-18,17120.439453125,17136.560546875,16066.4599609375,16286.4501953125,32105790000.0,16741.1484375,17805.4111328125,18732.69404296875,17824.21298828125,15576.682161458333,36.189083116525744,-481.9973542984844,-45.55584811206654,-436.4415061864179,18732.69404296875,21394.73318278726,16070.65490315024,0.2842131658919285,0.04053195329370183,981.2503999065078,20204.580078125,14784.0302734375,20204.580078125,14784.0302734375,-0.0261898272132276,-0.08266487673284784,-0.15254937064665464,0.018105465783483377
2025-04-25,16052.759765625,17404.490234375,15685.330078125,17382.939453125,37245830000.0,16660.926171875,17541.028125,18608.8525390625,17842.679638671874,15633.462573242188,45.139144325926175,-468.28535853257927,-130.1017501961691,-338.1836083364102,18608.8525390625,21280.071955147712,15937.633122977288,0.2870912551408488,0.27053306093923785,1033.9582396453288,20204.580078125,14784.0302734375,20204.580078125,14784.0302734375,0.06732524550549934,-0.022554553687391454,-0.12471595273185954,0.06808006629728558
2025-05-02,17390.9296875,18048.830078125,16959.529296875,17977.73046875,48500430000.0,16791.87421875,17386.4001953125,18511.40302734375,17874.223307291668,15690.950659179687,49.293815482155345,-404.7580402782951,-185.0330082125943,-219.7250320657008,18511.40302734375,21124.779244709127,15898.026809978372,0.282353121857385,0.39789595637864944,1037.9112783313767,20204.580078125,14784.0302734375,20204.580078125,14784.0302734375,0.03421694111222773,0.03779602860225384,-0.09780787633909827,0.11766286185308328
2025-05-09,17817.009765625,18096.0,17503.009765625,17928.919921875,39346940000.0,17260.1001953125,17294.5642578125,18429.21904296875,17906.819140625,15747.521411132813,48.966095059537274,-354.2670164362971,-218.87980985733486,-135.38720657896226,18429.21904296875,21007.076312258177,15851.361773679324,0.2797576243767041,0.40296221457760234,1006.1312037630641,20204.580078125,14784.0302734375,20204.580078125,14784.0302734375,-0.0027150561056550337,0.15018998055181032,-0.08397860888712505,0.12243969165579527
2025-05-16,18674.560546875,19213.419921875,18472.7109375,19211.099609375,52760890000.0,17757.4279296875,17396.0521484375,18403.67255859375,17953.190462239585,15810.766324869792,57.044877851932775,-208.38915070326402,-216.78167802652072,8.3925273232567,18403.67255859375,20939.561630078617,15867.783487108882,0.27558511089686966,0.6591999941678184,1026.0146892085595,20118.609375,14784.0302734375,20204.580078125,14784.0302734375,0.07151460841406387,0.14868273968097823,-0.025906547435306626,0.1693535654996532
2025-05-23,18937.419921875,19241.41015625,18599.689453125,18737.2109375,50259670000.0,18247.580078125,17494.3642578125,18359.44912109375,17992.48631184896,15866.851831054688,53.663613230914926,-129.52565535598114,-199.3304734924128,69.80481813643166,18359.44912109375,20839.056313777,15879.841928410497,0.27011782067408036,0.5761737216928833,998.5651187740195,20118.609375,14784.0302734375,20204.580078125,14784.0302734375,-0.024667441297516524,0.15047850899349857,-0.045076097667798076,0.14394558686216596
2025-05-30,19014.439453125,19389.390625,18847.740234375,19113.76953125,37074400000.0,18593.74609375,17627.3361328125,18357.0560546875,18040.240478515625,15928.482242838541,55.900466128763696,-36.22307852712402,-166.70899449935504,130.48591597223103,18357.0560546875,20833.65244306581,15880.459666309187,0.26982500690745664,0.6527728700795694,973.8233022544467,20118.609375,14784.0302734375,20204.580078125,14784.0302734375,0.02009683271464735,0.09957062111344128,-0.002497769030008423,0.17633914243629412
2025-06-06,19063.060546875,19610.509765625,18985.30078125,19529.94921875,39539780000.0,18904.18984375,17848.03203125,18352.0435546875,18096.15480143229,15993.004573567709,58.29664510233691,70.4895488006332,-119.2692858393574,189.7588346399906,18352.0435546875,20818.69840324751,15885.388706127495,0.2688152783868008,0.7387658055909485,948.922279548772,20118.609375,14784.0302734375,20204.580078125,14784.0302734375,0.02177381530208211,0.08634119599791323,-0.005106927284988738,0.20740901023781988
2025-06-13,19573.140625,19800.4609375,19367.419921875,19406.830078125,56285030000.0,19199.771875,18229.93603515625,18324.67001953125,18164.901806640624,16059.770320638021,57.30466129527793,143.4715384941701,-66.7211209726519,210.192659466822,18324.67001953125,20731.007106933495,15918.332932129008,0.2626336064810403,0.724856289723314,912.0736178399312,20118.609375,14784.0302734375,20204.580078125,14784.0302734375,-0.006304119854382284,0.08243163351110794,-0.027436225860613894,0.26991347183786485
2025-06-20,19550.75,19733.310546875,19380.580078125,19447.41015625,35926990000.0,19247.033984375,18502.23095703125,18315.6685546875,18223.560302734375,16124.423657226562,57.56099059170362,202.25331399059723,-12.926233980002074,215.17954797059932,18315.6685546875,20703.72247288717,15927.614636487831,0.26076622986153547,0.7369589716834595,872.120535762079,20110.119140625,14784.0302734375,20204.580078125,14784.0302734375,0.0020910204274289246,0.01230072987387354,-0.009172327205744457,0.22096507884344563
2025-06-27,19427.009765625,20311.509765625,19334.98046875,20273.4609375,45008660000.0,19554.283984375,18900.93203125,18353.17158203125,18292.179150390624,16200.545084635416,62.49686304823384,311.89831934830363,52.03867668565907,259.85964266264455,18353.17158203125,20837.531172211653,15868.811991850846,0.2707280950408295,0.8864757265934493,879.578304413002,20110.119140625,14784.0302734375,20204.580078125,14784.0302734375,0.042476133048724884,0.08198925683893554,0.038418540411391255,0.2548308210754757
2025-07-04,20360.150390625,20624.509765625,20105.41015625,20601.099609375,31408790000.0,19851.75,19222.748046875,18381.8880859375,18363.182975260417,16275.3,64.271799963065,420.3845472926805,125.70785080706337,294.67669648561713,18381.8880859375,20954.667533739546,15809.10863813545,0.27992548271146034,0.931286779232747,853.8298261960018,20311.509765625,14784.0302734375,20311.509765625,14784.0302734375,0.016160963975764275,0.07781458679269382,0.02867811891622396,0.2607100761241927
2025-07-11,20490.55078125,20655.390625,20323.01953125,20585.529296875,44678680000.0,20062.866015625,19483.5279296875,18434.9640625,18428.175618489582,16348.31307779948,64.1164997730343,499.34809642525215,200.4358999307011,298.91219649455104,18434.9640625,21140.189447000583,15729.738677999416,0.2934885444125702,0.8974835602786606,816.5827738784303,20624.509765625,14784.0302734375,20624.509765625,14784.0302734375,-0.0007558000686970212,0.05404929968335881,0.05436995494229713,0.23370283114662782
2025-07-18,20592.560546875,20980.560546875,20492.630859375,20895.650390625,44814890000.0,20360.630078125,19780.2009765625,18537.3826171875,18494.423307291665,16420.59424641927,65.88465331268753,580.2625529801153,276.401230540584,303.8613224395313,18537.3826171875,21444.83524967421,15629.929984700788,0.31368534517823227,0.9055556653076924,793.1075534228282,20655.390625,14784.0302734375,20655.390625,14784.0302734375,0.01506500460967386,0.07671630588336886,0.10868258815953524,0.23490992727603488
2025-07-25,20960.330078125,21159.80078125,20750.900390625,21108.3203125,57372830000.0,20692.812109375,19969.923046875,18682.98759765625,18567.311653645833,16495.763916015625,67.08252722921321,654.0095135304437,351.9228871385559,302.08662639188776,18682.98759765625,21792.19061533121,15573.784579981295,0.3328378827447277,0.8900248232515543,765.6641846515548,20980.560546875,14784.0302734375,20980.560546875,14784.0302734375,0.01017771248558108,0.08540521040618954,0.1600387056678687,0.2613263027917925
2025-08-01,21176.400390625,21457.48046875,20560.169921875,20650.130859375,49549600000.0,20768.14609375,20161.2150390625,18827.7896484375,18625.9283203125,16566.819425455727,62.02915935876945,667.7846457518644,415.0952388612176,252.68940689064686,18827.7896484375,22019.12685789373,15636.452438981272,0.33900285365904065,0.7855137347344135,775.0674962389438,21159.80078125,14784.0302734375,21159.80078125,14784.0302734375,-0.021706580454611935,0.01857945828964369,0.16311965530829498,0.2052747993852828
2025-08-08,20853.91015625,21464.529296875,20833.859375,21450.01953125,41567320000.0,20937.930078125,20394.8400390625,19011.0880859375,18688.61396484375,16644.965755208334,66.73966245009362,734.7758297700457,479.03135704298325,255.74447272706243,19011.0880859375,22358.86042927082,15663.31574260418,0.35219155560166665,0.8642618426801535,777.8768491861621,21457.48046875,14784.0302734375,21457.48046875,14784.0302734375,0.038735283438257495,0.04120750532601081,0.20613800506378932,0.2126272827419502
2025-08-15,21459.650390625,21803.75,21346.619140625,21622.98046875,43515320000.0,21145.4203125,20604.1431640625,19226.08759765625,18754.17431640625,16723.269091796876,67.67351588644658,792.6857401287925,541.7622336601452,250.92350646864736,19226.08759765625,22663.694613476848,15788.480581835649,0.3575981851075785,0.8486281096214228,754.9664213425077,21464.529296875,14784.0302734375,21464.529296875,14784.0302734375,0.008063439627549851,0.050397109392396944,0.2482244795036761,0.22237216229035983
2025-08-22,21616.8203125,21651.5,20905.990234375,21496.5390625,40464820000.0,21265.598046875,20813.1140625,19521.525048828124,18816.906640625,16800.445166015626,66.20998619982402,818.9368028442987,597.197147496976,221.7396553473227,19521.525048828124,22660.24405359226,16382.806044063986,0.32156493889831167,0.8146210302155243,754.2909459341143,21803.75,14784.0302734375,21803.75,14784.0302734375,-0.005847547540115294,0.028756638852676986,0.379062651513163,0.21226100718673258
2025-08-29,21466.470703125,21742.4609375,21389.099609375,21455.55078125,41094150000.0,21335.044140625,21013.928125,19758.079541015624,18868.61982421875,16876.868587239584,65.71385695509377,826.9015411929759,643.138026236176,183.7635149567999,19758.079541015624,22726.429664894073,16789.729417137176,0.3004694983352483,0.7859284062515608,725.6531160906062,21803.75,14784.0302734375,21803.75,14784.0302734375,-0.0019067386210789294,0.016449933656937032,0.2828844446126113,0.16906400210373684
2025-09-05,21086.5703125,21878.810546875,21033.05078125,21700.390625,31367580000.0,21545.09609375,21156.62109375,20028.7765625,18923.652180989582,16952.22267252604,67.29056554964993,843.2497249710796,683.1603659831568,160.08935898792276,20028.7765625,22648.331363371966,17409.221761628032,0.2615791127029272,0.8190645337794753,734.2321624859201,21803.75,15685.330078125,21803.75,14784.0302734375,0.011411491890665593,0.0508597147774581,0.33241991746278265,0.17946846318356902
2025-09-12,21806.220703125,22182.33984375,21731.48046875,22141.099609375,44451970000.0,21683.312109375,21310.62109375,20266.6845703125,18997.221516927082,17028.60108235677,69.96773230036088,881.6047198474153,722.8492367560085,158.75548309140675,20266.6845703125,22742.155718003123,17791.213422621877,0.24428970008412706,0.8785976339920482,716.2119522190686,21878.810546875,15685.330078125,21878.810546875,14784.0302734375,0.02030880420499348,0.03221815612420231,0.27372586604704563,0.2490085876314001
2025-09-19,22243.19921875,22645.109375,22058.919921875,22631.48046875,51933060000.0,21885.012109375,21515.2162109375,20499.3720703125,19085.11484375,17106.857006835937,72.65013436127285,940.7268531069676,766.4247600262004,174.30209308076724,20499.3720703125,22945.179353167194,18053.564787457806,0.2386226538516025,0.935870073121409,706.9246308552066,22182.33984375,16959.529296875,22182.33984375,14784.0302734375,0.022147990299784537,0.046640193818678455,0.25886192965733,0.3038158662396122
2025-09-26,22606.58984375,22801.900390625,22185.869140625,22484.0703125,47191650000.0,22082.518359375,21674.058203125,20727.12958984375,19180.2466796875,17183.73142903646,70.60853040045525,964.5678641011255,806.0533808411855,158.51448325994,20727.12958984375,23016.417664132332,18437.841515555167,0.22089774315979857,0.8837308074918087,700.4322465084061,22645.109375,17503.009765625,22645.109375,14784.0302734375,-0.006513500363069302,0.045939081036664,0.25406719481563855,0.3402393696225834
2025-10-03,22605.30078125,22925.4296875,22493.9609375,22780.509765625,48167700000.0,22347.51015625,21841.2771484375,20905.60009765625,19280.83349609375,17259.4892578125,72.29466325650587,995.9020841993843,844.0231215128254,151.8789626865589,20905.60009765625,23250.176316798366,18561.023878514134,0.22430125977631893,0.8998397775813793,681.9270414006628,22801.900390625,18472.7109375,22801.900390625,14784.0302734375,0.01318442119264307,0.06175366914993763,0.18579936749212056,0.36041209789033624
2025-10-10,22894.349609375,23119.91015625,22193.0703125,22204.4296875,54118500000.0,22448.31796875,21996.70703125,21078.96103515625,19357.0453125,17332.088509114583,64.5452899524671,963.1472693923279,867.847951088726,95.29931830360192,21078.96103515625,23263.870859262795,18894.051211049707,0.20730716475659997,0.7575549434411959,699.4208129970441,22925.4296875,18599.689453125,22925.4296875,14784.0302734375,-0.02528828740234268,0.023227188450668734,0.18504454913622337,0.2593455886335896
2025-10-17,22578.669921875,22886.869140625,22213.73046875,22679.970703125,51066110000.0,22556.0921875,22119.7021484375,21257.27109375,19437.081673177083,17406.188932291665,67.62986059218002,964.443523774069,887.1670656257946,77.2764581482744,21257.27109375,23351.764801898877,19162.777385601126,0.19706139126810984,0.8396285230745305,698.2078587204696,23119.91015625,18847.740234375,23119.91015625,14784.0302734375,0.02141649311951066,0.024338045682330556,0.18657759611700087,0.2686116064932176
2025-10-24,22844.8203125,23261.259765625,22514.080078125,23204.869140625,55319120000.0,22670.769921875,22277.891015625,21441.01708984375,19528.602506510415,17485.723510742188,70.6637349136109,996.3405383321369,909.0017601670631,87.33877816507379,21441.01708984375,23541.910468295115,19340.123711392385,0.19596956335122018,0.9197861892642647,701.7058464904361,23119.91015625,18985.30078125,23119.91015625,14784.0302734375,0.023143699979633503,0.0253358887708095,0.18816843201757227,0.3100015844535229
2025-10-31,23537.3203125,24019.990234375,23493.9609375,23724.9609375,52961610000.0,22918.948046875,22500.733203125,21656.9236328125,19645.838020833333,17565.817350260415,73.33090494647313,1051.4655729835358,937.4945227303577,113.97105025317808,21656.9236328125,23764.763044758813,19549.08422086619,0.1946573250831171,0.9905585532196542,709.8069355804049,23261.259765625,19334.98046875,23261.259765625,14784.0302734375,0.022413045888048932,0.05518976803368769,0.2225057282406111,0.4214368504412451
2025-11-07,23951.91015625,23976.83984375,22563.419921875,23004.5390625,51841800000.0,22963.75390625,22655.63203125,21834.780078125,19734.513997395832,17640.581762695314,64.57320973213267,1025.2026377618822,955.0361457366628,70.16649202521944,21834.780078125,23759.170588037534,19910.389568212468,0.17626836661757528,0.8039297321280614,760.0650060300188,24019.990234375,19334.98046875,24019.990234375,14784.0302734375,-0.030365566328975135,0.00983425301628027,0.18291016015347483,0.30086883454503655
2025-11-14,23354.849609375,23569.619140625,22436.7890625,22900.58984375,47697000000.0,23102.9859375,22775.651953125,21966.1365234375,19817.051822916666,17712.114510091145,63.396718798202805,984.6507976991998,960.9590761291702,23.691721570029586,21966.1365234375,23802.95643057722,20129.316616297783,0.16724105353527793,0.7543671583371565,786.6910826082317,24019.990234375,19334.98046875,24019.990234375,14784.0302734375,-0.004518639494040078,0.03135230969890235,0.12958462861121922,0.27591827229654586
2025-11-21,22788.3203125,23147.330078125,21898.2890625,22273.080078125,47265120000.0,23021.6078125,22788.85,22049.735546875,19886.27666015625,17781.81317545573,56.682864079127704,891.6005622418379,947.0873733517037,-55.48681110986581,22049.735546875,23779.512959777625,20319.958133972374,0.15689779219576885,0.5645587488841183,819.7160778237151,24019.990234375,20105.41015625,24019.990234375,14784.0302734375,-0.027401467381691025,-0.017940526922459177,0.08115976818971005,0.2292265040319148
2025-11-28,22482.16015625,23365.7890625,22478.26953125,23365.689453125,29563130000.0,23053.771875,22862.2708984375,22188.7435546875,19973.40732421875,17862.820174153647,63.859603647579235,895.6969881684963,936.8092963150623,-41.112308146565965,22188.7435546875,23871.71828456646,20505.768824808536,0.15169626218185972,0.8496623798154551,839.2155711488069,24019.990234375,20323.01953125,24019.990234375,14784.0302734375,0.04905515407691996,0.006930455480071984,0.1350541011676607,0.28822820545649797
2025-12-05,23172.33984375,23680.029296875,23110.2109375,23578.130859375,39116010000.0,23024.405859375,22971.676953125,22322.867578125,20060.660514322917,17948.548095703125,65.07134045538191,905.6459584025652,930.5766287325629,-24.930670329997724,22322.867578125,23999.801791818307,20645.93336443169,0.15024361971636638,0.8742732633754869,819.9729131649636,24019.990234375,20492.630859375,24019.990234375,14784.0302734375,0.00909202387013619,-0.0061888438304199545,0.1283750645997368,0.28540635047225793
2025-12-12,23638.220703125,23704.080078125,23094.509765625,23195.169921875,40776010000.0,23062.53203125,23013.14296875,22427.21005859375,20139.0875,18028.58575846354,61.094677710275455,872.5703935329293,918.9753816926362,-46.40498815970693,22427.21005859375,24047.616244655936,20806.803872531567,0.14450359022176013,0.7369652343612374,804.9441559746092,24019.990234375,20560.169921875,24019.990234375,14784.0302734375,-0.016242209350014192,0.008286662856277438,0.09886384034731566,0.2545015396153867
2025-12-19,23330.0390625,23345.560546875,22692.0,23307.619140625,45877820000.0,23143.937890625,23123.4619140625,22560.08447265625,20218.904329427085,18105.88417154948,61.83226270017935,845.6829753327002,904.3169004206491,-58.63392508794891,22560.08447265625,24001.790303422073,21118.378641890427,0.12781032203254641,0.7592535356438371,794.1310410389228,24019.990234375,20560.169921875,24019.990234375,14784.0302734375,0.004847958395163499,0.017773747298744258,0.12869111093518915,0.25860525856170025
2025-12-26,23450.529296875,23665.150390625,23362.9296875,23593.099609375,23818590000.0,23407.941796875,23214.7748046875,22667.2384765625,20308.123990885415,18187.813916015624,63.7131260788123,837.7532921948259,891.0041787754845,-53.25088658065863,22667.2384765625,24081.297527649735,21253.179425475264,0.124766768792709,0.8273771106307862,762.9453416789999,24019.990234375,20833.859375,24019.990234375,14784.0302734375,0.012248375392937882,0.059265244259882444,0.09991040217948521,0.2934870169621726
2026-01-02,23414.6796875,23585.9609375,23119.490234375,23235.630859375,26523420000.0,23381.930078125,23217.8509765625,22747.87099609375,20373.93818359375,18267.208089192707,59.74308633394637,793.4775057797378,871.4988441763353,-78.02133839659746,22747.87099609375,24096.972775030248,21398.76921715725,0.11861345434640161,0.6807720777248377,742.2784869162142,24019.990234375,20905.990234375,24019.990234375,14784.0302734375,-0.015151411044691865,-0.0055662211042784016,0.07458039343630896,0.20474395966877812
2026-01-09,23449.669921875,23723.369140625,23332.23046875,23671.349609375,41994440000.0,23400.573828125,23212.48984375,22856.6115234375,20457.125358072917,18354.37092285156,62.78687783326043,784.5042115140168,854.0999176438715,-69.59570612985476,22856.6115234375,24133.394131798406,21579.828915076592,0.11172107528289359,0.8190590475630912,724.0970436543419,24019.990234375,20905.990234375,24019.990234375,14784.0302734375,0.018752180762253712,0.003953610680845543,0.10117026469013735,0.26719478774068484
2026-01-16,23576.880859375,23813.30078125,23306.66015625,23515.390625,49543920000.0,23464.61796875,23263.575,22959.603515625,20532.321028645834,18440.171508789062,61.008780223032886,756.092461281456,834.4984263713885,-78.40596508993247,22959.603515625,24091.83501468566,21827.37201656434,0.09862814035879397,0.7454388125732682,708.5644423218889,24019.990234375,21033.05078125,24019.990234375,14784.0302734375,-0.0065885125668218025,0.013805490720850688,0.09600498559795034,0.2374143988988957
2026-01-23,23142.689453125,23610.740234375,22916.830078125,23501.240234375,35895830000.0,23503.3421875,23323.6400390625,23049.64599609375,20603.705533854165,18524.087345377604,60.84042690616769,724.0872986131362,812.4162008197382,-88.32890220660192,23049.64599609375,24045.17008949666,22054.12190269084,0.08638085752567501,0.7268123098546045,707.5177076024684,24019.990234375,21033.05078125,24019.990234375,14784.0302734375,-0.0006017501835566819,0.008307201717249635,0.08298696740050038,0.22286566982763611
2026-01-30,23529.279296875,23988.26953125,23232.779296875,23461.8203125,41721020000.0,23477.086328125,23442.5140625,23115.68203125,20663.739713541665,18607.87559407552,60.34088374766249,687.6157124571764,787.4561031472258,-99.84039069004939,23115.68203125,24033.566236826107,22197.79782567389,0.07941657999406851,0.6885522591778057,710.9443166576492,24019.990234375,21731.48046875,24019.990234375,14784.0302734375,-0.0016773549600731519,-0.00556430901613425,0.059650185692032176,0.18137424885933617
2026-02-06,23370.5390625,23691.599609375,22461.140625,23031.2109375,49214480000.0,23436.20234375,23409.0662109375,23135.6685546875,20715.481217447916,18691.603938802084,55.02591806407867,616.8544260106937,753.3357677199194,-136.48134170922572,23135.6685546875,24027.548822929817,22243.788286445186,0.07710002121910693,0.4414396635361366,748.0525072088885,24019.990234375,21898.2890625,24019.990234375,14784.0302734375,-0.01835362172518984,-0.008797691920317319,0.017662585940939834,0.15579534036868092
2026-02-13,22952.240234375,23320.619140625,22402.380859375,22546.669921875,43434620000.0,23211.26640625,23305.9201171875,23138.79853515625,20765.049055989584,18774.134440104168,49.71899394077567,515.7321470524985,705.8150435864352,-190.08289653393672,23138.79853515625,24021.906144576344,22255.690925736155,0.07633132792770833,0.16474719107557048,760.2086339261107,24019.990234375,21898.2890625,24019.990234375,14784.0302734375,-0.021038451557753635,-0.04751227564374161,0.0027841760190634446,0.1519507051621014
2026-02-20,22394.759765625,22948.869140625,22256.759765625,22886.0703125,30407740000.0,23085.40234375,23275.01015625,23144.0765625,20817.783072916667,18852.53269042969,53.128935046743635,457.702675929384,656.192570055025,-198.48989412564106,23144.0765625,24019.78642424421,22268.36670075579,0.07567464265678324,0.35268736754539326,755.3444011456743,24019.990234375,21898.2890625,24019.990234375,14784.0302734375,0.015053238096846888,-0.026762060751436056,0.004633809689118085,0.160431818044523
2026-02-27,22840.970703125,23169.6796875,22528.259765625,22668.2109375,43209720000.0,22918.796484375,23211.0693359375,23167.265625,20868.55859375,18926.4501953125,50.74976463152992,389.6429102240436,602.8826380888288,-213.2397278647852,23167.265625,23963.141997403036,22371.389252596964,0.06870697520247696,0.18647474356276272,747.2069383406262,24019.990234375,21898.2890625,24019.990234375,14784.0302734375,-0.009519300256672247,-0.03544618448078907,0.020886879623892574,0.15526352985676328
2026-03-06,22322.119140625,22891.880859375,22124.779296875,22387.6796875,49221820000.0,22703.968359375,23090.52734375,23152.65107421875,20922.32607421875,18995.30185546875,47.78252119372148,309.50079566602653,544.2062696042683,-234.70547393824177,23152.65107421875,23993.260637799718,22312.04151063778,0.0726145408477231,0.04499007633222934,748.6279829234386,24019.990234375,21898.2890625,24019.990234375,14784.0302734375,-0.012375535536239268,-0.0457824930330627,-0.012887627565794313,0.16835982551801565
2026-03-13,22184.05078125,22906.720703125,22061.970703125,22105.359375,43716480000.0,22518.798046875,22977.5001953125,23097.6755859375,20963.578743489583,19060.756103515625,44.93510796905661,220.66303658876495,479.49762300116765,-258.8345864124027,23097.6755859375,24053.371069078134,22141.980102796868,0.08275252456333627,-0.019159203136821273,755.49384128605,24019.990234375,21898.2890625,24019.990234375,14784.0302734375,-0.012610521342130476,-0.04019986465377312,-0.04738271778055736,0.1260894058520723
2026-03-20,22340.390625,22569.640625,21522.75,21647.609375,46330540000.0,22338.9859375,22775.126171875,22993.8080078125,20991.800553385416,19121.944262695313,40.700156603646846,112.03045569816095,406.0041895405663,-293.97373384240535,22993.8080078125,24094.73533607571,21892.880679549286,0.09575859099885987,-0.11139304941054445,776.3078972656178,24019.990234375,21898.2890625,24019.990234375,14784.0302734375,-0.020707647961502595,-0.03987553594345761,-0.08755974637734854,0.08485932994159895
2026-03-27,21995.779296875,22189.33984375,20909.9296875,20948.359375,41881080000.0,21951.44375,22518.423046875,22890.9990234375,21013.815885416665,19176.480843098958,35.23692681695762,-30.137867856567027,318.7757780611397,-348.91364591770673,22890.9990234375,24307.512780459256,21474.485266415744,0.12376163710211373,-0.18571153608911392,812.2437729073595,23988.26953125,21522.75,24019.990234375,14784.0302734375,-0.03230148825613688,-0.08466770009186131,-0.08938147736469126,0.06729965592453735
2026-04-03,21096.240234375,21983.0703125,20690.25,21879.1796875,36815970000.0,21793.6375,22356.2169921875,22839.928515625,21053.078873697916,19235.3580078125,45.68812823905564,-66.92638283127599,241.6353458826566,-308.56172871393255,22839.928515625,24323.443164594653,21356.413866655348,0.12990536708157968,0.17619166120392848,846.5706685925481,23988.26953125,20909.9296875,24019.990234375,14784.0302734375,0.04443404353712066,-0.0348078307624492,-0.04460191476372655,0.12066439502035875
2026-04-10,21939.80078125,23011.76953125,21611.0,22902.890625,46478070000.0,21896.6796875,22300.3240234375,22871.41904296875,21101.014225260416,19301.274015299477,54.403172048833355,-13.323049032762356,190.64366689957282,-203.96671593233518,22871.41904296875,24332.027996687077,21410.810089250426,0.12772350950102968,0.5107734455382907,886.156301639509,23988.26953125,20690.25,24019.990234375,14784.0302734375,0.04678927419225265,0.023013145832511794,0.02827676031630455,0.1436138309407351
2026-04-17,22849.23046875,24519.509765625,22795.8203125,24468.48046875,47360190000.0,22369.30390625,22444.0509765625,22926.55859375,21183.4220703125,19380.083439127604,63.934477160403695,153.71605243653175,183.2581440069646,-29.54209157043286,22926.55859375,24533.567438564856,21319.549748935144,0.14018753300837242,0.9797490318659836,945.9800981741869,23988.26953125,20690.25,24019.990234375,14784.0302734375,0.06835774005055306,0.10690263178541959,0.04719702441639306,0.2532507800641697
2026-04-24,24417.529296875,24854.0390625,24198.990234375,24836.599609375,43930480000.0,23007.101953125,22673.0439453125,22989.48203125,21283.244075520834,19466.02118326823,65.74750724986939,312.20102289752685,209.04671978507707,103.15430311244978,22989.48203125,24781.514967379666,21197.449095120337,0.15590024461566582,1.0153693162901076,925.1992931706735,24519.509765625,20690.25,24519.509765625,14784.0302734375,0.015044626130140903,0.14731373701050998,0.053374406881774306,0.3177816924214132
2026-05-01,24799.640625,25223.119140625,24491.830078125,25114.439453125,39389400000.0,23840.31796875,22895.880859375,23085.4455078125,21398.547721354167,19550.53518066406,67.09213864790411,454.976175063297,258.23261084072107,196.7435642225759,23085.4455078125,25102.664731428024,21068.226284196975,0.17476112582994022,1.0029185528174456,911.3485624084826,24854.0390625,20690.25,24854.0390625,14784.0302734375,0.01118671026307183,0.1988738117170572,0.08274436176645406,0.38020085944615256
2026-05-08,25112.1796875,26248.619140625,24913.119140625,26247.080078125,43499390000.0,24713.898046875,23253.7677734375,23232.4185546875,21540.09755859375,19641.66943359375,71.92983231047748,652.0052338819078,336.9871354489584,315.0180984329494,23232.4185546875,25676.203221287382,20788.63388808762,0.21037712116346224,1.1168017920400282,941.6450936650195,25223.119140625,20690.25,25223.119140625,14784.0302734375,0.04509917998026691,0.19963730144418834,0.12611588166791954,0.47836810048388934
2026-05-15,26135.630859375,26707.140625,25739.220703125,26225.140625,50800960000.0,25378.348046875,23637.5138671875,23364.02060546875,21680.782389322918,19731.417602539062,71.70992668954614,797.1923152268937,429.02817140454545,368.16414382234825,23364.02060546875,26133.147906806546,20594.893304130957,0.2370420184178088,1.0166104169622343,943.5218671085895,26248.619140625,20690.25,26248.619140625,14784.0302734375,-0.0008358816698732507,0.14505810879494607,0.11155978058004412,0.4746438225789127
2026-05-22,26289.490234375,26504.55078125,25701.439453125,26343.970703125,47384800000.0,25753.44609375,24061.375,23519.43759765625,21831.132063802084,19820.709440104165,72.20557120390725,911.3373872965931,525.4900145829549,385.84737271363815,23519.43759765625,26576.26143567763,20462.613759634874,0.2599402154349128,0.9620045601477994,933.492542895476,26707.140625,20690.25,26707.140625,14784.0302734375,0.004531151227144203,0.07664923192800166,0.13377471274879804,0.5207519225433235
2026-05-29,26590.5,27094.80078125,26520.30078125,26972.619140625,40089380000.0,26180.65,24593.8759765625,23684.50107421875,22020.87921549479,19912.22576497396,74.72812183230533,1040.5302691198995,628.4980654903438,412.0322036295556,23684.50107421875,27092.647971492286,20276.354176945217,0.28779554077104025,0.9823908953332811,920.4452239832992,26707.140625,20690.25,26707.140625,14784.0302734375,0.023863085963173658,0.0860028975320648,0.13946266629185078,0.730368389170786
2026-06-05,26952.580078125,27190.2109375,25648.470703125,25709.4296875,49692670000.0,26299.648046875,25069.9830078125,23794.20302734375,22170.62869466146,19995.007259114584,62.46114811351815,1029.1246187991856,708.6233761521122,320.50124264707335,23794.20302734375,27312.963421045977,20275.44263364152,0.2957661905850388,0.7721450803504647,964.8234390112779,27094.80078125,20690.25,27094.80078125,14784.0302734375,-0.04683228745933832,0.02369116123358128,0.0933022588265,0.5372351780770213
2026-06-12,26065.0703125,26259.919921875,24980.380859375,25888.83984375,52143520000.0,26228.0,25470.9490234375,23913.5830078125,22330.668522135416,20077.440755208332,63.38059752294128,1022.7725733906591,771.4532155998215,251.31935779083756,23913.5830078125,27544.69903849186,20282.46697713314,0.3036864889291651,0.771990321880177,987.3031264033294,27190.2109375,20690.25,27190.2109375,15685.330078125,0.006978379467407203,-0.01364876524583647,0.10159462162693367,0.5895937747810276
2026-06-19,26447.23046875,26788.619140625,25960.41015625,26517.9296875,51452850000.0,26286.5578125,25832.4529296875,24066.3884765625,22482.918359375,20162.79899902344,66.48080503852876,1056.3241769350825,828.4274078668739,227.89676906820864,24066.3884765625,27862.084987370712,20270.69196575429,0.31543548916819997,0.8229369371282396,981.051424294163,27190.2109375,20690.25,27190.2109375,15685.330078125,0.024299653732914317,0.01116444204005096,0.13025883474914202,0.5255147012971253
2026-06-26,26483.310546875,26561.119140625,25014.9609375,25297.619140625,68877440000.0,26077.2875,25915.366796875,24179.70888671875,22604.91650390625,20239.569905598957,56.49013730011294,973.2264531586625,857.3872169252315,115.83923623343094,24179.70888671875,27980.3421527521,20379.0756206854,0.31436551067171314,0.6470689455750874,1021.4161942106513,27190.2109375,20690.25,27190.2109375,16959.529296875,-0.04601831897345399,-0.03971882501280943,0.09840595048499057,0.40716422379336925
2026-07-03,25502.08984375,26261.08984375,25289.759765625,25832.669921875,38210210000.0,25849.29765625,26014.973828125,24344.00888671875,22736.645670572918,20321.73240559896,59.372989848219476,939.7126127707706,873.8522960943394,65.86031667643124,24344.00888671875,28132.13877460389,20555.878998833614,0.3112166040944727,0.6964902312242714,1017.8386144902477,27190.2109375,20690.25,27190.2109375,17503.009765625,0.021150242569300648,-0.0422632007965833,0.14574214335802593,0.4408380445916693
2026-07-10,25999.609375,26301.5390625,25526.4609375,26281.609375,38414170000.0,25963.73359375,26131.6908203125,24513.78583984375,22854.4875,20403.838981119792,61.66794535193876,938.5591886389957,886.7936746032708,51.76551403572489,24513.78583984375,28329.591566743053,20697.980112944446,0.31131916969734164,0.7316448558549614,1000.4985795266585,27190.2109375,20690.25,27190.2109375,18472.7109375,0.017378747705239617,0.022255635167908627,0.14836706416327883,0.3680429496172408
2026-07-17,26088.310546875,26316.810546875,25250.630859375,25520.240234375,38124180000.0,25890.013671875,26059.0068359375,24656.3873046875,22967.53798828125,20480.012150065104,55.90069511400174,866.2236777321705,882.6796752290508,-16.455997496880286,24656.3873046875,28398.097258700127,20914.677350674876,0.30350836947643806,0.6154355816330845,1005.19008723904,27190.2109375,20690.25,27190.2109375,18599.689453125,-0.0289696543983049,-0.014237780124549904,0.1258162501107174,0.36200848245240613
2026-07-24,25720.869140625,25880.33984375,24918.08984375,24975.8203125,37580770000.0,25581.591796875,25934.0748046875,24785.7943359375,23065.238834635416,20552.739656575523,52.14536233333175,756.2495523110701,857.3936506454547,-101.14409833438458,24785.7943359375,28380.84778475415,21190.740887120846,0.29008983130341726,0.5264288110410501,1002.1229381505373,27190.2109375,20690.25,27190.2109375,18847.740234375,-0.021332868220483414,-0.05815346043876568,0.11560557686757811,0.30669255332737255
2026-07-31,25236.189453125,25460.859375,24425.33984375,25373.849609375,45650200000.0,25596.837890625,25837.0626953125,24949.21884765625,23162.637174479165,20629.39598795573,54.5493752203782,693.2208845402856,824.559097424421,-131.33821288413537,24949.21884765625,28332.973345353555,21565.464349958947,0.2712513380365956,0.5627455038490109,1004.5084090862132,27190.2109375,20690.25,27190.2109375,18985.30078125,0.015936585541328263,0.003013345577156823,0.147859628922002,0.29922762856006213
2026-08-07,25452.66015625,26739.0,25420.349609375,26690.619140625,47073270000.0,25768.427734375,25808.8626953125,25201.3693359375,23284.033658854165,20724.467732747395,61.44903162173584,740.9809406652785,807.8434660725925,-66.86252540731402,25201.3693359375,28303.27923143872,22099.45944043628,0.24616994847798634,0.7400536854483424,1030.268550624698,27190.2109375,20690.25,27190.2109375,19334.98046875,0.05189474799927418,0.0332117903935083,0.23295920017149707,0.37532090677241237
2026-08-14,26680.439453125,26875.51953125,26372.310546875,26729.16015625,38826310000.0,25857.937890625,25910.8357421875,25490.409375,23405.396158854168,20814.47823079427,61.632621107970714,773.0300577855414,800.8807844151823,-27.850726629640917,25490.409375,27967.681793536725,23013.136956463273,0.19436897870823042,0.750023124623029,992.6214387497196,27190.2109375,20690.25,27190.2109375,19334.98046875,0.001443991067495931,0.017029047759751226,0.27595482193936727,0.37443289062630236
2026-08-21,26784.650390625,26798.400390625,26023.119140625,26180.4609375,38832800000.0,25989.98203125,25939.9978515625,25705.4734375,23503.846158854165,20898.012654622395,57.43876542405058,745.5594277340606,789.816513078958,-44.257085344897405,25705.4734375,27559.902377182563,23851.04449781744,0.1442828076433916,0.6280684014997379,977.0971395533111,27190.2109375,20690.25,27190.2109375,19334.98046875,-0.02052811295014445,0.025870473673508032,0.1965924368022538,0.2913661371489744
2026-08-28,26065.3203125,26700.6796875,25910.8203125,26402.419921875,37773740000.0,26275.301953125,25928.446875,25880.44990234375,23600.534830729168,20981.85890299479,58.66409622924558,733.2465804047351,778.5025265441135,-45.25594613937835,25880.44990234375,27237.907981095253,24522.991823592245,0.10490220099524405,0.6922600880652324,963.7230135137889,27190.2109375,21611.0,27190.2109375,20105.41015625,0.008478039592384468,0.057119229379665626,0.15279858574074634,0.28160245921338967
2026-09-04,26358.560546875,26644.5703125,25995.529296875,26506.990234375,36002190000.0,26501.930078125,26049.383984375,25982.375390625,23699.225846354166,21063.700732421876,59.259195064837556,723.5854676207382,767.5191147594385,-43.93364713870028,25982.375390625,27199.304409168795,24765.446372081202,0.09367342286824867,0.7155486621470194,941.2457279503041,27190.2109375,22795.8203125,27190.2109375,20323.01953125,0.003960633639243039,0.04465781276568026,0.08331166163867376,0.2876516242115237
2026-09-11,26528.5703125,26542.140625,25979.5390625,26081.720703125,22268430000.0,26380.150390625,26074.2890625,26044.6314453125,23785.6603515625,21140.041829427082,55.74437376242839,673.8455965065405,748.784411108859,-74.93881460231853,26044.6314453125,27142.27730843789,24946.985582187113,0.08428960612709625,0.5168949107624258,914.1997161324252,27190.2109375,24198.990234375,27190.2109375,20492.630859375,-0.01604367480010982,-0.022813200184375382,0.050132510622750814,0.2481889874472043
