timestamp,open,high,low,close,volume,ema5,ema10,ema20,ema60,ema120,rsi14,macd,macd_signal,macd_hist,bb_mid,bb_upper,bb_lower,bb_width,bb_percent_b,atr14,prev20_high,prev20_low,prev60_high,prev60_low,return_1,return_5,return_20,return_60
2026-08-11 09:30:00-04:00,26669.18359375,26676.07421875,26535.755859375,26543.373046875,147490937.0,,,,,,,,,,,,,,,,,,,,,,,
2026-08-11 09:40:00-04:00,26555.513671875,26580.423828125,26500.958984375,26517.33203125,237425000.0,,,,,,,,,,,,,,,,,,,,-0.0009810740925432215,,,
2026-08-11 09:50:00-04:00,26517.818359375,26570.0703125,26499.15234375,26565.826171875,209766000.0,,,,,,,,,,,,,,,,,,,,0.0018287714830380608,,,
2026-08-11 10:00:00-04:00,26572.505859375,26611.46484375,26565.68359375,26609.552734375,217065000.0,,,,,,,,,,,,,,,,,,,,0.0016459703612112797,,,
2026-08-11 10:10:00-04:00,26609.951171875,26618.99609375,26590.0234375,26592.28125,190062000.0,26575.13681520062,,,,,,,,,,,,,,,,,,,-0.0006490708260830091,,,
2026-08-11 10:20:00-04:00,26593.810546875,26605.853515625,26580.998046875,26605.853515625,172897000.0,26585.37571534208,,,,,,,,,,,,,,,,,,,0.0005103836522111216,0.002353900864056069,,
2026-08-11 10:30:00-04:00,26606.4375,26606.4375,26573.353515625,26579.4296875,150490000.0,26583.39370606139,,,,,,,,,,,,,,,,,,,-0.0009931584457337772,0.002341776170273091,,
2026-08-11 10:40:00-04:00,26581.419921875,26612.095703125,26575.96875,26610.048828125,134477000.0,26592.27874674926,,,,,,,,,,,,,,,,,,,0.0011519863663365104,0.0016646444934138582,,
2026-08-11 10:50:00-04:00,26609.86328125,26629.890625,26599.61328125,26609.75,125864000.0,26598.102497832842,,,,,,,,,,,,,,,,,,,-1.1229897657449861e-05,7.413338622086485e-06,,
2026-08-11 11:00:00-04:00,26610.435546875,26617.984375,26559.970703125,26561.072265625,120296000.0,26585.759087096896,26580.183208224782,,,,,,,,,,,,,,,,,,-0.0018293194928550305,-0.0011736106459463436,,
2026-08-11 11:10:00-04:00,26556.16015625,26566.130859375,26540.26171875,26550.357421875,121817000.0,26573.958532022934,26574.760337979365,,,,,,,,,,,,,,,,,,-0.0004034040359081059,-0.0020858603057934966,,
2026-08-11 11:20:00-04:00,26550.951171875,26567.185546875,26547.5546875,26548.16796875,112831000.0,26565.361677598623,26569.925361755842,,,,,,,,,,,,,,,,,,-8.246416762724973e-05,-0.0011761621343102657,,
2026-08-11 11:30:00-04:00,26547.037109375,26555.337890625,26510.658203125,26513.576171875,129959000.0,26548.099842357416,26559.68005450478,,,,,,,,,,,,,,,,,,-0.0013029824474410923,-0.003625421992763722,,
2026-08-11 11:40:00-04:00,26512.8984375,26527.201171875,26506.86328125,26509.3046875,107320000.0,26535.168124071613,26550.520896867547,,,,,,,,,,,,,76.46011155532963,,,,,-0.00016110555389847736,-0.003774755963509624,,
2026-08-11 11:50:00-04:00,26509.30078125,26520.158203125,26503.34375,26510.013671875,99458000.0,26526.783306672743,26543.1559468689,,,,21.40982864737471,,,,,,,,,72.19970738173467,,,,,2.674473673902611e-05,-0.0019223092064727387,,
2026-08-11 12:00:00-04:00,26510.607421875,26520.79296875,26495.154296875,26520.5,167812000.0,26524.688871115162,26539.036683801827,,,,24.220747075263787,,,,,,,,,68.87391913125361,,,,,0.0003955610228947304,-0.0011245581895782397,,
2026-08-11 12:10:00-04:00,26521.462890625,26521.462890625,26494.455078125,26494.455078125,162696000.0,26514.610940118444,26530.930937315126,,,,22.105928717316388,,,,,,,,,65.88348294330693,,,,,-0.000982067527950048,-0.002023224001303059,,
2026-08-11 12:20:00-04:00,26495.216796875,26498.55078125,26471.603515625,26487.9296875,144297000.0,26505.71718924563,26523.11252825783,,,,21.597125752688683,,,,,,,,,63.102324563427864,,,,,-0.00024629269051801295,-0.0009672963092095532,,
2026-08-11 12:30:00-04:00,26487.6484375,26501.724609375,26477.03125,26499.65234375,101585000.0,26503.695574080426,26518.847040165492,,,,24.939510634238175,,,,,,,,,60.35882704996873,,,,,0.000442565968284514,-0.00036411153984550193,,
2026-08-11 12:40:00-04:00,26499.4765625,26499.4765625,26466.3359375,26473.548828125,101077000.0,26493.64665876195,26510.611001612677,26528.406815341215,,,22.626394275443573,,,,26545.10126953125,26632.592042720087,26457.61049634241,0.006591858309409485,0.09108578654452937,58.42722556425668,,,,,-0.0009850512484612661,-0.0013755120688107025,,
2026-08-11 12:50:00-04:00,26474.015625,26482.001953125,26465.62890625,26467.63671875,96645000.0,26484.976678757972,26502.797495637642,26522.61918709443,,,22.125855456282707,,,,26541.314453125,26635.10586773231,26447.52303851769,0.0070675787194304455,0.10722559370984026,55.4233556578812,26676.07421875,26466.3359375,,,-0.00022332137687253173,-0.0019932988160102916,-0.0028533045891059317,
2026-08-11 13:00:00-04:00,26467.94921875,26471.71875,26446.0390625,26456.20703125,95112000.0,26475.386796255316,26494.326502112614,26516.294219871153,,,21.151665680220233,,,,26538.258203125,26638.72257560417,26437.793830645827,0.007571286081415936,0.09164044999131532,53.29880793231826,26629.890625,26465.62890625,,,-0.00043183634494659007,-0.0014436245909650314,-0.002305096150999164,
2026-08-11 13:10:00-04:00,26454.921875,26454.921875,26424.001953125,26441.640625,98423000.0,26464.138072503545,26484.7472517285,26509.18435369295,,,19.94632678428161,,,,26532.04892578125,26640.00198195594,26424.095869606565,0.008137558955711763,0.08126104074832766,51.79211294608125,26629.890625,26446.0390625,,,-0.0005505855859381237,-0.0017475530570381093,-0.004674635227662316,
2026-08-11 13:20:00-04:00,26441.986328125,26455.05859375,26437.384765625,26451.34765625,79256000.0,26459.874600419033,26478.674598005135,26503.67609679362,,,23.091590890464914,,,,26524.138671875,26631.398845198994,26416.878498551006,0.008087740352355145,0.16068013238648643,49.3550926017183,26629.890625,26424.001953125,,,0.0003671115339500819,-0.0018228423102838454,-0.005945424175455072,
2026-08-11 13:30:00-04:00,26451.07421875,26467.66796875,26446.166015625,26454.923828125,86453000.0,26458.22434298769,26474.356276208746,26499.033023587086,,,24.27204396770945,,,,26517.27080078125,26623.786202937066,26410.755398625435,0.0080336625104479,0.20733353395668186,47.365582639095564,26629.890625,26424.001953125,,,0.00013519809733231192,-0.0007035324247958163,-0.005165311715218168,
2026-08-11 13:40:00-04:00,26454.884765625,26475.2265625,26453.6484375,26464.802734375,84241000.0,26460.417140116795,26472.619268602608,26495.772996043077,,,27.578899228592874,-26.62309272724815,,,26510.21826171875,26610.85512271991,26409.58140071759,0.00759230723848706,0.2743593803903189,45.52362137916017,26629.890625,26424.001953125,,,0.00037342410487295474,-0.00010707357083350466,-0.005301494318427524,
2026-08-11 13:50:00-04:00,26466.38671875,26470.681640625,26458.568359375,26460.462890625,90110000.0,26460.432390286198,26470.409018061222,26492.410128860403,,,27.020679563645658,-26.05621357974087,,,26504.269921875,26601.857430826607,26406.68241292339,0.007363908475069198,0.275550007779574,43.13716851279159,26629.890625,26424.001953125,,,-0.00016398549399965212,0.00016086430567963106,-0.004475897273708229,
2026-08-11 14:00:00-04:00,26460.0546875,26460.916015625,26435.064453125,26438.099609375,114684000.0,26452.98812998247,26464.53458011827,26487.237698433222,,,24.292084425091133,-27.099106044453947,,,26495.6724609375,26584.360245975087,26406.984675899916,0.006694510974827155,0.17541837053376572,41.90248236902077,26629.890625,26424.001953125,,,-0.0008451583535192819,-0.00013391815111696292,-0.006461815228548606,
2026-08-11 14:10:00-04:00,26438.662109375,26441.7578125,26429.4375,26435.01171875,95155000.0,26446.99599290498,26459.16678714222,26482.26379560625,,,23.932711131953155,-27.85369277128848,,,26486.935546875,26562.39014706854,26411.48094668146,0.005697495662343147,0.15592668974578666,39.78947023551928,26629.890625,26424.001953125,,,-0.0001167969964037674,-0.0006175843179068163,-0.006566701350069093,
2026-08-11 14:20:00-04:00,26434.01953125,26434.54296875,26372.306640625,26377.388671875,95207000.0,26423.793552561656,26444.298038911817,26472.27568858423,,,18.44804340692147,-32.72418249007387,,,26477.7513671875,26559.34090705192,26396.161827323078,0.0061628752935213625,-0.11504633730790552,41.42629937048219,26617.984375,26424.001953125,,,-0.002179800315130098,-0.0029308402758495555,-0.006915518767957263,
2026-08-11 14:30:00-04:00,26377.740234375,26398.380859375,26375.0703125,26387.15234375,93800000.0,26411.57981629111,26433.907912518756,26464.16870336192,,,21.721470861936353,-35.388299670150445,,,26469.59111328125,26553.12435704766,26386.05786951484,0.0063116383935751695,0.006551129740758354,40.13231704937632,26567.185546875,26372.306640625,,,0.0003701530881792259,-0.0029341004882738053,-0.006147001169578781,
2026-08-11 14:40:00-04:00,26387.453125,26412.58984375,26378.8203125,26412.01171875,91842000.0,26411.72378377741,26429.92678637898,26459.201371494117,,,29.482623027444305,-35.08920145317097,,,26462.78330078125,26541.654274287626,26383.912327274877,0.005960897809569894,0.1781351885611773,39.67783234942087,26567.185546875,26372.306640625,,,0.0009421014695392138,-0.001831078015349652,-0.005128649561064624,
2026-08-11 14:50:00-04:00,26411.828125,26423.39453125,26408.529296875,26410.669921875,103242000.0,26411.372496476608,26426.425538287345,26454.579328673248,,,29.31368198583168,-34.562026231000345,,,26457.63798828125,26536.00833471642,26379.26764184608,0.005924213376105854,0.2003454205405147,37.90550392267652,26555.337890625,26372.306640625,,,-5.080252459710444e-05,-0.0010375060199211417,-0.0038812663117531176,
2026-08-11 15:00:00-04:00,26410.765625,26419.345703125,26401.720703125,26410.08203125,106811000.0,26410.942341401074,26423.45399155328,26450.341490823415,,,29.234639383343193,-33.80202522382024,-31.89195774513721,-1.910067478683029,26452.67685546875,26529.890093280894,26375.46361765661,0.005837839265494182,0.2241740831903495,36.4568964996282,26527.201171875,26372.306640625,,,-2.2259587762807342e-05,-0.0009430556628926556,-0.0037429369581611915,
2026-08-11 15:10:00-04:00,26410.52734375,26433.619140625,26408.650390625,26428.072265625,111682000.0,26416.652316142387,26424.293677748137,26448.22061223309,,,35.00979554685901,-31.38625616293575,-31.79081742869692,0.404561265761167,26448.57978515625,26521.780298938647,26375.37927137385,0.0055353077085432325,0.3599222978665721,35.63631460679762,26521.462890625,26372.306640625,,,0.0006811881293558031,0.0019214788234152014,-0.0030909605428431908,
2026-08-11 15:20:00-04:00,26428.3359375,26441.572265625,26428.052734375,26438.453125,123036000.0,26423.91925242826,26426.86812270302,26447.29037535375,,,38.14660212719493,-28.307778730188147,-31.094209688995164,2.786430958807017,26444.47744140625,26509.876254159877,26379.07862865262,0.0049461225239587,0.4539416989957949,34.05654436702636,26521.462890625,26372.306640625,,,0.00039279669249658866,0.0019441575423408963,-0.003093715239154582,
2026-08-11 15:30:00-04:00,26441.228515625,26465.734375,26439.0625,26464.880859375,140281000.0,26437.573121410507,26433.77952937065,26448.96565954625,,,45.3750080291196,-23.465075107891607,-29.568382772774456,6.103307664882848,26442.99873046875,26505.062934515852,26380.934526421646,0.004694188029105032,0.6762862284485556,33.572594769381624,26521.462890625,26372.306640625,,,0.0009995945772640624,0.0020017082071588366,-0.0011162418197616653,
2026-08-11 15:40:00-04:00,26464.185546875,26464.185546875,26431.734375,26438.42578125,162713000.0,26437.85734135701,26434.624302439624,26447.961861613276,,,40.29812032304043,-21.513902432496252,-27.957486704718818,6.443584272222566,26440.52353515625,26499.071662791754,26381.97540752075,0.004428666290034274,0.4820852178287301,33.542158312640076,26501.724609375,26372.306640625,,,-0.0009996295946153033,0.0010509335604551584,-0.001868923197623884,
2026-08-11 15:50:00-04:00,26421.41796875,26452.890625,26414.671875,26443.234375,310440000.0,26439.649685904675,26436.189770177873,26447.51162479296,,,41.57765929563247,-19.356441690433712,-26.2372777018618,6.880836011428087,26437.70263671875,26489.64760670654,26385.75766673096,0.003929613000158809,0.5532461399299116,33.87620057602293,26501.724609375,26372.306640625,,,0.0001818789738006199,0.0012552912070009636,-0.0021290078835055626,
2026-08-12 09:30:00-04:00,26677.666015625,26687.900390625,26593.259765625,26598.806640625,142504000.0,26492.702004144783,26465.756473895533,26461.920673919823,,,66.5533303685791,-5.035214031377109,-21.996864967764864,16.961650936387755,26443.96552734375,26530.4253147502,26357.5057399373,0.006539093943156721,1.395451619336856,48.93261593666415,26499.4765625,26372.306640625,,,0.005883254045960573,0.006460341612659848,0.004731432620281195,
2026-08-12 09:40:00-04:00,26599.63671875,26653.826171875,26579.78125,26652.0234375,238183000.0,26545.809148596523,26499.62319455089,26480.0256990227,,,71.10401694234982,10.487716951149196,-15.499948583982052,25.98766553513125,26453.18486328125,26578.408119719716,26327.961606842786,0.009467537242540723,1.2939362857747563,50.726352075116715,26687.900390625,26372.306640625,,,0.002000721220091206,0.008078018463873349,0.006966497262650417,
2026-08-12 09:50:00-04:00,26650.015625,26650.015625,26572.89453125,26615.755859375,208905000.0,26569.124718856016,26520.738224518907,26492.95238096101,,,64.64841918739717,19.636899187302333,-8.472579029725175,28.109478217027508,26461.1623046875,26605.07319629001,26317.25141308499,0.010877140614266772,1.0371155475656981,52.755105944751236,26687.900390625,26372.306640625,,,-0.0013607814134656282,0.0057009514156400876,0.006030676579471095,
2026-08-12 10:00:00-04:00,26612.826171875,26615.939453125,26562.66015625,26608.857421875,209959000.0,26582.36895319568,26536.75989676547,26503.99095628615,,,63.46805939583421,26.030976874462795,-1.5718678488875817,27.602844723350376,26469.52314453125,26626.74044791386,26312.305841148638,0.011879118677292312,0.9431264064002565,52.79254815405472,26687.900390625,26372.306640625,,,-0.00025918623301357524,0.006446361142495416,0.006323994764413365,
2026-08-12 10:10:00-04:00,26617.896484375,26628.80859375,26596.568359375,26596.568359375,175393000.0,26587.10208858879,26547.634162694478,26512.807851818423,,,61.32016696113335,29.763608516826935,4.6952274242553225,25.068381092571613,26476.7841796875,26643.12244228762,26310.44591708738,0.012564838801513524,0.8600620140402221,51.3245257412651,26687.900390625,26372.306640625,,,-0.0004618410443244514,0.005798609285101897,0.005490106024548247,
2026-08-12 10:20:00-04:00,26591.75390625,26642.9765625,26582.634765625,26620.111328125,157977000.0,26598.105168434195,26560.81182913639,26523.02723051429,,,63.844566208079414,34.22692017661029,10.601565974726316,23.625354201883976,26485.0435546875,26662.268010688986,26307.819098686017,0.013382983919625674,0.8810641501880739,51.968616536531876,26687.900390625,26372.306640625,,,0.0008851882104445874,0.0008009640352608649,0.006244111722763179,
2026-08-12 10:30:00-04:00,26618.123046875,26625.830078125,26572.55078125,26617.8046875,170025000.0,26604.671674789464,26571.174167020683,26532.05365498912,,,63.407929327197685,37.14976088383264,15.911204956547582,21.23855592728506,26492.69365234375,26678.75164691579,26306.635657771712,0.014045985433842674,0.8362151555057435,52.06223656070817,26687.900390625,26372.306640625,,,-8.665029971388627e-05,-0.0012839081460453983,0.005781337373290452,
2026-08-12 10:40:00-04:00,26623.015625,26624.18359375,26595.84765625,26600.5625,159224000.0,26603.301949859648,26576.517500289647,26538.578306894917,,,60.09919252009507,37.64093154180955,20.257150273599976,17.383781268209574,26499.6986328125,26690.854777357843,26308.542488267154,0.014427042902944623,0.7638258566770146,50.36750091351473,26687.900390625,26372.306640625,,,-0.0006477689539925446,-0.0005708408002866872,0.005294677192689612,
2026-08-12 10:50:00-04:00,26600.240234375,26600.240234375,26565.216796875,26581.513671875,151859000.0,26596.03919053143,26577.425895123346,26542.667389273975,,,56.58610449279082,36.07723073632587,23.421166366145158,12.656064370180715,26506.8693359375,26699.001706583058,26314.73696529194,0.014496798411804094,0.6942523680072705,49.29451535719225,26687.900390625,26372.306640625,,,-0.0007161062148591801,-0.001027618344015102,0.005424522360493178,
2026-08-12 11:00:00-04:00,26579.419921875,26588.533203125,26561.625,26573.494140625,155257000.0,26588.524173895956,26576.711030669103,26545.603270355023,,,55.125153620666254,33.80123780341455,25.497180653599038,8.304057149815513,26513.79345703125,26705.047590394573,26322.539323667927,0.014426764972222743,0.6560768453572118,47.69549305489281,26687.900390625,26372.306640625,,,-0.000301695808184399,-0.0008675637562793881,0.005238598845665576,
2026-08-12 11:10:00-04:00,26574.06640625,26582.501953125,26560.435546875,26570.15234375,135628000.0,26582.400230513973,26575.518542138358,26547.94127734502,,,54.49377703367774,31.36627107901586,26.670998738682407,4.695272340333453,26523.431640625,26705.422236360988,26341.441044889012,0.013723005243200834,0.62836021261444,45.86484399740046,26687.900390625,26372.306640625,,,-0.00012575677317083755,-0.0018767383711959518,0.0073079133902491655,
2026-08-12 11:20:00-04:00,26571.76171875,26572.26171875,26551.2421875,26567.345703125,126074000.0,26577.38205471765,26574.032571408654,26549.789317895495,,,53.93504808609155,28.87719167438263,27.112237325822452,1.7649543485601775,26532.44130859375,26704.101321684782,26360.781295502715,0.012939631984444176,0.6016672255312633,44.09017880115758,26687.900390625,26375.0703125,,,-0.00010563133356145116,-0.0018956854243766807,0.006828829311612994,
2026-08-12 11:30:00-04:00,26570.357421875,26571.505859375,26532.1796875,26545.220703125,126020000.0,26566.661604186767,26568.794049902535,26549.354211726877,,,49.616282432972596,24.833016167340247,26.656393094126013,-1.823376926785766,26539.1017578125,26701.64934814272,26376.554167482278,0.012249667815706763,0.5188220117568949,43.749892592146324,26687.900390625,26378.8203125,,,-0.0008327892536662551,-0.0020804746845108912,0.005043500123863565,
2026-08-12 11:40:00-04:00,26544.58203125,26560.048828125,26537.080078125,26556.26953125,132904000.0,26563.197579874515,26566.51686469298,26550.01281358622,,,51.69638993406381,22.262893256782263,25.777693126657265,-3.5147998698750023,26546.38173828125,26697.939403386532,26394.824073175965,0.011418329367781931,0.5326205638028358,42.265525264135874,26687.900390625,26401.720703125,,,0.0004162266439058371,-0.000949687852114689,0.0055129086011713735,
2026-08-12 11:50:00-04:00,26558.2265625,26562.908203125,26545.4140625,26547.87109375,119224000.0,26558.088751166346,26563.12672452153,26549.808840268484,,,50.006384927854334,19.32559518432754,24.48727353819132,-5.161678353863781,26553.27119140625,26691.346494061363,26415.195888751135,0.010399871387582613,0.4804450993320011,40.49614064705474,26687.900390625,26401.720703125,,,-0.0003162506499686524,-0.0009642332596310199,0.005217290212766512,
2026-08-12 12:00:00-04:00,26545.935546875,26567.79296875,26544.74609375,26567.79296875,109714000.0,26561.323490360897,26563.975132563068,26551.52161440958,,,53.859618661499084,18.393267974464834,23.268472425446024,-4.87520445098119,26560.2572265625,26685.862929675743,26434.651523449254,0.009458169176737323,0.5299976115762329,39.24976452940797,26687.900390625,26408.650390625,,,0.0007504132790778772,-8.879794776772698e-05,0.005286829161078588,
2026-08-12 12:10:00-04:00,26567.9765625,26579.712890625,26562.974609375,26570.626953125,95959000.0,26564.424644615603,26565.184554483418,26553.341170477714,,,54.39806938544053,17.67927511945163,22.150632964247148,-4.4713578447955165,26566.86591796875,26679.366370681026,26454.365465256473,0.008469230285547963,0.5167156445399811,37.64180143802169,26687.900390625,26414.671875,,,0.00010666992092023264,0.00012350688084028505,0.004999302625614543,
2026-08-12 12:20:00-04:00,26571.45703125,26590.404296875,26570.70703125,26586.05859375,99900000.0,26571.63596099374,26568.979834350066,26556.457115551264,,,57.318858141588024,18.149419854191365,21.35039034223599,-3.200970488044625,26572.9248046875,26675.408914445256,26470.440694929744,0.007713423381958856,0.5640771973994051,36.36576874602014,26687.900390625,26414.671875,,,0.0005807781898494735,0.0015384272401319787,0.004578812767716434,
2026-08-12 12:30:00-04:00,26586.21875,26591.638671875,26565.23046875,26591.638671875,98545000.0,26578.303531287493,26573.09962299096,26559.80773996305,,,58.35750175900082,18.75607031042091,20.831526335872972,-2.0754560254520626,26580.58544921875,26662.562855607324,26498.608042830176,0.006168216764464363,0.5674162744540705,35.654514058804416,26687.900390625,26414.671875,,,0.00020988737782712263,0.0013318565163447094,0.005795083712346383,
2026-08-12 12:40:00-04:00,26592.580078125,26607.392578125,26589.775390625,26607.392578125,106456000.0,26587.999880233332,26579.334705742604,26564.339629311806,,,61.226302629115736,20.274343727003725,20.720089814099126,-0.44574608709540087,26588.793359375,26641.9109357118,26535.675783038198,0.00399548603946498,0.6750759356194074,34.366133590318384,26687.900390625,26414.671875,,,0.00059243833914846,0.0022420435960686103,0.0062079472123954815,
2026-08-12 12:50:00-04:00,26607.494140625,26627.01171875,26607.494140625,26617.65234375,99620000.0,26597.88403473889,26586.301549016676,26569.417030686873,26539.98116660096,,63.013375227799024,22.05127037131024,20.98632592554135,1.0649444457688872,26589.73564453125,26644.18231886666,26535.28897019584,0.004095315204580287,0.7563673498841557,33.312776949938495,26687.900390625,26532.1796875,,,0.00038559831050233306,0.001876684866471523,0.0007085168661746799,
2026-08-12 13:00:00-04:00,26617.04296875,26630.416015625,26616.130859375,26621.876953125,93353000.0,26605.88167420093,26592.7698043091,26574.41321377622,26542.666274355845,,63.75416819775432,23.529158713761717,21.494892483185428,2.0342662305762893,26588.2283203125,26637.075133453425,26539.381507171576,0.003674318766369792,0.8444301751623179,31.953661185657175,26653.826171875,26532.1796875,26687.900390625,26372.306640625,0.00015871457484095686,0.0019288216303821049,-0.0011311142827745702,0.0029575708449474103
2026-08-12 13:10:00-04:00,26621.37890625,26623.787109375,26602.40625,26607.087890625,80348000.0,26606.283746342287,26595.373092730173,26577.52508776182,26544.778458495817,,59.27821019964563,23.23915560641035,21.843745107830415,1.3954104985799347,26587.794921875,26635.80370663684,26539.78613711316,0.0036113400831403655,0.7009316507979441,31.19846105632452,26650.015625,26532.1796875,26687.900390625,26372.306640625,-0.0005555229079466928,0.0007909896384545867,-0.0003256705838375895,0.0033847997705509503
2026-08-12 13:20:00-04:00,26607.728515625,26625.275390625,26607.728515625,26616.052734375,87677000.0,26609.540075686527,26599.133027574684,26581.194387439267,26547.11532000005,,61.062762649124934,23.46225574331038,22.16744723492641,1.2948085083839693,26588.1546875,26636.891744256598,26539.4176307434,0.003666072905729892,0.7862098035005344,30.26910669515848,26642.9765625,26532.1796875,26687.900390625,26372.306640625,0.0003369344208901115,0.0009181104933493334,0.0002704104270965235,0.0018906456051863696
2026-08-12 13:30:00-04:00,26617.111328125,26625.158203125,26611.8515625,26615.34765625,81300000.0,26611.475935874354,26602.081141879287,26584.44707970696,26549.35244577874,,60.83694957212583,23.31342761560154,22.39664331106144,0.9167843045401014,26589.09365234375,26639.148698207166,26539.03860648033,0.0037650810153887914,0.7622513220534207,29.057501975861445,26642.9765625,26532.1796875,26687.900390625,26372.306640625,-2.6490709649440447e-05,0.0002989799959407513,0.0007060796949911463,0.00021777599694550176
2026-08-12 13:40:00-04:00,26615.626953125,26617.810546875,26601.171875,26601.171875,86864000.0,26608.04124891624,26601.915820628506,26586.039917353915,26551.051443458124,,56.32688442830085,21.800312742143433,22.27737719727784,-0.477064455134407,26588.1466796875,26636.50656014511,26539.78679922989,0.0036377022468102923,0.634669432484618,28.17044268294277,26642.9765625,26532.1796875,26687.900390625,26372.306640625,-0.0005326167981379859,-0.0006191556091110773,-0.0007114715972277308,0.0003343310382595277
2026-08-12 13:50:00-04:00,26601.79296875,26607.466796875,26590.541015625,26600.013671875,88977000.0,26605.365389902494,26601.569975400595,26587.37075111783,26552.656762422608,,55.96185331194818,20.27399499665262,21.876700757152797,-1.6027057605001787,26587.25712890625,26634.03060911394,26540.483648698562,0.0035184885737487566,0.6363651251960124,27.367252580589717,26630.416015625,26532.1796875,26687.900390625,26372.306640625,-4.353955270997023e-05,-0.0008212524341727478,-0.0006683877890709677,-0.00021949469678050892
2026-08-12 14:00:00-04:00,26599.833984375,26603.65234375,26590.779296875,26598.58203125,90300000.0,26603.104270351665,26601.026712827756,26588.438492082798,26554.162508941536,,55.483212507000026,18.73291437700027,21.24794348112229,-2.5150291041220214,26587.15810546875,26633.826760161217,26540.48945077628,0.0035106162537070157,0.622393990747446,26.331952173047593,26630.416015625,26532.1796875,26687.900390625,26372.306640625,-5.3821048464852694e-05,-0.0003196839657900741,-7.445213799517347e-05,0.0007205701542576382
2026-08-12 14:10:00-04:00,26598.734375,26617.861328125,26598.734375,26609.033203125,96922000.0,26605.080581276114,26602.482438336345,26590.39989313444,26555.961548095092,,58.287965766446476,18.14574624192028,20.62750403328189,-2.4817577913616127,26588.53408203125,26636.070616803758,26540.99754725874,0.0035757168579395107,0.7156143815683247,25.828191080329912,26630.416015625,26532.1796875,26687.900390625,26372.306640625,0.00039292214384656354,-0.00026373299301940545,0.0010352883432336313,-3.8166972430642154e-05
2026-08-12 14:20:00-04:00,26608.869140625,26625.91796875,26601.693359375,26614.646484375,84891000.0,26608.269215642413,26604.694083070644,26592.709092300207,26557.885644366565,,59.75460577216124,17.926708215949475,20.08734486981541,-2.160636653865936,26590.59169921875,26638.902345332714,26542.281053104783,0.003633664617954662,0.7489594643332456,25.713649529949205,26630.416015625,26532.1796875,26687.900390625,26372.306640625,0.00021095397217751888,-2.634464460338215e-05,0.0015486237350732512,0.0001840109123536493
2026-08-12 14:30:00-04:00,26614.0078125,26630.349609375,26614.0078125,26625.6875,94534000.0,26614.075310428278,26608.51106796689,26595.849893033523,26560.108656026678,,62.54430224764684,18.43156903502313,19.756189702856958,-1.3246206678338268,26593.36845703125,26643.025949801744,26543.710964260757,0.003734577125927339,0.8254196010068536,25.04423148316712,26630.416015625,26532.1796875,26687.900390625,26372.306640625,0.0004148473522458396,0.0009215994361151392,0.0020901331513465404,0.0024327042872671623
2026-08-12 14:40:00-04:00,26626.26171875,26642.111328125,26625.896484375,26633.9375,103720000.0,26620.69604028552,26613.134055609273,26599.477284173186,26562.52927386187,,64.52316314164841,19.275188548148435,19.659989471915253,-0.38480092376681796,26596.698046875,26647.837607094545,26545.558486655456,0.003845557078507574,0.8640963372106514,24.428488386155184,26630.416015625,26532.1796875,26687.900390625,26372.306640625,0.0003098511540782223,0.0012753312289033314,0.002506528037054423,0.0031479831625971233
2026-08-12 14:50:00-04:00,26634.7265625,26638.966796875,26612.60546875,26617.046875,92934000.0,26619.479651857015,26613.845477316674,26601.150578537647,26564.316736194265,,57.79128591149074,18.369083453897474,19.401808268311697,-1.0327248144142231,26600.28935546875,26646.294748707885,26554.283962229616,0.0034590144959965614,0.6821255982330611,24.566548367501245,26642.111328125,26532.1796875,26687.900390625,26372.306640625,-0.0006341767904201046,0.0006942040642732294,0.002705804283124502,0.002594488114248783
2026-08-12 15:00:00-04:00,26618.22265625,26629.26171875,26618.22265625,26620.69921875,109746000.0,26619.88617415468,26615.091612122735,26603.012353795966,26566.1653421797,,58.79245602558943,17.741192827867053,19.06968518022277,-1.3284923523557168,26603.51083984375,26645.591095068216,26561.430584619287,0.0031635114235705293,0.7042333015159067,23.68428375196544,26642.111328125,26537.080078125,26687.900390625,26372.306640625,0.0001372182183527748,0.000438423130068033,0.00242615731189888,0.004040309243105167
2026-08-12 15:10:00-04:00,26620.171875,26624.986328125,26612.333984375,26617.6796875,109347000.0,26619.15067860312,26615.562171282236,26604.409242720158,26567.85433710823,,57.57653917050823,16.806202604308055,18.616988665039827,-1.8107860607317718,26607.00126953125,26640.809707262808,26573.192831799694,0.0025413189099421445,0.6579253388390365,22.89628803753934,26642.111328125,26544.74609375,26687.900390625,26372.306640625,-0.0001134279466210586,0.00011396743994995795,0.0026295364138042565,0.004088187196064075
2026-08-12 15:20:00-04:00,26617.8984375,26618.12890625,26602.880859375,26610.595703125,121039000.0,26616.299020110415,26614.659177071826,26604.99842942538,26569.255693371073,,54.71743014042393,15.31703256329638,17.95699744469114,-2.6399648813947607,26609.14140625,26637.77382741361,26580.50898508639,0.002152074035495487,0.5253959814765443,22.34998509735796,26642.111328125,26544.74609375,26687.900390625,26372.306640625,-0.0002661383132627204,-0.0005668134156160409,0.0016110760282326275,0.0037941146502202816
2026-08-12 15:30:00-04:00,26609.853515625,26609.853515625,26586.412109375,26587.232421875,147261000.0,26606.610154031943,26609.672494308765,26603.306428706295,26569.845094305627,,46.51377052522537,12.112013285430294,16.78800061283897,-4.675987327408677,26609.9716796875,26634.798806487262,26585.144552887738,0.0018660017454068965,0.04204813960354156,22.480957143975246,26642.111328125,26562.974609375,26687.900390625,26372.306640625,-0.0008779691184160887,-0.00175359269071651,0.0006249558499049623,0.002516258059802823
2026-08-12 15:40:00-04:00,26587.8203125,26601.51171875,26570.546875,26595.623046875,179505000.0,26602.94778497963,26607.11804932081,26602.5746780557,26570.69027307839,,49.445264084664814,10.132267261054949,15.456853942482168,-5.324586681427219,26610.44990234375,26633.7368290281,26587.162975659397,0.0017502091674369443,0.18164851313950892,23.086949044405586,26642.111328125,26565.23046875,26687.900390625,26372.306640625,0.00031558850755364354,-0.0008048912497923277,0.000359754458949757,0.0038184581812188423
2026-08-12 15:50:00-04:00,26584.853515625,26596.45703125,26564.7265625,26590.58984375,313755000.0,26598.828471236426,26604.112921035205,26601.43326526468,26571.34271801844,,47.75445082353493,8.064207679151878,13.97832468981611,-5.914117010664233,26610.3974609375,26633.857679630382,26586.937242244618,0.0017632369999223468,0.07784670623063095,23.7043433090909,26642.111328125,26565.23046875,26687.900390625,26372.306640625,-0.0001892493030198894,-0.0011310512452201715,-3.944202679428965e-05,0.003875733492997302
2026-08-13 09:30:00-04:00,26621.525390625,26752.7890625,26613.609375,26747.66796875,375847938.0,26648.441637074284,26630.21383880153,26615.36037988233,26577.12387378013,,75.69163490665807,18.882481993281544,14.959156150509198,3.9233258427723463,26617.41123046875,26681.601904307285,26553.22055663022,0.004823209385971741,1.5146079678872,33.596834412012974,26642.111328125,26564.7265625,26687.900390625,26372.306640625,0.005907282460562602,0.004883531651748152,0.00527204573740625,0.009359202973034275
2026-08-13 09:40:00-04:00,26748.48828125,26796.19921875,26711.798828125,26796.19921875,258520000.0,26697.694164299526,26660.39299879216,26632.583126441157,26584.30667197586,,79.36330698480468,31.014591703860788,18.170243261179515,12.844348442681273,26626.33857421875,26727.30723304777,26525.36991538973,0.007584118901483856,1.3411552976002743,37.22565985579776,26752.7890625,26564.7265625,26752.7890625,26372.306640625,0.0018144105144679568,0.006974797471489991,0.006707837065950795,0.012187651633702501
2026-08-13 09:50:00-04:00,26794.576171875,26819.984375,26786.7421875,26819.984375,236605000.0,26738.457567866353,26689.40961264813,26650.430864399143,26592.03380977993,,80.88702838096191,42.06375460583513,22.948945530110638,19.11480907572449,26636.2439453125,26767.76566435235,26504.72222627265,0.009875395292961053,1.1985174427039933,36.94112611609792,26796.19921875,26564.7265625,26796.19921875,26372.306640625,0.0008876317143275969,0.008754275339072137,0.007441527215523491,0.013312395813578348
2026-08-13 10:00:00-04:00,26807.8515625,26837.125,26805.833984375,26835.650390625,234700000.0,26770.855175452572,26715.99884500756,26668.070819277797,26600.021238660094,,81.83820561428445,51.490857788514404,28.65732798179139,22.833529806723014,26647.6720703125,26804.38239350973,26490.961747115267,0.011761652033523737,1.099763680137125,36.53754679530521,26819.984375,26564.7265625,26819.984375,26372.306640625,0.0005841172539833295,0.00902506940059089,0.008590286202667663,0.01434231894718696
2026-08-13 10:10:00-04:00,26835.58984375,26852.7578125,26835.58984375,26838.7734375,210275000.0,26793.49459613505,26738.321498188005,26684.328211489435,26607.849179605662,,82.03019675308514,58.53910638276648,34.63368366198641,23.905422720780066,26658.80810546875,26835.347252140917,26482.268958796583,0.01324433905474954,1.0097037552963983,35.154005506354835,26837.125,26564.7265625,26837.125,26372.306640625,0.00011637679093068343,0.009333512163827828,0.008367908846128591,0.015019219803044992
2026-08-13 10:20:00-04:00,26839.099609375,26855.9140625,26831.859375,26855.193359375,176348000.0,26814.06085054837,26759.57092749473,26700.601082716632,26615.958824843998,,83.04503448908073,64.70397746649178,40.64774242288749,24.05623504360429,26670.800390625,26865.547616935848,26476.053164314155,0.014603778173774028,0.9734161616650676,34.36119707732949,26852.7578125,26564.7265625,26852.7578125,26372.306640625,0.0006117985202727105,0.004019991228791486,0.009011556272821242,0.015267490653905424
2026-08-13 10:30:00-04:00,26852.90234375,26875.08203125,26851.640625,26862.453125,174624000.0,26830.191608698915,26778.276781586595,26716.015562934095,26624.040605176982,,83.48901356547525,69.37576400683247,46.39334673967649,22.98241726715598,26683.864453125,26892.719262312643,26475.009643937356,0.015654015148707914,0.9275426373221537,33.58121201823453,26855.9140625,26564.7265625,26855.9140625,26372.306640625,0.0002703300448390067,0.00247251133301174,0.009822170663299046,0.015404667181152298
2026-08-13 10:40:00-04:00,26861.8125,26863.7734375,26812.0859375,26816.849609375,155095000.0,26825.744275590943,26785.290023002664,26725.618805452275,26630.362211871998,,70.9250750066595,68.60750134320187,50.836177660381566,17.77132368282031,26694.70625,26907.499512901373,26481.912987098625,0.015942731184867335,0.7870000621956065,34.87451830264635,26875.08203125,26564.7265625,26875.08203125,26372.306640625,-0.0016976675738731295,-0.00011688170959267552,0.008151722783859672,0.013302456040706678
2026-08-13 10:50:00-04:00,26817.181640625,26826.45703125,26806.953125,26815.734375,162517000.0,26822.407642060632,26790.825359729453,26734.201240647297,26636.43998771226,,70.64509244784512,67.13476971821365,54.09589607194798,13.038873646265664,26705.5638671875,26919.785737346443,26491.341997028554,0.016043238871443856,0.7571411306669088,33.77661744174304,26875.08203125,26564.7265625,26875.08203125,26372.306640625,-4.158707645551818e-05,-0.0007421476779991831,0.00816405714766577,0.01342650299972159
2026-08-13 11:00:00-04:00,26813.421875,26830.71875,26796.41015625,26804.84765625,162782000.0,26816.55431345709,26793.374868187733,26740.929470704697,26641.961550615135,,67.83015017731924,64.34739535711924,56.14619592898224,8.201199428137002,26715.35458984375,26928.932203340864,26501.77697634664,0.015989128108245862,0.7095094727881166,33.814615749475685,26875.08203125,26564.7265625,26875.08203125,26372.306640625,-0.0004059824951185842,-0.0012640585580039332,0.00735894655135394,0.01387195192898627
2026-08-13 11:10:00-04:00,26805.775390625,26810.291015625,26792.48828125,26807.130859375,172753000.0,26813.413162096396,26795.875957494507,26747.234364863772,26647.37693778759,,68.1170813911213,61.61238725675139,57.239434194536074,4.372953062215316,26724.97880859375,26936.877479824423,26513.08013736308,0.0158577241724535,0.6938474892365388,32.670909937013136,26875.08203125,26564.7265625,26875.08203125,26372.306640625,8.517873909519302e-05,-0.0017896910797412513,0.00723227246745517,0.014076753382373575
2026-08-13 11:20:00-04:00,26805.841796875,26810.259765625,26752.8359375,26762.169921875,159574000.0,26796.3320820226,26789.74758738187,26748.656798864842,26651.1406421839,,57.28220458778314,55.18081168230856,56.82770969209058,-1.6468980097820207,26731.8029296875,26939.2147310477,26524.391128327297,0.015517980729227726,0.5732045910318379,34.43897552186934,26875.08203125,26564.7265625,26875.08203125,26372.306640625,-0.001677200657386857,-0.003733210911838536,0.005125967991436831,0.014587541427490747
2026-08-13 11:30:00-04:00,26759.2890625,26763.5,26728.583984375,26746.125,131758000.0,26779.59638801507,26781.81620785789,26748.41567516343,26654.25488342377,,53.98226506102103,48.23305002361667,55.1087777583958,-6.875727734779133,26737.4123046875,26939.94450179686,26534.880107578138,0.015149723152068428,0.5215094079777254,34.4730498149501,26875.08203125,26564.7265625,26875.08203125,26375.0703125,-0.0005995374037994772,-0.0026373198345518434,0.004212201068655386,0.013604069570433364
2026-08-13 11:40:00-04:00,26747.001953125,26766.607421875,26731.96875,26740.708984375,121970000.0,26766.63392013505,26774.342167224633,26747.68170461215,26657.089444110694,,52.87496996614946,41.80793579645251,52.44860936600715,-10.640673569554636,26743.59541015625,26938.45683265854,26548.73398765396,0.014572567339116185,0.49259364489855517,34.48487996209652,26875.08203125,26564.7265625,26875.08203125,26378.8203125,-0.00020249720753939826,-0.0027978122685666795,0.004645974061500802,0.012444991662322158
2026-08-13 11:50:00-04:00,26740.900390625,26740.900390625,26711.73828125,26713.546875,116430000.0,26748.93823842337,26763.288477729242,26744.430768458613,26658.940507418538,,47.60144859379106,34.13079272478353,48.78504603776243,-14.654253312978895,26748.23779296875,26935.43997037991,26561.03561555759,0.013997346581117157,0.40734371135930514,34.1046820630182,26875.08203125,26564.7265625,26875.08203125,26401.720703125,-0.0010157587590842176,-0.003406129459150753,0.003487799305609718,0.011467976920726874
2026-08-13 12:00:00-04:00,26716.9453125,26757.8359375,26715.896484375,26751.56640625,110299000.0,26749.81429436558,26761.157192005743,26745.110353010175,26661.97742213432,,54.44956389368679,30.75987921878186,45.18001267396632,-14.420133455184455,26754.93212890625,26932.297657816074,26577.566599996426,0.01325852953431319,0.49051190308247217,34.832137808516904,26875.08203125,26564.7265625,26875.08203125,26401.720703125,0.0014232303717625072,-0.0020727489792353726,0.0050299921075718235,0.01293007627147591
2026-08-13 12:10:00-04:00,26751.076171875,26756.91796875,26727.08203125,26735.412109375,105150000.0,26745.013566035388,26756.476267891063,26744.186710759208,26664.38511679795,,51.37709621523902,26.479648325541348,41.43993980428132,-14.960291478739975,26761.17294921875,26926.13459616679,26596.211302270713,0.012328431736610754,0.4219186995269699,34.47526635790856,26875.08203125,26564.7265625,26875.08203125,26408.650390625,-0.0006038635880112331,-0.0009998371797994565,0.004690477719570207,0.011629294814278213
2026-08-13 12:20:00-04:00,26734.892578125,26770.24609375,26730.89453125,26765.57421875,111897000.0,26751.86711694026,26758.130440774505,26746.22361628214,26667.702792271786,,56.331788180925216,25.230522894078604,38.19805642224078,-12.967533528162178,26770.0900390625,26914.475287003057,26625.70479112194,0.010787057326282656,0.48436190546849217,34.82357322520081,26875.08203125,26564.7265625,26875.08203125,26414.671875,0.0011281707292039034,0.0007271789371356974,0.006707798466765835,0.012372928635551617
2026-08-13 12:30:00-04:00,26767.390625,26774.845703125,26752.509765625,26755.1171875,102332000.0,26752.950473793506,26757.582576542776,26747.070623064792,26670.56883801697,,54.267149055642506,23.130156910519872,35.184476519896606,-12.054319609376734,26778.06474609375,26898.687326890682,26657.44216529682,0.00900905886520624,0.4048786784276194,33.93159924482932,26875.08203125,26564.7265625,26875.08203125,26414.671875,-0.0003906895912091368,0.0005388115600606369,0.005997007114437292,0.010966848090766534
2026-08-13 12:40:00-04:00,26754.25,26775.484375,26751.20703125,26774.255859375,98804000.0,26760.05226898734,26760.61408251227,26749.659693189573,26673.968412487724,,57.34831363517296,22.74771115377007,32.6971234466713,-9.94941229290123,26787.248046875,26872.018375805616,26702.477717944384,0.00632915548340583,0.42336830785076873,33.242009566627225,26875.08203125,26564.7265625,26875.08203125,26414.671875,0.0007153275293423356,0.0022725916801342727,0.00690718095026277,0.012702347745801479
2026-08-13 12:50:00-04:00,26773.923828125,26779.966796875,26763.802734375,26768.86328125,99125000.0,26762.989273074894,26762.11393682822,26751.488606338185,26677.079719660258,,56.19939935558624,21.75866381695596,30.509431520728235,-8.750767703772276,26788.3078125,26871.589260967387,26705.026364032612,0.006217746118963612,0.38326012810876064,32.022156204725285,26875.08203125,26613.609375,26875.08203125,26414.671875,-0.00020140907569288213,0.000646574287924917,0.0007924172127740103,0.012314261622922151
2026-08-13 13:00:00-04:00,26778.048828125,26793.693359375,26773.189453125,26793.693359375,90234000.0,26773.223968508268,26767.855650018544,26755.508106627407,26680.90311768369,,60.157442362451334,22.71655417196962,28.950856050976515,-6.234301879006896,26788.18251953125,26871.423632150087,26704.94140691241,0.006214763734579383,0.5331016709794933,31.508436341887766,26875.08203125,26711.73828125,26875.08203125,26532.1796875,0.0009275731234501539,0.002179927122932357,-9.3515477868511e-05,0.007326897081628703
2026-08-13 13:10:00-04:00,26793.080078125,26802.53515625,26790.939453125,26802.53515625,93586000.0,26782.99436442218,26774.161014787896,26759.98687325813,26684.891053374387,,61.491884773687126,23.913488483765832,27.943382537534383,-4.029894053768551,26787.31005859375,26869.559472643807,26705.060644543693,0.006140923733674399,0.5925544445033011,30.086098254967215,26875.08203125,26711.73828125,26875.08203125,26532.1796875,0.00032999544916823,0.0013809133029587528,-0.000650605104985269,0.005647290499460889
2026-08-13 13:20:00-04:00,26802.984375,26806.53125,26796.970703125,26798.83203125,94695000.0,26788.273586698124,26778.646654144643,26763.6864121145,26688.626823140803,,60.57677893706049,24.28333316127828,27.211372662283164,-2.9280395010048856,26785.469140625,26864.908449699957,26706.02983155004,0.005931522696720222,0.584107545625758,28.619987442112414,26875.08203125,26711.73828125,26875.08203125,26532.1796875,-0.0001381632363659513,0.0016338872090766454,-0.0013719943000846113,0.006878488547997108
2026-08-13 13:30:00-04:00,26798.34765625,26803.6484375,26786.216796875,26787.8125,92517000.0,26788.119891132083,26780.31317157289,26765.98413477026,26691.878812546023,,57.819338915800486,23.417313442394516,26.452560818305436,-3.03524737591092,26782.92109375,26858.534996627463,26707.307190872536,0.005646426886207595,0.5323446222444538,27.82081981231867,26875.08203125,26711.73828125,26875.08203125,26532.1796875,-0.0004111944594133998,0.0005063311823194638,-0.001898780420002244,0.006725395055027228
2026-08-13 13:40:00-04:00,26787.931640625,26794.958984375,26783.04296875,26790.708984375,93315000.0,26788.982922213057,26782.20331935509,26768.338882351665,26695.11914604861,,58.35593288602753,22.703002576407016,25.702649169925756,-2.99964659351874,26779.696875,26847.839036211208,26711.554713788795,0.005089091301464274,0.5808024663384727,26.684762370367338,26875.08203125,26711.73828125,26875.08203125,26532.1796875,0.00010812694672246437,0.0008160863199708768,-0.002401188259457787,0.007299461433398324
2026-08-13 13:50:00-04:00,26791.447265625,26794.314453125,26780.83984375,26781.462890625,91840000.0,26786.476245017042,26782.068695949616,26769.588787901506,26697.950088493737,,55.91081385396096,21.14705350674194,24.791530037288997,-3.644476530547056,26775.64736328125,26832.29243661793,26719.00228994457,0.0042310889868052435,0.5513330374663462,25.741180013555386,26875.08203125,26711.73828125,26875.08203125,26532.1796875,-0.0003451231453185377,-0.0004564681914492885,-0.0030149976995074157,0.006061265503781943
2026-08-13 14:00:00-04:00,26781.40234375,26786.01953125,26777.005859375,26779.65234375,86792000.0,26784.201611261364,26781.62935918605,26770.547221791836,26700.628850961155,,55.42111798962195,19.542581937836076,23.741740417398415,-4.199158479562339,26773.7875,26827.252543951116,26720.32245604888,0.0039938349365861645,0.5548474602897893,24.546358003658572,26863.7734375,26711.73828125,26875.08203125,26532.1796875,-6.76044800985709e-05,-0.00085375552598288,-0.0013870855886067845,0.006080428425639717
2026-08-13 14:10:00-04:00,26777.92578125,26789.412109375,26775.208984375,26782.00390625,83365000.0,26783.469042924247,26781.69745865222,26771.638334597377,26703.29688556079,,55.960632502077445,18.25039886319064,22.64347210655686,-4.393073243366221,26772.1009765625,26822.188173343253,26722.013779781744,0.003741745694490163,0.5988568968118674,23.807555646254386,26830.71875,26711.73828125,26875.08203125,26532.1796875,8.78115395157586e-05,-0.0006279424782533738,-0.0012578610855217276,0.006820961257868241
2026-08-13 14:20:00-04:00,26781.89453125,26786.02734375,26772.94921875,26781.603515625,81898000.0,26782.847200491167,26781.680378101813,26772.587399457152,26705.864316054696,,55.836722622390305,16.998082970087125,21.514394279262916,-4.516311309175791,26770.93876953125,26818.9691247687,26722.9084142938,0.0035882458699666164,0.6110208954423249,23.0411677429505,26830.71875,26711.73828125,26875.08203125,26532.1796875,-1.4949987551360344e-05,-0.00023178392692568828,-0.000867161825468532,0.007527405934061093
2026-08-13 14:30:00-04:00,26781.84375,26810.642578125,26781.84375,26807.279296875,107640000.0,26790.991232619115,26786.334726969664,26775.891389687422,26709.189397393067,,61.69421974579097,17.871423917429638,20.785800206896262,-2.914376289466624,26770.94619140625,26818.998955280676,26722.89342753182,0.00358991897640535,0.878054273461747,23.469588797025462,26810.291015625,26711.73828125,26875.08203125,26532.1796875,0.0009587096319687571,0.0006185096672755019,5.537239355479784e-06,0.008797682194626955
2026-08-13 14:40:00-04:00,26808.265625,26825.908203125,26807.146484375,26825.908203125,109187000.0,26802.630222787746,26793.52990445245,26780.654895729094,26713.016243482638,,65.29120530999433,19.838069045203156,20.59625397455764,-0.7581849293544849,26774.13310546875,26827.585910783924,26720.680300153577,0.003992869170001658,0.9843066453759355,23.133312365095072,26810.642578125,26711.73828125,26875.08203125,26532.1796875,0.000694919691166529,0.0016595550691727023,0.002381655950771888,0.009625682836371219
2026-08-13 14:50:00-04:00,26823.373046875,26837.8203125,26820.4140625,26836.46484375,107570000.0,26813.908429775165,26801.336257052004,26785.970128873945,26717.06373857337,,67.1724116114346,21.994938194649876,20.875990818576092,1.118947376073784,26778.65009765625,26836.92314328986,26720.37705202264,0.004352201878817674,0.9960676541368618,22.724236481873998,26825.908203125,26711.73828125,26875.08203125,26532.1796875,0.00039352407176918014,0.0021214801174691544,0.0033776797106122025,0.010129696192922477
2026-08-13 15:00:00-04:00,26836.3671875,26862.595703125,26835.169921875,26857.69921875,119900000.0,26828.505359433446,26811.58406826982,26792.801470766903,26721.674737923422,,70.62164652222255,25.128048631457204,21.726402381152315,3.401646250304889,26784.499609375,26849.46673792291,26719.532480827093,0.004851098918806713,1.0633588170748434,23.060061108168714,26837.8203125,26711.73828125,26875.08203125,26532.1796875,0.0007912508269487528,0.0028263498416687405,0.004374986259465308,0.011771554628220215
2026-08-13 15:10:00-04:00,26858.359375,26859.212890625,26825.099609375,26838.447265625,130897000.0,26831.81932816397,26816.46828597076,26797.14868932482,26725.503345389046,,64.05070359956406,25.760636916631483,22.53324928824815,3.227387628383333,26790.74462890625,26851.07653204127,26730.41272577123,0.004503936263863484,0.8953350900600219,23.849576832585235,26862.595703125,26711.73828125,26875.08203125,26537.080078125,-0.0007168131926788002,0.0021224924029226155,0.004675545003793191,0.01062565410563221
2026-08-13 15:20:00-04:00,26838.9453125,26844.5078125,26830.0703125,26833.552734375,116365000.0,26832.397130234316,26819.574549316985,26800.61574123436,26729.04594830662,,62.45955859311967,25.5722390697847,23.14104724455546,2.4311918252292415,26794.8439453125,26855.112022339756,26734.575868285243,0.0044984831522259855,0.8211384116751775,23.177285630257717,26862.595703125,26715.896484375,26875.08203125,26544.74609375,-0.00018237013496191778,0.0009800859389361705,0.003064730000477578,0.010760999991907383
2026-08-13 15:30:00-04:00,26832.560546875,26839.841796875,26826.4765625,26831.357421875,157804000.0,26832.050560781216,26821.716889782077,26803.54352034299,26732.400422849845,,61.71897432311583,24.958087747385434,23.504455345121457,1.4536324022639775,26799.6412109375,26855.32248470357,26743.959937171432,0.0041553745684733,0.7848014134046762,22.476424826310737,26862.595703125,26727.08203125,26875.08203125,26544.74609375,-8.181221926639726e-05,0.00020313268459504208,0.0035886977207415516,0.009920449675101528
2026-08-13 15:40:00-04:00,26832.888671875,26837.013671875,26810.72265625,26816.361328125,199072000.0,26826.82081656248,26820.74315129897,26804.764263941277,26735.153239416242,,56.76742355301501,22.996222819609102,23.402808840018988,-0.4065860204098861,26802.18056640625,26856.01746282346,26748.343669989037,0.004017351967600006,0.6317011442195425,22.748895597645685,26862.595703125,26730.89453125,26875.08203125,26562.974609375,-0.000558901792190869,-0.0007491119170147664,0.0018974787897292344,0.00924834688445686
2026-08-13 15:50:00-04:00,26814.849609375,26814.849609375,26787.275390625,26803.509765625,319456000.0,26819.050466249988,26817.609808449153,26804.644787911155,26737.394436996856,,52.853949565726424,20.17188807198545,22.75662468641228,-2.5847366144268307,26804.6001953125,26853.919096627917,26755.281293997086,0.0036798833749469508,0.48894511375539673,23.201541447813852,26862.595703125,26751.20703125,26875.08203125,26564.7265625,-0.0004792433374068983,-0.0020176506067641764,0.001808722338454638,0.008179142880777368
2026-08-14 09:30:00-04:00,26842.3203125,26859.26953125,26800.9765625,26834.638671875,139240190.0,26824.24653479166,26820.70596543567,26807.501348288664,26740.58277256663,,60.03987516267307,20.212428719038144,22.247785492937453,-2.0353567738993092,26807.6193359375,26856.529452034756,26758.709219840242,0.003648971248386042,0.7762141873040466,25.708071969398578,26862.595703125,26751.20703125,26875.08203125,26564.7265625,0.0011613742574088093,-0.0001419081257684196,0.0022552564230784444,0.00913821081124322
2026-08-14 09:40:00-04:00,26832.80078125,26843.7421875,26802.703125,26815.732421875,256651460.0,26821.408497152774,26819.801684788275,26808.28526005879,26743.046695494773,,54.596954138148135,18.50565938303771,21.499360270957503,-2.9937008879197933,26809.96279296875,26855.60258230783,26764.323003629666,0.0034046887488446502,0.5632083209607501,26.803142721584393,26862.595703125,26763.802734375,26875.08203125,26564.7265625,-0.0007045464718634653,-0.0006641055948276575,0.0017508827376255809,0.007830148825679561
2026-08-14 09:50:00-04:00,26813.13671875,26825.921875,26795.96484375,26810.640625,198053000.0,26817.819206435182,26818.13603755404,26808.509580529382,26745.262889904778,26678.371361371625,53.198205764895704,16.55137300858405,20.509762818482812,-3.9583898098987618,26810.81015625,26855.83538551265,26765.78492698735,0.00335873694231907,0.4981173749386981,27.028420473614084,26862.595703125,26772.94921875,26875.08203125,26564.7265625,-0.00018988095476546452,-0.000772111397469244,0.0006325095013102189,0.0072503870272884186
2026-08-14 10:00:00-04:00,26804.134765625,26837.03125,26801.447265625,26813.599609375,193069000.0,26816.41267408179,26817.311232430577,26808.994345181345,26747.503438084128,26680.606539024575,53.9367592532842,15.067661662404134,19.42134258726708,-4.353680924862946,26811.36337890625,26856.239966718516,26766.486791093987,0.003347579694330011,0.5249153353426013,27.639532180855937,26862.595703125,26772.94921875,26875.08203125,26564.7265625,0.00011036604519776283,-0.00010298633420868786,0.0004128136782770575,0.007201695680119746
2026-08-14 10:10:00-04:00,26816.212890625,26825.30078125,26772.0546875,26774.5078125,181666000.0,26802.444386887862,26809.528792443198,26805.70991349741,26748.38882740924,26682.15862618946,44.04741450086793,10.615064570240065,17.660086983861678,-7.045022413621613,26810.14716796875,26857.562894027757,26762.731441909742,0.0035371477643850397,0.12418211813948302,29.468572292937655,26862.595703125,26772.94921875,26875.08203125,26564.7265625,-0.0014579093237945262,-0.0010820207270838544,-0.0009076596592580977,0.00629230536476677
2026-08-14 10:20:00-04:00,26770.54296875,26780.21875,26738.298828125,26749.923828125,161014000.0,26784.937533966913,26798.691526203525,26800.396952985753,26748.43915530156,26683.278712171865,39.18199257898376,5.044477615465439,15.13696511018243,-10.092487494716991,26808.252734375,26861.727010591425,26754.778458158577,0.00398938914417623,-0.0453921995496358,30.35795440594211,26862.595703125,26772.0546875,26875.08203125,26564.7265625,-0.000918186229497131,-0.0031569213502691262,-0.0014143996220296051,0.00502971252296569
2026-08-14 10:30:00-04:00,26749.5,26764.04296875,26728.716796875,26762.845703125,165876000.0,26777.573590352942,26792.17410382561,26796.820643475206,26748.911501131835,26684.593869047127,42.760902841261924,1.6533755555683456,12.440247199259614,-10.786871643691269,26806.8595703125,26863.450538293488,26750.26860233151,0.004222125895243659,0.11112286326074453,30.712827082303388,26862.595703125,26738.298828125,26875.08203125,26564.7265625,0.0004830621232054799,-0.0019722272700952725,-0.001040035232596881,0.005541841826753879
2026-08-14 10:40:00-04:00,26761.51171875,26764.953125,26743.4765625,26751.380859375,151013000.0,26768.842680026963,26784.757150289133,26792.49304498947,26748.992463697185,26685.697786242632,40.48457160505491,-1.9368871045298874,9.564820338501715,-11.501707443031602,26805.35546875,26866.01902928358,26744.69190821642,0.004526226903000923,0.055131541074620864,30.053093897853145,26862.595703125,26728.716796875,26875.08203125,26564.7265625,-0.00042838657283228443,-0.002210307707818937,-0.0011232407793724253,0.005646705531652474
2026-08-14 10:50:00-04:00,26749.388671875,26760.609375,26723.68359375,26723.68359375,130803000.0,26753.789651267976,26773.652867282017,26785.939763919047,26748.16266468252,26686.325650829534,35.559648139572246,-6.937166650423023,6.264422940716767,-13.20158959113979,26802.55703125,26872.203793364944,26732.910269135053,0.005197023704398233,-0.06623908351851905,30.544000137292205,26862.595703125,26728.716796875,26875.08203125,26564.7265625,-0.0010353583529237875,-0.0033533735468161963,-0.0020899729870116346,0.004649242793651531
2026-08-14 11:00:00-04:00,26722.185546875,26731.509765625,26707.11328125,26707.16796875,129471000.0,26738.249090428653,26761.564703912558,26778.43768818866,26746.81857629129,26686.67015195219,32.98306726447444,-12.093194310025865,2.5928994905682408,-14.686093800594106,26798.815234375,26879.623623525837,26718.006845224165,0.006030743407431121,-0.06706529228006983,30.10489186855705,26862.595703125,26723.68359375,26875.08203125,26564.7265625,-0.0006180145391282421,-0.002515073077031915,-0.002794262063509634,0.004082395722163845
2026-08-14 11:10:00-04:00,26707.88671875,26712.2734375,26694.68359375,26706.72265625,133804000.0,26727.740279035774,26751.593422519363,26771.607685146882,26745.503955962067,26687.001598304218,32.91381736697197,-16.030526444355928,-1.131785696416593,-14.898740747939335,26795.07119140625,26885.13163923337,26705.01074357913,0.006722165220893617,0.009504242495870294,29.21095986008869,26862.595703125,26707.11328125,26875.08203125,26564.7265625,-1.667389445858536e-05,-0.0016150016782320309,-0.002795981179069873,0.003671289083645668
2026-08-14 11:20:00-04:00,26710.642578125,26712.603515625,26664.953125,26685.580078125,149127000.0,26713.686878732184,26739.59099626584,26763.414579716227,26743.539238655932,26686.97810210291,29.723023021608697,-20.61923418983497,-5.029275395100268,-15.589958794734702,26788.98623046875,26890.625939608748,26687.34652132875,0.007588171367559884,-0.008689729726183896,30.528062057582353,26862.595703125,26694.68359375,26875.08203125,26564.7265625,-0.0007916575312191254,-0.0028870481807911075,-0.004539782549443094,0.0026652089401841828
2026-08-14 11:30:00-04:00,26684.8125,26686.919921875,26668.328125,26671.453125,160440000.0,26699.608960821457,26727.202292399325,26754.656345933727,26741.175759519672,26686.721490911124,27.78480279718859,-25.10633498968673,-9.044687314017562,-16.061647675669168,26781.2634765625,26893.43400088033,26669.09295224467,0.00837679106633598,0.010520467697205589,29.6754716873979,26862.595703125,26664.953125,26875.08203125,26564.7265625,-0.0005293852741309335,-0.0029877984540371827,-0.005757683093354005,0.0017188523301041592
2026-08-14 11:40:00-04:00,26669.72265625,26687.16015625,26662.5078125,26668.794921875,130601000.0,26689.337614505974,26716.58277048581,26746.479067451946,26738.80261730181,26686.42518398491,27.422442488571022,-28.547808116465603,-12.945311474507172,-15.602496641958432,26772.87998046875,26892.133875455645,26653.626085481857,0.008908559338695849,0.06359891387534809,29.31667683472662,26862.595703125,26664.953125,26875.08203125,26564.7265625,-9.966472814737504e-05,-0.0020539336084579585,-0.006247839380157716,0.001308759618250166
2026-08-14 11:50:00-04:00,26668.4921875,26696.2421875,26665.537109375,26693.998046875,120326000.0,26690.891091962316,26712.476457102024,26741.48087501605,26737.333614992735,26686.55035527235,35.95136369196531,-28.90828212615088,-16.137905604835915,-12.770376521314965,26764.694921875,26881.9942056997,26647.395638050304,0.008765224798346398,0.1986474567668407,29.415848355460433,26862.595703125,26662.5078125,26875.08203125,26564.7265625,0.0009450417641228004,-0.0004931231155025362,-0.006095130135373439,0.0028910484411128756
2026-08-14 12:00:00-04:00,26694.623046875,26705.64453125,26680.65625,26686.021484375,110369000.0,26689.267889433213,26707.666462060744,26736.19902828833,26735.651250054445,26686.541613604626,34.566848878238176,-29.497572650820075,-18.809839014032747,-10.687733636787328,26757.0736328125,26874.021510560575,26640.125755064422,0.008741455015070242,0.1962230106023993,29.09959356221326,26859.26953125,26662.5078125,26875.08203125,26564.7265625,-0.0002988148304347016,-0.0007751296234079774,-0.005679381513446491,0.0024538147960813106
2026-08-14 12:10:00-04:00,26687.2890625,26707.14453125,26685.4453125,26702.197265625,103063000.0,26693.577681497143,26706.67206270879,26732.960765177537,26734.554398105938,26686.800384712402,39.64310260737312,-28.332737119995727,-20.714418635225343,-7.618318484770384,26750.505859375,26864.24563279684,26636.76608595316,0.008503747481992235,0.2876354405471139,28.570995361340888,26859.26953125,26662.5078125,26875.08203125,26564.7265625,0.0006061518484301587,0.000622702877409953,-0.004895194834999561,0.003175242136702394
2026-08-14 12:20:00-04:00,26702.291015625,26720.12890625,26698.083984375,26718.626953125,116459000.0,26701.927438706432,26708.8456791481,26731.595640220155,26734.032186795088,26687.32644369443,44.36425596257146,-25.786606152880267,-21.728856138756328,-4.05775001412394,26744.8693359375,26853.06135215499,26636.67731972001,0.008090674503472773,0.37872310855291663,28.104847255173684,26859.26953125,26662.5078125,26875.08203125,26564.7265625,0.0006152934657983611,0.0017687010866604957,-0.004201444860858716,0.004059708065359491
2026-08-14 12:30:00-04:00,26717.8984375,26718.666015625,26688.861328125,26698.939453125,106265000.0,26700.931443512625,26707.044547143898,26728.485527163473,26732.88160536328,26687.51839426353,40.29667364984762,-25.068422561518673,-22.396769423308797,-2.6716531382098765,26738.9982421875,26843.72323081756,26634.27325355744,0.007833127305781385,0.3087429295217845,28.226264415518422,26859.26953125,26662.5078125,26875.08203125,26564.7265625,-0.0007368454986306228,0.0011303297107465582,-0.004378740037219275,0.004201529120349212
2026-08-14 12:40:00-04:00,26699.48828125,26699.498046875,26680.9296875,26687.869140625,92279000.0,26696.577342550085,26703.558109595007,26724.617299874095,26731.40578684727,26687.524191724053,38.1770465278075,-25.103164932254003,-22.93804852509784,-2.1651164071561624,26733.2162109375,26835.803175880097,26630.6292459949,0.00767486890714082,0.278982298882358,27.536414055481394,26859.26953125,26662.5078125,26875.08203125,26564.7265625,-0.0004146349153469897,-0.00022959866256222483,-0.0043143836762865595,0.0034684689878261565
2026-08-14 12:50:00-04:00,26685.68359375,26685.68359375,26672.076171875,26673.171875,90067000.0,26688.775520033392,26698.03333966864,26719.71773560037,26729.49647826211,26687.28696334845,35.506732574543946,-26.016740230614232,-23.553786866201122,-2.46295336441311,26725.14287109375,26819.626369390087,26630.659372797414,0.00707075720807698,0.22497315917140537,26.697596533661297,26859.26953125,26662.5078125,26875.08203125,26564.7265625,-0.00055070959571768,-0.00048151086824699263,-0.006017103447874317,0.003105686324946566
2026-08-14 13:00:00-04:00,26673.421875,26685.42578125,26672.193359375,26681.412109375,85371000.0,26686.32104981393,26695.01129779707,26716.069580721763,26727.919941577285,26687.189858324098,38.12008170927862,-25.77867665119993,-23.998764823200887,-1.7799118279990438,26718.42685546875,26804.959476767097,26631.894234170406,0.006477373968642461,0.2861225885777068,25.73579834375692,26843.7421875,26662.5078125,26875.08203125,26613.609375,0.0003089334262011967,-0.0007784062129133629,-0.005009011515584305,-0.002477070503956069
2026-08-14 13:10:00-04:00,26682.1328125,26690.92578125,26679.369140625,26685.828125,86841000.0,26686.156741542625,26693.341630015784,26713.189442081595,26726.539882017372,26687.167350335272,39.53414539532376,-24.94611075819921,-24.188234010200553,-0.7578767479986581,26712.18623046875,26788.632110243932,26635.740350693566,0.005723670770757549,0.3276028378098018,24.72300136384571,26837.03125,26662.5078125,26875.08203125,26662.5078125,0.0001655090670200643,-0.0012275641327880171,-0.004655334489979235,-0.004118908538072508
2026-08-14 13:20:00-04:00,26685.771484375,26691.51953125,26674.322265625,26677.873046875,88698000.0,26683.395509986753,26690.529160353824,26709.825975871445,26724.944248078278,26687.013725484692,37.85591524320795,-24.644122507183056,-24.279411709597056,-0.36471079758599956,26705.39990234375,26767.35391566292,26643.44588902458,0.004639811689450281,0.277844452731904,24.185448811071016,26837.03125,26662.5078125,26875.08203125,26662.5078125,-0.00029810122765305813,-0.0007890353205596279,-0.00506185534494763,-0.005298710325031597
2026-08-14 13:30:00-04:00,26677.626953125,26686.318359375,26674.33984375,26679.037109375,86313000.0,26681.942709782837,26688.43969653949,26706.89370287178,26723.439095989645,26686.881880590317,38.26886759265433,-24.033817638068285,-24.230292895291303,0.1964752572230175,26700.6263671875,26754.764818737105,26646.487915637892,0.004055219589615133,0.300610682476608,23.313525012065945,26825.30078125,26662.5078125,26875.08203125,26662.5078125,4.363400702733777e-05,-0.00033093804542660976,-0.0035657313962061954,-0.005836015858393773
2026-08-14 13:40:00-04:00,26677.98046875,26687.216796875,26676.541015625,26683.044921875,80758000.0,26682.31011381356,26687.458828418676,26704.622390395896,26722.114696838344,26686.818459785107,39.753262511046024,-22.96205735442709,-23.976645787118464,1.0145884326913759,26697.282421875,26746.901143826046,26647.663699923953,0.0037171365359936733,0.3565309681490198,22.410829029061233,26780.21875,26662.5078125,26875.08203125,26662.5078125,0.0001502232814314386,0.00037014896170828315,-0.0025001531473403116,-0.005802370812051039
2026-08-14 13:50:00-04:00,26682.763671875,26696.330078125,26676.9140625,26694.673828125,84020000.0,26686.431351917377,26688.7706465471,26703.674908274857,26721.21499622479,26686.948300584114,43.96373246389589,-20.933021222179377,-23.36792087413065,2.434899651951273,26693.873828125,26733.335147226902,26654.4125090231,0.0029565824245654944,0.510136508588745,22.196913785914003,26764.953125,26662.5078125,26875.08203125,26662.5078125,0.0004358163127202719,0.0004970396130323795,-0.0025472580814542845,-0.005977224930088343
2026-08-14 14:00:00-04:00,26695.2421875,26701.9296875,26688.267578125,26700.44140625,84060000.0,26691.101370028256,26690.892602856715,26703.36695570106,26720.533894914137,26687.171327124048,45.98019138881363,-18.644675898081914,-22.423271878920904,3.7785959808389897,26691.32685546875,26720.965720397468,26661.68799054003,0.0022208611126161067,0.6537601187355068,21.587284899420144,26764.953125,26662.5078125,26875.08203125,26662.5078125,0.00021605726153972604,0.0005476045630492532,-0.0019041803259718382,-0.006031158732827002
2026-08-14 14:10:00-04:00,26700.125,26702.068359375,26693.693359375,26697.189453125,85580000.0,26693.130731060504,26692.037484723674,26702.77862212239,26719.768503380066,26687.33691598357,44.996997457229625,-16.89875287751056,-21.318368078638834,4.419615201128273,26690.0021484375,26715.8657372682,26664.1385596068,0.0019380731921157977,0.6389463916734064,20.643550263747276,26760.609375,26662.5078125,26863.7734375,26662.5078125,-0.00012179398368439287,0.0007240609555363431,-0.0009914105041715082,-0.004462125790054339
2026-08-14 14:20:00-04:00,26696.6875,26699.328125,26678.9140625,26682.048828125,79020000.0,26689.43676341534,26690.221365342095,26700.8043560274,26718.531792715967,26687.249509572688,40.63982768442821,-16.546085236012004,-20.36391151011347,3.817826274101467,26688.74619140625,26713.57225630475,26663.920126507754,0.001860414477356889,0.3651142799184278,20.627158280622474,26731.509765625,26662.5078125,26862.595703125,26662.5078125,-0.0005671243044734764,0.00011288708575407647,-0.0009405392834759274,-0.004985339763793117
2026-08-14 14:30:00-04:00,26682.119140625,26688.69921875,26679.654296875,26688.474609375,74709000.0,26689.116045401894,26689.903773348076,26699.630094441458,26717.54631129495,26687.269759156196,43.155622839430414,-15.568621368900494,-19.404853481870877,3.8362321129703822,26687.8337890625,26711.251467852275,26664.416110272727,0.0017549329012511582,0.5136824046108939,19.79985568022087,26720.12890625,26662.5078125,26862.595703125,26662.5078125,0.00024082787987511622,0.00020348830187466582,-0.0006832754100859484,-0.0043414925675903104
2026-08-14 14:40:00-04:00,26688.1875,26699.671875,26687.79296875,26694.677734375,86308000.0,26690.969941726264,26690.77176626206,26699.158441101798,26716.79652188774,26687.392205027583,45.554517900605404,-14.130545730920858,-18.349991931680876,4.219446200760018,26688.288671875,26711.86645975467,26664.710883995333,0.0017669014427677376,0.6354890147584165,19.234073578062233,26720.12890625,26662.5078125,26862.595703125,26662.5078125,0.0002324271091094232,1.463306884552651e-07,0.0003409203106459202,-0.004194895962194023
2026-08-14 14:50:00-04:00,26695.43359375,26703.666015625,26691.6796875,26692.984375,76851000.0,26691.64141948418,26691.174058759865,26698.57043480639,26716.01579576027,26687.48463758911,44.99627451909262,-12.977899232722848,-17.27557339188927,4.297674159166423,26689.365234375,26711.703518370974,26667.026950379026,0.00167394644269794,0.5810075793120963,18.716377474272075,26720.12890625,26662.5078125,26862.595703125,26662.5078125,-6.343434417344085e-05,-0.0002792849427670774,0.0008072769750897546,-0.0025851994467178674
2026-08-14 15:00:00-04:00,26693.103515625,26695.26953125,26683.572265625,26693.431640625,87735000.0,26692.238159864453,26691.584528189887,26698.08102583673,26715.275331657474,26687.582935159953,45.18733642379119,-11.891253017805866,-16.19870931707259,4.307456299266725,26690.5970703125,26710.88521545852,26670.30892516648,0.0015202466316188916,0.5698577985345681,18.21501234218121,26720.12890625,26662.5078125,26862.595703125,26662.5078125,1.6755924280298373e-05,-0.000140756857818225,0.000923803224786468,-0.001970130603031306
2026-08-14 15:10:00-04:00,26693.3828125,26693.3828125,26684.419921875,26690.2265625,89452000.0,26691.567627409637,26691.33762533718,26697.332981709424,26714.454060537555,26687.626631479623,44.00764636090407,-11.160054916170338,-15.190978436892141,4.030923520721803,26690.40849609375,26710.636712016418,26670.180280171084,0.0015157666789271872,0.4955029747940633,17.557634228453985,26720.12890625,26665.537109375,26862.595703125,26662.5078125,-0.00012006991712976145,0.00030648824712375955,-0.00014128585640771352,-0.0018878490433629214
2026-08-14 15:20:00-04:00,26690.181640625,26706.6328125,26686.947265625,26701.255859375,111767000.0,26694.79703806476,26693.14094061678,26697.706589106147,26714.021332630586,26687.851907973763,48.94696074931176,-9.580168847471214,-14.068816519007957,4.488647671536743,26691.17021484375,26711.82315025896,26670.517279428543,0.0015475481403750772,0.744169759128346,17.709627988921557,26720.12890625,26672.076171875,26862.595703125,26662.5078125,0.00041323354259170664,0.0004789052273339589,0.0005708747183958973,-0.0004601042191256788
2026-08-14 15:30:00-04:00,26700.705078125,26713.419921875,26700.705078125,26706.732421875,124742000.0,26698.775499334843,26695.612119027362,26698.566192226986,26713.782351950074,26688.1639825837,51.246741826814606,-7.796313878003275,-12.814315990807021,5.018002112803746,26691.39697265625,26712.620906141656,26670.173039170844,0.0015903201699894824,0.8612772634557859,17.352857686141448,26720.12890625,26672.076171875,26862.595703125,26662.5078125,0.00020510505306736704,0.00045157643856774676,0.00016984206224246456,-0.0016759386607180238
2026-08-14 15:40:00-04:00,26707.744140625,26716.72265625,26702.546875,26716.6640625,153249000.0,26704.73835372323,26699.439745113294,26700.289798919657,26713.876834263185,26688.6350582848,55.1890175197019,-5.517592198189959,-11.354971232283608,5.837379034093649,26691.298828125,26712.030630308254,26670.567025941746,0.0015534502323587894,1.1117469709287557,17.125923654988487,26720.12890625,26672.076171875,26862.595703125,26662.5078125,0.0003718777897689929,0.0008871127771752363,-7.3465250607474e-05,-0.0007012439830103023
2026-08-14 15:50:00-04:00,26723.283203125,26730.638671875,26706.31640625,26730.638671875,298815000.0,26713.371793107155,26705.112277251785,26703.180167772545,26714.426402709472,26689.329332889596,60.080412731389,-2.5546067473587755,-9.594898335298641,7.0402915879398655,26692.8837890625,26719.67199632333,26666.09558180167,0.002007142238547227,1.2046922260398079,17.63994808141788,26718.666015625,26672.076171875,26862.595703125,26662.5078125,0.0005230671517337804,0.0013938646686915135,0.001187283817233764,-0.001305241822554537
2026-08-17 09:30:00-04:00,26795.607421875,26796.365234375,26723.392578125,26726.6953125,123748643.0,26717.812966238107,26709.03646547873,26705.419705365635,26714.828662046864,26689.94695238729,58.15146563220847,-0.5186370508708933,-7.779646078413092,7.261009027542198,26694.82509765625,26725.25777443085,26664.392420881646,0.0022800431666641164,1.0236183310425837,21.592284379173748,26730.638671875,26672.076171875,26862.595703125,26662.5078125,-0.000147522078443596,0.0013663709416105174,0.0014548247246872759,-0.0010622967860995924
2026-08-17 09:40:00-04:00,26727.041015625,26759.099609375,26714.681640625,26756.9921875,217784000.0,26730.872706658738,26717.755687664416,26710.331370330812,26716.21107271746,26691.055138091633,66.93504462490166,3.499251025303238,-5.523866657669826,9.023117682973064,26699.01611328125,26738.196036321504,26659.836190240996,0.0029349338473011466,1.2398696796722224,23.222690405661336,26796.365234375,26672.076171875,26862.595703125,26662.5078125,0.0011335810374517585,0.002087404743003063,0.003142495121795541,-0.0006447862441321117
2026-08-17 09:50:00-04:00,26754.5078125,26771.837890625,26739.966796875,26747.6640625,176416000.0,26736.469825272492,26723.193573998156,26713.886864823115,26717.242318284098,26691.9908227926,62.57985548958917,5.86316759751935,-3.2464598066319903,9.10962740415134,26702.3287109375,26745.946569188956,26658.710852686047,0.0032669703622956784,1.0196879601600608,23.840433501685524,26796.365234375,26672.193359375,26862.595703125,26662.5078125,-0.00034862382642386613,0.001532633793547733,0.002483075215562458,-0.0007919357100549806
2026-08-17 10:00:00-04:00,26753.603515625,26753.603515625,26713.06640625,26736.78125,177715000.0,26736.573633515,26725.664060543946,26716.067282459007,26717.882938996092,26692.731160432395,57.85059972991547,6.780277674355602,-1.241112310434472,8.021389984790074,26704.8763671875,26750.258048197422,26659.494686177575,0.003398756121236658,0.851517199258496,25.033053206922272,26796.365234375,26674.322265625,26862.595703125,26662.5078125,-0.00040686964194591724,0.0007529827621044483,0.0019093702005921198,-0.0021240860157522023
2026-08-17 10:10:00-04:00,26738.470703125,26758.3984375,26726.349609375,26735.111328125,170961000.0,26736.086198385005,26727.381745558683,26717.88100109386,26718.447804213432,26693.431659071946,57.13706378725771,7.28832994766708,0.46477614118583854,6.823553806481241,26707.73828125,26753.166570606754,26662.309991893246,0.0034018821720030777,0.8012775438233642,25.53417998678497,26796.365234375,26674.322265625,26862.595703125,26662.5078125,-6.245785008240912e-05,0.00016732320932932865,0.0021455339092972814,-0.002515576520353058
2026-08-17 10:20:00-04:00,26731.95703125,26731.95703125,26705.912109375,26724.826171875,140231000.0,26732.332856215005,26726.91709579801,26718.54244593016,26718.656931022007,26693.95057663894,52.81616332069684,6.782850404561032,1.7283909938608772,5.054459410700154,26710.027734375,26754.032402755045,26666.023065994952,0.0032949923390318174,0.668146222262087,25.79596846987176,26796.365234375,26674.33984375,26862.595703125,26662.5078125,-0.0003847059443204959,-6.993534378807453e-05,0.001716293669530966,-0.002761533013405315
2026-08-17 10:30:00-04:00,26727.185546875,26732.87890625,26720.96875,26725.044921875,140772000.0,26729.90354476834,26726.576700539277,26719.16172935348,26718.866373345056,26694.464532758546,52.89775011083327,6.326972125436441,2.6481072201759903,3.678864905260451,26712.127734375,26754.768789582846,26669.486679167156,0.003192636365913421,0.6514642102199054,24.804124739880923,26796.365234375,26676.541015625,26862.595703125,26662.5078125,8.185273071337207e-06,-0.0011939782095509166,0.0015740332530627121,-0.0023431393707492587
2026-08-17 10:40:00-04:00,26723.501953125,26741.923828125,26723.244140625,26732.83203125,138646000.0,26730.8797069289,26727.714033395772,26720.463662867434,26719.32426376817,26695.098706287332,55.8259878766855,6.518894197346526,3.4222646156100973,3.096629581736429,26714.03564453125,26756.796665540136,26671.274623522364,0.0032013898295175642,0.71978411968746,24.366664937032287,26796.365234375,26676.9140625,26862.595703125,26662.5078125,0.0002913787197651452,-0.0005545168810009438,0.0014294313304101802,-0.0021603367480403923
2026-08-17 10:50:00-04:00,26733.12109375,26752.30078125,26723.669921875,26750.341796875,132189000.0,26737.36707024427,26731.828172210175,26723.309199439584,26720.341232066756,26696.011815222668,61.60586163220075,7.9917615206650225,4.3361639966210825,3.65559752404394,26716.5306640625,26761.58919382757,26671.472134297426,0.003373082405918998,0.8751912566697925,24.671250254029978,26796.365234375,26678.9140625,26862.595703125,26662.5078125,0.0006549910463855557,0.0005071869627164549,0.0018688975910832184,-0.0011620386039813413
2026-08-17 11:00:00-04:00,26751.7109375,26779.6015625,26747.01953125,26759.841796875,141534000.0,26744.85864578785,26736.92155851287,26726.788494433433,26721.636332552273,26697.066856241716,64.3326434273352,9.812477953229973,5.431426787942861,4.381051165287111,26719.66328125,26767.53156197755,26671.79500052245,0.0035830002963504045,0.9196778640712255,25.23630603945641,26796.365234375,26678.9140625,26862.595703125,26662.5078125,0.0003551356491866553,0.0009250183568147996,0.00234677675940409,-0.0007397611671992044
2026-08-17 11:10:00-04:00,26760.23046875,26779.37890625,26760.01953125,26776.44921875,127345000.0,26755.388836775237,26744.10840582871,26731.518087225486,26723.43347636203,26698.378961407143,68.53912980811984,12.451950658763963,6.835531562107082,5.61641909665688,26724.38330078125,26775.021399926885,26673.745201635615,0.0037896552055631545,1.014098266396298,24.82922056342381,26796.365234375,26678.9140625,26862.595703125,26662.5078125,0.0006206098676166949,0.0019316513620331044,0.0035379738352585566,-0.00020740372973748755
2026-08-17 11:20:00-04:00,26778.685546875,26781.111328125,26765.552734375,26777.21484375,117717000.0,26762.664172433495,26750.127758178034,26735.87015927544,26725.19679988295,26699.682033842564,68.72226945349215,14.439086531663634,8.356242556018392,6.0828439756452415,26728.8203125,26781.601145724806,26676.039479275194,0.003949357480630935,0.9584479657973219,24.167032933893537,26796.365234375,26679.654296875,26862.595703125,26662.5078125,2.8593223610151597e-05,0.0019520985662515589,0.0033250395788386733,-0.00016386889875508182
2026-08-17 11:30:00-04:00,26779.67578125,26779.67578125,26743.03125,26743.03125,124368000.0,26756.119864955665,26748.83748396384,26736.552167915877,26725.78153595236,26700.39854981211,53.69360204018594,13.104515004368295,9.305897045688374,3.7986179586799214,26731.23798828125,26781.930026629434,26680.545949933065,0.003792719092950928,0.6163226228717339,25.058282813615428,26796.365234375,26683.572265625,26862.595703125,26662.5078125,-0.0012765925787826538,0.00038152406516744897,0.0018113541622843954,-0.002396664210623234
2026-08-17 11:40:00-04:00,26742.6015625,26758.49609375,26735.185546875,26751.283203125,108273000.0,26754.507644345445,26749.28216017496,26737.95512365008,26726.61765618753,26701.239618461914,56.18460057893272,12.567846792051569,9.958286994961012,2.609559797090556,26734.1529296875,26782.354481115846,26685.951378259157,0.003605990551121476,0.6776942124255478,24.933444532285755,26796.365234375,26683.572265625,26862.595703125,26662.5078125,0.0003085646143796694,3.519230734139178e-05,0.0021840505844525904,-0.002781825667744098
2026-08-17 11:50:00-04:00,26750.27734375,26773.798828125,26750.27734375,26771.556640625,115037000.0,26760.1906431053,26753.33206571133,26741.155268123883,26728.09106551335,26702.401883291055,61.643738509203715,13.62141119217631,10.690911834404073,2.930499357772238,26738.0591796875,26785.075317828007,26691.043041546996,0.00351679512896153,0.8562336493630472,24.832590235336774,26796.365234375,26683.572265625,26862.595703125,26662.5078125,0.0007578491598352333,0.0004377770182246721,0.0029267499605072356,-0.0024186569841786465
2026-08-17 12:00:00-04:00,26770.78515625,26772.501953125,26740.22265625,26741.52734375,120325000.0,26753.9695433202,26751.185752627447,26741.1907038978,26728.531599226026,26703.048585116823,51.42349317045596,11.896124163020431,10.931954300127344,0.9641698628930868,26740.62421875,26782.20562472756,26699.042812772437,0.0031099802037086355,0.5108597217767007,25.364497852455578,26796.365234375,26684.419921875,26862.595703125,26662.5078125,-0.0011216866197997222,-0.0013042011177324397,0.0019220811456908127,-0.004325458932792681
2026-08-17 12:10:00-04:00,26741.130859375,26748.43359375,26735.1328125,26747.978515625,124941000.0,26751.97253408847,26750.602618627003,26741.83716215753,26729.169203042384,26703.7912285963,53.217936941855974,10.923458587036293,10.930255157509134,-0.006796570472840102,26742.9603515625,26780.48403541057,26705.436667714428,0.0028062475772902325,0.5668666232614511,24.502803809423035,26796.365234375,26686.947265625,26859.26953125,26662.5078125,0.00024124171338724132,-0.0010918360365557156,0.0017498299142209017,-0.0033708637874841907
2026-08-17 12:20:00-04:00,26748.947265625,26751.99609375,26732.048828125,26741.615234375,127410000.0,26748.52010085065,26748.968548763,26741.816026178243,26729.577269643454,26704.41641877446,51.208506966197476,9.529302624803677,10.650064650968043,-1.1207620261643658,26744.7044921875,26778.375370311067,26711.03361406393,0.002517947291838961,0.45412567202492743,24.17740822482139,26796.365234375,26700.705078125,26859.26953125,26662.5078125,-0.0002378976507059205,-5.294895749707873e-05,0.0013061430334857516,-0.0034262142218023373
2026-08-17 12:30:00-04:00,26740.6875,26745.791015625,26729.9140625,26734.451171875,136946000.0,26743.830457858767,26746.329025692452,26741.114611482695,26729.73706971662,26704.912860974473,48.966796769116115,7.756926983456651,10.071437117465765,-2.3145101340091134,26745.59384765625,26777.12696036476,26714.060734947743,0.002358004304419029,0.32331785821060194,23.58451857483415,26796.365234375,26702.546875,26859.26953125,26662.5078125,-0.00026789939340654545,-0.0006292046300057086,0.0006657683509210255,-0.0036116789947047145
2026-08-17 12:40:00-04:00,26734.4921875,26734.4921875,26712.90625,26720.40625,113235000.0,26736.022388572514,26741.615793748366,26739.14238657958,26729.43114120132,26705.16895004928,44.824008912780364,5.159522932732216,9.089054280519054,-3.9295313477868383,26745.0822265625,26777.8761548286,26712.2882982964,0.002452333329043128,0.12377217571692692,23.441762783774568,26796.365234375,26705.912109375,26859.26953125,26662.5078125,-0.0005253491752909012,-0.0019106244478657164,-0.00038279750815550795,-0.003578228863748256
2026-08-17 12:50:00-04:00,26719.623046875,26719.623046875,26703.404296875,26707.787109375,113401000.0,26726.61062884001,26735.465123862297,26736.156169702954,26728.72150081357,26705.212225410036,41.432252318334825,2.0590666843563667,7.683056761286517,-5.62399007693015,26744.13681640625,26779.947931456263,26708.32570135624,0.0026780535334416412,-0.007519899624565823,22.981776379576385,26796.365234375,26705.912109375,26859.26953125,26662.5078125,-0.00047226604666605887,-0.0012617168025328418,-0.0007074650608284161,-0.0035712732058978958
2026-08-17 13:00:00-04:00,26706.673828125,26708.24609375,26693.28125,26696.650390625,107660000.0,26716.62388276834,26728.407899637332,26732.393714552672,26727.66998900411,26705.070707479706,38.65251417990048,-1.2819300678966101,5.890059395449892,-7.1719894633465024,26741.1197265625,26781.91144937642,26700.328003748582,0.003050861237751404,-0.04507793333905298,22.40913833460664,26781.111328125,26703.404296875,26859.26953125,26662.5078125,-0.00041698395694078627,-0.0019189534255837915,-0.002255178625914067,-0.005142170272433133
2026-08-17 13:10:00-04:00,26696.748046875,26697.134765625,26667.119140625,26674.9140625,107146000.0,26702.72060934556,26718.681747430543,26726.919461976227,26725.940286495777,26704.572250537894,33.87542153558154,-5.6188633274359745,3.588274850872719,-9.207138178308693,26737.4822265625,26787.272901887765,26687.691551237236,0.003724410167222086,-0.12831206499776696,22.95245881070617,26781.111328125,26693.28125,26843.7421875,26662.5078125,-0.0008141968301997871,-0.0024942835834860233,-0.0027198636796846865,-0.005251333700664773
2026-08-17 13:20:00-04:00,26674.2265625,26674.72265625,26650.8671875,26652.271484375,95143000.0,26685.904234355374,26706.607154147714,26719.81013077611,26723.524915934442,26703.70777506413,29.75059284124586,-10.75895842875616,0.7188281949469433,-11.477786623703103,26733.25673828125,26795.383770945667,26671.12970561683,0.0046479209976280095,-0.15177146270362574,23.03063139565573,26781.111328125,26667.119140625,26837.03125,26662.5078125,-0.0008488341545148659,-0.0030739246140371046,-0.0031608055148747427,-0.005906951006509176
2026-08-17 13:30:00-04:00,26651.654296875,26661.61328125,26646.46875,26649.490234375,97586000.0,26673.766234361916,26696.222259643582,26713.112997785527,26721.097549325936,26702.811617366788,29.278990295016797,-14.8853553494082,-2.402008513924086,-12.483346835484115,26728.97568359375,26801.01134146798,26656.940025719523,0.00539007994372519,-0.0517090532964245,22.467338528108893,26781.111328125,26650.8671875,26837.03125,26650.8671875,-0.00010435320687884886,-0.0026540021495743416,-0.0032025710571823574,-0.00612037836734991
2026-08-17 13:40:00-04:00,26648.357421875,26672.82421875,26646.50390625,26658.345703125,94319000.0,26668.626057282945,26689.335613003837,26707.897064960714,26719.040111745577,26702.07664357767,32.924837472269886,-17.24223457100743,-5.370053725340755,-11.872180845666675,26725.65166015625,26804.00480059633,26647.298519716172,0.005863515803948796,0.07049611123931941,22.742550954672545,26781.111328125,26646.46875,26825.30078125,26646.46875,0.00033229411415081067,-0.0018511981560855872,-0.0024875921857244743,-0.00433853388411376
2026-08-17 13:50:00-04:00,26657.94140625,26659.361328125,26644.142578125,26647.728515625,86797000.0,26661.660210063634,26681.770686207685,26702.166726928743,26716.70202662687,26701.178327413167,30.87003648278578,-19.739254792249994,-8.243893938722604,-11.49536085352739,26721.78583984375,26807.189387864466,26636.382291823033,0.006392053924283384,0.06642712196930697,22.205136600767364,26781.111328125,26646.46875,26796.365234375,26646.46875,-0.00039826880550786203,-0.0018325098573857002,-0.0028930318536795063,-0.003820396392775982
2026-08-17 14:00:00-04:00,26647.7265625,26652.478515625,26633.34765625,26637.30078125,97133000.0,26653.54040045909,26673.68524894265,26695.989017816482,26714.098707106314,26700.12250020386,28.958480372037855,-22.302502952286886,-11.05561574143546,-11.246887210851426,26717.00927734375,26809.77589404104,26624.24266064646,0.006944386307187117,0.07038157188673362,21.98554537035541,26781.111328125,26644.142578125,26796.365234375,26644.142578125,-0.0003913179455008464,-0.0014100619466616005,-0.0035735551657349873,-0.0046910154199462095
2026-08-17 14:10:00-04:00,26637.22265625,26654.232421875,26637.22265625,26648.23046875,87317000.0,26651.770423222726,26669.05710708944,26691.440584572054,26711.939092733977,26699.264780675698,33.59960308613127,-23.184702331775043,-13.481433059503377,-9.703269272271665,26711.9037109375,26807.951987709137,26615.85543416586,0.00719142130871866,0.16853521828982865,21.630132531401454,26781.111328125,26633.34765625,26796.365234375,26633.34765625,0.00041031512876466003,-0.00015161993330925494,-0.0038171971371568914,-0.003855890324586775
2026-08-17 14:20:00-04:00,26647.603515625,26659.267578125,26643.45703125,26652.224609375,100440000.0,26651.921818606817,26665.99665295954,26687.705729791385,26709.981240820565,26698.487257183126,35.26400021663622,-23.29305014525744,-15.44375647665419,-7.849293668603249,26706.5228515625,26803.281127158636,26609.76457596636,0.007246040687058336,0.21941292952483096,21.214447841658494,26781.111328125,26633.34765625,26796.365234375,26633.34765625,0.0001498838967819438,0.00010260515214177701,-0.004021592814968278,-0.0026739945533449383
2026-08-17 14:30:00-04:00,26652.529296875,26657.3046875,26647.421875,26657.3046875,101225000.0,26653.71610823788,26664.41629560326,26684.8103924303,26708.25414071169,26697.806553552,37.41283624704823,-22.707241770975088,-16.896453535518372,-5.810788235456716,26700.565625,26793.982731956905,26607.148518043094,0.006997387865779014,0.26845280854203696,20.405045317254316,26781.111328125,26633.34765625,26796.365234375,26633.34765625,0.0001906061576268936,-3.905027103301428e-05,-0.00444960159865293,-0.0018670373926709116
2026-08-17 14:40:00-04:00,26657.037109375,26666.533203125,26656.529296875,26664.498046875,99408000.0,26657.31008778359,26664.431159470845,26682.875883329794,26706.81951468426,26697.25599972263,40.428229610650035,-21.415673872081243,-17.800297602830945,-3.615376269250298,26694.92978515625,26782.593110444443,26607.26645986806,0.006567788414782527,0.3264283371569135,19.66210681245044,26781.111328125,26633.34765625,26796.365234375,26633.34765625,0.0002698457124352682,0.0006293043416503163,-0.004209429454583802,-0.001581047960039328
2026-08-17 14:50:00-04:00,26665.271484375,26677.673828125,26659.984375,26663.673828125,114496000.0,26659.431334564062,26664.293462862508,26681.047116167432,26705.404902010185,26696.70092250614,40.1893029611988,-20.22545808095674,-18.285329698456106,-1.9401283825006352,26690.9619140625,26776.72040858334,26605.20341954166,0.006426032512200842,0.34090155680806195,19.521202977632548,26779.67578125,26633.34765625,26796.365234375,26633.34765625,-3.0910716884768874e-05,0.0009900795539150575,-0.002967405644227372,-0.0008209021477467715
2026-08-17 15:00:00-04:00,26665.359375,26666.10546875,26654.90625,26656.767578125,121889000.0,26658.543415751043,26662.92512018296,26678.73477921101,26703.81023565329,26696.040867227115,38.15455442733471,-19.61338920664639,-18.550941600094163,-1.062447606552226,26686.2361328125,26768.52408021671,26603.94818540829,0.006167070320046427,0.3209424610948958,18.926775532801653,26773.798828125,26633.34765625,26796.365234375,26633.34765625,-0.0002590134444532266,0.0003203630869603735,-0.003533124907778573,-0.0005506091777667255
2026-08-17 15:10:00-04:00,26656.505859375,26665.1015625,26647.91796875,26657.87890625,121848000.0,26658.321912584033,26662.007626740604,26676.74850559567,26702.304290426953,26695.41009101262,38.69245117260521,-18.821680703051243,-18.60508942068558,-0.2165912823656626,26680.55224609375,26753.675352319195,26607.429139868305,0.0054813787624017766,0.34496460138163304,18.80226254831582,26773.798828125,26633.34765625,26796.365234375,26633.34765625,4.169028077938286e-05,0.0002121510289618822,-0.004246213094777573,-0.00040931791845033594
2026-08-17 15:20:00-04:00,26658.39453125,26674.4921875,26652.365234375,26655.5859375,116689000.0,26657.409920889357,26660.84004687867,26674.733022919892,26700.772541150658,26694.75184054134,37.95887529224324,-18.1698190611678,-18.518035348782025,0.34821628761422474,26676.25517578125,26744.476874800675,26608.033476761826,0.00511478830667069,0.3485141928569853,19.039740446650406,26772.501953125,26633.34765625,26796.365234375,26633.34765625,-8.60146734878997e-05,-6.447576077739381e-05,-0.0032137807667177443,-0.0014389792532218948
2026-08-17 15:30:00-04:00,26655.359375,26656.576171875,26649.140625,26655.80078125,136219000.0,26656.873541009572,26659.923816764363,26672.929952284667,26699.298057219487,26694.1080213795,38.07733692043138,-17.43489925272661,-18.30140812957094,0.8665088768443319,26671.6462890625,26731.846470336404,26611.446107788597,0.004514170638097465,0.36839318854867253,18.210869477246803,26751.99609375,26633.34765625,26796.365234375,26633.34765625,8.059989771158627e-06,-0.00032617398646361817,-0.003446157036545938,-0.0011324544253512592
2026-08-17 15:40:00-04:00,26654.458984375,26665.037109375,26647.6015625,26665.037109375,165175000.0,26659.594730464716,26660.85350632993,26672.178252959937,26698.174747454093,26693.62751043728,43.1067796206628,-15.923617965458106,-17.825850096748376,1.902232131290269,26667.8173828125,26718.758773868543,26616.875991756457,0.003820439470151409,0.47271105696307675,18.15548929137203,26751.99609375,26633.34765625,26796.365234375,26633.34765625,0.0003465034947101042,5.112878513235941e-05,-0.002863631247732701,-0.0013916516262816314
2026-08-17 15:50:00-04:00,26662.869140625,26662.869140625,26627.365234375,26649.08203125,293832000.0,26656.090497393147,26658.71323813358,26669.978612797087,26696.5651502015,26692.891221525097,37.44844877675678,-15.830869708024693,-17.426854019003642,1.5959843109789489,26663.54892578125,26704.832539136707,26622.265312425796,0.003096633045388648,0.3247864787574406,19.549516841988318,26745.791015625,26633.34765625,26796.365234375,26633.34765625,-0.0005983519940195858,-0.0002883150349146657,-0.003193225852147319,-0.002602862864061417
2026-08-18 09:30:00-04:00,26328.49609375,26394.0,26297.927734375,26394.0,119416784.0,26568.7269982621,26610.58355847293,26643.69493538784,26686.644981342433,26687.95087075609,11.487255440706974,-35.92621906806016,-21.126727028814948,-14.799492039245216,26647.22861328125,26767.74292755882,26526.714299003685,0.009045166837162295,-0.550616330513315,43.23557255863201,26734.4921875,26627.365234375,26796.365234375,26627.365234375,-0.009571888102970272,-0.00989872101895295,-0.01221561704362184,-0.011421406968631809
2026-08-18 09:40:00-04:00,26390.66015625,26422.501953125,26318.81640625,26319.1171875,219545174.0,26485.52372800807,26557.589672841485,26612.78276892233,26674.59488974104,26681.85444623946,9.422206295348758,-57.23458074252267,-28.348297771556492,-28.886282970966175,26627.7951171875,26811.672826874943,26443.917407500056,0.013810960229955786,-0.33935657620543463,47.55342786694401,26719.623046875,26297.927734375,26796.365234375,26297.927734375,-0.002837114969311161,-0.012622823253217064,-0.014552681593697714,-0.013817212276557411
2026-08-18 09:50:00-04:00,26320.294921875,26330.88671875,26289.94140625,26314.29296875,183936000.0,26428.44680825538,26513.353908461213,26584.355168905917,26662.781712003627,26675.77904991732,9.306138125782113,-73.66175812858273,-37.41098984296174,-36.25076828562099,26608.67724609375,26834.636423420594,26382.718068766906,0.016983871482000524,-0.15141031408060712,47.08141962644802,26708.24609375,26297.927734375,26796.365234375,26297.927734375,-0.00018329713400455638,-0.01281176338698553,-0.014322299475040934,-0.01345467677904355
2026-08-18 10:00:00-04:00,26318.177734375,26370.79296875,26302.9140625,26310.82421875,166854000.0,26389.239278420253,26476.530328513716,26558.3046022244,26651.242122060885,26669.74673865836,9.218207994523908,-85.96931296804905,-47.1226544679792,-38.84665850006985,26590.47275390625,26848.538167483977,26332.407340328526,0.0194103667103711,-0.041817152634490984,48.56695438527316,26697.134765625,26289.94140625,26796.365234375,26289.94140625,-0.00013181999623246288,-0.013283795149884314,-0.013649147768458714,-0.0138893657166963
2026-08-18 10:10:00-04:00,26308.044921875,26323.5859375,26274.46875,26322.396484375,168857000.0,26366.958347071835,26448.505993215767,26535.83716242922,26640.46029787446,26664.00541214128,12.198774930224275,-93.70913317169834,-56.43995020872303,-37.26918296297531,26573.97900390625,26855.2595456585,26292.698462154,0.02116962173492374,0.052790751247838184,48.6062567506108,26677.673828125,26289.94140625,26796.365234375,26289.94140625,0.000439829080563392,-0.012258791747194575,-0.012376993840595985,-0.013618900598573846
2026-08-18 10:20:00-04:00,26317.841796875,26366.755859375,26297.994140625,26362.34375,150148000.0,26365.420148047895,26432.8401308129,26519.313980293104,26631.34172253431,26659.019268965392,21.749583352700654,-95.51850806006769,-64.25566177899196,-31.262846281075724,26559.6216796875,26853.069663301903,26266.1736960731,0.02209730147164164,0.16386218222114338,50.04593260771003,26677.673828125,26274.46875,26796.365234375,26274.46875,0.0015176150715878745,-0.0011993729635523254,-0.01077493347338443,-0.011827378304132052
2026-08-18 10:30:00-04:00,26361.8125,26379.443359375,26355.505859375,26365.564453125,134866000.0,26365.468249740265,26420.608189415096,26504.671168181856,26622.62771370122,26654.168776141585,22.481719767204055,-95.59065727534107,-70.52266087826179,-25.067996397079284,26544.9826171875,26846.37416544214,26243.59106893286,0.02270798610804086,0.20235037262738317,48.18104456430218,26677.673828125,26274.46875,26796.365234375,26274.46875,0.00012217059133834418,0.0017647729326977224,-0.01098272388168775,-0.01174977398790178
2026-08-18 10:40:00-04:00,26364.55859375,26367.751953125,26315.26953125,26319.494140625,139218000.0,26350.143546701845,26402.223816907805,26487.03526079549,26612.688908026586,26648.63696398429,19.649585209215516,-98.23295686251367,-76.06472007511218,-22.168236787401497,26528.5708984375,26841.328238868322,26215.81355800668,0.023578906050249506,0.16575243681810942,48.48828580078059,26677.673828125,26274.46875,26796.365234375,26274.46875,-0.0017473668193945802,0.00019765577137786927,-0.012317536738920887,-0.01362478616343965
2026-08-18 10:50:00-04:00,26326.478515625,26330.40625,26275.541015625,26282.943359375,141157000.0,26327.74348425957,26380.53646099275,26467.597936850678,26601.877578562602,26642.592441594054,17.740162289984156,-102.09940254349567,-81.27165656878888,-20.827745974706787,26510.85302734375,26836.834011873332,26184.872042814168,0.024592266736446374,0.15042490392861,48.943782127510545,26677.673828125,26274.46875,26796.365234375,26274.46875,-0.0013887341851902546,-0.0010596725949441055,-0.013303052917600144,-0.015423693557784168
2026-08-18 11:00:00-04:00,26284.6875,26299.5703125,26268.619140625,26276.150390625,132558000.0,26310.545786381383,26361.55717547134,26449.364837210138,26591.19799863022,26636.535548189608,17.401716994677855,-104.50703239276845,-85.9187317335848,-18.588300659183645,26492.2490234375,26827.094838230783,26157.403208644217,0.02527877602970195,0.17731621052825727,47.65859568090265,26677.673828125,26274.46875,26796.365234375,26274.46875,-0.0002584554042185383,-0.0017569104613043285,-0.013962656115622085,-0.015890786566760018
2026-08-18 11:10:00-04:00,26276.970703125,26296.888671875,26268.23828125,26279.2734375,119561000.0,26300.121670087592,26346.596495840186,26433.165656285364,26580.970963839063,26630.630389335234,18.174615587523135,-104.95325679868984,-89.72563674660582,-15.22762005208402,26473.60146484375,26812.251839626388,26134.95109006111,0.02558400489879384,0.21308458248647014,46.30086674833817,26677.673828125,26268.619140625,26796.365234375,26268.619140625,0.00011885481048667934,-0.0031510973867792114,-0.013993247368319639,-0.015653933023877964
2026-08-18 11:20:00-04:00,26278.982421875,26321.060546875,26278.671875,26314.5,128371000.0,26304.914446725063,26340.760769323788,26421.864165210565,26572.234210926308,26625.405093643745,26.526054435809513,-101.29671815035545,-92.03985302735575,-9.256865122999699,26456.46123046875,26790.859505319153,26122.06295561835,0.025279138576953016,0.2877362995783111,46.02142425738545,26677.673828125,26268.23828125,26796.365234375,26268.23828125,0.0013404694229381953,-0.0019367858865979581,-0.012859690487041053,-0.013775135128962557
2026-08-18 11:30:00-04:00,26311.216796875,26325.87109375,26295.763671875,26299.4921875,114650000.0,26303.107026983376,26333.25739081037,26410.209691142893,26563.291849502493,26620.01810345955,25.339459707371148,-98.47473452957638,-93.32682932779987,-5.14790520177651,26438.2109375,26764.955342414847,26111.466532585153,0.024717588167162425,0.28772589841874796,44.88470980150077,26677.673828125,26268.23828125,26796.365234375,26268.23828125,-0.0005703248209162348,-0.0007599672325816487,-0.013688832946839535,-0.014574921480838832
2026-08-18 11:40:00-04:00,26299.638671875,26340.56640625,26298.021484375,26333.43359375,104193000.0,26313.21588257225,26333.289427708485,26402.89768186738,26555.755513248314,26615.281169414768,32.67456033839008,-92.43398293746213,-93.14826004973233,0.7142771122701959,26421.69892578125,26734.26935842327,26109.12849313923,0.023660131282248937,0.35880729139160517,44.717582092465,26677.673828125,26268.23828125,26796.365234375,26268.23828125,0.0012905726851308863,0.001921026640153256,-0.012385398820272897,-0.013532440594322015
2026-08-18 11:50:00-04:00,26333.634765625,26352.65234375,26320.646484375,26352.181640625,105809000.0,26326.204468589836,26336.724375511487,26398.06758270144,26549.080960047548,26610.93241687279,36.39194858566554,-85.1522509372262,-91.5490582272311,6.396807290004901,26406.46962890625,26700.897252870014,26112.042004942483,0.02229965823537925,0.40780758348963614,43.80960189836036,26674.4921875,26268.23828125,26796.365234375,26268.23828125,0.0007119484365096795,0.0028935460053969297,-0.011426214247745037,-0.012767502111685425
2026-08-18 12:00:00-04:00,26353.24609375,26363.46875,26348.6796875,26351.228515625,122046000.0,26334.54581760156,26339.36149189576,26393.606719170348,26542.593994656643,26606.639790405887,36.28226752080257,-78.55282699473901,-88.94981198073269,10.396984985993683,26391.137109375,26662.64451683316,26119.629701916838,0.020575650555179178,0.42650551577280915,41.736706227048906,26674.4921875,26268.23828125,26796.365234375,26268.23828125,-3.616873217548999e-05,0.0027380923713942185,-0.011503180418195424,-0.012819750177013534
2026-08-18 12:10:00-04:00,26352.171875,26371.71484375,26341.484375,26344.4921875,86946000.0,26337.861274234376,26340.29434564198,26388.929144725553,26536.09885343839,26602.30677217604,35.4686339380129,-73.02452014384835,-85.76475361335582,12.740233469507473,26375.582421875,26618.886742222516,26132.27810152748,0.018449209306993654,0.436108338868394,40.91483212154541,26674.4921875,26268.23828125,26796.365234375,26268.23828125,-0.0002556362076632235,0.0011397589731896307,-0.011670865188611046,-0.012953594612260089
2026-08-18 12:20:00-04:00,26346.763671875,26372.07421875,26338.15234375,26339.67578125,88382000.0,26338.46610990625,26340.181879388892,26384.23834820407,26529.6587527109,26597.965764061566,34.866589600832995,-68.24525208239356,-82.26085330716337,14.01560122476981,26359.776171875,26566.539402952352,26153.01294079765,0.015687783517521744,0.45139273428774906,40.41533518429217,26665.037109375,26268.23828125,26796.365234375,26268.23828125,-0.00018282403075831066,0.001527922800315551,-0.01185951990691525,-0.013541688077493452
2026-08-18 12:30:00-04:00,26336.66796875,26357.228515625,26331.36328125,26356.1015625,85923000.0,26344.34459410417,26343.076367227273,26381.558654327495,26523.968353031854,26593.968008663855,38.68877388061691,-62.41276889085566,-78.29123642390184,15.878467533046177,26344.32939453125,26496.521623513054,26192.137165549448,0.011554078807820877,0.5386753254338525,39.37604226934273,26665.037109375,26268.23828125,26796.365234375,26268.23828125,0.0006236136460606723,0.00086080566247837,-0.0115857909969449,-0.01312893145579297
2026-08-18 12:40:00-04:00,26355.662109375,26383.5390625,26343.927734375,26379.91796875,91990000.0,26356.20238565278,26349.774840231403,26381.40239855821,26519.245389612777,26590.429991475197,43.835212547410784,-55.23201866796444,-73.67939287271436,18.44737420474992,26330.87119140625,26395.03081299656,26266.711569815943,0.004873338304981595,0.8822246463432806,39.39284840188969,26662.869140625,26268.23828125,26796.365234375,26268.23828125,0.000903639189336225,0.0010525249295580963,-0.010100312730636052,-0.012604346596649552
2026-08-18 12:50:00-04:00,26382.40625,26386.21484375,26374.67578125,26377.556640625,88137000.0,26363.32047064352,26354.8260766666,26381.036135897906,26514.59985685908,26586.911423692552,43.44582714745446,-49.16501810252885,-68.77651791867726,19.61149981614841,26330.0490234375,26391.307575010273,26268.790471864726,0.004653128561837802,0.887763144636738,37.403292266040424,26422.501953125,26268.23828125,26796.365234375,26268.23828125,-8.951233767284794e-05,0.0009991232471149303,-0.0006229961118057181,-0.013208888705734556
2026-08-18 13:00:00-04:00,26374.353515625,26380.060546875,26355.73046875,26364.37109375,91394000.0,26363.670678345683,26356.561534318127,26379.448989026678,26509.674323642386,26583.23307113152,41.242745437507914,-44.90322347174151,-64.00185902929012,19.098635557548604,26332.31171875,26395.111646100275,26269.511791399724,0.004769799782186132,0.7552500962396421,36.469491255966105,26422.501953125,26268.23828125,26796.365234375,26268.23828125,-0.0004998774926215921,0.0007545754197315624,0.001719431010075656,-0.013556641197632113
2026-08-18 13:10:00-04:00,26366.4140625,26367.693359375,26341.189453125,26341.685546875,84159000.0,26356.34230118879,26353.856809328467,26375.852470726517,26504.166494895915,26579.24055006943,37.700598527471044,-42.86216619296101,-59.7739204620243,16.911754269063287,26333.68134765625,26396.042922381937,26271.31977293056,0.0047362595379197465,0.5641757304394498,35.75766375553995,26386.21484375,26268.23828125,26781.111328125,26268.23828125,-0.0008604622804895268,7.630183612317154e-05,0.0010409771661936684,-0.015521424744408208
2026-08-18 13:20:00-04:00,26341.33203125,26349.171875,26326.125,26342.322265625,79306000.0,26351.66895600086,26351.759619564196,26372.659117859705,26498.860126723095,26575.32454536787,37.8619080422042,-40.72379712903785,-55.963895795427014,15.240098666389166,26335.25625,26396.815068677744,26273.697431322253,0.0046750119378653,0.557392391348438,34.84975027300138,26386.21484375,26268.23828125,26781.111328125,26268.23828125,2.4171526490368578e-05,-0.0005228124061642525,0.0011971516594508902,-0.015154287713792791
2026-08-18 13:30:00-04:00,26341.41015625,26344.060546875,26320.97265625,26335.091796875,88815000.0,26346.143236292242,26348.72910634798,26369.081277765923,26493.49067328545,26571.353756136585,36.69980830250691,-39.161137425064226,-52.60334412135446,13.442206696290235,26335.891015625,26397.167496773847,26274.61453447615,0.0046534579834411945,0.4934785848092587,34.00961744100128,26386.21484375,26268.23828125,26781.111328125,26268.23828125,-0.0002744810680352927,-0.0016992536492380639,0.00048230078547506494,-0.015023852324220988
2026-08-18 13:40:00-04:00,26334.435546875,26337.935546875,26324.34375,26325.169921875,78223000.0,26339.1521314865,26344.44561826198,26364.89924387155,26487.97196012445,26567.28460185127,35.10741009112576,-38.28203922479952,-49.73908314204347,11.45704391724395,26334.03232421875,26394.23221745841,26273.83243097909,0.004572022430784037,0.4263918765730231,32.55120168628691,26386.21484375,26268.23828125,26781.111328125,26268.23828125,-0.00037675490469246675,-0.001986033788638264,-0.0014101108944457597,-0.015333446762899605
2026-08-18 13:50:00-04:00,26325.091796875,26328.736328125,26302.91015625,26302.91015625,90120000.0,26327.071473074335,26336.893716077982,26358.995521240926,26481.904359997417,26562.91477630414,31.77620457132555,-38.932732317469345,-47.57781297712865,8.645080659659307,26330.899609375,26390.7296551216,26271.0695636284,0.004544474107166254,0.2660919962894216,32.07084241405213,26386.21484375,26268.23828125,26781.111328125,26268.23828125,-0.0008455696844905658,-0.0023312119709378853,-0.0023763685009055013,-0.015787418519078056
2026-08-18 14:00:00-04:00,26302.9375,26307.03125,26290.67578125,26292.5234375,92338000.0,26315.555461216223,26328.826392700168,26352.664846598935,26475.69514942373,26558.4454979768,30.33003882880473,-39.827426893582015,-46.027735760419326,6.200308866837311,26329.55107421875,26391.52598330173,26267.57616513577,0.004707631277744302,0.20126913240668198,30.948315723762693,26386.21484375,26268.23828125,26781.111328125,26268.23828125,-0.00039488857652247855,-0.0018663235990542537,-0.0010247424582287001,-0.016184125625958168
2026-08-18 14:10:00-04:00,26292.677734375,26328.4453125,26288.78125,26328.4453125,108261000.0,26319.852078310818,26328.757105391043,26350.358224303796,26470.867285918033,26554.643842018508,40.42779800399879,-37.20896193875524,-44.26398099608651,7.055019057331272,26331.826171875,26390.015292882854,26273.637050867146,0.004419679867855544,0.47094938610136694,31.570869064922505,26386.21484375,26268.23828125,26781.111328125,26268.23828125,0.001366239154845239,-0.0005267930816831301,0.001731235063852532,-0.015126968900162963
2026-08-18 14:20:00-04:00,26328.25390625,26335.73828125,26316.337890625,26324.509765625,86924000.0,26321.40464074888,26327.984861797213,26347.89646633439,26466.068678695312,26550.83997298721,39.74808369654407,-35.047371061740705,-42.420659009217346,7.373287947476641,26334.244140625,26386.71637088717,26281.77191036283,0.0039850948431987155,0.40724260288381564,30.70154917635661,26386.21484375,26268.23828125,26781.111328125,26268.23828125,-0.0001494788935801905,-0.0004018224554377392,0.0018404284600705978,-0.015918751038154766
2026-08-18 14:30:00-04:00,26324.86328125,26327.279296875,26311.970703125,26322.79296875,95795000.0,26321.867416749257,26327.04088124317,26345.50565704064,26461.37111443481,26547.07060101635,39.436593611311686,-33.09136917306387,-40.55480104198665,7.4634318689227825,26336.4201171875,26382.855725073423,26289.984509301576,0.0035263416728091436,0.35326833158966614,29.60205236018828,26386.21484375,26268.23828125,26781.111328125,26268.23828125,-6.521667033065892e-05,-9.029203351973436e-05,0.0016560401243017608,-0.016332265020193026
2026-08-18 14:40:00-04:00,26322.61328125,26322.859375,26304.212890625,26304.212890625,97761000.0,26315.982574707843,26322.890337494413,26341.573012620105,26456.218385785305,26543.056423985086,36.13607409563685,-32.663950915000896,-38.9766310165895,6.3126801015886045,26335.90576171875,26383.514271615713,26288.297251821787,0.003615483008461093,0.16715119668373113,28.81951178981769,26386.21484375,26278.671875,26781.111328125,26268.23828125,-0.0007058551175423977,4.9528146021105e-05,-0.0003909293117863033,-0.01763625655765888
2026-08-18 14:50:00-04:00,26303.439453125,26304.994140625,26290.515625,26292.25390625,103582000.0,26308.07301855523,26317.320077268156,26336.87595487057,26450.842501210376,26538.910927824178,34.15470711388282,-32.91083335908843,-37.76347148508929,4.852638126000862,26335.54384765625,26384.34910871641,26286.738586596086,0.00370641755814783,0.05650333113796148,27.795154920902142,26386.21484375,26288.78125,26781.111328125,26268.23828125,-0.0004546414076226357,-1.0251250726844852e-05,-0.000275225133565149,-0.018110955165794418
2026-08-18 15:00:00-04:00,26290.306640625,26300.423828125,26288.48046875,26297.650390625,108111000.0,26304.59880924516,26313.74377060576,26333.140186847184,26445.819809060034,26534.923150349812,35.86365749046935,-32.298718761332566,-36.670520940337944,4.371802179005378,26333.7546875,26385.28566181388,26282.223713186122,0.003913682262585912,0.1496835412514521,26.66288381048056,26386.21484375,26288.78125,26779.67578125,26268.23828125,0.00020524997188298144,-0.0011696445236125674,-0.0013588506412430812,-0.01665409037634802
2026-08-18 15:10:00-04:00,26298.900390625,26301.759765625,26287.220703125,26290.91796875,116787000.0,26300.038529080106,26309.593624813802,26329.119023218882,26440.74106019741,26530.890006852296,34.65523540634463,-31.988124525068997,-35.73404165728415,3.7459171322151548,26330.69150390625,26384.700718982756,26276.682288829747,0.004102377263315888,0.13178936131629013,25.796896574017666,26386.21484375,26288.48046875,26773.798828125,26268.23828125,-0.0002560084941048979,-0.001276065430052764,-0.002324804553584081,-0.017209089780082842
2026-08-18 15:20:00-04:00,26292.2421875,26310.419921875,26286.044921875,26305.802734375,118655000.0,26301.95993084507,26308.904372006742,26326.898424281368,26436.3168527934,26527.16955606755,39.50829125626999,-30.19285572001536,-34.6258044698304,4.43294874981504,26328.42021484375,26382.604130324704,26274.236299362798,0.004116002026616447,0.29128971884007465,25.695332533016405,26386.21484375,26287.220703125,26773.798828125,26268.23828125,0.0005661561776844071,-0.000645457128928939,-0.001723858195949557,-0.017397341234287156
2026-08-18 15:30:00-04:00,26305.70703125,26312.890625,26301.822265625,26304.658203125,151417000.0,26302.85935493838,26308.132341300967,26324.780307980764,26432.00017575509,26523.491682465195,39.26680059191995,-28.533529596741573,-33.407349495212635,4.873819898471062,26326.428515625,26381.029744667092,26271.82728658291,0.0041480164322087905,0.3006426514390518,24.65054873601523,26386.21484375,26286.044921875,26772.501953125,26268.23828125,-4.350869888125608e-05,1.6929322380843104e-05,-0.0015120422170786796,-0.016336731070340504
2026-08-18 15:40:00-04:00,26305.3828125,26314.138671875,26295.060546875,26307.91015625,198517000.0,26304.54295537559,26308.091944018972,26323.173626863547,26427.931650525414,26519.928351453374,40.38184442655707,-26.648904269713967,-32.0556604501129,5.406756180398936,26324.840234375,26379.655301474024,26270.025167275973,0.004164512803192459,0.345570944076254,24.252518469157003,26386.21484375,26286.044921875,26751.99609375,26268.23828125,0.00012362651131558877,0.0005954700595782736,-0.001205999089123666,-0.016452396921058265
2026-08-18 15:50:00-04:00,26305.44140625,26306.3671875,26275.310546875,26289.4765625,290204000.0,26299.520824417064,26304.70732919734,26319.96438263845,26423.392139442614,26516.119230974808,36.31209639619203,-26.339140859425243,-30.912356531975373,4.5732156725501305,26321.508984375,26376.417694114796,26266.600274635202,0.004172155158155398,0.20831201437080288,24.84873924814579,26386.21484375,26286.044921875,26751.99609375,26268.23828125,-0.0007006863578489231,-0.00031081971216384563,-0.0025278776469277453,-0.01690767995546505
2026-08-19 09:30:00-04:00,26379.5,26410.0625,26312.056640625,26312.056640625,143383407.0,26303.699429819713,26306.04356763873,26319.211264351456,26419.741795219084,26512.746295597128,43.78567310877997,-23.99502778601527,-29.528890782783357,5.533862996768086,26318.11591796875,26366.120733102962,26270.111102834537,0.003648043445346873,0.4368888586821066,31.687110551849663,26386.21484375,26275.310546875,26745.791015625,26268.23828125,0.0008589017765840978,0.0008040294332867237,-0.0025724616810934853,-0.01579963353406577
2026-08-19 09:40:00-04:00,26309.017578125,26333.244140625,26216.15625,26216.15625,242492572.0,26274.51836987981,26289.700418977143,26309.39650107989,26413.06685931026,26507.84398079387,28.492863998290318,-29.53519796027831,-29.530152218282346,-0.0050457419959641925,26310.0458984375,26368.49652967113,26251.59526720387,0.004443217732060434,-0.3031534173020083,37.787166271360405,26410.0625,26275.310546875,26734.4921875,26268.23828125,-0.0036447318404192464,-0.003407859675685021,-0.006118852963675203,-0.018871344817221858
2026-08-19 09:50:00-04:00,26222.947265625,26282.958984375,26189.23828125,26275.548828125,226818000.0,26274.861855961542,26287.127402458573,26306.172913179424,26408.558071402545,26504.00439149356,42.00293769331368,-28.801334195555683,-29.384388613737013,0.5830544181813302,26305.60478515625,26360.243110037078,26250.966460275424,0.00415412041099761,0.22495535782981518,41.78241890376324,26410.0625,26216.15625,26719.623046875,26216.15625,0.002265495275456386,-0.0011066243391272268,-0.003369026528611374,-0.01618397958168072
2026-08-19 10:00:00-04:00,26268.533203125,26277.8125,26238.70703125,26245.115234375,193881000.0,26264.946315432695,26279.488826443376,26300.35789615043,26403.19928986066,26499.725231871766,38.03721129867319,-30.32590044318931,-29.572690979627474,-0.7532094635618378,26300.77626953125,26358.772141545738,26242.78039751676,0.00441020230126639,0.020129336598798807,41.59120817849444,26410.0625,26189.23828125,26708.24609375,26189.23828125,-0.0011582476906218941,-0.00238692170917576,-0.003666064281579562,-0.01691355093778224
2026-08-19 10:10:00-04:00,26251.2421875,26257.708984375,26198.08203125,26238.384765625,208669000.0,26256.092465496797,26272.015360840036,26294.45569324325,26397.795534967685,26495.40555474372,37.20070162208393,-31.711670361499273,-30.000486856001835,-1.7111835054974378,26295.57939453125,26356.31502760863,26234.84376145387,0.004619455777423285,0.029150961237350656,42.879475674673415,26410.0625,26189.23828125,26697.134765625,26189.23828125,-0.0002564465307123287,-0.001943431500187387,-0.003945646817009485,-0.01636478737484215
2026-08-19 10:20:00-04:00,26236.41015625,26269.08203125,26211.2734375,26269.03125,167253000.0,26260.405393664532,26271.472795232756,26292.034317696274,26393.573755132675,26491.66383069837,43.31377830530093,-29.991267180841533,-29.99864292096978,0.0073757401282463775,26292.2763671875,26351.216098902114,26233.336635472886,0.004483425542275999,0.3028060485577643,43.94584125148246,26410.0625,26189.23828125,26677.673828125,26189.23828125,0.0011680019425261978,-0.001635196792582505,-0.002508460854609207,-0.014379270997583626
2026-08-19 10:30:00-04:00,26271.54296875,26342.306640625,26271.54296875,26340.568359375,162998000.0,26287.126382234692,26284.035625076798,26296.656607379962,26391.835873304553,26489.166384891374,54.45805808291431,-22.594928132679343,-28.517899963311695,5.922971830632353,26293.0462890625,26354.050772256018,26232.04180586898,0.004640351104458838,0.8894965404571274,46.04080906387657,26410.0625,26189.23828125,26677.673828125,26189.23828125,0.002723248858863103,0.004745627398181185,0.0005849321218323045,-0.011592036931405314
2026-08-19 10:40:00-04:00,26343.9296875,26354.13671875,26329.099609375,26333.240234375,149615000.0,26302.497666281466,26292.981917676472,26300.140762331874,26389.91470481506,26486.589093147304,53.302040355546445,-17.127163315657526,-26.239752633780864,9.112589318123337,26294.56279296875,26357.934705564916,26231.190880372586,0.004820153359850581,0.8051623331358138,44.54054480038539,26410.0625,26189.23828125,26677.673828125,26189.23828125,-0.0002782067911375474,0.0021956308744444097,0.001153107315685853,-0.012195260440031386
2026-08-19 10:50:00-04:00,26331.845703125,26410.076171875,26331.845703125,26407.439453125,153614000.0,26337.47826189598,26313.792378667113,26310.35968526455,26390.48928672686,26485.28083463454,62.0794787313156,-6.729094646303565,-22.337621036285405,15.60852638998184,26300.30859375,26380.504221355786,26220.112966144214,0.0060984552572773965,1.1679345406561186,46.94696793964358,26410.0625,26189.23828125,26677.673828125,26189.23828125,0.00281770181297869,0.006184930692832102,0.00437067274650027,-0.009017243715880197
2026-08-19 11:00:00-04:00,26407.732421875,26420.57421875,26383.75,26383.75,145493000.0,26352.902174597322,26326.51194618218,26317.34923904888,26390.26832650631,26483.602639020748,58.311043276647226,-0.395531754114927,-17.94920317985131,17.553671425736383,26303.073828125,26390.45180744178,26215.695848808224,0.006643936741974804,0.961650478220132,46.22391442609761,26410.076171875,26189.23828125,26677.673828125,26189.23828125,-0.0008970749764304342,0.00554017465912926,0.0021005679159393775,-0.009518636416362192
2026-08-19 11:10:00-04:00,26384.380859375,26408.4609375,26382.728515625,26405.408203125,146228000.0,26370.404184106552,26340.856720171785,26325.735807056128,26390.764715903642,26482.310169005945,60.662167199203516,6.298888786819589,-13.09958478651713,19.39847357333672,26307.11875,26404.955505238573,26209.28199476143,0.007438044140700253,1.0023135368978817,44.76023638673349,26420.57421875,26189.23828125,26677.673828125,26189.23828125,0.0008208917657648307,0.005191548627245357,0.0030731222811084535,-0.009112134702893515
2026-08-19 11:20:00-04:00,26404.005859375,26410.9453125,26383.708984375,26395.41015625,132275000.0,26378.73950815437,26350.775526731457,26332.371459360304,26390.917025423194,26480.87380515874,59.007765038262086,10.674457963767054,-8.344776236460294,19.01923420022735,26310.749609375,26415.7697806434,26205.729438106602,0.007983061891249093,0.9030680289914601,43.50852865375253,26420.57421875,26189.23828125,26677.673828125,26189.23828125,-0.00037863633078838443,0.0020820278487074795,0.002758718939369853,-0.009635760499882018
2026-08-19 11:30:00-04:00,26399.921875,26399.921875,26369.3359375,26372.8828125,121490000.0,26376.78727626958,26354.795033234826,26336.229683468846,26390.32573975358,26479.088830073473,55.34522148655444,12.183911145551974,-4.239038760057841,16.422949905609816,26314.18310546875,26422.560418773945,26205.805792163555,0.008237178624988059,0.7708117835784941,42.58548642848449,26420.57421875,26189.23828125,26677.673828125,26189.23828125,-0.0008534568554399158,0.001505419681443243,0.0026106054631072073,-0.01066956612209069
2026-08-19 11:40:00-04:00,26371.279296875,26404.759765625,26355.42578125,26389.90234375,123035000.0,26381.15896542972,26361.17818060122,26341.341365400385,26390.311857917397,26477.614673274737,57.491902860882355,14.585366574068757,-0.47415769323252155,15.05952426730128,26319.06552734375,26431.763320220518,26206.367734466985,0.008563966130156178,0.8142777449231311,43.06752199609274,26420.57421875,26189.23828125,26677.673828125,26189.23828125,0.0006453420875904836,-0.0006640973050844323,0.003713962212908095,-0.010298176348276789
2026-08-19 11:50:00-04:00,26388.388671875,26395.390625,26371.73828125,26395.390625,107856000.0,26385.90285195315,26367.398625037356,26346.488913933685,26390.478374870923,26476.255598096643,58.18990104319285,16.738445353403222,2.968362916094627,13.770082437308595,26323.9525390625,26440.90827203634,26206.996806088657,0.00888587933748091,0.8054065162991164,41.68072354994326,26420.57421875,26189.23828125,26677.673828125,26189.23828125,0.0002079689867173773,0.0004412043397925558,0.0037166907660253212,-0.010061749361860772
2026-08-19 12:00:00-04:00,26395.697265625,26445.5625,26388.451171875,26445.5625,117457000.0,26405.789401302103,26381.610238666926,26355.924493559047,26392.2844117604,26475.748274161164,64.0081863650452,22.23689373774323,6.822069080424349,15.414824657318881,26331.684765625,26458.881597809184,26204.487933440814,0.009661123723479752,0.9476437518903857,42.782909591018736,26420.57421875,26189.23828125,26674.4921875,26189.23828125,0.001900781682407926,0.0015206845721191797,0.0058820514153905545,-0.00792313162149183
2026-08-19 12:10:00-04:00,26446.166015625,26455.17578125,26431.19140625,26451.099609375,104204000.0,26420.892803993072,26394.244669704756,26364.988790303425,26394.212778895304,26475.340858214287,64.59378595484657,26.73308972988525,10.80427321031653,15.92881651956872,26338.949609375,26475.646088378984,26202.253130371013,0.010379797298775369,0.9102153940509746,41.44015712023169,26445.5625,26189.23828125,26674.4921875,26189.23828125,0.00020937763660722197,0.0021098157897658787,0.005523377350128644,-0.007756779809909076
2026-08-19 12:20:00-04:00,26450.892578125,26456.099609375,26408.638671875,26410.974609375,97365000.0,26417.586739120383,26397.28647691753,26369.368392119766,26394.762347107753,26474.2769532748,57.316144911159164,26.750245111423283,13.993467590537882,12.7567775208854,26344.2654296875,26483.46038507809,26205.07047429691,0.010567381790325498,0.7396249903608529,41.870212861643715,26455.17578125,26189.23828125,26674.4921875,26189.23828125,-0.0015169501681426834,0.0014443546860545275,0.004041733043213203,-0.009176737990248873
2026-08-19 12:30:00-04:00,26405.39453125,26407.025390625,26391.20703125,26392.064453125,91971000.0,26409.079310455258,26396.33701804616,26371.529921739315,26394.673891567334,26472.918068974803,54.215931638336116,24.950337346403103,16.184841541710927,8.765495804692176,26348.47314453125,26488.104889834158,26208.841399228342,0.010598849089810658,0.65609383274264,40.291453237597736,26456.099609375,26189.23828125,26665.037109375,26189.23828125,-0.0007159961542383408,8.192941932239073e-05,0.0031988210532567507,-0.009894143878450445
2026-08-19 12:40:00-04:00,26392.34765625,26398.841796875,26373.615234375,26373.615234375,95556000.0,26397.25795176184,26392.205784651404,26371.728522942714,26393.983443790537,26471.276699807866,51.30049440334283,21.784086321426003,17.304690497653944,4.479395823772059,26352.680078125,26489.999183617845,26215.360972632152,0.010421642511179217,0.5762281263589065,39.21538961348361,26456.099609375,26189.23828125,26665.037109375,26189.23828125,-0.0006990441684759929,-0.0008249694400951357,0.0032004696508494135,-0.010928988165463283
2026-08-19 12:50:00-04:00,26370.244140625,26370.626953125,26349.2890625,26356.587890625,85549000.0,26383.70126471623,26385.729803919327,26370.286557960077,26392.75736008019,26469.381017011456,48.697705896070055,17.69684699904974,17.383121797933104,0.31372520111663604,26354.906640625,26490.957027893593,26218.856253356404,0.01032448258108256,0.5061787769728369,38.151874060734784,26456.099609375,26189.23828125,26662.869140625,26189.23828125,-0.0006456203898738133,-0.0033644438220967743,0.001692427566883703,-0.010975767956359905
2026-08-19 13:00:00-04:00,26354.599609375,26362.72265625,26339.921875,26339.921875,96729000.0,26369.10813481082,26377.401089570358,26367.39468339245,26391.025049093954,26467.24119648234,46.22558713664817,12.963437770704331,16.49918499248735,-3.5357472217830193,26361.094921875,26481.722874842242,26240.466968907756,0.009151968332479487,0.41223822358674644,37.05536743139658,26456.099609375,26189.23828125,26456.099609375,26189.23828125,-0.0006323282700386734,-0.004203142251810066,0.0047209676285020485,-0.00204887948018484
2026-08-19 13:10:00-04:00,26337.564453125,26354.4453125,26327.708984375,26327.708984375,102442000.0,26355.30841799888,26368.366161353017,26363.615093009837,26388.94911254579,26464.934878926848,44.44503203625469,8.132947097259603,14.825937413441803,-6.6929903161822,26363.7029296875,26478.955667405273,26248.45019196973,0.008743289061112042,0.3438477643774426,36.3182931952254,26456.099609375,26189.23828125,26456.099609375,26189.23828125,-0.00046366464877756197,-0.0031526903581378107,0.001985121475147622,0.00032644700100648016
2026-08-19 13:20:00-04:00,26326.8515625,26338.89453125,26314.298828125,26337.326171875,83912000.0,26349.314335957588,26362.722526902468,26361.11138623509,26387.25655711396,26462.825644099546,46.20235092952223,5.022874522943312,12.865324835342104,-7.8424503123987925,26368.3134765625,26470.903453441966,26265.723499683034,0.007781307437098949,0.34897498941876526,35.48096533306644,26456.099609375,26198.08203125,26456.099609375,26189.23828125,0.00036528767108867655,-0.002074043178669105,0.0035134514242567416,0.000875311495252884
2026-08-19 13:30:00-04:00,26338.109375,26340.51171875,26321.91015625,26327.763671875,89434000.0,26342.130781263393,26356.366371442928,26357.935413438892,26385.30597071268,26460.59321480658,44.688673994123995,1.7661467279831413,10.645489213870311,-8.87934248588717,26372.782421875,26458.790449489683,26286.774394260316,0.006522484145877911,0.23828751077932245,34.275293702133126,26456.099609375,26198.08203125,26456.099609375,26189.23828125,-0.0003630778590657524,-0.0017385391457533927,0.003406418003561562,0.0006438206946375313
2026-08-19 13:40:00-04:00,26327.06640625,26347.537109375,26327.06640625,26339.8046875,94701000.0,26341.355416675597,26353.355156180576,26356.208677635186,26383.814125361445,26458.596710223002,47.04145506922736,0.1549891979993845,8.547389210696126,-8.392400012696742,26376.32109375,26449.886962734385,26302.755224765617,0.0055781751156961604,0.2518114938752905,33.28925151805219,26456.099609375,26211.2734375,26456.099609375,26189.23828125,0.0004573504903442327,-0.0006367745018682758,0.0026941776735676104,0.0006613456770676596
2026-08-19 13:50:00-04:00,26340.451171875,26355.212890625,26337.724609375,26340.755859375,87191000.0,26341.155564242068,26351.0643749432,26354.73698065803,26382.402378935658,26456.648927564358,47.23240316314945,-1.0332030100871634,6.631270766539469,-7.664473776626632,26376.33046875,26449.87815602864,26302.782781471356,0.005576794495032547,0.25815276665178544,32.16061078461989,26456.099609375,26271.54296875,26456.099609375,26189.23828125,3.6111576615205365e-05,3.166237086649204e-05,7.1182974277217426e-06,-0.0008188911740824034
2026-08-19 14:00:00-04:00,26340.68359375,26377.36328125,26311.6484375,26311.6484375,95271000.0,26331.319855328045,26343.897840862617,26350.633309881072,26380.08257757711,26454.252225249245,42.21606860008426,-4.274308017731528,4.45015500968527,-8.724463027416798,26375.25087890625,26451.866801668693,26298.634956143804,0.005809682957269523,0.0849267416418507,34.557341710718475,26456.099609375,26314.298828125,26456.099609375,26189.23828125,-0.0011050336607800748,-0.0006100244759060791,-0.0008199445523158211,-0.0020449406922752322
2026-08-19 14:10:00-04:00,26310.96875,26342.171875,26306.6796875,26320.328125,98168000.0,26327.6559452187,26339.612437978503,26347.747101797162,26378.123415197533,26452.038603757526,44.121851775705046,-6.072528516397142,2.345618304468788,-8.41814682086593,26370.8953125,26449.57311561591,26292.217509384092,0.0059670179706499725,0.17864387732391923,34.62411640995287,26456.099609375,26311.6484375,26456.099609375,26189.23828125,0.00032988003471601246,-0.0006453975913907062,-0.0032987419427630282,3.16869454459745e-05
2026-08-19 14:20:00-04:00,26319.326171875,26336.337890625,26316.439453125,26334.42578125,90090000.0,26329.912557229134,26338.669409482412,26346.478404602192,26376.69070588778,26450.094590162364,47.169591541909604,-6.287588767299894,0.6189768901150516,-6.906565657414946,26368.4291015625,26448.421755358748,26288.43644776625,0.0060673052223281015,0.28745973099536715,33.572282202099096,26456.099609375,26306.6796875,26456.099609375,26189.23828125,0.0005356185600364771,0.0002530450158255704,-0.0018694923485099713,0.001958776883207669
2026-08-19 14:30:00-04:00,26334.39453125,26361.65234375,26334.39453125,26341.306640625,100719000.0,26333.71058502776,26339.14890605379,26345.985855651983,26375.530572600477,26448.296442236126,48.641987227075525,-5.835529369662254,-0.6719243618404096,-5.163605007821844,26365.2240234375,26444.163046393223,26286.285000481774,0.005988116989679402,0.3485072280036118,33.12124865194916,26456.099609375,26306.6796875,26456.099609375,26189.23828125,0.000261287617666639,5.702218155456684e-05,-0.002427592181378002,0.002479672594020821
2026-08-19 14:40:00-04:00,26340.568359375,26354.919921875,26339.599609375,26349.337890625,91464000.0,26338.919686893507,26341.0014487031,26346.305097077984,26374.671796142262,26446.6607636971,50.38026877968969,-4.774180504049582,-1.492375590282244,-3.281804913767338,26362.92041015625,26440.88435136575,26284.95646894675,0.005914666508606006,0.41289229789735654,31.84975321252422,26456.099609375,26306.6796875,26456.099609375,26189.23828125,0.00030489186089255327,0.00032580808598714484,-0.0017454650392727533,0.002666148791808709
2026-08-19 14:50:00-04:00,26349.42578125,26350.89453125,26333.91015625,26334.923828125,110911000.0,26337.58773397067,26339.896426779807,26345.221166701507,26373.36858407612,26444.81387220004,47.286839862378606,-5.038072498184192,-2.201514971862634,-2.8365575263215583,26361.0224609375,26439.768121852656,26282.276800022344,0.0059744011092015435,0.33428526404381925,30.787940483058204,26456.099609375,26306.6796875,26456.099609375,26189.23828125,-0.0005470369904485572,0.0008846040444896452,-0.0014393187367824911,0.0007761434997815009
2026-08-19 15:00:00-04:00,26335.263671875,26356.775390625,26333.806640625,26356.380859375,120542000.0,26343.85210910545,26342.89359634257,26346.283994575173,26372.811609495755,26443.35216950872,52.01065010722031,-3.47573954489053,-2.4563598864682135,-1.0193796584223165,26359.34638671875,26436.981054107604,26281.711719329895,0.005890485010506272,0.48090075321057535,30.229426877125476,26456.099609375,26306.6796875,26456.099609375,26189.23828125,0.0008147747603159949,0.0013697676641331036,-0.0012702390459182755,0.0021631091379794576
2026-08-19 15:10:00-04:00,26355.583984375,26366.591796875,26348.81640625,26366.591796875,132523000.0,26351.432005028633,26347.202360075735,26348.218070984683,26372.607681213107,26442.083403018907,54.117813275355324,-1.3975322219957889,-2.2445943535737287,0.8470621315779399,26357.9064453125,26433.863733485363,26281.949157139636,0.005763529689314297,0.5571726016780286,29.339852859116515,26456.099609375,26306.6796875,26456.099609375,26189.23828125,0.00038741804326170026,0.0012214435922086597,-0.0010910551972557192,0.0012591674764688143
2026-08-19 15:20:00-04:00,26366.77734375,26370.0234375,26355.224609375,26356.513671875,150217000.0,26353.125893977427,26348.89532585742,26349.008128212332,26372.08000877579,26440.66902729752,51.70467653720914,-0.5573338097929081,-1.9071422448175648,1.3498084350246566,26353.45400390625,26417.90463514881,26289.003372663687,0.00489124736613339,0.5237365244510663,28.301208235251053,26456.099609375,26306.6796875,26456.099609375,26189.23828125,-0.0003822308578083078,0.0005773074000265943,-0.0033672502948273175,0.0001643898523877585
2026-08-19 15:30:00-04:00,26355.130859375,26383.369140625,26340.48828125,26340.48828125,165425000.0,26348.913356401623,26347.366772292433,26348.19671421592,26371.04421443068,26439.013147197562,48.036685290400015,-1.1710860573875834,-1.7599310073315686,0.5888449499439852,26347.9234375,26394.380130750775,26301.46674424923,0.0035264026298674595,0.41997755619554666,29.342611888090264,26456.099609375,26306.6796875,26456.099609375,26189.23828125,-0.0006080239148662514,-0.0003358569923743726,-0.004181728917076688,-0.0004075800249172534
2026-08-19 15:40:00-04:00,26338.224609375,26342.9921875,26308.212890625,26315.333984375,196194000.0,26337.72023239275,26341.542629034717,26345.066930421548,26369.21764951082,26436.968863514547,42.89301332773271,-3.645210947295709,-2.136986995324397,-1.508223951971312,26343.14140625,26381.665132605678,26304.617679894323,0.0029247632817654364,0.13908707041650623,29.73094653001239,26456.099609375,26306.6796875,26456.099609375,26189.23828125,-0.0009549669925027482,-0.0007438731882367655,-0.003621245577437038,-0.001106804523597349
2026-08-19 15:50:00-04:00,26315.908203125,26333.697265625,26303.615234375,26333.328125,311708000.0,26336.256196595168,26340.049082846584,26343.94894895283,26368.040943789154,26435.255793456457,47.244814063319026,-4.10665699697347,-2.5309209956542116,-1.5757360013192585,26340.20458984375,26371.671161385344,26308.738018302156,0.0023892427588604907,0.3907338088189818,29.756024010011505,26407.025390625,26306.6796875,26456.099609375,26189.23828125,0.0006837891791791062,-0.0008746547751756761,-0.002225529883398192,-0.00024099219378082015
2026-08-20 09:30:00-04:00,26203.322265625,26263.40234375,26190.04296875,26237.26171875,144097000.0,26303.258037313448,26321.360471192656,26333.788260362086,26363.753100345246,26431.98316412247,32.85151666879456,-12.084806315127935,-4.441698059548957,-7.643108255578978,26333.3869140625,26385.352431673262,26281.421396451737,0.003946740142492806,-0.4248940425505423,37.865247741439255,26398.841796875,26303.615234375,26456.099609375,26189.23828125,-0.0036480920981194487,-0.004905073781296565,-0.005170072984430285,-0.0045090068980113696
2026-08-20 09:40:00-04:00,26236.25390625,26258.123046875,26184.904296875,26202.75390625,266376000.0,26269.7566602923,26299.79564120308,26321.308798065696,26358.474438243764,26428.194250769207,29.38807510606702,-20.950534483879892,-7.743465344415144,-13.207069139464748,26325.69521484375,26401.64984311882,26249.740586568678,0.0057703796731828514,-0.3093075523226506,40.39049790276503,26383.369140625,26190.04296875,26456.099609375,26189.23828125,-0.0013152215680853896,-0.005833843107598713,-0.005836642626632194,-0.006715868590261409
2026-08-20 09:50:00-04:00,26204.427734375,26211.40234375,26157.1015625,26167.40234375,203975000.0,26235.638554778205,26275.724132575247,26306.65104051182,26352.2097794079,26423.883640735832,26.32601676543395,-30.477932941063045,-12.290358863744725,-18.18757407731832,26317.06923828125,26419.256922009554,26214.881554552943,0.007765886300109844,-0.23231376360961523,41.38408957042466,26383.369140625,26184.904296875,26456.099609375,26184.904296875,-0.0013491544677510792,-0.006571098289897992,-0.006549735875023388,-0.007967163135623179
2026-08-20 10:00:00-04:00,26172.671875,26190.087890625,26131.78515625,26170.65234375,195510000.0,26213.976484435472,26256.620170970655,26293.69878367736,26346.257076599446,26419.69799946334,27.078260827525526,-37.33583278140941,-17.299453647277662,-20.036379134131746,26309.21640625,26429.468621961638,26188.964190538365,0.009141451714469865,-0.0761393321528341,42.5925641993229,26383.369140625,26157.1015625,26456.099609375,26157.1015625,0.0001242003297579064,-0.005497997506355268,-0.005965450344282197,-0.007347747811284777
2026-08-20 10:10:00-04:00,26175.046875,26182.62109375,26112.77734375,26112.77734375,178927000.0,26180.243437540317,26230.466929657807,26276.46817035094,26338.60200339127,26414.624930773865,22.644265919011147,-46.90016077277687,-23.219595072377505,-23.680565700399367,26297.98896484375,26444.672307087887,26151.30562259961,0.011155479792787972,-0.1313314731589821,44.53907747079984,26383.369140625,26131.78515625,26456.099609375,26131.78515625,-0.0022114465944453876,-0.008375347779934317,-0.008525877936872317,-0.008689960356472182
2026-08-20 10:20:00-04:00,26110.69921875,26173.373046875,26108.103515625,26143.193359375,160409000.0,26167.893411485213,26214.599007788205,26263.775331210374,26332.19516260385,26410.13845851934,29.20528447192494,-51.43275654780882,-28.86222736746377,-22.57052918034505,26288.76044921875,26449.35425404345,26128.16664439405,0.012217677979524007,0.046784852620417726,46.019824169314134,26383.369140625,26112.77734375,26456.099609375,26112.77734375,0.0011647943542965056,-0.003585296376709013,-0.007010481968780735,-0.007559276826168415
2026-08-20 10:30:00-04:00,26142.041015625,26183.6015625,26125.173828125,26180.970703125,138693000.0,26172.25250869848,26208.48477057671,26255.889176154626,26327.236983604544,26406.350561735966,36.41841636669816,-51.38423001487536,-33.36662789694609,-18.017602117929265,26280.81875,26446.169017076885,26115.468482923112,0.012583342143926675,0.1980711049333536,46.906103469720264,26383.369140625,26108.103515625,26456.099609375,26108.103515625,0.0014450164228485551,-0.0008313325844656605,-0.006030188388237212,-0.005852308962457808
2026-08-20 10:40:00-04:00,26180.453125,26197.419921875,26154.498046875,26162.234375,130796000.0,26168.91313079899,26200.07560774458,26246.969671282757,26321.82706201095,26402.31558344281,34.53880489270031,-52.255271242465824,-37.144356566050035,-15.110914676415788,26271.89267578125,26442.52670228635,26101.25864927615,0.012989854108409886,0.1786739930269016,46.62151572188311,26383.369140625,26108.103515625,26456.099609375,26108.103515625,-0.0007156468084188461,-0.000197496437824074,-0.006777386546083619,-0.0061893445458678364
2026-08-20 10:50:00-04:00,26155.470703125,26166.880859375,26140.02734375,26166.318359375,124933000.0,26168.048206990992,26193.937926222836,26239.28859395821,26316.72841602289,26398.414802879706,35.32238838199568,-52.016421356762294,-40.11876952419249,-11.897651832569807,26264.626171875,26440.176295270645,26089.076048479354,0.013367799126235447,0.2200007308498488,45.20951571496288,26383.369140625,26108.103515625,26456.099609375,26108.103515625,0.00015610227767481888,-0.00016560475138616138,-0.005523412129430527,-0.005193029823072348
2026-08-20 11:00:00-04:00,26166.291015625,26205.2265625,26128.923828125,26133.73046875,154305000.0,26156.608960910664,26182.991115773228,26229.235439176475,26310.728483325416,26394.039855208142,32.027908998845035,-53.83611233540796,-42.86223808643559,-10.973874248972372,26255.2962890625,26437.712994640617,26072.87958348438,0.01389561203726425,0.16679087880896085,47.43045990496554,26383.369140625,26108.103515625,26456.099609375,26108.103515625,-0.0012454136717833242,0.0008024089021314573,-0.007089488222328133,-0.006039472366639376
2026-08-20 11:10:00-04:00,26131.611328125,26146.896484375,26109.083984375,26138.6171875,142509000.0,26150.61170310711,26174.92312881446,26220.605129493,26305.085490019665,26389.817992931974,33.03651273539808,-54.258455482944555,-45.14148156573738,-9.116973917207176,26245.505859375,26430.87832675251,26060.13339199749,0.014126035014965786,0.21169215853042098,46.74346276889657,26383.369140625,26108.103515625,26456.099609375,26108.103515625,0.00018698894732405158,-0.00017504257464240336,-0.00743546092010916,-0.0072100013026548115
2026-08-20 11:20:00-04:00,26137.15234375,26137.751953125,26096.005859375,26120.328125,118598000.0,26140.517177071408,26164.996764484553,26211.054938588903,26299.02787149443,26385.36361494963,31.172210477396277,-55.42997768705027,-47.199180789999964,-8.230796897050304,26234.45693359375,26422.00151953793,26046.912347649566,0.014297577145881596,0.1957288635681654,46.44831029433253,26383.369140625,26108.103515625,26456.099609375,26108.103515625,-0.0006996951050932676,-0.0023162845569267843,-0.008389049132596749,-0.007756332119492115
2026-08-20 11:30:00-04:00,26123.064453125,26123.3046875,26070.142578125,26071.857421875,142038000.0,26117.630592005942,26148.062338555545,26197.798032235198,26291.579660031493,26380.18169440294,26.84800170486389,-59.5827651026666,-49.675897652533294,-9.906867450133305,26220.58291015625,26413.069821389578,26028.09599892292,0.014682122963694401,0.11367376272933616,46.927867371523064,26383.369140625,26096.005859375,26456.099609375,26096.005859375,-0.0018556697639111608,-0.0034544814418207004,-0.01053083268740218,-0.009533013733493467
2026-08-20 11:40:00-04:00,26070.470703125,26084.3125,26059.537109375,26083.0703125,144050000.0,26106.110498837297,26136.245606545446,26186.871582736607,26284.74328798128,26375.27076247066,29.291617401989,-61.26289200119936,-51.993296522266505,-9.269595478932857,26207.990234375,26401.856381139372,26014.124087610628,0.014794430632082052,0.1778191449102524,45.34554760391427,26383.369140625,26070.142578125,26456.099609375,26070.142578125,0.00043007640167558314,-0.0031814963699382526,-0.009563479935188801,-0.008407116344614773
2026-08-20 11:50:00-04:00,26079.984375,26105.91796875,26077.587890625,26102.34375,131270000.0,26104.854915891534,26130.08163262809,26178.82131295217,26278.76297526058,26370.759572181887,33.40924376926722,-60.34359593023328,-53.663356403859865,-6.680239526373413,26195.28837890625,26381.747529248754,26008.829228563747,0.014236083042525292,0.2507640983681349,44.13015692684896,26383.369140625,26059.537109375,26456.099609375,26059.537109375,0.0007389251828517907,-0.0012010041500783997,-0.009638542967276842,-0.007223045879868661
2026-08-20 12:00:00-04:00,26105.984375,26114.328125,26087.390625,26106.08984375,104435000.0,26105.266558511023,26125.71948919571,26171.894506361485,26273.10156111269,26366.38486592682,34.21116620922383,-58.636839724425954,-54.658053067973086,-3.9787866564528684,26182.26328125,26354.921051431003,26009.605511069,0.013188911006379499,0.27940918204797066,42.902110003502614,26383.369140625,26059.537109375,26456.099609375,26059.537109375,0.00014351560863179458,-0.0012444171593574138,-0.00988000099261499,-0.007284321756109824
2026-08-20 12:10:00-04:00,26107.91796875,26116.001953125,26086.5625,26099.05078125,101121000.0,26103.19463275735,26120.87063320558,26164.95700873182,26267.39497816637,26361.96612072555,33.397304349268964,-57.192932130426925,-55.16502888046386,-2.0279032499630674,26169.39013671875,26325.787254684656,26012.993018752844,0.011952675790213543,0.2751257939290036,41.940491655038144,26383.369140625,26059.537109375,26456.099609375,26059.537109375,-0.0002696329684809262,-0.0008145894511040197,-0.009768472941083184,-0.007297850448891086
2026-08-20 12:20:00-04:00,26098.912109375,26120.9765625,26091.234375,26116.09765625,91664000.0,26107.495640588233,26120.002819213656,26160.303737066883,26262.434410234684,26357.902179163968,37.28817586573426,-54.05002951825736,-54.94202900802256,0.8919994897651975,26158.17060546875,26294.80753190028,26021.53367903722,0.010446978765629967,0.3460410727994796,41.06918421539257,26383.369140625,26059.537109375,26456.099609375,26059.537109375,0.0006531607276785145,0.0016968577903422322,-0.008518848344953756,-0.007211529716107279
2026-08-20 12:30:00-04:00,26114.16796875,26142.15234375,26095.58984375,26141.236328125,89529000.0,26118.742536433823,26123.863457197534,26158.48779335813,26258.46070262453,26354.320925427786,42.612389362564905,-48.966322541276895,-53.746887714673434,4.780565173396539,26149.46572265625,26265.585652649,26033.3457926635,0.008881246846442632,0.4645651072483323,41.461563914293095,26342.9921875,26059.537109375,26456.099609375,26059.537109375,0.0009625738196374911,0.0022300294761359307,-0.006615825448134993,-0.006212659132008191
2026-08-20 12:40:00-04:00,26142.41015625,26163.740234375,26141.6953125,26148.8125,113293000.0,26128.76585762255,26128.39964679798,26157.56633684783,26254.865679587656,26350.924091949644,44.151292647707045,-43.820973477646476,-51.76170486726805,7.940731389621575,26140.23994140625,26220.12978258567,26060.350100226828,0.00611240305050726,0.55365236973308,40.10744550970073,26333.697265625,26059.537109375,26456.099609375,26059.537109375,0.0002898168923575195,0.0017802520128100685,-0.007006923854217528,-0.006047521650525467
2026-08-20 12:50:00-04:00,26148.521484375,26160.5,26136.74609375,26158.134765625,108299000.0,26138.555493623368,26133.806032039254,26157.620472921848,26251.69417421183,26347.73749151453,46.067745319626745,-38.54667625853108,-49.11869914552066,10.57202288698958,26136.28359375,26203.374396901698,26069.1927905983,0.0051339206594576995,0.6628477440163721,38.93933556257925,26263.40234375,26059.537109375,26456.099609375,26059.537109375,0.00035650818273302853,0.001993593149586914,-0.003015823601304146,-0.004995983718532826
2026-08-20 13:00:00-04:00,26157.5859375,26158.880859375,26120.66015625,26123.185546875,87001000.0,26133.43217804058,26131.87503473666,26154.34095615548,26247.480776594228,26344.025889123797,40.46200410737024,-36.763085616679746,-46.647576439752484,9.884490823072738,26132.30517578125,26192.209398562467,26072.400953000033,0.0045846872197661806,0.42388158561411576,38.888004674180735,26258.123046875,26059.537109375,26456.099609375,26059.537109375,-0.0013360745734793955,0.0009247372951333155,-0.003036641097332149,-0.007178119761964474
2026-08-20 13:10:00-04:00,26123.626953125,26129.32421875,26089.017578125,26089.017578125,85394000.0,26118.627311402055,26124.082769898174,26148.11968205734,26242.285261890316,26339.81087571886,35.866891120162435,-37.67238292728507,-44.852537737259006,7.180154809973935,26128.3859375,26188.846463254285,26067.925411745713,0.004627957187934216,0.1744292339187247,38.98933581352497,26211.40234375,26059.537109375,26456.099609375,26059.537109375,-0.001307955673655825,-0.0010369113518198247,-0.0029955119195743674,-0.004849630535559535
2026-08-20 13:20:00-04:00,26088.931640625,26104.265625,26083.794921875,26083.794921875,87398000.0,26107.01651489304,26116.757706621233,26141.993514420927,26237.08885729965,26335.579207060284,35.20869443581509,-38.37210259597123,-43.55645070900145,5.184348113030225,26124.04306640625,26184.212950672154,26063.87318214035,0.004606475660214854,0.16554577075977894,37.666576335773186,26205.2265625,26059.537109375,26456.099609375,26059.537109375,-0.0002001860067885053,-0.0021973484929708187,-0.003318886389767184,-0.007297807840449311
2026-08-20 13:30:00-04:00,26083.70703125,26091.119140625,26077.876953125,26084.458984375,80236000.0,26099.497338053694,26110.88521166737,26136.514035368935,26232.084599170972,26331.428459577884,35.371096274711675,-38.43005344640915,-42.53117125648299,4.101117810073845,26122.6271484375,26185.080269147777,26060.174027727222,0.004781534441800036,0.1944254856409576,35.92197713321796,26205.2265625,26059.537109375,26456.099609375,26059.537109375,2.545881463911215e-05,-0.0024610492589290933,-0.0010844637091725895,-0.006121377199730382
2026-08-20 13:40:00-04:00,26082.958984375,26102.3828125,26077.36328125,26099.283203125,77790000.0,26099.42595974413,26108.775755568757,26132.96824182189,26227.730455038316,26327.59134790098,39.044228688008346,-36.854948446653,-41.395926694516994,4.540978247863997,26120.431640625,26182.925683687667,26057.937597562333,0.004785069705009765,0.33079637303356124,35.14323099870239,26205.2265625,26059.537109375,26456.099609375,26059.537109375,0.0005683161287293181,-0.0022498378813056163,-0.0016796018621900721,-0.005301452956899877
2026-08-20 13:50:00-04:00,26098.55078125,26113.658203125,26093.80078125,26094.029296875,81074000.0,26097.62707212109,26106.094581260797,26129.259770874567,26223.34681050837,26323.730818131957,38.21525313431405,-35.620007438905304,-40.240742843394656,4.620735404489352,26116.0845703125,26172.973395845584,26059.19574477942,0.0043566121391527875,0.3061546074221921,34.05138748986651,26205.2265625,26059.537109375,26456.099609375,26059.537109375,-0.00020130461856404658,-0.0011161062247818654,-0.0033207862013925338,-0.006661911185818825
2026-08-20 14:00:00-04:00,26092.75,26092.75,26042.5390625,26045.15234375,83822000.0,26080.135495997398,26095.01417444065,26121.249539719847,26217.50436897531,26319.12621524961,31.512232742593895,-38.14555125831612,-39.82170452637895,1.6761532680628335,26110.23046875,26170.889942112368,26049.570995387632,0.004646414242491508,-0.03642177711662591,35.29701941023318,26205.2265625,26059.537109375,26456.099609375,26059.537109375,-0.0018731086935221963,-0.0016813678109435237,-0.0044752305774724555,-0.011215248342196671
2026-08-20 14:10:00-04:00,26044.53515625,26051.279296875,26023.123046875,26050.84375,83778000.0,26070.371580664934,26086.98318817871,26114.544226413193,26212.040086385958,26314.691794336395,32.986234383356475,-39.235531230697234,-39.70446986724261,0.46893863654537427,26104.45673828125,26164.64323205121,26044.27024451129,0.004611204467756631,0.054609473629053926,34.786964452359385,26205.2265625,26042.5390625,26456.099609375,26042.5390625,0.00021852075099748625,-0.0012632813581648916,-0.004413101139756903,-0.010723955041672562
2026-08-20 14:20:00-04:00,26050.857421875,26061.642578125,26044.30078125,26052.4296875,82112000.0,26064.39094960996,26080.700733509853,26108.62855604051,26206.80695855363,26310.356883479595,33.416269820994586,-39.515862049735006,-39.66674830374109,0.1508862540060818,26100.39169921875,26163.051801400998,26037.731597036505,0.004801468338432772,0.11728428419048463,33.54088105397658,26205.2265625,26023.123046875,26456.099609375,26023.123046875,6.0878546400244815e-05,-0.0012279072720728923,-0.003110952006917578,-0.013443551248320196
2026-08-20 14:30:00-04:00,26050.68359375,26053.84375,26037.607421875,26043.62890625,78775000.0,26057.470268489975,26073.96040128079,26102.438113203316,26201.456858478097,26305.94815658324,32.18210130722271,-39.987227867499314,-39.730844216492734,-0.2563836510065798,26095.64228515625,26160.358790098922,26030.925780213576,0.0049599472766750155,0.09814440727042059,32.30484155904968,26163.740234375,26023.123046875,26456.099609375,26023.123046875,-0.00033781038296876176,-0.002132407102595657,-0.003634020903578117,-0.01289130975505759
2026-08-20 14:40:00-04:00,26043.2578125,26062.94921875,26035.443359375,26061.248046875,86709000.0,26058.729527951655,26071.6490641161,26098.515249743476,26196.8598482616,26301.903526670707,37.18400062716817,-38.49532117494891,-39.483739608183974,0.9884184332350614,26092.68828125,26158.018488989706,26027.358073510295,0.005007549014154393,0.25937444971652573,31.96205711733184,26163.740234375,26023.123046875,26456.099609375,26023.123046875,0.0006765240239148262,-0.0012562739785045851,-0.0022618428774044963,-0.013033699521042386
2026-08-20 14:50:00-04:00,26060.90625,26067.234375,26054.603515625,26054.603515625,86300000.0,26057.35419050944,26068.549873481352,26094.33317982743,26192.19570620794,26297.81592318235,36.10258358694022,-37.41780336825104,-39.07055236019739,1.6527489919463463,26091.8255859375,26158.671408578753,26024.979763296244,0.005123890041429855,0.22158267456546812,30.581257278593853,26163.740234375,26023.123046875,26456.099609375,26023.123046875,-0.0002549582904873837,0.00036287642899002215,-0.00066178277868012,-0.012911587227005139
2026-08-20 15:00:00-04:00,26052.693359375,26080.578125,26052.693359375,26077.2578125,94007000.0,26063.98873117296,26070.133135121105,26092.706954367673,26188.42725067653,26294.170334576032,42.26751525067545,-34.3400001693517,-38.124441922028254,3.784441752676557,26091.5349609375,26158.58076017217,26024.48916170283,0.0051392759632614545,0.39352689802735863,30.388650731908577,26163.740234375,26023.123046875,26456.099609375,26023.123046875,0.0008694930575863236,0.001013942686597158,-0.00022284569762531792,-0.011209430614839033
2026-08-20 15:10:00-04:00,26077.791015625,26083.30078125,26064.87890625,26064.87890625,94569000.0,26064.285456198642,26069.177820780904,26090.056664070755,26184.376485285495,26290.38039361197,39.99668171026939,-32.524767960305326,-37.00450712968367,4.479739169378341,26089.66171875,26157.483884123456,26021.839553376547,0.0051991601964476485,0.31729562626364166,29.53388103677225,26163.740234375,26023.123046875,26456.099609375,26023.123046875,-0.0004747012258347061,0.0004778525035602499,-0.0014353057376312872,-0.012316204632601746
2026-08-20 15:20:00-04:00,26066.08984375,26090.56640625,26063.16796875,26088.27734375,114812000.0,26072.282752049097,26072.65046132074,26089.88720499259,26181.22569375974,26287.03984733326,45.91188524869584,-28.86538283401387,-35.37668227054971,6.511299436535836,26088.77109375,26156.173466890763,26021.36872060924,0.0051671558540301536,0.4963372951352149,29.381349355574233,26163.740234375,26023.123046875,26456.099609375,26023.123046875,0.0008976998352518972,0.0017143708221585285,-0.0006823120623046242,-0.011635110296838058
2026-08-20 15:30:00-04:00,26087.82421875,26103.076171875,26079.171875,26100.568359375,140604000.0,26081.7112878244,26077.72644278515,26090.904457790915,26178.581190993027,26283.957673978577,48.768907601307525,-24.68891309450919,-33.239128435341605,8.550215340832416,26088.84697265625,26156.298863473326,26021.395081839175,0.005170936905549883,0.5868870136682807,28.990131321247503,26163.740234375,26023.123046875,26456.099609375,26023.123046875,0.0004711317448464758,0.0015087655214851559,5.8146870463682276e-05,-0.013045445360634678
2026-08-20 15:40:00-04:00,26100.41796875,26100.666015625,26070.6796875,26092.498046875,164706000.0,26085.306874174603,26080.412188983304,26091.056228179878,26175.75879282522,26280.793052042984,47.0129401138537,-21.77918067073915,-30.947138882421115,9.167958211681963,26087.6669921875,26153.986930942727,26021.347053432273,0.005084390166057214,0.5364223397832922,29.061288235801253,26163.740234375,26023.123046875,26456.099609375,26023.123046875,-0.0003092006422573679,0.0014544274767902543,-0.0009036422548891476,-0.013557151415092838
2026-08-20 15:50:00-04:00,26086.419921875,26093.3515625,26052.443359375,26062.484375,293389000.0,26077.699374449738,26077.152586440883,26088.335099305605,26172.04487748669,26277.18464415798,41.08778607419502,-21.645533016271656,-29.086817709191223,7.441284692919567,26083.72939453125,26146.092954936437,26021.36583412606,0.00478179783741078,0.3296680032921844,29.907496442172594,26163.740234375,26023.123046875,26456.099609375,26023.123046875,-0.0011502797402180853,-0.0005665257292858383,-0.0030125565652865394,-0.013194902480096249
2026-08-21 09:30:00-04:00,26205.103515625,26205.103515625,26111.669921875,26124.4375,127879818.0,26093.27874963316,26085.74984345163,26091.77342318126,26170.483979864173,26274.65989797355,53.98069835581661,-16.352020944919786,-26.539858356336936,10.18783741141715,26082.51064453125,26140.541154668943,26024.480134393554,0.0044497641295786605,0.8612483792514293,37.95832816951741,26163.740234375,26023.123046875,26407.025390625,26023.123046875,0.0023770997464627186,0.002285013253436441,-0.0009321647015518852,-0.010140432689543233
2026-08-21 09:40:00-04:00,26129.548828125,26136.732421875,26095.078125,26110.064453125,229619053.0,26098.87398413044,26090.17068157406,26093.515426033046,26168.503011774366,26271.939312108287,51.182139603970896,-13.164902452321257,-23.864867175533803,10.699964723212545,26080.10712890625,26128.609432900656,26031.604824911843,0.003719486561514009,0.8088237233246249,38.222325934194735,26205.103515625,26023.123046875,26398.841796875,26023.123046875,-0.0005501763195858711,0.0008351302421361062,-0.0018376812005407306,-0.009992971343059986
2026-08-21 09:50:00-04:00,26114.943359375,26122.431640625,26067.1875,26107.15625,198376000.0,26101.634739420297,26093.25896674241,26094.814552125135,26166.49164253586,26269.21562513129,50.61040260168321,-10.749838327610632,-21.24186140594917,10.492023078338537,26079.3056640625,26125.404309168767,26033.207018956233,0.0035352662912181386,0.8020759707069314,39.43816984068082,26205.103515625,26023.123046875,26383.369140625,26023.123046875,-0.00011138245676189928,0.00025240410608273756,-0.0006136042193719549,-0.009463730345524834
2026-08-21 10:00:00-04:00,26101.30078125,26134.826171875,26073.896484375,26117.615234375,186433000.0,26106.961571071864,26097.687379039242,26096.98604567274,26164.889137350256,26266.709833548543,52.65858467877882,-7.900853854374873,-18.57365989563431,10.672806041259438,26080.735546875,26129.639199108326,26031.831894641673,0.0037501743112598627,0.8770647570864697,40.97327824491791,26205.103515625,26023.123046875,26383.369140625,26023.123046875,0.00040061752704301234,0.0009626210359343634,0.0010961568853393722,-0.008439912680075046
2026-08-21 10:10:00-04:00,26118.83203125,26127.6328125,26064.18359375,26064.40625,180203000.0,26092.776464047914,26091.636264668472,26093.883207989624,26161.594616453527,26263.365972663447,42.9094483168707,-9.823296637685416,-16.823587244044532,7.0002906063591155,26079.76611328125,26129.155031349936,26030.377195212564,0.0037875276836577187,0.34450091354614304,42.57870256670949,26205.103515625,26023.123046875,26383.369140625,26023.123046875,-0.002037283415714297,7.374105140356413e-05,-0.0007433225085947681,-0.010000974050999423
2026-08-21 10:20:00-04:00,26062.525390625,26109.7421875,26051.646484375,26090.80859375,161664000.0,26092.120507281943,26091.485779046932,26093.59038758585,26159.27376325013,26260.513784582236,48.04908434002121,-9.111367731304199,-15.281143341496467,6.169775610192268,26080.08359375,26129.67033310402,26030.496854395984,0.0038026518723199773,0.608143831795724,43.68705974944453,26205.103515625,26023.123046875,26383.369140625,26023.123046875,0.0010129654785442366,-0.001287258577337802,0.00024342499795770856,-0.009360007789562586
2026-08-21 10:30:00-04:00,26092.8359375,26107.173828125,26078.828125,26087.400390625,147010000.0,26090.547135062963,26090.742981152034,26093.00086406577,26156.917259229635,26257.65240616972,47.455176051760134,-8.72163487466969,-13.969241648131113,5.247606773461424,26079.489453125,26128.422211178327,26030.55669507167,0.0037525855819592916,0.5808347803671642,42.59124856198421,26205.103515625,26023.123046875,26383.369140625,26023.123046875,-0.0001306284974937899,-0.0008680201667325971,-0.00045529267633592774,-0.009129650518200694
2026-08-21 10:40:00-04:00,26090.013671875,26117.51953125,26073.455078125,26115.1640625,163694000.0,26098.752777541977,26095.18317776075,26095.11164486903,26155.54830195981,26255.297226935512,52.595494309066325,-6.102130921466596,-12.395819502798211,6.293688581331615,26080.54619140625,26131.557975996504,26029.534406815997,0.003911864745153384,0.8393124880046215,42.69647745934248,26205.103515625,26023.123046875,26383.369140625,26023.123046875,0.0010642559802538365,0.0003067286388191981,0.0008099464204835982,-0.008528560772001703
2026-08-21 10:50:00-04:00,26115.71484375,26145.814453125,26111.337890625,26145.814453125,133776000.0,26114.44000273632,26104.388864190612,26099.94048375055,26155.229159375063,26253.487594310547,57.53450587725684,-1.5352276499106665,-10.223701132220704,8.688473482310037,26085.579296875,26141.27775171551,26029.88084203449,0.004270440323108446,1.0407255589269264,42.109340676532305,26205.103515625,26023.123046875,26383.369140625,26023.123046875,0.0011736625721225913,0.0010797011326242334,0.0038649076821066775,-0.007400752176237146
2026-08-21 11:00:00-04:00,26146.109375,26181.59375,26146.109375,26166.623046875,137078000.0,26131.83435078255,26115.704170133227,26106.291204048117,26155.602729457027,26252.051816666986,60.54034096888975,3.7202707411961455,-7.434906757537334,11.15517749873348,26091.36826171875,26154.933784254514,26027.80273918299,0.00487253270109453,1.0919465628077691,41.65719469070857,26205.103515625,26023.123046875,26383.369140625,26023.123046875,0.0007958671085692703,0.003921700571061448,0.004444358807956128,-0.005511832182217291
2026-08-21 11:10:00-04:00,26166.078125,26169.935546875,26151.400390625,26152.3828125,130339000.0,26138.6838380217,26122.37301419991,26110.680881043536,26155.497158409256,26250.404395110505,57.5387699002531,6.6594571004243335,-4.616033985945,11.275491086369334,26096.36591796875,26162.562458303142,26030.169377634356,0.005073238208145529,0.9231104393694931,40.00562051637225,26205.103515625,26035.443359375,26383.369140625,26023.123046875,-0.0005442136858657687,0.0023599965684755198,0.0038366143272985376,-0.006380821382712121
2026-08-21 11:20:00-04:00,26153.115234375,26173.806640625,26147.06640625,26173.673828125,109503000.0,26150.347168056134,26131.70043491356,26116.68020933701,26156.09311479338,26249.13612127604,60.677867073255435,10.584775783856458,-1.575872031984709,12.160647815841166,26102.8681640625,26172.52395526991,26033.21237285509,0.005337022029120088,1.0082539644956914,39.05809293484566,26205.103515625,26035.443359375,26383.369140625,26023.123046875,0.0008141137951998001,0.003307092167412984,0.0049933487511715224,-0.00610425131196346
2026-08-21 11:30:00-04:00,26172.513671875,26232.873046875,26169.515625,26232.873046875,105511000.0,26177.85579432909,26150.095455270184,26127.746193864437,26158.610489615727,26248.867310128917,67.80486616149645,18.26198848987042,2.3917000723863167,15.870288417484101,26111.4494140625,26198.576820328042,26024.322007796956,0.006673502101236854,1.1968165243117148,40.793759287713826,26205.103515625,26035.443359375,26383.369140625,26023.123046875,0.0022617848429968834,0.00450730403581967,0.006585448236834601,-0.004116485003168635
2026-08-21 11:40:00-04:00,26234.517578125,26258.42578125,26224.63671875,26226.65625,118662000.0,26194.12261288606,26164.015599766513,26137.166199210682,26160.841498152913,26248.500185168108,66.44293907637268,23.57285808443703,6.62793167479646,16.94492640964057,26120.05205078125,26216.506160408662,26023.59794115384,0.007385445437849086,1.0526161592831353,40.29342380287713,26232.873046875,26051.646484375,26383.369140625,26023.123046875,-0.000236984979262167,0.0030919594040543785,0.006603544524169003,-0.004655966731849093
2026-08-21 11:50:00-04:00,26230.232421875,26269.373046875,26230.232421875,26237.10546875,105776000.0,26208.450231507377,26177.30466685442,26146.684224881094,26163.341956205273,26248.311842747975,67.62019020100442,28.298715153290686,10.962088370495305,17.33662678279538,26128.04443359375,26234.917787136863,26021.171080050637,0.00818073880842778,1.010234925454335,40.46652187945734,26258.42578125,26051.646484375,26383.369140625,26023.123046875,0.0003984197852138216,0.002693600230673221,0.0061297724400062314,-0.003714396897952388
2026-08-21 12:00:00-04:00,26236.625,26239.435546875,26197.802734375,26197.802734375,95945000.0,26204.901065796585,26181.0315882218,26151.552654356703,26164.471817784608,26247.476981452553,59.206640827976535,28.54355638070774,14.478381972537793,14.065174408169948,26134.690625,26241.557334472003,26027.823915527995,0.008178149954434673,0.7952842362547632,40.549828352353245,26269.373046875,26051.646484375,26383.369140625,26023.123046875,-0.001497982863308267,0.0017367412445985497,0.005099729356238258,-0.00601668817301193
2026-08-21 12:10:00-04:00,26198.0625,26210.23046875,26191.029296875,26194.166015625,88092000.0,26201.322715739392,26183.41966593147,26155.61106971559,26165.44539804167,26246.59580846367,58.48154842414209,28.119992241150612,17.206704026260358,10.913288214890255,26139.98505859375,26247.618674940044,26032.351442247455,0.008235170456680062,0.7516916130409098,39.02492431825659,26269.373046875,26051.646484375,26383.369140625,26023.123046875,-0.00013881770112067482,0.000782931262709452,0.004058860248983276,-0.006539555152912713
2026-08-21 12:20:00-04:00,26194.134765625,26230.013671875,26188.212890625,26204.564453125,91303000.0,26202.40329486793,26187.264172693926,26160.27329670696,26166.727990011612,26245.90107531758,59.990345348866256,28.297189228775096,19.424801066763305,8.872388162011791,26145.18486328125,26254.730323692784,26035.639402869718,0.008379780903012893,0.7710271590473765,39.22319981338112,26269.373046875,26051.646484375,26383.369140625,26023.123046875,0.0003969753224362105,-0.001079126701044708,0.003984437898749693,-0.00576514863239086
2026-08-21 12:30:00-04:00,26204.30859375,26209.833984375,26193.625,26209.833984375,86037000.0,26204.88019137029,26191.367774817758,26164.993362199155,26168.141301302214,26245.304925054068,60.76840727487002,28.533905153799424,21.24662188417053,7.287283269628894,26151.05166015625,26261.24808623949,26040.855234073006,0.008427686007835635,0.7667161100775948,37.579327282068185,26269.373046875,26051.646484375,26383.369140625,26023.123046875,0.00020109211352958845,-0.0006414186187001514,0.004496922344852106,-0.004960207854916798
2026-08-21 12:40:00-04:00,26210.01171875,26215.865234375,26196.806640625,26198.5,88535000.0,26202.753460913525,26192.664543032708,26168.18447056114,26169.13666847263,26244.53128992921,58.14909297086051,27.49005813460826,22.495309134258076,4.994749000350186,26157.85244140625,26261.966254178024,26053.738628634474,0.007960425115554922,0.6952073289394072,36.25641774406331,26269.373046875,26051.646484375,26342.9921875,26023.123046875,-0.0004324325129932971,-0.001471407308858086,0.005218828068841663,-0.004439768252395004
2026-08-21 12:50:00-04:00,26197.880859375,26211.486328125,26184.53515625,26208.376953125,81255000.0,26204.627958317353,26195.52134486767,26172.012326043412,26170.42323518254,26243.933697585344,59.77620649130039,27.14685735023886,23.425618777454233,3.721238572784628,26162.0494140625,26267.199122987517,26056.899705137486,0.008038338836597072,0.7202932349319952,35.59175732484451,26269.373046875,26051.646484375,26333.697265625,26023.123046875,0.0003770045279309908,0.00040362998596532584,0.0032130626018262998,-0.004744982148928378
2026-08-21 13:00:00-04:00,26211.201171875,26219.09375,26206.859375,26211.076171875,81825000.0,26206.777362836572,26198.349495232636,26175.732692313086,26171.756118352787,26243.39059798683,60.23125183247878,26.78392424453341,24.097279870870068,2.6866443736633414,26167.1,26271.47751183734,26062.722488162657,0.00797776687805232,0.7106592267859982,33.9233728730699,26269.373046875,26051.646484375,26269.373046875,26023.123046875,0.00010299068709329617,0.0006455695607912038,0.0038686889850978456,-0.0009980289542291798
2026-08-21 13:10:00-04:00,26210.951171875,26210.951171875,26198.275390625,26202.712890625,81472000.0,26205.422538766048,26199.142839849428,26178.302235009458,26172.77109449286,26242.71823918746,58.04034001888958,25.527188700238185,24.383261636743693,1.1439270634944911,26171.87783203125,26273.555554392646,26070.20010966985,0.007769998241162183,0.6516313400695247,32.41461632856491,26269.373046875,26051.646484375,26269.373046875,26023.123046875,-0.000319074317863155,-7.065801468719712e-05,0.0036601704034693316,-1.5653173383034513e-06
2026-08-21 13:20:00-04:00,26201.6875,26202.267578125,26180.314453125,26192.943359375,77248000.0,26201.262812302368,26198.015661581347,26179.696627806177,26173.432480226696,26241.895513901305,55.500638409831424,23.47232287550287,24.201073884495532,-0.7287510089926634,26175.64423828125,26274.545610101944,26076.742866460554,0.0075567478622783485,0.5874564264139502,31.69917498366742,26269.373046875,26051.646484375,26269.373046875,26023.123046875,-0.00037284426581252195,-0.0006444384581020257,0.002884188480610339,0.0009760623270693713
2026-08-21 13:30:00-04:00,26190.8359375,26193.041015625,26176.0703125,26182.4140625,79344000.0,26194.97989570158,26195.179007202918,26179.95543111035,26173.726958334017,26240.912349415335,52.818100592001926,20.754950494294462,23.511849206455317,-2.7568987121608544,26181.54462890625,26266.259509573847,26096.82974823865,0.006471343220450533,0.5051315281736758,30.64714127947689,26269.373046875,26051.646484375,26269.373046875,26023.123046875,-0.0004019898310217984,-0.000614002232952271,0.004527546546355676,0.000449423980553032
2026-08-21 13:40:00-04:00,26182.5390625,26192.30859375,26177.216796875,26184.341796875,84892000.0,26191.43386275939,26193.20860532511,26180.373180230792,26174.074985827163,26239.977298960126,53.263486721669345,18.54321076691849,22.518121518547954,-3.974910751629462,26186.2212890625,26260.005336255726,26112.437241869276,0.005635333664887588,0.4872635599496226,29.536045250585683,26269.373046875,26051.646484375,26269.373046875,26023.123046875,7.362706778679673e-05,-0.0009170791572857828,0.0035849100954044033,0.0027405914040823376
2026-08-21 13:50:00-04:00,26184.25390625,26186.296875,26168.98046875,26168.98046875,84637000.0,26183.949398089593,26188.80348958418,26179.288160089767,26173.907952480367,26238.80379763434,49.27205927953567,15.37364251735562,21.08922571830949,-5.715583200953869,26190.30029296875,26249.32459061095,26131.27599532655,0.004507340273455935,0.31939789992937867,28.663213893400993,26269.373046875,26073.455078125,26269.373046875,26023.123046875,-0.0005866608465534551,-0.001606027270645627,0.0031271831191856947,0.000986379476314081
2026-08-21 14:00:00-04:00,26168.685546875,26184.767578125,26163.94921875,26165.275390625,103039000.0,26177.72472893473,26184.525653409783,26177.953610616933,26173.624917665435,26237.588452063937,48.331295964015425,12.419602556674363,19.355301085982465,-6.935698529308102,26192.805859375,26242.35295597756,26143.25876277244,0.003783259943098189,0.2221787890940056,28.102867142086637,26269.373046875,26073.455078125,26269.373046875,26023.123046875,-0.0001415828228166216,-0.0014287642717100146,0.0019188594031065431,-0.0005994931462998121
2026-08-21 14:10:00-04:00,26163.16796875,26170.751953125,26157.21484375,26164.275390625,97734000.0,26173.24161616482,26180.84378744891,26176.650922998655,26173.318375795257,26236.376665924454,48.06455366643181,9.883877772015694,17.46101642318911,-7.577138651173417,26193.72890625,26240.34076951203,26147.117042987968,0.0035590093666205014,0.18405558624181032,27.06245587300902,26269.373046875,26111.337890625,26269.373046875,26023.123046875,-3.821859258390514e-05,-0.0010944920682134374,0.0007060762070769666,7.801381165473131e-05
2026-08-21 14:20:00-04:00,26164.47265625,26170.814453125,26149.931640625,26149.931640625,90718000.0,26165.471624318216,26175.22339711729,26174.106229439258,26172.551597592952,26234.947822531078,44.2887912023829,6.640331256716308,15.296879389894553,-8.656548133178244,26192.8943359375,26241.95118397206,26143.83748790294,0.003745813456533773,0.06211317039536316,26.62105277493695,26269.373046875,26146.109375,26269.373046875,26023.123046875,-0.0005482188895298279,-0.001240619822047817,-0.0006378892003029435,-0.0006262523647744267
2026-08-21 14:30:00-04:00,26149.099609375,26151.201171875,26140.783203125,26149.755859375,91757000.0,26160.23303600381,26170.5929357096,26171.787146575996,26171.804196339905,26233.539690908663,44.24292232820527,4.009395382836374,13.039382588482917,-9.029987205646544,26192.76298828125,26242.26505143058,26143.260925131923,0.0037798275173547328,0.06560266208990789,25.463689630298596,26269.373046875,26147.06640625,26269.373046875,26023.123046875,-6.722053901175862e-06,-0.0013208633529266933,-0.00010044794555941206,0.0006132071593898392
2026-08-21 14:40:00-04:00,26150.205078125,26167.56640625,26149.642578125,26167.56640625,81870000.0,26162.67749275254,26170.042657626032,26171.385171306854,26171.66525240253,26232.449223393647,49.90420589511975,3.3232140883919783,11.096148888464729,-7.7729348000727505,26192.4576171875,26242.499355687854,26142.41587868715,0.0038210800400429426,0.25129550168080295,24.92512809420584,26269.373046875,26140.783203125,26269.373046875,26023.123046875,0.0006810980175409043,-5.403582694740727e-05,-0.0002333421710343231,0.0011075267885189977
2026-08-21 14:50:00-04:00,26168.1875,26186.595703125,26168.1875,26186.595703125,86262000.0,26170.650229543364,26173.052302262207,26172.833793384772,26172.154775377036,26231.69131396772,55.14455526912484,4.265742863819469,9.730067683535678,-5.464324819716209,26190.14375,26236.651283611467,26143.63621638853,0.0035515294650849565,0.46185513830253516,24.503997292833994,26269.373046875,26140.783203125,26269.373046875,26023.123046875,0.0007272092704215805,0.000814832337199034,-0.001764097423385791,0.002537011702451464
2026-08-21 15:00:00-04:00,26186.353515625,26193.080078125,26177.146484375,26184.615234375,98402000.0,26175.30523115391,26175.15465355544,26173.955835383844,26172.563315016312,26230.91319694966,54.50551335037031,4.797592769198673,8.743572700668278,-3.945979931469605,26188.04169921875,26231.4554824958,26144.6279159417,0.0033155425499681694,0.46053713146948194,23.891825611202997,26269.373046875,26140.783203125,26269.373046875,26023.123046875,-7.56291032424361e-05,0.0007773899122498484,-0.0016029880143413333,0.004324886051478405
2026-08-21 15:10:00-04:00,26184.146484375,26184.478515625,26170.05859375,26180.705078125,99940000.0,26177.105180144274,26176.163821658996,26174.59862040681,26172.830258069054,26230.083310688093,53.19480304109735,4.847689572336094,7.964396075001842,-3.116706502665748,26185.2216796875,26222.400451096615,26148.042908278385,0.002839675895350972,0.4392583268446485,23.22502668361707,26269.373046875,26140.783203125,26269.373046875,26023.123046875,-0.00014933029242558682,0.0011768075696301228,-0.0021496422573052953,0.003743223648720928
2026-08-21 15:20:00-04:00,26180.3203125,26197.546875,26176.072265625,26190.220703125,104656000.0,26181.47702113785,26178.71961828918,26176.086437808546,26173.40043659548,26229.42442461267,55.96969371552169,5.59077607539075,7.489672075079624,-1.8988959996888743,26184.842578125,26221.65327807988,26148.03187817012,0.0028116036859913668,0.5730511102287027,23.09999687585871,26239.435546875,26140.783203125,26269.373046875,26023.123046875,0.0003634594626693577,0.0015474272099367248,-0.0002894147775245326,0.0033666307503517068
2026-08-21 15:30:00-04:00,26188.03515625,26205.3984375,26188.03515625,26204.404296875,132515000.0,26189.11944638357,26183.389559850235,26178.783376767256,26174.416956604644,26229.010868782294,59.79579873979985,7.240708579778584,7.439879376019416,-0.199170796240832,26185.3544921875,26222.94606408688,26147.76292028812,0.0028711906047018698,0.753378666080934,22.69023147401166,26230.013671875,26140.783203125,26269.373046875,26023.123046875,0.0005415606806362661,0.001407769070042475,0.0003908611270118101,0.0037659585833584863
2026-08-21 15:40:00-04:00,26204.228515625,26223.923828125,26196.162109375,26220.5703125,149599000.0,26199.60306842238,26190.149696695647,26182.76308493228,26175.930181388096,26228.871355455314,63.6707238967685,9.740472231878812,7.899997947191295,1.8404742846875166,26186.15478515625,26225.964214726835,26146.345355585665,0.0030404944824622532,0.9322534599840062,23.052480565153683,26230.013671875,26140.783203125,26269.373046875,26023.123046875,0.0006169197911103375,0.0012974045866889217,0.0006108042514361145,0.004656090072720165
2026-08-21 15:50:00-04:00,26220.6640625,26220.6640625,26171.287109375,26179.919921875,314575000.0,26193.042019573255,26188.289737637344,26182.492307498254,26176.0609925516,26228.062240850682,50.492300634143604,8.345207781450881,7.989039914043213,0.3561678674076685,26184.65908203125,26223.018904505832,26146.299259556665,0.0029299462982817688,0.43822755358958465,24.932800033714134,26223.923828125,26140.783203125,26269.373046875,26023.123046875,-0.00155032442622427,-0.00017931569579976436,-0.0011413297206626094,0.0024437902808089884
2026-08-24 09:30:00-04:00,26058.263671875,26058.263671875,26002.037109375,26015.53515625,129264051.0,26133.87306513217,26156.879813748736,26166.59162642699,26170.797850377774,26224.54939647712,26.55568634047964,-5.956364846733777,5.199958961887815,-11.156323808621593,26175.51083984375,26258.087960719233,26092.93371896827,0.006309494502761289,-0.46864411048539695,35.85780092416312,26223.923828125,26140.783203125,26269.373046875,26023.123046875,-0.006279040047316831,-0.0063088416214200915,-0.006983790818176572,-0.004808539668789913
2026-08-24 09:40:00-04:00,26017.529296875,26024.017578125,25913.134765625,25940.46875,228857000.0,26069.40496008812,26117.5323476126,26145.056114386323,26163.246076594896,26219.853848601466,21.535111657962673,-23.081625212442304,-0.4563578729782094,-22.625267339464095,26162.1154296875,26292.24672245847,26031.98413691653,0.009948071142848252,-0.35162713351966884,41.216730322437186,26223.923828125,26002.037109375,26269.373046875,26002.037109375,-0.00288544540018687,-0.009536076688929862,-0.010222235570106708,-0.007967618032367674
2026-08-24 09:50:00-04:00,25934.68359375,25975.08203125,25913.537109375,25965.173828125,183121000.0,26034.661249433746,26089.830798614854,26127.924468075722,26156.751904513916,26215.64426148615,26.46264101169396,-34.26503806776964,-7.218093911936495,-27.046944155833142,26149.8203125,26303.466795576292,25996.173829423708,0.011751245801321794,-0.1008809335496296,42.6687440047631,26223.923828125,25913.134765625,26269.373046875,25913.134765625,0.0009523759328751158,-0.00912939924295586,-0.0093816195160219,-0.007376708592906844
2026-08-24 10:00:00-04:00,25971.849609375,25991.51171875,25922.123046875,25932.56640625,176024000.0,26000.629635039164,26061.237272730334,26109.318938378037,26149.401560308543,26210.965288672334,24.294091070090218,-45.237648311202065,-14.82200479178961,-30.415643519412455,26136.31298828125,26314.520108014283,25958.105868548217,0.013636745153223113,-0.07165668334822023,44.5773102812086,26223.923828125,25913.134765625,26269.373046875,25913.134765625,-0.0012558137330734853,-0.010983891761984332,-0.01030986697837899,-0.007296933227494695
2026-08-24 10:10:00-04:00,25929.60546875,25955.060546875,25920.642578125,25936.2890625,155633000.0,25979.18277752611,26038.519416324816,26092.839902580126,26142.414265298426,26206.425185760396,25.049241427153575,-53.02192993143035,-22.461989819717758,-30.559940111712592,26123.4802734375,26319.591409361605,25927.369137513397,0.015014166096659863,0.0227420155020043,43.85164302897941,26223.923828125,25913.134765625,26269.373046875,25913.134765625,0.0001435514014187511,-0.009306020037572083,-0.009798604660561705,-0.005854130580718375
2026-08-24 10:20:00-04:00,25936.078125,25979.5234375,25936.078125,25963.392578125,148236000.0,25973.919377725742,26024.859991197576,26080.511585965352,26136.544701784544,26202.408117865598,30.48592175786844,-56.35438374435398,-29.240468604645006,-27.113915139708975,26112.52919921875,26318.468144701874,25906.590253735623,0.01577319024993463,0.13791059349197052,43.822619419766596,26223.923828125,25913.134765625,26269.373046875,25913.134765625,0.00104500360709614,-0.002004286200988359,-0.00836521353043207,-0.004615982609532998
2026-08-24 10:30:00-04:00,25961.818359375,26023.880859375,25961.818359375,26015.55078125,152796000.0,25987.79651223383,26023.167407570745,26074.324842659127,26132.577687996523,26199.31956684716,39.57020312211618,-54.16229706650847,-34.2248342970177,-19.93746276949077,26104.0896484375,26311.394974155533,25896.784322719468,0.015882976844621834,0.2864529845510885,45.12546803264041,26223.923828125,25913.134765625,26269.373046875,25913.134765625,0.002008913240750587,0.0028943976291870843,-0.0064462577266366505,-0.0026417340365877395
2026-08-24 10:40:00-04:00,26017.8984375,26040.29296875,26008.52734375,26035.287109375,145078000.0,26003.626711280886,26025.370989716972,26070.606963298735,26129.38783295975,26196.608286558367,42.62557831746906,-50.25320814293809,-37.43050906620178,-12.822699076736313,26097.40498046875,26304.53139860939,25890.27856232811,0.015873334402072045,0.35004841088988764,44.171193530308955,26223.923828125,25913.134765625,26269.373046875,25913.134765625,0.0007586357979099123,0.0027002816046644007,-0.005108848605494987,-0.002452024956085319
2026-08-24 10:50:00-04:00,26034.673828125,26039.6875,26019.939453125,26024.013671875,129758000.0,26010.422364812257,26025.124204654792,26066.169506972663,26125.93294243238,26193.75548300988,41.33982763491361,-47.51715105873882,-39.44783746470919,-8.06931359402963,26090.34189453125,26297.36310764815,25883.320681414352,0.015869566903628236,0.3398033185642726,42.42668305492975,26223.923828125,25913.134765625,26269.373046875,25913.134765625,-0.0004330060756634335,0.003526348460558104,-0.005398824076608522,-0.0026832048130023267
2026-08-24 11:00:00-04:00,26024.13671875,26030.8046875,25985.21484375,26007.44140625,123000000.0,26009.42871195817,26021.909150399373,26060.576354522884,26122.047974032957,26190.675911493192,39.455716065003855,-46.15401469153221,-40.7890729100738,-5.364941781458413,26082.5001953125,26289.60664020586,25875.393750419138,0.01588087363883789,0.31879175923002556,42.65262310457762,26223.923828125,25913.134765625,26269.373046875,25913.134765625,-0.0006368066753250634,0.002743350969698799,-0.005994203242150387,-0.0014479061977554775
2026-08-24 11:10:00-04:00,26004.080078125,26015.763671875,25990.53515625,25998.041015625,113625000.0,26005.63281318045,26017.569489531306,26054.62060796118,26117.982172117943,26187.491863627605,38.386979677561655,-45.30994739168091,-41.69324780639522,-3.616699585285687,26074.9056640625,26282.702782762557,25867.10854536244,0.015938475205028488,0.31504881078633334,41.40804399889351,26223.923828125,25913.134765625,26269.373046875,25913.134765625,-0.0003614500357094208,0.0013345111735971749,-0.005808452086506821,-0.002026910716663499
2026-08-24 11:20:00-04:00,25997.921875,26060.208984375,25984.40625,26054.708984375,125519000.0,26021.99153691197,26024.32212495743,26054.629024762497,26115.907641372272,26185.29710529285,47.60119717816116,-39.61176670214991,-41.27695158554616,1.6651848833962504,26070.1533203125,26275.21519946606,25865.09144115894,0.015731543779896866,0.4623422549299508,43.86480759718683,26223.923828125,25913.134765625,26269.373046875,25913.134765625,0.002179701490429231,0.0015051844742499654,-0.00363471366658763,8.748884086218212e-05
2026-08-24 11:30:00-04:00,26053.2734375,26074.091796875,26041.814453125,26071.818359375,133431000.0,26038.60047773298,26032.95780394244,26056.266104249404,26114.462091142854,26183.421423542146,50.03098276515162,-33.33111354992434,-39.68778397842179,6.356670428497452,26065.36591796875,26265.51933414201,25865.21250179549,0.015357805971584652,0.5161187391392442,43.037131608102065,26223.923828125,25913.134765625,26269.373046875,25913.134765625,0.0006566711226849709,0.0014031437351365028,-0.0036590352113191615,0.0010823934416541725
2026-08-24 11:40:00-04:00,26072.591796875,26102.552734375,26072.591796875,26084.91015625,119545000.0,26054.037037238653,26042.403686180176,26058.99410920184,26113.493175244726,26181.79313813236,51.87010786667801,-26.98617228621515,-37.14746163998046,10.161289353765312,26060.281640625,26252.882403317115,25867.680877932882,0.014781172770740423,0.5639367032631423,42.15836327895192,26223.923828125,25913.134765625,26269.373046875,25913.134765625,0.0005021436055798745,0.0023400112351159574,-0.003883114400504706,0.0009079422954894056
2026-08-24 11:50:00-04:00,26086.09765625,26095.216796875,26063.46875,26073.498046875,97972000.0,26060.52404045077,26048.05720630651,26060.375436599286,26112.181859560475,26180.00313662398,50.13779224946161,-22.61789743104964,-34.2415487981943,11.62365136714466,26054.72578125,26238.885357889067,25870.566204610932,0.014136366522160507,0.5509673891730114,41.41476925009821,26223.923828125,25913.134765625,26269.373046875,25913.134765625,-0.0004374985118461572,0.0025399130807663983,-0.00424360589244499,0.0007251897438649291
2026-08-24 12:00:00-04:00,26074.419921875,26090.744140625,26070.9375,26072.552734375,108325000.0,26064.533605092183,26052.510938682597,26061.535179244594,26110.882543980624,26178.227096917384,49.988863927859086,-19.013115593737894,-31.195862157303022,12.182746563565129,26049.3181640625,26224.49574189886,25874.14058622614,0.013449686224650058,0.566317192529639,39.87133149116262,26223.923828125,25913.134765625,26269.373046875,25913.134765625,-3.6255683771302394e-05,0.0028660512807567873,-0.004130994311546066,-0.00018042840849408215
2026-08-24 12:10:00-04:00,26069.900390625,26102.1015625,26067.451171875,26097.54296875,90670000.0,26075.536726311457,26060.69858051303,26064.964492530824,26110.445180858307,26176.893474964203,53.88830852195355,-13.978659667427564,-27.752421659327933,13.773761991900368,26044.68427734375,26209.29203356046,25880.076521127037,0.01264041095402367,0.660559540513572,39.49840714357958,26223.923828125,25913.134765625,26269.373046875,25913.134765625,0.0009584882090218905,0.0016440016428771465,-0.0035386389227312076,0.0012531829753548163
2026-08-24 12:20:00-04:00,26096.62109375,26109.9609375,26090.32421875,26098.244140625,99583000.0,26083.10586441597,26067.525045987935,26068.133982825508,26110.045146752298,26175.593485966863,53.996692212612125,-9.819050462570885,-24.165747419976523,14.346696957405637,26039.37626953125,26189.225021551672,25889.52751751083,0.011509396420970354,0.6964242954980587,38.079715115466755,26223.923828125,25913.134765625,26269.373046875,25913.134765625,2.686735206602897e-05,0.001013576455840104,-0.004051233336476168,0.00038204120355178617
2026-08-24 12:30:00-04:00,26098.029296875,26100.9140625,26080.751953125,26081.423828125,100814000.0,26082.545185652314,26070.05209728558,26069.39968237784,26109.106742862878,26174.03696269675,50.905595050564486,-7.789990681412746,-20.89059607226377,13.100605390851022,26032.4189453125,26159.10112336531,25905.73676725969,0.0097326474592268,0.6934166414160905,36.79988613400484,26223.923828125,25913.134765625,26269.373046875,25913.134765625,-0.0006444997758994209,-0.00013365306240720187,-0.005306768034281317,-0.0007334909717827687
2026-08-24 12:40:00-04:00,26080.94921875,26085.201171875,26073.125,26085.201171875,87746000.0,26083.430514393214,26072.806474483652,26070.904586139473,26108.322953650157,26172.56860251788,51.57600925918679,-5.810170090120664,-17.87451087583515,12.064340785714485,26027.6830078125,26137.975994402706,25917.39002122229,0.008475052240116972,0.7607516844031499,35.03390654407593,26220.6640625,25913.134765625,26269.373046875,25913.134765625,0.00014482889334921367,0.0004488513577640685,-0.003617992349963517,-0.0002796541361004268
2026-08-24 12:50:00-04:00,26086.720703125,26087.4296875,26067.03515625,26067.48046875,77537000.0,26078.113832512146,26071.838109804805,26070.57847972143,26106.983855784576,26170.831608571305,48.24738973442034,-5.60643317996437,-15.420895336660994,9.814462156696624,26030.2802734375,26141.746919820976,25918.813627054024,0.0085643831117118,0.6668669351750339,33.988236880213364,26109.9609375,25913.134765625,26269.373046875,25913.134765625,-0.0006793393314561413,-0.00019454426563736416,0.0019967035922197063,0.0001916967576118811
2026-08-24 13:00:00-04:00,26067.208984375,26081.076171875,26053.583984375,26077.20703125,86624000.0,26077.811565424767,26072.814277340294,26071.209770343197,26106.00756645557,26169.284094896575,50.149134540771435,-4.607011148586025,-13.258118499046002,8.651107350459977,26037.1171875,26142.307690168796,25931.926684831204,0.008080042188333865,0.6905582858379676,33.524233353055266,26109.9609375,25913.134765625,26269.373046875,25913.134765625,0.0003731301347538185,-0.0007792280493359449,0.005271234015383763,-0.00180790375869333
2026-08-24 13:10:00-04:00,26076.8046875,26090.310546875,26059.767578125,26060.703125,97363000.0,26072.108751949847,26070.612249642058,26070.20913745337,26104.522174932434,26167.489368121423,46.993614933783554,-5.088037563906255,-11.624102312018053,6.536064748111798,26041.89365234375,26142.142708618707,25941.644596068796,0.00769906041498123,0.593813714338913,33.311285881408466,26109.9609375,25913.537109375,26269.373046875,25913.134765625,-0.0006328862684651382,-0.0014384498597959094,0.0036791318058315703,-0.0018905096237360475
2026-08-24 13:20:00-04:00,26058.779296875,26058.779296875,26027.462890625,26032.5703125,100265000.0,26058.929272133235,26063.695533798047,26066.62448745781,26102.16309747563,26165.25930108636,42.127481392488875,-7.651139740421058,-10.829509797698655,3.178370057277597,26046.89384765625,26133.938440003207,25959.849255309295,0.006683683118306906,0.41772300397962847,33.30621077380786,26109.9609375,25920.642578125,26269.373046875,25913.134765625,-0.0010795108775485396,-0.001873115361605282,0.003856305800335136,-0.0028569154290789545
2026-08-24 13:30:00-04:00,26032.3984375,26033.646484375,26020.673828125,26027.75,78709000.0,26048.53618142216,26057.1599821984,26062.92215531897,26099.723323787905,26162.98642007667,41.33764413256129,-9.95660210389542,-10.654928258938009,0.6983261550425883,26051.46689453125,26123.019139127002,25979.9146499355,0.005493145156503313,0.3342686895062126,31.8538140221073,26109.9609375,25920.642578125,26269.373046875,25913.134765625,-0.00018516467802198733,-0.0022024431207738893,0.003526369453995537,-0.003440790193459997
2026-08-24 13:40:00-04:00,26028.150390625,26031.443359375,26016.79296875,26021.9296875,81951000.0,26039.667350114778,26050.754474071415,26059.01811076478,26097.17271276207,26160.654903835733,40.35383084658416,-12.113708917404438,-10.946684390631296,-1.167024526773142,26054.39375,26115.291451538782,25993.496048461217,0.004674658878891221,0.23345412322889947,30.624998065171066,26109.9609375,25936.078125,26269.373046875,25913.134765625,-0.000223619502262018,-0.0017474178720343625,0.002254601712732951,-0.0016296769660731902
2026-08-24 13:50:00-04:00,26023.744140625,26032.04296875,26008.72265625,26013.626953125,95874000.0,26030.987217784856,26044.00401571752,26054.695143370514,26094.433507528065,26158.2246897744,38.93046646825323,-14.328028292173258,-11.622953170939688,-2.7050751212335697,26054.29755859375,26115.4459366817,25993.1491805058,0.00469391876333896,0.16744330151935782,30.103234810515993,26109.9609375,25961.818359375,26269.373046875,25913.134765625,-0.00031906682074345216,-0.002438147538147306,-7.394915991498774e-05,-0.0029581927423855126
2026-08-24 14:00:00-04:00,26012.619140625,26054.38671875,26012.619140625,26052.234375,96606000.0,26038.06960352324,26045.50044467797,26054.460784478084,26093.04992941239,26156.472783745074,48.09795067301277,-12.81981718787938,-11.862325974327629,-0.9574912135517515,26055.144921875,26115.68271134632,25994.60713240368,0.004646897160068736,0.47596090887678166,30.936402190121996,26109.9609375,25984.40625,26269.373046875,25913.134765625,0.0014841229923288068,-0.00032496245244728605,0.0006509344626699498,-0.0013480076626430915
2026-08-24 14:10:00-04:00,26051.669921875,26063.912109375,26043.08984375,26051.904296875,93708000.0,26042.681167973828,26046.664781441068,26054.217309468266,26091.700892280016,26154.74437900342,48.03156369206166,-11.51840654704938,-11.79354208887198,0.2751355418225998,26056.539453125,26115.40637481461,25997.672531435386,0.004518399060282916,0.4606302137349874,30.213963864041855,26109.9609375,25984.40625,26269.373046875,25913.134765625,-1.2669858571401349e-05,0.0007426844196678495,0.0010717264965989237,-0.0024223384342370036
2026-08-24 14:20:00-04:00,26050.716796875,26086.12109375,26050.716796875,26085.76953125,86423000.0,26057.04395573255,26053.77473595178,26057.22228297129,26091.506421426573,26153.604298875263,54.90819845772736,-7.666018755262485,-10.968037422150081,3.302018666887596,26060.455859375,26116.06806459654,26004.84365415346,0.0042679380223913975,0.7275909737274258,30.58470193625315,26109.9609375,25984.40625,26269.373046875,25913.134765625,0.0012999139713201213,0.002229141253085709,0.0030117582032185286,-0.0022965405029798935
2026-08-24 14:30:00-04:00,26085.029296875,26094.6328125,26050.705078125,26053.20703125,91325000.0,26055.764980905038,26053.671516915092,26056.83987804545,26090.250703715865,26151.944839906253,48.29131240541982,-7.157982522319799,-10.206026442184024,3.0480439198642255,26063.21416015625,26111.106445908485,26015.321874404017,0.0036750866917594906,0.39552462626213286,31.537775681877925,26109.9609375,25984.40625,26269.373046875,25913.134765625,-0.001248285965303464,0.0012019609662163866,0.002121929709697934,-0.004334377249285315
2026-08-24 14:40:00-04:00,26052.552734375,26056.388671875,26044.068359375,26049.390625,85015000.0,26053.64019560336,26052.89317293053,26056.130425374457,26088.91102900387,26150.249728916067,47.56779165364051,-6.982818650103582,-9.561384883767936,2.578566233664354,26062.9482421875,26111.08490811835,26014.81157625665,0.0036938772608183846,0.35917577666289163,30.165099740315217,26109.9609375,25984.40625,26269.373046875,25913.134765625,-0.00014648508513448455,0.001374805287222891,-0.0002041227702136439,-0.003938156925829883
2026-08-24 14:50:00-04:00,26049.0859375,26052.125,26030.162109375,26030.33984375,90858000.0,26045.87341165224,26048.792567624976,26053.674179505462,26086.990662274235,26148.267747343078,44.022140424383174,-8.285726158763282,-9.306253138767005,1.0205269800037229,26060.87431640625,26110.84290322138,26010.905729591123,0.0038347590497891477,0.19446331583059423,29.579227660649845,26109.9609375,26008.72265625,26269.373046875,25913.134765625,-0.0007313330866065559,-0.000840408962043182,-0.0015909329780247061,-0.005476265399967706
2026-08-24 15:00:00-04:00,26028.478515625,26035.07421875,26022.611328125,26022.611328125,94142000.0,26038.119383809826,26044.03234226134,26050.715812707323,26084.879864433275,26146.190781736168,42.633771886304764,-9.828618175135489,-9.410726146040702,-0.4178920290947872,26057.759375,26109.094695817996,26006.424054182007,0.003940117803624028,0.15766214844924809,28.356632158103427,26109.9609375,26008.72265625,26269.373046875,25913.134765625,-0.00029690413845506747,-0.0011244079671178797,-0.0023883090933350948,-0.008015199798142136
2026-08-24 15:10:00-04:00,26022.791015625,26037.42578125,26022.55859375,26033.53125,95309000.0,26036.59000587322,26042.123052759278,26049.079187687577,26083.196303304314,26144.32864071574,45.260658357705026,-10.054324782831827,-9.539445873398927,-0.5148789094329,26055.76103515625,26107.599254306668,26003.922816005834,0.003979021689711788,0.28558498420106404,27.393100396810325,26109.9609375,26008.72265625,26269.373046875,25913.134765625,0.0004196320552656285,-0.0020025585669389834,-0.0015328513574645042,-0.007363691282604834
2026-08-24 15:20:00-04:00,26033.337890625,26040.55859375,26027.5859375,26035.154296875,104473000.0,26036.11143620715,26040.856006234862,26047.75300761019,26081.62115555253,26142.524106106805,45.658957334205,-9.987107419547101,-9.628978182628561,-0.3581292369185398,26053.89111328125,26105.86947256085,26001.91275400165,0.0039900649813574,0.3197632950911241,26.36306867203816,26109.9609375,26008.72265625,26269.373046875,25913.134765625,6.234447641451091e-05,-0.0006929179334178581,-0.001434398767202083,-0.007697158976455509
2026-08-24 15:30:00-04:00,26035.134765625,26045.1171875,26009.484375,26013.37109375,129135000.0,26028.53132205477,26035.85874941943,26044.478539623506,26079.383448608183,26140.389345571984,41.3140297702988,-11.558322470595158,-10.01484704022188,-1.5434754303732774,26049.68251953125,26100.458284295335,25998.906754767162,0.003898378778782919,0.14243349213982215,27.025193231178292,26109.9609375,26008.72265625,26239.435546875,25913.134765625,-0.0008366842338097813,-0.0013827398793517798,-0.003225279678657489,-0.00703996600382828
2026-08-24 15:40:00-04:00,26012.130859375,26015.80859375,25998.0234375,26006.423828125,158029000.0,26021.162157411512,26030.506945547713,26040.854281385553,26076.991329903816,26138.17503949848,40.00646393647172,-13.211810466764291,-10.654239725530363,-2.5575707412339277,26045.09150390625,26094.04541342619,25996.13759438631,0.0037591658691310532,0.10506039088155705,26.365190589665556,26109.9609375,26008.72265625,26230.013671875,25913.134765625,-0.00026706517967101107,-0.000918774621021412,-0.003518256324266278,-0.007167328304631293
2026-08-24 15:50:00-04:00,26015.896484375,26015.896484375,25979.658203125,25979.658203125,280079000.0,26007.327505982677,26021.261719652673,26035.026083455978,26073.800079845492,26135.554926500572,35.36279965235809,-16.491865900039556,-11.821764960432201,-4.670100939607355,26040.00322265625,26093.717453978756,25986.288991333746,0.0041255164880909505,-0.06172282508274174,27.070411351118015,26100.9140625,25998.0234375,26230.013671875,25913.134765625,-0.0010291928323898913,-0.001650607790985914,-0.0039018431536034237,-0.008582712771369128
2026-08-25 09:30:00-04:00,26153.525390625,26182.603515625,26134.095703125,26150.294921875,118295000.0,26054.98331128012,26044.722301874914,26046.004068067312,26076.308107453016,26135.798562787753,64.02873600108035,-5.2617224685564,-10.509756462057041,5.248033993500641,26043.25791015625,26113.022711770485,25973.493108542018,0.0053576093939481555,1.2671276148007433,39.63290429032387,26094.6328125,25979.658203125,26223.923828125,25913.134765625,0.006568089441972624,0.004485126153410235,0.002495428330074878,-0.002271630661052404
2026-08-25 09:40:00-04:00,26154.888671875,26225.828125,26154.888671875,26218.533203125,220283000.0,26109.499941895083,26076.32428392038,26062.435414263284,26080.9712253439,26137.166077504073,69.79732141304717,9.04029521956545,-6.599746125732542,15.640041345297993,26050.810546875,26154.08637877552,25947.53471497448,0.007928799890098434,1.3120130971763075,42.19721134994359,26182.603515625,25979.658203125,26223.923828125,25913.134765625,0.0026094650731038893,0.007043511406114922,0.005794681022436521,0.0007646698522816298
2026-08-25 09:50:00-04:00,26215.912109375,26218.705078125,26149.41015625,26160.7109375,167301000.0,26126.57027376339,26091.667311843947,26071.794987904876,26083.585642135902,26137.555248743676,60.88706187466685,15.529954039669974,-2.1738060926520393,17.703760132322014,26054.9857421875,26168.442486039898,25941.5289983351,0.008709023675932636,0.9659273293178766,44.13276210173334,26225.828125,25979.658203125,26225.828125,25913.134765625,-0.0022053966626214283,0.005664004223789432,0.0032021798250836397,-0.0018187320683861197
2026-08-25 10:00:00-04:00,26142.935546875,26163.03125,26111.79296875,26121.30859375,167442000.0,26124.816380425596,26097.056635826862,26076.510569413935,26084.822460221607,26137.286708991716,55.671554313794594,17.29425812618865,1.719806751116099,15.574451375072552,26058.016015625,26175.101065617713,25940.930965632284,0.008986489986229779,0.7702846269824358,44.64029918375239,26225.828125,25979.658203125,26225.828125,25913.134765625,-0.001506164868536497,0.004417553385435369,0.0023255500229333315,-0.003424795591618013
2026-08-25 10:10:00-04:00,26122.869140625,26139.109375,26109.517578125,26115.01953125,155674000.0,26121.55076403373,26100.32261681289,26080.178089588797,26085.812528124177,26136.91865646706,54.863751061075945,17.977770494529977,4.971399499798875,13.006370994731103,26062.1384765625,26181.139794169867,25943.137158955135,0.00913212227111626,0.7221868452834085,43.56540616169865,26225.828125,25979.658203125,26225.828125,25913.134765625,-0.0002407636844620198,0.0052102813311345475,0.003167156287691375,-0.0033467282468441217
2026-08-25 10:20:00-04:00,26116.638671875,26122.8125,26087.7421875,26087.7421875,162196000.0,26110.28123852249,26098.035266028728,26080.898479866053,26085.875795644693,26136.10582226926,51.38135131739559,16.132440563804266,7.203607712599954,8.928832851204312,26065.1380859375,26183.54382695277,25946.732344922228,0.009085372241258329,0.5954518816768614,42.9586137572916,26225.828125,25979.658203125,26225.828125,25913.134765625,-0.0010445078824221632,-0.002392046994570407,0.0023049317555301485,-0.00401639366876827
2026-08-25 10:30:00-04:00,26084.4296875,26122.51953125,26035.716796875,26117.916015625,191879000.0,26112.826164223326,26101.6499477735,26084.423959462143,26086.92629466044,26135.8051643082,54.799195857103435,16.90985279826782,9.144856729733528,7.764996068534293,26069.93740234375,26188.72921429567,25951.14559039183,0.009113317774306608,0.7019441091641502,46.09033665855649,26225.828125,25979.658203125,26225.828125,25913.134765625,0.0011566285770585605,-0.0038376360233610685,0.0036886706434806626,-0.0024634110025545386
2026-08-25 10:40:00-04:00,26120.09375,26120.71875,26076.10546875,26091.673828125,157926000.0,26105.775385523888,26099.83610783741,26085.11442314432,26087.081951495344,26135.075720734927,51.413990353344445,15.232837707913859,10.362452925369595,4.870384782544264,26073.83974609375,26190.076154085193,25957.603338102304,0.008915940967908886,0.5767146986878852,45.98483270080245,26225.828125,25979.658203125,26225.828125,25913.134765625,-0.0010047580934213762,-0.0026389615152254686,0.003000230423102268,-0.0035390604609759624
2026-08-25 10:50:00-04:00,26086.841796875,26113.8203125,26080.638671875,26094.509765625,154807000.0,26102.02017889093,26098.86768198061,26086.00921766629,26087.325486384838,26134.40520908022,51.76080086033576,13.971572036458383,11.084276747587353,2.88729528887103,26075.953515625,26192.078973581873,25959.828057668125,0.008906708465122119,0.5798974244170162,45.070318981102275,26225.828125,25979.658203125,26225.828125,25913.134765625,0.00010869128284674012,-0.0010259374268642985,0.001622716501643584,-0.0028457624940310122
2026-08-25 11:00:00-04:00,26095.876953125,26095.876953125,26066.48046875,26079.279296875,170680000.0,26094.43988488562,26095.30615741595,26085.368272829026,26087.06167689271,26133.49403697766,49.70862732480833,11.609214564108697,11.189264310891623,0.419950253217074,26077.322265625,26192.925757177512,25961.718774072488,0.00886620875985418,0.5084644123794091,43.95075936638068,26225.828125,25979.658203125,26225.828125,25913.134765625,-0.0005836656402743445,-0.0013685700802265055,0.0010507869093963063,-0.0032866496708386927
2026-08-25 11:10:00-04:00,26078.54296875,26093.302734375,26069.189453125,26091.111328125,150464000.0,26093.330365965416,26094.54346118123,26085.91523047626,26087.19445234295,26132.79349633547,51.323229646247285,10.569931691876263,11.065397787088553,-0.49546609521229,26077.58935546875,26193.294317768607,25961.884393168893,0.008873900169425897,0.5584329850141041,42.53379664378206,26225.828125,25979.658203125,26225.828125,25913.134765625,0.00045369471737721767,0.00012914650109552284,0.0002047781978828933,-0.0027963343684348496
2026-08-25 11:20:00-04:00,26091.76953125,26126.8984375,26082.837890625,26126.8984375,130801000.0,26104.51972314361,26100.42618414828,26089.81839304995,26088.496222348094,26132.696057346457,55.93163830756574,12.490035811159032,11.350325391902649,1.1397104192563834,26081.27392578125,26198.323964801115,25964.223886761385,0.008975791547065603,0.6948931931197687,42.6428502317262,26225.828125,25979.658203125,26225.828125,25913.134765625,0.0013716207379952383,0.00034391801664512833,0.0028284965517531013,-0.0008808131295157118
2026-08-25 11:30:00-04:00,26125.552734375,26140.4609375,26117.017578125,26127.435546875,129156000.0,26112.158331054074,26105.33697737132,26093.400979128528,26089.77292151291,26132.609106760152,55.99896896843224,13.894900631836208,11.859240439889362,2.035660191946846,26085.176171875,26202.91601905898,25967.436324691018,0.009027337703850936,0.6794608028239023,41.27145802767433,26225.828125,25979.658203125,26225.828125,25913.134765625,2.0557716649216573e-05,0.0013706180364501108,0.0029960363756109665,-0.0008535572041296069
2026-08-25 11:40:00-04:00,26126.0625,26128.875,26089.05078125,26091.728515625,110290000.0,26105.34839257772,26102.862711599264,26093.241696890098,26089.837039352653,26131.933394509986,50.47744421389396,11.988807606649061,11.885153873241302,0.10365373340775896,26088.24560546875,26203.276766420204,25973.214444517296,0.00881861990193318,0.5151389855037622,41.168083793554736,26225.828125,25979.658203125,26225.828125,25913.134765625,-0.0013666489076563648,-0.0001065837229738964,0.0023583507646651736,-0.0028981636827675183
2026-08-25 11:50:00-04:00,26091.486328125,26133.58984375,26090.841796875,26125.875,103488000.0,26112.190595051816,26107.04676403576,26096.349630519613,26091.018611832893,26131.833255757756,55.04261444179289,13.082741367754352,12.124671372143913,0.9580699956104386,26093.4087890625,26205.422880696635,25981.394697428368,0.008585623483665806,0.6449202080910564,41.28093829937225,26225.828125,25979.658203125,26225.828125,25913.134765625,0.001308709170208866,0.0017866944325637402,0.00396822865211055,-0.002318770405034143
2026-08-25 12:00:00-04:00,26126.712890625,26143.017578125,26125.53515625,26126.96875,116624000.0,26117.11664670121,26110.668943301986,26099.265737136793,26092.19730488755,26131.75285070391,55.185120364197736,13.877971620840981,12.475331421883327,1.4026401989576538,26098.0806640625,26207.479207559878,25988.682120565125,0.008383646667781219,0.6320314010313643,39.581044269059944,26225.828125,25979.658203125,26225.828125,25913.134765625,4.186462654365286e-05,0.0013743156212877583,0.0035891212414758122,-0.002201540250220013
2026-08-25 12:10:00-04:00,26126.58203125,26138.705078125,26121.716796875,26135.326171875,148747000.0,26123.18648842581,26115.152075769805,26102.700064254717,26093.611366100256,26131.811913863767,56.32434721832925,15.009550668175507,12.982175271141765,2.027375397033742,26103.0892578125,26209.640641223963,25996.537874401034,0.008163890668961667,0.6512740286909916,37.96727548198423,26225.828125,25979.658203125,26225.828125,25913.134765625,0.00031987721021020654,0.00032256926305884726,0.003847562179111863,-0.0017332958037068469
2026-08-25 12:20:00-04:00,26135.951171875,26146.2578125,26130.408203125,26143.56640625,101656000.0,26129.97979436721,26120.318317675294,26106.592096825698,26095.249236269097,26132.00620299412,57.47226852962383,16.382407072294882,13.662221631372388,2.720185440922494,26109.5990234375,26209.10530077469,26010.09274610031,0.007622198812618108,0.6706795979182223,36.38744218862822,26225.828125,25979.658203125,26225.828125,25913.134765625,0.0003152910478640969,0.0006173916053131556,0.005004938115509505,-0.0017813632578297378
2026-08-25 12:30:00-04:00,26143.84765625,26149.982421875,26131.263671875,26146.689453125,84614000.0,26135.549680619806,26125.113069575236,26110.410892663727,26096.935800756175,26132.248901343388,57.923640403666866,17.52044466586449,14.43386623827081,3.086578427593679,26116.6123046875,26205.21744327024,26028.00716610476,0.006785347008182848,0.6697257569853768,35.125392746583344,26225.828125,25979.658203125,26225.828125,25913.134765625,0.00011945756850728628,0.002106450612004762,0.0053934991572470725,-0.002202486387255287
2026-08-25 12:40:00-04:00,26146.9765625,26147.71484375,26125.05078125,26133.5546875,85217000.0,26134.884682913205,26126.64790919792,26112.615063600515,26098.13641999368,26132.270484585646,55.26686048740285,17.164618802809855,14.980016751178619,2.184602051631236,26124.30712890625,26186.9182539908,26061.6960038217,0.004793323304277893,0.5738491648350206,34.235297728970245,26225.828125,25979.658203125,26225.828125,25913.134765625,-0.0005023490889179971,0.0002939494849454327,0.005923730141934147,-0.003318601539285315
2026-08-25 12:50:00-04:00,26133.83203125,26144.56640625,26124.650390625,26142.056640625,79978000.0,26137.275335483806,26129.449496730114,26115.419023317132,26099.576427227494,26132.432239230926,56.652792472545364,17.368448147393792,15.457703030421655,1.9107451169721372,26123.89521484375,26185.92271074796,26061.86771893954,0.004748717248641116,0.6463981861310141,33.21249186440094,26225.828125,26035.716796875,26225.828125,25913.134765625,0.00032532708338628424,0.0005774833953899883,-0.00031503588294556906,-0.0014462718512122663
2026-08-25 13:00:00-04:00,26141.9921875,26142.91015625,26105.134765625,26107.943359375,78940000.0,26127.498010114206,26125.539289938275,26114.707055322644,26099.850752871673,26132.027464357277,49.96384395062687,14.608925076656305,15.287947439668587,-0.6790223630122814,26118.36572265625,26162.916050221083,26073.815395091417,0.003411417700318704,0.38302708587178746,33.53841320444373,26225.828125,26035.716796875,26225.828125,25913.134765625,-0.001304919567689522,-0.001047731806365082,-0.0042180026965360495,0.003552039293829301
2026-08-25 13:10:00-04:00,26108.51953125,26128.7578125,26101.466796875,26128.7578125,74332000.0,26127.917944242807,26126.12447585859,26116.04522267287,26100.798525318503,26131.973420524926,53.56627941271509,13.940834315231768,15.018524814781223,-1.0776904995494547,26116.76806640625,26157.23406851163,26076.30206430087,0.0030988522011978774,0.6481459184246463,33.09217052019775,26218.705078125,26035.716796875,26225.828125,25913.134765625,0.0007972459890268624,-0.0005664335737476378,-0.0012214165385772136,0.007258506556478528
2026-08-25 13:20:00-04:00,26127.654296875,26127.654296875,26097.3984375,26101.52734375,79397000.0,26119.121077411874,26121.652270020662,26114.662567537358,26100.82242100478,26131.4701795865,48.633181369441694,11.086300350409147,14.23207992190681,-3.1457795714976626,26115.77900390625,26156.71696911682,26074.84103869568,0.0031351134656521307,0.32593589980665105,32.9683994116122,26163.03125,26035.716796875,26225.828125,25913.537109375,-0.0010421646886318303,-0.0017272591796358983,-0.0007572840360966504,0.005251400068706724
2026-08-25 13:30:00-04:00,26102.287109375,26111.306640625,26097.759765625,26108.9296875,85411000.0,26115.723947441253,26119.339073198724,26114.11657896237,26101.088233021015,26131.09760946937,49.98169714496107,9.314002866853116,13.248464510896072,-3.9344616440429565,26115.47451171875,26156.520990263398,26074.4280331741,0.003143460290275835,0.4202754480919812,31.58114766792561,26149.982421875,26035.716796875,26225.828125,25920.642578125,0.00028359810721090284,-0.0009422751820202802,-0.0002331931531858178,0.006800841786622991
2026-08-25 13:40:00-04:00,26108.375,26109.263671875,26101.609375,26105.490234375,71177000.0,26112.312709752503,26116.8211025035,26113.295022335,26101.23256093426,26130.67434707112,49.333628144699084,7.544935895497474,12.107758787816355,-4.562822892318881,26116.3619140625,26155.70380352829,26077.020024596713,0.003012815459920864,0.3618307377311459,29.87208689700235,26149.982421875,26035.716796875,26225.828125,25920.642578125,-0.00013173474233407756,-0.001398757823559138,0.0006803213075106118,0.006523723246115498
2026-08-25 13:50:00-04:00,26105.619140625,26112.017578125,26100.07421875,26109.013671875,74797000.0,26111.213030460007,26115.401569661954,26112.887274672146,26101.487679325757,26130.316319381927,50.048163252030996,6.354004525972414,10.957007935447567,-4.6030034094751535,26115.916796875,26155.37953925071,26076.454054499292,0.0030221219253103453,0.412536172292856,28.59146350257361,26149.982421875,26035.716796875,26225.828125,25936.078125,0.00013496921407596396,4.099566500759266e-05,-0.00034085199388322884,0.0056087082345583905
2026-08-25 14:00:00-04:00,26108.71484375,26108.71484375,26088.4765625,26093.166015625,84731000.0,26105.197358848338,26111.358741655233,26111.009059524797,26101.214837892945,26129.702264774376,46.84795971556591,4.0843278316024225,9.582471914678537,-5.498144083076115,26115.99140625,26155.275767926254,26076.707044573744,0.0030084526423035476,0.20948502596141255,28.016152493461213,26149.982421875,26066.48046875,26225.828125,25961.818359375,-0.0006069802731411,-0.0013621694965526565,5.719017912886315e-05,0.0029834169196578664
2026-08-25 14:10:00-04:00,26093.5234375,26100.623046875,26083.283203125,26088.490234375,86993000.0,26099.628317357226,26107.200831240643,26108.86440951053,26100.797637777603,26129.021074189266,45.91509478171123,1.886549263861525,8.043287384515136,-6.1567381206536105,26115.6904296875,26155.713790851416,26075.667068523584,0.0030650816046141117,0.16019601400915087,27.253559011785413,26149.982421875,26066.48046875,26225.828125,25979.658203125,-0.0001791956272074735,-0.0004994768774755354,-0.00023068190604325078,0.0020435006065611105
2026-08-25 14:20:00-04:00,26089.435546875,26099.138671875,26083.1484375,26093.271484375,80109000.0,26097.509373029818,26104.668222719614,26107.379369021433,26100.55087864965,26128.430171878288,47.07562322791214,0.5245540980940859,6.539540727230927,-6.014986629136841,26116.3900390625,26154.275119621925,26078.504958503072,0.0029012494071930725,0.194885765766886,26.449035823443598,26149.982421875,26066.48046875,26225.828125,25979.658203125,0.0001832704751039138,-0.0005997259677977818,0.0005365250834088453,0.0026613040314702463
2026-08-25 14:30:00-04:00,26094.0,26115.83203125,26094.0,26113.720703125,75052000.0,26102.913149728214,26106.314128247865,26107.983305602724,26100.982676173433,26128.18704016336,51.83580936660068,1.0827627534235944,5.448185132469461,-4.365422379045866,26117.5205078125,26153.628538998826,26081.412476626174,0.00276504281296727,0.447382831981449,26.171286612840486,26149.982421875,26069.189453125,26225.828125,25979.658203125,0.0007836970064196702,0.00031527731048552887,0.0008665546942658864,0.0040864956769435246
2026-08-25 14:40:00-04:00,26113.591796875,26136.498046875,26109.580078125,26133.609375,79524000.0,26113.14522481881,26111.276900384615,26110.42388364056,26102.05240400381,26128.276665532565,55.98254943730578,3.0943272596960014,4.977413557914769,-1.8830862982187675,26117.8560546875,26154.428185685872,26081.28392368913,0.0028005461797318706,0.715373289475533,26.224621051209024,26149.982421875,26082.837890625,26225.828125,25979.658203125,0.0007616176990290491,0.0009420387699858868,0.00025685932511487763,0.005214560562217807
2026-08-25 14:50:00-04:00,26134.025390625,26134.421875,26120.80078125,26124.677734375,79795000.0,26116.989394670876,26113.71341565559,26111.78139323432,26102.79421811434,26128.217179067153,53.74471253055548,3.922580800113792,4.766447006354574,-0.843866206240782,26117.7181640625,26154.165364765733,26081.270963359264,0.002790994257177125,0.5954746891149286,25.324369101122667,26149.982421875,26083.1484375,26225.828125,25979.658203125,-0.00034176835265409267,0.0012076617582983395,-0.00010555236066134288,0.0026854550569710423
2026-08-25 15:00:00-04:00,26124.078125,26132.548828125,26108.896484375,26114.400390625,87802000.0,26116.12639332225,26113.838320195482,26112.03082155724,26103.17474836059,26127.98880239869,51.20812997190804,3.7069505306353676,4.554547711210733,-0.8475971805753657,26118.8517578125,26153.353460073078,26084.35005555192,0.0026419003852463747,0.43549061501546066,25.20493871889962,26149.982421875,26083.1484375,26225.828125,25979.658203125,-0.0003933960010721327,0.0009931642658209672,0.0008689295914765527,0.0016332589719307844
2026-08-25 15:10:00-04:00,26113.763671875,26113.8515625,26092.115234375,26096.111328125,91838000.0,26109.45470492317,26110.615230728123,26110.5146793256,26102.943160811883,26127.461901997474,46.960548989437065,2.0368084331239515,4.0509998555933775,-2.014191422469426,26117.36357421875,26153.071681695234,26081.655466742268,0.002734434306511045,0.202417075621449,24.996382828263933,26149.982421875,26083.1484375,26225.828125,25979.658203125,-0.0007003439568371572,0.00010883433116859464,-0.0011392411498178934,0.00042941194000301053
2026-08-25 15:20:00-04:00,26095.6875,26100.921875,26087.416015625,26099.876953125,96027000.0,26106.26212099045,26108.662816618464,26109.50156254459,26102.842629412313,26127.005952429336,47.91844204822283,1.0054727905371692,3.4418944425821363,-2.436421652044967,26116.008984375,26152.208898574758,26079.80907017524,0.0027722393740495814,0.2771813606935718,24.175631153030793,26149.982421875,26083.1484375,26225.828125,25979.658203125,0.0001442983191117797,-0.0005301331877362037,-0.0010369284372110377,0.0010117133574703008
2026-08-25 15:30:00-04:00,26100.34375,26114.953125,26091.908203125,26110.353515625,120159000.0,26107.625919201968,26108.970216437832,26109.5827009332,26103.08888797666,26126.730705540012,50.59195386990374,1.0217250900350336,2.9578605720727156,-1.936135482037682,26114.7603515625,26149.916625131274,26079.60407799373,0.0026924446631324,0.4373250420173122,24.09486620460002,26149.982421875,26083.1484375,26225.828125,25979.658203125,0.00040140275445810225,-0.0008898831784501793,-0.0009555134719104741,0.0014498304648229432
2026-08-25 15:40:00-04:00,26110.146484375,26126.5390625,26109.072265625,26120.6796875,150270000.0,26111.977175301312,26111.099211176406,26110.639556796705,26103.665635502017,26126.630688712907,53.14500360419779,1.846554988900607,2.735599455438294,-0.8890444665376869,26113.616015625,26146.353998191844,26080.878033058158,0.0025073496177055263,0.6078819053766821,23.62143268105716,26149.982421875,26083.1484375,26225.828125,25979.658203125,0.00039548188686233665,-0.00015303717487546997,-0.0008754245076727507,0.0008865477787585174
2026-08-25 15:50:00-04:00,26115.544921875,26161.87890625,26112.2890625,26145.466796875,289085000.0,26123.140382492544,26117.347863121606,26113.95643680416,26105.0361653831,26126.94202934369,58.6662555177333,4.449065144835913,3.078292593317818,1.3707725515180953,26113.5548828125,26146.049260069154,26081.060505555844,0.002488698103531059,0.9910374771986925,25.47631918598165,26149.982421875,26083.1484375,26225.828125,25979.658203125,0.0009489458035374376,0.0011896274004112861,-4.6761417050178444e-05,0.001809418901729476
2026-08-26 09:30:00-04:00,26099.66796875,26137.9609375,26076.359375,26093.28515625,121742000.0,26113.1886404117,26112.972825508587,26111.98774341805,26104.650886395128,26126.38571739173,46.29773107516971,2.2747292325911985,2.917579921172494,-0.6428506885812957,26111.54140625,26143.81898557842,26079.26382692158,0.0024722844834195864,0.2171992079355813,28.592826520911537,26161.87890625,26083.1484375,26225.828125,25979.658203125,-0.0019958198119162107,-0.00010829858286032223,-0.0015409128888715928,0.0004547806976784585
2026-08-26 09:40:00-04:00,26093.044921875,26169.318359375,26089.361328125,26147.224609375,191378000.0,26124.533963399466,26119.200422575203,26115.34363541395,26106.04674616496,26126.730161887324,56.5056242608446,4.848129217501992,3.3036897804383942,1.5444394370635974,26111.7998046875,26145.116427258705,26078.483182116295,0.002551844209928716,1.0316385928944263,32.261698287274996,26161.87890625,26076.359375,26225.828125,25979.658203125,0.0020671775440310736,0.0018140949988014743,0.00019768791801832997,0.0023777250975114406
2026-08-26 09:50:00-04:00,26141.388671875,26178.376953125,26126.576171875,26178.376953125,147897000.0,26142.48162664131,26129.959791766072,26121.346808529288,26108.41822836037,26127.583827858198,61.10412157155794,9.294163701775688,4.501784564705853,4.792379137069834,26115.321484375,26159.411362272218,26071.23160647778,0.003376552566936463,1.2150787409413357,33.657347070326786,26169.318359375,26076.359375,26225.828125,25979.658203125,0.0011914206656882254,0.0026052285144011478,0.002697784072091869,0.00425420801630394
2026-08-26 10:00:00-04:00,26173.35546875,26178.328125,26138.03125,26139.728515625,141614000.0,26141.56392296921,26131.735923376786,26123.097447300308,26109.44479515593,26127.784566498973,53.54108957851065,9.588541417924716,5.519135935349626,4.069405482575091,26115.87001953125,26160.878323453,26070.8617156095,0.00344681635251588,0.7650454917744868,34.13508678851773,26178.376953125,26076.359375,26225.828125,25979.658203125,-0.0014763496441816404,0.0007292623451187197,0.0004198708259965933,0.0023975529396256245
2026-08-26 10:10:00-04:00,26139.97265625,26139.97265625,26094.4765625,26100.818359375,135825000.0,26127.982068437806,26126.11454810373,26120.97562940266,26109.1619611959,26127.338844067173,47.206185303919796,6.6059640141320415,5.736501551106109,0.8694624630259327,26115.8345703125,26160.88909750237,26070.78004312263,0.0034503608964567634,0.33335513793963767,34.94658728576646,26178.376953125,26076.359375,26225.828125,25979.658203125,-0.0014885447730162982,-0.001707693262731791,-2.7162562775129295e-05,0.0015392997718668422
2026-08-26 10:20:00-04:00,26100.982421875,26104.755859375,26034.166015625,26051.5078125,130556000.0,26102.490649791875,26112.54968708487,26114.3596468405,26107.271661238654,26126.085438586728,40.64318904495589,0.2603003258154786,4.641261306047983,-4.380960980232504,26112.9634765625,26166.019942481555,26059.90701064345,0.004063611237895201,-0.07915338873364404,37.49253417606886,26178.376953125,26076.359375,26225.828125,25979.658203125,-0.001889233747235708,-0.0016010764263615362,-0.0021993193779785702,0.0007274540997170842
2026-08-26 10:30:00-04:00,26049.955078125,26082.7578125,26046.7109375,26069.86328125,112472000.0,26091.614860277918,26104.78852238762,26110.121897736644,26106.04515697673,26125.156146729925,43.77669117852732,-3.2500859721621964,3.062991850405947,-6.313077822568143,26111.18212890625,26167.419583288236,26054.944674524264,0.004307537981570635,0.13263942055772313,37.38927280634965,26178.376953125,26034.166015625,26225.828125,25979.658203125,0.0007045837378054642,-0.0029586822035889693,-0.0013647302848994736,0.0016180146670381479
2026-08-26 10:40:00-04:00,26070.142578125,26087.39453125,26063.091796875,26086.49609375,124205000.0,26089.908604768614,26101.46262627169,26107.87182116649,26105.40420408405,26124.517137589763,46.531203620728704,-4.636516564914928,1.5230901673417723,-6.1596067322567,26110.05625,26167.31461608992,26052.797883910083,0.004385924376545005,0.2942645078886572,36.45452006125325,26178.376953125,26034.166015625,26225.828125,25979.658203125,0.0006380091955435763,-0.003509799692300364,-0.000862444610431834,0.002481230524614686
2026-08-26 10:50:00-04:00,26086.666015625,26112.533203125,26086.666015625,26105.630859375,122016000.0,26095.14935630408,26102.220486835926,26107.658396233965,26105.411635405064,26124.204967701917,49.59090722184377,-4.143493514337024,0.389773431006013,-4.533266945343037,26110.6794921875,26167.45825209804,26053.90073227696,0.004349083288125698,0.4555411845868478,35.71041929794945,26178.376953125,26034.166015625,26225.828125,25979.658203125,0.0007335122952594197,-0.0013044380407247758,0.000477705301937581,0.003536758115882277
2026-08-26 11:00:00-04:00,26105.697265625,26125.90625,26104.6875,26118.314453125,133691000.0,26102.871055244388,26105.146662524847,26108.673258795014,26105.834678608993,26124.107603824614,51.5692607749394,-2.698205941786,-0.22782244355238956,-2.4703834982336104,26112.170703125,26168.10028948131,26056.24111676869,0.004283794479760801,0.5549239713741081,34.67530006238163,26178.376953125,26034.166015625,26225.828125,25979.658203125,0.0004858566268068909,0.0006703274015817939,0.0011431945076953998,0.002536445710330737
2026-08-26 11:10:00-04:00,26119.01953125,26120.017578125,26082.0234375,26088.70703125,146687000.0,26098.149713912928,26102.157638656692,26106.771713314534,26105.2731164005,26123.52247039363,46.938355983386955,-3.89695496252898,-0.9616489473477077,-2.9353060151812724,26111.94248046875,26168.214880216445,26055.67008072106,0.0043100891318050335,0.29354488769866327,34.912360102568655,26178.376953125,26034.166015625,26225.828125,25979.658203125,-0.001133588537198138,0.0014279103926626568,-0.00017492835759336245,0.001412669644246023
2026-08-26 11:20:00-04:00,26089.76171875,26107.55859375,26088.7421875,26102.681640625,135942000.0,26099.660356150285,26102.252911741838,26106.382182582198,26105.188149981634,26123.17799386853,49.254656537561665,-3.6769523937327904,-1.5047096366247243,-2.172242757108066,26111.39052734375,26167.798723380445,26054.982331307052,0.0043205815467871125,0.42280477545246314,33.765160273813756,26178.376953125,26034.166015625,26225.828125,25979.658203125,0.0005356574152279858,0.0012588619672049273,-0.0004227303579408259,0.0006483270257655604
2026-08-26 11:30:00-04:00,26100.43359375,26101.845703125,26071.4765625,26087.2265625,118995000.0,26095.515758266858,26099.520848243323,26104.557837812463,26104.599245474037,26122.583755333515,46.820404288808334,-4.6955668424707255,-2.1428810777939247,-2.552685764676801,26109.07138671875,26165.448819511665,26052.69395392584,0.004318608805182663,0.30626269114636395,33.5822972631842,26178.376953125,26034.166015625,26225.828125,25979.658203125,-0.000592087753196413,2.8001796307686178e-05,-0.0017748337718850316,0.0013057713474273758
2026-08-26 11:40:00-04:00,26087.4453125,26121.62109375,26087.01953125,26121.62109375,114919000.0,26104.21753676124,26103.53907469908,26106.182909806514,26105.157338860135,26122.567843571804,52.452254412957295,-2.696392571906472,-2.253583376616434,-0.4428091952900379,26108.9185546875,26165.142294421537,26052.694814953466,0.004306860861836938,0.6129641955745685,33.65510192295676,26178.376953125,26034.166015625,26225.828125,25979.658203125,0.0013184433833008935,0.0006125205118059363,-0.00011700204136788628,0.0027728275793399426
2026-08-26 11:50:00-04:00,26122.92578125,26122.92578125,26062.9921875,26063.185546875,148204000.0,26090.540206799164,26096.202069640156,26102.087922860654,26103.78121453275,26121.586318006568,43.93845784890832,-5.760884930336033,-2.955043687360354,-2.805841242975679,26106.3578125,26165.91594211421,26046.799682885787,0.004562729894531265,0.13756194238597483,35.53213705345985,26178.376953125,26034.166015625,26225.828125,25979.658203125,-0.002237056676738236,-0.0021107375190286826,-0.001961172494252872,0.0012618238302750662
2026-08-26 12:00:00-04:00,26062.90625,26072.734375,26041.982421875,26061.98828125,118188000.0,26081.022898282776,26089.981380841942,26098.268909373925,26102.41095442512,26120.601226489933,43.78165664804476,-8.19169774043985,-4.002374497976254,-4.189323242463596,26104.65166015625,26167.167737705324,26042.135582607178,0.004789650393572722,0.15878074425925584,35.19069534428415,26178.376953125,26034.166015625,26225.828125,25979.658203125,-4.593704107458407e-05,-0.0010241500265995018,-0.001307591251659912,0.0015131822332696832
2026-08-26 12:10:00-04:00,26060.890625,26066.05078125,26047.375,26054.36328125,105287000.0,26072.136359271855,26083.505362734315,26094.08742098117,26100.83562087839,26119.506384419852,42.73566302109917,-10.61109013877649,-5.324117626136301,-5.2869725126401885,26102.3759765625,26168.623766367164,26036.128186757836,0.005075996902668781,0.13762794612417345,34.01105862326386,26178.376953125,26034.166015625,26225.828125,25979.658203125,-0.00029257169168039887,-0.0018510879472168895,-0.0017438270669528633,0.0008001999824744921
2026-08-26 12:20:00-04:00,26054.3359375,26060.619140625,26047.513671875,26049.744140625,91832000.0,26064.672286389574,26077.366958714436,26089.864251423438,26099.16049037828,26118.353289481096,42.07979496055126,-12.75417984386877,-6.810130069682795,-5.944049774185975,26099.3455078125,26169.297837977796,26029.393177647205,0.005360466234247595,0.14546308128482519,32.51780220374501,26178.376953125,26034.166015625,26225.828125,25979.658203125,-0.00017728856296117534,-0.001436811298633045,-0.0023212774566123695,0.0005603901395641042
2026-08-26 12:30:00-04:00,26049.373046875,26059.40625,26029.76171875,26029.76171875,82156000.0,26053.035430509717,26068.71146053908,26084.140200692633,26096.885120816696,26116.88896599794,39.271907755250744,-15.881931302632438,-8.624490316272723,-7.257440986359715,26094.799609375,26170.218566014617,26019.380652735385,0.00578038212736615,0.06882265730763577,32.3125685641918,26178.376953125,26034.166015625,26225.828125,25979.658203125,-0.0007670870687684905,-0.00351660314918123,-0.0034806892407746037,0.0006300846184421616
2026-08-26 12:40:00-04:00,26029.580078125,26041.853515625,26022.099609375,26031.591796875,87001000.0,26045.88755263148,26061.962430781972,26079.13559080524,26094.744356097293,26115.479095433926,39.668964894413236,-18.005469019011798,-10.50068605682054,-7.504782962191259,26089.105859375,26165.551634920357,26012.66008382964,0.005860359949276544,0.1238244553757393,31.41552125603524,26178.376953125,26029.76171875,26225.828125,25979.658203125,7.030714090938694e-05,-0.0012121983302147976,-0.004355439544633022,0.0009677596933870269
2026-08-26 12:50:00-04:00,26031.5625,26059.6328125,26027.376953125,26055.470703125,77256000.0,26049.081936129325,26060.78211666252,26076.88179197855,26093.456695344103,26114.487221180887,44.74542628709206,-17.559148850719794,-11.912378615600392,-5.646770235119401,26087.21513671875,26165.012493439903,26009.4177799976,0.005964404886717807,0.2959799989893496,31.475545407389866,26178.376953125,26022.099609375,26225.828125,25979.658203125,0.0009173048823263308,-0.0002500798501888779,-0.0014492024633373513,0.002918148476290572
2026-08-26 13:00:00-04:00,26056.412109375,26074.861328125,26053.451171875,26073.6953125,75423000.0,26057.286394919553,26063.12997045115,26076.578317742496,26092.808781152493,26113.81297475641,48.3195923209609,-15.555548553897097,-12.641012603259734,-2.9145359506373634,26083.538671875,26156.44061221607,26010.636731533934,0.005589881132169787,0.432489043988748,30.756589039004876,26178.376953125,26022.099609375,26225.828125,26022.099609375,0.0006994542367955159,0.0007419882436319192,-0.002812126257126235,-0.002929206328412093
2026-08-26 13:10:00-04:00,26071.6875,26094.955078125,26069.498046875,26091.02734375,76877000.0,26068.533377863037,26068.20222014185,26077.954415457498,26092.750373368803,26113.436352756307,51.53066038670917,-12.425892853498226,-12.597988653307432,0.17209579980920608,26079.17119140625,26137.914271731606,26020.428111080895,0.00450498061416253,0.6009153101785143,30.378049196933098,26178.376953125,26022.099609375,26225.828125,26022.099609375,0.0006647324455653081,0.001584783439796622,-0.003336708365511254,-0.0048631957549708504
2026-08-26 13:20:00-04:00,26090.78125,26102.791015625,26090.78125,26100.3125,67259000.0,26079.12641857536,26074.040452843332,26080.083756842498,26092.998311946874,26113.219429570254,53.207994860585146,-9.091581559983752,-11.896707234642697,2.805125674658946,26077.200390625,26130.031880720748,26024.36890052925,0.004051929601671648,0.7187342182958857,29.06602894179502,26178.328125,26022.099609375,26218.705078125,26022.099609375,0.00035587545586723834,0.002710389054356277,-0.0015078969011265153,-0.0023087460292763318
2026-08-26 13:30:00-04:00,26100.03515625,26109.740234375,26097.513671875,26102.15625,78320000.0,26086.803029050243,26079.152415962726,26082.185899047974,26093.29857221091,26113.03656709802,53.551726607676606,-6.228541867796594,-10.763074161273478,4.534532293476884,26077.26728515625,26130.221470449556,26024.313099862942,0.004061329334416093,0.7350046998730472,27.863209910238236,26139.97265625,26022.099609375,26178.376953125,26022.099609375,7.0640916655762e-05,0.0027107237112358185,5.1258570002543635e-05,-0.0007332076676503929
2026-08-26 13:40:00-04:00,26103.787109375,26110.896484375,26097.884765625,26098.755859375,73788000.0,26090.787305825164,26082.716678401317,26083.763990507694,26093.477499658915,26112.80052234227,52.78163517802021,-4.185695299922372,-9.447598389003257,5.261903089080885,26079.6296875,26131.98867563794,26027.270699362063,0.004015316840409991,0.6826445903099977,26.802389113078362,26125.90625,26022.099609375,26178.376953125,26022.099609375,-0.00013027240326168865,0.001661269402621457,0.0018136396255854503,-0.000622770810320028
2026-08-26 13:50:00-04:00,26098.94921875,26116.375,26098.927734375,26110.326171875,70239000.0,26097.300261175114,26087.736586305622,26086.293722066486,26094.029915141407,26112.75962398744,55.14525780736505,-1.61448636156274,-7.880975983515154,6.266489621952414,26081.65283203125,26135.453105971457,26027.852558091043,0.004125526421710083,0.7664794966993763,26.14644279250134,26125.90625,26022.099609375,26178.376953125,26022.099609375,0.00044332812500114116,0.0014048971170357305,0.001552094469712939,0.0008656933287933821
2026-08-26 14:00:00-04:00,26110.671875,26123.123046875,26105.705078125,26120.8828125,76038000.0,26105.161111616744,26093.763172886414,26089.58792115539,26094.910338005622,26112.89389156616,57.24801354470157,1.2605174589371018,-6.052677295024703,7.313194753961805,26083.37216796875,26139.814632908532,26026.92970302897,0.004327850292999602,0.8322909849106453,25.522980360894103,26125.90625,26022.099609375,26178.376953125,26022.099609375,0.0004043090291370177,0.0011442810724411334,0.0013181808176314647,0.00011359240428010509
2026-08-26 14:10:00-04:00,26121.447265625,26121.447265625,26098.142578125,26114.271484375,65480000.0,26108.197902536165,26097.49195679343,26091.938736700118,26095.54512968986,26112.916661695235,55.493447087206306,2.971249063783034,-4.247892023263157,7.219141087046191,26083.80419921875,26141.04814148975,26026.56025694775,0.004389232631390158,0.7661179851311897,25.364530870830237,26125.90625,26022.099609375,26178.376953125,26022.099609375,-0.00025310507965814466,0.0005348205840447484,0.0003309870214034394,0.0008660868750260953
2026-08-26 14:20:00-04:00,26114.2265625,26123.12109375,26107.970703125,26112.732421875,71286000.0,26109.709408982446,26100.262950444623,26093.919087669154,26096.108647466423,26112.913616408954,55.07031187781826,4.154931243490864,-2.567327369912353,6.722258613403217,26083.52509765625,26140.14430132666,26026.905893985837,0.004341376670402571,0.7579277199726288,24.634949424699506,26125.90625,26022.099609375,26178.376953125,26022.099609375,-5.89356858344825e-05,0.0004051838389789175,-0.00021372096044014466,0.0006983329602154864
2026-08-26 14:30:00-04:00,26112.556640625,26127.716796875,26111.32421875,26120.60546875,67964000.0,26113.341428904965,26103.96159013651,26096.46064777209,26096.911821934737,26113.040754464182,56.88153525644475,5.663017246188247,-0.9212584466922329,6.58427569288048,26085.12001953125,26143.985794121065,26026.254244941432,0.004513360455749523,0.8014098554382261,24.046208617578113,26123.123046875,26022.099609375,26178.376953125,26022.099609375,0.0003015022230459241,0.0008371896918277777,0.001222691391405073,0.0015846362702189865
2026-08-26 14:40:00-04:00,26120.33984375,26150.755859375,26116.64453125,26147.234375,73078000.0,26124.639077603315,26111.829369202598,26101.296240841417,26098.56174170737,26113.605938274693,62.40225370579134,8.904273533244123,1.043847949295038,7.860425583949084,26087.34765625,26151.809167872274,26022.886144627726,0.004941975126921751,0.9645153149752294,24.765145725251106,26127.716796875,26022.099609375,26178.376953125,26022.099609375,0.0010194597625945434,0.0014135481449770726,0.0017068259494710247,0.0021510408724714214
2026-08-26 14:50:00-04:00,26146.279296875,26156.978515625,26143.69140625,26154.45703125,68746000.0,26134.578395485547,26119.579853211213,26106.359173261284,26100.39437415139,26114.28116295197,63.75768209028722,11.918412450071628,3.2187608494503563,8.699651600621271,26090.7091796875,26161.496310093986,26019.922049281013,0.005426232757336984,0.9502785407208655,23.945285985947454,26150.755859375,26022.099609375,26178.376953125,26022.099609375,0.0002762302179424303,0.0012853401238772655,0.002577141291310925,0.0010547977524359986
2026-08-26 15:00:00-04:00,26154.1328125,26189.400390625,26150.427734375,26178.376953125,84732000.0,26149.177914698703,26130.27023501372,26113.21800943878,26102.951180019376,26115.340597500286,67.88670360008605,16.052236851293856,5.785456049819057,10.266780801474798,26093.54697265625,26173.07447713834,26014.019468174163,0.006095568729343397,1.0333373719016579,25.01866957623692,26156.978515625,26022.099609375,26178.376953125,26022.099609375,0.000914563886622366,0.0024548059396700683,0.002172754101719132,0.0019497285203748937
2026-08-26 15:10:00-04:00,26178.123046875,26182.8515625,26166.2734375,26181.458984375,81082000.0,26159.938271257473,26139.577280352132,26119.717149908898,26105.52520639169,26116.433463399044,68.38646896002587,19.353916731433856,8.499148186142017,10.854768545291838,26099.46064453125,26186.328814966473,26012.592474096025,0.0066567023447992825,0.9719699944923756,24.41577353507714,26189.400390625,26022.099609375,26189.400390625,26022.099609375,0.00011773194554876021,0.0026319176940068356,0.004537950178318928,0.0034390388776375236
2026-08-26 15:20:00-04:00,26180.78125,26180.78125,26162.583984375,26165.82421875,92161000.0,26161.900253754986,26144.349450969923,26124.10829932234,26107.50222319032,26117.249839520548,63.027851136178136,20.472927736031124,10.89390409611984,9.579023639911284,26104.65244140625,26194.308725124913,26014.99615768759,0.006868988883870494,0.8411460681088669,24.020003996857344,26189.400390625,26022.099609375,26189.400390625,26022.099609375,-0.0005971693798397792,0.0017311524441536719,0.003984190936602516,0.0015291054845052443
2026-08-26 15:30:00-04:00,26164.923828125,26167.654296875,26151.859375,26153.07421875,120776000.0,26158.95824208666,26145.93577238448,26126.86695831545,26108.99638697916,26117.84197802021,58.96981541686416,20.099242024691193,12.73497168183411,7.364270342857083,26109.58798828125,26198.49211921341,26020.683857349093,0.006810075361745354,0.7445681095624925,23.43249813101039,26189.400390625,26022.099609375,26189.400390625,26022.099609375,-0.00048727683459948157,0.00022334460563766534,0.0037886528423067833,0.0009991770955060097
2026-08-26 15:40:00-04:00,26153.93359375,26161.873046875,26140.6796875,26161.873046875,134133000.0,26159.929843682774,26148.83345865548,26130.2008715116,26110.73004795935,26118.569764282274,60.84345915631194,20.279317947151867,14.243840934897662,6.035477012254205,26115.19443359375,26202.422318072313,26027.96654911519,0.006680240095501973,0.7675670375378704,23.27255964843822,26189.400390625,26022.099609375,26189.400390625,26022.099609375,0.0003364357112056737,0.0002835469157758119,0.004304414878115281,0.001015746841092291
2026-08-26 15:50:00-04:00,26166.0546875,26166.0546875,26121.791015625,26136.181640625,276919000.0,26152.013775996853,26146.533128104486,26130.77046857002,26111.5645264074,26118.860869676373,53.2038009168783,18.13984282432648,15.023041312783427,3.116801511543052,26120.5154296875,26198.77010783244,26042.260751542563,0.005991817302042761,0.600097599970211,24.77192480747835,26189.400390625,26022.099609375,26189.400390625,26022.099609375,-0.0009820170827971042,-0.0016118383723924268,0.004088394009321261,-0.0002824697101476703
2026-08-27 09:30:00-04:00,26365.291015625,26386.89453125,26273.873046875,26318.3125,114952039.0,26207.446683997903,26177.765741176398,26148.63161442049,26118.343148492404,26122.15759083875,76.10740152585701,30.78585146371188,18.17560334296912,12.61024812074276,26134.85146484375,26242.2989438551,26027.403985832396,0.008222543690817574,1.3537242420404638,40.91056522301561,26189.400390625,26022.099609375,26189.400390625,26022.099609375,0.006968533578443736,0.005227115712179042,0.011014336171306205,0.006563853798113861
2026-08-27 09:40:00-04:00,26323.33984375,26431.515625,26319.912109375,26335.484375,223386000.0,26250.12591433194,26206.441856417052,26166.42711542806,26125.462532968064,26125.68365338687,77.23853103834062,41.71269325851608,22.883021326078513,18.82967193243757,26148.8521484375,26281.333603905325,26016.37069296968,0.010132869673649484,1.204371135958071,46.07431949280021,26386.89453125,26027.376953125,26386.89453125,26022.099609375,0.0006524686945639235,0.006484036383934244,0.010746828374949224,0.007726835859669157
2026-08-27 09:50:00-04:00,26338.87890625,26408.806640625,26325.35546875,26364.63671875,193197000.0,26288.296182471295,26235.204558659403,26185.304220506343,26133.304309551077,26129.633290830887,79.05169961229143,52.123793958053284,28.731175852473466,23.392618105579817,26163.39921875,26321.15774683496,26005.64069066504,0.012059482543988564,1.1378022869598026,48.74409466295734,26431.515625,26053.451171875,26431.515625,26022.099609375,0.001106960606263696,0.008089393171542447,0.011158426251553166,0.008514252768434094
2026-08-27 10:00:00-04:00,26363.2265625,26411.193359375,26361.169921875,26384.21484375,189100000.0,26320.269069564198,26262.29733776678,26204.24808938669,26141.530884442844,26133.84125038327,80.19284828291696,61.248423634806386,35.23462540894005,26.01379822586634,26178.05859375,26358.979942608003,25997.137244891997,0.013822365643355806,1.0697399762418398,48.835476294174676,26431.515625,26069.498046875,26431.515625,26022.099609375,0.0007425903572597647,0.008498695658243793,0.01123710063759642,0.010581893815691634
2026-08-27 10:10:00-04:00,26393.404296875,26437.09375,26393.404296875,26426.4609375,185688000.0,26355.666358876133,26292.145264991002,26225.41121777843,26150.872853395536,26138.677939426525,82.41846497944935,71.06942104668269,42.40158453648858,28.667836510194114,26194.366015625,26401.249220108086,25987.482811141916,0.015796007764393216,1.0609322478712269,49.12429271959077,26431.515625,26090.78125,26431.515625,26022.099609375,0.001601188210457849,0.011106415652690549,0.01249595910010659,0.011393696062258929
2026-08-27 10:20:00-04:00,26427.13671875,26460.95703125,26414.482421875,26448.62890625,171838000.0,26386.653874667427,26320.596836129,26246.670045251914,26160.635346931747,26143.80109590295,83.46818369181486,79.72241172782014,49.86574997475489,29.856661753065254,26211.6896484375,26441.536603206052,25981.842693668947,0.01753774425467105,1.0154283163139788,48.93502962354858,26437.09375,26097.513671875,26437.09375,26022.099609375,0.0008388549947127011,0.004951548707767595,0.01327371780827491,0.013298132248307448
2026-08-27 10:30:00-04:00,26447.1875,26449.70703125,26403.126953125,26403.126953125,171678000.0,26392.144900819952,26335.60231194645,26261.57070314459,26168.5858913971,26148.08747370827,73.7365097938853,81.96351743408741,56.2853034666214,25.678213967466007,26226.908203125,26464.988116540804,25988.828289709196,0.01815539304685837,0.8700831949065685,48.76681880222368,26460.95703125,26097.884765625,26460.95703125,26022.099609375,-0.0017203898654363226,0.002568495690522088,0.011662283650224925,0.011268070700188426
2026-08-27 10:40:00-04:00,26402.279296875,26449.13671875,26401.013671875,26448.56640625,150124000.0,26410.952069296636,26356.14123818346,26279.379817726058,26177.765580408668,26153.05406763458,76.66271425930756,86.41011198391061,62.31026517007925,24.099846813831363,26243.82021484375,26494.112400920392,25993.528028767105,0.019074371339815543,0.9090143496200771,48.72083509313628,26460.95703125,26098.142578125,26460.95703125,26022.099609375,0.0017209875635439964,0.0031834190774306936,0.012954270741333707,0.013141916462585668
2026-08-27 10:50:00-04:00,26446.140625,26470.4140625,26434.181640625,26470.4140625,148435000.0,26430.772733697762,26376.918115331922,26297.573555323575,26187.360612608383,26158.299687384424,77.93563151045888,90.65201348894334,67.97861483385208,22.673398655091262,26261.29677734375,26523.347709118265,25999.245845569232,0.019957196630182708,0.8990012241898608,47.828805577555116,26460.95703125,26098.142578125,26460.95703125,26022.099609375,0.0008260431175897143,0.0032670753805061903,0.013381295437408847,0.013841977914864856
2026-08-27 11:00:00-04:00,26470.20703125,26478.865234375,26461.19921875,26472.291015625,145555000.0,26444.612161006844,26394.258642657936,26314.213313447523,26196.702593035156,26163.489626694187,78.04641842495869,93.09209766965068,73.0013114010118,20.09078626863888,26279.19775390625,26547.46876866446,26010.92673914804,0.02041698664247345,0.8598846895419959,45.674320580944034,26470.4140625,26098.142578125,26470.4140625,26022.099609375,7.090758461769653e-05,0.0017342495551482262,0.013709726938552214,0.014529666494781601
2026-08-27 11:10:00-04:00,26474.60546875,26492.798828125,26465.380859375,26487.236328125,121493000.0,26458.8202167129,26411.16367637922,26330.69169579776,26206.22828926761,26168.840811841805,78.95263290653617,95.13518458992621,77.42808603879469,17.707098551131523,26297.92294921875,26569.364791830347,26026.481106607156,0.02064359555207072,0.8487181215040897,44.37029545016232,26478.865234375,26107.970703125,26478.865234375,26022.099609375,0.0005645643775666898,0.0014597135455243215,0.014341812269951237,0.01528436832364477
2026-08-27 11:20:00-04:00,26485.7265625,26487.83984375,26441.548828125,26441.759765625,119683000.0,26453.1333996836,26416.726601696635,26341.269607209877,26213.950632754735,26173.351868929134,69.54541066517737,92.02397209623814,80.34726325028339,11.67670884595475,26313.9806640625,26579.496730000494,26048.464598124505,0.02018060812065692,0.7406240487013331,44.50748974836501,26492.798828125,26111.32421875,26492.798828125,26022.099609375,-0.001716923650947777,0.0014631908019298034,0.012295055612674188,0.013355484438150267
2026-08-27 11:30:00-04:00,26443.40625,26458.361328125,26422.73828125,26424.705078125,125986000.0,26443.657292497403,26418.177233774517,26349.21584253513,26220.860614570152,26177.50646742824,66.35245700365091,87.1772183237299,81.7132542649727,5.463964058757199,26327.85419921875,26585.962694915695,26069.745703521803,0.019607256538560235,0.6876166041042806,43.8728866859818,26492.798828125,26116.64453125,26492.798828125,26022.099609375,-0.0006449906379594195,-0.0009021785059534215,0.010611856655490026,0.011908849701482316
2026-08-27 11:40:00-04:00,26427.646484375,26445.15234375,26398.2890625,26408.4375,105899000.0,26431.91736166494,26416.40637308824,26354.85600038893,26227.010676387523,26181.323509288934,63.364108215420124,81.08873300112828,81.58835001220382,-0.4996170110755429,26340.55322265625,26588.061511137512,26093.044934174988,0.01879294534090294,0.6371353617292888,44.086486297697384,26492.798828125,26121.791015625,26492.798828125,26022.099609375,-0.0006156200448370619,-0.0023413522113279184,0.009710791107096606,0.010516271252715148
2026-08-27 11:50:00-04:00,26409.80859375,26474.373046875,26409.80859375,26465.267578125,94031000.0,26443.03410048496,26425.290228549467,26365.371388744745,26234.82237808383,26186.01679968292,68.67226046246911,79.92791759308966,81.25626352838098,-1.328345935291324,26354.89775390625,26596.326410390895,26113.469097421606,0.018321350265823773,0.7285764785046741,45.647133481790426,26492.798828125,26121.791015625,26492.798828125,26022.099609375,0.0021519667009832766,-0.000265312794266781,0.01095906845232264,0.013037092637581127
2026-08-27 12:00:00-04:00,26464.755859375,26487.48046875,26464.755859375,26473.0625,99366000.0,26453.043566989974,26433.976096085928,26375.627685054773,26242.633529622064,26190.761356712956,69.3286885362984,78.72940450168971,80.75089172304274,-2.021487221353027,26369.4779296875,26602.31660808375,26136.639251291246,0.017659710898873433,0.7224384948110251,44.009810331305395,26492.798828125,26121.791015625,26492.798828125,26022.099609375,0.00029453402849566324,-0.0005351191777585029,0.011137787080507167,0.013734265539704138
2026-08-27 12:10:00-04:00,26474.783203125,26484.638671875,26470.0390625,26482.08203125,89724000.0,26462.72305507665,26442.72262975212,26385.766194216223,26250.48430016724,26195.5765744739,70.10915310407341,77.61270409387362,80.12325419720892,-2.510550103335305,26385.2908203125,26603.131656841517,26167.449983783485,0.016512293763411023,0.7221603912281315,41.9090816915693,26492.798828125,26121.791015625,26492.798828125,26022.099609375,0.0003407060006752616,0.0015249463720421463,0.012086674964107313,0.014790353178368854
2026-08-27 12:20:00-04:00,26482.12890625,26497.296875,26468.326171875,26496.69140625,97890000.0,26474.045838801103,26452.535134569916,26396.330500124204,26258.556664301104,26200.553679131357,71.37952264067495,77.01874133454476,79.5023516246761,-2.483610290131338,26402.4716796875,26597.333195758292,26207.610163616708,0.014760854092361905,0.7417607346549393,40.98491179395721,26492.798828125,26121.791015625,26492.798828125,26022.099609375,0.0005516701814745062,0.002724205545990843,0.013138692018609843,0.015203690570559925
2026-08-27 12:30:00-04:00,26496.3671875,26528.927734375,26494.904296875,26526.962890625,86894000.0,26491.684856075735,26466.06745385266,26408.7716801719,26267.35686844287,26205.948872709763,73.85869060730029,78.09049870875606,79.21998104149209,-1.129482332736032,26420.726171875,26588.53611318721,26252.916230562794,0.012702901519099181,0.8165388114651299,40.48766363010312,26497.296875,26121.791015625,26497.296875,26022.099609375,0.0011424628045393348,0.0044881637024152266,0.013955034606882188,0.015955715603417353
2026-08-27 12:40:00-04:00,26528.478515625,26539.552734375,26524.111328125,26524.111328125,79243000.0,26502.493680092157,26476.620885538538,26419.756408548386,26275.77504744884,26211.20775627035,73.21531458354772,77.81279937277941,78.93854470774956,-1.1257453349701478,26440.12265625,26552.37176329537,26327.873549204633,0.00849081590919436,0.8741173274592375,38.69864524581004,26528.927734375,26121.791015625,26528.927734375,26022.099609375,-0.00010749675761068112,0.002223433026939725,0.014842630527827971,0.015444913587683518
2026-08-27 12:50:00-04:00,26524.984375,26537.681640625,26521.4375,26536.58984375,84943000.0,26513.859067978105,26487.524332486075,26430.88340237711,26284.326352245596,26216.58597259233,74.27150533677232,77.70391026342259,78.69161781888417,-0.9877075554615828,26451.0365234375,26555.998673111757,26346.07437376324,0.007936335468839149,0.907543674448405,37.09475205860932,26539.552734375,26273.873046875,26539.552734375,26022.099609375,0.00047045932927325396,0.0023996975699354106,0.00829374389980364,0.014959497564669633
2026-08-27 13:00:00-04:00,26536.306640625,26545.931640625,26529.861328125,26545.833984375,73288000.0,26524.517373443738,26498.12608737497,26441.8310768531,26292.900372971148,26222.028088489566,75.0562105584471,77.47050795963878,78.4473958470351,-0.976887887396316,26461.55400390625,26560.049867783557,26363.058140028945,0.007444450455386408,0.9278351250045124,35.593006375851516,26539.552734375,26319.912109375,26539.552734375,26022.099609375,0.0003483545052107573,0.0024073618173137135,0.007987307405467048,0.017343497586259415
2026-08-27 13:10:00-04:00,26546.49609375,26553.26953125,26538.810546875,26543.884765625,74052000.0,26530.973170837497,26506.44584705679,26451.55047578376,26301.1293694516,26227.348033566188,74.53996058243604,76.2492948816398,78.00777565395605,-1.758480772316247,26470.51640625,26564.629186521757,26376.403625978244,0.0071107626936613415,0.8897895650470827,34.08343337579069,26545.931640625,26325.35546875,26545.931640625,26022.099609375,-7.342842387803028e-05,0.0017811038612869368,0.006798805869664193,0.01517025849496001
2026-08-27 13:20:00-04:00,26544.2265625,26550.466796875,26518.970703125,26520.369140625,81125000.0,26527.4384941,26508.977354978284,26458.104634340067,26308.3175586704,26232.191357649805,68.42532074578068,72.5476758617624,76.91575569551732,-4.368079833754919,26477.32412109375,26564.955751067468,26389.69249112003,0.006619372076493592,0.745602070531843,33.898623402519924,26553.26953125,26361.169921875,26553.26953125,26022.099609375,-0.0008859149746781592,-0.00024856784499560636,0.005160445276894521,0.013063918672741703
2026-08-27 13:30:00-04:00,26520.611328125,26535.166015625,26517.359375,26519.146484375,79847000.0,26524.674490858335,26510.826287595868,26463.918143867202,26315.229982463992,26236.934417595676,68.11246735590872,68.7232590272506,75.27725636186398,-6.553997334613371,26481.9583984375,26568.131513681663,26395.785283193334,0.006508062126496565,0.7157754528899883,32.7491960612685,26553.26953125,26393.404296875,26553.26953125,26022.099609375,-4.6102535131264943e-05,-0.0001871822843970694,0.003507300773047284,0.014514992706339935
2026-08-27 13:40:00-04:00,26519.140625,26532.71484375,26501.927734375,26505.734375,69587000.0,26518.36111890556,26509.900485305712,26467.900642070326,26321.47602812091,26241.377392098228,64.62201345818583,63.87383814947316,72.99657271938582,-9.122734569912666,26484.813671875,26570.16051626703,26399.466827482967,0.006444964684245768,0.6225628391654625,32.60904701224932,26553.26953125,26398.2890625,26553.26953125,26022.099609375,-0.0005057519246670639,-0.001162751843084564,0.0021591088503081224,0.015513537163847513
2026-08-27 13:50:00-04:00,26506.548828125,26509.16015625,26489.8203125,26491.693359375,76741000.0,26509.47186572871,26506.590098772853,26470.16661514696,26327.056924227603,26245.514846102804,61.09238883676901,58.22644632187803,70.04254743988426,-11.81610111800623,26489.2419921875,26565.926839325053,26412.55714504995,0.005789886110004141,0.5159833870640843,31.66124677923151,26553.26953125,26398.2890625,26553.26953125,26022.099609375,-0.0005297350160666792,-0.002039514939778053,0.003354390804060303,0.016896739722058962
2026-08-27 14:00:00-04:00,26492.734375,26499.9453125,26458.083984375,26463.703125,82080000.0,26494.21561881914,26498.792467177787,26469.551044656775,26331.537127531614,26249.121263935816,54.680668833475394,50.90546312992228,66.21513057789187,-15.309667447969588,26489.998828125,26565.35014309121,26414.64751315879,0.005689038754219063,0.3255126460845941,32.38982401821497,26553.26953125,26398.2890625,26553.26953125,26022.099609375,-0.0010565664487843796,-0.0030207198883276387,0.0005723077204828897,0.01510709279527589
2026-08-27 14:10:00-04:00,26463.2421875,26464.490234375,26443.85546875,26457.0703125,79529000.0,26481.833850046096,26491.206620872734,26468.362403498984,26335.65296966172,26252.55843829225,53.25434430079273,44.06041760198423,61.78418798271034,-17.723770380726116,26489.331640625,26565.595556927747,26413.067724322256,0.005758085355825595,0.2884889100309672,31.55017699012819,26553.26953125,26398.2890625,26553.26953125,26022.099609375,-0.0002506381086830878,-0.002386800417043866,-0.000504100539133745,0.014205595777149416
2026-08-27 14:20:00-04:00,26457.48828125,26461.73828125,26416.0,26421.57421875,81433000.0,26461.747306280733,26478.546184123144,26463.906385903843,26338.470059795764,26255.352087556017,46.29475168645854,35.363779950726894,56.50010637631366,-21.136326425586766,26486.79580078125,26568.34701204589,26405.244589516606,0.006157876692826507,0.10011886384129155,32.56361300869046,26553.26953125,26398.2890625,26553.26953125,26022.099609375,-0.0013416486909070269,-0.0036793139508652928,-0.0019158446409139884,0.012102498540522255
2026-08-27 14:30:00-04:00,26422.62109375,26452.388671875,26422.34765625,26452.388671875,75664000.0,26458.627761478823,26473.7902728053,26462.80946075824,26342.205096257374,26258.608890602616,52.14188446186281,30.60530192679653,51.32114548641024,-20.71584355961371,26485.05341796875,26567.970169945143,26402.136665992355,0.006261399640609325,0.30302685937909923,32.43867301699829,26553.26953125,26398.2890625,26553.26953125,26022.099609375,0.0011662610588558664,-0.00201260988925156,-0.0013156395713884717,0.01279080314886194
2026-08-27 14:40:00-04:00,26453.05859375,26457.412109375,26431.73828125,26431.73828125,75899000.0,26449.66460140255,26466.14445615888,26459.850300805072,26345.140610519426,26261.470533423235,48.34330630673025,24.881046651047654,46.03312571933772,-21.152079068290064,26484.55234375,26568.62264855996,26400.48203894004,0.006348629474177223,0.1858934755893485,31.95546981042698,26553.26953125,26398.2890625,26553.26953125,26022.099609375,-0.0007806626040904874,-0.0022631651858442403,-0.00037900217170971917,0.013148648937990837
2026-08-27 14:50:00-04:00,26430.833984375,26450.546875,26423.447265625,26448.513671875,76616000.0,26449.2809582267,26462.938859016354,26458.770621859352,26348.52989121961,26264.562155546406,51.43828332233443,21.450894372028415,41.11667944987586,-19.665785077847445,26485.7427734375,26567.017405353134,26404.46814152187,0.006137236369836104,0.270967270567602,31.608622636467913,26553.26953125,26398.2890625,26553.26953125,26022.099609375,0.0006346684598077523,-0.0005739730775112806,0.0009009975202980414,0.01324890813945201
2026-08-27 15:00:00-04:00,26448.16015625,26469.765625,26443.125,26466.841796875,84750000.0,26455.13457110947,26463.64848408156,26459.539305194176,26352.408970093555,26267.905620692334,54.63622191152,19.98107114063896,36.88955778802848,-16.908486647389523,26488.66298828125,26562.47141257578,26414.85456398672,0.005572831239325518,0.3521768238868512,31.253765662434493,26553.26953125,26398.2890625,26553.26953125,26022.099609375,0.000692973723490864,0.00036933357547086487,0.002211577147455346,0.014551766684186118
2026-08-27 15:10:00-04:00,26467.47265625,26476.642578125,26462.73046875,26473.73046875,88228000.0,26461.333203656315,26465.481572203094,26460.890844580445,26356.386724147862,26271.307684296593,55.81399854860735,19.151319400767534,33.34191011057629,-14.19059070980876,26489.0861328125,26562.448890914267,26415.72337471073,0.00553909317474659,0.39534428325882975,30.015075927617744,26553.26953125,26409.80859375,26553.26953125,26022.099609375,0.0002602755526279754,0.001974002365195515,0.00031977347669043255,0.01347961421445798
2026-08-27 15:20:00-04:00,26474.490234375,26481.82421875,26465.375,26470.2265625,104265000.0,26464.297656604213,26466.34429771162,26461.77996057278,26360.119177864326,26274.5955996388,55.03135219801982,18.003466463251243,30.274221381111285,-12.270754917860042,26488.9443359375,26562.441268986815,26415.447402888185,0.005549253463423367,0.37266289448472123,29.04608612921648,26553.26953125,26416.0,26553.26953125,26022.099609375,-0.00013235408036416096,0.0006743395028050436,-0.00010712540341717425,0.015617469894189773
2026-08-27 15:30:00-04:00,26465.4765625,26501.470703125,26465.458984375,26500.310546875,116543000.0,26476.301953361144,26472.51997937769,26465.449540220612,26364.715616192545,26278.326425212956,60.19259042340593,19.298845776156668,28.079146260120364,-8.780300483963696,26489.85576171875,26563.44174057972,26416.26978285778,0.005555785544692297,0.571037888726071,29.543631316415304,26553.26953125,26416.0,26553.26953125,26022.099609375,0.0011365216049046278,0.0025943153982288525,0.0006883339309760039,0.016818450721979072
2026-08-27 15:40:00-04:00,26499.369140625,26513.447265625,26493.0703125,26513.447265625,133964000.0,26488.683724115763,26479.961304149925,26470.020752163888,26369.59206371492,26282.212720095802,62.231108407213426,21.141757607907493,26.69166852967779,-5.549910921770298,26490.6935546875,26564.950239913636,26416.436869461362,0.005606246969173626,0.6532098481652384,28.88886858845707,26553.26953125,26416.0,26553.26953125,26022.099609375,0.0004957194266370646,0.002455094246715639,0.0006323755339145976,0.01762023425478909
2026-08-27 15:50:00-04:00,26503.546875,26543.982421875,26499.4375,26539.560546875,274603000.0,26505.642665035513,26490.79753009994,26476.643589755422,26375.16480086771,26286.46640318306,65.96247431804738,24.42781344352261,26.238897512446755,-1.8110840689241456,26491.3234375,26567.000197014167,26415.64667798583,0.00571332419029269,0.8187049081162742,30.007158108924422,26553.26953125,26416.0,26553.26953125,26022.099609375,0.0009849070544611926,0.0027475416431659294,0.00047490005930739265,0.01880311774295418
2026-08-28 09:30:00-04:00,26515.89453125,26572.19140625,26507.53515625,26569.154296875,129281000.0,26526.81320898201,26505.044214968133,26485.45413329062,26381.52511221221,26291.138930351524,69.62494314667619,29.084733959247387,26.808064801806882,2.276669157440505,26493.5755859375,26575.44867443494,26411.702497440056,0.006180599385829997,0.9615601556295382,32.48209324400125,26553.26953125,26416.0,26553.26953125,26022.099609375,0.0011150806339739194,0.003604472298969652,0.0016981895526217983,0.020722148130017715
2026-08-28 09:40:00-04:00,26566.66796875,26604.583984375,26558.83203125,26559.0625,240839000.0,26537.562972654676,26514.865721337563,26492.464453929606,26387.346010172463,26295.567419106046,66.97825385963286,31.59682482388598,27.765816806222706,3.831008017663276,26494.69921875,26579.468401387177,26409.930036112823,0.006398954140772977,0.8796384443476516,33.4299403783583,26572.19140625,26416.0,26572.19140625,26022.099609375,-0.0003798313172574952,0.0033560701601946796,0.0008468554694600616,0.020262714137532
2026-08-28 09:50:00-04:00,26556.703125,26559.904296875,26526.951171875,26555.4453125,244765000.0,26543.52375260312,26522.24382882164,26498.46263093631,26392.85746270779,26299.862921476197,66.0096795744673,32.91635883664276,28.795925212306717,4.120433624336041,26495.17978515625,26581.20277788938,26409.156792423124,0.006493482469692187,0.8502873210346952,33.395882137046996,26604.583984375,26416.0,26604.583984375,26027.376953125,-0.00013619409570653218,0.002080532812152258,0.0003620654047131744,0.019188853468497635
2026-08-28 10:00:00-04:00,26528.943359375,26583.982421875,26475.65234375,26497.369140625,286395000.0,26528.13888194375,26517.72115824043,26498.358489001897,26396.28407509852,26303.12748708196,52.8060230470362,28.942209565026133,28.8251820828506,0.11702748217553349,26492.85400390625,26575.949382093328,26409.758625719172,0.0062730408867859655,0.5271683986357508,38.74832470761507,26604.583984375,26416.0,26604.583984375,26053.451171875,-0.0021869778944231255,-0.0006064139769876853,-0.0017524045711740932,0.01624909024390897
2026-08-28 10:10:00-04:00,26493.046875,26515.140625,26429.1484375,26509.970703125,244348000.0,26522.0828223375,26516.31198458308,26499.46441415648,26400.011505525617,26306.546383214907,54.913413689537244,26.50398694977048,28.360943056234575,-1.8569561064640965,26492.33408203125,26574.862503376433,26409.80566068607,0.006230362420286502,0.6068518021202782,42.12288633564256,26604.583984375,26416.0,26604.583984375,26069.498046875,0.00047557787466079304,-0.0011149334480402562,-0.0003920924872825582,0.01605698977872394
2026-08-28 10:20:00-04:00,26508.361328125,26556.033203125,26497.408203125,26523.5390625,203978000.0,26522.568235725,26517.62599874979,26501.75723780824,26404.06158936084,26310.13303907086,57.132986142058215,25.374035085114883,27.76356146201064,-2.3895263768957555,26492.5537109375,26575.389189807513,26409.718232067487,0.006253491435656791,0.6870294708570645,43.30160874023952,26604.583984375,26416.0,26604.583984375,26090.78125,0.0005118209871655122,-0.0017168493157633247,0.00016563799018154413,0.016215382957579516
2026-08-28 10:30:00-04:00,26525.78125,26581.333984375,26516.048828125,26565.255859375,180535000.0,26536.797443608335,26526.285973408918,26507.8047255765,26409.34664739409,26314.349945191592,63.141034432661385,27.527418017823948,27.716332773173303,-0.1889147553493551,26495.52978515625,26584.122465356493,26406.937104956007,0.006687368089531541,0.8935205146810684,44.87186213379384,26604.583984375,26416.0,26604.583984375,26097.513671875,0.0015728216651895721,0.00023319194248672126,0.002245607819534312,0.017741814313712023
2026-08-28 10:40:00-04:00,26563.9921875,26638.6171875,26562.76953125,26635.505859375,196041000.0,26569.700248863894,26546.14413449366,26519.966738319217,26416.761703524608,26319.658307409503,70.61095130693445,34.504827232700336,29.07403166507871,5.430795567621626,26502.72041015625,26610.226499619523,26395.214320692976,0.008112834290179161,1.117571757477577,47.08441885637999,26604.583984375,26416.0,26604.583984375,26097.884765625,0.0026444315225824244,0.003014844824963836,0.005428588427666803,0.020566114449750428
2026-08-28 10:50:00-04:00,26635.19921875,26690.1953125,26631.90625,26687.1328125,176420000.0,26608.8444367426,26571.778439585723,26535.887316812627,26425.626330048388,26325.73226617133,74.67321039234915,43.69663040267551,31.99855141259807,11.698078990077441,26513.89189453125,26646.38894407791,26381.394844984592,0.00999453796324692,1.1537538706012571,47.88475054521,26638.6171875,26416.0,26638.6171875,26098.142578125,0.0019382756759931397,0.007161604265989663,0.008442873109807847,0.022091131180364654
2026-08-28 11:00:00-04:00,26686.42578125,26698.5703125,26648.84375,26649.4921875,139982000.0,26622.393686995067,26585.908211933773,26546.706828306662,26432.966194227127,26331.08366982966,67.36241312025174,47.397547354619746,35.078350601002406,12.31919675361734,26523.51298828125,26665.699330144744,26381.326646417758,0.010721531640723042,0.9430073858278754,48.01630854198071,26690.1953125,26416.0,26690.1953125,26098.142578125,-0.0014104409516173533,0.005262981462237359,0.0072729849800901025,0.020237040945148888
2026-08-28 11:10:00-04:00,26653.361328125,26660.369140625,26629.189453125,26634.986328125,146857000.0,26626.59123403838,26594.831505786722,26555.11439971793,26439.589805174597,26336.106854264297,64.73219612569126,48.5998206020995,37.782644601221826,10.817176000877673,26534.18359375,26676.199322036413,26392.167865463587,0.010704360116047742,0.8548998959175288,46.81369275326781,26698.5703125,26416.0,26698.5703125,26098.142578125,-0.0005443202922194024,0.004201824853100611,0.008077191298599962,0.019939857179686715
2026-08-28 11:20:00-04:00,26636.7890625,26673.833984375,26631.408203125,26669.09765625,159209000.0,26640.760041442256,26608.334442234587,26565.96994795908,26447.11465275084,26341.610834462408,67.90571773808912,51.7090600555166,40.56792769208079,11.141132363435815,26545.01904296875,26693.346782265136,26396.691303672364,0.011175560963530408,0.9182582902895791,46.50027050303439,26698.5703125,26422.34765625,26698.5703125,26107.970703125,0.0012806962881366513,0.00390893268352821,0.008192416460499619,0.02130628175506155
2026-08-28 11:30:00-04:00,26672.771484375,26676.205078125,26624.462890625,26624.7421875,162450000.0,26635.42075679484,26611.31766864648,26571.567304105833,26452.93850634917,26346.29069153741,60.30663198318583,50.01746884317254,42.45783592229914,7.559632920873398,26554.66923828125,26697.263988977676,26412.074487584825,0.010739712057182091,0.7457066227070647,46.8746931456748,26698.5703125,26423.447265625,26698.5703125,26111.32421875,-0.001663178459268333,-0.0004041099099760803,0.007301975533970495,0.019300345826712695
2026-08-28 11:40:00-04:00,26623.3125,26623.3125,26551.3125,26552.341796875,158067000.0,26607.727770154896,26600.594782869844,26569.73630341718,26456.197630628703,26349.696494931424,50.39355616576827,42.346618711355404,42.435592480110394,-0.08897376875498963,26559.86064453125,26693.923102630673,26425.798186431828,0.01009511758315844,0.4719576689744319,48.77147845669803,26698.5703125,26423.447265625,26698.5703125,26116.64453125,-0.0027192898288040945,-0.005050786705788957,0.003925669558906497,0.015493318186734717
2026-08-28 11:50:00-04:00,26553.37890625,26560.87890625,26473.90234375,26483.146484375,161651000.0,26566.200674894935,26579.24054677987,26561.48965398459,26457.08119960399,26351.902279880906,43.10141122446415,30.334256856382126,40.015325355364745,-9.681068498982619,26560.67587890625,26692.64782862721,26428.703929185293,0.009937393937009516,0.20626563184381472,51.500413031219594,26698.5703125,26429.1484375,26698.5703125,26121.791015625,-0.0026059966020829384,-0.006241983973076404,0.0006160420508474207,0.012567244379505738
2026-08-28 12:00:00-04:00,26479.427734375,26506.080078125,26443.32421875,26503.91015625,176876000.0,26545.43716867996,26565.54411213807,26556.00589229558,26458.616575231725,26354.41480676304,45.643238441933875,22.233533993014134,36.458967082894624,-14.22543308988049,26562.18486328125,26690.793012175734,26433.576714386767,0.00968355197860758,0.2734408451867927,52.30437348434677,26698.5703125,26429.1484375,26698.5703125,26121.791015625,0.0007840334186592912,-0.004921202896830179,0.0011399862038945496,0.012435194271512628
2026-08-28 12:10:00-04:00,26501.2265625,26505.71875,26433.69140625,26444.9921875,150249000.0,26511.955508286643,26543.62558038569,26545.433158505522,26458.169873994615,26355.911953552084,40.160784293687165,10.933431291021407,31.353859924519984,-20.420428633498577,26560.92314453125,26693.54760328637,26428.29868577613,0.009986434434785507,0.06293523035103074,53.71315707475057,26698.5703125,26429.1484375,26698.5703125,26121.791015625,-0.0022229915662502764,-0.00840318902568793,-0.0009533116363933392,0.01006564238006269
2026-08-28 12:20:00-04:00,26444.599609375,26451.873046875,26400.0859375,26425.083984375,140424000.0,26482.99833364943,26522.0725629292,26533.971332397854,26457.0850907284,26357.05529290453,38.47892199595613,0.36735819782552426,25.156559579181096,-24.78920138135557,26557.16181640625,26700.299284563593,26414.024348248906,0.010779575705180754,0.03863291795107362,53.57558223905411,26698.5703125,26429.1484375,26698.5703125,26121.791015625,-0.0007528156175599099,-0.007498972261175019,-0.0028387049414736465,0.009908335524138279
2026-08-28 12:30:00-04:00,26423.431640625,26457.3046875,26420.7109375,26444.984375,137101000.0,26470.327014099625,26508.05652876025,26525.49638407425,26456.68834595042,26358.50866616231,41.13277015215929,-6.327595066901267,18.859728649964627,-25.187323716865894,26553.738671875,26703.991879490197,26403.4854642598,0.011316915442445208,0.1380965884152017,52.36259422197882,26698.5703125,26400.0859375,26698.5703125,26121.791015625,0.000753087128758656,-0.004043237417485912,-0.0025821949872871786,0.01116160011662104
2026-08-28 12:40:00-04:00,26445.359375,26469.455078125,26414.8203125,26461.939453125,126172000.0,26467.53116044142,26499.671605917476,26519.443343031464,26456.860513398766,26360.218265946816,43.37402232891418,-10.14827763109497,13.058127393752708,-23.206405024847676,26549.8576171875,26705.295680491265,26394.419553883734,0.011709144775461238,0.2171922944939011,52.52489217933747,26698.5703125,26400.0859375,26698.5703125,26121.791015625,0.0006411453258798883,-0.0008007746082027145,-0.0029247316892418995,0.01146960715359957
2026-08-28 12:50:00-04:00,26462.888671875,26468.931640625,26430.94140625,26430.94140625,96667000.0,26455.33457571095,26487.175205977932,26511.014587147518,26456.010706607,26361.38724347249,40.34938528743084,-15.498818677046074,7.3467381795929505,-22.845556856639025,26542.94697265625,26706.420836523317,26379.47310878918,0.012317687560124633,0.15742056939044116,51.48670233617051,26698.5703125,26400.0859375,26698.5703125,26121.791015625,-0.0011714200665415841,-0.002753131502854611,-0.005202005644615371,0.01127784347683125
2026-08-28 13:00:00-04:00,26428.478515625,26428.478515625,26375.26953125,26382.732421875,113443000.0,26431.133857765635,26468.185608868305,26498.797238073945,26453.608139894477,26361.740056338647,36.12964608918783,-23.35994424807359,1.2054016940596428,-24.56534594213323,26534.13046875,26711.597591381786,26356.663346118217,0.013376516923423756,0.07344762052313163,51.78564324072976,26698.5703125,26400.0859375,26698.5703125,26273.873046875,-0.0018239601697880303,-0.0023543121201763384,-0.0066391680099777695,0.0024477223558692085
2026-08-28 13:10:00-04:00,26379.08984375,26417.734375,26373.388671875,26413.33984375,91998000.0,26425.202519760423,26458.213651574068,26490.65843861452,26452.28786788974,26362.59294538677,40.391882590236555,-26.81111787354166,-4.397902219460619,-22.413215654081043,26527.0251953125,26711.740788800107,26342.309601824894,0.01392659690467266,0.19226920852751794,51.25421894674906,26698.5703125,26375.26953125,26698.5703125,26319.912109375,0.0011601308532251942,-0.00044443153452011774,-0.005351274176641607,0.002956295302618761
2026-08-28 13:20:00-04:00,26412.271484375,26420.3125,26389.06640625,26404.46484375,95367000.0,26418.289961090286,26448.4411410606,26482.449524817897,26450.71989988516,26363.285042880376,39.56736179974983,-29.917466236816836,-9.501815022931861,-20.415651213884974,26522.37998046875,26714.374381514193,26330.38557942331,0.014477916475582343,0.19292037664462183,49.825067146981276,26698.5703125,26373.388671875,26698.5703125,26325.35546875,-0.0003360044603408774,-0.0015322198975585843,-0.0035061706081817023,0.001510664661336758
2026-08-28 13:30:00-04:00,26402.8203125,26428.111328125,26396.380859375,26396.380859375,82019000.0,26410.986927185193,26438.975635299583,26474.252509061433,26448.938291999577,26363.832081169545,38.790621145287275,-32.65515141474316,-14.132482301294122,-18.522669113449037,26516.70048828125,26716.393205166984,26317.007771395518,0.015061656481279388,0.19873806420516718,48.53259583291119,26698.5703125,26373.388671875,26698.5703125,26361.169921875,-0.00030615975074055335,-0.0024774674534393526,-0.004284797030598364,0.00046110963305334707
2026-08-28 13:40:00-04:00,26396.080078125,26441.9375,26396.080078125,26440.341796875,87706000.0,26420.771883748464,26439.224028313296,26471.02291742463,26448.65643970041,26365.096704569638,45.101965829649686,-30.92106756366411,-17.49019935376812,-13.43086820989599,26512.540625,26714.938105365534,26310.14314463447,0.01526805621749295,0.3216409908003565,48.341511978774676,26698.5703125,26373.388671875,26698.5703125,26373.388671875,0.001665415336072007,0.00035565856245955985,-0.003136733202494413,0.0005252636517552034
2026-08-28 13:50:00-04:00,26439.927734375,26443.541015625,26416.80078125,26433.701171875,74393000.0,26425.08164645731,26438.21987259724,26467.468465467522,26448.166103050396,26366.230662706916,44.357916449387126,-29.739814488733828,-19.940122380761263,-9.799692107972565,26505.962890625,26709.626894285564,26302.298886964436,0.015367410306953896,0.3225957521918435,46.79856357850506,26698.5703125,26373.388671875,26698.5703125,26373.388671875,-0.00025115503615713575,0.0019318980757936366,-0.004952133274996218,-0.0005644048479002128
2026-08-28 14:00:00-04:00,26433.396484375,26435.015625,26412.62109375,26417.98046875,82803000.0,26422.71458722154,26434.53998098865,26462.755322922996,26447.176410122513,26367.086031401846,42.56758676963788,-29.729489229295723,-21.897995750468155,-7.831493478827568,26495.08662109375,26693.070859336764,26297.102382850735,0.014944977615992503,0.30527199279089606,45.05541841218327,26698.5703125,26373.388671875,26698.5703125,26373.388671875,-0.0005947219809584459,0.00017569247310089686,-0.008166745237482953,0.000562566534311193
2026-08-28 14:10:00-04:00,26419.654296875,26429.7109375,26404.248046875,26410.923828125,81471000.0,26418.78433418936,26430.24613501344,26457.818990085092,26445.98780087669,26367.810623083224,41.75295782464411,-29.9455249393759,-23.507501588249706,-6.438023351126194,26481.276171875,26661.484861397734,26301.067482352268,0.01361027228092032,0.3048031314796119,43.655952141670184,26698.5703125,26373.388671875,26698.5703125,26373.388671875,-0.00026711506707888244,0.0002446171287022736,-0.010349893572891622,-0.0014232369931439504
2026-08-28 14:20:00-04:00,26411.07421875,26418.59765625,26393.935546875,26399.708984375,80825000.0,26412.425884251243,26424.693925806452,26452.284703826987,26444.470462630732,26368.33786872441,40.42876511277113,-30.66815555337962,-24.93963238127569,-5.72852317210393,26468.78701171875,26634.68629118266,26302.887732254836,0.012535465217235874,0.2918073316322786,42.299249086908034,26698.5703125,26373.388671875,26698.5703125,26373.388671875,-0.0004246289839380246,0.00012608262540725335,-0.00937290667182622,-0.0026710983046225323
2026-08-28 14:30:00-04:00,26398.8984375,26416.732421875,26395.62890625,26395.98828125,88696000.0,26406.946683250833,26419.474717705278,26446.923139772036,26442.88088291333,26368.794900336405,39.9757867668577,-31.18163271616504,-26.188032448253562,-4.993600267911479,26456.837109375,26606.793298774883,26306.880919975116,0.011335912057813317,0.2971113150830486,40.78526812534317,26676.205078125,26373.388671875,26698.5703125,26373.388671875,-0.00014093727802844125,-0.0016774940341445221,-0.008973086898964588,-0.002882362328593402
2026-08-28 14:40:00-04:00,26395.708984375,26408.833984375,26380.765625,26382.44921875,90525000.0,26398.780861750558,26412.742808804316,26440.782766341366,26440.899516875186,26369.02059154985,38.29438936643775,-32.308622570581065,-27.412150472719063,-4.896472097862002,26442.5046875,26559.811930134507,26325.197444865495,0.008872627160010301,0.2440248896774626,39.87691750031866,26676.205078125,26373.388671875,26698.5703125,26373.388671875,-0.0005129212195330579,-0.0019388867564081869,-0.010748336565216454,-0.0039561360074298335
2026-08-28 14:50:00-04:00,26381.638671875,26381.638671875,26359.5,26373.556640625,86766000.0,26390.37278804204,26405.61805095353,26434.3802781779,26438.69155371944,26369.095567567623,37.18801988900405,-33.532781850302854,-28.636276748235822,-4.896505102067032,26429.94541015625,26516.193382522237,26343.697437790266,0.006526534279775151,0.17310089742184953,38.66779616101019,26676.205078125,26373.388671875,26698.5703125,26373.388671875,-0.0003370641615290104,-0.0016815754776391412,-0.009434290296825076,-0.0025793716305019254
2026-08-28 15:00:00-04:00,26373.77734375,26401.41796875,26365.36328125,26401.2109375,87108000.0,26393.985504528027,26404.81675759834,26431.221293351435,26437.462681056506,26369.62640012849,42.72938189128337,-31.903700260627375,-29.289761450714135,-2.6139388099132397,26422.3888671875,26488.564891985705,26356.212842389294,0.005009087189719318,0.3399878977916975,38.481145542366605,26623.3125,26359.5,26698.5703125,26359.5,0.0010485615289521633,-0.0003677603512928229,-0.005691809051387997,-0.0008890975530488898
2026-08-28 15:10:00-04:00,26401.96484375,26401.96484375,26382.3828125,26393.28515625,98914000.0,26393.75205510202,26402.720102807732,26427.6083279132,26436.014237620228,26370.017453948683,41.59672766695403,-30.89603540819371,-29.611016242210052,-1.285019165983659,26417.89580078125,26478.966442369285,26356.825159193217,0.00462342966666013,0.2985067465209597,37.13120880719757,26560.87890625,26359.5,26698.5703125,26359.5,-0.0003002052166759528,-0.0002433295052154394,-0.0033931514964816722,-0.0005737690368845527
2026-08-28 15:20:00-04:00,26392.419921875,26414.51953125,26392.419921875,26409.626953125,111638000.0,26399.04368777635,26403.975893774506,26425.89581602861,26435.14908075153,26370.67215641441,44.843203559135404,-28.450843702918064,-29.378981734351655,0.9281380314335905,26413.181640625,26459.815436728568,26366.547844521432,0.0035311002466921594,0.46188721702919616,36.05752313346917,26506.080078125,26359.5,26698.5703125,26359.5,0.0006191649420772549,0.000516694875360546,-0.0035573318264802145,-0.0021024017548944007
2026-08-28 15:30:00-04:00,26406.73046875,26413.599609375,26399.65234375,26413.390625,127486000.0,26403.826000184235,26405.68766308823,26424.704845454457,26434.435688759677,26371.378246804255,45.59331177257128,-25.910633143765153,-28.685312016234356,2.7746788724692024,26411.6015625,26455.89999258393,26367.30313241607,0.003354467541781108,0.5201932946225218,34.47821902572137,26505.71875,26359.5,26698.5703125,26359.5,0.00014251136078824445,0.0011728026459352225,-0.0011949923174845445,-0.0022540601413229
2026-08-28 15:40:00-04:00,26412.689453125,26421.794921875,26386.6328125,26401.712890625,151354000.0,26403.12163033116,26404.964977185824,26422.515135470698,26433.362810132312,26371.879645875673,43.61152169626986,-24.556718973275565,-27.8595934076426,3.302874434367034,26410.4330078125,26454.47947025884,26366.386545366156,0.003335535046571377,0.40101228676285294,34.52706833638413,26469.455078125,26359.5,26698.5703125,26359.5,-0.00044211417385953133,0.0010675939685975688,-0.0008844283622265747,-0.003034849772391768
2026-08-28 15:50:00-04:00,26421.533203125,26428.708984375,26396.580078125,26398.08203125,299561000.0,26401.441763970775,26403.713532470218,26420.188173163962,26432.20606328371,26372.31274315459,42.985891122283704,-23.505752562225098,-26.9888252385591,3.483072676334004,26408.087890625,26449.43813228147,26366.73764896853,0.0031316346588765535,0.379010871833267,34.355771044499555,26469.455078125,26359.5,26698.5703125,26359.5,-0.0001375236292449067,-0.00011851374004800963,-0.0017735818287848426,-0.003721573138627421
2026-08-31 09:30:00-04:00,26354.548828125,26380.54296875,26278.28515625,26293.9921875,106368779.0,26365.62523848052,26383.764197021086,26408.16950786263,26427.674460798997,26371.018188515674,29.7914294279972,-30.717937324938248,-27.734647655834934,-2.983289669103314,26399.69052734375,26458.438696526435,26340.942358161068,0.004450671050240859,-0.399588372831431,40.45870704132102,26469.455078125,26359.5,26698.5703125,26359.5,-0.003943083578071271,-0.0037620541801515195,-0.006346748163433169,-0.008782411468873264
2026-08-31 09:40:00-04:00,26297.8984375,26330.705078125,26279.505859375,26310.212890625,199785000.0,26347.154455862015,26370.3912322218,26398.84030622095,26423.8232617769,26370.01314226955,33.23086738159331,-34.72448824501407,-29.132615773670764,-5.591872471343308,26393.6541015625,26462.294611799076,26325.013591325926,0.005201288913800814,-0.10781316055135426,41.22588644908381,26468.931640625,26278.28515625,26698.5703125,26278.28515625,0.0006168976931815173,-0.0037643115018797246,-0.0045676963892195,-0.008064301753747838
2026-08-31 09:50:00-04:00,26315.185546875,26335.466796875,26304.099609375,26313.90625,175273000.0,26336.071720574677,26360.121235454197,26390.75134848562,26420.2194253252,26369.08575562047,34.02341209830625,-37.1731762437048,-30.740727867677574,-6.432448376027228,26390.21279296875,26467.10386250556,26313.321723431938,0.005827241344359056,0.0038010042751584687,40.521693667006396,26443.541015625,26278.28515625,26698.5703125,26278.28515625,0.00014037740364747364,-0.0037664371232157823,-0.0026087582883542737,-0.008391567833741398
2026-08-31 10:00:00-04:00,26311.220703125,26314.3984375,26268.984375,26269.9609375,169353000.0,26314.034792883118,26343.728454007978,26379.247499820325,26415.29291752765,26367.447328874678,29.531697760224162,-42.173647026229446,-33.02731169938795,-9.146335326841495,26383.04384765625,26475.194762573607,26290.89293273889,0.00698561662933705,-0.11357453834106027,40.8711485836488,26443.541015625,26278.28515625,26698.5703125,26278.28515625,-0.0016700413873367292,-0.004990280504557076,-0.005428276283808375,-0.010392329245989429
2026-08-31 10:10:00-04:00,26268.140625,26301.876953125,26260.275390625,26294.337890625,152875000.0,26307.46915879708,26334.748351574708,26371.16087037315,26411.32717894068,26366.238908407744,34.68294512891114,-43.66618317890243,-35.15508599529085,-8.511097183611582,26377.5375,26476.7972058725,26278.277794127498,0.007526078268109788,0.08089937581585828,40.92332100624532,26443.541015625,26268.984375,26698.5703125,26268.984375,0.0009279402121302738,-0.0039299878113185915,-0.004170770124548362,-0.009401294392415771
2026-08-31 10:20:00-04:00,26293.99609375,26299.7265625,26250.3828125,26266.875,144560000.0,26293.93777253139,26322.407742197487,26361.228882718562,26406.59104192623,26364.596529756378,31.85753035735904,-46.52870069106939,-37.429808934446555,-9.098891756622834,26371.06220703125,26480.893873123103,26261.230540939396,0.008329711198555318,0.025695954825467854,41.524780220084935,26443.541015625,26260.275390625,26698.5703125,26260.275390625,-0.001044441230626747,-0.0010313073536581951,-0.004906197560375136,-0.009558469540180248
2026-08-31 10:30:00-04:00,26266.1171875,26300.982421875,26257.630859375,26279.16796875,148140000.0,26289.014504604263,26314.545965207035,26353.4135575787,26402.413236248318,26363.184487425697,34.432374308657785,-47.26053655454962,-39.39595445846717,-7.864582096082444,26363.003515625,26474.950836896485,26251.056194353518,0.008492759271919387,0.12555804854101155,41.6552646686503,26443.541015625,26250.3828125,26698.5703125,26250.3828125,0.00046800271254188175,-0.0011799570761383826,-0.006095754334917491,-0.009049254875770352
2026-08-31 10:40:00-04:00,26280.6640625,26301.408203125,26269.455078125,26269.455078125,125376000.0,26282.494695777845,26306.34762210121,26345.417511916443,26398.053952375423,26361.635240990978,33.35978684801779,-48.07014810365945,-41.13079318750563,-6.9393549161538175,26354.7912109375,26468.866034008268,26240.71638786673,0.0086568565205272,0.12596421140377626,40.96225469231813,26443.541015625,26250.3828125,26698.5703125,26250.3828125,-0.00036960419129516975,-0.0016892654193065848,-0.006213511028291263,-0.008914270909537891
2026-08-31 10:50:00-04:00,26269.904296875,26308.126953125,26263.400390625,26292.8046875,117255000.0,26285.93135968523,26303.88527035553,26340.406766733926,26394.603156805737,26360.497545891954,38.33297135636763,-46.294004289102304,-42.16343540782497,-4.130568881277334,26348.532421875,26461.785522731025,26235.279321018974,0.008596539575160609,0.25396817414366457,41.23113382143827,26435.015625,26250.3828125,26698.5703125,26250.3828125,0.0008888501609780608,0.0008695768545050608,-0.00473827972573726,-0.007507586214930084
2026-08-31 11:00:00-04:00,26296.15625,26314.71875,26282.373046875,26295.0703125,146199000.0,26288.977677290157,26302.282550745433,26336.08900918784,26391.339784861288,26359.41610401771,38.81013874553383,-44.19413800374605,-42.56957592700919,-1.6245620767368578,26342.73974609375,26454.47669788532,26231.00279430218,0.008483320479840186,0.2866890369326012,40.59646020026411,26429.7109375,26250.3828125,26698.5703125,26250.3828125,8.616901189983928e-05,2.7854737322030587e-05,-0.004386575660092151,-0.006372230360334297
2026-08-31 11:10:00-04:00,26295.470703125,26306.013671875,26285.85546875,26301.052734375,171212000.0,26293.00269631844,26302.058947768986,26332.752221110426,26388.379553697803,26358.45142022196,40.12754134484719,-41.56807648526956,-42.36927603866127,0.8011995533917116,26337.80693359375,26447.744545020272,26227.86932216723,0.008348273772657705,0.33284065052060924,39.13658469488811,26428.708984375,26250.3828125,26698.5703125,26250.3828125,0.00022751115718278037,0.0013011724605611619,-0.0037370203610347374,-0.005897008863119946
2026-08-31 11:20:00-04:00,26304.234375,26320.453125,26295.009765625,26306.8125,146431000.0,26297.605964212296,26302.923229992804,26330.281771480863,26385.705224068366,26357.597884350525,41.43488718950224,-38.577442123380024,-41.61090925560502,3.033467132224999,26333.34814453125,26440.68812937517,26226.00815968733,0.008152399326874825,0.3763944089901117,38.158497172038956,26428.708984375,26250.3828125,26698.5703125,26250.3828125,0.00021899372938305461,0.0010519561077000361,-0.0033783838778768116,-0.004343485282135795
2026-08-31 11:30:00-04:00,26307.41015625,26307.76953125,26280.2890625,26287.103515625,118070000.0,26294.105148016533,26300.046918289565,26326.169556637447,26382.472381168584,26356.432688173245,38.34912157339122,-37.36695022732965,-40.762117449949955,3.3951672226203016,26328.580859375,26435.241509841308,26221.920208908694,0.008102271142983192,0.3055639846153804,37.39578085617903,26428.708984375,26250.3828125,26698.5703125,26250.3828125,-0.0007491969760684558,0.0006718235093767788,-0.0036139822476086714,-0.006248401923178215
2026-08-31 11:40:00-04:00,26289.185546875,26306.251953125,26284.689453125,26301.080078125,94544000.0,26296.430124719358,26300.234765532372,26323.780082493402,26379.803781068793,26355.517768998892,41.66679346828181,-34.87778549136783,-39.58525105823353,4.7074655668657,26324.95703125,26430.174236358478,26219.739826141522,0.00799372283750178,0.3865349393172768,36.264832223594816,26428.708984375,26250.3828125,26698.5703125,26250.3828125,0.0005316889512643197,0.0003147397443277189,-0.0027480769274917938,-0.004943231570119111
2026-08-31 11:50:00-04:00,26301.857421875,26319.40234375,26279.380859375,26280.837890625,85487000.0,26291.232713354573,26296.70806100376,26319.690349934506,26376.55899777555,26354.283390843953,38.44035552593121,-34.14487895474667,-38.497176637536164,4.352297682789491,26318.93837890625,26419.69616578607,26218.180592026427,0.007656675617324722,0.3109303039441869,36.53316452012376,26428.708984375,26250.3828125,26698.5703125,26250.3828125,-0.0007696333169540104,-0.0005412581790372739,-0.004559375975592972,-0.006339705260197781
2026-08-31 12:00:00-04:00,26281.078125,26281.078125,26261.22265625,26270.306640625,95107000.0,26284.25735577805,26291.907802753078,26314.987139524077,26373.07531393455,26352.89534538579,36.84196398475937,-34.02164871716741,-37.60207105346242,3.5804223362950083,26312.789453125,26409.58002599879,26215.99888025121,0.007356922233290204,0.2805426125776002,35.3419005365435,26428.708984375,26250.3828125,26698.5703125,26250.3828125,-0.00040071971996591405,-0.001169006201406364,-0.004659462241890622,-0.00742571243514234
2026-08-31 12:10:00-04:00,26267.75390625,26300.658203125,26267.75390625,26290.287109375,91927000.0,26286.2672736437,26291.613131229788,26312.634755700354,26370.360946571942,26351.86049850958,41.787595433647816,-31.943506166731822,-36.4703580761163,4.526851909384476,26306.8224609375,26393.14607200522,26220.49884986978,0.006562830702636251,0.40422463009843673,35.16778598929039,26428.708984375,26250.3828125,26698.5703125,26250.3828125,0.0007605723459314095,-0.0006281791313561547,-0.004518800813120838,-0.006929259916411801
2026-08-31 12:20:00-04:00,26291.453125,26312.9609375,26285.615234375,26311.58984375,81889000.0,26294.708130345804,26295.245260778916,26312.535240276513,26368.434025167942,26351.194867852402,46.58970913391109,-28.25193981761913,-34.826674424416865,6.574734606797733,26301.732421875,26373.015819006345,26230.449024743655,0.005420433603990194,0.5691424810803909,34.60906578469822,26428.708984375,26250.3828125,26698.5703125,26250.3828125,0.0008102891492349773,0.0009314958610957547,-0.003854135301873951,-0.005993024592193641
2026-08-31 12:30:00-04:00,26312.18359375,26312.18359375,26283.724609375,26283.724609375,79506000.0,26291.04695668887,26293.150596887295,26309.791370666844,26365.65666727309,26350.07965696848,41.73934282947846,-27.260595251307677,-33.313458589795026,6.052863338487349,26295.8330078125,26350.67594534664,26240.99007027836,0.004171226484275768,0.3896084073727596,34.169774255434056,26428.708984375,26250.3828125,26698.5703125,26250.3828125,-0.001059047915404454,-0.0006598766551961788,-0.004468963121400216,-0.008172958468425917
2026-08-31 12:40:00-04:00,26281.99609375,26310.583984375,26281.99609375,26306.759765625,85642000.0,26296.284559667583,26295.62499120324,26309.502646377146,26363.725621317415,26349.363625706606,46.68107359776663,-24.335676414440968,-31.51790215472422,7.182225740283251,26291.26689453125,26320.545837200993,26261.98795186151,0.002227275147081787,0.764573609581884,33.771068281831624,26428.708984375,26250.3828125,26698.5703125,26250.3828125,0.0008764038047250899,0.0009863412691741846,-0.0034594280568146507,-0.0077955724855127695
2026-08-31 12:50:00-04:00,26307.65625,26321.140625,26306.271484375,26320.265625,74897000.0,26304.278248111725,26300.105106439012,26310.527691960277,26362.300703405366,26348.882667017242,49.39153135020248,-20.689353199919424,-29.352192363763262,8.662839163843838,26292.58056640625,26324.47184073144,26260.68929208106,0.0024258763223824887,0.9340538153391201,32.420930592057935,26380.54296875,26250.3828125,26698.5703125,26250.3828125,0.000513398818224875,0.0019017282538202895,0.000999218274374103,-0.008262944726898369
2026-08-31 13:00:00-04:00,26318.435546875,26318.435546875,26298.458984375,26299.572265625,77843000.0,26302.70958728282,26300.008226291007,26309.484318023584,26360.244033314204,26348.067619060344,45.56921804252568,-19.24752347258618,-27.33125858552785,8.083735112941667,26292.04853515625,26323.08912389426,26261.007946418238,0.0023612149275097686,0.6211918132779719,31.66276702298237,26335.466796875,26250.3828125,26698.5703125,26250.3828125,-0.0007862139261749501,0.00035317819890567925,-0.00040442945270846575,-0.010146428758619042
2026-08-31 13:10:00-04:00,26298.541015625,26314.4375,26296.2890625,26304.998046875,76952000.0,26303.47240714688,26300.915466397186,26309.057054104673,26358.432689496527,26347.355725305213,46.733200298138534,-17.465713945788593,-25.35814965758,7.892435711791407,26291.603125,26321.61496632115,26261.591283678852,0.002282998201247905,0.7231606140333535,30.697457771340773,26335.466796875,26250.3828125,26698.5703125,26250.3828125,0.00020630682488675944,-0.0002505282620375304,-0.00033853594522859076,-0.009566017366953394
2026-08-31 13:20:00-04:00,26302.17578125,26304.99609375,26279.56640625,26282.208984375,62148000.0,26296.384599556255,26297.514287847698,26306.5000950828,26355.93355162369,26346.278919670003,42.611490814961854,-17.6886007672947,-23.824239879522942,6.13563911222824,26292.21552734375,26320.906703559143,26263.524351128355,0.002182484483710049,0.32561636906017954,30.321327975173578,26321.140625,26250.3828125,26698.5703125,26250.3828125,-0.0008663396385504285,-5.766401157081269e-05,0.000466237726966634,-0.010289276828522431
2026-08-31 13:30:00-04:00,26282.154296875,26294.90234375,26275.642578125,26294.90234375,61402000.0,26295.89051428751,26297.039388920843,26305.39554733682,26353.932528414716,26345.42972006802,45.49501046529203,-16.64907202183531,-22.389206307985418,5.740134286150109,26292.24375,26320.944330444483,26263.54316955552,0.0021831975024559553,0.5463160275650405,29.53121637873261,26321.140625,26250.3828125,26698.5703125,26250.3828125,0.00048296394654445685,-0.00045073669203810063,2.1466717562868e-05,-0.00764101506834447
2026-08-31 13:40:00-04:00,26296.01171875,26321.658203125,26294.9453125,26317.154296875,64891000.0,26302.978441816675,26300.696644912507,26306.515428245217,26352.726684757676,26344.96235770119,50.217300518023656,-13.869808829273097,-20.685326812242955,6.815517982969858,26294.75771484375,26322.93280339229,26266.582626295207,0.002143019445479542,0.8974536227750504,29.33297659275171,26321.140625,26250.3828125,26698.5703125,26250.3828125,0.0008462458933713446,-0.0001182103619062902,0.0019141712470553962,-0.007273354180933556
2026-08-31 13:50:00-04:00,26316.6640625,26333.9296875,26316.26953125,26320.439453125,76163000.0,26308.798778919452,26304.286246405685,26307.841525852815,26351.668086999227,26344.557020435474,50.893735216184474,-11.272199176077265,-18.802701285009817,7.530502108932552,26296.8212890625,26326.148828339927,26267.493749785073,0.0022305007099565105,0.9026618776141034,28.49920371112659,26321.658203125,26257.630859375,26698.5703125,26250.3828125,0.00012482946343439494,0.0007934420867854453,0.0015705019437479706,-0.0076573344490875606
2026-08-31 14:00:00-04:00,26315.75,26326.912109375,26295.857421875,26324.66796875,76989000.0,26314.088508862973,26307.99201410465,26309.444044223972,26350.782837220562,26344.22827577952,51.80154968813036,-8.771259321852995,-16.796412892378452,8.025153570525458,26299.58193359375,26328.47701173634,26270.686855451157,0.0021973792751194157,0.9340883771356567,28.681738267474692,26333.9296875,26261.22265625,26698.5703125,26250.3828125,0.0001606552061006461,0.0007477636698527412,0.0021017904810280985,-0.00905648686007654
2026-08-31 14:10:00-04:00,26324.986328125,26324.986328125,26313.0,26321.14453125,68911000.0,26316.440516325318,26310.383380858348,26310.558376321686,26349.81108948382,26343.846726283165,50.95623034176397,-6.992948076269386,-14.83571992915664,7.842771852887255,26300.99892578125,26331.17668222607,26270.82116933643,0.002294799260665257,0.8337823589634223,27.489208971583643,26333.9296875,26261.22265625,26698.5703125,26250.3828125,-0.0001338454678395662,0.0014814411870078814,0.0010778554850587874,-0.011802341197674426
2026-08-31 14:20:00-04:00,26321.220703125,26323.96484375,26300.638671875,26301.736328125,75335000.0,26311.539120258545,26308.81118945228,26309.71818125533,26348.234867799925,26343.15068664419,46.45894125685719,-7.0682252918268205,-13.282221001690678,6.213995709863857,26301.3322265625,26331.387703397104,26271.276749727895,0.0022854718214045987,0.5067225944330296,27.19184917897053,26333.9296875,26261.22265625,26698.5703125,26250.3828125,-0.0007373616714104747,0.0002598976898890992,0.0002535081878762835,-0.014441284760065454
2026-08-31 14:30:00-04:00,26300.642578125,26303.458984375,26261.244140625,26265.326171875,66275000.0,26296.1348041307,26300.904822620047,26305.490370838157,26345.51654990075,26341.86433102817,39.42845766664092,-9.951167480176082,-12.61601029738776,2.664842817211678,26299.5458984375,26333.45518015696,26265.63661671804,0.00257869712659001,-0.004577579165594576,28.26492021975835,26333.9296875,26261.22265625,26698.5703125,26250.3828125,-0.0013843251941912937,-0.001969366612185497,-0.0013583700569257395,-0.014415509793661019
2026-08-31 14:40:00-04:00,26263.353515625,26272.876953125,26253.55078125,26272.451171875,73403000.0,26288.240260045466,26295.731431575492,26302.343780460713,26343.12096373597,26340.71700608349,41.300423290573555,-11.528103183525673,-12.398428874615343,0.8703256910896702,26297.82783203125,26333.525122122654,26262.130541939845,0.002714847045117872,0.14455761079802754,27.626438195132753,26333.9296875,26261.22265625,26676.205078125,26250.3828125,0.0002712701891982583,-0.0018232325237375058,-0.0013061760380509435,-0.013611238683730154
2026-08-31 14:50:00-04:00,26273.1875,26292.046875,26268.04296875,26282.86328125,79772000.0,26286.447933780313,26293.391767879948,26300.488494821595,26341.145302015117,26339.76074616889,44.02298366574707,-11.801624104282382,-12.279067920548751,0.4774438162663692,26297.6158203125,26333.61446039147,26261.617180233534,0.0027377873587431396,0.2950958837592213,27.367685913337557,26333.9296875,26253.55078125,26676.205078125,26250.3828125,0.0003963128261952331,-0.0015880423468066507,-0.00016130473912734367,-0.014482468810094296
2026-08-31 15:00:00-04:00,26284.142578125,26298.421875,26283.880859375,26298.04296875,89338000.0,26290.312945436875,26294.237440765413,26300.25558757668,26339.73211076052,26339.07119612891,47.822551323220594,-10.670514437020756,-11.957357223843154,1.2868427868223975,26297.46396484375,26333.42847682321,26261.499452864293,0.0027352076251564365,0.5080496560968107,26.524179330242017,26333.9296875,26253.55078125,26676.205078125,26250.3828125,0.0005775507537959523,-0.0008776807738194448,-0.00011547470164641194,-0.012270512009065815
2026-08-31 15:10:00-04:00,26300.1796875,26307.4140625,26294.6875,26298.34375,84955000.0,26292.98988029125,26294.984042444426,26300.073507807476,26338.375115325747,26338.398015201157,47.89801731754085,-9.638722154275456,-11.493630209929615,1.8549080556541586,26298.3392578125,26333.485397094002,26263.193118530995,0.0026728789933807423,0.5000639072682418,25.538635270939015,26333.9296875,26253.55078125,26623.3125,26250.3828125,1.143740050757458e-05,-0.0001289868502473146,0.0006661073534965922,-0.009565937679549386
2026-08-31 15:20:00-04:00,26298.212890625,26323.521484375,26294.169921875,26323.521484375,94623000.0,26303.1670816525,26300.172668249983,26302.306648432954,26337.88811103228,26338.152122129653,53.9076494229619,-6.712014664608432,-10.537307100865378,3.8252924362569463,26301.0,26335.301549412452,26266.698450587548,0.002608383666967188,0.8282866920119991,25.81098721587194,26333.9296875,26253.55078125,26560.87890625,26250.3828125,0.0009573885950517891,0.002215670657169211,0.0020256651160557304,-0.006027418233485959
2026-08-31 15:30:00-04:00,26321.380859375,26327.4453125,26309.525390625,26324.78515625,122206000.0,26310.37310651834,26304.647666068166,26304.447458701245,26337.45850595745,26337.931180544867,54.193228035742024,-4.241714291914832,-9.27818853907527,5.036474247160438,26302.72490234375,26338.149310118224,26267.300494569277,0.002693592234720655,0.811370821591346,25.247339691523944,26333.9296875,26253.55078125,26506.080078125,26250.3828125,4.800542646821171e-05,0.001991971896060596,0.00131219741844113,-0.0067584367342024
2026-08-31 15:40:00-04:00,26324.85546875,26348.359375,26322.154296875,26341.552734375,141608000.0,26320.766315803896,26311.35767848759,26307.981294479698,26337.592742954745,26337.991040938756,57.91889996375223,-0.9203705678155529,-7.606624944823327,6.686254377007774,26304.223046875,26343.360159553995,26265.085934196002,0.002975728468333979,0.9769090633509497,25.31574957962938,26333.9296875,26253.55078125,26505.71875,26250.3828125,0.0006369502362688628,0.002232993129286154,0.0011387715756794314,-0.00391149493982057
2026-08-31 15:50:00-04:00,26392.423828125,26398.33203125,26367.263671875,26368.00390625,336329000.0,26336.512179285935,26321.65699262621,26313.697733695917,26338.5898302759,26338.487121357128,63.0276147144661,3.8023753549714456,-5.324824884864373,9.127200239835819,26308.43701171875,26355.237075891422,26261.636947546078,0.003557798903205512,1.1363975732113716,27.563145815012994,26348.359375,26253.55078125,26469.455078125,26250.3828125,0.0010041614532647625,0.002660309650536874,0.003206520313522754,-0.002160071777208006
2026-09-01 09:30:00-04:00,26035.671875,26056.1875,25996.419921875,26028.552734375,117195007.0,26233.85903098229,26268.365309307806,26286.541067093927,26328.424679590626,26333.364238927676,23.53703865935671,-19.61952545742679,-8.183764999376857,-11.435760458049932,26294.52666015625,26425.227592035673,26163.825728276828,0.009941303265783595,-0.5174905486772792,52.136062855012064,26398.33203125,26253.55078125,26469.455078125,26250.3828125,-0.012873601395156808,-0.010258859576470436,-0.010575495945856939,-0.015747093464675177
2026-09-01 09:40:00-04:00,26020.2890625,26095.33984375,26004.138671875,26091.4765625,197623044.0,26186.39820815486,26236.203718979115,26267.96349522784,26320.655888866342,26329.36609551565,32.03770796697734,-32.72686857446388,-13.092385714394261,-19.634482860069618,26283.08720703125,26440.162535496125,26126.011878566376,0.011952578266593713,-0.10993233757298529,54.9264277850112,26398.33203125,25996.419921875,26469.455078125,25996.419921875,0.0024174923887296806,-0.008815117005250839,-0.008692505834085762,-0.013999838949115717
2026-09-01 09:50:00-04:00,26099.82421875,26109.775390625,26063.689453125,26077.87109375,155187000.0,26150.222503353245,26207.415968937457,26249.859456991853,26312.69573164941,26325.209153337702,31.229269645420572,-43.70853526360224,-19.21561562423586,-24.492919639366384,26272.0021484375,26452.417014551473,26091.587282323526,0.013734382716218177,-0.038012911211155256,54.294964193224686,26398.33203125,25996.419921875,26468.931640625,25996.419921875,-0.0005214526175784107,-0.009379528115213476,-0.008429839452741783,-0.013358219333667432
2026-09-01 10:00:00-04:00,26077.787109375,26133.57421875,26068.521484375,26131.798828125,201936000.0,26144.081278277165,26193.667397880643,26238.61558757596,26306.764685632217,26322.012288458154,37.916482090789664,-47.51237468228646,-24.87496743584598,-22.637407246440482,26263.3421875,26452.98182619338,26073.702548806617,0.014441394194196643,0.15317546405030744,55.06337634906578,26398.33203125,25996.419921875,26443.541015625,25996.419921875,0.0020679500324674027,-0.007962852773529816,-0.0065842703520206936,-0.009511281460063636
2026-09-01 10:10:00-04:00,26135.01171875,26150.767578125,26109.296875,26125.849609375,175852000.0,26138.00405530978,26181.33689087962,26227.87597060444,26300.833043787716,26318.7699301262,37.48345650053072,-50.42572074043346,-29.98511809676348,-20.440602643669983,26255.52421875,26454.089977694683,26056.95845980532,0.01512563659291777,0.17347187635929068,54.09247111877537,26398.33203125,25996.419921875,26443.541015625,25996.419921875,-0.0002276620445890165,-0.009183641573172086,-0.0059492478388311065,-0.010884281808952179
2026-09-01 10:20:00-04:00,26128.408203125,26157.3359375,26128.408203125,26149.224609375,140242000.0,26141.74423999819,26175.49829424241,26220.385364773065,26295.862275446314,26315.967528130313,40.36524010250395,-50.26893237299737,-34.04188095201026,-16.22705142098711,26248.24033203125,26451.134232006836,26045.346432055667,0.01545961919039496,0.2559913761129177,52.47774661921999,26398.33203125,25996.419921875,26443.541015625,25996.419921875,0.000894707745374701,0.004636134641502032,-0.005540151184840858,-0.00966655586035925
2026-09-01 10:30:00-04:00,26148.943359375,26186.498046875,26148.943359375,26175.421875,136218000.0,26152.970118332127,26175.4843998347,26216.103127651822,26291.91340985791,26313.64445948353,43.50821376796927,-47.48341679454461,-36.730188120517134,-10.753228674027476,26241.1537109375,26443.825200002884,26038.482221872113,0.015446842871158578,0.33783650023834333,51.41181382499,26398.33203125,25996.419921875,26443.541015625,25996.419921875,0.0010018371870041953,0.003217346181957792,-0.00538555271881469,-0.008370806041636758
2026-09-01 10:40:00-04:00,26175.357421875,26208.814453125,26175.357421875,26193.021484375,127919000.0,26166.320573679754,26178.672960660206,26213.904875911172,26288.671051645353,26311.65069129992,45.58315763822946,-43.355953792401124,-38.05534125489393,-5.300612537507192,26234.7828125,26435.081278685604,26034.4843463144,0.015269687393041199,0.3957522518262717,50.129329355347856,26398.33203125,25996.419921875,26443.541015625,25996.419921875,0.0006723715651670847,0.004415636161825942,-0.004841027406739307,-0.009353899976029423
2026-09-01 10:50:00-04:00,26192.41796875,26192.41796875,26165.16796875,26172.505859375,141463000.0,26168.38233557817,26177.551669517437,26209.962112431538,26284.86235681682,26309.35077672265,43.57399615684976,-41.26467561359823,-38.69720812663479,-2.5674674869634373,26227.17470703125,26424.779762625225,26029.569651437272,0.015068726067623323,0.3616714347415841,48.538199803180156,26398.33203125,25996.419921875,26443.541015625,25996.419921875,-0.0007832477445276487,0.0015577584810650968,-0.005780210012739095,-0.009881147963415216
2026-09-01 11:00:00-04:00,26172.974609375,26182.7578125,26130.357421875,26135.5546875,126867000.0,26157.439786218783,26169.915854605173,26202.87569100949,26279.967023396595,26306.47811409087,40.14206698757137,-42.1036289209369,-39.37849228549521,-2.725136635441686,26217.89521484375,26414.405016427045,26021.385413260454,0.014990509342797114,0.2904925691229523,48.81407057616729,26398.33203125,25996.419921875,26435.015625,25996.419921875,-0.0014118316401776632,0.000371474163332719,-0.007050979243309774,-0.01069066507881189
2026-09-01 11:10:00-04:00,26134.716796875,26162.9140625,26134.716796875,26161.18359375,102695000.0,26158.687722062525,26168.32817081332,26198.90501508001,26276.072484719658,26304.076551771188,43.46784317800999,-40.23664393185754,-39.55012261476768,-0.6865213170898627,26210.867578125,26404.918928403913,26016.816227846084,0.014806938358718455,0.37198237913937054,47.34144165108391,26398.33203125,25996.419921875,26429.7109375,25996.419921875,0.0009806145902178098,0.0004573360990105524,-0.005343857630596971,-0.009455944668965044
2026-09-01 11:20:00-04:00,26161.78515625,26184.40625,26153.259765625,26184.40625,111524000.0,26167.260564708355,26171.25145793817,26197.524180310487,26273.06703440098,26302.09853025431,46.3752327519008,-36.46284956512682,-38.93266800483951,2.4698184397126965,26206.82158203125,26399.532087448286,26014.111076614216,0.014706896432581312,0.4418419561955306,46.18465898850649,26398.33203125,25996.419921875,26428.708984375,25996.419921875,0.0008876760551288498,0.00034323706578276436,-0.003080864914658865,-0.008155496505754312
2026-09-01 11:30:00-04:00,26185.185546875,26214.43359375,26180.462890625,26211.716796875,97902000.0,26182.079308763903,26178.60879229032,26198.875858078536,26271.055551203404,26300.60461730589,49.65446247732411,-30.91202289386274,-37.32853898264416,6.416516088781421,26203.78486328125,26394.162898432587,26013.40682812991,0.014530575345862353,0.520832060766478,45.3122335696846,26398.33203125,25996.419921875,26428.708984375,25996.419921875,0.0010430080641985473,0.0007137516575226321,-0.0023117133077029672,-0.006981041301109214
2026-09-01 11:40:00-04:00,26211.654296875,26251.685546875,26209.841796875,26251.685546875,97367000.0,26205.28138813427,26191.89547494208,26203.90535224963,26270.420469094275,26299.79603762935,54.08015918647673,-23.02242054009548,-34.46731529413442,11.444894754038941,26202.2259765625,26390.487208941704,26013.964744183293,0.014369865563910665,0.631358882780703,45.064484743278555,26398.33203125,25996.419921875,26428.708984375,25996.419921875,0.001524842890289646,0.0030253002110471883,-0.0011862381218274987,-0.0049564644582758
2026-09-01 11:50:00-04:00,26249.806640625,26260.01953125,26239.857421875,26244.853515625,89217000.0,26218.472097297847,26201.524209611704,26207.805177333,26269.582208324788,26298.887896769775,53.21896507282214,-17.123749729707924,-30.998602181249126,13.874852451541202,26199.56650390625,26383.797995939054,26015.33501187345,0.014063705367440674,0.6229079003243515,43.28574364554437,26398.33203125,25996.419921875,26428.708984375,25996.419921875,-0.00026025114607597377,0.004181997643894375,-0.002022563168985858,-0.004880006392529945
2026-09-01 12:00:00-04:00,26246.271484375,26246.271484375,26213.6796875,26214.169921875,93959000.0,26217.038038823568,26203.823430023207,26208.411343479856,26267.765412047745,26297.48759966408,49.41315802940692,-14.754835636329517,-27.749848872265208,12.99501323593569,26195.3578125,26374.1360366139,26016.579588386096,0.013649611155805088,0.5526129775263231,42.52189030479121,26398.33203125,25996.419921875,26428.708984375,25996.419921875,-0.0011691280247280167,0.0020253796214961817,-0.0032007273509382372,-0.00708456199481855
2026-09-01 12:10:00-04:00,26212.54296875,26218.404296875,26166.1953125,26166.1953125,87796000.0,26200.09046338238,26196.9819541099,26204.390769100824,26264.43524484946,26295.31747921509,44.102662406054165,-16.557736902072065,-25.511426478226582,8.953689576154517,26187.49150390625,26356.604019993334,26018.378987819167,0.012915518545322122,0.43703543682336204,43.213825595520404,26398.33203125,25996.419921875,26428.708984375,25996.419921875,-0.0018301021744338009,-0.0006954878917676544,-0.005976638496805409,-0.008604076468905375
2026-09-01 12:20:00-04:00,26167.61328125,26177.16015625,26142.28515625,26158.576171875,87377000.0,26186.252366213255,26189.999084612642,26200.027474126935,26260.964455571608,26293.05729231691,43.306638438831015,-18.389368919084518,-24.08701496639817,5.6976460473136505,26179.1810546875,26336.407320695922,26021.954788679075,0.01201154961111905,0.43447378947677023,42.61819519584038,26398.33203125,25996.419921875,26428.708984375,25996.419921875,-0.00029118259395399804,-0.00202736148157745,-0.00631378312827513,-0.009506032845355783
2026-09-01 12:30:00-04:00,26159.68359375,26162.923828125,26125.318359375,26146.5078125,85028000.0,26173.004181642173,26182.09158059216,26194.930363495798,26257.211778749588,26290.634986865392,42.01311833857777,-20.577560917663504,-23.385124156651237,2.8075632389877327,26169.42880859375,26308.282217574437,26030.575399613066,0.010611879227191036,0.4174633296293799,42.26014330685178,26398.33203125,25996.419921875,26428.708984375,25996.419921875,-0.0004613538327049582,-0.004006513569850378,-0.0074044580379072356,-0.010104072449047763
2026-09-01 12:40:00-04:00,26147.373046875,26150.626953125,26119.56640625,26140.6640625,69700000.0,26162.224141928116,26174.559304575403,26189.76214435334,26253.39054215124,26288.15612861142,41.36877192798219,-22.523622330594662,-23.212823791439924,0.6892014608452612,26158.06181640625,26263.145132787697,26052.978500024805,0.008034487961607155,0.4172192384797889,41.460172133148085,26398.33203125,25996.419921875,26428.708984375,25996.419921875,-0.00022350021050254743,-0.00396990034876632,-0.008621807117379587,-0.009887571658947047
2026-09-01 12:50:00-04:00,26141.3984375,26171.248046875,26136.33203125,26168.2890625,73961000.0,26164.245782118745,26173.41926056169,26187.717088938734,26250.600329703655,26286.174854791396,45.61505127564843,-21.587931160323933,-22.887845265216725,1.2999141048927925,26165.0486328125,26251.72988692527,26078.36737869973,0.0066257284921737835,0.5186916405436612,40.99273238256608,26260.01953125,25996.419921875,26428.708984375,25996.419921875,0.0010567826407910097,-0.0017502312494248606,0.005368578481909081,-0.008704911534026305
2026-09-01 13:00:00-04:00,26166.55859375,26166.55859375,26118.86328125,26124.544921875,77933000.0,26151.0121620375,26164.53301716411,26181.70069207552,26246.46736551255,26283.503285652285,40.600693599069864,-24.098384553581127,-23.129953122889606,-0.9684314306915205,26166.70205078125,26248.849752298538,26084.55434926396,0.006278796720952221,0.24340652186491316,41.59509301595422,26260.01953125,26004.138671875,26398.33203125,25996.419921875,-0.0016716469510300591,-0.0015917633468517378,0.001267400842408728,-0.006444333915393563
2026-09-01 13:10:00-04:00,26125.27734375,26139.77734375,26117.25390625,26120.26171875,69616000.0,26140.762014275002,26156.483690179724,26175.849361282613,26242.32947545476,26280.805077934892,40.13546235105025,-26.132318549112824,-23.73042620813425,-2.4018923409785735,26168.82158203125,26243.5439235103,26094.0992405522,0.005710791465700354,0.17506463047022056,40.23283190767178,26260.01953125,26063.689453125,26398.33203125,25996.419921875,-0.0001639532147951206,-0.0014646994879711217,0.0016255400928859576,-0.007219674453591507
2026-09-01 13:20:00-04:00,26119.904296875,26125.853515625,26098.998046875,26121.03125,74249000.0,26134.185092850006,26150.037791965227,26170.62858877951,26238.352484456245,26278.164188216964,40.26789209481623,-27.36666527154739,-24.457674020816878,-2.9089912507305122,26168.283203125,26244.210241882585,26092.356164367415,0.005802982042667445,0.18883316208430792,39.27730596783809,26260.01953125,26068.521484375,26398.33203125,25996.419921875,2.94610849724819e-05,-0.0009743772546106921,-0.00041204886796430973,-0.007329774536990352
2026-09-01 13:30:00-04:00,26120.83203125,26137.2109375,26118.763671875,26124.3359375,68706000.0,26130.90204106667,26145.364727517,26166.219764848127,26234.614237015056,26275.621572502634,40.87280383221642,-27.7582534128087,-25.117789899215243,-2.640463513593456,26168.20751953125,26244.306420692472,26092.108618370028,0.005816134032445569,0.21174628436286885,37.789445943349655,26260.01953125,26098.998046875,26398.33203125,25996.419921875,0.00012651443460898193,-0.0006246254862141143,-5.793770911310947e-05,-0.005543403751016696
2026-09-01 13:40:00-04:00,26123.5078125,26132.138671875,26110.29296875,26110.29296875,65751000.0,26124.03235029445,26138.988044104815,26160.893403314974,26230.538129858825,26272.88886830838,39.062476298831214,-28.868956689722836,-25.868023257316764,-3.0009334324060717,26166.2609375,26246.102248200452,26086.419626799547,0.006102615187638717,0.14950494763306782,36.6506071706104,26260.01953125,26098.998046875,26398.33203125,25996.419921875,-0.0005375435679435547,-0.002216273811844638,-0.001488825814400685,-0.00699941267357862
2026-09-01 13:50:00-04:00,26109.595703125,26124.142578125,26106.6171875,26121.796875,69030000.0,26123.287191862968,26135.862376994846,26157.16992442783,26226.972842814273,26270.391479989234,41.35403989372099,-28.49248432332024,-26.392915470517462,-2.099568852802779,26163.5796875,26245.582763684622,26081.57661131538,0.006268490563147143,0.2452363103676014,35.28452027449537,26260.01953125,26098.998046875,26398.33203125,25996.419921875,0.0004405889380010297,-0.0001051902294649798,-0.002048677582202285,-0.005523235063173648
2026-09-01 14:00:00-04:00,26123.7890625,26130.125,26099.150390625,26106.119140625,69112000.0,26117.56450811698,26130.45451583669,26152.307945018038,26223.01042634905,26267.676234710485,39.19103974490944,-29.123472142251558,-26.93902680486428,-2.1844453373872774,26159.2345703125,26243.709201646627,26074.75993897837,0.006458494120466029,0.1856131311339573,34.97666949595999,26260.01953125,26098.998046875,26398.33203125,25996.419921875,-0.0006001782515200338,-0.0005414409042788781,-0.0033177670549325855,-0.006585019294780614
2026-09-01 14:10:00-04:00,26107.39453125,26108.0078125,26086.310546875,26104.017578125,69963000.0,26113.04886478632,26125.647799889106,26147.708862456795,26219.109021489243,26264.971132948744,38.897340917931075,-29.45359040902622,-27.441939525696668,-2.011650883329551,26155.81015625,26243.35223021973,26068.268082280272,0.006693891219332835,0.20418465215417125,34.028140648034274,26260.01953125,26098.998046875,26398.33203125,25996.419921875,-8.050076262500205e-05,-0.000651339976288301,-0.002616802594982204,-0.006297713428313978
2026-09-01 14:20:00-04:00,26103.703125,26106.328125,26082.416015625,26087.5625,66883000.0,26104.55340985755,26118.72319990927,26141.98063746091,26214.796020784677,26262.03875885042,36.58545595654835,-30.689232429613185,-28.09139810647997,-2.5978343231332133,26153.410546875,26245.552144040328,26061.26894970967,0.0070462394952416135,0.14268013090305212,33.30556698567469,26260.01953125,26086.310546875,26398.33203125,25996.419921875,-0.0006303657310892108,-0.0014076314738861173,-0.0018362796609384668,-0.007806021074563185
2026-09-01 14:30:00-04:00,26087.095703125,26089.615234375,26054.068359375,26054.5859375,78862000.0,26087.89758573837,26107.06187947122,26133.65733270273,26209.543231168784,26258.609786596695,32.42605710861534,-33.938202161647496,-29.260758917513478,-4.677443244134018,26148.0806640625,26249.656349918307,26046.504978206696,0.0077692651449870415,0.039778019834270754,33.465660415269355,26260.01953125,26082.416015625,26398.33203125,25996.419921875,-0.001264072199156252,-0.0021335276213358956,-0.004074649599396074,-0.009145606843488086
2026-09-01 14:40:00-04:00,26054.388671875,26058.423828125,26010.33984375,26040.072265625,95344000.0,26071.955812367247,26094.881949680996,26124.744469171517,26203.986806068988,26254.997596167414,30.768077962243765,-37.25471691994608,-30.859550518,-6.395166401946078,26140.86396484375,26251.22043341033,26030.50749627717,0.008443215091513155,0.04333578933826009,34.50982641239297,26260.01953125,26054.068359375,26398.33203125,25996.419921875,-0.0005570486481656367,-0.0031285983030215903,-0.00551221146650982,-0.009922814549886971
2026-09-01 14:50:00-04:00,26041.525390625,26075.810546875,26036.552734375,26071.642578125,86915000.0,26071.851400953165,26090.656609398087,26119.687146214703,26199.64765105443,26251.966934712167,38.173439576834674,-36.91014125285437,-32.06966866497088,-4.840472587883497,26133.86025390625,26243.115174167924,26024.605333644573,0.00836117735383889,0.21526373534376533,34.848968275793474,26260.01953125,26010.33984375,26398.33203125,25996.419921875,0.0012123742276120009,-0.001320631470127176,-0.005343954378703608,-0.008939506520411755
2026-09-01 15:00:00-04:00,26069.58203125,26092.75,26069.2265625,26090.259765625,80617000.0,26077.987522510444,26090.584455984797,26116.884538539492,26196.061163007562,26249.29408894213,42.10615186047237,-34.73441440538954,-32.602617813054614,-2.131796592334929,26125.78896484375,26222.120140253897,26029.4577894336,0.007374412733699799,0.3155882606670371,34.04000179180823,26260.01953125,26010.33984375,26398.33203125,25996.419921875,0.0007140780426171389,-0.000527038125791357,-0.006149158725894277,-0.007488225162692319
2026-09-01 15:10:00-04:00,26092.4765625,26112.12890625,26089.447265625,26108.1015625,83956000.0,26088.025535840297,26093.76938444211,26116.04806463097,26193.177241679445,26246.960328174493,45.67267165022966,-31.210674082954938,-32.32422906703468,1.113554984079741,26118.9513671875,26198.449667665245,26039.453066709753,0.006087403690916735,0.4317607758763568,33.22869027989336,26260.01953125,26010.33984375,26398.33203125,25996.419921875,0.0006838489549463311,0.0007873124405548548,-0.005210619790412818,-0.007337284820690848
2026-09-01 15:20:00-04:00,26107.705078125,26111.125,26097.7578125,26107.62109375,90133000.0,26094.557388476867,26096.28787704354,26115.24549597564,26190.372122075198,26244.657200332767,45.5912191040626,-28.13255966699944,-31.485895187027634,3.3533355200281925,26113.62392578125,26180.0980834591,26047.149768103398,0.005091147660453403,0.4548483783702858,31.810011509900974,26246.271484375,26010.33984375,26398.33203125,25996.419921875,-1.8403051974091866e-05,0.002035540168522365,-0.004064550906724973,-0.006590992174446253
2026-09-01 15:30:00-04:00,26108.9453125,26108.9453125,26080.314453125,26086.830078125,117259000.0,26091.981618359583,26094.56827724017,26112.539265704152,26186.977300962077,26242.048487569,42.092952684408836,-27.05887514974529,-30.60049117957117,3.541616029825878,26109.6556640625,26172.478089587494,26046.833238537503,0.004812198700227548,0.31833250032333665,31.58292921455091,26218.404296875,26010.33984375,26398.33203125,25996.419921875,-0.0007963581036487533,0.001795609936218412,-0.003033120919077037,-0.006984180466940826
2026-09-01 15:40:00-04:00,26086.287109375,26110.685546875,26082.84375,26105.671875,150523000.0,26096.545037239724,26096.587113196503,26111.885228494233,26184.31154929119,26239.794328683565,46.127286435094334,-24.40625675845149,-29.361644295347237,4.955387536895746,26107.01044921875,26165.689230738964,26048.331667698534,0.004495250931496148,0.4885940523638163,31.31570547601156,26177.16015625,26010.33984375,26398.33203125,25996.419921875,0.0007222723810662579,0.0013052225909062631,-0.0020224455844765066,-0.007022184033477763
2026-09-01 15:50:00-04:00,26096.8203125,26103.71875,26065.634765625,26103.71875,286886000.0,26098.936274826483,26097.883774433503,26111.107468637638,26181.66916242918,26237.54514556483,45.771306014302574,-22.205665349221817,-27.930448506122154,5.724783156900337,26104.87099609375,26160.6836208082,26049.0583713793,0.004276031451969381,0.4896775496615354,31.938662897367877,26171.248046875,26010.33984375,26398.33203125,25996.419921875,-7.481611694781787e-05,0.0005158624136327727,-0.0016365115680780917,-0.007900362349232082
2026-09-02 09:30:00-04:00,26085.478515625,26107.8984375,26063.6015625,26092.666015625,98159026.0,26096.84618842599,26096.935091013773,26109.35113977929,26178.751026468388,26235.15044920219,43.715292471808034,-21.110198863647383,-26.5663985776272,5.456199713979817,26102.47109375,26156.002155215036,26048.94003228496,0.004101608715341483,0.408416927885854,32.82139233327017,26171.248046875,26010.33984375,26398.33203125,25996.419921875,-0.0004234160841546375,-0.0005912167469568352,-0.0018361448951810244,-0.0072690836854170104
2026-09-02 09:40:00-04:00,26092.6015625,26115.6875,26081.90234375,26092.21875,176018261.0,26095.30370895066,26096.077574465813,26107.719483609835,26175.91390264975,26232.78794177736,43.62988473695933,-20.04703464289196,-25.262525790680154,5.215491147788196,26098.667578125,26142.965757834027,26054.369398415976,0.0033946698295168397,0.4272111386138108,32.89023261303659,26171.248046875,26010.33984375,26398.33203125,25996.419921875,-1.71414306507911e-05,-0.0005899558483207779,-0.0029069654618348872,-0.008155356932454283
2026-09-02 09:50:00-04:00,26094.56640625,26116.853515625,26079.087890625,26116.853515625,189601506.0,26102.486977842113,26099.855018312937,26108.589391420803,26173.977496517793,26230.87167027071,49.48398910086103,-17.020448498220503,-23.614110332188226,6.593661833967722,26098.2830078125,26141.80260602838,26054.76340959662,0.003335054509360075,0.7133579878240112,33.23847492639112,26166.55859375,26010.33984375,26398.33203125,25996.419921875,0.0009441422311009529,0.0011509040159378703,-0.0002944130231933295,-0.007728345612963428
2026-09-02 10:00:00-04:00,26108.73046875,26160.23828125,26097.49609375,26152.583984375,193234771.0,26119.18598001974,26109.442103051493,26112.779352654536,26173.276069890162,26229.57765893359,56.53464795133036,-11.604932518795977,-21.212274769509776,9.607342250713799,26099.89912109375,26148.6496554965,26051.148586690997,0.0037356875730873923,1.0403516487224023,35.34588296736318,26139.77734375,26010.33984375,26398.33203125,25996.419921875,0.0013681000557215217,0.0017970083129683623,0.0012374403431723024,-0.005588998929922595
2026-09-02 10:10:00-04:00,26147.107421875,26193.88671875,26140.298828125,26190.208984375,182515000.0,26142.860314804828,26124.126990564855,26120.15360329458,26173.831247414255,26228.92693704006,62.47419290038388,-4.2283324492273096,-17.815486305453284,13.587153856225974,26103.3580078125,26165.57231422168,26041.14370140332,0.004766766512611865,1.1979984313518257,36.64888351433724,26160.23828125,26010.33984375,26398.33203125,25996.419921875,0.0014386723706720783,0.0033133299972825103,0.00264835387672524,-0.00436377384615072
2026-09-02 10:20:00-04:00,26189.17578125,26215.837890625,26184.060546875,26212.26171875,194618000.0,26165.994116119888,26140.15148659852,26128.925804766524,26175.091262867885,26228.651478886506,65.45393816962196,3.358433680190501,-13.580702308324527,16.939135988515027,26107.754296875,26185.7113327107,26029.797261039297,0.005971944959282274,1.1702885811054722,36.300916388313155,26193.88671875,26010.33984375,26398.33203125,25996.419921875,0.0008420220849767457,0.004583498790555973,0.003365665694253561,-0.0026613921861204926
2026-09-02 10:30:00-04:00,26210.8046875,26225.6875,26194.927734375,26210.388671875,236705000.0,26180.79230137159,26152.921883921517,26136.684173062567,26176.248554966478,26228.34961430781,64.98196984504213,9.11479162426258,-9.041603521807106,18.156395146069684,26112.75908203125,26202.662263030586,26022.855901031915,0.0068857665110692995,1.0429707200486633,35.90511990521936,26215.837890625,26010.33984375,26398.33203125,25996.419921875,-7.14568965889395e-05,0.004528933434417182,0.0038335725778642082,-0.0032140705742186304
2026-09-02 10:40:00-04:00,26213.505859375,26233.12109375,26192.025390625,26197.94921875,242739000.0,26186.511273831064,26161.10867207215,26142.518939318514,26176.960052139708,26227.84712843082,61.795071330987646,12.5285653582323,-4.727569745799226,17.256135104031525,26116.56669921875,26213.827820421913,26019.30557801559,0.007448231792739582,0.9183712799344281,36.27587584948941,26225.6875,26010.33984375,26398.33203125,25996.419921875,-0.00047460010153710375,0.0031051100040240254,0.002915279684410965,-0.0045295580510068545
2026-09-02 10:50:00-04:00,26198.330078125,26198.69921875,26166.169921875,26169.640625,281899000.0,26180.88772422071,26162.65993624085,26145.101957002465,26176.720070922012,26226.885037465025,55.16469370289975,12.80216333660428,-1.2216231293185245,14.023786465922806,26119.7427734375,26219.547151755174,26019.93839511983,0.007642064409544556,0.7499782695087585,36.00826306559731,26233.12109375,26010.33984375,26398.33203125,25996.419921875,-0.0010805652577469127,0.0006521971456123765,0.0024332028836928643,-0.005729343098300532
2026-09-02 11:00:00-04:00,26169.77734375,26198.66796875,26163.533203125,26195.703125,206405000.0,26185.82619114714,26168.66778874251,26149.92111585937,26177.342466137685,26226.369633953207,59.47573364827723,14.949686956846563,2.012638887914493,12.93704806893207,26124.32705078125,26229.119179229416,26019.53492233308,0.008022570552303156,0.8405602848025738,35.94587039126893,26233.12109375,26010.33984375,26398.33203125,25996.419921875,0.000995905919132234,0.00020977841865543745,0.0035123155506848747,-0.004899011220315996
2026-09-02 11:10:00-04:00,26194.642578125,26230.216796875,26187.5078125,26227.7734375,179944000.0,26199.808606598097,26179.414270334782,26157.335622682287,26178.99594060858,26226.39283731762,64.05571358006762,19.020168431889033,5.414144796709401,13.606023635179632,26131.33759765625,26243.830724828338,26018.84447048416,0.008609825406119166,0.9286299184137083,36.428949961535444,26233.12109375,26010.33984375,26398.33203125,25996.419921875,0.0012242585109079052,0.0005917733813447512,0.005374627756042694,-0.0035473796984453188
2026-09-02 11:20:00-04:00,26228.013671875,26244.974609375,26217.5,26242.171875,144559000.0,26213.9296960654,26190.824743910274,26165.415265760163,26181.067282719774,26226.653647857827,65.91809704256517,23.141131343309098,8.95954210602934,14.181589237279757,26140.71689453125,26257.256599185905,26024.1771898766,0.008916335778001083,0.9352807516090511,35.78935420535434,26233.12109375,26010.33984375,26398.33203125,25996.419921875,0.0005489767377437893,0.0012126185354550678,0.0071997282148326125,-0.002264658590669044
2026-09-02 11:30:00-04:00,26243.125,26243.431640625,26220.08203125,26222.8671875,142077000.0,26216.908859876938,26196.650642744768,26170.88687735443,26182.43777140109,26226.591061736213,61.32988496314145,24.56611432127829,12.080856549079131,12.48525777219916,26149.856640625,26261.97813182003,26037.73514942997,0.008575304464258074,0.825586763504609,34.90080100318618,26244.974609375,26010.33984375,26398.33203125,25996.419921875,-0.000735636043844079,0.0009511419593166703,0.007019754784486576,-0.001616541294677143
2026-09-02 11:40:00-04:00,26225.109375,26227.185546875,26193.08984375,26193.08984375,125607000.0,26208.969187834628,26196.003224745717,26173.00144558258,26182.787019674826,26226.03732259595,54.973632750946,23.027197616596823,14.270124762582672,8.757072854014151,26155.92900390625,26263.511848544505,26048.346159267996,0.008226268286795535,0.6727080184982182,34.843294011887174,26244.974609375,26036.552734375,26398.33203125,25996.419921875,-0.0011355487383238883,0.0008960466475644857,0.004658213047416426,-0.0030207051335185975
2026-09-02 11:50:00-04:00,26194.0546875,26233.1484375,26185.203125,26233.1484375,109366000.0,26217.028937723087,26202.756899791948,26178.729730527095,26184.43821370188,26226.15486168527,60.85172067594947,24.75463277542076,16.367026365150288,8.387606410270472,26163.0734375,26271.23986088812,26054.90701411188,0.00826863278479227,0.8239221461014722,35.779152475323805,26244.974609375,26063.6015625,26398.33203125,25996.419921875,0.0015293573224450796,0.0014294448338081356,0.005476705604260168,-0.0018915307368914114
2026-09-02 12:00:00-04:00,26231.681640625,26244.107421875,26224.306640625,26234.15625,103313000.0,26222.738041815395,26208.465872557048,26184.008446667372,26186.068313252636,26226.28711603758,60.98970100374745,25.906327611817687,18.27488661448377,7.631440997333918,26169.376171875,26278.67964457624,26060.072699173757,0.008353540564617165,0.7963312899584788,34.63784024494354,26244.974609375,26063.6015625,26398.33203125,25996.419921875,3.841751981847885e-05,0.00024336082188636254,0.004828182822800731,-0.0024293335753506895
2026-09-02 12:10:00-04:00,26235.01953125,26240.626953125,26216.787109375,26221.314453125,97587000.0,26222.263512251935,26210.801978114854,26187.56139966334,26187.223924395992,26226.20492326217,58.17599292646933,25.48900697666977,19.71771068692097,5.7712962897488005,26175.06083984375,26282.739836968947,26067.381842718554,0.008227602433021832,0.7147754646501351,33.866554781019,26244.974609375,26063.6015625,26398.33203125,25996.419921875,-0.0004895067618193583,-0.0007948054747278777,0.004354795826350344,-0.0029290550616899447
2026-09-02 12:20:00-04:00,26221.7734375,26223.9765625,26195.380859375,26200.015625,102699000.0,26214.847549834623,26208.84082300306,26188.74751636207,26187.643324415796,26225.77204229916,53.74712841002487,23.172521534859698,20.408672856508716,2.763848678350982,26180.7201171875,26280.891328318343,26080.548906056654,0.007652288453676449,0.5963126411005331,33.49006537701764,26244.974609375,26063.6015625,26398.33203125,25996.419921875,-0.000812271564916256,-0.0008714364579817113,0.004338800327062797,-0.004691844115473298
2026-09-02 12:30:00-04:00,26200.712890625,26220.423828125,26200.712890625,26208.013671875,83911000.0,26212.56959051475,26208.690431888866,26190.58238831568,26188.31120466036,26225.47851551529,55.128566585486425,21.731557802278985,20.673249845662774,1.0583079566162112,26185.83720703125,26280.45260218423,26091.221811878273,0.007226455614531371,0.6171926873417034,32.55564664473067,26244.974609375,26063.6015625,26398.33203125,25996.419921875,0.0003052687826403666,0.0005697620331936992,0.003920289711945912,-0.004435800090367592
2026-09-02 12:40:00-04:00,26207.654296875,26207.654296875,26189.591796875,26196.1875,87336000.0,26207.108893676505,26206.417171545436,26191.11620847609,26188.569443851822,26224.99436649851,52.625711758797884,19.411546206352796,20.42090911780078,-1.0093629114479832,26190.46064453125,26277.28982061025,26103.631468452248,0.006630595563589842,0.5329777139860232,31.54609152724991,26244.974609375,26063.6015625,26398.33203125,25996.419921875,-0.0004512425864494629,-0.0014089402035770693,0.003542359266340167,-0.005518476296399233
2026-09-02 12:50:00-04:00,26196.994140625,26218.96484375,26191.6484375,26203.244140625,85357000.0,26205.82064265934,26205.840256832627,26192.27124963313,26189.05058145094,26224.634858632835,53.96863536209845,17.93558200064217,19.923843694369058,-1.988261693726887,26195.98955078125,26270.400277609897,26121.578823952605,0.005681077760731278,0.5487469357775205,31.243971150303487,26244.974609375,26063.6015625,26398.33203125,25996.419921875,0.00026937662684689556,-0.0011783153641543587,0.0042379006014097165,-0.006248473195422544
2026-09-02 13:00:00-04:00,26203.712890625,26224.41015625,26177.771484375,26181.791015625,90089000.0,26197.810766981227,26201.46766752215,26191.273132108545,26188.81256289927,26223.92669593849,49.385281500295335,14.863445292456163,18.91176401398648,-4.048318721530318,26200.4681640625,26258.290030347118,26142.64629777788,0.004413804052855045,0.3384940712086053,32.34359263063895,26244.974609375,26079.087890625,26260.01953125,25996.419921875,-0.0008187201891821649,-0.0015073019154190348,0.0034329110331026147,0.005887314704502211
2026-09-02 13:10:00-04:00,26181.607421875,26199.693359375,26178.564453125,26181.220703125,75838000.0,26192.280745695818,26197.78640126812,26190.315757919634,26188.563649464046,26223.22081175976,49.265499419765696,12.241621571884025,17.57773552556599,-5.336113953681966,26203.6865234375,26248.158401475346,26159.214645399654,0.003394322245312236,0.24741543078772976,31.542543603450458,26244.974609375,26079.087890625,26260.01953125,26004.138671875,-2.1782791698954362e-05,-0.000717363002526783,0.002464584313783824,0.0034395960845690077
2026-09-02 13:20:00-04:00,26181.46484375,26199.37890625,26178.560546875,26192.74609375,79668000.0,26192.43586171388,26196.86998171937,26190.547218474905,26188.700778784896,26222.71709741249,51.80931078141599,10.967384899679018,16.255665400388597,-5.288280500709579,26205.69462890625,26243.947245634277,26167.442012178224,0.002919412537596465,0.3307496811484311,30.776530444275426,26244.974609375,26097.49609375,26260.01953125,26010.33984375,0.00044021593781629065,-0.0005825538064864189,0.0015356841755673756,0.004405075843308737
2026-09-02 13:30:00-04:00,26194.1328125,26197.841796875,26176.98046875,26177.74609375,72047000.0,26187.539272392587,26193.392911179482,26189.328063739198,26188.341608783754,26221.973775037903,48.40746850953182,8.647485684705316,14.734029457251943,-6.0865437725466265,26205.071484375,26244.694363324925,26165.448605425074,0.003024061886154441,0.1551816608337259,30.068301707184325,26244.974609375,26140.298828125,26260.01953125,26010.33984375,-0.0005726776393094601,-0.0007039729063628153,-0.00047586067879168414,0.001758289428416493
2026-09-02 13:40:00-04:00,26177.39453125,26208.1796875,26172.115234375,26198.4140625,85529000.0,26191.164202428394,26194.30584778321,26190.193396954513,26188.671853167893,26221.584358301738,52.98790805915471,8.380080836112029,13.46323973302396,-5.083158896911931,26204.3791015625,26243.95913844443,26164.79906468057,0.003020871948808668,0.42464586275786537,30.4965982370283,26244.974609375,26163.533203125,26260.01953125,26010.33984375,0.0007895243798294871,-0.00018433130260808728,-0.0005282892563251984,0.0027774963957138965
2026-09-02 13:50:00-04:00,26198.501953125,26208.3828125,26187.998046875,26202.5546875,86602000.0,26194.9610307856,26195.805636822624,26191.37066272075,26189.127028064024,26221.26981828849,53.87148141766482,8.40538238395311,12.45166826320979,-4.046285879256679,26203.98740234375,26243.47674668788,26164.498057999623,0.003013995064018138,0.48185947541612617,29.77432447902628,26244.974609375,26163.533203125,26260.01953125,26010.33984375,0.0001580486891352706,0.000793057734767233,-0.00029888852367176977,0.0020394516059907275
2026-09-02 14:00:00-04:00,26202.71875,26207.751953125,26186.486328125,26197.857421875,94757000.0,26195.926494482068,26196.178688650325,26191.98844930687,26189.413270484056,26220.88283652959,52.66228558222446,7.9547070523840375,11.552276021044639,-3.5975689686606014,26203.9828125,26243.474984285676,26164.49064071432,0.0030142113943716193,0.4224480403579631,29.166560230524404,26244.974609375,26163.533203125,26260.01953125,26010.33984375,-0.0001792674676580619,0.0006354447311165412,-3.5039717892759725e-06,0.0008571226466622672
2026-09-02 14:10:00-04:00,26196.447265625,26232.865234375,26191.35546875,26218.712890625,99505000.0,26203.52195986305,26200.275816282083,26194.53363419431,26190.373913767366,26220.846969655136,57.250352862686015,9.17464602848122,11.076750022531956,-1.9021039940507354,26206.43642578125,26243.08432656248,26169.788525000018,0.00279686258641233,0.6674920606917677,30.048217758701234,26244.974609375,26163.533203125,26260.01953125,26010.33984375,0.0007960753589180136,0.0009913735956534886,0.0018751600882940256,0.0009808492794665113
2026-09-02 14:20:00-04:00,26217.13671875,26221.2421875,26206.2421875,26209.728515625,82326000.0,26205.590811783703,26201.994488889886,26195.980765759137,26191.00849087745,26220.663193555465,54.78685895136962,9.309182023673202,10.723236422760205,-1.4140543990870036,26207.1376953125,26243.472641821678,26170.802748803322,0.0027729046133623987,0.5356519076179951,28.97334506165115,26244.974609375,26163.533203125,26260.01953125,26010.33984375,-0.0003426703300608569,0.001221740854253195,0.0005354080613173551,0.0014222045244729475
2026-09-02 14:30:00-04:00,26209.9375,26219.609375,26194.81640625,26195.189453125,98419000.0,26202.1236922308,26200.757209659907,26195.905402651126,26191.145571606878,26220.242139994632,50.964967949960865,8.148688919922279,10.20832692219262,-2.0596380022703418,26205.50849609375,26240.906186761298,26170.1108054262,0.0027015457969705374,0.35424129690175893,28.674746753676068,26244.974609375,26172.115234375,26260.01953125,26010.33984375,-0.0005547200724087542,-0.00012308414422745884,-0.0012423465702358083,0.002281748611730139
2026-09-02 14:40:00-04:00,26194.490234375,26198.03515625,26182.693359375,26196.271484375,94161000.0,26200.172956278868,26199.94162324447,26195.94026757721,26191.313634320584,26219.845930810836,51.237598840114984,7.232924007636029,9.613246339281304,-2.3803223316452744,26203.2134765625,26234.520853529182,26171.90609959582,0.0023895830177228967,0.3891316862014733,27.722393190913493,26244.974609375,26172.115234375,26260.01953125,26010.33984375,4.130648690048311e-05,-0.0002397935315825439,-0.0017491079184923652,0.0013412195399822302
2026-09-02 14:50:00-04:00,26196.923828125,26199.427734375,26182.671875,26190.060546875,84268000.0,26196.80215314425,26198.145063904565,26195.380294177,26191.2725494863,26219.353610415204,49.53511191516783,5.937558489378716,8.878108769300786,-2.9405502799220695,26201.57314453125,26232.01547257942,26171.130816483077,0.0023237023120900166,0.31091134623424355,26.939069346919673,26244.107421875,26172.115234375,26260.01953125,26010.33984375,-0.00023709242377123463,-0.0002976149871511957,-0.0012510699303178718,0.00021594138209635183
2026-09-02 15:00:00-04:00,26196.59375,26211.16796875,26187.35546875,26211.16796875,103331000.0,26201.590758346167,26200.512864785553,26196.88388223157,26191.924858314618,26219.218310552973,55.00661219588655,6.538789432459453,8.41024490193252,-1.8714554694730676,26202.47705078125,26232.931705645264,26172.022395917236,0.0023245630407378363,0.6426862003125094,26.715742964996842,26244.107421875,26172.115234375,26260.01953125,26010.33984375,0.0008059325344904611,-0.0002877685837010535,0.0006901868052926474,-2.0938274637005705e-05
2026-09-02 15:10:00-04:00,26211.814453125,26219.015625,26209.06640625,26215.140625,103211000.0,26206.107380564114,26203.172457551816,26198.62261963809,26192.686030992827,26219.150910791766,55.97412252987859,7.252230249036074,8.178641971353231,-0.9264117223171571,26201.57666015625,26229.29253321708,26173.86078709542,0.0021155881892388666,0.7446966908453396,25.518134092497068,26244.107421875,26172.115234375,26260.01953125,26010.33984375,0.00015156349593947738,0.00020649238590064734,-0.0006864525828038648,-0.0013920981115572717
2026-09-02 15:20:00-04:00,26216.65234375,26216.65234375,26201.21875,26214.41796875,115337000.0,26208.87757662608,26205.217095951484,26200.126938601126,26193.398553542243,26219.072680344798,55.739319315884636,7.670899561173428,8.07709348931727,-0.4061939281438427,26200.58974609375,26224.775848062844,26176.403644124654,0.001846225768463929,0.7858712551927785,24.797809782318705,26244.107421875,26172.115234375,26260.01953125,26010.33984375,-2.7566369386944345e-05,0.0007340475876078667,-0.000752388644098323,-0.0011596767669851404
2026-09-02 15:30:00-04:00,26210.74609375,26214.11328125,26194.39453125,26199.037109375,125270000.0,26205.597420875725,26204.093462028486,26200.023145341496,26193.583424225286,26218.741513882487,50.850073735230836,6.684536028678849,7.7985819971895864,-1.1140459685107373,26199.47587890625,26221.71512727178,26177.236630540723,0.0016976865085635464,0.4901352436908153,24.45678319072451,26240.626953125,26172.115234375,26246.271484375,26010.33984375,-0.0005867328198296828,0.00010557323020754517,-0.0008495891306221637,-0.0005772760512768871
2026-09-02 15:40:00-04:00,26197.939453125,26225.3515625,26196.79296875,26221.5234375,165274000.0,26210.90609308382,26207.26254847785,26202.070792213737,26194.49949023429,26218.787496091045,56.81416327639694,7.629348199472588,7.764735237646187,-0.1353870381735991,26200.55126953125,26224.781808334552,26176.320730727948,0.0018496205330976918,0.9327631370271494,24.749769659244187,26232.865234375,26172.115234375,26244.974609375,26010.33984375,0.0008582883420915621,0.0012013294344503933,0.0008209083844772369,0.0021144887263593315
2026-09-02 15:50:00-04:00,26223.416015625,26225.6015625,26202.4296875,26214.515625,285232000.0,26212.109270389217,26208.581289663693,26203.256014383856,26195.15575694792,26218.716886651524,54.59090365306681,7.723613738424319,7.7565109378018136,-0.032897199377494246,26200.8763671875,26225.666676014487,26176.08605836051,0.0018923266901129008,0.775092535306634,24.6370628978696,26232.865234375,26172.115234375,26244.974609375,26010.33984375,-0.00026725420880691075,0.0001277186981516465,0.0002480902675954244,0.002138474692102932
2026-09-03 09:30:00-04:00,26331.671875,26436.990234375,26329.703125,26436.990234375,142072237.0,26287.069591717813,26250.11018870211,26225.516416287774,26203.084756207823,26222.32471058084,80.57678231404005,25.45671240154843,11.296551230551138,14.160161170997291,26212.91650390625,26318.65322602048,26107.17978179202,0.008067528243068525,1.5595833026991173,38.768316217664626,26232.865234375,26172.115234375,26244.974609375,26010.33984375,0.008486695407899703,0.008462651890695394,0.009192281677438796,0.011109798063974274
2026-09-03 09:40:00-04:00,26444.86328125,26472.32421875,26430.47265625,26465.396484375,236283168.0,26346.511889270212,26289.253151551726,26248.362137057986,26211.685140737893,26226.342425850165,81.99367744461993,41.32608642648847,17.302458269738608,24.023628156749865,26226.02412109375,26378.41681473534,26073.631427452157,0.011621486576687889,1.2853800518948233,38.9885480949743,26436.990234375,26172.115234375,26436.990234375,26010.33984375,0.0010744888033080713,0.00957406401027816,0.01000457585874126,0.012422500862969477
2026-09-03 09:50:00-04:00,26465.478515625,26474.40234375,26406.392578125,26427.546875,202375000.0,26373.523551180144,26314.397464905956,26265.42735019532,26218.762574648124,26229.66811922454,74.22416071823872,50.26906206367494,23.895779028525876,26.37328303514906,26238.3119140625,26412.525989830447,26064.09783829455,0.013279366167956679,1.0431104234928785,41.06149220426185,26472.32421875,26172.115234375,26472.32421875,26010.33984375,-0.0014301546321947578,0.008722067329078653,0.009386518257224585,0.009907327601005544
2026-09-03 10:00:00-04:00,26418.736328125,26423.025390625,26376.822265625,26390.1875,179123000.0,26379.078200786767,26328.17747128669,26277.309269224337,26224.383064003923,26232.321332129923,67.43207655867,53.722565060747,29.861136234970104,23.861428825776898,26248.76025390625,26432.81250306727,26064.70800474523,0.014023690824303282,0.8842040690576409,41.751714859314575,26474.40234375,26172.115234375,26474.40234375,26010.33984375,-0.0014136527758973338,0.006432275489332895,0.007981552855939045,0.01016831408621277
2026-09-03 10:10:00-04:00,26392.681640625,26446.845703125,26375.935546875,26446.845703125,167015000.0,26401.667368232847,26349.753513439107,26293.455596262495,26231.676921024286,26235.867189501743,71.66659824224692,60.335820762888034,35.95607314055369,24.379747622334342,26261.465234375,26462.58613363021,26060.344335119786,0.015316807151487895,0.9608682375538766,43.83446067293496,26474.40234375,26172.115234375,26474.40234375,26010.33984375,0.002146942045220479,0.008862650046580933,0.009701144296421438,0.012503090049077459
2026-09-03 10:20:00-04:00,26445.013671875,26459.875,26433.447265625,26447.90625,163822000.0,26417.0803288219,26367.599465541087,26308.165182332734,26238.76640722021,26239.37196736122,71.7406657911985,64.91416078435577,41.74769066931411,23.166470115041662,26274.9732421875,26487.740773961115,26062.205710413888,0.016195451832620028,0.9063895613464663,42.59112308022532,26474.40234375,26172.115234375,26474.40234375,26010.33984375,4.0101072426690365e-05,0.00041290689780582035,0.01032022219493145,0.01251386275187727
2026-09-03 10:30:00-04:00,26444.83203125,26459.578125,26390.677734375,26393.337890625,159809000.0,26409.166182756268,26372.279179192705,26316.27686883676,26243.83432470889,26241.91685865484,62.66369451390649,63.40838528654422,46.079829592760134,17.328555693784082,26284.71943359375,26500.40403200168,26069.03483518582,0.016411405794369612,0.7517992889455596,44.47035647628066,26474.40234375,26172.115234375,26474.40234375,26010.33984375,-0.002063239292335317,-0.0027227475618036845,0.007440291143577582,0.010296987214088782
2026-09-03 10:40:00-04:00,26394.54296875,26411.255859375,26381.669921875,26408.8359375,141377000.0,26409.056101004182,26378.9258625213,26325.092018233263,26249.24421365286,26244.675851693606,64.05472955606214,62.74235539895017,49.412334753998145,13.330020644952022,26295.03349609375,26513.72299894569,26076.34399324181,0.016633521526749656,0.7601918243037427,43.40718369226061,26474.40234375,26182.671875,26474.40234375,26010.33984375,0.0005871954104184063,-0.0007080088662221318,0.007872562521485937,0.011433918765572981
2026-09-03 10:50:00-04:00,26410.763671875,26425.814453125,26364.3984375,26425.814453125,162293000.0,26414.64221837779,26387.451060812884,26334.684631080097,26255.033401832272,26247.66987816355,65.56819981332163,62.85993601665905,52.10185500653033,10.75808101012872,26306.43134765625,26527.42353856117,26085.43915675133,0.016801381227606767,0.7701070679916352,44.693528830313426,26474.40234375,26182.671875,26474.40234375,26010.33984375,0.000642910413211073,0.001350007578574397,0.008701361625842674,0.011638463447970704
2026-09-03 11:00:00-04:00,26428.228515625,26495.71484375,26428.228515625,26491.09765625,152267000.0,26440.127364335196,26406.295896346903,26349.581109667706,26262.77321345252,26251.693477801342,70.68008671151478,67.44348192350662,55.17018038992559,12.273301533581034,26320.0505859375,26551.08529631811,26089.015875556892,0.017555795314774057,0.8701761307439791,46.49401895850532,26474.40234375,26182.671875,26474.40234375,26010.33984375,0.0024704329639793077,0.0016732412485687131,0.0103889449783936,0.014746677342244885
2026-09-03 11:10:00-04:00,26487.1953125,26542.33203125,26487.1953125,26537.203125,146855000.0,26472.485951223465,26430.097210647462,26367.449873032685,26271.77091547047,26256.412645523633,73.65488347945123,73.94392158644041,58.92492862922856,15.01899295721185,26336.42431640625,26579.943298022576,26092.905334789924,0.018492941842877714,0.9122446785484785,47.1113546578978,26495.71484375,26182.671875,26495.71484375,26010.33984375,0.0017404136796543845,0.0033763305932770216,0.012494391507328118,0.01659459298089061
2026-09-03 11:20:00-04:00,26534.87109375,26581.91796875,26521.505859375,26580.46484375,147126000.0,26508.478915398977,26457.43678030247,26387.737013101,26281.892027873077,26261.76888020506,76.10474890710579,81.64527015043495,63.46899693346984,18.176273216965114,26355.6880859375,26612.083915890467,26099.292255984536,0.019456584029750295,0.9383393401010702,48.06140856626224,26542.33203125,26182.671875,26542.33203125,26010.33984375,0.001630229023994012,0.0070899313266272745,0.014707868073045693,0.01889415094836866
2026-09-03 11:30:00-04:00,26581.576171875,26583.826171875,26565.1484375,26569.513671875,135569000.0,26528.82383422432,26477.814396952017,26405.04907584138,26291.3222457092,26266.85557097647,74.22316713942249,85.87506206495527,67.95020995976692,17.92485210518835,26374.3501953125,26635.89803029022,26112.802360334783,0.019833499823946627,0.8730932748480305,45.96257469545779,26581.91796875,26182.671875,26581.91796875,26010.33984375,-0.0004120007659526026,0.00608424145446107,0.014247912636064397,0.01976342036715595
2026-09-03 11:40:00-04:00,26569.18359375,26576.52734375,26555.60546875,26572.45703125,121538000.0,26543.368233232883,26495.022148642558,26420.9926906422,26300.539779661358,26271.906834782643,74.40631905696134,88.44516631205624,72.04920123022478,16.395965081831463,26393.47001953125,26654.241429110025,26132.698609952477,0.019760297481596963,0.8431875680080654,44.17395328863938,26583.826171875,26182.671875,26583.826171875,26010.33984375,0.0001107795728347849,0.00554921697437627,0.014600824755276465,0.020444826734516752
2026-09-03 11:50:00-04:00,26570.85546875,26592.94921875,26568.01171875,26592.94921875,106388000.0,26559.895228405258,26512.827070480274,26437.369502842943,26310.126974385577,26277.213320468054,75.70082247440423,91.08556304340527,75.85647359286088,15.229089450544393,26412.55908203125,26673.050428270562,26152.067735791938,0.019724809355298516,0.8462497686065669,42.79992091087943,26583.826171875,26187.35546875,26583.826171875,26036.552734375,0.0007711815085786888,0.0038447467833018223,0.014565594728749742,0.019995159072270896
2026-09-03 12:00:00-04:00,26591.3828125,26594.466796875,26568.82421875,26573.810546875,125792000.0,26564.53366789517,26523.914975279313,26450.363887988853,26318.772337418017,26282.115753962385,72.03619868920471,90.58950616719085,78.80308010772688,11.786426059463963,26430.492578125,26683.425173660897,26177.5599825891,0.01913945377962694,0.7833125727554966,41.574396426173756,26592.94921875,26194.39453125,26592.94921875,26063.6015625,-0.0007196897086354515,0.0013794755122673585,0.013681785156359538,0.018533766455138823
2026-09-03 12:10:00-04:00,26573.7265625,26583.95703125,26567.8359375,26581.087890625,113955000.0,26570.05174213845,26534.31005079671,26462.81379300182,26327.372847359227,26287.05744217169,72.57975667252546,89.74902741896585,80.99226956997468,8.756757848991171,26448.82607421875,26689.30179406284,26208.350354374656,0.018184226337251242,0.7750003544890113,39.75630337787563,26594.466796875,26194.39453125,26594.466796875,26063.6015625,0.00027385397879475804,2.3440029309540478e-05,0.013987337895966512,0.018116458103731636
2026-09-03 12:20:00-04:00,26580.744140625,26581.9765625,26549.607421875,26557.521484375,98747000.0,26565.874989550633,26538.530311447306,26471.8335731326,26334.918704310563,26291.527922208108,67.97204633418099,86.1878104946336,82.03137775490646,4.156432739727137,26466.75029296875,26682.220695598928,26251.279890338574,0.016282346736570797,0.7106349417326809,39.22864889552737,26594.466796875,26194.39453125,26594.466796875,26063.6015625,-0.0008865854680956131,-0.00045135141155006053,0.01368311260842936,0.017232531030286102
2026-09-03 12:30:00-04:00,26557.0625,26578.0234375,26548.134765625,26574.82421875,95540000.0,26568.858065950422,26545.12920368416,26481.642206048542,26342.784458882346,26296.210505622024,69.50290198382804,83.79576111096321,82.3842544261178,1.4115066848454063,26484.41533203125,26672.798007846814,26296.032656215688,0.014225926716058233,0.7399607244332399,38.56150767977542,26594.466796875,26196.79296875,26594.466796875,26063.6015625,0.000651519170762116,8.908425356435323e-05,0.013473693932852804,0.018706532727953196
2026-09-03 12:40:00-04:00,26575.029296875,26590.0546875,26574.783203125,26588.197265625,103220000.0,26575.30446584195,26552.959760400674,26491.79030696059,26350.830780414894,26301.03673306009,70.66976765352842,82.03350665952894,82.31410487280004,-0.2805982132711051,26503.0994140625,26650.329235902413,26355.86959222259,0.011110385207383857,0.7889966533241789,36.89793458657717,26594.466796875,26202.4296875,26594.466796875,26063.6015625,0.0005032224019589915,-0.00017869221972754978,0.014254760452969473,0.018483546140296347
2026-09-03 12:50:00-04:00,26590.470703125,26590.470703125,26571.36328125,26580.59375,94356000.0,26577.0675605613,26557.984122146005,26500.247777726247,26358.363992532435,26305.657510199595,69.05203195495307,79.11141994077843,81.67356788639573,-2.5621479456172978,26510.27958984375,26657.918983078427,26362.640196609074,0.011138275078112563,0.7381280450146636,35.62718367860737,26594.466796875,26329.703125,26594.466796875,26063.6015625,-0.0002859733418192345,0.0002552589555433471,0.005431916203467058,0.018268469889946237
2026-09-03 13:00:00-04:00,26581.64453125,26583.392578125,26559.05078125,26559.05078125,79945000.0,26571.061967457536,26558.17806016491,26505.848063776128,26364.943887244484,26309.845828729354,64.54381964247463,74.20195369456633,80.17924504802986,-5.977291353463528,26514.9623046875,26662.551282434502,26367.373326940495,0.011132505190920978,0.6493623617275731,34.82108462120685,26594.466796875,26364.3984375,26594.466796875,26063.6015625,-0.0008104773336750082,-0.0008290521992808664,0.0035387452793420593,0.017874170671012157
2026-09-03 13:10:00-04:00,26558.130859375,26563.880859375,26549.171875,26549.67578125,86426000.0,26563.933238721693,26556.632191271292,26510.022132106973,26371.000670654503,26313.809960175975,62.62760519020635,68.76203622309549,77.895803283043,-9.133767059947502,26521.06875,26663.708384311467,26378.42911568853,0.010756703333191911,0.60027728754385,33.38450603219208,26594.466796875,26364.3984375,26594.466796875,26079.087890625,-0.00035298701287245215,-0.00029542301715224095,0.004621272902387119,0.017532316267661274
2026-09-03 13:20:00-04:00,26549.57421875,26562.9375,26539.87109375,26560.095703125,86986000.0,26562.654060189463,26557.26192069924,26514.791043632496,26377.20050778468,26317.880798902406,63.91009253023752,64.5475985107114,75.22616232857668,-10.678563817865282,26529.56416015625,26659.702615638675,26399.425704673824,0.009810824987307962,0.6173040776285911,32.64749890489264,26594.466796875,26364.3984375,26594.466796875,26079.087890625,0.0003924688934378029,-0.0005542281485575451,0.006438309812122345,0.01697150030859662
2026-09-03 13:30:00-04:00,26561.765625,26587.662109375,26561.431640625,26585.07421875,77365000.0,26570.12744637631,26562.318702163015,26521.48467935797,26384.01603929174,26322.297219065178,66.8471340320063,62.50269159490199,72.68146818184175,-10.178776586939762,26536.4755859375,26662.938035163836,26410.013136711164,0.009531216669432315,0.6921464953028105,32.284563715257455,26594.466796875,26364.3984375,26594.466796875,26097.49609375,0.0009404527718648303,-0.00011745989559952541,0.005226654141543552,0.01653718938952231
2026-09-03 13:40:00-04:00,26585.7578125,26598.904296875,26585.529296875,26590.298828125,85932000.0,26576.85124029254,26567.405997792463,26528.038407811975,26390.77940941742,26326.726997727324,67.44393309074464,60.60505311704401,70.2661851688822,-9.661132051838194,26543.59521484375,26665.25242764886,26421.93800203864,0.009166596447874936,0.6919475722169796,30.966386173096208,26594.466796875,26364.3984375,26594.466796875,26140.298828125,0.0001965241598353984,0.00036511893663027095,0.005383888493063704,0.015276313525741436
2026-09-03 13:50:00-04:00,26590.875,26614.814453125,26588.16796875,26603.287109375,84665000.0,26585.66319665336,26573.929836262014,26535.204950817977,26397.7468749898,26331.298239242165,68.94078905556837,59.46374565585211,68.10569726627618,-8.641951610424073,26554.09267578125,26656.839269112814,26451.346082449683,0.007738663458478897,0.7393969084454219,30.65782175894648,26598.904296875,26364.3984375,26598.904296875,26163.533203125,0.0004884593939298298,0.0016655839280306228,0.007954629293954296,0.014917651701352286
2026-09-03 14:00:00-04:00,26610.89453125,26637.498046875,26610.89453125,26626.958984375,40661000.0,26599.428459227245,26583.571499555284,26543.943430204363,26405.262026117183,26336.185193707173,71.51166328894148,59.78026407622019,66.44061062826499,-6.6603465520448,26564.998828125,26648.203885590625,26481.793770659377,0.006264262084403552,0.8723340752189126,30.9116157404503,26614.814453125,26364.3984375,26614.814453125,26163.533203125,0.0008898101540113501,0.002910890655003051,0.008259472223282271,0.015893328317828415
2026-09-03 14:10:00-04:00,26632.908203125,26644.556640625,26629.111328125,26630.482421875,4441590000.0,26609.77978010983,26592.100758158867,26552.1852389349,26412.646301387933,26341.049610701684,71.88470013435432,59.62806396025553,65.0781012946631,-5.450037334407568,26575.2322265625,26634.286049256647,26516.178403868355,0.004444275195090916,0.9677952484012183,29.96061863398957,26637.498046875,26364.3984375,26637.498046875,26163.533203125,0.0001323259446213143,0.0026500928135479995,0.007745001355135006,0.016510193203040258
2026-09-03 14:20:00-04:00,26630.919921875,26635.966796875,26622.076171875,26629.701171875,77304000.0,26616.420244031557,26598.93719701634,26559.56770873872,26419.762854518656,26345.820710886368,71.66063543901815,58.766974821417534,63.81587600001399,-5.048901178596459,26582.16240234375,26631.89058998129,26532.434214706213,0.00374147045562807,0.977986146184863,28.81276194584746,26644.556640625,26428.228515625,26644.556640625,26163.533203125,-2.933668221338781e-05,0.0016786469263840864,0.005232078995877298,0.017579933689861216
2026-09-03 14:30:00-04:00,26629.908203125,26636.015625,26620.283203125,26634.255859375,83669000.0,26622.36544914604,26605.358771990643,26566.680865942173,26426.79541205493,26350.588234001887,72.20459081954407,57.78596011353875,62.60989282271895,-4.823932709180198,26587.0150390625,26637.186531390886,26536.84354673411,0.003774135024535363,0.9707934538133375,27.878451940786928,26644.556640625,26487.1953125,26644.556640625,26163.533203125,0.00017103787498795597,0.0016531228751557325,0.0036572329765818257,0.016741399621240438
2026-09-03 14:40:00-04:00,26634.80859375,26634.962890625,26616.953125,26626.96484375,78858000.0,26623.898580680696,26609.28714867416,26572.422197161966,26433.358344241653,26355.156442427477,69.89191769815223,55.77720990664238,61.24335623950364,-5.466146332861257,26589.3400390625,26642.313357909305,26536.366720215694,0.003984553115570529,0.8551297663292411,27.173545775373576,26644.556640625,26521.505859375,26644.556640625,26172.115234375,-0.00027374579802397214,0.0008900304040493356,0.0017494050714819132,0.015220178990841937
2026-09-03 14:50:00-04:00,26628.78515625,26630.455078125,26610.958984375,26620.92578125,86743000.0,26622.907647537133,26611.40326368795,26577.04158612273,26439.508096274712,26359.549324060907,67.95054653419625,53.08601646925308,59.61188828545353,-6.52587181620045,26591.91064453125,26645.76837670109,26538.05291236141,0.004050685405030535,0.7693683483297371,26.62515634498975,26644.556640625,26539.87109375,26644.556640625,26172.115234375,-0.00022680251149309605,-0.00022658250717033646,0.0019350037795167196,0.014433024372149106
2026-09-03 15:00:00-04:00,26622.5859375,26622.923828125,26609.427734375,26612.046875,95332000.0,26619.287390024758,26611.520283926504,26580.37542315866,26445.165105413245,26363.72283729957,65.08797083889326,49.664273916096136,57.62236541158205,-7.958091495485917,26593.89013671875,26647.652453435538,26540.127820001962,0.004043208153481603,0.6688611967458282,25.687366159633342,26644.556640625,26539.87109375,26644.556640625,26172.115234375,-0.0003335310846421802,-0.0006922723585306434,0.001489882689562405,0.014841233215165506
2026-09-03 15:10:00-04:00,26613.16015625,26616.22265625,26603.310546875,26615.30859375,93371000.0,26617.961124599842,26612.209067530777,26583.702391786406,26450.743580440678,26367.881279554953,65.66028233365361,46.677640945203166,55.43342051830628,-8.755779573103112,26595.00810546875,26649.569632914812,26540.44657802269,0.004103140501381685,0.6860329909322823,24.77484781787382,26644.556640625,26539.87109375,26644.556640625,26172.115234375,0.00012256549694655838,-0.0005404708836989069,0.0008408008760545371,0.01611947091842425
2026-09-03 15:20:00-04:00,26616.015625,26616.015625,26600.755859375,26609.14453125,101385000.0,26615.022260149897,26611.65187911609,26586.1254526877,26455.937054237704,26371.86910189702,63.540396350208475,43.31402732475908,53.00954187959684,-9.695514554837757,26596.7748046875,26650.761615867974,26542.787993507023,0.004059650959706629,0.6145624856518201,24.095199089811405,26644.556640625,26539.87109375,26644.556640625,26172.115234375,-0.0002315983855039061,-0.0009428207139551281,0.0013296544096554896,0.01433286189973737
2026-09-03 15:30:00-04:00,26608.51953125,26612.0703125,26597.826171875,26603.830078125,125819000.0,26611.291532808267,26610.22973348134,26587.81160749125,26460.786005840564,26375.7031676198,61.69109177407069,39.76116538054339,50.35986657978615,-10.598701199242761,26597.9119140625,26651.48563180365,26544.33819632135,0.004028415306753864,0.5552338377102538,23.39155205661059,26644.556640625,26539.87109375,26644.556640625,26172.115234375,-0.00019972281028268757,-0.0008688472666996683,0.0008555777548902022,0.014091317616704346
2026-09-03 15:40:00-04:00,26603.10546875,26607.251953125,26581.30078125,26583.32421875,161716000.0,26601.969094788845,26605.337821712004,26587.384237134942,26464.80365216546,26379.13492053104,55.03524239015854,34.88867034156283,47.265627332141484,-12.376956990578655,26599.20205078125,26649.993469647376,26548.41063191512,0.0038190182374012427,0.3436957227647216,23.574382043638405,26644.556640625,26539.87109375,26644.556640625,26172.115234375,-0.0007707859851300292,-0.0014124813993691143,0.0009715791584761213,0.013805935101848243
2026-09-03 15:50:00-04:00,26590.01171875,26595.26171875,26572.416015625,26584.21484375,307488000.0,26596.05101110923,26601.497280264368,26587.0823901459,26468.71877320102,26382.52467132805,55.26101370350399,30.74464379715573,43.96143062514433,-13.2167868279886,26599.67158203125,26649.721096794794,26549.622067267705,0.0037631678728961776,0.3455855331038322,23.522333549449947,26644.556640625,26539.87109375,26644.556640625,26172.115234375,3.3503146283475616e-05,-0.0010458433122687572,0.00035336546058406526,0.014664083573423525
2026-09-04 09:30:00-04:00,26585.234375,26616.78125,26573.978515625,26610.072265625,296103543.0,26600.72476261449,26603.056368511756,26589.27190209629,26473.353313936233,26386.28578858916,61.33156485339122,29.21023336297003,41.011191172709474,-11.800957809739444,26600.76533203125,26650.720027789124,26550.810636273374,0.0037558840983963862,0.5931537411303677,24.899505036989236,26644.556640625,26539.87109375,26644.556640625,26172.115234375,0.0009726607322042558,-0.00019674121404811284,0.0008227334776202966,0.015341055555899263
2026-09-04 09:40:00-04:00,26615.3359375,26615.3359375,26555.560546875,26592.341796875,206823846.0,26597.930440701326,26601.1082645778,26589.564273027598,26477.25457567193,26389.69167302364,55.74590326986818,26.260783426067064,38.06110962338099,-11.800326197313929,26601.352734375,26650.616352865578,26552.08911588442,0.003703843107716764,0.4085436902922331,27.39063972184715,26644.556640625,26539.87109375,26644.556640625,26172.115234375,-0.0006663066741424695,-0.0006314646588982953,0.0004419783465146043,0.015122593578741128
2026-09-04 09:50:00-04:00,26584.365234375,26625.791015625,26571.439453125,26619.890625,181798409.0,26605.25050213422,26604.523239200018,26592.45249702497,26481.93116745318,26393.496614378622,61.59800604213557,25.848319953551254,35.61855168941504,-9.770231735863788,26604.3947265625,26650.228435457127,26558.56101766787,0.003445574264380214,0.6690447796088882,29.31641992028664,26644.556640625,26539.87109375,26644.556640625,26172.115234375,0.0010359684880494324,0.000603693033214947,0.0022907386356199044,0.01590056872877965
2026-09-04 10:00:00-04:00,26624.498046875,26624.498046875,26587.115234375,26590.111328125,195412000.0,26600.204110797815,26601.902891731832,26592.229528558306,26485.478057967004,26396.746444357905,53.38054817324965,22.85504061663596,33.06584947485923,-10.210808858223267,26606.41650390625,26645.48502109707,26567.34798671543,0.0029367740811757255,0.29132589417699106,29.892590818837597,26644.556640625,26539.87109375,26644.556640625,26172.115234375,-0.0011186859215354117,0.00025531454678695553,0.0015230147143099337,0.015595583673260416
2026-09-04 10:10:00-04:00,26588.615234375,26595.28515625,26549.80859375,26558.759765625,171520000.0,26586.389329073547,26594.058686985132,26589.04193208847,26487.880736906613,26399.42435049455,46.36740006372765,17.748443094929826,30.00236819887335,-12.253925103943523,26606.34970703125,26645.738040480606,26566.961373581897,0.002960822050605889,-0.10411214741342355,31.00573165320634,26644.556640625,26539.87109375,26644.556640625,26172.115234375,-0.0011790684932875273,-0.0009575260459868673,-5.029867041639324e-05,0.014420223823060185
2026-09-04 10:20:00-04:00,26553.2109375,26563.814453125,26534.212890625,26556.212890625,171804000.0,26576.330516257367,26587.17763310147,26585.915356710997,26490.12113538918,26402.01589661241,45.84051895080145,13.342116625277413,26.670317884154162,-13.32820125887675,26604.906640625,26649.125661881193,26560.687619368804,0.0033241252715898086,-0.050597329120860554,30.905433856548747,26644.556640625,26549.80859375,26644.556640625,26172.115234375,-9.589585592384431e-05,-0.0020240221244937073,-0.0010856214990231372,0.013876620480115731
2026-09-04 10:30:00-04:00,26556.3671875,26556.3671875,26522.564453125,26543.0,145078000.0,26565.220344171583,26579.14533617393,26581.82817988138,26491.854868655108,26404.346212370885,43.104036183029415,8.683799864149478,23.073014280153224,-14.389214416003746,26602.54169921875,26654.085455804034,26550.997942633465,0.0038751001440436154,-0.07758400981340416,31.112383893580983,26644.556640625,26534.212890625,26644.556640625,26172.115234375,-0.0004975442349185455,-0.0018554889694144538,-0.001778800171849615,0.01395284013153475
2026-09-04 10:40:00-04:00,26544.546875,26544.546875,26491.2578125,26492.435546875,125812000.0,26540.958745072723,26563.37991993776,26573.314595785534,26491.873907285266,26405.802234428804,34.59329662173293,0.9015292195181246,18.638717268026205,-17.73718804850808,26596.99912109375,26667.415312295518,26526.582929891985,0.0052950478271001624,-0.24246826215821202,32.696432365468056,26644.556640625,26522.564453125,26644.556640625,26172.115234375,-0.0019050014363485301,-0.004787964004829615,-0.004166837054543349,0.011222873402701783
2026-09-04 10:50:00-04:00,26489.4765625,26501.759765625,26460.59765625,26470.04296875,136282000.0,26517.320152965152,26546.40956517635,26563.479202734532,26491.1581388087,26406.864064748162,31.616140046349727,-6.992267736754002,13.512520267070164,-20.504788003824167,26589.1533203125,26677.22299651144,26501.08364411356,0.006624481429550335,-0.17622794078091417,33.30112358043462,26644.556640625,26491.2578125,26644.556640625,26182.671875,-0.0008452442239740288,-0.004515526764568345,-0.005893125674512056,0.010208480983634916
2026-09-04 11:00:00-04:00,26472.71484375,26481.9140625,26448.345703125,26475.55078125,117637000.0,26503.397029060103,26533.52614991701,26555.105067355053,26490.64642216743,26407.999382376292,33.14031144201671,-12.6578128707406,8.278453639508012,-20.93626651024861,26581.40673828125,26680.17777746893,26482.63569909357,0.007431588565659599,-0.035865360442895976,33.32021185147501,26644.556640625,26460.59765625,26644.556640625,26182.671875,0.00020807720284032882,-0.0031330146855237384,-0.005817830791444267,0.010599850014571421
2026-09-04 11:10:00-04:00,26478.09765625,26489.48828125,26453.330078125,26461.03125,105976000.0,26489.27510270674,26520.345259023004,26546.14565617838,26489.675432916036,26408.875942171726,31.168120576608857,-18.110634908807697,3.0006359298448704,-21.111270838652565,26572.9732421875,26682.073214365868,26463.873270009135,0.008211348514449133,-0.013024842960035877,33.52292551386965,26636.015625,26448.345703125,26644.556640625,26182.671875,-0.0005484128118793397,-0.003584157161904744,-0.006333902163841776,0.009242191269489997
2026-09-04 11:20:00-04:00,26462.244140625,26471.208984375,26452.140625,26470.298828125,106895000.0,26482.94967784616,26511.245907950637,26538.922148744725,26489.040134398296,26409.891196485005,33.87312931241769,-21.437105943950883,-1.8869124449142802,-19.550193499036602,26564.775390625,26678.754687320063,26450.796093929937,0.008581235490911563,0.08555384513048796,32.49045650395039,26636.015625,26448.345703125,26644.556640625,26182.671875,0.0003502349563568874,-0.002738996039445385,-0.006155870549403364,0.009941740233770924
2026-09-04 11:30:00-04:00,26469.25390625,26473.177734375,26450.501953125,26468.669921875,110277000.0,26478.18975918911,26503.504819573245,26532.231460471416,26488.37225857786,26410.862745665007,33.623019761077174,-23.928959180095262,-6.295321791950477,-17.633637388144784,26556.86064453125,26674.39554939325,26439.32573966925,0.00885156618737648,0.12483177759068076,31.789408271525364,26634.962890625,26448.345703125,26644.556640625,26182.671875,-6.153713112866388e-05,-0.0008970721079211152,-0.005944910462153397,0.01044010272341711
2026-09-04 11:40:00-04:00,26469.515625,26488.328125,26461.083984375,26467.396484375,91313000.0,26474.592000917743,26496.939667719016,26526.056700843186,26487.684528276124,26411.797187627155,33.41529584754997,-25.710155912918708,-10.178288616144124,-15.531867296774584,26549.1841796875,26669.011723486343,26429.35663588866,0.009026834345480201,0.1587274815137608,31.464746296773555,26630.455078125,26448.345703125,26644.556640625,26182.671875,-4.811112548375185e-05,-9.998035810232508e-05,-0.005767241084573271,0.01034975531390847
2026-09-04 11:50:00-04:00,26466.1171875,26481.552734375,26466.1171875,26478.759765625,87743000.0,26475.981255820163,26493.634230974647,26521.552230822406,26487.391913107233,26412.904007098194,37.14683284070606,-25.906214610567986,-13.323873815028897,-12.58234079553909,26542.51982421875,26662.447142392823,26422.59250604468,0.009036618901920836,0.2341720820388712,30.31980348093259,26625.791015625,26448.345703125,26644.556640625,26182.671875,0.00042933128147715216,0.00012120557572203872,-0.005008525274326492,0.011023236018614213
2026-09-04 12:00:00-04:00,26477.982421875,26492.181640625,26468.0,26489.82421875,80940000.0,26480.59557679678,26492.941501479254,26518.530515386938,26487.471660833224,26414.17541555525,40.635435016620896,-24.881959898062632,-15.635491031635645,-9.246468866426987,26536.24560546875,26653.381521113362,26419.109689824138,0.008828371382006829,0.30184819291637505,29.881363276937403,26625.791015625,26448.345703125,26644.556640625,26187.35546875,0.00041786145661415475,0.0010881272342702086,-0.004714744319345154,0.010631203093743213
2026-09-04 12:10:00-04:00,26490.55078125,26501.703125,26486.681640625,26497.015625,86612000.0,26486.068926197855,26493.6822512103,26516.481478207228,26487.78457769115,26415.544675215497,42.85550779611133,-23.222252603107336,-17.152843345929984,-6.069409257177352,26530.63916015625,26643.95306669572,26417.32525361678,0.008542116596244438,0.3516354427135666,28.819943355370448,26625.791015625,26448.345703125,26644.556640625,26194.39453125,0.0002714780660910687,0.0010093122502499163,-0.004213923755358451,0.01075237413493757
2026-09-04 12:20:00-04:00,26496.703125,26510.498046875,26496.703125,26500.763671875,86523000.0,26490.967174756905,26494.96978224024,26514.984544270825,26488.21012176275,26416.95325367268,44.03032045244177,-21.358281580236508,-17.993930992791288,-3.3643505874452195,26525.48583984375,26634.301929828867,26416.669749858633,0.008204644442113508,0.38640389499323474,27.74672753534399,26625.791015625,26448.345703125,26644.556640625,26194.39453125,0.00014145166112466967,0.0012125184263027666,-0.003874119100420348,0.010923214219989541
2026-09-04 12:30:00-04:00,26499.953125,26516.744140625,26498.296875,26511.35546875,70921000.0,26497.763272754604,26497.948997969288,26514.638918030745,26488.968985598396,26418.513620864043,47.32596339407277,-18.80957653719088,-18.157060101671206,-0.6525164355196722,26521.88740234375,26627.528418490092,26416.246386197407,0.007966327173005583,0.4501522515688435,27.082480256033705,26625.791015625,26448.345703125,26644.556640625,26194.39453125,0.0003996789302431747,0.0016608730065668098,-0.0027072893294977085,0.011920986182474724
2026-09-04 12:40:00-04:00,26511.556640625,26530.5390625,26507.41796875,26529.9921875,73413000.0,26508.506244336408,26503.775032429417,26516.101134170676,26490.314008611564,26420.356241800175,52.613205039788596,-15.111683893352165,-17.5479848600074,2.436300966655235,26519.17626953125,26620.9938458428,26417.3586932197,0.007678788758497907,0.5531141987492144,26.7995240770313,26625.791015625,26448.345703125,26644.556640625,26196.79296875,0.0007029711767083668,0.001934849756124457,-0.0020396561105413546,0.011763952263690758
2026-09-04 12:50:00-04:00,26530.470703125,26534.42578125,26518.359375,26518.474609375,85933000.0,26511.829032682606,26506.44768278316,26516.327179428234,26491.23730699725,26421.97803299976,49.31848381194511,-12.961042796119727,-16.630596447229866,3.6695536511101388,26514.59638671875,26607.497407078445,26421.695366359054,0.007007537961711522,0.5208728743841293,26.032872803671925,26625.791015625,26448.345703125,26644.556640625,26202.4296875,-0.00043413424488025765,0.0010815621269664177,-0.0034422174932732252,0.011595063922719362
2026-09-04 13:00:00-04:00,26521.068359375,26521.068359375,26494.58203125,26494.58203125,76412000.0,26506.080032205075,26504.29029159531,26514.25621293507,26491.346970087503,26423.17809908654,43.265711993946674,-13.03432403422994,-15.91134196462988,2.8770179303999406,26509.7083984375,26595.768116023686,26423.64868085131,0.0064926943965373865,0.4121170298267032,26.065262469481073,26625.791015625,26448.345703125,26644.556640625,26329.703125,-0.000900978599898572,-9.184406970363934e-05,-0.0036762375563511585,0.00217845512535364
2026-09-04 13:10:00-04:00,26494.146484375,26499.390625,26487.849609375,26489.1640625,82887000.0,26500.44137563672,26501.54006812343,26511.866484322207,26491.27539934693,26424.268776167755,42.00672407243685,-13.37540143977094,-15.404153859658093,2.0287524198871534,26503.1720703125,26573.113259803034,26433.230880821964,0.005277948564419557,0.39985866758532246,25.027816266303855,26625.791015625,26448.345703125,26644.556640625,26364.3984375,-0.00020449345996886859,-0.00043770849469182416,-0.004910860241372661,0.000898062424231183
2026-09-04 13:20:00-04:00,26488.78125,26495.310546875,26476.73828125,26477.900390625,75424000.0,26492.92771396615,26497.241944941896,26508.631618255804,26490.8368744708,26425.15524913399,39.437426237437805,-14.388727631401707,-15.201068614006816,0.8123409826051091,26497.5615234375,26555.715643596362,26439.407403278638,0.0043893941038630506,0.3309566651615508,24.566705506210724,26624.498046875,26448.345703125,26644.556640625,26364.3984375,-0.00042521809478113237,-0.001261915037291672,-0.004220025110662551,0.0019053420229719897
2026-09-04 13:30:00-04:00,26478.357421875,26478.357421875,26456.380859375,26464.83984375,86950000.0,26483.56509056077,26491.350653816095,26504.460973064775,26489.98451280782,26425.81119284665,36.639051243902244,-16.060537046425452,-15.372962300490544,-0.6875747459349082,26492.86552734375,26545.3897014843,26440.341353203203,0.0039651561350611065,0.23321157302961512,24.38169529148139,26595.28515625,26448.345703125,26644.556640625,26364.3984375,-0.0004932621802453685,-0.002455799582960161,-0.003536306766724895,0.002828791714723611
2026-09-04 13:40:00-04:00,26464.318359375,26464.318359375,26444.896484375,26456.298828125,76771000.0,26474.476336415515,26484.977594599528,26499.87410211813,26488.880064129695,26426.31512070249,34.8952518529798,-17.868667754250055,-15.872103391242447,-1.9965643630076073,26487.86982421875,26533.954612182963,26441.785036254536,0.003479690006787669,0.1574683589922838,24.064671297447006,26563.814453125,26448.345703125,26644.556640625,26364.3984375,-0.00032273067494181795,-0.002344621331576091,-0.003762361105911771,0.0003574386566214116
2026-09-04 13:50:00-04:00,26456.30859375,26462.77734375,26450.306640625,26459.30078125,76011000.0,26469.41781802701,26480.30908308143,26496.009976321166,26487.91025157626,26426.860338232204,36.047351153910974,-18.842190791667235,-16.466120871327405,-2.3760699203398303,26483.68486328125,26523.798737145637,26443.570989416865,0.0030293272308191807,0.1960642331168672,23.236530713700795,26556.3671875,26444.896484375,26644.556640625,26364.3984375,0.00011346837078396455,-0.001331640180561644,-0.0031533443374901493,0.00043082923624626623
2026-09-04 14:00:00-04:00,26459.369140625,26461.708984375,26446.5390625,26459.439453125,72259000.0,26466.091696393007,26476.514604907534,26492.5270693501,26486.976782774578,26427.39883599903,36.103601188855684,-19.379134551280004,-17.048723607317925,-2.330410943962079,26482.03505859375,26523.272038895866,26440.79807829163,0.003114336206479383,0.22602739939727956,22.660344368079308,26544.546875,26444.896484375,26644.556640625,26364.3984375,5.240950097240571e-06,-0.0011221422203006037,-0.0012454911399752966,0.0025044790762702718
2026-09-04 14:10:00-04:00,26459.62890625,26472.8046875,26457.869140625,26471.189453125,65776000.0,26467.790948637004,26475.54639549253,26490.4949154239,26486.459165409018,26428.122647852353,40.85089993908194,-18.641650208512146,-17.36730892755677,-1.274341280955376,26482.0923828125,26523.265660408604,26440.9191052164,0.0031095184625838045,0.36759701529647615,22.108573118573645,26534.42578125,26444.896484375,26644.556640625,26364.3984375,0.00044407592310546917,-0.00025345429210754666,4.3312524137251174e-05,0.002361085349334102
2026-09-04 14:20:00-04:00,26471.16015625,26480.45703125,26469.185546875,26472.224609375,71078000.0,26469.268835549672,26474.94243438025,26488.754886276387,26485.992458653804,26428.85160589405,41.26491913473741,-17.768832060090062,-17.44761355406343,-0.32121850602663216,26481.92607421875,26523.230362544957,26440.621785892545,0.003119432341170791,0.3825610458757679,21.33449535117553,26534.42578125,26444.896484375,26644.556640625,26364.3984375,3.9105014598250776e-05,0.0002790406315926752,-0.00012563182924807403,0.001756243173973937
2026-09-04 14:30:00-04:00,26472.607421875,26478.720703125,26470.25,26476.5,71140000.0,26471.679223699783,26475.225628129294,26487.587754250064,26485.681230501217,26429.639182656134,43.038331028794815,-16.541449562781054,-17.266380755806956,0.7249311930259026,26482.69951171875,26522.976318100686,26442.422705336816,0.003041744771080618,0.4230386880732014,20.41565304930585,26534.42578125,26444.896484375,26644.556640625,26428.228515625,0.00016150477294929466,0.0007635675725556901,0.000584586059925396,-0.0005510400678530036
2026-09-04 14:40:00-04:00,26476.453125,26494.79296875,26472.5625,26494.169921875,67281000.0,26479.17612309152,26478.670045173967,26488.2146273572,26485.959548251176,26430.705806444876,49.786364440198874,-13.981752133975533,-16.609455031440675,2.6277028974651415,26483.89306640625,26524.04380129706,26443.74233151544,0.0030320870719523145,0.6279784230188836,20.545282742212574,26534.42578125,26444.896484375,26644.556640625,26444.896484375,0.0006673813334465706,0.0013178405927380954,0.0009018067345971659,-0.0016216178819711269
2026-09-04 14:50:00-04:00,26494.21484375,26506.263671875,26490.201171875,26503.337890625,68865000.0,26487.230045602686,26483.155107983246,26489.65493814461,26486.52932996835,26431.906336761906,52.90384092763422,-11.085607044351491,-15.50468543402284,4.419078389671348,26485.62646484375,26525.991477461062,26445.261452226438,0.0030480693119259838,0.7193908119039409,20.225083974911676,26534.42578125,26444.896484375,26644.556640625,26444.896484375,0.0003460372141128598,0.0016590841834638326,0.0013097737382470331,-0.0029016404934368856
2026-09-04 15:00:00-04:00,26503.3984375,26508.748046875,26481.0546875,26483.130859375,88260000.0,26485.86365019346,26483.15069914538,26489.033597309408,26486.417904702994,26432.75302308609,46.108972700070616,-10.302172705822159,-14.464182888382703,4.162010182560545,26486.41318359375,26525.930745636244,26446.89562155126,0.002983987432996063,0.4584700567405698,20.758532217775127,26534.42578125,26444.896484375,26644.556640625,26444.896484375,-0.000762433446435784,0.0004511095457628844,0.0005944814031590973,-0.003251200363198259
2026-09-04 15:10:00-04:00,26482.263671875,26491.283203125,26480.83984375,26486.63671875,79291000.0,26486.12133971231,26483.78452089167,26488.80532316089,26486.425078934044,26433.643662683844,47.37192793666266,-9.291297502350062,-13.429605811176176,4.1383083088261134,26486.80703125,26526.1683355748,26447.445726925198,0.0029721441530012158,0.4978365490813876,20.0217341575769,26534.42578125,26444.896484375,26644.556640625,26444.896484375,0.00013238085004441125,0.0005444238097729315,0.0002974819513723581,-0.003229671701004966
2026-09-04 15:20:00-04:00,26487.890625,26500.806640625,26487.009765625,26498.396484375,100400000.0,26490.213054599877,26486.441241525,26489.718767086044,26486.81758403047,26434.713957257252,51.479503743754094,-7.455316566552938,-12.234747962251529,4.779431395698591,26487.23564453125,26526.90452202275,26447.566767039752,0.0029953203138198083,0.640675014640145,19.603747565964266,26534.42578125,26444.896484375,26644.556640625,26444.896484375,0.0004439886328291287,0.0008270158206333811,0.00032360598372460636,-0.0035555565348251994
2026-09-04 15:30:00-04:00,26497.765625,26503.18359375,26487.48046875,26491.767578125,133243000.0,26490.731229108253,26487.40966636136,26489.913891946897,26486.979878918813,26435.65699231292,49.150736669408886,-6.460710730058054,-11.079940515812833,4.619229785754779,26486.9732421875,26526.448835942392,26447.49764843261,0.002980755361810493,0.5607253176135516,19.32513166839539,26534.42578125,26444.896484375,26644.556640625,26444.896484375,-0.0002501625430018084,-9.067442977395146e-05,-0.00019806181002690604,-0.0030873618446733975
2026-09-04 15:40:00-04:00,26491.529296875,26505.7578125,26487.74609375,26504.583984375,130626000.0,26495.348814197172,26490.532269636566,26491.311043606718,26487.55706270426,26436.796281437913,53.527902925203044,-4.585443428186409,-9.781041098287549,5.19559767010114,26487.1642578125,26526.940745997243,26447.387769627756,0.0030034538841213335,0.7189701423815266,19.23131645993858,26534.42578125,26444.896484375,26644.556640625,26444.896484375,0.00048378826411643594,4.701648355176502e-05,0.00014415858151495264,-0.002878133000605354
2026-09-04 15:50:00-04:00,26518.06640625,26524.916015625,26497.095703125,26505.435546875,286822000.0,26498.71105842312,26493.24195640719,26492.656234394173,26488.143242513135,26437.930814750922,53.812394084625154,-2.9960302323815995,-8.424038925106359,5.4280086927247595,26486.86826171875,26526.00320289716,26447.733320540345,0.002955044801198195,0.7372213244374737,19.84481617708582,26534.42578125,26444.896484375,26644.556640625,26444.896484375,3.212887629189254e-05,0.0008422224554354152,-0.000223297593439864,-0.0019612499430959884
2026-09-08 09:30:00-04:00,26530.283203125,26537.669921875,26437.333984375,26441.3125,170145271.0,26479.578205615413,26483.800237060426,26487.76635492806,26486.607808332374,26437.986710374877,35.9604936858172,-6.831849499401869,-8.105601039965462,1.2737515405635929,26482.43427734375,26521.112871442852,26443.755683244646,0.0029210754339296804,-0.03158314439229919,25.594181985865404,26534.42578125,26444.896484375,26644.556640625,26444.896484375,-0.002419241395282823,-0.0017112107977799162,-0.003342620189001888,-0.0050239925446355915
2026-09-08 09:40:00-04:00,26447.267578125,26448.931640625,26385.697265625,26412.9453125,290911000.0,26457.367241243614,26470.91752350398,26480.640541363482,26484.19264453459,26437.572802971987,31.052680252229877,-12.022174714311404,-8.88891577483465,-3.133258939476754,26477.1578125,26522.88123600393,26431.434388996073,0.0034538014863772413,-0.20218385981622958,28.28276720116073,26537.669921875,26437.333984375,26644.556640625,26437.333984375,-0.0010728358321849818,-0.0032247676543517567,-0.003979463314895626,-0.006591343947623618
2026-09-08 09:50:00-04:00,26415.451171875,26436.85546875,26368.640625,26413.677734375,234306000.0,26442.804072287414,26460.510289116894,26474.263131174106,26481.88068026706,26437.17784316047,31.31333434281477,-15.893237172265799,-10.28978005432088,-5.603457117944918,26473.11259765625,26525.747185033106,26420.478010279396,0.003976456276736795,-0.06459892860664805,31.13505838322068,26537.669921875,26385.697265625,26644.556640625,26385.697265625,2.7729655528219155e-05,-0.0029477022822169685,-0.003053616651871538,-0.006279619529755642
2026-09-08 10:00:00-04:00,26413.56640625,26414.96484375,26366.275390625,26372.03125,227469000.0,26419.213131524943,26444.423191095637,26464.526761538476,26478.279059602566,26436.101039967733,25.427010168380164,-22.06722802625154,-12.645269648707014,-9.421958377544527,26467.25595703125,26535.264461607985,26399.247452454518,0.005139067282769572,-0.2000941104638601,32.388943721919205,26537.669921875,26368.640625,26644.556640625,26368.640625,-0.001576701464817254,-0.005001124879120633,-0.004421914267420113,-0.0070416496730384415
2026-09-08 10:10:00-04:00,26364.287109375,26386.01171875,26341.53515625,26386.01171875,163327000.0,26408.145993933296,26433.80292339643,26457.049138415765,26475.253900886088,26435.27311730298,30.17238108834313,-25.53767089730536,-15.223749898426686,-10.313920998878675,26462.6615234375,26539.069545739134,26386.253501135863,0.005774779852280706,-0.001582179322144386,33.25234506321069,26537.669921875,26366.275390625,26644.556640625,26366.275390625,0.0005301248363263067,-0.0045056353785923875,-0.0034703911760138872,-0.006164446746863228
2026-09-08 10:20:00-04:00,26387.7890625,26406.509765625,26378.845703125,26392.806640625,163420000.0,26403.032876163867,26426.349053801623,26450.930805292835,26472.55071202507,26434.571192068634,32.423165363167556,-27.423606206284603,-17.663721159998268,-9.759885046286335,26459.05986328125,26541.286926728724,26376.832799833777,0.006215418376341079,0.09713250188866844,32.85318202298136,26537.669921875,26341.53515625,26644.556640625,26341.53515625,0.0002575198536036716,-0.0018344724519632205,-0.0027218454201985987,-0.006298511284366981
2026-09-08 10:30:00-04:00,26392.716796875,26398.703125,26373.705078125,26390.89453125,135556000.0,26398.98676119258,26419.902776974053,26445.213064907803,26469.87346019638,26433.84926379064,32.10950960954919,-28.741204062818724,-19.87921774056236,-8.861986322256364,26455.7896484375,26543.232718934003,26368.346577941,0.006610505424975365,0.12892933185541697,32.29210094098269,26537.669921875,26341.53515625,26644.556640625,26341.53515625,-7.244812577289483e-05,-0.0008348474957681207,-0.0024721635214322024,-0.007304086718067149
2026-09-08 10:40:00-04:00,26392.072265625,26411.40625,26390.93359375,26408.083984375,130335000.0,26402.019168920055,26417.753905592406,26441.676961999918,26467.847575743217,26433.4233914036,37.9233136093655,-28.074736560814927,-21.518321504612874,-6.556415056202052,26453.22880859375,26543.077344703346,26363.380272484155,0.006793010922009394,0.2487726223848323,31.450645070198213,26537.669921875,26341.53515625,26644.556640625,26341.53515625,0.0006513402986263461,-0.00021177475004630075,-0.0019356821746133734,-0.006852681307863651
2026-09-08 10:50:00-04:00,26409.55078125,26439.876953125,26408.431640625,26436.201171875,131354000.0,26413.41316990504,26421.10795400742,26441.1554581785,26466.809988731144,26433.469305130402,46.06015149435811,-24.989668870512105,-22.212590977792722,-2.777077892719383,26452.06689453125,26542.16480197215,26361.96898709035,0.0068121638887528755,0.4119528793348666,31.47509676161263,26537.669921875,26341.53515625,26644.556640625,26341.53515625,0.0010647189518420141,0.0024332567054348164,-0.0008782605274449962,-0.006280650087075901
2026-09-08 11:00:00-04:00,26437.833984375,26449.380859375,26430.4609375,26430.4609375,118536000.0,26419.095759103362,26422.808496460617,26440.136932399593,26465.61821655963,26433.419580045604,44.76995393553008,-22.745720928018272,-22.319216967837832,-0.42650396018044034,26450.03046875,26540.148579203957,26359.912358296042,0.0068142160032994645,0.39142287187658226,30.578298555426013,26537.669921875,26341.53515625,26644.556640625,26341.53515625,-0.0002171353719726543,0.001684575115928455,-0.0015385978668288613,-0.007379665360595866
2026-09-08 11:10:00-04:00,26439.189453125,26487.8203125,26439.189453125,26475.541015625,126306000.0,26437.910844610575,26432.396227217774,26443.508749849632,26465.9435542339,26434.115802121298,55.34811882565846,-17.132299972472538,-21.281833568764775,4.149533596292237,26450.1962890625,26540.48917621893,26359.90340190607,0.006827388815542843,0.6403473039830436,32.4912325871813,26537.669921875,26341.53515625,26644.556640625,26341.53515625,0.0017056107432860124,0.003134731979305805,0.00012527871378154032,-0.005818197499971922
2026-09-08 11:20:00-04:00,26475.966796875,26491.150390625,26449.896484375,26486.853515625,133568000.0,26454.225068282052,26442.297552382723,26447.63682278062,26466.629126738528,26434.98749986516,57.54555712017457,-11.636659053201583,-19.352798665652138,7.716139612450554,26450.71396484375,26541.720046663704,26359.7078830238,0.006881181501634393,0.698555690227096,33.11713784881121,26537.669921875,26341.53515625,26636.015625,26341.53515625,0.0004272811646539587,0.0036360641076933486,0.00039104547900969955,-0.005364223027814807
2026-09-08 11:30:00-04:00,26486.880859375,26494.16796875,26471.90234375,26478.685546875,119324000.0,26462.37856114637,26448.913551381316,26450.593844122945,26467.024419202018,26435.70978163392,55.42465754380941,-7.849921833789267,-17.052223299279564,9.202301465490297,26449.93974609375,26539.708934067654,26360.170558119848,0.006787855763426508,0.6601095065581186,32.34202978818184,26537.669921875,26341.53515625,26636.015625,26341.53515625,-0.0003083782203567864,0.002673482958543083,-0.0005844446172746931,-0.005840985883795224
2026-09-08 11:40:00-04:00,26479.90625,26507.00390625,26475.453125,26478.9375,119113000.0,26467.898207430917,26454.372451130166,26453.29323992076,26467.415012015066,26436.42428937551,55.479165759428405,-4.77354830053082,-14.596488299529817,9.822939998998997,26448.7197265625,26536.18660542137,26361.25284770363,0.0066140727992234985,0.6727383772676776,32.285512035454566,26537.669921875,26341.53515625,26634.962890625,26341.53515625,9.515318445618703e-06,0.001616583557037865,-0.00092065349374848,-0.00555930218177858
2026-09-08 11:50:00-04:00,26481.810546875,26487.6875,26472.650390625,26475.205078125,108111000.0,26470.333830995613,26458.160201492865,26455.380081654497,26467.67042401867,26437.06529414823,54.41756303131811,-2.6066277810205065,-12.198516195827954,9.591888414807448,26448.3234375,26535.23313934288,26361.41373565712,0.0065720386434517395,0.6546527030641455,31.053483273993525,26537.669921875,26341.53515625,26630.455078125,26341.53515625,-0.0001409581436189189,0.0016929005033550215,-0.00029927659581063804,-0.005473915682813524
2026-09-08 12:00:00-04:00,26475.4296875,26491.955078125,26464.51171875,26464.51171875,109809000.0,26468.393126913743,26459.315022812345,26456.24976137788,26467.5668599115,26437.518954059004,51.383900340541324,-1.73222438646917,-10.105257833956198,8.373033447487028,26447.2171875,26532.699534824493,26361.734840175504,0.00646437367821795,0.6011584952408406,30.795617281208273,26537.669921875,26341.53515625,26625.791015625,26341.53515625,-0.00040390090816844193,-0.000416584381353724,-0.0008353268946501569,-0.00554392365769496
2026-09-08 12:10:00-04:00,26464.517578125,26464.603515625,26442.970703125,26442.970703125,103778000.0,26459.91898565083,26456.343328323735,26454.98508916332,26466.76042854145,26437.609065613815,45.840067275376086,-2.7457816698042734,-8.633362601125814,5.887580931321541,26444.4458984375,26526.642333713116,26362.249463161887,0.006216536779881752,0.49102640334976244,30.141131225407683,26537.669921875,26341.53515625,26625.791015625,26341.53515625,-0.0008139585515094527,-0.0016567771054464275,-0.002091665481821936,-0.006475141553138664
2026-09-08 12:20:00-04:00,26437.970703125,26465.24609375,26437.970703125,26442.6171875,95005000.0,26454.15171960056,26453.847666355785,26453.807193766814,26465.968846867956,26437.691844487967,45.75282477344158,-3.5367889739027305,-7.614047875681198,4.0772589017784675,26441.98837890625,26521.265720726482,26362.71103708602,0.005996322264741101,0.5039658783916748,29.936435468235707,26537.669921875,26341.53515625,26625.791015625,26341.53515625,-1.3368982969774734e-05,-0.0013621657808937648,-0.0018553080869389005,-0.006258274990931345
2026-09-08 12:30:00-04:00,26443.525390625,26456.66796875,26439.826171875,26452.4296875,90785000.0,26453.577708900375,26453.58985201837,26453.67600269378,26465.52494000343,26437.93544519891,48.67284460190522,-3.3334552209998947,-6.757929344744937,3.4244741237450427,26439.3806640625,26513.514721279716,26365.246606845285,0.005607851269979393,0.5880096404225194,29.001104140147444,26537.669921875,26341.53515625,26625.791015625,26341.53515625,0.0003710865656914031,-0.0010010904893748007,-0.0019677462927071288,-0.005690924584181967
2026-09-08 12:40:00-04:00,26452.8671875,26469.005859375,26449.232421875,26465.55078125,92487000.0,26457.568733016917,26455.764566424117,26454.806933984848,26465.525787257415,26438.391897034468,52.365236091823206,-2.0894631186274637,-5.824236099521443,3.734772980893979,26437.38642578125,26506.265130706954,26368.507720855545,0.005210704554254662,0.70444893308556,28.341985094422625,26537.669921875,26341.53515625,26625.791015625,26341.53515625,0.0004960260325803656,-0.0003646542811098774,-0.0015047768430163089,-0.004430350265108296
2026-09-08 12:50:00-04:00,26465.337890625,26477.236328125,26437.974609375,26447.228515625,92661000.0,26454.121993886278,26454.21255718791,26454.08517985534,26464.92587671209,26438.53795684588,47.25328839050415,-2.552619121113821,-5.169912703839918,2.617293582726097,26437.6822265625,26506.67654904325,26368.68790408175,0.00521939267515896,0.5691817001693291,29.12196606982101,26537.669921875,26341.53515625,26625.791015625,26341.53515625,-0.0006923062276860126,-0.0006530709241370225,0.0002237413753571893,-0.005152919840971215
2026-09-08 13:00:00-04:00,26447.400390625,26500.546875,26447.400390625,26483.751953125,81896000.0,26463.998646965854,26459.5833564492,26456.910586833405,26465.543125119068,26439.285295627356,56.392029341471144,0.027149613360961666,-4.130500240399742,4.157649853760704,26441.22255859375,26512.01932185772,26370.42579532978,0.005355029489055174,0.8003625629937199,30.850279877333794,26507.00390625,26341.53515625,26625.791015625,26341.53515625,0.0013809930019101913,0.0015422340575061977,0.0026807552049672445,-0.004747086412958845
2026-09-08 13:10:00-04:00,26484.1171875,26489.439453125,26478.998046875,26484.0390625,84599000.0,26470.678785477237,26464.029848458435,26459.494251182605,26466.149549295493,26440.025027311203,56.45589696223684,2.0709298584515636,-2.890214220629481,4.961144079081045,26444.740625,26516.69603936753,26372.785210632468,0.0054419451782791286,0.7730749162201662,29.392503189667096,26507.00390625,26341.53515625,26625.791015625,26341.53515625,1.0840962999081327e-05,0.0015664816650442503,0.0026638217075478643,-0.004072703908601483
2026-09-08 13:20:00-04:00,26483.935546875,26484.541015625,26466.736328125,26474.818359375,84663000.0,26472.05864344316,26465.991395897807,26460.95369005807,26466.433772576787,26440.60012370895,53.734037579549444,2.9130271817157336,-1.7295659401604382,4.642593121876172,26449.87998046875,26514.652915686453,26385.10704525105,0.004897786701907994,0.6925061665217959,28.56480206897659,26507.00390625,26341.53515625,26625.791015625,26341.53515625,-0.00034816075838128846,0.0008463748751812439,0.0038975802963603368,-0.0054497694099747696
2026-09-08 13:30:00-04:00,26476.666015625,26491.25,26476.666015625,26486.3671875,80151000.0,26476.828158128777,26469.696085280022,26463.37402314778,26467.08732716443,26441.356604102195,56.55901266763141,4.460867189325654,-0.49147931426321967,4.952346503588874,26454.89775390625,26514.439782928035,26395.355724884466,0.004501399292914871,0.7642623547665438,27.698147680121117,26507.00390625,26341.53515625,26624.498046875,26341.53515625,0.00043621935260262923,0.0007865472523906902,0.003803358757651365,-0.003901606102538868
2026-09-08 13:40:00-04:00,26484.51171875,26484.51171875,26463.8125,26473.775390625,78599000.0,26475.810568960853,26470.437777160925,26464.364629574182,26467.306607933628,26441.892451813317,52.77529952895302,4.61825243387284,0.5304670353639923,4.0877853985088475,26458.94619140625,26511.67100149773,26406.22138131477,0.003985405141237644,0.6406282847963038,27.330757667255323,26507.00390625,26373.705078125,26595.28515625,26341.53515625,-0.0004754067171938159,0.001003767747698614,0.003067834016385662,-0.0031998623335565135
2026-09-08 13:50:00-04:00,26474.201171875,26478.650390625,26461.703125,26461.703125,76977000.0,26471.10808764057,26468.84965858621,26464.11115294807,26467.122887181704,26442.2199009569,49.36552325140069,3.725900567817007,1.1695537418545952,2.556346825962412,26462.48662109375,26504.972871531496,26420.000370656006,0.0032110550339497263,0.4907794158618589,26.589079664237087,26507.00390625,26373.705078125,26563.814453125,26341.53515625,-0.00045600846297411124,-0.0008325417094988685,0.0026830691042378785,-0.00355885705594583
2026-09-08 14:00:00-04:00,26461.244140625,26475.41015625,26460.927734375,26471.84375,83017000.0,26471.353308427046,26469.39403884326,26464.84759076254,26467.277669569186,26442.70955135431,52.161498782793174,3.7932428315289144,1.694291559789459,2.0989512717394554,26465.674609375,26500.171133765405,26431.178084984596,0.002606887970895296,0.5894168432039967,25.724318393577295,26507.00390625,26390.93359375,26556.3671875,26341.53515625,0.0003832189089303384,-0.00046047781727021064,0.002414403319177749,-0.0026807915457935927
2026-09-08 14:10:00-04:00,26471.853515625,26480.322265625,26468.466796875,26473.859375,79796000.0,26472.18866395137,26470.205918144486,26465.705855928012,26467.49346318987,26443.22442447242,52.720343372371964,3.9635666241083527,2.148146572653238,1.8154200514551149,26467.55751953125,26499.424275978152,26435.690763084345,0.002407986186363273,0.5988782068117234,24.73368627617892,26507.00390625,26408.431640625,26544.546875,26341.53515625,7.614222186536068e-05,-3.6222510084171766e-05,0.0014244937417506875,-0.0007011877727184368
2026-09-08 14:20:00-04:00,26474.201171875,26476.365234375,26460.63671875,26469.81640625,81434000.0,26471.39791138425,26470.135097800034,26466.097336911058,26467.569625257413,26443.663961361308,51.42273397982604,3.7293263148822007,2.46438252109903,1.2649437937831705,26469.52529296875,26496.465799114754,26442.584786822743,0.002035586649010438,0.5054028918327248,24.090459801094713,26507.00390625,26430.4609375,26537.669921875,26341.53515625,-0.00015271550296958036,-0.0006248792494959465,0.001489019387254098,-8.559204088487427e-06
2026-09-08 14:30:00-04:00,26470.169921875,26471.005859375,26455.490234375,26456.408203125,85130000.0,26466.4013419645,26467.639298768205,26465.174562264765,26467.203676990775,26443.8746099855,47.26760747962927,2.4337050106223614,2.4582470190036965,-0.024542008381335023,26468.56865234375,26495.942071049485,26441.195233638016,0.0020683716649189106,0.27787850780576273,23.47797160101652,26507.00390625,26437.970703125,26537.669921875,26341.53515625,-0.000506546887942716,-0.0006560147634308011,-0.0007226599255784061,-0.0007230285134826042
2026-09-08 14:40:00-04:00,26455.6875,26474.666015625,26399.501953125,26420.216796875,102623000.0,26451.006493601337,26459.01702569671,26460.89287032288,26465.663123544353,26443.483571752273,38.277041856057714,-1.4961811822940945,1.6673613787441384,-3.163542561038233,26465.23681640625,26498.48757082163,26431.98606199087,0.0025127872194038838,-0.17697741484061347,27.169835236658198,26507.00390625,26437.970703125,26537.669921875,26341.53515625,-0.0013679637073986672,-0.0015677875278483633,-0.0025158412534992403,-0.0015424362240228362
2026-09-08 14:50:00-04:00,26421.1171875,26453.1484375,26415.6953125,26443.91015625,93487000.0,26448.64104781756,26456.270322160944,26459.275468982607,26464.949911501917,26443.490622735706,45.57539016666209,-2.66803279432861,0.8002825441295888,-3.468315338458199,26463.498046875,26497.384784807415,26429.611308942585,0.002561017282929932,0.21097999069625684,27.904355934039756,26507.00390625,26399.501953125,26537.669921875,26341.53515625,0.0008967889838740195,-0.001055219047596534,-0.001313335231971302,-0.0009969162813894261
2026-09-08 15:00:00-04:00,26447.650390625,26455.43359375,26440.234375,26443.771484375,92315000.0,26447.017860003376,26453.997806199863,26457.798899019977,26464.255536842018,26443.495265076854,45.541448659374666,-3.5668073659289803,-0.07313543788212507,-3.4936719280468553,26461.73974609375,26495.887903177314,26427.591589010186,0.002580945728529048,0.23690729964167842,26.996846135179776,26507.00390625,26399.501953125,26537.669921875,26341.53515625,-5.24400038348638e-06,-0.0011365131996361466,-0.0013280750266131403,-0.0009406758093054579
2026-09-08 15:10:00-04:00,26442.787109375,26449.044921875,26434.26171875,26437.240234375,101484000.0,26443.758651460586,26450.950974958978,26455.84093095855,26463.36978922015,26443.391876139634,43.883781340883885,-4.751339496204309,-1.008776249546562,-3.742563246657747,26459.84150390625,26494.990693372616,26424.692314439882,0.0026567951634311757,0.17849515345331446,26.124443063024078,26500.546875,26399.501953125,26537.669921875,26341.53515625,-0.00024698632734210246,-0.0012306912664232783,-0.0014339773247448173,-0.0011393734936415711
2026-09-08 15:20:00-04:00,26436.859375,26446.1953125,26426.783203125,26442.474609375,105844000.0,26443.33063743206,26449.409817580072,26454.567947950596,26462.684701356375,26443.37671470551,45.59300342263128,-5.207688435923046,-1.848558686821859,-3.359129749101187,26458.7396484375,26494.6084203992,26422.870876475798,0.0027112986059273,0.27327019893703636,25.644990656736642,26500.546875,26399.501953125,26537.669921875,26341.53515625,0.0001979924891402085,-0.0005266623361350753,-0.0008327041741482688,-0.0013703495394488119
2026-09-08 15:30:00-04:00,26441.314453125,26445.232421875,26429.486328125,26438.4609375,137389000.0,26441.707404121375,26447.419112110965,26453.033946955304,26461.89047959059,26443.295462189722,44.474385513883306,-5.826058855236624,-2.6440587205048125,-3.182000134731812,26458.51416015625,26494.830529996645,26422.197790315855,0.00274515565164152,0.22390931769363406,24.93792659196974,26500.546875,26399.501953125,26537.669921875,26341.53515625,-0.00015178881456034965,0.0006905371278844719,-0.00017054686009487785,-0.001938981581223298
2026-09-08 15:40:00-04:00,26439.173828125,26443.021484375,26419.185546875,26434.365234375,160302000.0,26439.26001420592,26445.04567979533,26451.255974328607,26460.98801253434,26443.14785511841,43.306741751560295,-6.570866027286684,-3.429420181861187,-3.1414458454254968,26458.1015625,26495.307598924635,26420.895526075365,0.0028124494372165246,0.1810150931680085,24.859213085400476,26500.546875,26399.501953125,26537.669921875,26341.53515625,-0.00015491458200544983,-0.0003609497165358855,-0.00031207021099644017,-0.002364431961382474
2026-09-08 15:50:00-04:00,26423.521484375,26426.240234375,26390.728515625,26423.208984375,312976000.0,26433.909670928948,26441.075371537085,26448.584832428263,26459.749355873377,26442.818287006947,40.20997389742104,-7.969480010775442,-4.337432147644038,-3.6320478631314037,26456.64052734375,26496.800395619906,26416.48065906759,0.003035900815498577,0.08376926514228307,26.20046349001473,26500.546875,26399.501953125,26537.669921875,26341.53515625,-0.0004220358575318661,-0.0007775933176608074,-0.0011046510082515226,-0.002926507645600762
2026-09-09 09:30:00-04:00,26305.828125,26349.78125,26291.2421875,26335.591796875,141528758.0,26401.1370462443,26421.89653978034,26437.823590947002,26455.678616234087,26441.045948327082,25.056128297011696,-15.963845182901423,-6.662714754695515,-9.301130428205909,26450.142578125,26516.162288427626,26384.122867822374,0.004992011676884183,-0.36754986294936876,33.75520158894225,26500.546875,26390.728515625,26537.669921875,26341.53515625,-0.0033159177430648334,-0.0038448959346305545,-0.004910496118111118,-0.006629750488698294
2026-09-09 09:40:00-04:00,26340.818359375,26346.15234375,26316.767578125,26331.69140625,224782000.0,26377.988499579536,26405.495606411183,26427.715763833003,26451.613461808378,26439.2384352349,24.61146627934083,-22.35645480997482,-9.801462765751378,-12.554992044223443,26444.36572265625,26528.208143802556,26360.523301509944,0.006341042324526168,-0.17194097490118876,33.443027591517804,26500.546875,26291.2421875,26537.669921875,26291.2421875,-0.00014810339767878933,-0.004189592871376768,-0.0043685904293049305,-0.007474588754060485
2026-09-09 09:50:00-04:00,26329.2421875,26366.1953125,26319.28515625,26360.1640625,218905000.0,26372.04702055303,26397.25350751824,26421.282268467956,26448.615120847448,26437.93142080953,33.8415558939904,-24.838812226516893,-12.808932657904482,-12.029879568612412,26438.186328125,26527.542585886207,26348.830070363794,0.0067596359789740285,0.06342024845363636,34.40496535283796,26500.546875,26291.2421875,26537.669921875,26291.2421875,0.0010813075320805776,-0.0029614762820382445,-0.004666555208784007,-0.005969821009954801
2026-09-09 10:00:00-04:00,26361.08984375,26363.53515625,26331.35546875,26360.857421875,204629000.0,26368.317154327022,26390.636037401284,26415.52752117339,26445.737819241793,26436.65747041392,34.05329876039893,-26.445305041735992,-15.536207134670784,-10.909097907065208,26432.02724609375,26524.807960327074,26339.246531860423,0.007020325256893599,0.11646218825299204,34.246016934778105,26491.25,26291.2421875,26537.669921875,26291.2421875,2.630330271680137e-05,-0.0027807670752922897,-0.00465116519177089,-0.005047243591813411
2026-09-09 10:10:00-04:00,26360.740234375,26361.953125,26293.158203125,26294.447265625,205859000.0,26343.693858093015,26373.147169805594,26403.99606826402,26440.77747322157,26434.30688851658,25.6014917792493,-32.70025854321648,-18.969017416379923,-13.731241126836554,26423.00869140625,26531.18612874428,26314.831254068216,0.008188124115723092,-0.09421552656826492,36.71379585907967,26491.25,26291.2421875,26537.669921875,26291.2421875,-0.0025192714784342263,-0.004873053792449733,-0.006812930359015201,-0.007350809425906157
2026-09-09 10:20:00-04:00,26294.619140625,26333.365234375,26272.083984375,26329.4140625,173511000.0,26338.93392622868,26365.19569575003,26396.893020096017,26437.12621385365,26432.5731227973,34.78009461570548,-34.43883650969292,-22.062981235042525,-12.375855274650394,26415.16103515625,26526.539427230815,26303.782643081682,0.008432914107646858,0.11506459619724947,38.46861401200255,26491.25,26291.2421875,26537.669921875,26291.2421875,0.0013298167678432726,-0.00023457738951337959,-0.005925807940700634,-0.005607934388089708
2026-09-09 10:30:00-04:00,26329.0390625,26329.0390625,26296.693359375,26308.12890625,165483000.0,26328.665586235787,26354.819915840933,26388.439294967822,26432.896793932217,26430.516193598174,32.17770070705656,-37.10646605311922,-25.071678198657864,-12.034787854461356,26406.8787109375,26524.074297174746,26289.683124700256,0.008876140760150026,0.07869657101421748,38.05804894864523,26484.51171875,26272.083984375,26537.669921875,26272.083984375,-0.0008084173920267501,-0.0008948342754163674,-0.006257002710450599,-0.005921476888778865
2026-09-09 10:40:00-04:00,26309.154296875,26326.787109375,26307.71875,26323.00390625,147112000.0,26326.77835957386,26349.035186824396,26382.207353185175,26429.293748434437,26428.73913099738,35.79335632309562,-37.58701380306229,-27.574745319538753,-10.012268483523538,26399.94375,26519.728072836857,26280.15942716314,0.009074589246945524,0.17884009389614505,36.70164255052771,26480.322265625,26272.083984375,26537.669921875,26272.083984375,0.0005654145930715782,-0.0014097088379986245,-0.005241507626882913,-0.005038305726018599
2026-09-09 10:50:00-04:00,26323.826171875,26324.693359375,26294.634765625,26315.96484375,134367000.0,26323.173854299243,26343.022397174507,26375.898542762778,26425.5780466415,26426.87509319164,34.846643983719346,-38.096689945574326,-29.679134244745867,-8.417555700828458,26392.1498046875,26512.490450366062,26271.809159008935,0.009119427297066164,0.18346122580647897,36.22713906477573,26480.322265625,26272.083984375,26537.669921875,26272.083984375,-0.00026741106467442766,-0.0017030014390861936,-0.005888479386706891,-0.005417223179290276
2026-09-09 11:00:00-04:00,26314.435546875,26334.408203125,26247.998046875,26250.25390625,149114000.0,26298.8672049495,26326.155398824594,26363.932386904416,26419.82971416965,26423.955734729796,27.527105658906663,-43.3037566960229,-32.40405873500127,-10.89969796102163,26380.96953125,26510.09534341909,26251.843719080913,0.009789315136134779,-0.006156061302564639,39.81164029229174,26480.322265625,26272.083984375,26537.669921875,26272.083984375,-0.00249699898484268,-0.0016807107192085002,-0.008446273948299221,-0.007905894879050246
2026-09-09 11:10:00-04:00,26253.12109375,26255.1796875,26209.50390625,26247.9375,144300000.0,26281.890636633,26311.933962674666,26352.885254818284,26414.193903869003,26421.046342420213,27.309336871180662,-47.07466183730867,-35.338179355462756,-11.736482481845911,26369.8755859375,26504.567544517748,26235.183627357255,0.01021559302707325,0.047344595687745676,40.23050750355662,26476.365234375,26247.998046875,26537.669921875,26247.998046875,-8.824319407629844e-05,-0.0030945072422270403,-0.008382336425937997,-0.008433771120120337
2026-09-09 11:20:00-04:00,26247.890625,26249.9140625,26184.958984375,26200.099609375,148468000.0,26254.626960880334,26291.60044389291,26338.334240966542,26407.174418803625,26417.394330303763,23.223310307399387,-53.308739341595356,-38.932291352689276,-14.37644798890608,26357.06015625,26504.54636045217,26209.573952047835,0.011191400203804118,-0.03211941999621756,41.99654826223115,26474.666015625,26209.50390625,26537.669921875,26209.50390625,-0.0018225390328288071,-0.004106308634109546,-0.0096879588409029,-0.01027964230492473
2026-09-09 11:30:00-04:00,26207.025390625,26245.900390625,26202.427734375,26241.37109375,126371000.0,26250.20833850356,26282.467834776013,26329.099655517348,26401.7382442117,26414.484855319406,32.59361699867881,-54.29316895359443,-42.00446687287031,-12.288702080724121,26348.11787109375,26500.798459775207,26195.43728241229,0.011589487296848819,0.1504245291899611,42.268279189928926,26474.666015625,26184.958984375,26537.669921875,26184.958984375,0.001575241506342584,-0.0031011966867738883,-0.006769274624050525,-0.008880664221101786
2026-09-09 11:40:00-04:00,26268.146484375,26268.146484375,26233.251953125,26244.873046875,113871000.0,26248.429907960708,26275.63241879401,26321.078073741886,26396.595122987546,26411.681354353386,33.33707037996642,-54.166362058967934,-44.436845910089836,-9.729516148878098,26338.166015625,26490.520440626475,26185.811590623525,0.011569098995813995,0.1938291462519157,41.741582908505436,26455.43359375,26184.958984375,26537.669921875,26184.958984375,0.0001334516063391522,-0.00270147027848322,-0.0075267654518164084,-0.009409499362883156
2026-09-09 11:50:00-04:00,26244.794921875,26261.564453125,26234.005859375,26247.298828125,108129000.0,26248.05288134881,26270.480856854192,26314.05147892123,26391.70016250025,26408.96428780416,33.881077364128814,-53.25622183316227,-46.20072109470433,-7.055500738457944,26328.3423828125,26477.49573315314,26179.189032471862,0.011330249977150732,0.22832137359833762,40.728512254326475,26455.43359375,26184.958984375,26537.669921875,26184.958984375,9.242876677917344e-05,-0.00011257331588310215,-0.007429827336319694,-0.009660634579562455
2026-09-09 12:00:00-04:00,26247.40234375,26257.720703125,26224.953125,26224.953125,109141000.0,26240.352962565878,26262.203087426155,26305.56592140492,26386.23304651663,26405.922780980953,31.343633228239028,-53.718803708005,-47.704337617364466,-6.014466090640532,26317.72802734375,26464.56869971004,26170.88735497746,0.011159069066579224,0.1840967122776222,40.159874102231726,26449.044921875,26184.958984375,26537.669921875,26184.958984375,-0.0008513524866434752,-0.0008756640402698412,-0.00802985135713874,-0.009748761796553373
2026-09-09 12:10:00-04:00,26222.705078125,26238.876953125,26213.318359375,26214.748046875,101565000.0,26231.81799066892,26253.574898235034,26296.91660002112,26380.610587511987,26402.762868020527,30.23014284693501,-54.283125611851574,-49.02009521626189,-5.263030395589681,26306.34169921875,26447.947569570482,26164.735828867015,0.010765911274994136,0.17658949407874208,39.11692550564375,26446.1953125,26184.958984375,26537.669921875,26184.958984375,-0.0003891361817257577,0.000559098542310732,-0.008612150181256495,-0.010265126326232665
2026-09-09 12:20:00-04:00,26215.041015625,26219.884765625,26205.486328125,26211.359375,91760000.0,26224.998452112617,26245.899348555937,26288.76829287625,26375.061367429622,26399.599173921015,29.85092152868401,-54.37696844265156,-50.091469861539835,-4.2854985811117245,26294.98662109375,26428.589394564828,26161.383847622674,0.010161843806674634,0.18703027668862424,37.35131921952634,26445.232421875,26184.958984375,26537.669921875,26184.958984375,-0.00012926585710226757,-0.001143679522033314,-0.00858981780508572,-0.01083224449238862
2026-09-09 12:30:00-04:00,26212.51171875,26240.244140625,26212.51171875,26240.244140625,91074000.0,26230.080348283413,26244.87112893213,26284.146945042798,26370.641130485208,26396.96520642852,37.09467958370435,-51.52661364834785,-50.37849861890144,-1.1481150294464086,26285.28056640625,26404.389505425563,26166.17162738694,0.009062786202216797,0.3109443919488332,36.74656539134588,26443.021484375,26184.958984375,26537.669921875,26184.958984375,0.0011019941854886195,-0.00017637373370915643,-0.0073435125840497495,-0.009494399977587387
2026-09-09 12:40:00-04:00,26240.109375,26257.34765625,26239.1484375,26253.0859375,90190000.0,26237.748878022277,26246.364730489924,26281.188753848244,26366.78686186274,26394.587036694164,40.05823546624371,-47.681814971634594,-49.83916188944808,2.1573469178134843,26276.7744140625,26378.26318178057,26175.28564634443,0.007724598622253793,0.38329508232721315,35.421754916964034,26426.240234375,26184.958984375,26537.669921875,26184.958984375,0.0004893931933780404,0.00022048399772089944,-0.006438394631613442,-0.009488850948321415
2026-09-09 12:50:00-04:00,26256.322265625,26269.548828125,26256.322265625,26262.638671875,67777000.0,26246.045475973187,26249.323628923572,26279.422079374603,26363.372167109042,26392.40607198641,42.23821751765625,-43.364084320681286,-48.54414637569472,5.180062055013437,26273.1267578125,26371.07988602041,26175.173629604593,0.007456526138730771,0.44646375195267113,34.06755032468089,26366.1953125,26184.958984375,26537.669921875,26184.958984375,0.00036387091398482063,0.0014370110289758653,-0.0027701342564345754,-0.00916026731840014
2026-09-09 13:00:00-04:00,26262.70703125,26276.890625,26251.232421875,26259.10546875,84220000.0,26250.398806898793,26251.10214525565,26277.48716407702,26359.953586834974,26390.20275623044,41.635090895004254,-39.76892027853319,-46.78910115626242,7.020180877729231,26269.4974609375,26363.813333634298,26175.1815882407,0.007180637759595236,0.4449085721715896,33.466882667560824,26366.1953125,26184.958984375,26537.669921875,26184.958984375,-0.00013453344003788725,0.0016920788937464515,-0.0027565998849117257,-0.006890997988469705
2026-09-09 13:10:00-04:00,26257.8515625,26275.111328125,26253.0859375,26256.1484375,81523000.0,26252.31535043253,26252.01965293644,26275.45490440302,26356.550139315794,26387.98698236713,41.10606033075424,-36.734877777947986,-44.77825648059954,8.043378702651552,26264.2966796875,26349.024739370725,26179.568620004276,0.006451957249535028,0.45191532641037196,32.64963323594934,26366.1953125,26184.958984375,26507.00390625,26184.958984375,-0.00011260974801741153,0.0017087653432701355,-0.0039459399703802855,-0.0059363646554705385
2026-09-09 13:20:00-04:00,26256.115234375,26270.455078125,26248.818359375,26254.708984375,77920000.0,26253.113228413356,26252.508622288908,26273.479102495592,26353.21108505544,26385.784040251558,40.834059581217645,-34.053976036433596,-42.63340039176636,8.579424355332762,26258.9892578125,26331.237154555354,26186.741361069646,0.005502717262535855,0.47037786821162136,31.862996486952955,26363.53515625,26184.958984375,26507.00390625,26184.958984375,-5.482346843166397e-05,0.0005512465384269749,-0.004026744494733836,-0.006018425438465758
2026-09-09 13:30:00-04:00,26254.560546875,26267.80078125,26240.69140625,26242.33984375,79194000.0,26249.52210019224,26250.659753463653,26270.513458805533,26349.57596238969,26383.41306179699,38.47791232533905,-32.55218701773629,-40.61715771696034,8.064970699224055,26256.38388671875,26327.07047161107,26185.697301826433,0.00538433511616002,0.40065977165154054,31.523452095027743,26361.953125,26184.958984375,26507.00390625,26184.958984375,-0.0004711208428309632,-0.0004093268797269456,-0.0019816891889231636,-0.004917763255342766
2026-09-09 13:40:00-04:00,26242.53515625,26273.80859375,26242.53515625,26268.439453125,83507000.0,26255.827884503164,26253.89242612935,26270.315934455008,26346.915748971172,26381.512671571007,45.60943990999379,-28.92258647439303,-38.27824346844688,9.355656994053852,26253.33515625,26315.95943489016,26190.71087760984,0.004770767467633632,0.6205945777179347,31.51954480252576,26334.408203125,26184.958984375,26507.00390625,26184.958984375,0.0009945610616430844,0.0002208757970771913,-0.0023158361682588113,-0.004455855885997839
2026-09-09 13:50:00-04:00,26268.90625,26287.375,26264.94140625,26273.8046875,72249000.0,26261.820152168777,26257.51283728765,26270.648196649767,26344.518664988507,26379.732374313637,46.97028951810992,-25.321284315374214,-35.68685163783235,10.365567322458134,26251.6189453125,26309.871396671893,26193.366493953108,0.0044380082981353925,0.6904275414147191,30.87054829877392,26334.408203125,26184.958984375,26507.00390625,26184.958984375,0.00020424640696958818,0.0005597760657725104,-0.0013047001127414193,-0.00450887829950708
2026-09-09 14:00:00-04:00,26274.185546875,26279.583984375,26254.037109375,26256.8515625,77781000.0,26260.163955612523,26257.392605508074,26269.334231492645,26341.644333759377,26377.70128651507,43.28501438374112,-23.563575680069334,-33.262196446279745,9.69862076621041,26248.311328125,26296.642480505812,26199.98017574419,0.0036826104183719306,0.5883512388418647,30.490285920290066,26334.408203125,26184.958984375,26507.00390625,26184.958984375,-0.000645248193082093,2.677944183915315e-05,-0.002513100100034249,-0.005079136995196465
2026-09-09 14:10:00-04:00,26257.626953125,26259.876953125,26237.953125,26246.419921875,81488000.0,26255.58261103335,26255.397572120237,26267.151916290964,26338.522221894313,26375.53134660366,41.14577463779565,-22.750076421012636,-31.159772441226323,8.409696020213687,26244.83408203125,26281.886088415602,26207.7820756469,0.0028235656791382427,0.5214001885255308,29.87839607776935,26334.408203125,26184.958984375,26507.00390625,26184.958984375,-0.0003972921353563308,-0.00031571717305767244,-0.0026426894202025153,-0.006121764176289846
2026-09-09 14:20:00-04:00,26248.33984375,26269.60546875,26248.33203125,26263.248046875,78738000.0,26258.137756313903,26256.824931166557,26266.78011920373,26336.054216155975,26373.6754242941,45.79942333791058,-20.51104479159767,-29.03002691130059,8.518982119702923,26245.4837890625,26283.340130955785,26207.627447169212,0.0028847890324706065,0.7346272371294793,29.40033542042868,26334.408203125,26184.958984375,26507.00390625,26184.958984375,0.0006411588723371775,0.0007967354759328416,0.0004950100929084211,-0.0065422835858883754
2026-09-09 14:30:00-04:00,26263.2578125,26268.69140625,26255.005859375,26266.140625,80628000.0,26260.80537920927,26258.518693681726,26266.71921499385,26333.761967265615,26371.897989595025,46.581308985318664,-18.292326658389356,-26.882486860718345,8.590160202328988,26246.3939453125,26285.303146263697,26207.4847443613,0.002964917849840302,0.7537533437434044,28.27785052432663,26287.375,26184.958984375,26507.00390625,26184.958984375,0.00011013786717617435,-8.751293083486544e-05,0.0006935068707778491,-0.006217080848062717
2026-09-09 14:40:00-04:00,26266.22265625,26283.421875,26266.22265625,26279.197265625,79063000.0,26266.936008014516,26262.278434035048,26267.907600768245,26331.972960654446,26370.365746223622,50.081802409496305,-15.303999790110538,-24.566789446596786,9.262789656486248,26250.348828125,26285.53319941604,26215.164456833958,0.002680678380421694,0.9099609633687863,27.4923790583033,26287.375,26184.958984375,26507.00390625,26184.958984375,0.0004970901820486873,0.00020524542178557148,0.0030189830355338287,-0.007416042976576942
2026-09-09 14:50:00-04:00,26280.982421875,26294.962890625,26270.123046875,26271.234375,91589000.0,26268.36879700968,26263.90678693776,26268.224436409368,26329.981531616595,26368.727211162073,48.0152829459194,-13.423529845844314,-22.338137526446292,8.914607680601979,26251.8419921875,26287.899489302916,26215.784495072083,0.002747045112198003,0.7689091640280471,27.30291225056735,26287.375,26202.427734375,26507.00390625,26184.958984375,-0.00030301118198217125,0.0005477736912120612,0.001138022900682767,-0.008140609850007419
2026-09-09 15:00:00-04:00,26270.76953125,26276.0859375,26252.9453125,26268.08203125,94938000.0,26268.27320842312,26264.665922267257,26268.21087401324,26327.952039801294,26367.06365446931,47.185216226884684,-12.048721500956162,-20.280254321348266,8.231532820392104,26253.00244140625,26289.578267612476,26216.426615200024,0.0027864109095985857,0.7061414793301782,27.00560601838397,26294.962890625,26205.486328125,26507.00390625,26184.958984375,-0.00011999222057867964,0.0008253357768213121,0.0008843245053442583,-0.007953699788162405
2026-09-09 15:10:00-04:00,26267.482421875,26283.00390625,26264.357421875,26281.181640625,93906000.0,26272.57601915708,26267.66878015048,26269.44618511912,26326.418584090592,26365.644117050397,50.977804727780494,-9.789302004232013,-18.182063857925016,8.392761853693003,26254.69658203125,26293.149382003026,26216.243782059475,0.002929213053491757,0.8443840060176279,26.408525900999397,26294.962890625,26205.486328125,26507.00390625,26184.958984375,0.0004986892213680871,0.000682839903045851,0.001290906646122858,-0.007468421245187762
2026-09-09 15:20:00-04:00,26279.7421875,26284.0234375,26271.474609375,26271.474609375,106344000.0,26272.208882563056,26268.360749100393,26269.639368381584,26324.617142296636,26364.087596262376,48.214849791179624,-8.681892617867561,-16.282029609913526,7.6001369920459645,26257.02265625,26293.57865621801,26220.466656281988,0.002784474115484702,0.6976686882816348,25.41854748842801,26294.962890625,26205.486328125,26500.546875,26184.958984375,-0.0003693529226629355,0.00020307453809653708,0.0017739396578997368,-0.007695142233981489
2026-09-09 15:30:00-04:00,26270.9140625,26271.80078125,26254.146484375,26256.017578125,147261000.0,26266.811781083707,26266.116536195772,26268.342055023815,26322.36797625822,26362.30131497085,44.114694645096755,-8.948364763957215,-14.815296640722265,5.866931876765049,26259.0861328125,26290.103594159486,26228.068671465513,0.0023624174268751744,0.4505350445484246,24.86395815889744,26294.962890625,26205.486328125,26500.546875,26184.958984375,-0.0005883579616229317,-0.00088205462540214,0.001574286778427414,-0.007878253823110692
2026-09-09 15:40:00-04:00,26255.41796875,26263.59375,26251.607421875,26261.654296875,154709000.0,26265.092619680807,26265.30521995563,26267.705125676308,26320.377363819425,26360.637727894886,45.9207662547956,-8.605510792785935,-13.573339471135,4.967828678349065,26261.60087890625,26283.567615755866,26239.634142056635,0.0016729168150034406,0.5012158831126119,23.94412744219048,26294.962890625,26205.486328125,26500.546875,26184.958984375,0.0002146829287126284,-0.0003646603729483555,0.0019188215748540127,-0.006856884889585135
2026-09-09 15:50:00-04:00,26262.0,26262.0,26239.912109375,26255.103515625,306635000.0,26261.762918328874,26263.450364622786,26266.504972338087,26318.237237649115,26358.89336074993,44.13560348164178,-8.761393954486266,-12.610950367805255,3.8495564133189895,26262.34384765625,26282.28251886287,26242.405176449633,0.0015184228279303633,0.31843494091903335,23.811539098105445,26294.962890625,26212.51171875,26500.546875,26184.958984375,-0.0002494428254955494,-0.0004940793016239287,0.0005662818882463672,-0.007091343135415595
2026-09-10 09:30:00-04:00,26013.6875,26076.275390625,25983.01171875,26076.275390625,120003000.0,26199.933742427584,26229.41855116864,26248.38786931779,26310.304062336847,26354.22198934291,20.596509798703224,-23.0491711443683,-14.698594523117865,-8.350576621250436,26253.5033203125,26337.121998099974,26169.884642525023,0.0063700967270740715,-0.5597388907412503,41.54584322502649,26294.962890625,26237.953125,26500.546875,26184.958984375,-0.006811175773638656,-0.007796690909942172,-0.0067348481354126966,-0.014220028228739579
2026-09-10 09:40:00-04:00,26070.94140625,26097.353515625,26040.841796875,26094.828125,212262000.0,26164.89853661839,26204.947564592523,26233.763131763717,26303.23927750613,26349.934487452945,25.061906965399245,-32.500639748763206,-18.259003568246936,-14.24163618051627,26245.11279296875,26353.414926236546,26136.810659700954,0.008253127667777539,-0.19382136544413398,42.61483433395317,26294.962890625,25983.01171875,26500.546875,25983.01171875,0.0007114794615825648,-0.006723889199274802,-0.006389706265681139,-0.014007743852156862
2026-09-10 09:50:00-04:00,26091.83203125,26094.548828125,26021.4453125,26022.87109375,172207000.0,26117.556055662262,26171.842751712065,26213.67817576241,26294.046878038716,26344.52848094546,20.294796684442787,-45.27542089466806,-23.66228703353116,-21.613133861136898,26233.30107421875,26378.250723581066,26088.351424856435,0.011050812778172811,-0.22587267852839307,44.81254706009938,26294.962890625,25983.01171875,26500.546875,25983.01171875,-0.0027575207970449434,-0.008879735233314423,-0.008996284175831315,-0.01604544013465492
2026-09-10 10:00:00-04:00,26026.1953125,26079.37109375,26026.1953125,26042.357421875,195771000.0,26092.489844399846,26148.299964468963,26197.361913487417,26285.79476472187,26339.53391798562,24.483909360169477,-53.213728427559545,-29.572575312336838,-23.641153115222707,26222.6115234375,26389.167310304627,26056.05573657037,0.012703218877971918,-0.04112230188165032,45.64736512723513,26294.962890625,25983.01171875,26500.546875,25983.01171875,0.000748815457556562,-0.008350459286416534,-0.008142512453184314,-0.016666616272167478
2026-09-10 10:10:00-04:00,26041.3984375,26071.216796875,26032.8671875,26067.9921875,190537000.0,26084.323958766567,26133.698550474604,26185.040987202905,26278.653696616235,26335.04562491974,29.717128128953448,-56.78183731740137,-35.01442771334975,-21.767409604051622,26213.27568359375,26392.070473579355,26034.480893608146,0.01364154500519046,0.09371440268072648,45.126096859218336,26294.962890625,25983.01171875,26491.25,25983.01171875,0.0009843488901457587,-0.0071266650315678914,-0.007111745058233976,-0.015709343805835885
2026-09-10 10:20:00-04:00,26070.96875,26142.345703125,26069.96484375,26107.45703125,220418000.0,26092.03498292771,26128.927365161042,26177.652039016917,26273.04069119439,26331.28382998305,36.96000767714147,-55.78208509642354,-39.167959189964506,-16.614125906459037,26206.53154296875,26390.532128703053,26022.53095723445,0.01404234554524021,0.23077664040207224,47.21376962820274,26294.962890625,25983.01171875,26491.25,25983.01171875,0.0015139195786979531,0.0011957858305258195,-0.005139892757395459,-0.013875877187837782
2026-09-10 10:30:00-04:00,26111.125,26159.30859375,26111.125,26157.388671875,141344000.0,26113.81954591014,26134.10214819994,26175.72219452721,26269.248821708505,26328.409529849036,44.72185907973964,-50.37995934527498,-41.4103592210266,-8.96960012424838,26200.97900390625,26383.870718530743,26018.087289281757,0.013960677927128302,0.3808302166100084,47.54504054761683,26294.962890625,25983.01171875,26491.25,25983.01171875,0.0019125432463695802,0.002397430884592211,-0.004227536296861678,-0.012420673371177138
2026-09-10 10:40:00-04:00,26155.123046875,26159.154296875,26125.8671875,26134.44140625,125633000.0,26120.693499356763,26134.16383148177,26171.79069088176,26264.82890644757,26325.20344516145,42.15312727812579,-47.403945153113455,-42.60907640744398,-4.794868745669476,26194.01083984375,26375.889624694733,26012.13205499277,0.013887051201362854,0.3362386420094068,46.526616892429914,26294.962890625,25983.01171875,26484.51171875,25983.01171875,-0.000877276623934331,0.004287394426927715,-0.005304267231471926,-0.01281774055147289
2026-09-10 10:50:00-04:00,26133.890625,26169.173828125,26121.65625,26169.173828125,124175000.0,26136.853608946178,26140.5292854169,26171.541465857306,26261.69267437142,26322.624443226963,47.10534271185656,-41.76141667460615,-42.43954446087642,0.6781277862702666,26189.626953125,26369.45076320934,26009.80314304066,0.013732445323195716,0.4431300977595595,46.597399837613494,26294.962890625,25983.01171875,26480.322265625,25983.01171875,0.0013289904052318224,0.004869620833307442,-0.003339232587208585,-0.011054817427780361
2026-09-10 11:00:00-04:00,26169.92578125,26169.92578125,26127.5078125,26136.806640625,117207000.0,26136.83795283912,26139.85244090928,26168.233387263754,26257.598050314158,26319.553074588915,43.37843923267226,-39.44671653703335,-41.840978876107805,2.3942623390744515,26184.1462890625,26363.392936957556,26004.899641167445,0.013691234834715954,0.36794830198103085,46.298869045641105,26294.962890625,25983.01171875,26480.322265625,25983.01171875,-0.0012368440712948736,0.002639806419690416,-0.004176313629678852,-0.012656357167226018
2026-09-10 11:10:00-04:00,26139.0625,26159.744140625,26123.896484375,26128.810546875,100140000.0,26134.162150851083,26137.844823812135,26164.478831036253,26253.37550921779,26316.400305535793,42.48418124594356,-37.8215348305348,-41.03709006699321,3.215555236458407,26177.4244140625,26354.36965311242,26000.479175012584,0.013518918916626679,0.36263019155381965,45.55235384595245,26294.962890625,25983.01171875,26480.322265625,25983.01171875,-0.00030593231453035497,0.000817908676415291,-0.005118845154264751,-0.013033567310206329
2026-09-10 11:20:00-04:00,26131.23046875,26156.869140625,26114.345703125,26143.623046875,99848000.0,26137.31578285906,26138.895409823563,26162.492565878038,26249.7770678295,26313.544483078593,44.75617843067327,-34.935605746177316,-39.816793202830034,4.881187456652718,26171.29853515625,26343.965571156354,25998.631499156145,0.013195144732169749,0.4198587960899713,45.336002678384425,26294.962890625,25983.01171875,26476.365234375,25983.01171875,0.0005669029584576268,-0.0005262614388874542,-0.0046644682168642815,-0.012323219563320387
2026-09-10 11:30:00-04:00,26145.419921875,26172.00390625,26128.421875,26146.310546875,99177000.0,26140.31403753104,26140.243616560187,26160.95142121108,26246.384722880168,26310.78028578597,45.17930453174206,-32.062036170158535,-38.26584179629573,6.203805626137196,26164.65419921875,26330.28562505688,25999.022773380617,0.012660700544865393,0.4446250847297679,45.21071900492839,26294.962890625,25983.01171875,26474.666015625,25983.01171875,0.00010279753480157972,0.0004541570428271413,-0.005056726710744086,-0.011721079213366958
2026-09-10 11:40:00-04:00,26145.900390625,26156.0859375,26126.458984375,26138.408203125,85201000.0,26139.678759395694,26139.909905026514,26158.804448060026,26242.8445091177,26307.931160452736,44.10948573393921,-30.07567106165152,-36.62780764936689,6.552136587715374,26158.012890625,26316.516029376566,25999.509751873433,0.012118897518272404,0.43815678460876684,44.097592870647794,26294.962890625,25983.01171875,26474.666015625,25983.01171875,-0.00030223551945629534,-0.0011756437250203255,-0.005055954736614798,-0.010666399746702027
2026-09-10 11:50:00-04:00,26133.5390625,26137.107421875,26098.828125,26117.056640625,90062000.0,26132.1380531388,26135.754766044418,26154.828466399547,26238.720316708102,26304.776209711785,41.26618111101801,-29.87991795884591,-35.278229711262696,5.398311752416788,26150.46162109375,26301.483467351794,25999.439774835704,0.011550224118126187,0.38940348268663233,43.774913245958665,26284.0234375,25983.01171875,26455.43359375,25983.01171875,-0.000816865446972681,-0.00075563936603118,-0.005749387810093265,-0.012360256622175436
2026-09-10 12:00:00-04:00,26116.44140625,26133.744140625,26106.9140625,26108.59765625,91828000.0,26124.29125417587,26130.817109718155,26150.425532099587,26234.45399997177,26301.53358899341,40.16165436916548,-30.060829034035123,-34.23474957581718,4.17392054178206,26141.832421875,26281.269573810183,26002.395269939814,0.01066774124207957,0.38082528521363046,42.56456788017591,26284.0234375,25983.01171875,26455.43359375,25983.01171875,-0.0003238873542067422,-0.0007735863287284817,-0.006566827425606436,-0.012674963112695448
2026-09-10 12:10:00-04:00,26108.033203125,26116.828125,26094.228515625,26103.75,112895000.0,26117.444169450584,26125.895817042125,26145.9802433282,26230.168622923517,26298.264438762115,39.50901031922869,-30.246702551245107,-33.43714017090277,3.190437619657665,26133.44619140625,26260.292707752218,26006.59967506028,0.009707599634347645,0.38294439507801226,41.138499415520485,26284.0234375,25983.01171875,26449.044921875,25983.01171875,-0.00018567279307091233,-0.0015251538321030544,-0.006384286069543554,-0.01261441176985556
2026-09-10 12:20:00-04:00,26101.962890625,26111.453125,26095.98046875,26105.4453125,91764000.0,26113.44455046706,26122.17754348901,26142.119773725513,26226.07933405717,26295.077345766047,39.876976775729,-29.91239957981452,-32.73219205268512,2.8197924728706028,26125.917578125,26240.002544324863,26011.83261192514,0.008733470574475374,0.41027623399065244,39.30522490369759,26271.80078125,25983.01171875,26446.1953125,25983.01171875,6.494517071309325e-05,-0.0015629445807177067,-0.005734771664323124,-0.01274575476969575
2026-09-10 12:30:00-04:00,26105.560546875,26118.923828125,26079.173828125,26106.0,89540000.0,26110.963033644708,26119.236171945555,26138.679795275464,26222.142306711034,26291.952100381488,40.00556813405864,-29.26535067536679,-32.03882377722146,2.7734731018546697,26118.13486328125,26213.882174114162,26022.38755244834,0.007331864341317793,0.43663078797884924,39.33699455343348,26263.59375,25983.01171875,26445.232421875,25983.01171875,2.1247961617287814e-05,-0.0012398690414944236,-0.005927056045876067,-0.012574897543617625
2026-09-10 12:40:00-04:00,26105.3828125,26165.873046875,26105.3828125,26139.962890625,78078000.0,26120.62965263814,26123.004666250905,26138.801994832564,26219.447899626244,26289.43988203841,47.42081739763814,-25.715604837969295,-30.774179989371028,5.058575151401733,26112.37783203125,26185.713935739102,26039.041728323395,0.005616960981461808,0.688072839972798,40.84794025497395,26262.0,25983.01171875,26443.021484375,25983.01171875,0.0013009611056844506,0.000877060930532636,-0.004385456904844265,-0.011137106608754999
2026-09-10 12:50:00-04:00,26139.408203125,26161.0703125,26136.986328125,26155.619140625,68535000.0,26132.292815300432,26128.934570682555,26140.403627765176,26217.35515342948,26287.2279689572,50.46053940215404,-21.39247798715951,-28.897839588928726,7.505361601769216,26116.34501953125,26190.023474313442,26042.66656474906,0.005642325120692873,0.7665237837156836,39.65051483497581,26172.00390625,25983.01171875,26426.240234375,25983.01171875,0.0005989392588470199,0.0018009961696945354,0.0030427562530086494,-0.010127075931929186
2026-09-10 13:00:00-04:00,26154.271484375,26175.69921875,26141.53515625,26151.951171875,77756000.0,26138.84560082529,26133.119407262995,26141.503393870873,26215.210760591624,26284.99198884014,49.73509266567662,-18.054225363444857,-26.729116743831952,8.674891380387095,26119.201171875,26193.745444231376,26044.656899518624,0.0057080055294068035,0.7196681177826197,39.25862538247754,26172.00390625,26021.4453125,26366.1953125,25983.01171875,-0.0001402363572537979,0.0018465228894315455,0.002189056260549771,-0.006973096576542104
2026-09-10 13:10:00-04:00,26151.83984375,26167.423828125,26145.255859375,26151.474609375,66045000.0,26143.05527034186,26136.456716737903,26142.453033442696,26213.12105071567,26282.785090006008,49.635248483313575,-15.271055497421912,-24.437504494549948,9.166448997128036,26125.63134765625,26186.818585395275,26064.444109917225,0.004684077251554246,0.7111817976566986,38.03786419444343,26175.69921875,26021.4453125,26366.1953125,25983.01171875,-1.822282769148309e-05,0.0017632067303965382,0.004941941846527742,-0.006844102571862298
2026-09-10 13:20:00-04:00,26151.486328125,26152.119140625,26136.99609375,26145.048828125,69421000.0,26143.71978960291,26138.01891880828,26142.700251983868,26210.889174565153,26280.508457578224,48.229324726201135,-13.42907811808982,-22.235819219257927,8.806741101168107,26130.76591796875,26179.00408936345,26082.52774657405,0.003692059509172588,0.6480457254420161,36.401091528768895,26175.69921875,26026.1953125,26366.1953125,25983.01171875,-0.00024571391655658914,0.0014957798255190724,0.003943245405415574,-0.008160618191334512
2026-09-10 13:30:00-04:00,26145.595703125,26145.595703125,26118.736328125,26119.12109375,75021000.0,26135.520224318607,26134.582950615863,26140.454617866355,26207.88038503023,26277.840897845526,42.94372146514363,-13.90120481527265,-20.568896338460874,6.667691523188225,26133.32236328125,26172.562542533982,26094.08218402852,0.0030030762034195346,0.3190468315678861,35.719540348142544,26175.69921875,26032.8671875,26363.53515625,25983.01171875,-0.0009916881221162521,-0.0007973154729487009,0.001961367253842994,-0.009170275619502455
2026-09-10 13:40:00-04:00,26117.724609375,26140.423828125,26117.169921875,26128.318359375,67449000.0,26133.11960267074,26133.44393402661,26139.29878372432,26205.271794025135,26275.369450928658,45.2364559868528,-13.379001353630883,-19.13091734149488,5.751915987863995,26134.3654296875,26171.870691298063,26096.860168076935,0.002870187279769166,0.4193837070743695,34.82913791256094,26175.69921875,26069.96484375,26361.953125,25983.01171875,0.0003521276842350929,-0.0010437826420096608,0.0007990563041060383,-0.006318022378328569
2026-09-10 13:50:00-04:00,26128.072265625,26137.728515625,26118.669921875,26119.228515625,69569000.0,26128.48924032216,26130.859312499044,26137.387329619625,26202.450702930048,26272.788609022813,43.381075375138316,-13.542516076235188,-18.013237088442942,4.470721012207754,26132.457421875,26168.952544433065,26095.962299316932,0.0027930876892975874,0.3187578870443515,33.70267047237802,26175.69921875,26079.173828125,26334.408203125,25983.01171875,-0.00034789241408406113,-0.0012512510456654802,-0.0014588671953722487,-0.007982917750317897
2026-09-10 14:00:00-04:00,26118.78515625,26125.98046875,26088.40625,26088.40625,72014000.0,26115.12824354811,26123.140573862853,26132.722464893945,26198.711540538894,26269.74096672492,37.73007955517996,-15.975051466295554,-17.605599964013464,1.6305484977179105,26130.1556640625,26171.36264798913,26088.948680135865,0.0031539792151568636,-0.006581774303490095,33.9792096350653,26175.69921875,26079.173828125,26334.408203125,25983.01171875,-0.0011800603377913887,-0.0024116559512247226,-0.001761474658455553,-0.008351892186365228
2026-09-10 14:10:00-04:00,26088.814453125,26094.111328125,26077.2734375,26084.36328125,73948000.0,26104.87325611541,26116.090157024148,26128.11682835643,26194.962417283517,26266.67687275013,37.04834702536438,-18.02134819393177,-17.688749609997128,-0.3325985839346437,26125.91513671875,26167.640336239947,26084.189937197556,0.003194161758762865,0.002077210587764278,32.754829705774924,26175.69921875,26079.173828125,26334.408203125,25983.01171875,-0.0001549718565119207,-0.0023211104815271666,-0.0032408568735116106,-0.009065858359096235
2026-09-10 14:20:00-04:00,26087.87890625,26097.990234375,26082.158203125,26084.82421875,75686000.0,26098.190243660276,26110.4054409743,26123.99372267963,26191.35132880701,26263.67104375839,37.18769394589291,-19.38243069343298,-18.0274858266843,-1.3549448667486814,26123.316015625,26168.348651453674,26078.28337979633,0.003447696747360695,0.07262331899198797,31.546058387505287,26175.69921875,26077.2734375,26334.408203125,25983.01171875,1.7671027466859002e-05,-0.001313094528598291,-0.0019888589524247324,-0.008783285217638381
2026-09-10 14:30:00-04:00,26084.3828125,26093.873046875,26072.53125,26093.873046875,80324000.0,26096.751178065184,26107.39955113806,26121.125086888715,26188.15531956334,26260.864465297505,39.99575899862338,-19.506079631009925,-18.323204587549426,-1.1828750434604984,26121.569140625,26168.29249354028,26074.84578770972,0.003577377198417571,0.20361615742538833,30.817182565183483,26175.69921875,26077.2734375,26334.408203125,25983.01171875,0.00034690009980953285,-0.0013183134109984174,-0.001337125543366069,-0.005957308448653387
2026-09-10 14:40:00-04:00,26093.931640625,26099.6484375,26078.15234375,26092.44140625,81590000.0,26095.314587460125,26104.679888431136,26118.393307780265,26185.0171584711,26258.080613081846,39.69341092596664,-19.4948690236306,-18.55753747476566,-0.9373315488649396,26119.01005859375,26166.225375282953,26071.79474190455,0.003615398637489114,0.2186437134517112,30.15139050695609,26175.69921875,26072.53125,26294.962890625,25983.01171875,-5.486501074136729e-05,-0.0010255704665617094,-0.0019577103193858525,-0.005924126181342859
2026-09-10 14:50:00-04:00,26090.751953125,26116.982421875,26084.955078125,26098.25,82375000.0,26096.29305830675,26103.51081780729,26116.474897515476,26182.172333603194,26255.438784766444,41.62167523522041,-18.800558430688397,-18.606141665950208,-0.19441676473818958,26116.60703125,26162.903042340437,26070.311020159566,0.0035453312166499468,0.30174284114734357,30.285387167173514,26175.69921875,26072.53125,26294.962890625,25983.01171875,0.0002226159545426487,0.00037732278107260875,-0.0018381387610629796,-0.0038873748914509676
2026-09-10 15:00:00-04:00,26095.17578125,26096.517578125,26073.603515625,26091.732421875,88620000.0,26094.772846162836,26101.369291274146,26114.118471264002,26179.20709059571,26252.73289447072,40.073366542952954,-18.562252278883534,-18.597363788536875,0.035111509653340534,26114.2732421875,26160.643764899876,26067.902719475125,0.0035513546390763917,0.25694882229044885,29.88260839630398,26175.69921875,26072.53125,26294.962890625,25983.01171875,-0.00024973238148151555,0.00028251180776561746,-0.0017857162872075838,-0.005702395326082632
2026-09-10 15:10:00-04:00,26091.763671875,26094.1171875,26073.037109375,26073.8203125,92323000.0,26087.788668275225,26096.36038604248,26110.280551381715,26175.751786395853,26249.77566171087,36.09891410675544,-19.59289575933508,-18.796470182696517,-0.796425576638562,26112.11142578125,26161.682284343606,26062.540567218897,0.0037967713720317158,0.11377395518492205,29.25385623406798,26175.69921875,26072.53125,26294.962890625,25983.01171875,-0.0006865051766352659,-0.0004218508876164817,-0.0016554824197817508,-0.006517567605279995
2026-09-10 15:20:00-04:00,26076.5625,26085.103515625,26068.009765625,26083.166015625,97484000.0,26086.247784058487,26093.961409602936,26107.69821464298,26172.716187354185,26247.021783263175,39.47200243375583,-19.431572929097456,-18.923490731976706,-0.5080821971207499,26110.83984375,26161.985717226933,26059.693970273067,0.003917596966087289,0.22946177038621712,28.38527721734884,26175.69921875,26072.53125,26294.962890625,25983.01171875,0.000358432443462009,-0.0004103274063902429,-0.0009740714901596004,-0.0062533220494340735
2026-09-10 15:30:00-04:00,26083.578125,26091.30859375,26072.912109375,26086.361328125,127370000.0,26086.28563208066,26092.57957660695,26105.666130212696,26169.88488049421,26244.36623855015,40.625992001084505,-18.82884124809425,-18.904560835200215,0.07571958710596505,26109.97041015625,26162.149554296255,26057.791266016244,0.003996875011371816,0.27376897972969727,27.671792014323923,26175.69921875,26068.009765625,26294.962890625,25983.01171875,0.00012250477944619753,-0.00023302066795261034,-0.0006661369295599684,-0.00528473001322094
2026-09-10 15:40:00-04:00,26088.6015625,26097.75390625,26080.787109375,26092.486328125,147799000.0,26088.35253076211,26092.562622337504,26104.41091096625,26167.34722303948,26241.855826807583,42.87429374089264,-17.65343789405597,-18.654336246971365,1.0008983529153959,26109.3224609375,26162.029453391613,26056.615468483385,0.004037407905392368,0.34028558613777243,26.907149504372214,26175.69921875,26068.009765625,26294.962890625,25983.01171875,0.0002347970237381869,-0.00022084514766318453,-0.0004964092441201995,-0.00466385252039736
2026-09-10 15:50:00-04:00,26093.59765625,26093.59765625,26065.650390625,26081.724609375,316230000.0,26086.143223633077,26090.59207452614,26102.2503108147,26164.53992423081,26239.209029825226,40.007725284790624,-17.389843737542833,-18.40143774508566,1.0115940075428256,26108.10869140625,26162.16657372229,26054.05080909021,0.004141079919269155,0.255964524498009,26.981443512988488,26175.69921875,26068.009765625,26294.962890625,25983.01171875,-0.00041244512365234964,-0.00038356259132910075,-0.0009298778298092447,-0.004945747520010091
