timestamp,open,high,low,close,volume,sma5,sma10,sma20,sma60,sma120,rsi14,macd,macd_signal,macd_hist,bb_mid,bb_upper,bb_lower,bb_width,bb_percent_b,atr14,prev20_high,prev20_low,prev60_high,prev60_low,return_1,return_5,return_20,return_60
2014-09-05,15526.9404296875,15829.3798828125,15516.5,15668.6796875,480900000.0,,,,,,,,,,,,,,,,,,,,,,,
2014-09-12,15718.1298828125,15984.900390625,15656.400390625,15948.2900390625,625100000.0,,,,,,,,,,,,,,,,,,,,0.017845176309626343,,,
2014-09-19,15896.0595703125,16364.080078125,15871.1201171875,16321.169921875,550400000.0,,,,,,,,,,,,,,,,,,,,0.023380555651997703,,,
2014-09-26,16281.3603515625,16374.1396484375,16087.9501953125,16229.8603515625,538500000.0,,,,,,,,,,,,,,,,,,,,-0.005594548108350916,,,
2014-10-03,16339.0302734375,16344.3203125,15559.0703125,15708.650390625,712600000.0,15975.330078125,,,,,,,,,,,,,,,,,,,-0.032114260360060376,,,
2014-10-10,15882.2802734375,15970.650390625,15221.830078125,15300.5498046875,739700000.0,15901.7041015625,,,,,,,,,,,,,,,,,,,-0.02597935378210825,-0.023494633252741925,,
2014-10-17,15036.8701171875,15089.900390625,14529.0302734375,14532.509765625,716300000.0,15618.548046875,,,,,,,,,,,,,,,,,,,-0.05019689154093021,-0.08877317066405221,,
2014-10-24,14822.83984375,15377.0498046875,14761.83984375,15291.6396484375,683800000.0,15412.6419921875,,,,,,,,,,,,,,,,,,,0.052236667654484314,-0.06307944089581696,,
2014-10-31,15404.2802734375,16533.91015625,15263.3603515625,16413.759765625,844700000.0,15449.421875,,,,,,,,,,,,,,,,,,,0.07338128173208402,0.01133093015460207,,
2014-11-07,16732.849609375,17127.66015625,16720.990234375,16880.380859375,920100000.0,15683.76796875,15829.5490234375,,,,,,,,,,,,,,,,,,0.028428653788831193,0.07459141553301696,,
2014-11-14,16758.26953125,17520.5390625,16713.369140625,17490.830078125,828700000.0,16121.8240234375,16011.7640625,,,,,,,,,,,,,,,,,,0.03616323730106896,0.14315042932421185,,
2014-11-21,17381.380859375,17472.5703125,16907.4296875,17357.509765625,821300000.0,16686.8240234375,16152.68603515625,,,,,,,,,,,,,,,,,,-0.007622297621354024,0.19439174963998407,,
2014-11-28,17490.390625,17490.390625,17212.48046875,17459.849609375,585300000.0,17120.466015625,16266.55400390625,,,,,,,,,,,,,,,,,,0.005895998051095752,0.14179054769702537,,
2014-12-05,17475.099609375,17922.2890625,17474.26953125,17920.44921875,680900000.0,17421.80390625,16435.612890625,,,,,,,,,,,,,518.3098090461237,,,,,0.026380502677851414,0.09179429177953669,,
2014-12-12,18004.66015625,18030.830078125,17043.630859375,17371.580078125,810600000.0,17520.04375,16601.905859375,,,,72.25269617783661,,,,,,,,,551.8019097392578,,,,,-0.030628090508508232,0.029098823234026572,,
2014-12-19,17111.490234375,17621.400390625,16672.939453125,17621.400390625,830100000.0,17546.1578125,16833.99091796875,,,,73.50572901699039,,,,,,,,,580.1346974364536,,,,,0.014380978090449137,0.007465072378886051,,
2014-12-26,17685.529296875,17875.41015625,17572.619140625,17818.9609375,427800000.0,17638.448046875,17162.63603515625,,,,74.48693775663779,,,,,,,,,560.3244344499212,,,,,0.01121139878191002,0.026585102247147496,,
2015-01-02,17914.55078125,17914.55078125,17450.76953125,17450.76953125,213500000.0,17636.63203125,17378.5490234375,,,,69.33334940205359,,,,,,,,,553.4284927034983,,,,,-0.020662899904289156,-0.0005200547729875549,,
2015-01-09,17325.6796875,17540.919921875,16808.259765625,17197.73046875,716900000.0,17492.08828125,17456.94609375,,,,65.95595170639089,,,,,,,,,566.2307543853913,,,,,-0.014500166428011663,-0.04032927641366413,,
2015-01-16,16970.880859375,17141.98046875,16592.5703125,16864.16015625,616500000.0,17390.604296875,17455.3240234375,16642.4365234375,,,61.68978535187717,,,,16642.4365234375,18549.222849547947,14735.650197327053,0.22914749573178475,0.5581406604862702,569.0114259471491,,,,,-0.019396182136133033,-0.029209773641372117,,
2015-01-23,17000.779296875,17532.060546875,16911.580078125,17511.75,651400000.0,17368.67421875,17457.416015625,16734.5900390625,,,66.25342012246226,,,,16734.5900390625,18622.277968958017,14846.902109166982,0.22560312807056598,0.7058496927986704,576.0749234241384,18030.830078125,14529.0302734375,,,0.038400361343224,-0.006222569613896112,0.11762767184336198,
2015-01-30,17285.7109375,17850.58984375,17285.7109375,17674.390625,706700000.0,17339.76015625,17489.1041015625,16820.895068359376,,,67.3067586383737,,,,16820.895068359376,18714.717388063942,14927.072748654811,0.2251749757677169,0.7253367561888721,575.2752079117,18030.830078125,14529.0302734375,,,0.009287514097677363,-0.00811328522505217,0.10823107566452106,
2015-02-06,17536.609375,17743.109375,17271.869140625,17648.5,820100000.0,17379.30625,17507.969140625,16887.261572265626,,,66.94851594820155,,,,16887.261572265626,18799.324821067203,14975.19832346405,0.2264503620814171,0.6990620415437342,567.8441383733643,18030.830078125,14529.0302734375,,,-0.0014648666281811273,0.01133075927659899,0.08132566994146662,
2015-02-13,17790.310546875,18005.44921875,17550.029296875,17913.359375,596600000.0,17522.43203125,17507.26015625,16971.4365234375,,,68.77922703324775,,,,16971.4365234375,18908.38883182234,15034.484215052662,0.22826026609001707,0.7431455972057303,559.8138371949098,18030.830078125,14529.0302734375,,,0.015007472306428404,0.04161182241752015,0.10372849716328125,
2015-02-20,18024.009765625,18360.919921875,17901.259765625,18332.30078125,786700000.0,17816.06015625,17603.3322265625,17102.61904296875,,,71.47099766675655,,,,17102.61904296875,19035.082075843813,15170.156010093686,0.22598445630109973,0.8181643626195956,552.660002841702,18030.830078125,14529.0302734375,,,0.023387093257040137,0.08705684785944667,0.16701946541447055,
2015-02-27,18499.580078125,18865.390625,18402.01953125,18797.939453125,772000000.0,18073.298046875,17720.9861328125,17277.488525390625,,,74.13974602090602,565.9775337116807,,,17277.488525390625,19158.29356063624,15396.68349014501,0.21771741100931713,0.9042021632337395,551.2621343351518,18360.919921875,14529.0302734375,,,0.025399903559909287,0.07344722561280292,0.2285793447347908,
2015-03-06,18869.400390625,18979.640625,18586.83984375,18971.0,701900000.0,18332.619921875,17836.1900390625,17499.413037109374,,,75.07305161247606,622.8194797589422,,,17499.413037109374,19050.876916680107,15947.94915753864,0.17731610497799993,0.9742575648289642,539.943466257641,18865.390625,14529.0302734375,,,0.00920635728753938,0.07336090972019016,0.30541801147615555,
2015-03-13,18872.9609375,19335.80078125,18577.060546875,19254.25,773800000.0,18653.769921875,18016.5380859375,17697.5435546875,,,76.56389830410484,682.8515516790612,,,17697.5435546875,19072.699999514585,16322.387109860418,0.15540647667600735,1.0660106714288218,555.5718068374524,18979.640625,14761.83984375,,,0.0149306836750831,0.09098506955265329,0.25913573970253734,
2015-03-20,19245.380859375,19565.439453125,19226.7109375,19560.220703125,683800000.0,18983.1421875,18252.787109375,17854.8666015625,,,78.08841529455057,746.5113615332375,,,17854.8666015625,19323.316856725283,16386.416346399714,0.1644873958379817,1.0806645800791717,540.0830003222773,19335.80078125,15263.3603515625,,,0.01589107356168129,0.09193481209467436,0.19169653890570326,
2015-03-27,19607.98046875,19778.599609375,19099.869140625,19285.630859375,744400000.0,19173.808203125,18494.9341796875,17975.1291015625,,,73.4694670772839,765.9754260311456,,,17975.1291015625,19497.622666804746,16452.635536320253,0.16940001450224942,0.9303800645633549,549.9863909242574,19565.439453125,16592.5703125,,,-0.014038177171801114,0.05200275129131926,0.1424878988239282,
2015-04-03,19295.2109375,19607.25,18927.94921875,19435.080078125,700100000.0,19301.236328125,18687.2671875,18072.3416015625,,,74.35845237877173,784.4178595291523,,,18072.3416015625,19703.159751311792,16441.52345181321,0.18047668483737536,0.9178082261262531,559.2231330903819,19778.599609375,16592.5703125,,,0.007749252271794349,0.03389417369860093,0.11115824642488437,
2015-04-10,19295.029296875,20006.0,19241.2890625,19907.630859375,630500000.0,19488.5625,18910.5912109375,18199.84765625,,,76.98453225607713,827.6241833150088,,,18199.84765625,19979.172551500513,16420.522760999487,0.19553184497557877,0.9798963943244776,573.9008334053547,19778.599609375,16592.5703125,,,0.024314321286583063,0.04937171785224814,0.14691745118878097,
2015-04-17,19967.380859375,19975.66015625,19638.369140625,19652.880859375,702700000.0,19568.288671875,19111.029296875,18309.49921875,,,72.66403626572493,831.7217397476306,,,18309.49921875,20161.699234467647,16457.29920303235,0.20232120972712206,0.8626448626566117,557.0001321353293,20006.0,16592.5703125,,,-0.012796600549785264,0.020703525682641555,0.1256042462600857,
2015-04-24,19501.0,20252.119140625,19474.23046875,20020.0390625,850700000.0,19660.25234375,19321.697265625,18414.4787109375,,,74.8543982369309,854.7427390281991,758.8356890625421,95.90704996565705,18414.4787109375,20399.79466917083,16429.162752704167,0.21562554003270587,0.9043588993741924,572.7778849738772,20006.0,16592.5703125,,,0.018682156868103927,0.023507830834523125,0.11716167480630002,
2015-05-01,20063.80078125,20133.779296875,19399.16015625,19531.630859375,605400000.0,19709.45234375,19441.6302734375,18522.48125,,,67.14676577241177,824.0771383402935,771.8839789180925,52.193159422201006,18522.48125,20504.12186654161,16540.840633458392,0.2139713993816685,0.7546247793245638,584.3379746632431,20252.119140625,16592.5703125,,,-0.024395966541336467,0.012755610733906408,0.12434394404744009,
2015-05-08,19356.4609375,19461.080078125,19257.849609375,19379.189453125,347300000.0,19698.27421875,19499.7552734375,18610.370703125,,,64.90052370985194,778.4996223359194,773.2071076016579,5.292514734261545,18610.370703125,20580.24424101491,16640.497165235094,0.21169632451857948,0.6951441895157248,562.1553514730115,20252.119140625,16592.5703125,,,-0.007804847805467752,-0.0028757599544396717,0.09975308565346408,
2015-05-15,19637.580078125,19791.880859375,19467.650390625,19732.919921875,961600000.0,19663.33203125,19575.947265625,18706.06865234375,,,67.60833811016481,762.1367668785206,770.9930394570305,-8.856272578509902,18706.06865234375,20698.68673708004,16713.450567607462,0.21304509480527606,0.7576638437132189,551.4793553856534,20252.119140625,16592.5703125,,,0.018253109584671412,-0.008776078817923416,0.10741136877106428,
2015-05-22,19766.16015625,20320.900390625,19741.220703125,20264.41015625,890600000.0,19785.637890625,19676.96328125,18846.75068359375,,,71.20311007683605,783.0296279731083,773.4003571602461,9.62927081286216,18846.75068359375,20862.16418157058,16831.337185616918,0.2138738429570531,0.8517043708597182,554.0865777688211,20252.119140625,16592.5703125,,,0.02693419101071881,0.031116521860116153,0.1612330401797737,
2015-05-29,20331.919921875,20655.330078125,20318.5390625,20563.150390625,937900000.0,19894.26015625,19777.25625,19015.0216796875,,,73.01582837105153,814.3063939321364,781.5815645146242,32.72482941751218,19015.0216796875,21013.516891687865,17016.526467687134,0.21020172847188776,0.8873235976852613,542.4318166335482,20320.900390625,16592.5703125,,,0.014742113492154152,0.027128385036086833,0.19568977011183564,
2015-06-05,20444.5390625,20619.609375,20363.1796875,20460.900390625,874900000.0,20080.1140625,19894.783203125,19194.85869140625,,,71.36007997802736,821.3744425446857,789.5401401206366,31.834302424049156,19194.85869140625,21027.204100983916,17362.513281828586,0.19092043750215534,0.8454702624846692,522.0030931240091,20655.330078125,16592.5703125,,,-0.00497248709743503,0.04757767223539133,0.2132771629924315,
2015-06-12,20537.849609375,20544.939453125,20016.3203125,20407.080078125,824000000.0,20285.6921875,19991.983203125,19339.6251953125,,,70.45444475770675,813.2583366993094,794.2837794363712,18.97455726293822,19339.6251953125,21071.96046945939,17607.289921165608,0.17914879493804994,0.8080970810740378,522.4756679455085,20655.330078125,16911.580078125,,,-0.002630398050550098,0.05304095031870637,0.16533642143846272,
2015-06-19,20205.099609375,20401.48046875,19990.55078125,20174.240234375,668300000.0,20373.95625,20018.644140625,19464.61767578125,,,66.52117566534085,779.0575444506576,791.2385324392286,-12.180987988571019,19464.61767578125,21053.078641373966,17876.156710188534,0.16321522385401388,0.7233679561426813,514.9080700119007,20655.330078125,17271.869140625,,,-0.011409757930022968,0.022364673563123993,0.14143908338423983,
2015-06-26,20174.140625,20952.7109375,20174.140625,20706.150390625,758900000.0,20462.304296875,20123.97109375,19617.5001953125,,,70.56403972015956,785.8154827094004,790.153922493263,-4.338439783862668,19617.5001953125,21059.145087110508,18175.85530351449,0.1469753921187657,0.8775722445611223,533.7410873324792,20655.330078125,17271.869140625,,,0.026365808579183803,0.02179882024539248,0.1732527064977194,
2015-07-03,20305.970703125,20601.73046875,20093.16015625,20539.7890625,740600000.0,20457.63203125,20175.94609375,19748.8216796875,,,67.80608953474278,768.8840123470509,785.8999404640207,-17.015928116969803,19748.8216796875,21013.204069959524,18484.439289415473,0.12804636254045434,0.812788041378182,539.4017406926592,20952.7109375,17550.029296875,,,-0.008034391955364262,-0.0011360772878289405,0.14661848916878562,
2015-07-10,20200.150390625,20428.0,19115.19921875,19779.830078125,956500000.0,20321.41796875,20200.766015625,19821.19814453125,,,56.87112752185611,686.2328956475285,765.9665315007222,-79.73363585319373,19821.19814453125,20905.907981856224,18736.488307206273,0.10944947216768039,0.4809312753591932,602.6294623396122,20952.7109375,17901.259765625,,,-0.0369993568124064,-0.033286429213645996,0.07896059060712712,
2015-07-17,19929.919921875,20658.94921875,19911.390625,20650.919921875,682800000.0,20370.1859375,20327.9390625,19913.84716796875,,,64.03140061409931,683.1460778413712,749.4024407688521,-66.25636292748095,19913.84716796875,20948.514283840268,18879.180052097232,0.1039143373095452,0.8561883540124887,622.3787250742828,20952.7109375,18402.01953125,,,0.0440392986344893,0.011948786539597966,0.09857359490760342,
2015-07-24,20763.310546875,20850.0,20527.779296875,20544.529296875,509700000.0,20444.24375,20409.1,19992.5236328125,,,62.66304780004732,664.4554889295287,732.4130504009875,-67.9575614714588,19992.5236328125,20965.938204975693,19019.109060649305,0.09737785884775331,0.7835408878438058,600.9388663636197,20952.7109375,18577.060546875,,,-0.005151858871299098,0.01835454808697401,0.08294393004454159,
2015-07-31,20374.05078125,20585.240234375,20070.619140625,20585.240234375,762000000.0,20420.06171875,20441.1830078125,20059.07314453125,,,62.9889809677542,645.4873189680584,715.0279041144017,-69.54058514634335,20059.07314453125,21003.040083481952,19115.106205580545,0.0941186995180841,0.7786999566047458,594.7733111769326,20952.7109375,18577.060546875,,,0.0019815950471151478,-0.005839335365048992,0.06912708801303613,
2015-08-07,20540.2109375,20817.48046875,20396.5,20724.560546875,827800000.0,20457.016015625,20457.3240234375,20117.29013671875,,,64.14258480884003,634.3841073860785,698.8991447687371,-64.51503738265853,20117.29013671875,21074.53652819316,19160.043745244344,0.09516653435615659,0.817196500067707,582.359536717866,20952.7109375,18927.94921875,,,0.006767971173217147,0.008995782956327414,0.059525905224780074,
2015-08-14,20618.310546875,20946.9296875,20303.01953125,20519.44921875,775000000.0,20604.93984375,20463.17890625,20178.9810546875,,,61.122052599887624,602.0934042462213,679.537996664234,-77.44459241801269,20178.9810546875,21070.671881872084,19287.29022750292,0.08837818170976933,0.690911554589773,586.7560095415898,20952.7109375,18927.94921875,,,-0.009897017003621222,0.0373925932479553,0.06397604353062802,
2015-08-21,20600.16015625,20668.869140625,19435.830078125,19435.830078125,698600000.0,20361.921875,20366.05390625,20179.0185546875,,,48.20646887967596,483.4904044799914,640.3284782273855,-156.8380737473941,20179.0185546875,21070.58429419702,19287.45281517798,0.08836561967503734,0.08321162218988255,632.9190847529048,20952.7109375,18927.94921875,,,-0.05280936778921064,-0.05883950198571475,3.859001336681267e-05,
2015-08-28,19075.05078125,19192.8203125,17714.30078125,19136.3203125,1254100000.0,20080.280078125,20262.2619140625,20140.45302734375,,,45.35381589511213,361.1654472402988,584.4958720299683,-223.33042478966945,20140.45302734375,21136.271252166294,19144.634802521203,0.09888737095144484,-0.004174702678636173,710.6769570473402,20952.7109375,19115.19921875,,,-0.01541018646597958,-0.06854423209341676,-0.038744466999787175,
2015-09-04,19006.98046875,19019.609375,17608.169921875,17792.16015625,856400000.0,19521.6640625,19970.862890625,20047.4169921875,,,35.267311329737595,153.98450876487186,498.393599376949,-344.40909061207714,20047.4169921875,21466.001384963885,18628.832599411115,0.14152290974235826,-0.29489695763662654,769.0679165886016,20952.7109375,17714.30078125,,,-0.07024130733075074,-0.13568362799385136,-0.0946792847541933,
2015-09-11,17674.8203125,18770.509765625,17415.609375,18264.220703125,895400000.0,19029.59609375,19743.3060546875,19959.62607421875,,,40.28966972512717,27.56570305745481,404.22802011305015,-376.66231705559534,19959.62607421875,21577.451957673464,18341.80019076404,0.16210983887562996,-0.023976463855731982,810.9130933054872,20952.7109375,17608.169921875,,,0.026531941188106645,-0.11871614059970925,-0.08770304363011283,
2015-09-18,18341.009765625,18468.19921875,17925.08984375,18070.2109375,701800000.0,18539.7484375,19572.344140625,19886.555078125,,,38.95207299170709,-87.27107135641927,305.9282018191563,-393.19927317557557,19886.555078125,21695.79387891445,18077.316277335547,0.1819559791710325,-0.0019636268668477264,791.7842562836668,20952.7109375,17415.609375,,,-0.010622394942468305,-0.11936179451697793,-0.07482324094680148,
2015-09-25,17803.41015625,17880.509765625,17483.689453125,17880.509765625,352700000.0,18228.684375,19295.303125,19811.62109375,,,37.63633351062377,-191.38121805410628,206.46631784450378,-397.8475358986101,19811.62109375,21812.681865915383,17810.560321584617,0.20200878693330762,0.017478090873944252,777.122629718762,20952.7109375,17415.609375,,,-0.010498005393026366,-0.08002335409643813,-0.07733448765362727,
2015-10-02,17811.119140625,17886.490234375,16901.490234375,17725.130859375,780100000.0,17946.446484375,19013.36328125,19711.231640625,,,36.5473971159227,-283.1629127682063,108.54047172196175,-391.70338449016805,19711.231640625,21909.72693728627,17512.73634396373,0.2230703120681869,0.04830451894389345,791.9710133102791,20952.7109375,17415.609375,,,-0.008689847676978113,-0.07374403386230943,-0.10174819897151954,
2015-10-09,17921.0,18438.669921875,17869.740234375,18438.669921875,772600000.0,18075.7484375,18798.70625,19619.94462890625,,,44.490223349141395,-294.9242251479882,27.847532347971764,-322.77175749595995,19619.94462890625,21869.99566543483,17369.89359237767,0.22936364797009257,0.2375004637997584,786.3687311095449,20952.7109375,16901.490234375,,,0.04025578531188123,0.03633677754400688,-0.0900958981928176,
2015-10-16,18335.150390625,18397.51953125,17758.119140625,18291.80078125,550600000.0,18081.264453125,18555.4302734375,19506.3771484375,,,43.289062189415944,-312.4940255506881,-40.22077923176021,-272.2732463189279,19506.3771484375,21783.657361922174,17229.096934952824,0.2334908421133537,0.23332742277487128,778.8103061195774,20952.7109375,16901.490234375,,,-0.007965278474384996,0.0015100604933164785,-0.11045727751962253,
2015-10-23,18282.779296875,18915.640625,18078.4296875,18825.30078125,654400000.0,18232.282421875,18386.0154296875,19424.59716796875,18420.630794270834,,48.70642832886819,-280.139948651944,-88.20461311579697,-191.93533553614702,19424.59716796875,21676.219558495184,17172.974777442316,0.2318320808463786,0.3669189848972338,782.9817797896076,20952.7109375,16901.490234375,,,0.029166073170163953,0.04178644324416858,-0.07993781202925054,
2015-10-30,19036.130859375,19202.33984375,18760.7890625,19083.099609375,715500000.0,18472.800390625,18350.7423828125,19358.39814453125,18477.53779296875,,51.13553030957527,-231.0336861754149,-116.77042772772056,-114.26325844769435,19358.39814453125,21568.0460190712,17148.7502699913,0.22828829720750182,0.43770533795716965,758.5938513224927,20952.7109375,16901.490234375,20952.7109375,14529.0302734375,0.01369427405812118,0.06725702228366881,-0.06487848647044892,0.21791369725931165
2015-11-06,18827.109375,19294.150390625,18641.220703125,19265.599609375,572500000.0,18780.894140625,18363.6703125,19312.96611328125,18532.826285807292,,52.83823552257044,-175.36885162912222,-128.4901125080009,-46.87873912112133,19312.96611328125,21490.783851779637,17135.148374782864,0.2255290798652344,0.4891252369128672,751.0464110494576,20952.7109375,16901.490234375,20952.7109375,14529.0302734375,0.009563435905891371,0.086908737781489,-0.04503964533205873,0.20800409085785
2015-11-13,19411.509765625,19725.830078125,19388.91015625,19596.91015625,693900000.0,19012.5421875,18544.1453125,19257.5041015625,18587.421956380207,,55.84619179529103,-103.32896496460307,-123.45788299932133,20.128918034718254,19257.5041015625,21345.21057540469,17169.79762772031,0.21682004717037032,0.5812868233489887,730.2738437423535,20952.7109375,16901.490234375,20952.7109375,14529.0302734375,0.01719700157755688,0.06281582344510128,-0.053570567848151285,0.20070498929029457
2015-11-20,19263.9609375,19959.060546875,19252.0390625,19879.810546875,632900000.0,19330.144140625,18705.704296875,19224.50517578125,18648.254459635416,,58.29232670433665,-23.14236772784716,-103.3947799450265,80.25241221717934,19224.50517578125,21250.033433465633,17198.97691809687,0.21072357797131888,0.6617615969087751,728.6129609303997,20946.9296875,16901.490234375,20952.7109375,14529.0302734375,0.014435969158881568,0.08681538710244374,-0.032131708539789194,0.2248910413428855
2015-11-27,19875.990234375,19994.05078125,19786.529296875,19883.939453125,499000000.0,19541.871875,18887.0771484375,19229.71064453125,18717.842610677082,,58.328612475576406,40.274991491580295,-74.66082565770515,114.93581714928544,19229.71064453125,21261.446330798746,17197.974958263752,0.21131214336241755,0.6610024406756458,691.3921411764427,20946.9296875,16901.490234375,20952.7109375,14529.0302734375,0.00020769344055193706,0.05623488751528494,0.005263410989315709,0.2657955304035433
2015-12-04,19857.380859375,20012.400390625,19444.5390625,19504.48046875,660500000.0,19626.148046875,19049.47421875,19172.388671875,18787.908121744793,,53.704331526762566,59.231750058181206,-47.88231051452788,107.11406057270909,19172.388671875,21102.65787432182,17242.11946942818,0.2013592813584501,0.5860221456297491,682.5685116727682,20946.9296875,16901.490234375,20952.7109375,14529.0302734375,-0.019083692407611097,0.022081363510149332,-0.0555151759564283,0.2747568366971085
2015-12-11,19710.390625,19811.509765625,19020.75,19230.48046875,639600000.0,19619.12421875,19200.0091796875,19106.68623046875,18866.207633463542,,50.58572251245407,51.55135577209148,-27.995577257204012,79.5469330292955,19106.68623046875,20932.280079906646,17281.092381030852,0.19109476414876042,0.5339051970183202,690.2964583836418,20946.9296875,16901.490234375,20952.7109375,14529.0302734375,-0.014048054263173126,-0.0018228937244139098,-0.06396100923689096,0.32327318397800187
2015-12-18,18887.08984375,19869.080078125,18562.509765625,18986.80078125,767900000.0,19497.10234375,19254.822265625,19026.7642578125,18927.79365234375,,47.92054108919903,25.50763753345018,-17.294934299073173,42.802571832523356,19026.7642578125,20721.72529923671,17331.803216388293,0.17816597908687998,0.48821109288478937,734.3160193919531,20946.9296875,16901.490234375,20952.7109375,14761.83984375,-0.012671534021003072,-0.031132937291413754,-0.07764978377351106,0.24164584163412917
2015-12-25,18845.5,19071.41015625,18651.130859375,18769.060546875,542600000.0,19274.95234375,19302.5482421875,18928.9892578125,18967.048665364582,,45.60823092885069,-12.557261692363682,-16.347399777731276,3.7901380853675946,18928.9892578125,20436.116632038433,17421.861883586567,0.1592401320217244,0.4469425366188309,711.8848249264564,20946.9296875,16901.490234375,20952.7109375,15263.3603515625,-0.011467979091560498,-0.05587326888155908,-0.09435664488890039,0.14349550711608794
2016-01-01,18838.91015625,19113.1796875,18764.5390625,19033.7109375,299700000.0,19104.906640625,19323.3892578125,18854.70234375,19002.9375,,48.839531964974356,-21.125373666236555,-17.302994555432335,-3.8223791108042207,18854.70234375,20175.928852834528,17533.47583466547,0.14014822244303335,0.5677433401915448,685.9388106459953,20946.9296875,16901.490234375,20952.7109375,16592.5703125,0.014100353609284078,-0.042759560681089104,-0.07240634314357619,0.12756406955883848
2016-01-08,18818.580078125,18951.119140625,17509.640625,17697.9609375,767000000.0,18743.602734375,19184.875390625,18767.80888671875,19006.389680989585,,36.91825604414053,-134.15309246438483,-40.673014137222836,-93.48007832716199,18767.80888671875,20151.826893922054,17383.790879515447,0.14748850178059084,0.11349926675426675,745.80534649271,20668.869140625,16901.490234375,20952.7109375,16592.5703125,-0.07017811736167123,-0.09262074599446002,-0.08941574060070479,0.011842254395578955
2016-01-15,17470.9296875,17717.75,16944.41015625,17147.109375,670400000.0,18326.928515625,18973.0263671875,18668.34833984375,19002.8830078125,,33.30758084124659,-265.1213376200358,-85.56267883378543,-179.55865878625036,18668.34833984375,20209.162893901153,17127.533785786345,0.16507240233661727,0.006352350827069612,747.7720962968021,20012.400390625,16901.490234375,20952.7109375,16592.5703125,-0.031125142859413146,-0.10833692362161873,-0.10394950047949558,-0.012121576969622683
2016-01-22,16826.9296875,17088.310546875,16017.259765625,16958.529296875,904200000.0,17921.27421875,18709.18828125,18626.666796875,18994.527669270832,,32.14839659000796,-379.75388535457387,-144.40092013794313,-235.35296521663074,18626.666796875,20299.48333529873,16953.85025845127,0.17961523193235815,0.0013985509816089377,775.0633472309592,20012.400390625,16901.490234375,20952.7109375,16592.5703125,-0.010997776593175801,-0.10682534186475345,-0.046853830679023156,-0.028712750895106054
2016-01-29,17145.810546875,17638.9296875,16652.259765625,17518.30078125,894300000.0,17671.122265625,18473.0373046875,18589.37080078125,18987.8251953125,,38.94131602930213,-420.5838953918392,-199.63751518872235,-220.94638020311683,18589.37080078125,20324.932040458203,16853.809561104295,0.18672619512264654,0.1914341035495206,790.1781025626764,20012.400390625,16017.259765625,20952.7109375,16017.259765625,0.03300825646939498,-0.06663944433986324,-0.04084050088966418,-0.022440756511797444
2016-02-05,17699.599609375,17905.369140625,16627.80078125,16819.58984375,1173000000.0,17228.298046875,18166.60234375,18526.83974609375,18978.625358072917,,34.32234952566728,-503.5178652741197,-260.41358520580184,-243.10428006831785,18526.83974609375,20416.03317714133,16637.646315046168,0.20394125030912558,0.048153758560059774,824.9916923349853,20012.400390625,16017.259765625,20952.7109375,16017.259765625,-0.03988462957822014,-0.11632629606598488,-0.06920899252784385,-0.031775476490482735
2016-02-12,16620.91015625,17099.009765625,14865.76953125,14952.6103515625,1052300000.0,16679.2279296875,17711.41533203125,18380.444775390624,18934.14552408854,,25.588499993024882,-711.689363957259,-350.6687409560933,-361.02062300116575,18380.444775390624,20820.69077412525,15940.198776655998,0.2655263274153023,-0.20235427608642842,925.580873909272,20012.400390625,16017.259765625,20952.7109375,16017.259765625,-0.11100029843362991,-0.1551224231781645,-0.1637480951293313,-0.15145164288318191
2016-02-19,15248.3798828125,16341.5595703125,15243.8798828125,15967.169921875,1010700000.0,16443.2400390625,17385.08427734375,18292.546728515626,18903.282340494792,,35.2334918759323,-785.7427449067836,-437.68354174623136,-348.0592031605523,18292.546728515626,20938.824889590163,15646.268567441091,0.28932856647558464,0.060632581856701874,958.6786128264669,20012.400390625,14865.76953125,20952.7109375,14865.76953125,0.06785166913725416,-0.0688127326489979,-0.09917901038063126,-0.1039225026711802
2016-02-26,15851.3896484375,16472.5,15753.76953125,16188.41015625,773800000.0,16289.2162109375,17105.24521484375,18180.033740234376,18882.243017578126,,37.14669536866475,-817.1586486645974,-513.5785631299046,-303.5800855346928,18180.033740234376,20978.8476249137,15381.219855555053,0.30789974591578956,0.14420221099971992,941.5394596781479,20012.400390625,14865.76953125,20952.7109375,14865.76953125,0.013855945384028345,-0.045411906135451985,-0.12204024342099484,-0.07233832139834451
2016-03-04,16313.3095703125,17042.919921875,15857.3701171875,17014.779296875,876700000.0,16188.5119140625,16929.81708984375,18116.182666015626,18879.19383138021,,43.822007289276705,-766.5387141951978,-564.1705933429632,-202.3681208522346,18116.182666015626,20959.79243734862,15272.572894682631,0.31393034876683573,0.30633711062535796,958.9687700359588,20012.400390625,14865.76953125,20952.7109375,14865.76953125,0.05104696092135752,-0.028742598421070853,-0.06981387451387566,-0.010638099731091866
2016-03-11,17024.640625,17026.25,16494.80078125,16938.869140625,836600000.0,16212.3677734375,16720.33291015625,18021.861083984375,18880.43898111979,,43.36638273183745,-724.1992484947223,-596.1763243733151,-128.0229241214072,18021.861083984375,20890.166161101486,15153.556006867264,0.3183139703219785,0.3112139548893674,928.4316592298189,20012.400390625,14865.76953125,20952.7109375,14865.76953125,-0.004461424678246728,0.007091688797591145,-0.1002072510046631,0.004430044762550045
2016-03-18,17155.51953125,17291.349609375,16613.689453125,16724.810546875,719800000.0,16566.8078125,16623.01787109375,17903.946630859376,18867.323323567707,,42.0390339649338,-699.8502187607919,-616.9111032508105,-82.93911550998143,17903.946630859376,20781.928792027375,15025.964469691378,0.32149136952938484,0.2951453452536626,910.5194090169748,20012.400390625,14865.76953125,20952.7109375,14865.76953125,-0.012637124236152042,0.1185211246494704,-0.12357997970840318,-0.04493779622967431
2016-03-25,16937.310546875,17142.080078125,16843.990234375,17002.75,509500000.0,16773.923828125,16608.58193359375,17790.804150390624,18856.129313151043,,44.41789491529426,-650.6260343181311,-623.6540894642746,-26.971944853856485,17790.804150390624,20623.327361799333,14958.280938981916,0.3184255402357983,0.36089184596678053,875.2872748907623,20012.400390625,14865.76953125,20952.7109375,14865.76953125,0.016618391720851555,0.0648568333143531,-0.11745544676812736,-0.03800077972985283
2016-04-01,17129.26953125,17167.880859375,16113.009765625,16164.16015625,707600000.0,16769.073828125,16529.14501953125,17619.166650390624,18831.39031575521,,39.191423673123495,-671.5415920560117,-633.231589982622,-38.31000207338968,17619.166650390624,20408.815440722232,14829.517860059015,0.31666069635248734,0.2392133197584945,888.1146905235651,20012.400390625,14865.76953125,20952.7109375,14865.76953125,-0.049320835967711085,-0.0014979852725461873,-0.1751679204849138,-0.08410572251182824
2016-04-08,16087.759765625,16238.509765625,15471.7998046875,15821.51953125,776200000.0,16530.421875,16359.46689453125,17416.252099609374,18796.526318359374,,37.262155899396056,-707.6086846762191,-648.1070089213415,-59.501675754877624,17416.252099609374,20107.283125326485,14725.221073892262,0.3090252725243301,0.20369487510193124,879.4429241245605,20012.400390625,14865.76953125,20952.7109375,14865.76953125,-0.021197551972257256,-0.07013078129342287,-0.2041413325371424,-0.11677540766972971
2016-04-15,15761.5703125,16928.669921875,15525.490234375,16848.029296875,744400000.0,16512.25390625,16362.31083984375,17264.456591796876,18771.788460286458,,45.86066750856284,-645.9156427797898,-647.6687356930312,1.753092913241403,17264.456591796876,19713.162317761748,14815.750865832004,0.2836701766945115,0.41496991849484294,916.8526929370919,20012.400390625,14865.76953125,20952.7109375,14865.76953125,0.06488060540566165,-0.005362804505770424,-0.1526815228645685,-0.08096482280571626
2016-04-22,16521.25,17572.490234375,16254.2001953125,17572.490234375,824400000.0,16681.78984375,16624.298828125,17167.857080078124,18751.364306640626,,50.96816763826357,-532.4280207209922,-624.6205926986233,92.19257197763113,17167.857080078124,19398.16410397504,14937.550056181208,0.2598235776886799,0.5907124333020929,945.5267890889068,20012.400390625,14865.76953125,20952.7109375,14865.76953125,0.04299974345571522,0.050683963511825025,-0.09905366295043982,-0.06519061420565853
2016-04-29,17613.560546875,17613.560546875,16652.740234375,16666.05078125,707200000.0,16614.45,16694.1869140625,17039.635595703126,18712.948486328125,,45.21993973370408,-509.7542216852271,-601.6473184959441,91.893096810717,17039.635595703126,19066.452136052074,15012.819055354179,0.23789435272430925,0.40783950914748107,946.6191836182705,19869.080078125,14865.76953125,20952.7109375,14865.76953125,-0.05158286850840521,-0.019802633029951,-0.13335234611882218,-0.12149856194981812
2016-05-06,16357.099609375,16357.099609375,15975.4697265625,16106.7197265625,328000000.0,16602.9619140625,16686.01787109375,16895.63154296875,18660.4896484375,,42.06716447734507,-530.7996858153529,-587.4777919598258,56.67810614447296,16895.63154296875,18750.574283657555,15040.688802279943,0.21957660901533513,0.28734874152684137,928.3307458375012,19869.080078125,14865.76953125,20952.7109375,14865.76953125,-0.03356110346890162,-0.0035535672210776914,-0.15168859081997954,-0.16347197493735144
2016-05-13,16226.5703125,16814.640625,16159.3095703125,16412.2109375,739100000.0,16721.1001953125,16625.76103515625,16777.7890625,18608.022819010417,,44.349333848247994,-516.8696287961866,-573.356159327098,56.48653053091141,16777.7890625,18430.0774817068,15125.500643293197,0.19696140093927256,0.38937218201423374,912.5871853089297,19113.1796875,14865.76953125,20952.7109375,14865.76953125,0.018966693164325532,0.037334682366209515,-0.12557099506865887,-0.16093937861969343
2016-05-20,16391.919921875,16841.0390625,16391.919921875,16736.349609375,675700000.0,16698.7642578125,16605.50908203125,16662.92099609375,18565.534798177083,,46.74644674870578,-474.2082982891916,-553.5265871195168,79.31828883032517,16662.92099609375,17951.247458586713,15374.59453360079,0.15463392796436842,0.5284976733067958,879.4823249743633,19113.1796875,14865.76953125,20952.7109375,14865.76953125,0.01974984803140578,-0.006628649887302496,-0.12069960165249571,-0.1321855255131963
2016-05-27,16671.279296875,16957.560546875,16417.83984375,16834.83984375,564000000.0,16551.2341796875,16616.51201171875,16619.76494140625,18522.1974609375,,47.48662288035675,-427.5233249413868,-528.3259346838908,100.80260974250393,16619.76494140625,17821.424200809477,15418.105682003024,0.14460604751507997,0.5894908022639299,855.2136376994089,18951.119140625,14865.76953125,20952.7109375,14865.76953125,0.005884809810607017,-0.04197756725350288,-0.04876952191261441,-0.13379107386862166
2016-06-03,16973.720703125,17251.359375,16525.470703125,16642.23046875,640800000.0,16546.4701171875,16580.46005859375,16594.52099609375,18467.77412109375,,46.1361170592044,-401.4395686154239,-502.9486614701974,101.50909285477348,16594.52099609375,17771.77137654179,15417.270615645712,0.14188422560978495,0.5202630950257547,845.9761401405226,17905.369140625,14865.76953125,20952.7109375,14865.76953125,-0.011441117158682457,-0.0014292715660508826,-0.029443966047484338,-0.16402757383293765
2016-06-10,16373.3203125,16830.919921875,16322.6396484375,16601.359375,613800000.0,16645.398046875,16624.17998046875,16576.6625,18416.9154296875,,45.83821303102318,-379.68913944419546,-478.29675706499705,98.60761762080159,16576.6625,17742.060156944535,15411.264843055464,0.14060703195767374,0.5105959004005343,821.8550068045924,17905.369140625,14865.76953125,20952.7109375,14865.76953125,-0.0024558663471669906,0.030710141905664567,-0.021061373638150194,-0.15527095015789172
2016-06-17,16319.1103515625,16335.3798828125,15395.98046875,15599.66015625,716100000.0,16482.887890625,16601.99404296875,16480.73046875,18343.242447916666,,39.163631409336226,-438.22889313404085,-470.28318427880583,32.05429114476499,16480.73046875,17636.11355055807,15325.347386941929,0.1402101786688224,0.1187107434872581,849.249571050693,17905.369140625,14865.76953125,20952.7109375,14865.76953125,-0.06033838531671443,-0.04950891652223499,-0.1095220734566642,-0.22079771635060963
2016-06-24,15839.0595703125,16389.169921875,14864.009765625,14952.01953125,738400000.0,16126.021875,16412.39306640625,16387.351953125,18266.915592447916,,35.558498990420674,-530.7629506615922,-482.3791375553631,-48.38381310622907,16387.351953125,17708.131332085904,15066.572574164093,0.1611949731401282,-0.04336569935102059,897.5288985649292,17905.369140625,14865.76953125,20952.7109375,14865.76953125,-0.041516329106728866,-0.10661405382721534,-0.11103542534920796,-0.23447152780520775
2016-07-01,15153.080078125,15781.6904296875,14987.7900390625,15682.48046875,760800000.0,15895.55,16223.39208984375,16423.845458984375,18205.303776041666,,42.03917649698297,-538.9421750702259,-493.69174505833564,-45.25043001189022,16423.845458984375,17618.33410826276,15229.35680970599,0.14545785300542516,0.18967265168980504,892.6818985558272,17613.560546875,14864.009765625,20952.7109375,14864.009765625,0.04885366394642032,-0.06845086651821153,0.04881222074453584,-0.1907566357879269
2016-07-08,15554.0400390625,15805.3095703125,15106.51953125,15106.98046875,632900000.0,15588.5,16067.48505859375,16380.835986328126,18128.20478515625,,38.734101883310466,-585.1174400619439,-511.97688405905734,-73.14055600288651,16380.835986328126,17694.045811742326,15067.626160913924,0.16033489701139067,0.014984013626178691,878.8324800205895,17613.560546875,14864.009765625,20952.7109375,14864.009765625,-0.03669700090791006,-0.09225025472894521,-0.05387238047404641,-0.23442751865611622
2016-07-15,15375.9404296875,16607.3203125,15375.9404296875,16497.849609375,827600000.0,15567.798046875,16106.598046875,16396.307958984376,18065.428776041666,,49.14098426626354,-503.67411292512406,-510.3163298322707,6.642216907146633,16396.307958984376,17707.37447727868,15085.24144069007,0.15992216315696917,0.5387248278305246,923.2258631441189,17613.560546875,14864.009765625,20952.7109375,14864.009765625,0.09206797768105446,-0.006235017463743109,0.01911487602169082,-0.18587072201128474
2016-07-22,16612.08984375,16938.9609375,16514.66015625,16627.25,487700000.0,15773.316015625,16128.101953125,16376.931494140625,17999.830436197917,,49.99207271379263,-423.8028241734828,-493.0136287005131,69.21080452703029,16376.931494140625,17662.061492209396,15091.801496071854,0.15694393037286228,0.5973903442591573,888.7891106427533,17613.560546875,14864.009765625,20952.7109375,14864.009765625,0.007843470130280972,0.06587257885475761,-0.022776040177387102,-0.19140551500413217
2016-07-29,16655.810546875,16821.4296875,16174.349609375,16569.26953125,748800000.0,16096.766015625,16111.3939453125,16358.451513671875,17934.969921875,,49.59162492373915,-361.0211644059709,-466.6151358416047,105.59397143563376,16358.451513671875,17621.16172334798,15095.741303995768,0.15438016350395675,0.5834783848117462,871.5241797486281,17613.560546875,14864.009765625,20952.7109375,14864.009765625,-0.003487075057511002,0.1081626462980414,-0.021819615365501477,-0.19019841674016014
2016-08-05,16415.310546875,16677.490234375,15921.0400390625,16254.4501953125,750800000.0,16211.1599609375,16053.35498046875,16334.93349609375,17865.759423828124,,47.37272612447267,-332.83284620814084,-439.85867791491194,107.0258317067711,16334.93349609375,17586.94953098278,15082.917461204719,0.15329306791342995,0.46785851836618736,863.3046094317617,17613.560546875,14864.009765625,20952.7109375,14864.009765625,-0.019000194024470618,0.036471891529037626,-0.028123508499197092,-0.20348966471023144
2016-08-12,16462.2890625,16943.669921875,16455.5703125,16919.919921875,502000000.0,16573.7478515625,16081.12392578125,16330.7919921875,17811.520751953125,,52.23755222623622,-253.86911050162416,-402.6607644322544,148.79165393063022,16330.7919921875,17574.464614099143,15087.119370275857,0.15231014178695118,0.7368500838998749,850.8699749411002,17613.560546875,14864.009765625,20952.7109375,14864.009765625,0.040940771208269444,0.1200067383998551,-0.00487156948875922,-0.16131067513288289
2016-08-19,16866.890625,16932.109375,16452.619140625,16545.8203125,563400000.0,16583.3419921875,16075.57001953125,16349.875,17742.18191731771,,49.46911776552219,-218.95254440818462,-365.9191204274405,146.96657601925585,16349.875,17594.44687325666,15105.30312674334,0.1522423716703229,0.5787199665645952,824.3428506149502,17613.560546875,14864.009765625,20952.7109375,14864.009765625,-0.02211001063257656,0.002907694291123919,0.02361150548872959,-0.2009224312409441
2016-08-26,16599.259765625,16663.640625,16320.4296875,16360.7099609375,491500000.0,16530.033984375,16151.675,16376.834521484376,17672.530598958332,,48.11043262788193,-203.86771247206343,-333.5088388363651,129.64112636430167,16376.834521484376,17597.58980552415,15156.079237444605,0.149083179956211,0.49339566219467157,789.9762853924537,17613.560546875,14864.009765625,20946.9296875,14864.009765625,-0.01118774095610442,-0.01603031403644617,0.03407956034959314,-0.2034626104896251
2016-09-02,16631.060546875,16946.490234375,16616.650390625,16925.6796875,615600000.0,16601.316015625,16349.041015625,16380.717041015625,17624.96142578125,,52.406866336997936,-144.65702308154505,-295.7384756854011,151.08145260385606,16380.717041015625,17607.918926468887,15153.515155562363,0.14983494097120104,0.7220346354353487,775.3908559670999,17613.560546875,14864.009765625,20946.9296875,14864.009765625,0.03453210330794998,0.021510311940897697,0.004608870821432021,-0.14429600150010768
2016-09-09,17131.51953125,17156.359375,16836.650390625,16965.759765625,603400000.0,16743.5779296875,16477.3689453125,16350.380517578125,17563.54208984375,,52.706038940355235,-93.42109754815465,-255.27500005795184,161.8539025097972,16350.380517578125,17484.723313246443,15216.037721909806,0.13875429925912708,0.7712492424674474,742.8421508533785,17613.560546875,14864.009765625,20946.9296875,14864.009765625,0.0023680040544900027,0.043760912351106684,-0.03452729013689393,-0.17845016929954793
2016-09-16,16748.359375,16802.0,16359.7802734375,16519.2890625,572200000.0,16663.4517578125,16618.5998046875,16343.042431640624,17496.454752604168,,49.01019962198939,-87.83025930207441,-221.78605190677638,133.95579260470197,16343.042431640624,17471.00283178768,15215.08203149357,0.1380355469142378,0.5781262493064464,733.0662466629586,17613.560546875,14864.009765625,20946.9296875,14864.009765625,-0.026315986392169255,-0.023678058833898064,-0.008806028535273236,-0.19592759591660602
2016-09-23,16403.220703125,16823.630859375,16399.650390625,16754.01953125,450600000.0,16705.0916015625,16644.216796875,16375.407421875,17432.60107421875,,50.95729964103151,-63.72412061295836,-190.1736656480128,126.44954503505443,16375.407421875,17511.504004486706,15239.310839263293,0.1387564355918324,0.6666284870361248,710.9886910977473,17251.359375,14864.009765625,20946.9296875,14864.009765625,0.014209477651363045,0.012583191091027901,0.04018818329718621,-0.1861149376691411
2016-09-30,16707.44921875,16756.4296875,16285.41015625,16449.83984375,619300000.0,16722.917578125,16626.47578125,16377.2888671875,17361.355729166666,,48.37914724590741,-68.37639020851566,-165.81421056011337,97.43782035159771,16377.2888671875,17513.747587515216,15240.830146859787,0.13878471944213563,0.5319197588371609,693.8480368229083,17251.359375,14864.009765625,20946.9296875,14864.009765625,-0.018155624501489775,0.005447800433190597,0.0022927384002859874,-0.2062635148984895
2016-10-07,16566.029296875,16971.279296875,16554.830078125,16860.08984375,525500000.0,16709.799609375,16655.5578125,16383.47587890625,17300.36640625,,51.91288233895672,-38.51561692630639,-140.35449183335197,101.83887490704558,16383.47587890625,17528.99748054926,15237.954277263241,0.1398386533004111,0.7080335997855243,681.5331379873435,17251.359375,14864.009765625,20946.9296875,14864.009765625,0.02493945253551333,-0.003875167494658438,0.007393502003906871,-0.17833614031200196
2016-10-14,16936.310546875,17074.4609375,16727.779296875,16856.369140625,448400000.0,16687.921484375,16715.74970703125,16384.55234375,17257.375390625,,51.87819629296756,-14.978308000914694,-115.27925506686452,100.30094706594983,16384.55234375,17531.807688635537,15237.296998864465,0.14004109734779105,0.7056285023985104,657.6151738900332,17251.359375,14864.009765625,20668.869140625,14864.009765625,-0.0002206810971638884,-0.006447729221159992,0.001278853679323344,-0.13271678786712482
2016-10-21,16871.83984375,17288.890625,16821.490234375,17184.58984375,522000000.0,16820.981640625,16742.21669921875,16411.6703125,17224.846549479167,,54.750429817663765,29.816144631528005,-86.26017512718602,116.07631975871402,16411.6703125,17606.653863228825,15216.686761771172,0.14562607315096543,0.8234017450610907,644.0284036568166,17251.359375,14864.009765625,20012.400390625,14864.009765625,0.01947161339353709,0.04027417758311902,0.03258934407971448,-0.10199089672820294
2016-10-28,17216.560546875,17461.029296875,17162.2109375,17446.41015625,569700000.0,16959.459765625,16832.27568359375,16453.9228515625,17219.084049479166,,56.95740932950586,85.4576792337939,-51.91660425499004,137.37428348878393,16453.9228515625,17729.769824771232,15178.075878353768,0.1550811906338281,0.8889523295224866,619.3705433509725,17288.890625,14864.009765625,20012.400390625,14864.009765625,0.01523576150961925,0.041326836447130644,0.050902505160063116,-0.019432716261748917
2016-11-04,17360.890625,17473.119140625,16801.98046875,16905.359375,550200000.0,17050.563671875,16886.740625,16519.2078125,17196.436360677082,,51.38040778321871,84.91685138105095,-24.549913127781846,109.4667645088328,16519.2078125,17746.21353007657,15292.202094923432,0.14855503139177167,0.6573552416946673,623.0682668169745,17461.029296875,14864.009765625,20012.400390625,14864.009765625,-0.03101215530326018,0.027691426517022943,0.08370049127171986,-0.07440018110887692
2016-11-11,17126.029296875,17621.73046875,16111.8095703125,17374.7890625,959100000.0,17153.503515625,16931.6515625,16640.3462890625,17184.84599609375,,55.45570969252503,120.97279492798043,4.55462848337061,116.41816644460982,16640.3462890625,17690.123857046736,15590.568721078267,0.12617256272776492,0.8498087575102998,686.4148833612977,17473.119140625,14864.009765625,20012.400390625,14864.009765625,0.02776809868911756,0.030527667617429532,0.1620362738415615,-0.03848443592635842
2016-11-18,17467.490234375,18043.720703125,17455.779296875,17967.41015625,866700000.0,17375.71171875,17031.8166015625,16754.5927734375,17186.2943359375,,60.01254636685847,195.11776336300318,42.667255459297124,152.45050790370607,16754.5927734375,17858.468772383505,15650.716774491495,0.13176995870601818,1.0493449372803256,685.1660803087051,17621.73046875,14987.7900390625,20012.400390625,14864.009765625,0.034108102931105666,0.06591223806005275,0.1456995079351835,0.004860062255722886
2016-11-25,18038.08984375,18482.939453125,18007.7890625,18381.220703125,571900000.0,17615.037890625,17218.009765625,16918.30478515625,17197.229166666668,,62.86893904161231,283.9955142994113,90.93290722731996,193.06260707209134,16918.30478515625,17965.96606292755,15870.643507384953,0.1238494389450287,1.1981817258154404,673.0491672062976,18043.720703125,15106.51953125,20012.400390625,14864.009765625,0.023031173846223663,0.06963394938461165,0.21673690789155575,0.0370146685491457
2016-12-02,18302.580078125,18746.279296875,18222.8203125,18426.080078125,820500000.0,17810.971875,17385.2158203125,17014.71630859375,17197.0193359375,,63.176025852720066,353.9711893715321,143.5405636561624,210.4306257153697,17014.71630859375,18231.159558969357,15798.273058218143,0.1429871915949852,1.0801190351853474,662.3641541469192,18482.939453125,15375.9404296875,20012.400390625,14864.009765625,0.002440500319566663,0.05615309471123742,0.1168776849350277,-0.0006827956573518534
2016-12-09,18349.919921875,19042.48046875,18227.390625,18996.369140625,844700000.0,18229.173828125,17639.86875,17133.172265625,17208.762141927084,,66.92141723845117,450.2547211018682,204.88339514530355,245.37132595656465,17133.172265625,18609.305893600478,15657.03863764952,0.17231293832690955,1.131107116486256,673.2731319757107,18746.279296875,15921.0400390625,20012.400390625,14864.009765625,0.030950102250832723,0.12368916384689399,0.1424841233893157,0.03851826114885415
2016-12-16,19183.8203125,19439.970703125,19054.0,19401.150390625,784700000.0,18634.44609375,17893.9748046875,17274.76630859375,17218.359635416666,17819.49521484375,69.30761898572166,552.849670792566,274.476650274756,278.37302051781,17274.76630859375,19025.172744811258,15524.359872376242,0.20265471670626603,1.1073972415875597,656.8680198703028,19042.48046875,15921.0400390625,20012.400390625,14864.009765625,0.021308348295588253,0.116626528289687,0.17091162975133045,0.03058913193825541
2016-12-23,19345.83984375,19592.900390625,19307.140625,19427.669921875,469400000.0,18926.498046875,18151.1048828125,17433.427294921876,17224.102473958334,17850.82013346354,69.46304230234553,629.0455663959037,345.3904334989856,283.65513289691813,17433.427294921876,19352.286137315663,15514.568452528087,0.22013558320258989,1.0196428686920231,630.3602874242097,19439.970703125,15921.0400390625,20012.400390625,14864.009765625,0.0013669050915050551,0.08127269055062158,0.1952215970662361,0.018056307389954673
2016-12-30,19394.41015625,19478.580078125,18991.58984375,19114.369140625,554700000.0,19073.127734375,18344.0828125,17543.149755859376,17221.581966145834,17877.20412597656,65.25864306702935,656.5819400435794,407.6287348079044,248.953205235675,17543.149755859376,19579.38115641005,15506.918355308702,0.23213977294705326,0.8858155277294875,620.1195693492662,19592.900390625,16111.8095703125,20012.400390625,14864.009765625,-0.016126523793634773,0.03988573171178755,0.12969619412399802,-0.007849767036392064
2017-01-06,19298.6796875,19615.400390625,19277.9296875,19454.330078125,417100000.0,19278.777734375,18544.8748046875,17688.575244140626,17219.205631510416,17903.31379394531,67.55357211428083,697.7929977157655,465.6615873894766,232.13141032628891,17688.575244140626,19831.75812647847,15545.39236180278,0.24232396931434927,0.9119468404997333,611.6132608243186,19592.900390625,16111.8095703125,20012.400390625,14864.009765625,0.01778562164405728,0.05580405575360081,0.1757851657211389,-0.007275640750923573
2017-01-13,19414.830078125,19484.900390625,19069.01953125,19287.279296875,476400000.0,19336.959765625,18783.066796875,17834.9037109375,17209.330110677085,17928.79228515625,65.27190161396044,708.8028182114576,514.2898335538729,194.51298465758475,17834.9037109375,19995.02187297033,15674.785548904669,0.24223491161414107,0.8361796617113547,597.6323750065102,19615.400390625,16111.8095703125,20012.400390625,14864.009765625,-0.008586817463215435,0.01531398732549727,0.17887789361983186,-0.029805678912425138
2017-01-20,19219.130859375,19255.41015625,18650.330078125,19137.91015625,653700000.0,19284.31171875,18959.37890625,17945.515234375,17196.8962890625,17957.36944986979,63.215879195404156,697.435733954957,550.9190136340897,146.5167203208673,17945.515234375,20134.441530946322,15756.58893780368,0.24395246032037993,0.7723698197930958,600.440720988188,19615.400390625,16111.8095703125,20012.400390625,14864.009765625,-0.007744438099633988,-0.013568279667694472,0.13070260749314433,-0.03751918972765489
2017-01-27,18938.44921875,19486.6796875,18783.16015625,19467.400390625,661500000.0,19292.2578125,19109.3779296875,18070.597265625,17196.278287760415,17992.093204752604,65.77675828099945,706.8660343998126,582.1084177872342,124.75761661257843,18070.597265625,20306.67843671621,15834.51609453379,0.2474828184395234,0.8123328309943144,607.8034931497459,19615.400390625,16111.8095703125,20012.400390625,14864.009765625,0.017216625623430293,0.0020450454897458226,0.14745231923351132,-0.0019011056554113503
2017-02-03,19371.279296875,19390.970703125,18830.890625,18918.19921875,640600000.0,19253.023828125,19163.07578125,18190.5427734375,17191.073600260417,18028.64061686198,58.469840903703606,662.3880733520491,598.1643489001972,64.22372445185192,18190.5427734375,20336.442512545254,16044.643034329749,0.23593575692983437,0.6695457695556298,609.8539411836927,19615.400390625,16111.8095703125,19869.080078125,14864.009765625,-0.028211325644664997,-0.010262955603283164,0.14521872867372365,-0.01623886883676484
2017-02-10,19069.720703125,19395.990234375,18805.3203125,19378.9296875,609400000.0,19237.94375,19258.3607421875,18321.78828125,17197.60908203125,18062.7013671875,62.2576717768149,656.7455136467943,609.8805818495166,46.86493179727768,18321.78828125,20420.76828197723,16222.808280522768,0.22912392267683482,0.75182264859211,608.4836540902146,19615.400390625,16111.8095703125,19869.080078125,14864.009765625,0.024353822656300483,-0.003875763921050268,0.15667345685934975,0.020652710836742916
2017-02-17,19513.779296875,19519.439453125,19173.529296875,19234.619140625,684900000.0,19227.41171875,19282.1857421875,18461.02724609375,17205.368391927084,18086.208528645835,60.399457283358174,633.3284729458501,614.5701600687833,18.758312877066828,18461.02724609375,20408.84164463473,16513.212847552768,0.21101906980318524,0.6985794681235322,589.728404244485,19615.400390625,16111.8095703125,19615.400390625,14864.009765625,-0.007446775916013837,-0.0027303050595908207,0.16928914344008383,0.024804576264607636
2017-02-24,19161.330078125,19419.220703125,19115.109375,19283.5390625,646000000.0,19256.5375,19270.424609375,18582.19970703125,17209.532194010415,18106.23484700521,60.8263019941271,611.6668140511429,613.9894908652552,-2.3226768141123557,18582.19970703125,20414.672051811904,16749.727362250596,0.19722878600721003,0.6913642400842617,569.3271845216647,19615.400390625,16111.8095703125,19615.400390625,14864.009765625,0.0025433267754013666,0.007609446646003937,0.14373880810892392,0.01312556052891356
2017-03-03,19130.509765625,19668.009765625,18995.55078125,19469.169921875,646600000.0,19256.89140625,19274.574609375,18712.83974609375,17239.05234375,18122.72101236979,62.47899552282032,602.5330266159581,611.6981980153959,-9.165171399437781,18712.83974609375,20401.428689198747,17024.25080298875,0.18047383144586446,0.7239533128739142,576.6937416540459,19615.400390625,16111.8095703125,19615.400390625,14864.009765625,0.009626389573685223,9.089715187915459e-05,0.15500377094572348,0.10007983352601979
2017-03-10,19409.1796875,19623.720703125,19198.779296875,19604.609375,546400000.0,19394.1734375,19323.5986328125,18833.84072265625,17280.010677083334,18141.446842447916,63.68289084396434,599.3147389702644,609.2215062063697,-9.906767236105225,18833.84072265625,20410.136613301565,17257.54483201093,0.16738974422238848,0.744487299915566,565.8542891251855,19668.009765625,16111.8095703125,19668.009765625,14864.009765625,0.006956611589938655,0.036283059942073814,0.14082498059330506,0.1433186169316074
2017-03-17,19545.740234375,19656.48046875,19454.169921875,19521.58984375,591200000.0,19422.70546875,19330.324609375,18937.59970703125,17322.728352864582,18158.628011067707,62.362038289168396,583.3408502709863,604.045375019293,-20.704524748306767,18937.59970703125,20404.314431476516,17470.884982585987,0.15489974940178874,0.6990810233870199,539.886878964458,19668.009765625,16111.8095703125,19668.009765625,14864.009765625,-0.004234694487504909,0.0073616117376194,0.11894594182497698,0.15113695899014679
2017-03-24,19416.55078125,19485.140625,18973.75,19262.529296875,487000000.0,19428.2875,19327.849609375,19055.458203125,17351.798828125,18169.81201171875,58.29858502267986,543.5121377186006,591.9387275591546,-48.426589840554016,19055.458203125,20191.594320297107,17919.322085952892,0.11924521625890756,0.5911295269203349,540.454947877711,19668.009765625,16111.8095703125,19668.009765625,14864.009765625,-0.013270463571282365,0.001451037634067509,0.13943329269656535,0.0995660787769932
2017-03-31,18985.58984375,19251.30078125,18909.259765625,18909.259765625,631900000.0,19353.431640625,19304.9845703125,19132.18173828125,17386.62666015625,18182.626009114585,53.20721049014242,477.9323902035612,569.1374600880359,-91.20506988447471,19132.18173828125,19972.77933400174,18291.58414256076,0.0878726333692046,0.36740268245403357,527.0845609757316,19668.009765625,16111.8095703125,19668.009765625,14864.009765625,-0.0183397271357979,-0.019409263811063004,0.0883159327923495,0.12424024255570654
2017-04-07,18988.0,19068.619140625,18517.4296875,18664.630859375,697900000.0,19192.523828125,19224.7076171875,19167.0427734375,17448.49366861979,18191.319596354166,49.95384940953305,401.591166549857,535.6282013804002,-134.03703483054323,19167.0427734375,19855.610379453126,18478.475167421875,0.07184912290902505,0.1351760454070072,528.8063389863937,19668.009765625,17455.779296875,19668.009765625,14864.009765625,-0.012936990092796141,-0.04132374753152901,0.03880474131005851,0.24825233992836604
2017-04-14,18800.220703125,18850.80078125,18285.73046875,18335.630859375,456400000.0,18938.728125,19166.45078125,19164.76328125,17487.968017578125,18195.62517903646,45.88987075135471,310.95811478071846,490.6941840604639,-179.73606927974544,19164.76328125,19863.941693850484,18465.58486864952,0.07296499334114176,-0.09293336788758684,531.3966228087942,19668.009765625,18007.7890625,19668.009765625,14864.009765625,-0.017626922411634438,-0.06472857945556487,-0.002480240267298983,0.148333170442134
2017-04-21,18239.83984375,18648.279296875,18224.6796875,18620.75,444200000.0,18758.56015625,19090.6328125,19174.49677734375,17528.50701497396,18205.37501627604,49.708375061358176,259.15017814785097,444.38538287794137,-185.2352047300904,19174.49677734375,19836.713512243416,18512.280042444083,0.06907265860370636,0.08189913652087903,523.6968361349517,19668.009765625,18222.8203125,19668.009765625,14864.009765625,0.015550004404632611,-0.046145823724414115,0.010564912398601134,0.1502519284026742
2017-04-28,18890.380859375,19289.4296875,18840.130859375,19196.740234375,580000000.0,18745.40234375,19086.844921875,19184.51533203125,17564.87303059896,18222.033430989584,56.40191097555178,261.5545749451994,407.819221291393,-146.26464634619356,19184.51533203125,19841.693071697322,18527.337592365177,0.06851126841539978,0.5093010624111846,534.052754089598,19668.009765625,18224.6796875,19668.009765625,14864.009765625,0.030932708638212736,-0.003415390652289574,0.010547862713485179,0.1282391560553917
2017-05-05,19154.029296875,19464.30078125,19144.619140625,19445.69921875,219200000.0,18852.690234375,19103.0609375,19186.7427734375,17606.65353190104,18243.546256510417,58.9453407362315,280.3176586545742,382.3189087640293,-102.0012501094551,19186.7427734375,19847.136588025172,18526.34895884983,0.06883855403554301,0.6960621371614321,518.7405316992696,19668.009765625,18224.6796875,19668.009765625,14864.009765625,0.012968815608037199,0.028369140821693506,0.002296195185751859,0.1479927648837427
2017-05-12,19709.009765625,19989.939453125,19705.130859375,19883.900390625,674400000.0,19096.544140625,19144.533984375,19209.554296875,17659.305029296876,18263.31417643229,63.033188401679716,326.7797959706986,371.21108620536313,-44.431290234664516,19209.554296875,19930.411493835094,18488.69709991491,0.075051944029473,0.9677390311102985,520.5619390332504,19668.009765625,18224.6796875,19668.009765625,14864.009765625,0.02253460608155855,0.06532513503408377,0.023483540259055857,0.1888864352092927
2017-05-19,19753.4609375,19998.490234375,19449.73046875,19590.759765625,628800000.0,19347.569921875,19143.1490234375,19233.373828125,17702.438525390626,18279.283919270834,58.81426098374505,336.07333180560454,364.1835353254114,-28.110203519806873,19233.373828125,19971.355601084328,18495.392055165674,0.07673971083327821,0.742137374251719,522.5760695040897,19989.939453125,18224.6796875,19989.939453125,14864.009765625,-0.014742611823694962,0.06845299820203632,0.02492316756546753,0.1522112461587095
2017-05-26,19670.48046875,19850.9296875,19585.5390625,19686.83984375,442800000.0,19560.787890625,19159.6740234375,19244.99931640625,17761.149853515624,18296.270084635416,59.76482355534553,347.1892042126601,360.78466910286113,-13.595464890201015,19244.99931640625,20003.575905744223,18486.42272706828,0.07883363120634564,0.7912300046916515,504.2056806109404,19998.490234375,18224.6796875,19998.490234375,14864.009765625,0.004904356914915864,0.05725278754883667,0.011951568863655782,0.2179315011388283
2017-06-02,19697.1796875,20239.810546875,19570.130859375,20177.279296875,518900000.0,19756.895703125,19251.1490234375,19289.49931640625,17833.745849609375,18315.136083984376,64.29485654217753,391.06502410607936,366.8407401035048,24.224284002574564,19289.49931640625,20150.306562506386,18428.692070306115,0.08925138304320791,1.0156671162393283,516.0252525315875,19998.490234375,18224.6796875,19998.490234375,14864.009765625,0.02491204566184857,0.05107841490422316,0.04614440358854566,0.2753060322064316
2017-06-09,20135.419921875,20224.5390625,19896.349609375,20013.259765625,570900000.0,19870.4078125,19361.5490234375,19333.266796875,17886.49969075521,18329.144075520835,61.789303482087185,407.89990587036664,375.05257325687717,32.84733261348947,19333.266796875,20246.22721684262,18420.306376907378,0.094444506410597,0.8724109796425331,502.60840971683126,20239.810546875,18224.6796875,20239.810546875,14864.009765625,-0.00812892208293925,0.02918694465497773,0.045739038496276585,0.18786947796541953
2017-06-16,19920.76953125,20015.16015625,19755.33984375,19943.259765625,544500000.0,19882.2796875,19489.4119140625,19357.059765625,17926.01251627604,18338.688411458334,60.702081774414985,410.8571504905849,382.21348870361874,28.643661786966163,19357.059765625,20306.82406647555,18407.29546477445,0.09813105010267918,0.8086028815123055,485.2664027727719,20239.810546875,18224.6796875,20239.810546875,14864.009765625,-0.003497681078433401,0.002985298348606946,0.024443909584823675,0.1349136917778644
2017-06-23,19974.30078125,20318.109375,19949.880859375,20132.669921875,439000000.0,19990.66171875,19669.1158203125,19417.78330078125,17983.789501953124,18348.368994140626,62.61875670678022,423.60158936123844,390.49110883514265,33.110480526095785,19417.78330078125,20402.210719770374,18433.35588179213,0.10139441806928753,0.8630976785611292,477.37948895864537,20239.810546875,18224.6796875,20239.810546875,14864.009765625,0.009497452195677436,0.027661518120438933,0.06419589354579402,0.2080048348661634
2017-06-30,20132.810546875,20266.58984375,19946.509765625,20033.4296875,518200000.0,20059.9796875,19810.3837890625,19450.50830078125,18049.23466796875,18354.862158203126,60.941643860911476,420.8425801574922,396.56140309961256,24.28117705787963,19450.50830078125,20470.467032691788,18430.549568870712,0.1048773344262237,0.7857573392341324,466.14381675624213,20318.109375,18224.6796875,20318.109375,14864.009765625,-0.004929313139295566,0.017605153823610387,0.03377379507301548,0.24379327557688502
2017-07-07,20056.3203125,20197.16015625,19856.650390625,19929.08984375,462900000.0,20010.341796875,19883.61875,19485.2318359375,18107.84931640625,18357.936067708335,59.14796481382109,405.56163008153453,398.36144849599697,7.200181585537564,19485.2318359375,20520.596193052923,18449.867478822074,0.10627170010939822,0.7143486999345388,457.16995596115345,20318.109375,18224.6796875,20318.109375,14864.009765625,-0.005208286617797819,-0.012300441971055953,0.03610524846100138,0.21428428623314488
2017-07-14,20070.439453125,20200.880859375,20023.029296875,20118.859375,418000000.0,20031.46171875,19950.934765625,19526.9978515625,18164.224479166667,18364.879638671875,61.374675034582054,404.10590097551176,399.51033899189997,4.595561983611788,19526.9978515625,20593.376081094862,18460.61962203014,0.10922090918825321,0.7775101305739559,443.9286030799996,20318.109375,18224.6796875,20318.109375,14864.009765625,0.00952223773076688,0.005276482222869916,0.043317790878149465,0.20210558721420702
2017-07-21,20074.41015625,20157.109375,19943.140625,20099.75,334100000.0,20062.759765625,19972.5197265625,19558.52685546875,18218.6396484375,18370.4185546875,61.01402633379511,396.8357824340346,398.97542768032696,-2.139645246292332,19558.52685546875,20653.116462074286,18463.937248863214,0.11192965755490711,0.7472265136015923,427.5028992885711,20318.109375,18224.6796875,20318.109375,14864.009765625,-0.0009498239757939064,0.007846773106006122,0.0323886473154924,0.19393770220285833
2017-07-28,19973.669921875,20176.390625,19901.880859375,19959.83984375,435300000.0,20028.19375,20009.427734375,19576.28837890625,18273.933138020835,18370.853629557292,58.312291533878074,375.45655136952337,394.2716524181663,-18.81510104864293,19576.28837890625,20684.733336141813,18467.84342167069,0.11324362777879067,0.6730133112790365,416.57481831260174,20318.109375,18224.6796875,20318.109375,14864.009765625,-0.006960790868045574,-0.008584558272482945,0.018119742248116077,0.19934884216569726
2017-08-04,19933.44921875,20113.73046875,19891.900390625,19952.330078125,511800000.0,20011.973828125,20035.9767578125,19597.825390625,18329.782649739584,18373.349039713543,58.16341551110643,353.8286648005269,386.1830548946384,-32.35439009411152,19597.825390625,20717.860183694604,18477.790597555395,0.11430194633792326,0.6582561049413623,402.6644797277731,20318.109375,18224.6796875,20318.109375,14864.009765625,-0.0003762437817030895,-0.004048213942398626,0.022064813256636784,0.20184917556638338
2017-08-11,20059.2890625,20085.900390625,19660.220703125,19729.740234375,364300000.0,19972.10390625,19991.2228515625,19621.1859375,18398.617317708333,18370.9298828125,53.780593024498685,315.0950491575786,371.9654537472265,-56.870404589647876,19621.1859375,20731.722154013798,18510.6497209862,0.11319766501894703,0.5488747216258176,404.30842314007504,20318.109375,18224.6796875,20318.109375,14864.009765625,-0.011156082666958222,-0.010002945991912315,0.02425491119568579,0.2647544905951227
2017-08-18,19545.580078125,19824.119140625,19433.08984375,19470.41015625,435600000.0,19842.4140625,19936.937890625,19649.24345703125,18473.923828125,18370.41971028646,49.1351367328541,260.4700728443495,349.66637756665114,-89.19630472230165,19649.24345703125,20713.818810391447,18584.668103671054,0.10835789741098156,0.4160072134786954,403.3599141211411,20318.109375,18224.6796875,20318.109375,14864.009765625,-0.01314412024914402,-0.03223091362504238,0.02967595757741459,0.3021926647137183
2017-08-25,19509.529296875,19561.3203125,19351.919921875,19452.609375,370400000.0,19712.9859375,19887.8728515625,19688.6423828125,18536.759309895835,18371.03154296875,48.82339023722323,213.28440146966022,322.38998234725295,-109.10558087759273,19688.6423828125,20658.669279615726,18718.615486009276,0.09853669724328223,0.37833687468339283,389.50566244284533,20318.109375,18224.6796875,20318.109375,14987.7900390625,-0.0009142478821528854,-0.03219645144840111,0.04221773907889581,0.2404038642842643
2017-09-01,19502.23046875,19735.9609375,19280.01953125,19691.470703125,413600000.0,19659.312109375,19843.7529296875,19756.434375,18613.16748046875,18370.6861328125,53.12147351884355,192.93944407246454,296.4998746922953,-103.56043061983075,19756.434375,20502.385262841093,19010.48348715891,0.0755147283848979,0.4564557982744571,394.251072714785,20318.109375,18224.6796875,20318.109375,15106.51953125,0.012279140732244231,-0.01344545561115984,0.0739456337307729,0.3034683366314259
2017-09-08,19615.9609375,19628.400390625,19239.51953125,19274.8203125,426300000.0,19523.81015625,19767.8919921875,19789.137890625,18659.450325520833,18362.43955078125,45.88272986790003,141.56385433451942,265.5126706207401,-123.94881628622068,19789.137890625,20372.74672233481,19205.52905891519,0.05898274446673017,0.05936446624857247,398.37250836908606,20318.109375,18224.6796875,20318.109375,15375.9404296875,-0.02115892697435129,-0.0339564232835039,0.035125884430004195,0.16832319174172672
2017-09-15,19441.390625,19933.400390625,19437.140625,19909.5,458700000.0,19559.762109375,19765.9330078125,19824.77587890625,18714.1544921875,18356.99246419271,55.77002070249221,150.32877927675872,242.47589235194383,-92.1471130751851,19824.77587890625,20342.684572078408,19306.867185734092,0.05224863033364402,0.5817944574118077,416.9587633516514,20318.109375,18840.130859375,20318.109375,15921.0400390625,0.03292791721064203,0.009111106557389226,0.03712920823654642,0.1974018553879926
2017-09-22,20128.1796875,20481.26953125,20122.0,20296.44921875,432600000.0,19724.969921875,19783.6919921875,19867.31337890625,18776.274153645834,18355.622037760415,60.50742975498956,186.35048117707265,231.2508101169696,-44.90032893989695,19867.31337890625,20393.38084975682,19341.245908055676,0.0529580885766985,0.9078714838135716,428.0166753443906,20318.109375,19144.619140625,20318.109375,15921.0400390625,0.019435406150330348,0.04242535498076516,0.0437500338984822,0.22494532305545878
2017-09-29,20439.4296875,20454.2890625,20213.66015625,20356.279296875,410500000.0,19905.70390625,19809.344921875,19890.93232421875,18844.63797200521,18355.198697916665,61.199439840720196,217.22172985336147,228.444994064248,-11.223264210886526,19890.93232421875,20458.62772984739,19323.236918590108,0.05708082420424589,0.9098562081376593,414.6318346947913,20481.26953125,19239.51953125,20481.26953125,15921.0400390625,0.002947810106101123,0.04645494619536095,0.023756853382383758,0.25235114398058167
2017-10-06,20400.509765625,20721.150390625,20363.279296875,20690.7109375,347100000.0,20105.551953125,19882.43203125,19945.9298828125,18907.484488932292,18359.50262044271,64.90161244525417,265.6114518022623,235.87828561185088,29.733166190411424,19945.9298828125,20594.0715346392,19297.7882309858,0.06498986566529609,1.0745511437109743,411.0774960558776,20481.26953125,19239.51953125,20481.26953125,16111.8095703125,0.016428917865964898,0.05074482497726396,0.05614642745020193,0.22286104384867178
2017-10-13,20680.5390625,21211.2890625,20663.080078125,21155.1796875,349400000.0,20481.623828125,20002.7169921875,20019.346875,18984.30714518229,18363.24453125,69.28493941004396,337.54835416334026,256.2122993221488,81.33605484119147,20019.346875,20842.48651699537,19196.20723300463,0.08223441525190824,1.189939321684612,420.87260236438635,20721.150390625,19239.51953125,20721.150390625,16111.8095703125,0.02244817741657168,0.09755522202095745,0.07458484222982875,0.27858149598770465
2017-10-20,21221.26953125,21503.849609375,21187.9296875,21457.640625,437700000.0,20791.251953125,20175.50703125,20083.36494140625,19069.255989583333,18370.893294270834,71.75839205266541,414.19040824495096,287.8079211067093,126.38248713824169,20083.36494140625,21117.731835308325,19048.998047504174,0.10300732939125175,1.1643076512287598,415.71526804371587,21211.2890625,19239.51953125,21211.2890625,16111.8095703125,0.014297252113567138,0.07775889022828308,0.06345559821453728,0.31153480968930003
2017-10-27,21709.30078125,22016.5,21614.509765625,22008.44921875,500600000.0,21133.651953125,20429.3109375,20183.1244140625,19153.968815104166,18389.46512044271,75.61029141213878,513.4566300810257,332.9376629015726,180.51896717945306,20183.1244140625,21513.655890391776,18852.59293773322,0.13184593713372103,1.1859382273778594,425.9398471120219,21503.849609375,19239.51953125,21503.849609375,16111.8095703125,0.025669578653874092,0.08434972943042873,0.09969337711550419,0.30029928635620706
2017-11-03,22047.94921875,22540.25,21840.0703125,22539.119140625,456300000.0,21570.219921875,20737.9619140625,20312.9173828125,19246.858138020834,18405.200113932293,78.63386125209543,627.7105967394236,391.8922496691428,235.81834707028082,20312.9173828125,21986.70481583954,18639.129949785456,0.16480029938420318,1.1650192592814543,445.5284071397346,22016.5,19239.51953125,22016.5,16111.8095703125,0.02411209970318562,0.1072317692204734,0.13016224055178416,0.3285063240310879
2017-11-10,22612.9609375,23382.150390625,22435.33984375,22681.419921875,586900000.0,21968.36171875,21036.9568359375,20440.3548828125,19349.560319010416,18423.00753580729,79.37232826433353,721.4240449419885,457.79860872371194,263.6254362182766,20440.3548828125,22403.02299826362,18477.686767361378,0.19203855575926934,1.070923076963369,481.3342742636822,22540.25,19239.51953125,22540.25,16111.8095703125,0.006313502331753318,0.09621269130810894,0.12659771455502167,0.3730263957523141
2017-11-17,22607.560546875,22757.400390625,21972.33984375,22396.80078125,507500000.0,22216.6859375,21349.1548828125,20558.5234375,19443.606673177084,18438.103873697917,73.87273306210967,763.9202447665994,519.0229359322894,244.8973088343099,20558.5234375,22686.581094126643,18430.465780873357,0.2070243675910047,0.9319143652019285,503.02900802163344,23382.150390625,19239.51953125,23382.150390625,16111.8095703125,-0.012548559199792475,0.05869111546632899,0.11797136739020986,0.33680163971845367
2017-11-24,22279.98046875,22677.33984375,22215.0703125,22550.849609375,293700000.0,22435.327734375,21613.28984375,20689.61142578125,19545.290169270833,18453.32294921875,74.88697061967217,800.7981398099037,575.3779767078123,225.42016310209135,20689.61142578125,22964.370431144274,18414.85242041823,0.2198938354664751,0.9091066744225765,500.1176168236596,23382.150390625,19239.51953125,23382.150390625,16111.8095703125,0.006878162181715108,0.05094730606594822,0.1315544154891357,0.3708856635429818
2017-12-01,22657.080078125,22994.310546875,22363.939453125,22819.029296875,464500000.0,22597.44375,21865.5478515625,20824.619921875,19644.605826822917,18472.48611653646,76.59064765527515,841.9584242192177,628.6940662100934,213.2643580091243,20824.619921875,23262.518990676384,18386.720853073617,0.23413623662254873,0.9090426467041086,509.4214366041125,23382.150390625,19239.51953125,23382.150390625,16111.8095703125,0.011892221009203618,0.03683040409019056,0.13421088499829525,0.3534346203578487
2017-12-08,22843.529296875,22864.330078125,22119.2109375,22811.080078125,428500000.0,22651.8359375,22111.0279296875,20960.18642578125,19743.851009114584,18500.613199869793,76.42514396512644,863.9774167852702,675.7507363251289,188.22668046014132,20960.18642578125,23520.256009109624,18400.116842452873,0.2442792760831042,0.8614928407409504,526.2569868913188,23382.150390625,19239.51953125,23382.150390625,16111.8095703125,-0.0003483591982191836,0.012066174183791079,0.13489372147041623,0.3532617782526333
2017-12-15,22894.30078125,22994.330078125,22478.3203125,22553.220703125,431500000.0,22626.19609375,22297.27890625,21089.85546875,19833.328190104166,18529.087369791665,71.06093120804867,850.8128891172491,710.7631668835529,140.04972223369623,21089.85546875,23696.407408303,18483.303529197,0.24718537719855602,0.7807090110442906,525.5250425151531,23382.150390625,19239.51953125,23382.150390625,16111.8095703125,-0.011304128262093038,-0.005652169008447228,0.12992994330999408,0.3124096011711073
2017-12-22,22770.439453125,22990.419921875,22728.060546875,22902.759765625,398900000.0,22727.387890625,22472.0369140625,21237.376953125,19924.267350260416,18571.675699869793,73.75053135898877,858.6863850854097,740.3478105239243,118.33857456148542,21237.376953125,23903.0090086122,18571.7448976378,0.2510321365365191,0.8123804744679244,519.2160551033564,23382.150390625,19239.51953125,23382.150390625,16111.8095703125,0.01549841005420416,0.02259068111185658,0.14787394133654308,0.3127491306525496
2017-12-29,22909.41015625,22954.44921875,22736.4296875,22764.939453125,190400000.0,22770.205859375,22602.766796875,21389.1369140625,20021.927018229166,18609.181689453126,70.95051283924667,844.0752657147641,761.0933015620923,82.98196415267182,21389.1369140625,24039.715276496347,18738.558551628652,0.24784341444756458,0.7595287425871827,497.70201768525953,23382.150390625,19239.51953125,23382.150390625,16111.8095703125,-0.006017629050401818,0.009493648685457767,0.15383878260402994,0.3466107965022187
2018-01-05,23073.73046875,23730.470703125,23065.19921875,23714.529296875,204100000.0,22949.305859375,22773.3748046875,21601.34287109375,20127.58935546875,18656.21767578125,77.33537816656681,898.759472937596,788.626535837193,110.13293710040296,21601.34287109375,24282.8774420407,18919.808300146804,0.24827480281656877,0.8940255793597703,531.1183914220268,23382.150390625,19239.51953125,23382.150390625,16111.8095703125,0.041712820967755526,0.039243562394770004,0.2179779011621199,0.36488156555857465
2018-01-12,23948.970703125,23952.609375,23588.0703125,23653.8203125,360300000.0,23117.85390625,22884.844921875,21811.40341796875,20222.362858072916,18704.32859700521,76.18253486506917,926.5180698949334,816.2048426487412,110.31322724619224,21811.40341796875,24444.50947808467,19178.297357852833,0.24144306623999293,0.849856187420369,519.2198679275963,23730.470703125,19239.51953125,23730.470703125,17455.779296875,-0.0025599911183141755,0.036944337203180355,0.21597158800193106,0.3164846857059125
2018-01-19,23827.98046875,24084.419921875,23685.01953125,23808.060546875,397300000.0,23368.821875,22997.508984375,22017.23291015625,20312.810188802083,18755.019677734374,77.11590768589262,950.011712191772,842.9662165573474,107.04549563442458,22017.23291015625,24598.374014278994,19436.091806033506,0.23446553112785562,0.8469061869299472,512.8898494595537,23952.609375,19239.51953125,23952.609375,18007.7890625,0.006520732479458724,0.055639053076624645,0.20905446351941115,0.29523827233233657
2018-01-26,23797.83984375,24129.33984375,23592.279296875,23631.880859375,387200000.0,23514.64609375,23121.0169921875,22235.0859375,20399.57353515625,18798.296435546876,73.56940963546354,943.537847613039,863.0805427684858,80.45730484455328,22235.0859375,24578.09721833651,19892.07465666349,0.21074901958305134,0.79807686657324,514.6163278463713,24084.419921875,19239.51953125,24084.419921875,18222.8203125,-0.00740000165713306,0.03183551245402083,0.2260493470877849,0.28252350793971637
2018-02-02,23707.140625,23787.23046875,23092.849609375,23274.529296875,457800000.0,23616.5640625,23193.3849609375,22403.33740234375,20470.876204427084,18839.819173177082,66.85350577436742,899.2064860757018,870.305731429929,28.90075464577285,22403.33740234375,24527.22208597633,20279.45271871117,0.18960431166924144,0.7050939726730384,527.4566515269876,24129.33984375,19437.140625,24129.33984375,18224.6796875,-0.015121587851025242,0.022384853902172264,0.169016263435797,0.22520936104051947
2018-02-09,22921.16015625,22967.689453125,21078.7109375,21382.619140625,673500000.0,23150.18203125,23049.7439453125,22457.6458984375,20503.90068359375,18861.13015950521,43.9689391105965,703.3049625940221,836.9055776627476,-133.60061506872557,22457.6458984375,24412.04250319945,20503.249293675548,0.17405177849900363,0.22497221004345763,646.6253449447028,24129.33984375,20122.0,24129.33984375,18224.6796875,-0.08128672043666296,-0.09833255077752223,0.053515268122445114,0.10213150818919914
2018-02-16,21633.33984375,21866.369140625,20950.150390625,21720.25,382800000.0,22763.46796875,22940.6609375,22525.84443359375,20542.1103515625,18883.106412760415,47.42755992126221,568.7395074790948,783.2723636260171,-214.5328561469223,22525.84443359375,24265.57549076587,20786.11337642163,0.1544653353441069,0.26847156051142235,665.8820167343669,24129.33984375,20213.66015625,24129.33984375,18224.6796875,0.01578996741019134,-0.0817445252798421,0.06700491200935677,0.11800592079977745
2018-02-23,21903.66015625,22152.849609375,21626.849609375,21892.779296875,355800000.0,22380.41171875,22874.616796875,22585.9478515625,20588.4171875,18904.999576822916,49.15471060938531,470.5923910288948,720.7363691065926,-250.14397807769785,22585.9478515625,24141.205313094775,21030.690390030228,0.13771903413162984,0.27715311714223295,655.8904441104835,24129.33984375,20363.279296875,24129.33984375,18224.6796875,0.007943246365718526,-0.08044675651882938,0.058097006091577086,0.14535714654295684
2018-03-02,22134.640625,22502.05078125,21088.9609375,21181.640625,415100000.0,21890.363671875,22702.5048828125,22587.2708984375,20617.205696614583,18918.2056640625,42.89876439730133,331.6046149593167,642.9100182771374,-311.3054033178207,22587.2708984375,24137.695040179315,21036.846756695682,0.137282998792835,0.04669492186236524,709.976115513306,24129.33984375,20663.080078125,24129.33984375,18224.6796875,-0.032482795456514224,-0.10368367414153434,0.001250801831554904,0.08878797367673097
2018-03-09,21047.810546875,21884.44921875,20937.259765625,21469.19921875,433200000.0,21529.29765625,22572.930859375,22587.848828125,20653.571028645834,18931.450569661458,45.89726290832619,241.87123531837642,562.7022616853852,-320.8310263670088,22587.848828125,24136.595943872275,21039.101712377724,0.13713099707121035,0.1388533679898906,726.9199253427128,24129.33984375,20950.150390625,24129.33984375,18224.6796875,0.013575841401567645,-0.07756677074313145,0.0005386703017353778,0.11312740839650326
2018-03-16,21826.099609375,21971.16015625,21555.490234375,21676.509765625,344700000.0,21588.07578125,22369.12890625,22571.25185546875,20695.881022135418,18946.38865559896,48.01661267580689,185.34853152911091,487.2315156541304,-301.8829841250195,22571.25185546875,24151.278053488575,20991.225657448922,0.14000341745661793,0.216858463813737,710.8514262110905,24129.33984375,20937.259765625,24129.33984375,18224.6796875,0.009656184413899593,0.013744369811162782,-0.015082364496731837,0.13264769186649938
2018-03-23,21537.900390625,21659.0390625,20559.609375,20617.859375,337400000.0,21367.59765625,22065.5328125,22475.1888671875,20715.055338541668,18955.66681315104,39.50597611652274,54.501384504426824,400.68548942418977,-346.18410491976294,22475.1888671875,24270.324608527586,20680.05312584741,0.1597437736294963,-0.01732285459398821,739.8549236692269,24129.33984375,20937.259765625,24129.33984375,18224.6796875,-0.04883860003623952,-0.05075404864124489,-0.08524112027794728,0.05909669299908327
2018-03-30,20423.369140625,21512.80078125,20347.490234375,21454.30078125,430000000.0,21279.901953125,21830.1568359375,22413.83291015625,20757.323697916665,18974.198649088543,47.43365342214106,18.08938565882636,324.1662686711171,-306.07688301229075,22413.83291015625,24259.74470739957,20567.921112912925,0.16471183707333661,0.2400926386788335,770.2446110410679,24129.33984375,20559.609375,24129.33984375,18224.6796875,0.040568780251950765,-0.02002845365949446,-0.05410239503751302,0.1340561822600137
2018-04-06,21441.5703125,21742.83984375,21056.01953125,21567.51953125,342000000.0,21357.077734375,21623.720703125,22372.36884765625,20793.8001953125,18995.704638671876,48.41900389838347,-1.6129853530692344,259.01041786627985,-260.6234032193491,22372.36884765625,24254.8418322343,20489.8958630782,0.16828553090615248,0.2862255333808538,764.2857325738488,24129.33984375,20347.490234375,24129.33984375,18224.6796875,0.005277205309760058,0.018217611802674005,-0.037026772622554716,0.11293656971993182
2018-04-13,21534.330078125,21933.990234375,21517.76953125,21778.740234375,337800000.0,21418.9859375,21474.141796875,22333.76337890625,20836.202213541666,19020.785302734374,50.29106577910803,-0.18141953927624854,207.17205038516863,-207.35346992444488,22333.76337890625,24231.61767216405,20435.909085648447,0.16995382829660352,0.3537761443270462,739.423944756074,24129.33984375,20347.490234375,24129.33984375,18224.6796875,0.009793462934805985,0.014417911561166452,-0.03423859359511727,0.13226781747794636
2018-04-20,21843.55078125,22360.650390625,21772.419921875,22162.240234375,330500000.0,21516.13203125,21552.10390625,22300.92392578125,20884.18056640625,19046.856380208334,53.58491130464685,31.534837660012272,172.0446078401374,-140.50977018012512,22300.92392578125,24186.745930983343,20415.10192057916,0.1691250112756059,0.46322990955040066,728.6244107556402,24129.33984375,20347.490234375,24129.33984375,18224.6796875,0.017608915661462055,0.022408149374687714,-0.028782515415322507,0.14928282420279926
2018-04-27,22157.880859375,22495.560546875,22065.51953125,22467.869140625,375700000.0,21886.133984375,21626.8658203125,22283.76337890625,20934.15888671875,19086.605615234374,56.082495691961654,80.40503923882716,153.71669411987534,-73.31165488104818,22283.76337890625,24156.907521471167,20410.619236341332,0.1681173965738687,0.5491435115790536,707.2970253891658,24129.33984375,20347.490234375,24129.33984375,18224.6796875,0.013790524018232997,0.0897285082790027,-0.015045799511664848,0.15402296198466825
2018-05-04,22453.419921875,22568.189453125,22411.4296875,22472.779296875,160600000.0,22089.8296875,21684.8658203125,22279.74130859375,20981.96171875,19130.986197916667,56.123344564122114,118.16905534201214,146.6071663643027,-28.43811102229057,22279.74130859375,24150.898229902316,20408.584387285187,0.1679693579374569,0.5515825225781306,667.9729354060112,24129.33984375,20347.490234375,24129.33984375,18224.6796875,0.0002185412519215557,0.04747199761994114,-0.003566736977785756,0.14630079421692121
2018-05-11,22513.220703125,22769.16015625,22350.91015625,22758.48046875,385500000.0,22328.021875,21842.5498046875,22272.52734375,21035.909895833334,19179.31912434896,58.5397811395977,169.2005682181043,151.12584673506305,18.07472148304126,22272.52734375,24135.113689705264,20409.940997794736,0.1672541528142232,0.6304511670171107,650.1355828770104,24129.33984375,20347.490234375,24129.33984375,18224.6796875,0.012713210417846676,0.05522011633161483,-0.006299646782810475,0.1658108100266391
2018-05-18,22705.30078125,22954.189453125,22683.640625,22930.359375,376400000.0,22558.345703125,21988.6658203125,22280.79833984375,21097.040397135417,19224.41961263021,59.968157670094904,220.9654489675413,165.0937671815587,55.87168178598262,22280.79833984375,24153.499308447474,20408.097371240026,0.16809998816378646,0.673428925932729,623.0222432518668,24129.33984375,20347.490234375,24129.33984375,18224.6796875,0.007552301502993908,0.05287813382370543,0.007266433640889414,0.1904126930371517
2018-05-25,22937.580078125,23050.390625,22318.150390625,22450.7890625,349500000.0,22616.05546875,22066.09375,22217.611328125,21156.065885416665,19271.346272786457,54.342596009499886,220.74753346961006,176.22452043916897,44.52301303044109,22217.611328125,23974.227678310046,20460.994977939954,0.15812828159086276,0.5663712751934811,630.8235283320906,24129.33984375,20347.490234375,24129.33984375,18224.6796875,-0.020914208305991666,0.013019840281193407,-0.053289703479019956,0.1872907422485739
2018-06-01,22488.94921875,22547.669921875,21931.650390625,22171.349609375,418100000.0,22556.7515625,22221.4427734375,22143.48779296875,21214.511197916665,19331.50243326823,51.3214992637906,195.76969420092064,180.13355519151932,15.636139009401319,22143.48779296875,23771.865079670344,20515.110506267156,0.14707504995835885,0.5085550862916685,629.7660999690842,24129.33984375,20347.490234375,24129.33984375,18224.6796875,-0.012446754203029431,-0.01319749235648926,-0.06267362665055753,0.1878804234822904
2018-06-08,22365.08984375,22879.0,22355.830078125,22694.5,363000000.0,22601.095703125,22345.4626953125,22087.809765625,21287.159016927082,19387.563517252605,56.22771848926324,215.70196303797638,187.24723676081075,28.454726277165634,22087.809765625,23552.656111416996,20622.963419833002,0.1326384427732369,0.7070832330359476,635.3292635873639,24129.33984375,20347.490234375,24129.33984375,18224.6796875,0.023595784642888473,0.009866189677563808,-0.04677241746267169,0.2377267067632043
2018-06-15,22686.94921875,23011.5703125,22667.30078125,22851.75,337200000.0,22619.749609375,22473.8857421875,22048.80322265625,21357.67568359375,19443.091349283855,57.61069509850169,241.4044304967756,198.07867550800373,43.32575498877188,22048.80322265625,23382.811694530097,20714.794750782403,0.12100506847492626,0.8009526529527475,614.5392827061237,24129.33984375,20347.490234375,24129.33984375,18224.6796875,0.006928991605895662,0.004098231926251472,-0.03301179724192438,0.22721963401044531
2018-06-22,22806.5703125,22806.890625,22167.16015625,22516.830078125,395200000.0,22537.04375,22547.6947265625,22010.91826171875,21413.010514322916,19488.941772460938,53.71783193908897,232.0733849602584,204.87761739845467,27.195767561803734,22010.91826171875,23242.65137715176,20779.18514628574,0.11192019349553735,0.7053658418643711,619.5428942092577,23787.23046875,20347.490234375,24129.33984375,18840.130859375,-0.014656204530287598,-0.018034139374451086,-0.03255486755866355,0.17295070950664937
2018-06-29,22543.560546875,22556.55078125,22038.400390625,22304.509765625,335600000.0,22507.787890625,22561.9216796875,22057.01279296875,21460.657356770833,19533.65544433594,51.349005163059466,205.1807929021852,204.9382524992008,0.24254040298441737,22057.01279296875,23259.907169682447,20854.118416255056,0.10907137680013942,0.6028756046446945,612.3005725246679,23050.390625,20347.490234375,24129.33984375,19144.619140625,-0.00942940510557333,-0.006515552592284313,0.04311401792909897,0.14701505534542392
2018-07-06,22233.80078125,22312.25,21462.94921875,21788.140625,344100000.0,22431.14609375,22493.948828125,22060.40732421875,21492.394694010418,19575.849861653645,46.0324279233349,140.58101533785884,192.0668050669324,-51.48578972907356,22060.40732421875,23259.859450381286,20860.955198056217,0.10874251853416415,0.3865037239586095,629.2291588621916,23050.390625,20347.490234375,24129.33984375,19239.51953125,-0.023150885002673816,-0.017283971933443443,0.003125683406038249,0.09576794275598077
2018-07-13,21838.529296875,22692.859375,21744.25,22597.349609375,363800000.0,22411.716015625,22506.405859375,22095.63583984375,21542.504524739583,19622.471525065102,54.05987365664617,152.91887479928118,184.23721901340218,-31.318344214120998,22095.63583984375,23314.554533650185,20876.717146037317,0.11033117151654266,0.7058028037803321,652.0420314434637,23050.390625,20347.490234375,24129.33984375,19239.51953125,0.03713988257660228,-0.004280790086805153,0.032182771449240866,0.1534697928880493
2018-07-20,22397.619140625,22949.3203125,22316.51953125,22697.880859375,264400000.0,22380.9421875,22500.3458984375,22171.4478515625,21592.688541666666,19676.919197591145,54.95627776810891,168.86221056194336,181.16221732311044,-12.300006761167083,22171.4478515625,23341.163757150687,21001.731945974316,0.10551551828454465,0.7250260107165869,650.6676564296448,23050.390625,20347.490234375,24129.33984375,19239.51953125,0.0044488071272876795,-0.006733363555307625,0.07158275703088979,0.152946894449437
2018-07-27,22480.330078125,22717.150390625,22341.869140625,22712.75,359900000.0,22420.126171875,22478.5849609375,22233.625390625,21634.94638671875,19734.346118164063,55.09583993424112,180.61521463597091,181.05281678568252,-0.4376021497116085,22233.625390625,23379.374965817464,21087.875815432533,0.10306457494562093,0.7090878407240593,630.9971988275273,23050.390625,20347.490234375,24129.33984375,19239.51953125,0.0006550893767185428,0.00870104367245439,0.057922550747209645,0.12565969206352245
2018-08-03,22613.30078125,22775.470703125,22352.2109375,22525.1796875,458600000.0,22464.26015625,22486.0240234375,22276.05888671875,21676.81171875,19781.655704752604,52.87043409856253,172.8022417351567,179.40270177557738,-6.600460040420671,22276.05888671875,23398.763166737393,21153.354606700108,0.1007991840682386,0.6109467582937835,616.1588107416325,23050.390625,20347.490234375,24129.33984375,19239.51953125,-0.008258370848972518,0.009893511410642652,0.03915159456255446,0.12551278258974596
2018-08-10,22536.05078125,22800.609375,22272.689453125,22298.080078125,344900000.0,22566.248046875,22498.6970703125,22360.069921875,21716.058723958333,19821.03562011719,50.22528710680655,146.59550219907396,172.84126186027672,-26.245759661202754,22360.069921875,23186.14821519919,21533.99162855081,0.07388870394506522,0.46247943793526486,609.8560329654445,23050.390625,20347.490234375,24129.33984375,19239.51953125,-0.010082033196877282,0.023404450242068275,0.08149346023585435,0.11807599861677898
2018-08-17,22117.5703125,22380.279296875,21851.3203125,22270.380859375,332700000.0,22500.854296875,22456.28515625,22400.87392578125,21751.687239583334,19867.738370768227,49.89738025205287,122.18292810728235,162.70959510967788,-40.52666700239553,22400.87392578125,23117.303097526084,21684.444754036413,0.06396439479267771,0.40892814561944923,604.0776723518413,23050.390625,20347.490234375,24129.33984375,19239.51953125,-0.0012422243822316492,-0.014469340681632414,0.03803806455618508,0.10618119433713491
2018-08-24,22267.0703125,22602.240234375,22053.140625,22601.76953125,258900000.0,22481.63203125,22431.287109375,22452.58642578125,21794.492903645834,19921.86378580729,53.78485193091586,128.0994330213216,155.78756269200665,-27.688129670685043,22452.58642578125,23062.299413164998,21842.873438397502,0.05431115826225194,0.6223387959217405,600.1506678534955,23050.390625,21056.01953125,24129.33984375,19239.51953125,0.01488024268500543,-0.004234374509253014,0.04795405417398313,0.12820270337198103
2018-08-31,22693.689453125,23032.169921875,22678.029296875,22865.150390625,311700000.0,22512.112109375,22466.119140625,22506.90693359375,21843.42724609375,19975.63828125,56.66289901555982,152.28548767025495,155.0871476876563,-2.8016600174013604,22506.90693359375,23057.520340433206,21956.293526754293,0.048928394155983525,0.8253130532069521,588.0256480514602,23050.390625,21462.94921875,24129.33984375,19239.51953125,0.01165310791311458,0.006709904816677881,0.049883976049966305,0.14732537059617812
2018-09-07,22819.169921875,22820.48046875,22172.900390625,22307.060546875,299600000.0,22468.48828125,22466.37421875,22514.14794921875,21879.897265625,20022.060872395832,49.61256320304433,124.9792410969676,149.0655663695186,-24.086325272550994,22514.14794921875,23050.052869432275,21978.243029005225,0.04760605832583781,0.3067871794671725,595.470244619213,23050.390625,21462.94921875,24129.33984375,19239.51953125,-0.02440787986152171,-0.009683347420577637,0.0065345520564916715,0.10876367944566945
2018-09-14,22253.650390625,23105.279296875,22249.609375,23094.669921875,389700000.0,22627.80625,22597.0271484375,22545.48798828125,21929.81259765625,20074.226123046876,57.62573776901316,164.9904312051076,152.2505393366364,12.739891868471204,22545.48798828125,23137.29716178034,21953.678814782157,0.05249912300028318,0.9639856546551092,614.0559358517692,23050.390625,21462.94921875,24129.33984375,19239.51953125,0.035307627078204895,0.0357245933712238,0.027897651411751268,0.14900284440726885
2018-09-21,23042.189453125,23971.41015625,23039.259765625,23869.9296875,406400000.0,22947.716015625,22724.28515625,22615.3455078125,21994.98076171875,20134.456949869793,63.73864033936917,256.30208075615883,173.06084762054087,83.24123313561796,22615.3455078125,23440.2634781963,21790.427537428703,0.07295205550574756,1.2604296576929923,636.7769683355714,23105.279296875,21462.94921875,24129.33984375,19239.51953125,0.033568774450882355,0.07182404460099967,0.06217078769688644,0.19589785661403303
2018-09-28,23881.849609375,24286.099609375,23778.0390625,24120.0390625,351900000.0,23251.369921875,22866.5009765625,22683.4234375,22064.442578125,20197.11261393229,65.4693244545842,344.87347050976314,207.42337219838532,137.45009831137781,22683.4234375,23737.30875152382,21629.538123476184,0.09292118686825242,1.1815806264131754,627.5829382312448,23971.41015625,21462.94921875,24129.33984375,19239.51953125,0.010478010546087768,0.06717480811185106,0.05982642802622862,0.20888332180031055
2018-10-05,24173.369140625,24448.0703125,23730.189453125,23783.720703125,390800000.0,23435.083984375,22973.598046875,22726.09150390625,22132.008919270833,20265.313118489583,61.236872711840256,383.5080124975175,242.64030025821177,140.86771223930572,22726.09150390625,23880.789448242453,21571.393559570046,0.10161870061446591,0.9579679059820038,634.032789741513,24286.099609375,21462.94921875,24286.099609375,19239.51953125,-0.013943524656138795,0.04017337724910064,0.03721534905621171,0.20547561298788808
2018-10-12,23550.470703125,23589.380859375,22323.4296875,22694.66015625,371900000.0,23512.60390625,22990.54609375,22738.28505859375,22185.746419270832,20329.835123697918,49.97113783234613,322.5301540477776,258.61827101612494,63.91188303165268,22738.28505859375,23886.227526936495,21590.342590251003,0.10097001294377657,0.4809986547467276,693.0512344474764,24448.0703125,21462.94921875,24448.0703125,19239.51953125,-0.045790167168079154,0.017375646986769855,0.010862473166136644,0.1655974360131811
2018-10-19,22501.330078125,22959.41015625,22212.5703125,22532.080078125,353800000.0,23400.0859375,23013.94609375,22756.32158203125,22237.070930989583,20386.915120442707,48.535624819311536,258.11057035156773,258.5167308832135,-0.40616053164575305,22756.32158203125,23879.126811798124,21633.516352264378,0.09868073148108941,0.40014229629442954,696.8932779690853,24448.0703125,21462.94921875,24448.0703125,19239.51953125,-0.007163803159230264,-0.0243601595369467,0.016270117746800095,0.15830630450445682
2018-10-26,22374.2109375,22672.25,20971.9296875,21184.599609375,413600000.0,22863.019921875,22905.36796875,22680.8265625,22261.956412760417,20437.561946614584,38.63053437268271,97.20663609839539,226.25471192624985,-129.04807582785446,22680.8265625,23996.57395556634,21365.07916943366,0.11602287857019894,-0.0685844262393149,768.5666375784363,24448.0703125,21462.94921875,24448.0703125,19239.51953125,-0.05980275518629041,-0.11249844944165166,-0.06653155569080615,0.07582617513749468
2018-11-02,21323.609375,22308.419921875,21035.880859375,22243.66015625,496500000.0,22487.744140625,22869.55703125,22650.4220703125,22311.437076822916,20485.443701171876,47.66980107487847,54.51799464108626,191.90736846921715,-137.38937382813089,22650.4220703125,23977.024270986647,21323.81986963835,0.11713708438244967,0.3466903213880572,804.5646679299765,24448.0703125,20971.9296875,24448.0703125,19239.51953125,0.049992002039364714,-0.07779336100525858,-0.026610209010250907,0.15402684930996036
2018-11-09,22002.470703125,22583.4296875,21865.98046875,22250.25,335000000.0,22181.05,22808.0669921875,22637.09306640625,22350.449576822917,20532.30203450521,47.721400375526635,20.97687568289257,157.72126991195225,-136.74439422905968,22637.09306640625,23974.112483822944,21300.073648989557,0.11812642316701417,0.3553337889610889,798.3421358456925,24448.0703125,20971.9296875,24448.0703125,19437.140625,0.0002962571673774672,-0.06447564375087511,-0.011839147748598067,0.11756950199653438
2018-11-16,22121.69921875,22324.009765625,21484.650390625,21680.33984375,295100000.0,21978.1859375,22745.394921875,22605.8845703125,22373.514420572916,20574.894287109375,43.70752734597334,-51.00374993315927,115.97626594292996,-166.98001587608923,22605.8845703125,24000.401711496666,21211.367429128335,0.12337647189577665,0.16814867339078857,801.2719386424287,24448.0703125,20971.9296875,24448.0703125,20122.0,-0.025613651812900984,-0.04469422787195432,-0.027984023340291042,0.06818387837620143
2018-11-23,21679.029296875,21852.919921875,21243.380859375,21646.55078125,297800000.0,21801.080078125,22600.5830078125,22598.805078125,22395.0189453125,20619.828458658852,43.47405522288186,-109.51301145646721,70.87841046305053,-180.39142191951774,22598.805078125,24011.179253747832,21186.430902502165,0.12499547394122815,0.16288880336718486,787.5767332036838,24448.0703125,20971.9296875,24448.0703125,20213.66015625,-0.0015585116628021867,-0.03930082326197237,-0.006498482187485832,0.06338444592735937
2018-11-30,21647.689453125,22437.94921875,21622.599609375,22351.060546875,403000000.0,22034.372265625,22448.69609375,22586.490625,22422.691438802085,20665.087963867187,49.527830883679655,-97.90538021881366,37.12165232667769,-135.02703254549135,22586.490625,24002.98957516488,21169.991674835117,0.12542886574836207,0.4168971928649879,789.5605100730636,24448.0703125,20971.9296875,24448.0703125,20347.490234375,0.03254605192043991,0.055061741029261535,-0.010899024299638294,0.0802461362681246
2018-12-07,22629.390625,22698.7890625,21307.720703125,21678.6796875,409500000.0,21921.376171875,22204.56015625,22535.53056640625,22431.416438802084,20707.86179199219,44.616624231916354,-141.33257096317175,1.4308076687078035,-142.76337863187956,22535.53056640625,24004.68819862847,21066.37293418403,0.13038589243710075,0.2083870171200779,832.5253564517734,24448.0703125,20971.9296875,24448.0703125,20347.490234375,-0.030082727303470502,-0.025399617903767213,-0.04490292191546308,0.024745712763164063
2018-12-14,21319.470703125,21871.33984375,21062.310546875,21374.830078125,438100000.0,21746.2921875,21963.67109375,22468.6345703125,22430.036263020833,20749.646126302083,42.56264732332096,-197.98481094421368,-38.452316053876494,-159.53249489033718,22468.6345703125,24019.01762953171,20918.25151109329,0.1380042079875837,0.1472470188308324,830.8470664820039,24448.0703125,20971.9296875,24448.0703125,20347.490234375,-0.01401605696264796,-0.03934427351939862,-0.058906117571628225,-0.00385925686435995
2018-12-21,21391.73046875,21563.26953125,20006.669921875,20166.189453125,438100000.0,21443.462109375,21710.8240234375,22350.68505859375,22399.33193359375,20776.65037434896,35.55162305529056,-336.5300082405374,-98.06785449120868,-238.46215374932876,22350.68505859375,24196.667321382785,20504.702795804715,0.16518350627282113,-0.09168921866244417,882.6865338315037,24448.0703125,20971.9296875,24448.0703125,20347.490234375,-0.0565450401515436,-0.06983979040630672,-0.10472681093345881,-0.08370693215655989
2018-12-28,19785.4296875,20211.5703125,18948.580078125,20014.76953125,243500000.0,21117.105859375,21459.09296875,22236.51953125,22357.259440104168,20802.0587890625,34.77869924479563,-453.320797516968,-169.11844309636055,-284.20235442060743,22236.51953125,24345.135726146582,20127.903336353418,0.18965343851885155,-0.026826552261438652,909.8510838703248,24448.0703125,20006.669921875,24448.0703125,20006.669921875,-0.007508603557799809,-0.0753829682377587,-0.10239942357705434,-0.11199859203126783
2019-01-04,19655.130859375,19692.580078125,19241.369140625,19561.9609375,91600000.0,20559.2859375,21296.8291015625,22101.09853515625,22305.26845703125,20827.414388020832,32.50298941049341,-575.7789869356311,-250.45055186421467,-325.32843507141644,22101.09853515625,24510.108765317167,19692.08830499533,0.2179991393938091,-0.027008471335266526,900.1046057813732,24448.0703125,18948.580078125,24448.0703125,18948.580078125,-0.022623722598604457,-0.12478600751519853,-0.12161533917974543,-0.13753367272065942
2019-01-11,19944.609375,20494.349609375,19920.80078125,20359.69921875,392100000.0,20295.48984375,21108.4330078125,21988.99501953125,22271.316764322917,20857.46171875,39.95709748846907,-601.5231871276264,-320.6650789168971,-280.85810821072937,21988.99501953125,24500.851210225326,19477.13882883717,0.2284648469348395,0.17567892484898975,902.4106105023466,24448.0703125,18948.580078125,24448.0703125,18948.580078125,0.04078007740628631,-0.0608422878036492,-0.09919888393694287,-0.09095502444283943
2019-01-18,20264.8203125,20682.119140625,20204.4296875,20666.0703125,276100000.0,20153.737890625,20950.0150390625,21879.041015625,22239.903776041665,20892.59697265625,42.57979337440338,-590.3983201170522,-374.6117271569281,-215.7865929601241,21879.041015625,24420.213638660192,19337.868392589808,0.23229287071772517,0.2613364215933862,872.0733849753933,24448.0703125,18948.580078125,24448.0703125,18948.580078125,0.015047918461774223,-0.03315861520463481,-0.09617606009828172,-0.08357908147688797
2019-01-25,20848.380859375,20892.6796875,20438.220703125,20773.560546875,248100000.0,20275.212109375,20859.337109375,21802.366015625,22205.812630208333,20925.209228515625,43.51207639410186,-566.3793506843576,-412.965251862414,-153.41409882194364,21802.366015625,24379.53875859254,19225.193272657463,0.23641220784208164,0.30040036672796677,842.2437849325081,24448.0703125,18948.580078125,24448.0703125,18948.580078125,0.0052012904606244525,0.03011828760023283,-0.068745050329584,-0.08963872754570335
2019-02-01,20746.2890625,20929.630859375,20406.220703125,20788.390625,349900000.0,20429.936328125,20773.52109375,21687.05205078125,22172.101139322916,20957.97607421875,43.648017667511404,-539.9235780797171,-438.3569171058747,-101.56666097384243,21687.05205078125,24228.7541274377,19145.3499741248,0.23439811650794534,0.32321660865867113,819.469954312329,24448.0703125,18948.580078125,24448.0703125,18948.580078125,0.000713891972997871,0.03865251071425568,-0.09986197268359831,-0.0886713582258074
2019-02-08,20831.900390625,20981.23046875,20315.310546875,20333.169921875,357800000.0,20584.178125,20571.73203125,21510.2140625,22135.10029296875,20984.214241536458,40.43154881212149,-549.357047905658,-460.55694326583136,-88.8001046398266,21510.2140625,23907.87357929951,19112.55454570049,0.2229321855963758,0.254543100807707,808.5020948525198,24448.0703125,18948.580078125,24448.0703125,18948.580078125,-0.021897832849915533,0.03942390984416111,-0.14816800099235738,-0.09843608637866907
2019-02-15,20442.55078125,21235.619140625,20428.5703125,20900.630859375,292800000.0,20692.364453125,20493.9271484375,21349.24365234375,22101.731477864585,21012.9994140625,45.793971732626275,-505.219924716228,-469.4895395559107,-35.73038516031727,21349.24365234375,23436.63587636328,19261.85142832422,0.19554718265537943,0.3925422860623456,815.2126037023398,24448.0703125,18948.580078125,24448.0703125,18948.580078125,0.027908139246380248,0.026568744204572337,-0.13347441912439895,-0.08741867472473852
2019-02-22,21217.3203125,21553.349609375,21189.970703125,21425.509765625,295900000.0,20844.25234375,20498.9951171875,21231.33310546875,22079.407649739584,21050.667333984376,50.25468937019716,-423.01138354541035,-460.1939083538107,37.18252480840033,21231.33310546875,22996.95546330484,19465.710747632664,0.1663223264469719,0.5549881630390736,803.6058998664585,24448.0703125,18948.580078125,24448.0703125,18948.580078125,0.025113065236237464,0.03674813071092897,-0.09915231375846711,-0.05883739292423784
2019-03-01,21567.66015625,21641.580078125,21364.08984375,21602.689453125,310000000.0,21010.078125,20642.6451171875,21176.7345703125,22044.210319010417,21085.899837239584,51.69962061786716,-339.6483476304347,-436.08479620913556,96.43644857870083,21176.7345703125,22821.366506705905,19532.102633919094,0.1553244133020397,0.6294985441382703,766.0262094742114,23589.380859375,18948.580078125,24448.0703125,18948.580078125,0.008269566952580298,0.03991270078035458,-0.04811575479019792,-0.08905257267865274
2019-03-08,21812.810546875,21860.390625,20993.0703125,21025.560546875,350400000.0,21057.512109375,20743.72421875,21101.40859375,22000.405989583334,21111.384423828124,46.918969209493966,-316.50356446194564,-412.1685498596976,95.66498539775193,21101.40859375,22624.33230266903,19578.484884830967,0.14434332212022138,0.4750978836199105,773.261502547482,22959.41015625,18948.580078125,24448.0703125,18948.580078125,-0.026715604439081275,0.011408767814367504,-0.06686109431648024,-0.111113542375059
2019-03-15,21062.75,21568.48046875,20938.0,21450.849609375,336900000.0,21281.048046875,20932.6130859375,21114.72109375,21961.119140625,21136.96466471354,50.547914358228546,-260.8371160882052,-381.90226310539913,121.06514701719391,21114.72109375,22644.95813036451,19584.484057135487,0.14494503903889736,0.609828904797864,763.0628572762333,22698.7890625,18948.580078125,24448.0703125,18948.580078125,0.020227240151426518,0.05496829524340763,0.012568092147569931,-0.09900894417077588
2019-03-22,21576.359375,21713.259765625,21425.7890625,21627.33984375,259300000.0,21426.38984375,21059.3771484375,21083.905078125,21927.710123697918,21163.641829427084,52.01405704637729,-200.1723060322729,-345.5562716907739,145.38396565850098,21083.905078125,22545.233855694718,19622.576300555284,0.13862031461011243,0.6859385697340354,729.0919891225738,22698.7890625,18948.580078125,24448.0703125,18948.580078125,0.008227657066686378,0.03476971529062878,-0.027707684264670185,-0.08482359180605714
2019-03-29,21267.41015625,21460.990234375,20911.5703125,21205.810546875,387700000.0,21382.45,21113.351171875,21031.68310546875,21893.231477864585,21182.053841145833,48.32862953340248,-183.98799926016727,-313.24261720465256,129.2546179444853,21031.68310546875,22393.840714465037,19669.525496472463,0.12953386585043145,0.5639160403525392,728.1403849888185,22698.7890625,18948.580078125,24448.0703125,18948.580078125,-0.019490575351402528,-0.010254095288901088,-0.04694057159470122,-0.08888337648477218
2019-04-05,21500.890625,21839.1796875,21471.119140625,21807.5,333300000.0,21423.412109375,21216.7451171875,21038.04111328125,21900.312825520832,21202.10675455729,53.40376131265015,-121.21323844287326,-274.83674145229674,153.62350300942347,21038.04111328125,22413.373404997546,19662.708821564956,0.13074718167064062,0.7797356287470466,721.3710103914028,22698.7890625,18948.580078125,24448.0703125,18948.580078125,0.028373801218066097,0.009480789293361491,0.005865228920138854,0.01987038428644916
2019-04-12,21900.55078125,21900.55078125,21571.669921875,21870.560546875,290400000.0,21592.412109375,21324.962109375,21049.2416015625,21902.818001302083,21222.46417643229,53.91465461229629,-65.61891510661371,-232.99317618316013,167.37426107654642,21049.2416015625,22447.66858469269,19650.81461843231,0.13287195896182633,0.7936581441935888,693.3359996045169,22698.7890625,18948.580078125,24448.0703125,18948.580078125,0.0028916907887195364,0.04018917822029677,0.010348520089354496,0.0069202954328333455
2019-04-19,22122.970703125,22345.189453125,22058.390625,22200.560546875,266100000.0,21742.354296875,21511.701171875,21041.7166015625,21907.947688802084,21248.18243815104,56.59656543777813,5.010471155204868,-185.39244671548713,190.402917870692,21041.7166015625,22413.40609781841,19670.02710530659,0.1303780981589735,0.9224148207286045,677.7140643649086,22698.7890625,18948.580078125,24448.0703125,18948.580078125,0.015088776499016188,0.034950174522334176,-0.006733461246027583,0.014058573643225492
2019-04-26,22188.619140625,22362.919921875,22073.099609375,22258.73046875,298000000.0,21868.632421875,21647.5111328125,21070.719140625,21925.899186197916,21271.55244140625,57.0708111285861,64.93012115486272,-135.32793314141716,200.25805429627988,21070.719140625,22517.525154251714,19623.913126998283,0.1373285841808056,0.9105634469775971,650.0073678031295,22698.7890625,18948.580078125,24448.0703125,18948.580078125,0.0026202005914299775,0.029194095508813245,0.026756739322296497,0.05085016136468412
2019-05-10,22184.400390625,22190.490234375,21175.330078125,21344.919921875,371800000.0,21896.454296875,21639.4521484375,21069.2236328125,21923.827864583334,21288.699446614584,48.16708090499022,38.23920364143123,-100.6145057848475,138.85370942627873,21069.2236328125,22514.830500573633,19623.616765051367,0.13722450271112918,0.5953565921727674,680.9640122904059,22362.919921875,18948.580078125,24448.0703125,18948.580078125,-0.04105402813327286,0.006559965000748402,-0.0013993166795094325,-0.005788725308695342
2019-05-17,21180.740234375,21398.849609375,20751.44921875,21250.08984375,407100000.0,21784.972265625,21604.1921875,21123.41865234375,21916.720865885418,21306.300944010418,47.34165889524699,9.326949173453613,-78.62621479318729,87.9531639666409,21123.41865234375,22509.592951220042,19737.244353467457,0.13124526116633015,0.545690932052678,678.566610742877,22362.919921875,18948.580078125,24448.0703125,18948.580078125,-0.004442746961435762,-0.02556047947953688,0.05374839868208392,-0.019671982550955924
2019-05-24,21305.970703125,21430.060546875,20922.0,21117.220703125,331300000.0,21634.304296875,21613.358203125,21178.5412109375,21925.0435546875,21320.049446614583,46.14837218093536,-24.030639752149,-67.70709978497963,43.67646003283063,21178.5412109375,22468.31340368163,19888.76901819337,0.12179990868096595,0.4762281633309084,666.3876061808858,22362.919921875,18948.580078125,24448.0703125,18948.580078125,-0.006252639005386529,-0.034445383424689724,0.05508188191493746,0.02421984353673956
2019-05-31,21148.4609375,21297.69921875,20581.580078125,20601.189453125,347900000.0,21314.430078125,21528.3921875,21230.50263671875,21910.825032552082,21334.074365234374,41.74722854223712,-91.05653546591566,-72.37698692116685,-18.679548544748812,21230.50263671875,22324.446421588655,20136.558851848844,0.10305396943150077,0.2123649348816453,669.9398586411796,22362.919921875,19241.369140625,24448.0703125,18948.580078125,-0.0244365135570912,-0.07204192391327391,0.05312496630298513,-0.03976411707952643
2019-06-07,20327.869140625,20907.76953125,20289.640625,20884.7109375,319200000.0,21039.626171875,21454.129296875,21256.75322265625,21899.444889322916,21346.62254231771,44.858801661667236,-119.91492183891387,-81.88457390471626,-38.03034793419761,21256.75322265625,22289.328301140984,20224.178144171517,0.09715266180765326,0.3198473443198874,666.239076327524,22362.919921875,19920.80078125,24448.0703125,18948.580078125,0.013762384206994938,-0.06172946535199053,0.025786811146330635,-0.03165911558631729
2019-06-14,21095.400390625,21259.69921875,20932.130859375,21116.890625,292900000.0,20994.0203125,21445.2373046875,21279.29423828125,21888.4140625,21362.308138020835,47.3394856694213,-122.63676034380842,-90.0350111925347,-32.60174915127372,21279.29423828125,22278.448857116906,20280.139619445596,0.09390862381499339,0.41872948879998945,645.435448107701,22362.919921875,20204.4296875,24448.0703125,18948.580078125,0.011117208574005444,-0.01068307108715394,0.021814515565028225,-0.030389710435608785
2019-06-21,21094.9609375,21497.8203125,20924.189453125,21258.640625,312500000.0,20995.73046875,21390.3513671875,21303.5482421875,21873.354069010416,21378.767317708334,48.85236514653347,-112.06399267278539,-94.44080748858484,-17.62318518420055,21303.5482421875,22275.6022152478,20331.494269127197,0.09125747147936034,0.4769006565313875,640.306548912508,22362.919921875,20289.640625,24448.0703125,18948.580078125,0.006712635989703175,0.00040238800460956625,0.023350839497660036,-0.040772033865667634
2019-06-28,21223.560546875,21338.169921875,21035.83984375,21275.919921875,270800000.0,21027.4703125,21330.8873046875,21327.92470703125,21853.488248697915,21393.823567708332,49.04454047833313,-101.12499725192538,-95.77764544125296,-5.347351810672421,21327.92470703125,22271.104047929148,20384.74536613335,0.08844548673664045,0.47243112582028124,616.165372427686,22362.919921875,20289.640625,24448.0703125,18948.580078125,0.0008128128782929345,0.007515156515199628,0.023451998072842706,-0.05305128008756255
2019-07-05,21566.26953125,21784.220703125,21559.169921875,21746.380859375,259200000.0,21256.50859375,21285.4693359375,21398.58525390625,21841.381608072916,21411.67166341146,54.10111493436756,-53.87249018712464,-87.3966143904273,33.52412420330266,21398.58525390625,22239.257194276874,20557.913313535628,0.07857266547256068,0.7068557238364697,608.4607587721371,22362.919921875,20289.640625,24448.0703125,18948.580078125,0.022112366432451847,0.0555886061266373,0.06950273582180744,-0.03232348023820142
2019-07-12,21665.7890625,21720.140625,21488.220703125,21685.900390625,259700000.0,21416.746484375,21228.186328125,21437.84873046875,21823.5052734375,21429.707584635416,53.36791539189535,-21.06201645901092,-74.12969480414404,53.06767834513312,21437.84873046875,22254.84390224785,20620.853558689654,0.07621988400523928,0.651807298699262,583.439287163413,22362.919921875,20289.640625,24448.0703125,18948.580078125,-0.0027811739866556717,0.038362487061595285,0.03757157075944262,-0.04712880895531557
2019-07-19,21644.380859375,21655.51953125,20993.439453125,21466.990234375,231200000.0,21486.76640625,21240.393359375,21439.92275390625,21799.115787760416,21448.078092447915,50.69013554702157,-12.578700316367758,-61.819495906588784,49.240795590221026,21439.92275390625,22256.99270186467,20622.852805947827,0.07621948617417997,0.5165637474101109,591.2265479017408,22362.919921875,20289.640625,24448.0703125,18948.580078125,-0.010094584605979118,0.016579126898565333,0.0019360318239218799,-0.06381797671345912
2019-07-26,21394.75,21823.0703125,21317.849609375,21658.150390625,240600000.0,21566.668359375,21281.1994140625,21442.69580078125,21785.905143229167,21470.985514322918,52.91201691569836,9.460362690733746,-47.56352418712428,57.023886877858025,21442.69580078125,22262.329012231072,20623.062589331428,0.07644870953399051,0.6314335405361623,585.0832732748307,22362.919921875,20289.640625,24448.0703125,18948.580078125,0.008904841999876512,0.01879281806735933,0.002567316334401104,-0.035305604166891436
2019-08-02,21627.55078125,21792.98046875,20960.08984375,21087.16015625,345200000.0,21528.91640625,21278.193359375,21445.77578125,21767.835319010417,21491.173258463543,46.21359095096531,-18.929454079385323,-41.83671016557649,22.90725608619117,21445.77578125,22259.557945645953,20631.993616854044,0.07589207055940987,0.2796611669007344,602.7837983980571,22362.919921875,20289.640625,24448.0703125,18948.580078125,-0.026363757942236887,-0.008871990791379347,0.0029297487331036987,-0.048900471654939714
2019-08-09,20909.98046875,20941.830078125,20110.759765625,20684.8203125,377600000.0,21316.604296875,21286.5564453125,21407.47431640625,21734.340657552082,21510.749837239582,42.16316501702092,-73.05195385278785,-48.079758903018764,-24.972194949769083,21407.47431640625,22286.211420772506,20528.737212039992,0.08209628949014419,0.08881103329110841,629.4706978428388,22362.919921875,20289.640625,24448.0703125,18948.580078125,-0.019079849575228458,-0.048815504232160745,-0.03571090706543434,-0.08855360054198158
2019-08-16,20432.6796875,20697.419921875,20184.849609375,20418.810546875,260400000.0,21063.186328125,21239.96640625,21347.0478515625,21693.791666666668,21525.73367513021,39.68652292035445,-135.84327311140441,-65.63246174469589,-70.21081136670853,21347.0478515625,22318.333858766284,20375.761844358716,0.09099956246481083,0.02216067265306121,621.1206703183503,22362.919921875,20110.759765625,24448.0703125,18948.580078125,-0.012860143893261067,-0.058429201505406425,-0.055879701600206166,-0.10646622044810572
2019-08-23,20590.470703125,20731.189453125,20482.619140625,20710.91015625,259000000.0,20911.9703125,21199.368359375,21322.30283203125,21663.693001302083,21538.3517578125,43.603915345459214,-160.18928633411997,-84.54382666258071,-75.64545967153926,21322.30283203125,22331.20911214645,20313.396551916052,0.09463389466540907,0.19700224498977195,599.0676871706111,22362.919921875,20110.759765625,24448.0703125,18948.580078125,0.014305417482787908,-0.03522059077076822,-0.023337961523849038,-0.0802031154300642
2019-08-30,20325.439453125,20748.349609375,20173.759765625,20704.369140625,309300000.0,20721.2140625,21143.9412109375,21267.1462890625,21637.023990885416,21548.840673828126,43.53572429498348,-177.96006960594968,-103.22707525125452,-74.73299435469517,21267.1462890625,22284.499745910634,20249.792832214367,0.09567371597677393,0.223411197627891,597.3192697834246,22362.919921875,20110.759765625,24448.0703125,18948.580078125,-0.00031582463424606466,-0.044037982597667114,-0.05058492992663077,-0.07174067674269557
2019-09-06,20625.75,21241.2890625,20554.16015625,21199.5703125,248000000.0,20743.69609375,21136.30625,21233.59677734375,21627.214485677083,21559.80458984375,49.92098757976054,-150.3517855855207,-112.65201731810775,-37.69976826741295,21233.59677734375,22212.67661394033,20254.516940747173,0.09221987653464878,0.48262324298188375,603.7342438167515,22362.919921875,20110.759765625,24448.0703125,18948.580078125,0.023917713624190595,0.005330739436560927,-0.030680065695475545,-0.027013333658433725
2019-09-13,21214.560546875,22019.66015625,21182.259765625,21988.2890625,472600000.0,21004.38984375,21160.4970703125,21222.983203125,21617.0634765625,21579.78400065104,58.05665670502713,-64.09021792751082,-102.93965743998838,38.84943951247756,21222.983203125,22163.756840796068,20282.209565453933,0.08865611668886794,0.906742827780311,620.4246828744836,22362.919921875,20110.759765625,24448.0703125,18948.580078125,0.03720446869316696,0.06301571540422346,-0.009561537147983357,-0.02695274257394853
2019-09-20,21947.58984375,22255.560546875,21878.630859375,22079.08984375,314100000.0,21336.445703125,21199.816015625,21214.001171875,21606.75029296875,21599.71941731771,58.884774845032524,11.467371396316594,-80.0582516727274,91.52562306904399,21214.001171875,22117.74979077843,20310.252552971568,0.08520303280661636,0.9786113382528102,603.0321832048776,22362.919921875,20110.759765625,24448.0703125,18948.580078125,0.004129506438263819,0.08131126409462164,-0.008070569220118173,-0.02726206113507812
2019-09-27,22095.349609375,22184.91015625,21733.689453125,21878.900390625,288000000.0,21570.04375,21241.00703125,21240.7001953125,21592.852799479166,21613.89959309896,56.24800242190556,54.564701570008765,-53.133661024180164,107.69836259418892,21240.7001953125,22188.803810514106,20292.596580110894,0.08927235039180469,0.8365666922263514,592.188506056315,22255.560546875,20110.759765625,24448.0703125,18948.580078125,-0.009066925065376652,0.056394925455390155,0.02501674734336934,-0.03671284231874172
2019-10-04,21793.830078125,21938.76953125,21276.009765625,21410.19921875,320900000.0,21711.209765625,21216.2119140625,21248.7056640625,21574.269791666666,21625.540755208334,50.5416501811255,50.31932886056893,-32.443063047230346,82.76239190779927,21248.7056640625,22199.690661698332,20297.72066642667,0.08950992240851754,0.5849085711598895,597.2293103112211,22255.560546875,20110.759765625,24448.0703125,18948.580078125,-0.021422519573965237,0.03409087585962989,0.007534526967992505,-0.04949929297872557
2019-10-11,21445.73046875,21820.76953125,21308.880859375,21798.869140625,290900000.0,21831.06953125,21287.3828125,21282.7880859375,21565.949609375,21641.004166666666,54.65026825310311,77.424750518574,-10.469500334069476,87.89425085264348,21282.7880859375,22260.95184063457,20304.62433124043,0.09192064035476513,0.7638009495901461,591.1335504229196,22255.560546875,20110.759765625,24448.0703125,18948.580078125,0.018153493944821575,0.02826938561918091,0.03227926852131291,-0.02238806819918715
2019-10-18,22063.7109375,22649.849609375,22049.7109375,22492.6796875,270200000.0,21931.94765625,21468.16875,21377.36259765625,21569.65458984375,21660.67091471354,60.895239314861335,153.12556894130466,22.24951352100535,130.8760554202993,21377.36259765625,22436.07841230701,20318.64678300549,0.09905018075212284,1.0267310993232208,609.6940445891396,22255.560546875,20110.759765625,24448.0703125,18948.580078125,0.03182782292050157,0.022939057403070784,0.09181461287363102,0.009981815287699591
2019-10-25,22541.220703125,22819.919921875,22457.890625,22799.810546875,234900000.0,22076.091796875,21706.26875,21473.117578125,21572.9552734375,21683.724088541665,63.30424995187105,235.1907736506655,64.83776554693739,170.35300810372811,21473.117578125,22673.256575512263,20272.978580737734,0.11178060130494187,1.0527247142365377,592.003705466701,22649.849609375,20110.759765625,24448.0703125,18948.580078125,0.013654702936337193,0.032642681751169134,0.09169864093911406,0.008762190736932407
2019-11-01,22854.439453125,23008.4296875,22705.599609375,22850.76953125,366300000.0,22270.465625,21920.2546875,21559.8115234375,21572.715592447916,21708.071419270833,63.70378275574623,300.8717416363361,112.04456076481713,188.82718087151895,21559.8115234375,22888.147213237935,20231.475833637065,0.12322331188808508,0.9859306339975137,571.3484463708653,22819.919921875,20110.759765625,24448.0703125,18948.580078125,0.0022350617462469913,0.044420383258449325,0.08210862749827785,-0.0006289422605720851
2019-11-08,23118.7890625,23591.08984375,23090.939453125,23391.869140625,345000000.0,22666.799609375,22189.0046875,21666.47294921875,21590.795735677082,21735.34650065104,67.72241979766497,392.0670928956388,168.04906719098148,224.0180257046573,21666.47294921875,23206.640247379783,20126.30565105772,0.14217056018031463,1.0601327185255724,583.4178653800892,23008.4296875,20110.759765625,24448.0703125,18948.580078125,0.023679710595085668,0.09255728550809339,0.10034642163884833,0.04863072799172419
2019-11-15,23422.130859375,23545.69921875,23062.16015625,23303.3203125,340000000.0,22967.68984375,22399.3796875,21767.84296875,21594.2732421875,21762.042919921874,66.42629234040376,451.98471693331885,224.83619713944898,227.14851979386987,21767.84296875,23451.99240024005,20083.693537259947,0.15473737419989878,0.9558613728211417,576.2836651743685,23591.08984375,20110.759765625,24448.0703125,18948.580078125,-0.003785453295445107,0.0690151017545797,0.09529084514651287,0.009034569072899679
2019-11-22,23304.25,23420.619140625,22726.7109375,23112.880859375,312600000.0,23091.730078125,22511.8388671875,21836.16796875,21581.65576171875,21788.31826171875,63.60675858253485,478.58615013881354,275.58618773932193,202.9999623994916,21836.16796875,23619.260604061998,20053.075333438002,0.1633155265945749,0.8580052054899566,584.6854178851279,23591.08984375,20110.759765625,24448.0703125,18948.580078125,-0.008172202526128713,0.02757346747882905,0.06283804228559231,-0.031715586850741495
2019-11-29,23292.849609375,23608.060546875,23255.390625,23293.91015625,293700000.0,23190.55,22633.3208984375,21916.56845703125,21567.886946614584,21816.16476236979,65.12227972283397,508.4148391515082,322.15191802175923,186.26292112974897,21916.56845703125,23807.083937019914,20026.05297704259,0.17251929595594598,0.8642767577938607,578.2921514290474,23591.08984375,20110.759765625,24448.0703125,18948.580078125,0.007832398651489214,0.02167121557256646,0.0741500116047824,-0.034250728371928774
2019-12-06,23388.630859375,23562.05078125,23044.779296875,23354.400390625,280400000.0,23291.276171875,22780.8708984375,22010.93896484375,21560.731608072918,21846.370263671874,65.63721272881304,530.8164251469061,363.8848194467886,166.93160570011753,22010.93896484375,23988.683545747117,20033.194383940383,0.17970560765828797,0.8396448254120868,573.9335323537583,23608.060546875,20110.759765625,24448.0703125,18948.580078125,0.0025968261219024846,0.02203999557591496,0.08792150812216315,-0.018051015560554884
2019-12-13,23544.310546875,24050.0390625,23333.630859375,24023.099609375,341700000.0,23417.522265625,23042.1609375,22129.18642578125,21582.872265625,21884.309342447916,70.77410734740278,595.6618626772361,410.24022809287806,185.421634584358,22129.18642578125,24283.347495775826,19975.02535578667,0.19468958582995238,0.9395941440902835,584.1102945517042,23608.060546875,20110.759765625,23608.060546875,18948.580078125,0.028632686241794048,0.026985037619492003,0.10919442224270903,0.05853533139420697
2019-12-20,23955.19921875,24091.119140625,23746.630859375,23816.630859375,309500000.0,23520.184375,23243.937109375,22265.6599609375,21604.2814453125,21920.676188151043,67.42270447173763,623.2080816804628,452.833798810395,170.37428287006776,22265.6599609375,24483.370448422884,20047.949473452118,0.19920455907223025,0.8496783974260125,566.9944364587254,24050.0390625,20110.759765625,24050.0390625,18948.580078125,-0.008594592428007308,0.022027356616630245,0.12943756688432106,0.05700986224068538
2019-12-27,23921.2890625,23967.1796875,23775.400390625,23837.720703125,199800000.0,23665.15234375,23378.4412109375,22423.30498046875,21648.500130208333,21955.228271484375,67.5915208604032,639.3701714929048,490.14107334689703,149.22909814600774,22423.30498046875,24617.227539307514,20229.382421629987,0.19568235465286887,0.8223485981667683,540.1933550598878,24091.119140625,20110.759765625,24091.119140625,18948.580078125,0.0008855091164876594,0.031360860991761275,0.15242580515527493,0.12523819862877605
2020-01-03,23770.9296875,23782.490234375,23656.619140625,23656.619140625,41600000.0,23737.694140625,23464.1220703125,22585.19541015625,21672.049446614583,21991.74326171875,64.50053910909978,630.2996594201068,518.1727905615389,112.12686885856783,22585.19541015625,24636.79852137214,20533.592298940363,0.18167680854275994,0.7611186648653906,514.5439413056101,24091.119140625,20173.759765625,24091.119140625,18948.580078125,-0.007597268411499547,0.015570978935783408,0.1585698925173451,0.06352187429810141
2020-01-10,23319.759765625,23903.2890625,22951.1796875,23850.5703125,334600000.0,23836.928125,23564.1021484375,22742.17841796875,21698.721451822916,22024.585514322916,66.27905929274637,631.4821191203955,540.8346562733102,90.64746284708531,22742.17841796875,24673.019258917964,20811.337577019534,0.1698026288830488,0.7870231121655676,545.7986151409236,24091.119140625,20173.759765625,24091.119140625,18948.580078125,0.008198600599776062,0.021245243447747697,0.15159450417984321,0.07192370029550221
2020-01-17,23969.0390625,24115.94921875,23875.8203125,24041.259765625,236200000.0,23840.56015625,23629.0412109375,22909.02294921875,21738.0701171875,22055.79226888021,67.97772593806957,640.4238645010118,560.7524979188506,79.67136658216123,22909.02294921875,24676.44680954353,21141.59908889397,0.15429936617048548,0.8203070983205443,525.7686359344291,24091.119140625,20173.759765625,24091.119140625,18948.580078125,0.007995173726519145,0.0007559455917551805,0.16116842789730468,0.1088968133751651
2020-01-24,24080.6796875,24108.109375,23755.3203125,23827.1796875,236100000.0,23842.669921875,23681.4271484375,23040.40341796875,21774.413932291667,22084.716438802083,64.07531083343898,623.053614740802,573.2127212832409,49.84089345756115,23040.40341796875,24664.872712089997,21415.934123847506,0.14101049054152878,0.7421640939531745,513.4129521176842,24115.94921875,20554.16015625,24115.94921875,18948.580078125,-0.008904694687884018,0.0004429185717864659,0.12394635062252513,0.10073793872688652
2020-01-31,23427.900390625,23463.890625,22892.94921875,23205.1796875,326700000.0,23716.16171875,23690.65703125,23101.24794921875,21788.649251302082,22105.670345052084,54.31839470073884,552.7258849886057,569.1153540243139,-16.389469035708203,23101.24794921875,24653.064169012217,21549.43172942528,0.13434912461912682,0.5334871284871232,543.4713461628496,24115.94921875,21182.259765625,24115.94921875,18948.580078125,-0.026104642184165305,-0.026535297711667405,0.05534266997950965,0.038213808191952525
2020-02-07,22874.26953125,23995.369140625,22775.919921875,23827.98046875,371200000.0,23750.433984375,23744.0640625,23188.69248046875,21824.470930989584,22127.943684895832,60.761276556191675,541.0090549407178,563.4940942075947,-22.485039266876925,23188.69248046875,24696.74221051936,21680.642750418145,0.1300676811614798,0.7119585234963689,591.7554799190747,24115.94921875,21276.009765625,24115.94921875,18948.580078125,0.026838869150644262,0.00724369476070752,0.07921026805799536,0.09914352775318203
2020-02-14,23631.7890625,23908.849609375,23603.48046875,23687.58984375,264700000.0,23717.837890625,23777.3830078125,23279.126953125,21863.016927083332,22146.526595052084,58.74978266894904,514.4646048468967,553.6881963354551,-39.22359148855844,23279.126953125,24674.895223656178,21883.358682593822,0.11991586053392003,0.6463218856771812,571.2993128266409,24115.94921875,21276.009765625,24115.94921875,18948.580078125,-0.0058918390160727085,-0.006833399227547332,0.08266820639212802,0.10820014742441764
2020-02-21,23489.779296875,23806.560546875,23133.599609375,23386.740234375,300500000.0,23586.933984375,23713.7470703125,23377.95400390625,21916.6927734375,22158.012353515624,54.57992893663702,463.80542747456275,535.7116425632767,-71.9062150887139,23377.95400390625,24479.244097185117,22276.66391062738,0.0942161228561621,0.503989062701269,578.5608574461666,24115.94921875,21276.009765625,24115.94921875,18948.580078125,-0.012700726893680958,-0.027224843358077844,0.09231773116310116,0.1597005120246422
2020-02-28,22949.369140625,22950.23046875,20916.400390625,21142.9609375,459800000.0,23050.090234375,23446.380078125,23345.15859375,21935.495963541667,22146.377701822916,34.762685502440604,239.83871579424886,476.53705720947113,-236.69834141522227,23345.15859375,24652.39794219883,22037.919245301167,0.11199232964721065,-0.3423085102445562,713.6879278964404,24115.94921875,21308.880859375,24115.94921875,18948.580078125,-0.09594237052229204,-0.11265364953822754,-0.03008909310357899,0.05636794390704836
2020-03-06,20849.7890625,21719.779296875,20613.91015625,20749.75,521000000.0,22559.004296875,23137.5830078125,23258.012109375,21955.292447916665,22130.28045247396,32.533379938547895,30.26576187612227,387.28279814280137,-357.0170362666791,23258.012109375,24955.180861078632,21560.843357671365,0.14594271803818754,-0.2389548348852117,741.7008716627661,24115.94921875,20916.400390625,24115.94921875,19241.369140625,-0.01859772331143006,-0.1058138622741488,-0.07748875241701902,0.06071932493347454
2020-03-13,20343.310546875,20347.189453125,16690.599609375,17431.05078125,862200000.0,21279.618359375,22515.026171875,22989.57412109375,21906.481640625,22088.89920247396,20.553210897923705,-399.014020175131,230.02343447921493,-629.037454654346,22989.57412109375,26045.854848884752,19933.293393302745,0.2658840665505637,-0.40936072876088486,978.6615515886399,24115.94921875,20613.91015625,24115.94921875,19920.80078125,-0.15993923872576776,-0.2684629398571762,-0.2354738761792411,-0.14384536854075425
2020-03-20,17586.080078125,17785.759765625,16358.1904296875,16552.830078125,733000000.0,19852.66640625,21785.2521484375,22674.6771484375,21837.92763671875,22038.91570638021,18.60114733580562,-800.8546574141474,23.847816100542474,-824.7024735146898,22674.6771484375,26825.18228704663,18524.172009828366,0.3660916635274026,-0.2374821697442806,1010.7263933278442,24115.94921875,16690.599609375,24115.94921875,16690.599609375,-0.05038254515727025,-0.3012024360725545,-0.2756117007137171,-0.1990334965562892
2020-03-27,16570.5703125,19564.380859375,16480.94921875,19389.4296875,742300000.0,19053.204296875,21320.069140625,22474.55517578125,21814.8587890625,22010.335709635416,38.81462201468643,-880.2790663844389,-156.9775603964538,-723.3015059879851,22474.55517578125,26847.44838223498,18101.66196932752,0.38914169132619736,0.1472443594405563,1158.776768134784,24115.94921875,16358.1904296875,24115.94921875,16358.1904296875,0.17136644283708558,-0.17092209118565205,-0.17110387498594137,-0.06662944738104692
2020-04-03,18884.0703125,19336.189453125,17646.5,17820.189453125,552300000.0,18388.65,20719.3701171875,22200.3986328125,21765.38876953125,21968.744954427082,33.81228154726732,-1057.65605431547,-337.1132591802571,-720.542795135213,22200.3986328125,26997.981511775433,17402.815753849565,0.43220691288597307,0.043498331326967725,1200.501976660871,24115.94921875,16358.1904296875,24115.94921875,16358.1904296875,-0.08093276902242563,-0.15715733922970077,-0.2352939746716619,-0.1427816720119478
2020-04-10,17857.990234375,19500.0703125,17802.619140625,19498.5,489600000.0,18138.4,20348.7021484375,22019.67958984375,21751.477604166666,21943.288948567708,42.36718806084975,-1050.691245629634,-479.82885647013256,-570.8623891595015,22019.67958984375,26936.964457755355,17102.39472193214,0.446626377813384,0.24364108877481966,1235.9983477475946,24115.94921875,16358.1904296875,24115.94921875,16358.1904296875,0.09418028642679133,-0.060301931348570426,-0.15637950463059402,-0.041049670321057
2020-04-17,19312.0390625,19922.0703125,19014.3203125,19897.259765625,410800000.0,18631.641796875,19955.630078125,21849.8470703125,21734.754752604167,21918.243115234374,44.21220659310073,-1001.4509014455216,-584.1532654652104,-417.29763598031116,21849.8470703125,26813.768766734156,16885.92537389084,0.4543667221512194,0.3033221085966102,1212.552037194195,24115.94921875,16358.1904296875,24115.94921875,16358.1904296875,0.020450791887837605,0.1414836670103572,-0.1458170984536764,-0.048006737236830244
2020-04-24,19689.849609375,19784.380859375,18858.25,19262.0,378100000.0,19173.47578125,19513.07109375,21645.22705078125,21698.696256510415,21889.051953125,41.910356788360964,-1002.1357310212661,-667.7497585764215,-334.3859724448446,21645.22705078125,26681.068147536203,16609.385954026297,0.46530730169200907,0.26337348568077557,1200.1561606535383,24115.94921875,16358.1904296875,24115.94921875,16358.1904296875,-0.031926997642282906,0.16366808026714663,-0.17523037723836343,-0.10097821658815909
2020-05-01,19410.83984375,20365.890625,19410.1796875,19619.349609375,336200000.0,19219.459765625,19136.33203125,21425.03955078125,21665.640592447915,21854.925455729168,43.686484050510714,-962.745406653019,-726.7488881917411,-235.9965184612779,21425.03955078125,26410.593252395367,16439.485849167133,0.4653950523449393,0.31890778342016035,1193.2800509639999,24115.94921875,16358.1904296875,24115.94921875,16358.1904296875,0.01855205115642189,0.011858003333807376,-0.18331314741256122,-0.09180985765932459
2020-05-08,19468.51953125,20179.08984375,19448.9296875,20179.08984375,165100000.0,19691.23984375,19039.944921875,21243.1625,21651.532747395835,21825.969368489583,46.448492297061485,-876.2609411533595,-756.6512987840648,-119.60964236929465,21243.1625,26130.898683786592,16355.426316213405,0.4601702956220943,0.3911487224106225,1160.2000584844286,24115.94921875,16358.1904296875,24115.94921875,16358.1904296875,0.028530009685312496,0.13237235197919484,-0.15273113300965258,-0.04025912656349173
2020-05-15,20333.73046875,20534.880859375,19832.880859375,20037.470703125,375500000.0,19799.033984375,18968.7169921875,21053.15,21627.976432291667,21794.547786458334,45.83594638909126,-809.8138304994573,-767.2838051271434,-42.530025372313844,21053.15,25816.545646973012,16289.75435302699,0.4525114433681431,0.39338705283483705,1127.471482878398,24115.94921875,16358.1904296875,24115.94921875,16358.1904296875,-0.007018113389730685,0.027641649517911704,-0.159421701736014,-0.06588918070789551
2020-05-22,20097.619140625,20734.91015625,19999.099609375,20388.16015625,370700000.0,19897.2140625,19264.4279296875,20889.72705078125,21607.3234375,21767.51678059896,47.676093793693816,-720.5502537492575,-757.9370948515663,37.38684110230872,20889.72705078125,25506.64613535451,16272.807966207989,0.4420277080068974,0.4456816455580563,1099.4957017352983,24115.94921875,16358.1904296875,24115.94921875,16358.1904296875,0.017501682638533245,0.024671758644529085,-0.138162556743459,-0.05729690736136028
2020-05-29,20653.41015625,21955.439453125,20584.060546875,21877.890625,541500000.0,20420.3921875,19796.933984375,20791.09306640625,21618.524772135417,21755.878125,54.71444351022095,-523.5641063238945,-711.0624971460319,187.49839082213737,20791.09306640625,25231.701365703942,16350.484767108559,0.4271644867457902,0.6223703471848252,1132.9088156738485,24115.94921875,16358.1904296875,24115.94921875,16358.1904296875,0.07306841114318607,0.1358057639393624,-0.08270995878308729,0.031693203928205405
2020-06-05,21910.890625,22907.919921875,21898.990234375,22863.73046875,421800000.0,21069.268359375,20144.3640625,20732.2166015625,21636.12861328125,21768.22071940104,58.67592119836045,-284.62119295560115,-625.7742363079458,341.15304335234464,20732.2166015625,25027.747390780325,16436.685812344676,0.41438220251799684,0.7481083213904315,1125.5602786167879,24115.94921875,16358.1904296875,24115.94921875,16358.1904296875,0.04506100979513428,0.165366381861338,-0.0489795172280727,0.048434275765218304
2020-06-12,23121.98046875,23185.849609375,21786.9296875,22305.48046875,502000000.0,21494.546484375,20592.8931640625,20656.131640625,21643.377278645832,21773.09763997396,55.70430112302993,-138.7044238726885,-528.3602738208943,389.65584994820586,20656.131640625,24780.17111842965,16532.09216282035,0.3993041436368255,0.699967633312157,1145.085967420946,24108.109375,16358.1904296875,24115.94921875,16358.1904296875,-0.02441640049785454,0.10537594318995502,-0.06386400903117795,0.019886089382247008
2020-06-19,22135.26953125,22624.140625,21529.830078125,22478.7890625,413300000.0,21982.81015625,20890.9220703125,20619.812109375,21648.014420572916,21777.9810546875,56.4418300222275,-8.976304732252174,-424.48348000316594,415.50717527091376,20619.812109375,24665.4655803903,16574.158638359702,0.39240449423648266,0.7297498990513477,1141.4591516676642,23995.369140625,16358.1904296875,24115.94921875,16358.1904296875,0.007769776310929677,0.1218376508465342,-0.03130295196081967,0.01253249957529401
2020-06-26,22353.689453125,22693.890625,22165.140625,22512.080078125,269000000.0,22407.594140625,21152.4041015625,20554.01708984375,21652.2369140625,21789.06805013021,56.59134525482468,95.42052267528925,-320.50267946747493,415.9232021427642,20554.01708984375,24427.989577852684,16680.044601834816,0.3769552658320169,0.7527203012336847,1097.6942122628311,23995.369140625,16358.1904296875,24115.94921875,16358.1904296875,0.0014809968425095743,0.10417418274124701,-0.05522500710250211,0.011382033208528597
2020-07-03,22255.05078125,22448.30078125,21969.58984375,22306.48046875,340600000.0,22493.312109375,21456.8521484375,20484.96162109375,21668.262923177084,21796.04539388021,55.32823131881539,159.7243870168095,-224.45726617061808,384.18165318742757,20484.96162109375,24178.0576318779,16791.8656103096,0.36056655405019644,0.7466113583748247,1058.0367852708432,23908.849609375,16358.1904296875,24115.94921875,16358.1904296875,-0.009132857055478505,0.01959008988097999,-0.0583051878266293,0.04504868373338611
2020-07-10,22341.26953125,22742.279296875,22285.0703125,22290.810546875,329600000.0,22378.728125,21723.9982421875,20430.16513671875,21685.608268229167,21801.16456705729,55.22705622101369,207.03466431980632,-138.1588800725332,345.1935443923395,20430.16513671875,23979.122979596028,16881.207293841475,0.34742331441059193,0.7621396889639793,1015.1205137782831,23806.560546875,16358.1904296875,24115.94921875,16358.1904296875,-0.0007024829352596518,-0.02505802465866469,-0.04686115621574094,0.0489748848488325
2020-07-17,22591.810546875,22965.560546875,22538.779296875,22696.419921875,350100000.0,22456.916015625,21975.73125,20507.8380859375,21711.928255208335,21818.485904947916,57.39863789175374,274.0980549210726,-55.70749307381204,329.80554799488465,20507.8380859375,24181.601279433402,16834.074892441597,0.35827893492245305,0.7978664819512872,990.8083342226914,23185.849609375,16358.1904296875,24115.94921875,16358.1904296875,0.018196259581815033,0.01752660982455434,0.07347405072388535,0.07478253132602353
2020-07-24,22772.0703125,22925.580078125,22580.189453125,22751.609375,184000000.0,22511.480078125,22247.1451171875,20607.9310546875,21747.768587239585,21829.296809895834,57.69927399137634,327.9195503146984,21.01791560389006,306.90163471080837,20607.9310546875,24409.46485527426,16806.39725410074,0.3689389090538576,0.781949133265845,944.7070692782136,23185.849609375,16358.1904296875,24115.94921875,16358.1904296875,0.0024316369416397254,0.012136788674045107,0.09647631296762604,0.10438328945850261
2020-07-31,22495.94921875,22842.189453125,21710.0,21710.0,398300000.0,22351.0640625,22379.3291015625,20821.878515625,21761.523404947915,21830.484147135416,50.46140883991991,283.25906749985006,73.46614598308207,209.792921516768,20821.878515625,24356.417058423816,17287.339972826187,0.33950236912067777,0.6256347149169496,958.0986681244126,23185.849609375,16358.1904296875,24115.94921875,16358.1904296875,-0.04578178878829309,-0.03562887460161368,0.24547855849015843,0.03951642256240828
2020-08-07,21947.580078125,22603.8203125,21919.830078125,22329.939453125,376400000.0,22355.755859375,22424.533984375,21110.733984375,21781.740885416668,21835.077473958332,54.14801983397087,294.4944966833791,117.67181612314148,176.82268056023764,21110.733984375,24105.580796671362,18115.88717207864,0.28372739806327724,0.7035505561994251,953.5073570083832,23185.849609375,16358.1904296875,24115.94921875,16358.1904296875,0.0285554791858591,0.0010516667749476127,0.3490103715034567,0.057444481276466286
2020-08-14,22505.509765625,23338.7890625,22497.0703125,23289.359375,334700000.0,22555.465625,22467.096875,21305.73046875,21815.586197916666,21844.470133463543,59.20752307715038,376.4760432680996,169.4326615521331,207.0433817159665,21305.73046875,24334.544912636313,18276.916024863687,0.2843192302961685,0.8274596286764895,957.4603750345701,23185.849609375,16480.94921875,24115.94921875,16358.1904296875,0.04296563024225897,0.044796434208848934,0.20113689522359768,0.09552439339004071
2020-08-21,23189.48046875,23248.75,22851.830078125,22920.30078125,250700000.0,22600.241796875,22528.57890625,21560.73603515625,21842.992545572917,21848.240397135418,56.61939205462554,406.97570284851463,216.94126981140943,190.0344330371052,21560.73603515625,24207.464922742223,18914.007147570275,0.24551377868272237,0.7568386872698891,920.3224408803151,23338.7890625,17646.5,24115.94921875,16358.1904296875,-0.015846661464899103,0.009864148625450042,0.28619849084885174,0.07728835535258427
2020-08-28,22913.19921875,23431.0390625,22594.7890625,22882.650390625,314500000.0,22626.45,22568.9650390625,21729.9435546875,21861.93037109375,21851.655989583334,56.34877653243892,423.23009782207737,258.199035413543,165.03106240853435,21729.9435546875,24257.704834044765,19202.182275330233,0.23265235576849783,0.7280094337528976,914.3172665317212,23338.7890625,17802.619140625,24115.94921875,16358.1904296875,-0.0016426656431925979,0.005759637195995149,0.17355952461086743,0.05225097171790538
2020-09-04,23147.140625,23580.509765625,23047.76953125,23205.4296875,310000000.0,22925.5359375,22638.3,21895.35205078125,21887.255859375,21855.38056640625,58.19358505673924,456.8906634600862,297.9373610228517,158.95330243723453,21895.35205078125,24353.766803133625,19436.937298428875,0.22456042238102825,0.766447643845527,898.8559885651697,23431.0390625,18858.25,24115.94921875,16358.1904296875,0.014105852747164471,0.06888206759557813,0.1662625889616356,0.07006991960231934
2020-09-11,23145.470703125,23412.9296875,22878.7109375,23406.490234375,348300000.0,23140.84609375,22748.3009765625,22102.5765625,21919.580859375,21859.34832356771,59.34614231520038,494.09518827237116,337.16892647275563,156.92626179961553,22102.5765625,24325.600228336178,19879.55289666382,0.2011551603090328,0.7932748067224333,872.8104715248004,23580.509765625,18858.25,24115.94921875,16358.1904296875,0.008664375087322984,0.04821109271298729,0.21516406574473046,0.09034801706362572
2020-09-18,23431.16015625,23582.2109375,23272.23046875,23360.30078125,333900000.0,23155.034375,22855.25,22289.62412109375,21947.950032552082,21866.927587890626,58.944110294865276,513.9286893629396,372.5208790507925,141.40781031214715,22289.62412109375,24260.658845319827,20318.589396867676,0.17685670368580061,0.7716026884246416,832.6083284694575,23580.509765625,19410.1796875,24115.94921875,16358.1904296875,-0.001973360920945133,0.0030460866315693558,0.19067661499275212,0.07859167841782999
2020-09-25,23245.890625,23370.130859375,23039.48046875,23204.619140625,219700000.0,23211.898046875,22906.069921875,22440.9005859375,21983.241015625,21875.538167317707,57.52949618959812,511.1919717132332,400.25509758328064,110.93687412995257,22440.9005859375,24193.045499700995,20688.755672174004,0.1561563812516036,0.717938182135598,796.7541900519964,23582.2109375,19448.9296875,24115.94921875,16358.1904296875,-0.006664367984078212,0.012404652194075272,0.14993388305925426,0.10041461100903182
2020-10-02,23391.9609375,23622.740234375,22951.41015625,23029.900390625,317800000.0,23241.348046875,22933.8990234375,22590.5220703125,22022.32568359375,21878.333170572918,55.90784618868701,489.2845921106091,418.06099648874635,71.22359562186273,22590.5220703125,23966.950258830206,21214.093881794797,0.12185890916850897,0.6596081524549681,787.7953249143538,23582.2109375,19832.880859375,24115.94921875,16358.1904296875,-0.0075294814769923946,0.006435006325155701,0.14934168747322518,0.11337203044049882
2020-10-09,23254.279296875,23725.580078125,23252.689453125,23619.689453125,281700000.0,23324.2,23124.86796875,22752.09853515625,22075.673665364582,21884.732666015625,60.00612862870975,513.5934980674028,437.16749680447765,76.42600126292518,22752.09853515625,23767.915567129494,21736.281503183003,0.08929435941072583,0.9270409388014682,781.2156365276143,23622.740234375,19999.099609375,24115.94921875,16358.1904296875,0.02560970965988596,0.017851846365428248,0.1585002899775816,0.15676128141263734
2020-10-16,23588.740234375,23667.900390625,23382.669921875,23410.630859375,242500000.0,23325.028125,23232.937109375,22828.735546875,22120.669010416666,21892.181005859376,57.95000125530765,510.10898103278305,451.7557936501388,58.35318738264425,22828.735546875,23799.44476520892,21858.02632854108,0.08504274941910206,0.799726891178977,745.7881245434991,23725.580078125,20584.060546875,24115.94921875,16358.1904296875,-0.008851030584669295,0.00017690072106235633,0.07005886722111732,0.13035258628217727
2020-10-23,23543.689453125,23707.16015625,23436.169921875,23516.58984375,242400000.0,23356.2859375,23255.66015625,22861.378515625,22167.53935546875,21902.281673177084,58.72201902792279,510.01830711212824,463.4082963425367,46.610010769591554,22861.378515625,23877.44835119619,21845.30868005381,0.08888963846836619,0.8224243576509026,713.6982082814634,23725.580078125,21529.830078125,24115.94921875,16358.1904296875,0.004526105469411901,0.006690370298033432,0.028554368058717472,0.13582740357961498
2020-10-30,23520.779296875,23572.599609375,22948.470703125,22977.130859375,295700000.0,23310.78828125,23261.3431640625,22894.96103515625,22197.165364583332,21912.18992513021,53.35153356231922,461.1013267157505,462.9469024171795,-1.845575701429027,22894.96103515625,23879.21809588695,21910.703974425553,0.085980234621874,0.5417420547421559,707.3004009935017,23725.580078125,21529.830078125,24115.94921875,16358.1904296875,-0.022939507299285178,-0.00980357746323579,0.03011145137922422,0.083848895080052
2020-11-06,23110.740234375,24389.0,23096.7890625,24325.23046875,303100000.0,23569.854296875,23405.601171875,22987.28310546875,22236.114388020833,21926.588932291666,62.5652652689803,525.0620507802305,475.3699320897897,49.69211869044079,22987.28310546875,24131.46963366277,21843.096577274726,0.0995495224854839,1.0846718739963928,757.6267395386087,23725.580078125,21529.830078125,24115.94921875,16358.1904296875,0.058671364045653096,0.05624557884116177,0.08214149797465309,0.10628118447994872
2020-11-13,24568.83984375,25587.9609375,24541.279296875,25385.869140625,455800000.0,23923.090234375,23623.6451171875,23130.97255859375,22291.227376302082,21948.988834635416,67.93189514813267,653.7994688061844,511.0558394330686,142.74362937311582,23130.97255859375,24658.0794918873,21603.865625300197,0.13204001080587438,1.238290336082771,793.7055773394225,24389.0,21710.0,24389.0,16358.1904296875,0.043602409984874635,0.0747757370394353,0.1276554211128833,0.14976972874681516
2020-11-20,25652.689453125,26057.30078125,25425.58984375,25527.369140625,384300000.0,24346.437890625,23835.7330078125,23292.0169921875,22352.035188802085,21972.443994140624,68.57906700956657,758.4991613472448,560.5445038159039,197.9546575313409,23292.0169921875,25092.267036425335,21491.76694794966,0.15458086303489033,1.1208449086259769,784.9717247169636,25587.9609375,21710.0,25587.9609375,16358.1904296875,0.00557396712384195,0.09041782316610791,0.14439250855316543,0.166757409415482
2020-11-27,25901.44921875,26706.419921875,25901.44921875,26644.7109375,323900000.0,24972.062109375,24164.1740234375,23509.71201171875,22439.27705078125,22006.77342122396,73.18156900689479,921.0176488569414,632.6391328241114,288.37851603283,23509.71201171875,25767.80062924984,21251.623394187664,0.19209836482943826,1.1941709243477217,813.1202287550377,26057.30078125,21710.0,26057.30078125,16358.1904296875,0.04377034667065738,0.13301763200081318,0.19532265915002278,0.24448682916345188
2020-12-04,26830.099609375,26889.900390625,26405.830078125,26751.240234375,432200000.0,25726.883984375,24518.8361328125,23712.45302734375,22521.816569010418,22043.88308919271,73.57893701064421,1046.3490841339735,715.3811230860838,330.96796104788973,23712.45302734375,26339.953886702646,21084.95216798485,0.22161358475472986,1.0782656923226863,789.6166633082493,26706.419921875,21710.0,26706.419921875,16358.1904296875,0.0039981404611550975,0.16425503245371953,0.17865462158602075,0.22718477099899737
2020-12-11,26894.25,26894.25,26327.080078125,26652.51953125,322600000.0,26192.341796875,24881.098046875,23907.49853515625,22591.147233072916,22080.400911458335,72.5067711925195,1124.7438666899543,797.2536718068579,327.49019488309636,23907.49853515625,26787.731836485997,21027.265233826503,0.24094811066028765,0.9765275428949503,773.7276103487314,26889.900390625,21710.0,26889.900390625,16358.1904296875,-0.0036903224770171716,0.09567387513511161,0.1714564491660273,0.1849419411801687
2020-12-18,26659.529296875,26874.98046875,26605.5390625,26763.390625,315900000.0,26467.84609375,25195.4681640625,24160.16806640625,22657.206901041667,22115.081087239585,72.98291884842712,1182.1911041860621,874.2411582826987,307.9499459033634,24160.16806640625,27110.727380394725,21209.60875241778,0.24424989974230418,0.9411405231292901,737.7071671988222,26894.25,21710.0,26894.25,16358.1904296875,0.004159872901321915,0.054263317782984766,0.23276787770612617,0.17384267601593106
2020-12-25,26834.099609375,26905.669921875,26361.66015625,26656.609375,256600000.0,26693.694140625,25520.066015625,24376.5015625,22720.637565104167,22146.67657877604,71.69506517800701,1205.2091979031138,940.4347662067818,264.77443169633204,24376.5015625,27392.309252872765,21360.693872127238,0.2474356447450344,0.8780260624340689,723.8716385149777,26894.25,21919.830078125,26894.25,16358.1904296875,-0.003989825186807794,0.04423645179235858,0.19376093387792404,0.16655193334059293
2021-01-01,26691.2890625,27602.51953125,26664.599609375,27444.169921875,160700000.0,26853.5859375,25912.8240234375,24584.24208984375,22788.175911458333,22189.48582356771,75.17455779694902,1272.334081928977,1006.8146293512208,265.51945257775617,24584.24208984375,27835.12100545425,21333.363174233247,0.2644685082200281,0.9398699407563399,739.7315326389078,26905.669921875,22497.0703125,26905.669921875,16358.1904296875,0.029544663231386714,0.030004415745033874,0.17839952056968067,0.17323544163524374
2021-01-08,27575.5703125,28139.029296875,27002.1796875,28139.029296875,363000000.0,27131.14375,26429.0138671875,24845.178515625,22868.771061197916,22231.52215169271,77.77096081172138,1365.855646827542,1078.6228328464852,287.2328139810568,24845.178515625,28347.952378227124,21342.404653022877,0.2819680977859948,0.9701774808270208,768.0971095486286,27602.51953125,22594.7890625,27602.51953125,16358.1904296875,0.02531901591405572,0.05187755970718366,0.227690228214378,0.20751158716988094
2021-01-15,28004.369140625,28979.529296875,27899.44921875,28519.1796875,305700000.0,27504.47578125,26848.4087890625,25127.00498046875,22958.876041666666,22270.26590169271,79.06119964986019,1453.8876089280966,1153.6757880628074,300.21182086528916,25127.00498046875,28852.736277984433,21401.27368295307,0.2965519607618733,0.9552360914074978,790.3816073040838,28139.029296875,22594.7890625,28139.029296875,16358.1904296875,0.013509719422596378,0.07003691167213466,0.24632327115325237,0.23390847990860064
2021-01-22,28238.6796875,28846.150390625,28111.5390625,28631.44921875,314500000.0,27878.0875,27172.966796875,25398.30595703125,23047.835026041666,22307.860986328124,79.44073150143977,1515.245973648729,1225.9898251799918,289.25614846873714,25398.30595703125,29310.388827355928,21486.223086706574,0.30805856712988045,0.9132253033600001,786.3980159341493,28979.529296875,22878.7109375,28979.529296875,16358.1904296875,0.003936632556763575,0.06979902583811715,0.2338254281140426,0.229138818974447
2021-01-29,28698.890625,28822.2890625,27629.80078125,27663.390625,405400000.0,28079.44375,27386.5689453125,25611.1509765625,23119.651529947918,22340.191569010418,67.99603138083275,1468.8269587728828,1274.55725189857,194.26970687431276,25611.1509765625,29529.803310074625,21692.498643050378,0.30601141956471967,0.7618552851559253,815.4044634567101,28979.529296875,22878.7109375,28979.529296875,16358.1904296875,-0.03381102319878537,0.03776854122130824,0.18186837701849345,0.18450442581710336
2021-02-05,27649.0703125,28785.7109375,27649.0703125,28779.189453125,391500000.0,28346.44765625,27600.016796875,25882.09541015625,23198.919694010416,22390.89597981771,72.85097660574264,1504.729609090693,1320.5917233369946,184.13788575369836,25882.09541015625,29889.116848083264,21875.073972229235,0.30963655565187675,0.8615021890758249,838.3499035669452,28979.529296875,22948.470703125,28979.529296875,16358.1904296875,0.04033485422125471,0.0486449229490411,0.23196998714264994,0.19797985776547922
2021-02-12,28831.580078125,29650.509765625,28817.599609375,29520.0703125,341400000.0,28622.655859375,27876.8998046875,26197.86796875,23293.977018229165,22449.129231770832,75.50776007842559,1574.8121574198485,1371.4358101535656,203.3763472662829,26197.86796875,30305.247670238445,22090.488267261557,0.3135659517322487,0.9044187030658609,840.7049327764491,28979.529296875,22948.470703125,28979.529296875,16358.1904296875,0.02574363189004103,0.04907919889682799,0.27216353492388756,0.23947297528356914
2021-02-19,29662.41015625,30714.51953125,29662.41015625,30017.919921875,368000000.0,28922.40390625,28213.43984375,26547.2689453125,23396.980338541667,22522.740234375,77.12751664244696,1651.488058341045,1427.4462597910615,224.04179854998347,26547.2689453125,30705.826328854604,22388.711561770393,0.3132945533575415,0.9172902591530827,865.97238177456,29650.509765625,22948.470703125,29650.509765625,16358.1904296875,0.01686478399626945,0.052552010639769664,0.3034324687784875,0.25926133189150957
2021-02-26,30281.779296875,30458.130859375,28966.009765625,28966.009765625,305100000.0,28989.316015625,28433.7017578125,26814.5849609375,23485.470182291665,22578.759814453126,67.03927021243658,1608.8283322583193,1463.7226742845132,145.10565797380605,26814.5849609375,30872.131657887254,22757.038263987746,0.3026372925675067,0.7651139919479948,910.6972897728057,30714.51953125,22948.470703125,30714.51953125,16358.1904296875,-0.0350427397697014,0.011685072045040101,0.2263501526178049,0.22443573164190211
2021-03-05,29419.44921875,29996.390625,28308.5703125,28864.3203125,362600000.0,29229.501953125,28654.4728515625,27087.26943359375,23569.032682291665,22633.877067057292,66.13864607681269,1548.9592647674872,1480.769992381108,68.18927238637912,27087.26943359375,30919.91345679715,23254.62541039035,0.28298489315059117,0.7318309329209444,966.2060771104624,30714.51953125,22948.470703125,30714.51953125,16358.1904296875,-0.0035106476158713873,0.043412237631300865,0.2329578167237223,0.21021509902311686
2021-03-12,29208.189453125,29744.3203125,28609.2109375,29717.830078125,447200000.0,29417.230078125,28881.8388671875,27397.3314453125,23663.6421875,22700.85615234375,69.80524253915519,1552.4875918855832,1495.113512282003,57.374079603580185,27397.3314453125,31022.055671843176,23772.60721878182,0.26460418116019424,0.8200931281651617,978.2705983882865,30714.51953125,22948.470703125,30714.51953125,16358.1904296875,0.029569716396730117,0.032615255774622876,0.2636964064763456,0.23611783940775655
2021-03-19,29804.5,30485.0,29621.220703125,29792.05078125,476400000.0,29471.626171875,29047.141015625,27738.07744140625,23763.056705729166,22768.735319010415,70.10835919712407,1543.4805242999282,1504.7869146855883,38.69360961433995,27738.07744140625,30886.64789140111,24589.506991411392,0.22702153432557684,0.8261755410057766,970.0926482801947,30714.51953125,22948.470703125,30714.51953125,16358.1904296875,0.002497514217218555,0.009213408568164327,0.2965957744499861,0.25033894787301403
2021-03-26,29444.099609375,29496.830078125,28379.060546875,29176.69921875,400500000.0,29303.38203125,29112.89296875,27980.65087890625,23862.58203125,22825.615641276043,64.34134134525314,1469.7463093903643,1497.7787936265436,-28.032484236179243,27980.65087890625,30766.7861986914,25194.5155591211,0.19914728444616212,0.7146429018271773,1001.7281901441094,30714.51953125,23096.7890625,30714.51953125,16358.1904296875,-0.020654891031780864,-0.028023950537358067,0.19944184110537244,0.25733562987519965
2021-04-02,29478.119140625,29869.669921875,29165.51953125,29854.0,402600000.0,29480.980078125,29235.148046875,28204.057421875,23963.015690104166,22893.743310546874,67.50932663994362,1449.2577838556317,1488.0745916723613,-38.81680781672958,28204.057421875,30834.30779368873,25573.80705006127,0.1865157436372055,0.8136474374846786,980.4726330356016,30714.51953125,24541.279296875,30714.51953125,16358.1904296875,0.023213756161106103,0.030656284436830106,0.17600858314615087,0.252896779865714
2021-04-09,30084.609375,30208.890625,29516.419921875,29768.060546875,309900000.0,29661.728125,29445.6150390625,28416.0919921875,24064.356868489584,22963.686897786458,66.69960248941075,1409.8341931292089,1472.426511963731,-62.592318834522075,28416.0919921875,30823.30438547596,26008.87959889904,0.169425999461874,0.7808162168109717,959.9010666134158,30714.51953125,25425.58984375,30714.51953125,16358.1904296875,-0.0028786579059757456,0.03130994336920612,0.166123323672287,0.25669435950358377
2021-04-16,29874.4296875,29897.109375,29538.73046875,29683.369140625,262000000.0,29654.8359375,29536.0330078125,28568.02490234375,24169.30068359375,23042.996728515624,65.86123461958044,1356.1242683506243,1449.1660632411097,-93.04179489048533,28568.02490234375,30890.94917481941,26245.10062986809,0.16262407222174352,0.7400733100723449,916.935198016029,30714.51953125,25901.44921875,30714.51953125,16358.1904296875,-0.002845042797351205,-0.0011596047695745515,0.1140435792398995,0.2692392716191758
2021-04-23,29688.3203125,29808.009765625,28419.83984375,29020.630859375,278200000.0,29500.551953125,29486.0890625,28681.49443359375,24300.595182291665,23118.045572916668,59.553071145410314,1245.7214242978844,1408.4771354524646,-162.75571115458024,28681.49443359375,30855.27109233378,26507.71777485372,0.15158043202894977,0.5780062718075694,950.5948211488127,30714.51953125,26327.080078125,30714.51953125,16358.1904296875,-0.02232692246322432,-0.025893481705546173,0.0848330995167792,0.37259066718052947
2021-04-30,29095.490234375,29241.279296875,28760.26953125,28812.630859375,248400000.0,29427.73828125,29365.56015625,28789.5,24434.976529947915,23195.13448893229,57.68563104292503,1128.4346214155594,1352.4686326450837,-224.03401122952437,28789.5,30753.86648162943,26825.13351837057,0.136464091535416,0.5058876130272324,917.0530314685403,30714.51953125,26327.080078125,30714.51953125,16358.1904296875,-0.007167314901178501,-0.012478051634471243,0.08104717175396026,0.3885772531897975
2021-05-07,29024.009765625,29449.859375,28966.470703125,29357.8203125,161800000.0,29328.50234375,29404.7412109375,28919.221484375,24633.756022135418,23270.11883138021,61.12647687759293,1067.1744943762387,1295.409804991315,-228.2353106150763,28919.221484375,30661.346272024493,27177.096696725508,0.12048213597940452,0.6258804280940072,897.0655660511446,30714.51953125,26361.66015625,30714.51953125,16358.1904296875,0.018921890742497283,-0.016620207928585762,0.0969394993277315,0.6842255054456745
2021-05-14,29376.890625,29685.41015625,27385.029296875,28084.470703125,383500000.0,28991.784375,29326.75625,28990.61455078125,24825.950032552082,23331.938834635417,50.74705653238493,905.439389032028,1217.4157217994577,-311.97633276742977,28990.61455078125,30450.097321450594,27531.131780111908,0.1006865700009807,0.18956678836274374,997.3023727171343,30714.51953125,26361.66015625,30714.51953125,16358.1904296875,-0.04337343834865126,-0.05655692083462727,0.05356500176140644,0.6966567390937799
2021-05-21,28310.4609375,28481.169921875,27632.529296875,28317.830078125,322800000.0,28718.6765625,29186.75625,29034.29755859375,24974.756705729167,23394.807747395833,52.344121174519984,787.0210157391884,1131.3367805874038,-344.3157648482154,29034.29755859375,30351.37262421049,27717.22249297701,0.09072546445862983,0.22800810706516086,986.6836764516247,30714.51953125,26664.599609375,30714.51953125,16480.94921875,0.008309196120047657,-0.04600350640895101,0.03183408930701992,0.4604777208264652
2021-05-28,28212.3203125,29194.109375,28212.3203125,29149.41015625,391700000.0,28744.432421875,29122.4921875,29084.8166015625,25163.57705078125,23464.48291015625,57.618055206316285,751.6110598104497,1055.391636432013,-303.78057662156334,29084.8166015625,30336.54627030055,27833.086932824448,0.08607444123754975,0.5258017191334219,986.3340611693659,30714.51953125,27002.1796875,30714.51953125,17646.5,0.029365953388052146,0.004437508526228262,0.03590674179678288,0.6357519785592558
2021-06-04,29019.44921875,29157.16015625,28565.830078125,28941.51953125,286500000.0,28770.21015625,29098.97421875,29105.93359375,25320.960709635416,23536.219156901043,55.951031336994376,698.7189811220051,984.0571053700114,-285.33812424800635,29105.93359375,30332.78372336033,27879.08346413967,0.08430240697544754,0.4329934200878225,958.1194909519113,30714.51953125,27385.029296875,30714.51953125,17802.619140625,-0.0071318981717174434,0.004473339227648587,0.014808975867391938,0.48429466529476617
2021-06-11,29214.0,29241.19921875,28799.740234375,28948.73046875,276200000.0,28688.3921875,29008.447265625,29121.79765625,25471.8185546875,23603.286653645835,55.99858580938404,649.8919403419168,917.2240723643924,-267.33213202247566,29121.79765625,30331.785278784624,27911.810033715377,0.08309841561411582,0.4284839017041067,921.2151690535605,30714.51953125,27385.029296875,30714.51953125,18858.25,0.0002491554561332432,-0.01393461229053905,0.011081564456479676,0.4549104152905792
2021-06-18,29153.109375,29480.849609375,28875.390625,28964.080078125,297500000.0,28864.3140625,28928.04921875,29186.83212890625,25633.519889322917,23666.108072916668,56.107213127915585,605.4554306171558,854.8703440149452,-249.4149133977894,29186.83212890625,30200.112380999577,28173.551876812926,0.06943406859765272,0.3900836909033457,898.6611558622349,30714.51953125,27385.029296875,30714.51953125,18858.25,0.0005302342840758367,0.031320133617548374,0.04701843930691352,0.5036901712244315
2021-06-25,28506.83984375,29174.169921875,27795.859375,29066.1796875,290900000.0,29013.983984375,28866.3302734375,29201.181640625,25790.967057291666,23728.303824869792,56.86993115598827,571.885422542291,798.2733597204144,-226.38793717812337,29201.181640625,30198.9742680962,28203.3890131538,0.06833919529359463,0.4323496940104939,932.921826648861,30714.51953125,27385.029296875,30714.51953125,19410.1796875,0.003525042366255171,0.026426799204261275,0.009972144449809539,0.48150577191462474
2021-07-02,29112.66015625,29121.279296875,28624.80078125,28783.279296875,254800000.0,28940.7578125,28842.5951171875,29164.34208984375,25934.37021484375,23792.95148111979,54.066479341129764,516.4993688435497,741.9185615450416,-225.41919270149185,29164.34208984375,30166.71527095004,28161.96890873746,0.06873963952407199,0.30991969849583223,901.747304432871,30714.51953125,27385.029296875,30714.51953125,19448.9296875,-0.009732974669067418,-0.01256048947173971,-0.024958985795945465,0.426391354602643
2021-07-09,28709.5703125,28748.23046875,27419.400390625,27940.419921875,285000000.0,28740.537890625,28755.3740234375,29060.46708984375,26066.08603515625,23847.03123372396,46.68278942482036,399.9830590357742,673.5314610431882,-273.548402007414,29060.46708984375,30116.625223497602,28004.3089561899,0.07268693447965703,-0.030245960467052007,934.756704562666,30714.51953125,27385.029296875,30714.51953125,19832.880859375,-0.029282951615992925,-0.03459043013598673,-0.0692086595409318,0.39440852270428883
2021-07-16,28412.69921875,28852.310546875,27847.349609375,28003.080078125,263700000.0,28551.4078125,28619.9,29012.32060546875,26193.0013671875,23900.16240234375,47.25943790089982,309.13567140534724,600.65230311562,-291.5166317102728,29012.32060546875,30164.721008429064,27859.920202508438,0.07944213898857083,0.06211377367137749,939.7712926296184,30485.0,27385.029296875,30714.51953125,19999.099609375,0.0022426347358130982,-0.032666385548265175,-0.03324343585089662,0.3734971602889161
2021-07-23,27663.400390625,27882.4296875,27330.150390625,27548.0,164300000.0,28268.191796875,28566.2529296875,28946.50458984375,26287.503190104166,23953.01398111979,43.573506308303614,198.1333452757499,520.148511547646,-322.0151662718961,28946.50458984375,30263.761530181662,27629.247649505836,0.09101319547922822,-0.030839712062930572,920.7111779775029,30485.0,27385.029296875,30714.51953125,20584.060546875,-0.01625107226974265,-0.04889090467590884,-0.045603717608758476,0.2591707524362852
2021-07-30,27990.470703125,28036.470703125,27272.490234375,27283.58984375,301700000.0,27911.673828125,28462.82890625,28824.792578125,26361.167513020835,23998.648063151042,41.545996822513494,87.81523290611221,433.68185581933926,-345.86662291322705,28824.792578125,30277.369281938834,27372.21587431117,0.10078661970432956,-0.030506489030312577,909.5161273183955,30485.0,27330.150390625,30714.51953125,21529.830078125,-0.009598161617903278,-0.06132865973152324,-0.08191177579169284,0.1933131332632283
2021-08-06,27493.3203125,27888.869140625,27488.740234375,27820.0390625,297800000.0,27719.02578125,28329.891796875,28726.1919921875,26453.076822916668,24048.22705078125,46.94035628921591,43.17658986259994,355.58080262799143,-312.4042127653915,28726.1919921875,30170.449246766282,27281.93473760872,0.10055333856792206,0.18629102370277448,887.7849251438673,30485.0,27272.490234375,30714.51953125,21529.830078125,0.01966197343612719,-0.03346527073722205,-0.066192546905536,0.24722886384249376
2021-08-13,27887.029296875,28279.80078125,27808.5390625,27977.150390625,242200000.0,27726.371875,28233.4548828125,28666.21455078125,26544.716178385417,24096.365299479166,48.44105400427297,20.244350520955777,288.5135122065843,-268.26916168562855,28666.21455078125,30130.151419444013,27202.277682118485,0.10213674121983901,0.26465373100901673,858.0332675443053,30208.890625,27272.490234375,30714.51953125,21529.830078125,0.005647415798807343,0.0013145997394707898,-0.04111324653729598,0.24460220311856484
2021-08-20,27806.109375,27833.2109375,26954.810546875,27013.25,297800000.0,27528.405859375,28039.9068359375,28524.17705078125,26619.735677083332,24135.986295572915,40.81413952874828,-74.84554736661448,215.84170029194456,-290.68724765855904,28524.17705078125,30049.530798722324,26998.823302840177,0.10695163932165365,0.004728967683495008,869.7694515589978,30208.890625,27272.490234375,30714.51953125,21710.0,-0.03445312968500169,-0.035347185929672786,-0.09515475313190858,0.199944647773743
2021-08-27,27193.099609375,27897.720703125,27193.099609375,27641.140625,263100000.0,27547.033984375,27907.612890625,28417.8310546875,26708.6466796875,24188.45480143229,46.70108711407684,-98.40509787834162,152.99234065788733,-251.39743853622895,28417.8310546875,29876.586554522077,26959.075554852923,0.10266480204117873,0.23378320432191108,870.8195409565695,30208.890625,26954.810546875,30714.51953125,21710.0,0.023243801652892637,0.0033810303833308186,-0.07144973111452102,0.23915292973822244
2021-09-03,27867.599609375,29149.650390625,27602.2109375,29128.109375,334300000.0,27915.937890625,27913.805859375,28390.06806640625,26822.60166015625,24254.10496419271,57.48580302902601,2.8765801865847607,122.96918856362682,-120.09260837704205,28390.06806640625,29770.4543178931,27009.681814919397,0.09724430728788938,0.7673314471941407,919.149534682886,29897.109375,26954.810546875,30714.51953125,21710.0,0.05379549166126352,0.0676054559467194,-0.01870608969603338,0.3067317275765702
2021-09-10,29501.220703125,30381.83984375,29469.349609375,30381.83984375,393600000.0,28428.298046875,28073.6619140625,28458.128515625,26950.6919921875,24331.310123697916,64.08451428451741,182.20822768547077,134.8169963879956,47.39123129747517,28458.128515625,30070.842495142693,26845.41453610731,0.11333942628252786,1.0964204913447564,943.048172830537,29808.009765625,26954.810546875,30714.51953125,21710.0,0.043041944556348355,0.09208472984148952,0.046904872294851074,0.3386181586492294
2021-09-17,30372.01953125,30795.779296875,30202.509765625,30500.05078125,380100000.0,28932.878125,28329.625,28542.49951171875,27079.832682291668,24413.800634765626,64.64176910854071,330.0637160086917,173.86634031213484,156.19737569655686,28542.49951171875,30381.2837419183,26703.7152815192,0.12884535423708063,1.0322949907284145,918.063984146213,30381.83984375,26954.810546875,30714.51953125,21710.0,0.0038908419670415917,0.0901771751375513,0.058565284444545895,0.34056673875405785
2021-09-24,30021.25,30276.380859375,29573.880859375,30248.810546875,229900000.0,29579.990234375,28554.198046875,28587.0490234375,27222.14619140625,24491.834798177082,62.42486989109744,422.1015446763631,223.51338118498052,198.5881634913826,28587.0490234375,30542.1803943062,26631.917652568798,0.1367844137578355,0.9249743900071403,918.6429796982693,30795.779296875,26954.810546875,30795.779296875,21710.0,-0.008237371018721462,0.11977679645636874,0.03034933196302836,0.3933123236699678
2021-10-01,30277.8203125,30414.609375,28680.73046875,28771.0703125,440300000.0,29805.976171875,28676.505078125,28621.37900390625,27329.498372395832,24555.61962890625,51.28422977217265,371.5182687287961,253.11435869374364,118.40391003505246,28621.37900390625,30564.07822418586,26678.67978362664,0.13575161560276114,0.5385266301214152,976.8741173091073,30795.779296875,26954.810546875,30795.779296875,21919.830078125,-0.04885283776977023,0.04087854777157918,0.024447660653209358,0.288452679099118
2021-10-08,29044.470703125,29046.060546875,27293.619140625,28048.939453125,427100000.0,29590.1421875,28753.0400390625,28607.93447265625,27408.82470703125,24612.205452473958,46.88118065999409,270.04779003079966,256.50104496115483,13.546745069644828,28607.93447265625,30562.535776396737,26653.33316891576,0.13664749586229064,0.35700536000321165,1032.2717808048853,30795.779296875,26954.810546875,30795.779296875,22497.0703125,-0.02509920039579694,-0.03704908917985683,-0.009495453015226363,0.20436715332042055
2021-10-15,27977.5703125,29082.349609375,27893.3203125,29068.630859375,333600000.0,29327.500390625,28877.89921875,28603.8955078125,27511.296875,24677.14471028646,53.015443270284926,268.81356374284223,258.96354871749236,9.850015025349876,28603.8955078125,30554.3339335513,26653.4570820737,0.1363757202375518,0.6191361248398457,1043.468746238465,30795.779296875,26954.810546875,30795.779296875,22594.7890625,0.03635400931839494,-0.0432234845265681,-0.0027712154874488526,0.2682482283633316
2021-10-22,29093.8203125,29489.109375,28546.5703125,28804.849609375,305600000.0,28988.46015625,28960.669140625,28597.06201171875,27610.0001953125,24735.965283203124,51.363008772365276,243.74079598170283,255.91899817033448,-12.178202188631644,28597.06201171875,30543.674911056863,26650.449112380637,0.13614076149084223,0.5533715762715078,1036.259483114289,30795.779296875,26954.810546875,30795.779296875,22594.7890625,-0.00907442979602624,-0.055580273752105724,-0.0047222787223535345,0.25880739851605306
2021-10-29,28527.130859375,29160.759765625,28472.55078125,28892.689453125,453400000.0,28717.2359375,29148.6130859375,28594.2599609375,27704.787858072916,24796.021858723958,51.900650998560465,228.32638375025272,250.40047528631814,-22.074091536065424,28594.2599609375,30539.000393489758,26649.51952838524,0.1360231343779458,0.5767273326538094,1011.3987332043398,30795.779296875,26954.810546875,30795.779296875,22878.7109375,0.0030494810749301937,-0.04483221221702227,-0.0019358712702616243,0.2450831483068181
2021-11-05,29330.6796875,29880.810546875,29267.630859375,29611.5703125,311700000.0,28885.3359375,29345.6560546875,28626.63447265625,27808.205859375,24863.893359375,56.17077521182157,270.99417623985573,254.51921547702568,16.47496076283005,28626.63447265625,30615.969437017797,26637.2995082947,0.13898489997220817,0.747554046324183,1009.736044671887,30795.779296875,26954.810546875,30795.779296875,22878.7109375,0.024881064137047604,0.029213372699410156,0.022354938690561488,0.26510083382822414
2021-11-12,29735.44921875,29750.4609375,29040.080078125,29609.970703125,326200000.0,29197.5421875,29393.8421875,28653.8240234375,27912.367024739582,24930.158528645832,56.158828151663016,301.2075015024784,263.8568726821162,37.3506288203622,28653.8240234375,30680.951681725626,26626.696365149375,0.1414908988503614,0.7358378062126952,988.3535314363951,30795.779296875,26954.810546875,30795.779296875,22948.470703125,-5.401974154417566e-05,0.05565384219281344,0.018708719944329655,0.2675337950653127
2021-11-19,29807.369140625,29960.9296875,29402.5703125,29745.869140625,317300000.0,29332.98984375,29330.2451171875,28701.953515625,28021.387858072918,25002.31443684896,56.99567876029708,332.2872470614893,277.54294755799083,54.744299503498496,28701.953515625,30784.05378337251,26619.853247877487,0.14508421990259593,0.7506881251519519,957.6396631195098,30795.779296875,26954.810546875,30795.779296875,22948.470703125,0.004589617425243109,0.023297907786791416,0.03344267461055095,0.28189430562762574
2021-11-26,29618.55078125,29806.490234375,28605.609375,28751.619140625,251900000.0,29322.34375,29155.401953125,28742.5134765625,28116.749837239582,25069.537760416668,49.54446914102473,273.5373354959047,276.7418251455736,-3.204489649668915,28742.5134765625,30795.089354626114,26689.937598498887,0.14282507893663124,0.5022181065654658,975.0140342806163,30795.779296875,26954.810546875,30795.779296875,22948.470703125,-0.03342480918273516,-0.0018479689868845517,0.029033179208409088,0.24844739460224474
2021-12-03,28337.9609375,28776.33984375,27588.609375,28029.5703125,456800000.0,29149.719921875,28933.4779296875,28743.83798828125,28190.2478515625,25132.96075846354,44.94870543991958,166.79163119385703,254.7517863552303,-87.96015516137328,28743.83798828125,30794.536883481414,26693.13909308109,0.14268789686584127,0.3258477445291807,990.2080653141437,30795.779296875,26954.810546875,30795.779296875,22948.470703125,-0.025113327517084838,-0.029873270954069886,0.000945975739136351,0.18670359185402208
2021-12-10,28069.9609375,28908.2890625,27693.91015625,28437.76953125,329800000.0,28914.959765625,28900.1478515625,28788.32646484375,28274.03349609375,25197.35125325521,47.89150912981635,113.82109819431935,226.56564872304813,-112.74455052872878,28788.32646484375,30770.79435659442,26805.858573093083,0.1377272064891757,0.41158572225747814,1006.2202682381335,30795.779296875,26954.810546875,30795.779296875,22948.470703125,0.014563163623238395,-0.039639936986202384,0.032298879455858964,0.21473742856706646
2021-12-17,28705.259765625,29070.080078125,28309.669921875,28545.6796875,309300000.0,28702.1015625,28949.821875,28851.43095703125,28357.85166015625,25262.6955078125,48.67262886889836,79.63107941183625,197.17873486080575,-117.5476554489695,28851.43095703125,30715.077722387898,26987.784191674604,0.12918920854443555,0.4179696294343797,988.6624030961241,30795.779296875,26954.810546875,30795.779296875,22948.470703125,0.003794606891775354,-0.03594366999872367,0.046258203226842376,0.21385285354571004
2021-12-24,28325.4609375,28870.130859375,27893.1796875,28782.58984375,245200000.0,28509.445703125,28921.2177734375,28899.55849609375,28454.609309895834,25325.887337239583,50.42949433949111,70.83536685392028,171.9100612594287,-101.07469440550841,28899.55849609375,30702.918747877637,27096.19824430986,0.12480192401746497,0.4675692496194138,987.8258865803296,30795.779296875,26954.810546875,30795.779296875,22948.470703125,0.008299334920154111,-0.03238363257503263,0.034599188703062334,0.25266248514253853
2021-12-31,28786.330078125,29121.009765625,28579.490234375,28791.7109375,169600000.0,28517.4640625,28919.90390625,28940.2865234375,28529.050651041667,25382.58251953125,50.49974410095538,63.86450703670562,150.30095041488408,-86.43644337817847,28940.2865234375,30694.60462043155,27185.968426443447,0.12123709249203903,0.45765431987731403,955.9468611995917,30795.779296875,26954.810546875,30795.779296875,23096.7890625,0.0003168962139792342,0.0013944187518244444,0.0291152077857062,0.18361513468445745
2022-01-07,29098.41015625,29388.16015625,28293.69921875,28478.560546875,291400000.0,28607.262109375,28878.491015625,29013.55205078125,28580.5955078125,25435.91144205729,47.98541852313909,32.69454858832614,126.7796700495725,-94.08512146124636,29013.55205078125,30548.512916213032,27478.59118534947,0.10580992377253234,0.3257312235267449,965.840723792478,30795.779296875,26954.810546875,30795.779296875,24541.279296875,-0.010876407841992286,0.01601844870860436,0.05424414118534426,0.12182728072527427
2022-01-14,28380.900390625,28814.310546875,27889.2109375,28124.279296875,298200000.0,28544.5640625,28729.7619140625,29037.708984375,28623.87734375,25487.95626627604,45.241035246641886,-20.36069861298165,97.35159631706168,-117.71229493004333,29037.708984375,30498.951336105023,27576.466632644977,0.1006444656165063,0.18744757280729163,962.9306441912296,30795.779296875,27193.099609375,30795.779296875,25425.58984375,-0.012440279396034093,-0.011023727934446725,0.01747897014922839,0.101730426740968
2022-01-21,28332.720703125,28690.33984375,27129.609375,27522.259765625,356800000.0,28339.880078125,28520.9908203125,28957.41650390625,28638.503157552084,25538.890104166665,40.95469832904553,-109.72051929932786,55.937173193783764,-165.65769249311163,28957.41650390625,30559.64136378303,27355.19164402947,0.110660760061979,0.052136290535517764,1005.6306316597132,30795.779296875,27293.619140625,30795.779296875,25901.44921875,-0.021405687409628782,-0.03585200748690354,-0.05513058155272055,0.03293519791539312
2022-01-28,27258.44921875,27627.599609375,26044.51953125,26717.33984375,363200000.0,27926.830078125,28218.137890625,28774.19150390625,28637.938151041668,25579.877360026043,36.03832208651777,-242.69153475245548,-3.7885683954640825,-238.90296635699139,28774.19150390625,30515.0623255252,27033.320682287303,0.12100224059345788,-0.090753671844374,1046.877020692948,30795.779296875,27129.609375,30795.779296875,26327.080078125,-0.029246142167451583,-0.07175344578828646,-0.12061481525957829,-0.001267245567980746
2022-02-04,26690.599609375,27564.619140625,26541.650390625,27439.990234375,405300000.0,27656.4859375,28086.975,28621.1884765625,28651.062662760418,25621.104947916665,42.69001132978909,-286.45806516015,-60.322467748401266,-226.13559741174873,28621.1884765625,30263.53194506837,26978.84500805663,0.11476416989816922,0.1403924438345104,1045.169287072023,30795.779296875,26044.51953125,30795.779296875,26044.51953125,0.027047991860389198,-0.04694825903397215,-0.10032968695108468,0.029545825947212778
2022-02-11,27327.630859375,27880.69921875,27085.3203125,27696.080078125,330100000.0,27499.98984375,28053.6259765625,28493.551953125,28666.607486979166,25661.907194010415,44.87771314382278,-297.0547830418436,-107.66893080708974,-189.38585223475388,28493.551953125,30001.352380602493,26985.751525647505,0.10583450107996294,0.2355512505278479,1027.327117013307,30414.609375,26044.51953125,30795.779296875,26044.51953125,0.00933272357470405,-0.027476124274682268,-0.08439110241356984,0.03484945036275655
2022-02-18,27305.919921875,27486.08984375,26724.91015625,27122.0703125,351400000.0,27299.548046875,27922.0560546875,28411.101953125,28674.365169270834,25697.5013671875,41.091369484465616,-347.7617680070798,-155.68749824708777,-192.07426975999203,28411.101953125,30025.740986859033,26796.462919390964,0.11366254194560987,0.10082977876362625,1023.3158887891423,30414.609375,26044.51953125,30795.779296875,26044.51953125,-0.02072530711948528,-0.035635010369362896,-0.057314517050954805,0.017461370684920485
2022-02-25,26771.580078125,26998.470703125,25775.640625,26476.5,291300000.0,27090.39609375,27715.1380859375,28332.47998046875,28658.237337239585,25723.206624348957,37.281646898893236,-435.02485217634603,-211.55496903293943,-223.4698831434066,28332.47998046875,30150.346355933652,26514.613605003848,0.1283238443452931,-0.0104830601187891,1046.3954458399178,29960.9296875,26044.51953125,30795.779296875,26044.51953125,-0.023802398012458093,-0.03799687142445851,-0.05606056712956431,-0.03525958061874912
2022-03-04,26457.51953125,27013.259765625,25774.279296875,25985.470703125,421100000.0,26944.022265625,27435.426171875,28178.32197265625,28622.344694010415,25745.557877604166,34.650186429933626,-537.6062454821658,-276.7652243227847,-260.8410211593811,28178.32197265625,30228.416185086422,26128.227760226076,0.14550860866871693,-0.03481719431124409,1060.1515189049237,29960.9296875,25775.640625,30795.779296875,25775.640625,-0.018545853752384156,-0.027393039310992906,-0.10606485634515672,-0.07653279617535225
2022-03-11,25634.08984375,25720.310546875,24681.740234375,25162.779296875,496400000.0,26488.580078125,27072.5330078125,27996.21845703125,28566.4046875,25762.640364583334,30.73582538320281,-677.4775205595761,-356.90768357014304,-320.56983698943304,27996.21845703125,30406.702157080865,25585.734756981634,0.1722006637252984,-0.08773248707260042,1077.550015322429,29960.9296875,25774.279296875,30795.779296875,25774.279296875,-0.031659669191640316,-0.0829887663242409,-0.12643948369425373,-0.1176892332599635
2022-03-18,25338.640625,26862.4296875,25219.130859375,26827.4296875,425900000.0,26314.85,26907.419921875,27892.95546875,28536.3376953125,25792.086360677084,44.418129089362026,-646.5501120882109,-414.83616927375664,-231.71394281445424,27892.95546875,30317.88022580924,25468.030711690757,0.17387363341801604,0.2802971456850099,1121.98575641547,29960.9296875,24681.740234375,30795.779296875,24681.740234375,0.0661552673091137,-0.03136365825686216,-0.07148035730545754,-0.06300832058716033
2022-03-25,27091.3203125,28338.810546875,27076.330078125,28149.83984375,325200000.0,26520.40390625,26909.9759765625,27819.8689453125,28544.445182291667,25832.04835611979,52.453357711415855,-509.4597355839978,-433.76088253580485,-75.69885304819297,27819.8689453125,30117.990795423666,25521.747095201335,0.1652144267558375,0.5717914279483348,1149.7996923411508,29960.9296875,24681.740234375,30795.779296875,24681.740234375,0.049293211151948846,0.037894213804774424,-0.04936349046416344,0.01758458409325958
2022-04-01,28084.080078125,28281.44921875,27399.48046875,27665.98046875,371800000.0,26758.3,26924.348046875,27722.66943359375,28525.89169921875,25862.405696614584,49.626423376880204,-434.8454051538138,-433.9777870594067,-0.8676180944070779,27722.66943359375,29869.158783584564,25576.180083602936,0.1548544490012021,0.4867949578123943,1130.6689107453544,29960.9296875,24681.740234375,30795.779296875,24681.740234375,-0.017188707917548895,0.04492589536947866,-0.0656532305913371,-0.03868104020747953
2022-04-08,27685.650390625,27965.939453125,26764.359375,26985.80078125,332500000.0,26958.366015625,26951.194140625,27584.666015625,28483.653873697916,25888.81544596354,45.882884714318976,-425.690729259466,-432.3203754994186,6.629646239952592,27584.666015625,29539.445907938938,25629.886123311062,0.14172945876572707,0.34682028991353514,1135.7339941296148,29960.9296875,24681.740234375,30795.779296875,24681.740234375,-0.02458541775767875,0.03849574593254146,-0.09278829091618224,-0.0858490343831223
2022-04-15,26877.599609375,27203.76953125,26304.080078125,27093.189453125,333700000.0,27344.448046875,26916.5140625,27501.74453125,28434.908365885418,25915.94435221354,46.568197240843375,-405.10046828943086,-426.87639405742107,21.775925767990202,27501.74453125,29391.086866619375,25612.402195880622,0.1373979991140222,0.39187902306621314,1118.8736697721422,29806.490234375,24681.740234375,30795.779296875,24681.740234375,0.003979450998897738,0.07671688939741794,-0.05768126237999227,-0.097432816009968
2022-04-22,26831.44921875,27580.640625,26571.380859375,27105.259765625,301900000.0,27400.0140625,26857.43203125,27455.52900390625,28403.895865885417,25944.683024088543,46.64997465766093,-383.38909395917653,-418.1789340377722,34.78984007859566,27455.52900390625,29336.164796172387,25574.893211640112,0.1369950505778686,0.4068747814644163,1111.0441051902037,29388.16015625,24681.740234375,30795.779296875,24681.740234375,0.0004455109473502361,0.010356194438353228,-0.032976265300178276,-0.06423908626200281
2022-04-29,26692.48046875,26876.94921875,26051.0390625,26847.900390625,311000000.0,27139.626171875,26830.0150390625,27376.035546875,28370.2888671875,25969.660774739583,45.06620960560081,-382.53974405417466,-411.0510960410527,28.511351986878026,27376.035546875,29217.88172935976,25534.189364390237,0.134559014531599,0.35662886475744887,1106.985290756975,29388.16015625,24681.740234375,30795.779296875,24681.740234375,-0.009494813081495912,-0.04625033251882127,-0.055906956376374994,-0.06985856240660437
2022-05-06,26851.099609375,27072.58984375,26543.2890625,27003.560546875,173000000.0,27007.1421875,26882.72109375,27298.92958984375,28325.051041666666,25994.346614583334,46.25471689682446,-365.09753728753276,-401.86038429034875,36.76284700281599,27298.92958984375,29066.060056866543,25531.799122820954,0.12946518369571788,0.4164269281525158,1065.7221115064767,29388.16015625,24681.740234375,30795.779296875,24681.740234375,0.005797852121961711,-0.023943482596730403,-0.05402285591049649,-0.09133471468524035
2022-05-13,26705.3203125,26732.609375,25688.109375,26427.650390625,441200000.0,26895.512109375,26926.9390625,27181.1826171875,28268.977701822918,26016.017203776042,42.58384588454772,-393.2128859058321,-400.13088461344546,6.917998707613378,27181.1826171875,28848.176506796997,25514.188727578003,0.12265793678567949,0.27398470646493517,1083.5599015327998,29388.16015625,24681.740234375,30795.779296875,24681.740234375,-0.02132719332512789,-0.02068311387716193,-0.0818181916884162,-0.11292946616291444
2022-05-20,26753.369140625,27053.1796875,26150.08984375,26739.029296875,391400000.0,26824.680078125,27084.5640625,27078.54853515625,28228.349869791666,26045.465950520833,45.11983642452444,-385.92017921468505,-397.28874353369343,11.368564319008385,27078.54853515625,28580.90442722869,25576.19264308381,0.11096280807827798,0.3870043908794153,1070.6691831197427,29388.16015625,24681.740234375,30795.779296875,24681.740234375,0.011782315175489888,-0.013071925579775212,-0.07129418759034112,-0.08354851601268398
2022-05-27,26991.419921875,27047.470703125,26578.029296875,26781.6796875,338500000.0,26759.9640625,27079.9890625,26993.7044921875,28177.14453125,26070.080110677085,45.47508068462378,-372.40625900265513,-392.3122466274858,19.905987624830686,26993.7044921875,28355.28397054565,25632.125013829347,0.1008812613142608,0.42214012914502547,1027.7243419147612,29388.16015625,24681.740234375,30795.779296875,24681.740234375,0.0015950612922954743,-0.011937907288952276,-0.05958450240425517,-0.10291151311382063
2022-06-03,27092.8203125,27776.330078125,27057.19921875,27761.5703125,441900000.0,26942.698046875,27041.162109375,26975.56904296875,28143.70302734375,26104.029947916668,53.00219512568587,-279.40657069974986,-369.73111144193865,90.32454074218879,26975.56904296875,28285.09827273592,25666.03981320158,0.09709001709519093,0.8001083334623236,1025.3619168226355,28814.310546875,24681.740234375,30795.779296875,24681.740234375,0.036588094415054506,0.03403133610381115,-0.012896649921098624,-0.06740413038381965
2022-06-10,27549.640625,28389.75,27523.94921875,27824.2890625,363800000.0,27106.84375,27056.99296875,26990.6705078125,28112.718359375,26141.009521484375,53.4451938594728,-198.3562414516091,-335.45613744387276,137.09989599226367,26990.6705078125,28331.65729809637,25649.683717528635,0.09936668967862178,0.8108228062824668,1013.9646928531615,28690.33984375,24681.740234375,30795.779296875,24681.740234375,0.0022591931686140043,0.030393344396207,0.010974000661538419,-0.06263035942172213
2022-06-17,27369.66015625,27389.30078125,25720.80078125,25963.0,402100000.0,27013.913671875,26954.712890625,26952.953515625,28061.757845052085,26181.176513671875,41.07221764010696,-281.07370082755006,-324.5796501206082,43.505949293058165,26952.953515625,28363.214019879193,25542.693011370804,0.10464608291901273,0.1490174997318925,1091.7878063100786,28389.75,24681.740234375,30795.779296875,24681.740234375,-0.06689439785214635,-0.017581978865205183,-0.0282340924718395,-0.10536059240721996
2022-06-24,26156.619140625,26519.16015625,25520.23046875,26491.970703125,342300000.0,26964.501953125,26894.591015625,26905.5525390625,28023.08017578125,26229.028352864585,44.97125676701974,-300.48061489471,-319.7598430754286,19.279228180718576,26905.5525390625,28310.866510082826,25500.238568042176,0.10446274752990387,0.3528507349723348,1085.15508353793,28389.75,24681.740234375,30795.779296875,24681.740234375,0.02037402084215989,-0.00923962463285355,-0.0345488290321031,-0.08054315371534038
2022-07-01,26741.80078125,27062.310546875,25841.75,25935.619140625,408100000.0,26795.28984375,26777.626953125,26817.5294921875,27966.043489583335,26299.899755859376,41.83588641680983,-356.64250281177374,-327.1363750226976,-29.506127789076118,26817.5294921875,28234.244894622992,25400.814089752006,0.10565592202281061,0.1887482305739049,1094.8269023477208,28389.75,24681.740234375,30795.779296875,24681.740234375,-0.021000761654714206,-0.03159101881387549,-0.06356354157462352,-0.11656863947824803
2022-07-08,26086.779296875,26881.75,25945.830078125,26517.189453125,391200000.0,26546.413671875,26744.555859375,26787.28544921875,27939.922135416666,26382.936083984376,46.068728643761254,-350.1866065609065,-331.7464213303394,-18.440185230567124,26787.28544921875,28202.52943119609,25372.04146724141,0.10566535266593162,0.40457617218891817,1084.205756421098,28389.75,24681.740234375,30795.779296875,24681.740234375,0.02242361400152726,-0.04482386426155083,-0.022302163972203193,-0.05580597428975598
2022-07-15,26892.73046875,27062.169921875,26278.279296875,26788.470703125,313100000.0,26339.25,26723.046875,26802.883984375,27914.4328125,26444.594759114585,47.97079806626104,-319.49716811295,-329.2965706868615,9.799402573911493,26802.883984375,28210.941168300116,25394.826800449882,0.1050675878570349,0.49488185514958255,1062.7546756053052,28389.75,24681.740234375,30795.779296875,24681.740234375,0.010230392269872768,-0.03722712760237301,0.011782928375162927,-0.0540069408842665
2022-07-22,27003.830078125,27952.25,26791.7109375,27914.66015625,242900000.0,26729.58203125,26871.7478515625,26899.34345703125,27893.853645833333,26528.71534830729,55.05714942227481,-201.97326801853706,-303.83191015319665,101.85864213465959,26899.34345703125,28334.259367647497,25464.427546415,0.10668780172336687,0.8537896164182563,1069.9707199817121,28389.75,24681.740234375,30795.779296875,24681.740234375,0.042040080063010965,0.07517082603127534,0.07424108168619759,-0.04235934769799288
2022-07-29,27697.76953125,28015.6796875,27525.08984375,27801.640625,310400000.0,26991.516015625,26978.008984375,27031.2865234375,27874.8556640625,26597.90818684896,54.25847490286317,-116.61025171358779,-266.3875784652749,149.7773267516871,27031.2865234375,28275.892806101194,25786.680240773803,0.09208635198214177,0.8094770259048494,1028.586371679447,28389.75,24681.740234375,30795.779296875,24681.740234375,-0.004048751824932917,0.04943648536197842,0.10487161600836048,-0.039385592902929645
2022-08-05,27813.8203125,28190.0390625,27530.599609375,28175.869140625,370400000.0,27439.566015625,27117.4279296875,27098.70849609375,27861.974641927085,26666.896598307292,56.50821031719946,-18.548516875369387,-216.8197661472938,198.2712492719244,27098.70849609375,28434.584336454805,25762.832655732695,0.09859332156391294,0.9031664515469189,1002.2187346398437,28389.75,25219.130859375,30795.779296875,24681.740234375,0.013460663011681584,0.08637734799594288,0.05026346052649577,-0.02669758969082603
2022-08-12,28050.08984375,28546.98046875,27729.4609375,28546.98046875,280500000.0,27845.52421875,27195.9689453125,27118.56552734375,27855.022981770835,26744.271435546874,58.67864811313812,88.09617923720361,-155.8365770703943,243.9327563075979,27118.56552734375,28526.226698738094,25710.90435594941,0.10381531205808006,1.0073717207072457,989.025934397712,28389.75,25520.23046875,30795.779296875,24681.740234375,0.013171246866344966,0.07654623500779012,0.014108095364108175,-0.014400581970839599
2022-08-19,28623.779296875,29222.76953125,28623.779296875,28930.330078125,266200000.0,28273.89609375,27306.573046875,27181.7830078125,27852.758821614585,26821.862939453124,60.85197673364046,201.22636663465892,-84.42398832938366,285.65035496404255,27181.7830078125,28782.435908344833,25581.13010728017,0.1177739444150722,1.046198076338406,966.651872119304,28546.98046875,25520.23046875,30795.779296875,24681.740234375,0.01342872706956344,0.07995452217995203,0.045700516950886394,-0.004673803397473031
2022-08-26,28654.0703125,28828.2109375,28282.2109375,28641.380859375,269700000.0,28419.240234375,27574.4111328125,27264.56201171875,27850.39384765625,26892.38203125,58.3603666919218,264.5178707450941,-14.635616514488106,279.1534872595822,27264.56201171875,28983.015858949802,25546.108164487698,0.1260576895746525,0.9005981452090553,943.8995341554252,29222.76953125,25520.23046875,30795.779296875,24681.740234375,-0.009987760871365992,0.026033657549733302,0.061350044475067644,-0.004929891275988307
2022-09-02,28161.060546875,28233.80078125,27570.740234375,27650.83984375,338700000.0,28389.080078125,27690.298046875,27292.44453125,27845.567513020833,26955.826774088542,50.696943934285784,232.0732659299647,34.70615997440245,197.36710595556224,27292.44453125,29016.956719498467,25567.932343001532,0.12637286383591556,0.6039120845135956,952.952469215752,29222.76953125,25520.23046875,30795.779296875,24681.740234375,-0.03458426185833752,-0.005424168425312126,0.02058267785672907,-0.010364199211561731
2022-09-09,27567.2890625,28286.01953125,27268.69921875,28214.75,312000000.0,28396.85625,27918.2111328125,27347.91904296875,27849.095345052083,27021.04835611979,54.37038998434903,248.993280138282,77.56358400717836,171.42969613110364,27347.91904296875,29115.61654250214,25580.221543435364,0.12927473543826137,0.7451864522238852,957.5501723074841,29222.76953125,25520.23046875,30795.779296875,24681.740234375,0.020393961248069026,0.0013799346945055913,0.04093265454633488,0.007558808576930476
2022-09-16,28483.58984375,28659.759765625,27525.6796875,27567.650390625,303400000.0,28200.990234375,28023.2572265625,27383.90654296875,27849.4228515625,27068.463020833333,49.78627633775762,207.79168960903553,103.6092051275498,104.18248448148573,27383.90654296875,29138.67908997358,25629.133995963923,0.12816086296901225,0.552355459962568,970.1594512944496,29222.76953125,25520.23046875,30795.779296875,24681.740234375,-0.022934798620402486,-0.034305907736794095,0.026808427829661197,0.000713314600878423
2022-09-23,27788.6796875,27907.44921875,26955.1796875,27153.830078125,187700000.0,27845.690234375,28059.7931640625,27391.42001953125,27847.260188802084,27104.21385091146,47.05405824120157,140.13193774584943,110.91375165120972,29.218186094639705,27391.42001953125,29140.89288385001,25641.947155212492,0.12773874907334562,0.4320967057414839,968.8815998627033,29222.76953125,25520.23046875,30795.779296875,24681.740234375,-0.01501108388405592,-0.06140614349033158,0.0055648043519724855,-0.004755963799782936
2022-09-30,26779.439453125,26779.439453125,25805.58984375,25937.2109375,446400000.0,27304.85625,27862.0482421875,27366.898046875,27815.879720052082,27134.478271484375,40.08853934526678,-11.527023652612115,86.42559659044535,-97.95262024305747,27366.898046875,29182.22843712023,25551.567656629773,0.13266614193072707,0.10621848313191383,995.9786451850102,29222.76953125,25520.23046875,30795.779296875,24681.740234375,-0.04480469742664783,-0.09441478869863429,-0.01855781523805,-0.06767884548149172
2022-10-07,25778.94921875,27399.189453125,25621.9609375,27116.109375,377200000.0,27197.91015625,27793.4951171875,27385.75205078125,27801.529036458334,27173.122607421876,48.105090666377656,-36.173604963059915,61.905756279744296,-98.07936124280421,27385.75205078125,29182.342624628713,25589.16147693379,0.13120622508493124,0.42495711607686937,1051.7822073592952,29222.76953125,25520.23046875,30795.779296875,24681.740234375,0.04545201256760989,-0.019338670064694807,0.014102235123736095,-0.030776580302243062
2022-10-14,26757.119140625,27180.16015625,26237.419921875,27090.759765625,289300000.0,26973.112109375,27684.9841796875,27401.2060546875,27802.820865885416,27211.278271484374,47.956495504001545,-57.09356081212172,38.10589286137109,-95.19945367349281,27401.2060546875,29181.994023743588,25620.418085631412,0.12997880206454998,0.41283457254401457,1043.9934950032741,29222.76953125,25520.23046875,30795.779296875,24681.740234375,-0.0009348542235328994,-0.039836973015001,0.011540727905474002,0.0028693239660166903
2022-10-21,26785.01953125,27371.380859375,26649.130859375,26890.580078125,305600000.0,26837.698046875,27519.344140625,27357.65654296875,27790.3115234375,27249.4791015625,46.7289624632917,-88.80195074158837,12.724324140779196,-101.52627488236757,27357.65654296875,29143.65622067798,25571.65686525952,0.13056671538397938,0.36923948792565436,1021.0118167887546,29222.76953125,25520.23046875,30795.779296875,24681.740234375,-0.007389223825091995,-0.024560319900540084,-0.031373954159315876,-0.027153747273227835
2022-10-28,27233.0,27578.05078125,26974.900390625,27105.19921875,392300000.0,26827.971875,27336.8310546875,27321.70205078125,27756.596354166668,27289.599007161458,48.25815028240297,-95.51210313514457,-8.922961314405558,-86.58914182073902,27321.70205078125,29097.60230282165,25545.801798740846,0.1299992400722064,0.4390442025720477,997.1874515270579,29222.76953125,25520.23046875,30795.779296875,24681.740234375,0.007981201595557597,-0.001790939224230348,-0.025843961085034506,-0.06944872838146576
2022-11-04,27404.30078125,27692.55078125,27032.01953125,27199.740234375,341400000.0,27080.477734375,27192.6669921875,27383.5390625,27703.561360677082,27327.12667643229,48.95329287938484,-92.13915458297197,-25.56619996811884,-66.57295461485313,27383.5390625,29048.557718700802,25718.520406299198,0.1216072657665304,0.44480577516639136,973.1405799894109,29222.76953125,25520.23046875,30795.779296875,24681.740234375,0.0034879291925513645,0.048676370790879275,0.04763471996206148,-0.10473689630845728
2022-11-11,27406.779296875,28329.5390625,27357.529296875,28263.5703125,423200000.0,27309.969921875,27253.9400390625,27472.11904296875,27666.286686197916,27373.059684244792,56.10038455383678,-3.5825743616624095,-21.169474846827555,17.586900485165145,27472.11904296875,29126.450825304117,25817.78726063338,0.1204371442732795,0.7392057258351117,984.3304548562387,29222.76953125,25520.23046875,30795.779296875,24681.740234375,0.039111773456591115,0.04231657726524429,0.06687307747800064,-0.07332710639697959
2022-11-18,28277.640625,28305.0390625,27743.150390625,27899.76953125,353200000.0,27471.771875,27222.4419921875,27570.3265625,27627.136002604166,27424.64109700521,53.34952617307836,36.81904382439461,-9.571771112583122,46.39081493697773,27570.3265625,29074.535782163257,26066.11734283674,0.10911798351414674,0.6095070301536087,954.1560417861502,29222.76953125,25621.9609375,30414.609375,24681.740234375,-0.012871720636408845,0.029862941188217862,0.07573177181447721,-0.07765730199489373
2022-11-25,27982.0,28502.2890625,27846.30078125,28283.029296875,273100000.0,27750.26171875,27293.9798828125,27658.6185546875,27619.001985677085,27474.25017903646,55.80797183571037,98.6265716402595,12.067897437985405,86.55867420227409,27658.6185546875,29111.626798391142,26205.610310983855,0.10506730412661135,0.714868272390496,932.8583446049967,29222.76953125,25621.9609375,30414.609375,24681.740234375,0.013737022637255736,0.051782044667854965,0.06659227015259339,-0.016962907890602952
2022-12-02,28220.560546875,28423.4609375,27662.119140625,27777.900390625,386800000.0,27884.801953125,27356.3869140625,27708.0900390625,27614.48466796875,27511.6546875,51.924080715068875,105.63213998157153,30.78074594670263,74.85139403486889,27708.0900390625,29105.536789306254,26310.643288818745,0.10086922254645865,0.5249778217131793,920.6071626242826,29222.76953125,25621.9609375,29960.9296875,24681.740234375,-0.017859787964997542,0.02481816003070203,0.03693490750050832,-0.009663077028383094
2022-12-09,27752.990234375,27952.80078125,27415.66015625,27901.009765625,322400000.0,28025.055859375,27552.766796875,27707.40751953125,27595.02431640625,27553.160595703124,52.78648465583888,119.73773893865291,48.57214454509269,71.16559439356021,27707.40751953125,29104.46332298064,26310.351716081863,0.10084348760991718,0.5692893747034791,893.2166956511196,29222.76953125,25621.9609375,29960.9296875,24681.740234375,0.004431917937237184,0.025782214286139915,-0.0004890043636065489,-0.04016773612072022
2022-12-16,27741.099609375,28195.689453125,27488.830078125,27527.119140625,291200000.0,27877.765625,27593.8677734375,27693.6814453125,27573.72880859375,27591.864501953125,49.86109908474602,99.59856873194076,58.77742938246231,40.82113934947845,27693.6814453125,29092.15779540865,26295.20509521635,0.10099605954215657,0.4404486516071405,879.9054584617539,29222.76953125,25621.9609375,29960.9296875,24681.740234375,-0.013400612671038425,-0.026056551374519454,-0.009874290804555708,-0.04435817183833313
2022-12-23,27279.919921875,27349.580078125,26106.380859375,26235.25,445000000.0,27544.86171875,27508.316796875,27596.65048828125,27529.438151041668,27617.11300455729,41.33684587905298,-20.370097989634814,42.94792390804289,-63.3180218976777,27596.65048828125,29112.22943268559,26081.07154387691,0.10983789101854384,0.050864541465269815,918.5363743752001,29222.76953125,25621.9609375,29960.9296875,24681.740234375,-0.04693077884486785,-0.0596606910815376,-0.06887521839838984,-0.09197618855926804
2022-12-30,26299.5390625,26620.490234375,25953.919921875,26094.5,274800000.0,27107.155859375,27428.7087890625,27474.02646484375,27470.8203125,27639.5130859375,40.52397586180135,-125.35842550096277,9.286654026241756,-134.64507952720453,27474.02646484375,29057.53482786523,25890.518101822272,0.11527311914384043,0.06440821625612125,900.5387985269716,29222.76953125,25621.9609375,29960.9296875,24681.740234375,-0.005364919335626661,-0.07737959303803466,-0.08591032846485103,-0.11877351573669603
2023-01-06,25834.9296875,26034.060546875,25661.890625,25973.849609375,223800000.0,26746.345703125,27315.573828125,27326.20244140625,27410.218294270835,27661.29265950521,39.801459348396406,-215.81018419358588,-35.732713617723775,-180.0774705758621,27326.20244140625,28890.182314954374,25762.222567858127,0.11446741470218272,0.0676565744534695,867.1152682750451,29222.76953125,25621.9609375,29960.9296875,24681.740234375,-0.004623594651171681,-0.06494554145132092,-0.10219311223778516,-0.12280056370897552
2023-01-13,26176.609375,26547.609375,26090.83984375,26119.51953125,308900000.0,26390.04765625,27207.5517578125,27200.109375,27349.779134114582,27685.58349609375,41.16539662207261,-272.5971787554008,-83.10560664525919,-189.49157211014165,27200.109375,28725.793835888024,25674.424914111976,0.11218222984723007,0.14586719224988262,846.1613038000419,28828.2109375,25621.9609375,29960.9296875,24681.740234375,0.005608330072967682,-0.06385038567922574,-0.08804957206871311,-0.1219110321581548
2023-01-20,25836.669921875,26816.6796875,25748.099609375,26553.529296875,362300000.0,26195.3296875,27036.54765625,27145.24384765625,27313.144303385416,27714.9470703125,45.152688916915864,-279.3600316100419,-122.35649163821574,-157.00353997182617,27145.24384765625,28681.0347638379,25609.4529314746,0.11315359145791955,0.3073583635159154,862.0483591089675,28659.759765625,25621.9609375,29806.490234375,24681.740234375,0.01661629974110901,-0.03536838848905044,-0.039684528682517706,-0.07645099335098582
2023-01-27,26880.2109375,27502.150390625,26788.759765625,27382.560546875,329200000.0,26424.791796875,26984.8267578125,27103.634375,27302.360807291665,27746.304329427083,51.86351116114968,-215.3414259364945,-140.95347849787152,-74.38794743862297,27103.634375,28564.532559861815,25642.73619013819,0.10780090704066791,0.595463932656396,868.2321258690413,28659.759765625,25621.9609375,29388.16015625,24681.740234375,0.03122113225444445,0.043731641469968885,-0.029494837031162735,-0.023083113954710188
2023-02-03,27384.76953125,27612.5703125,27302.220703125,27509.4609375,372200000.0,26707.783984375,26907.469921875,27100.72490234375,27286.888997395832,27780.46124674479,52.81520918904114,-152.60725727133104,-143.28423425256344,-9.3230230187676,27100.72490234375,28558.142657698336,25643.307146989166,0.1075556289070735,0.6402261066377654,828.3833746908955,28659.759765625,25621.9609375,29388.16015625,24681.740234375,0.004634350772557028,0.054224489355994665,-0.002110787546289683,-0.03264350928542026
2023-02-10,27764.66015625,27821.220703125,27424.689453125,27670.98046875,382200000.0,27047.21015625,26896.7779296875,27126.582421875,27272.310677083333,27815.081168619792,54.06018460636738,-88.83269235109401,-132.39392587226956,43.56123352117555,27126.582421875,28605.049979389223,25648.114864360774,0.10900507365955409,0.6841088917061894,797.5367943558315,28502.2890625,25621.9609375,29388.16015625,24681.740234375,0.005871417532206991,0.06533998174696598,0.019045209796816565,-0.03064208764077969
2023-02-17,27550.349609375,27727.66015625,27266.939453125,27513.130859375,335200000.0,27325.932421875,26857.9900390625,27205.37841796875,27251.15302734375,27852.88116861979,52.59954236186231,-50.44651839106518,-116.0044443760287,65.55792598496352,27205.37841796875,28586.680020066677,25824.076815870823,0.1015462149341468,0.6113994369292102,773.4785021250578,28502.2890625,25621.9609375,29388.16015625,24681.740234375,-0.00570451811612771,0.053355167060314734,0.06075903556756512,-0.04410509934187379
2023-02-24,27497.130859375,27538.2890625,27046.080078125,27453.48046875,274800000.0,27505.92265625,26850.626171875,27222.24697265625,27228.849186197916,27878.94991861979,52.027466693761355,-24.55542729399167,-97.7146409596213,73.15921366562964,27222.24697265625,28607.011593999232,25837.482351313265,0.10173771641510188,0.5834919857605456,753.387822285768,28502.2890625,25621.9609375,29388.16015625,24681.740234375,-0.002168069891059776,0.03389196071879286,0.012441721969931319,-0.04647971326382727
2023-03-03,27322.73046875,27961.2109375,27292.740234375,27927.470703125,363000000.0,27614.9046875,27019.8482421875,27264.08251953125,27219.66435546875,27900.129931640626,56.112134612250244,33.820636305357766,-71.4075855066255,105.22822181198326,27264.08251953125,28680.62144574349,25847.54359331901,0.10391245883278637,0.7341581199493117,747.3223137742847,28502.2890625,25661.890625,29388.16015625,24681.740234375,0.017265214693435338,0.01989989779506529,0.03088547330302971,-0.01935104279034472
2023-03-10,28182.310546875,28734.7890625,28118.740234375,28143.970703125,386300000.0,27741.806640625,27224.7953125,27326.75205078125,27219.992545572917,27921.934944661458,57.87639554536621,96.44210338398989,-37.83764772850242,134.2797511124923,27326.75205078125,28782.022636364713,25871.48146519779,0.10650885863633808,0.7807789356974124,751.6077456029072,28502.2890625,25661.890625,29222.76953125,24681.740234375,0.007752223690481674,0.023065147189418544,0.046610769323626844,0.0007001568304076944
2023-03-17,27886.2109375,27906.970703125,26632.919921875,27333.7890625,517000000.0,27674.368359375,27360.7892578125,27338.18154296875,27216.8513671875,27927.67726236979,49.8073690546062,79.77557659078957,-14.315002864644022,94.09057945543358,27338.18154296875,28789.8987043085,25886.464381628997,0.1062043690841702,0.4984871431620004,805.8536767205567,28734.7890625,25661.890625,29222.76953125,24681.740234375,-0.02878704107430874,-0.012185741182203613,0.0084334316049548,-0.006847937078204525
2023-03-24,27253.73046875,27520.970703125,26945.669921875,27385.25,280900000.0,27648.7921875,27487.3623046875,27347.45703125,27227.983203125,27932.960677083334,50.28152093751394,69.91377908511276,2.530753525307336,67.38302555980543,27347.45703125,28797.887473064206,25897.026589435794,0.1060742459642076,0.5130281906875618,789.3856127583741,28734.7890625,25661.890625,29222.76953125,24681.740234375,0.0018826858355542875,-0.004647993717204479,0.006820277106564188,0.024999126415882422
2023-03-31,27482.390625,28124.619140625,27359.720703125,28041.48046875,380700000.0,27766.3921875,27636.157421875,27336.3525390625,27238.008040364584,27944.5353515625,55.99083609584076,113.7394306366732,24.77248894758051,88.96694168909269,27336.3525390625,28761.742389278126,25910.962688846874,0.10428529908507757,0.747345640065008,787.6365288113475,28734.7890625,25661.890625,29222.76953125,24681.740234375,0.02396291685305041,0.021418049367886605,-0.00785781277080122,0.021920205846921004
2023-04-07,28203.349609375,28287.419921875,27427.66015625,27518.310546875,344900000.0,27684.56015625,27649.732421875,27317.27958984375,27235.04521484375,27950.82635091146,50.966043261991736,105.04523873249491,40.827038904563395,64.21819982793151,27317.27958984375,28722.062533018394,25912.496646669108,0.10284940259548576,0.5715523198825803,792.7881885837512,28734.7890625,25661.890625,29222.76953125,24681.740234375,-0.01865700074067167,-0.01465081319391437,-0.013672477973258323,-0.006418580923673978
2023-04-14,27658.51953125,28515.509765625,27597.1796875,28493.470703125,308300000.0,27754.46015625,27748.1333984375,27327.80166015625,27257.901888020835,27966.133528645834,58.45085912492818,174.82700695591848,67.62703251483441,107.19997444108407,27327.80166015625,28764.159160657407,25891.44415965509,0.10512060343261043,0.9057726027684745,807.388976452769,28734.7890625,25661.890625,29222.76953125,24681.740234375,0.0354367741649293,0.01241829035734443,0.007440553981721276,0.050564001008173376
2023-04-21,28537.990234375,28778.369140625,28414.98046875,28564.369140625,296400000.0,28000.576171875,27837.472265625,27367.12509765625,27292.69970703125,27975.468522135416,58.941576962922156,233.16271773545304,100.73416955895814,132.4285481764949,27367.12509765625,28891.01472345443,25843.235471858072,0.11136643840815323,0.8928250519920885,775.6746689829284,28734.7890625,25661.890625,29222.76953125,24681.740234375,0.0024882345235754944,0.045020471743277835,0.028312750025751843,0.07885744492757718
2023-04-28,28631.779296875,28879.240234375,28241.669921875,28856.439453125,355600000.0,28294.8140625,27971.803125,27414.89658203125,27340.549186197917,27981.446940104168,60.98579847701318,299.50926572243407,140.48918879165333,159.02007693078073,27414.89658203125,29057.97783835438,25771.81532570812,0.11986776980220798,0.9386705969489354,765.8100720912907,28778.369140625,25661.890625,29222.76953125,24681.740234375,0.0102249873281679,0.05372196540564711,0.03424355231318987,0.11048361535566631
2023-05-05,29058.05078125,29278.80078125,29016.830078125,29157.94921875,137300000.0,28518.1078125,28142.25,27496.4380859375,27407.1353515625,27986.77001953125,63.032008449640855,372.12902945756286,186.81715692483527,185.3118725327276,27496.4380859375,29307.03126657919,25685.844905295813,0.13169656193161106,0.9588306060623861,741.2780189508414,28879.240234375,25661.890625,29222.76953125,24681.740234375,0.010448612903708243,0.03981490033110835,0.059244487946368274,0.15877299859205807
2023-05-12,29095.4609375,29426.060546875,28931.810546875,29388.30078125,436100000.0,28892.105859375,28288.3330078125,27654.090625,27449.816536458333,27993.077115885415,64.56126431988216,443.15969230465635,238.0856640007995,205.07402830385684,27654.090625,29545.264912963867,25762.916337036135,0.1367735655175872,0.9585008815123903,723.6331604543528,29278.80078125,25661.890625,29278.80078125,25219.130859375,0.007900129078758145,0.06795439826110106,0.12018375206068166,0.09545719152301846
2023-05-19,29547.0390625,30924.5703125,29475.970703125,30808.349609375,460100000.0,29355.081640625,28554.7708984375,27889.78310546875,27494.125032552085,28019.285107421874,72.19688788605245,607.0404920232686,311.8766296052934,295.1638624179752,27889.78310546875,30093.81163764388,25685.754573293616,0.15805275529324264,1.1620981673558348,781.6786155111848,29426.060546875,25661.890625,29426.060546875,25520.23046875,0.04832020873527343,0.08124243376206586,0.18064533175094377,0.09444138156314441
2023-05-26,30735.7109375,31352.529296875,30558.140625,30916.310546875,411600000.0,29825.469921875,28913.023046875,28136.90615234375,27548.297200520832,28037.09444986979,72.67885045588264,737.1315581330236,396.9276153108394,340.2039428221842,28136.90615234375,30526.7337628381,25747.078541849398,0.16987138511639688,1.0815072983352791,782.5864766800288,30924.5703125,25661.890625,30924.5703125,25520.23046875,0.0035042752652725273,0.08233829337070864,0.19028603814338196,0.11748472394811382
2023-06-02,31388.009765625,31560.4296875,30785.98046875,31524.220703125,520500000.0,30359.026171875,29326.9201171875,28407.1412109375,27623.937532552085,28053.795703125,75.27761915964336,879.1486559183577,493.37182343234315,385.77683248601454,28407.1412109375,31033.92218347817,25780.360238396832,0.18493807265120288,1.093326875131999,782.005243970741,31352.529296875,25748.099609375,31352.529296875,25520.23046875,0.019663088689974684,0.09245011860640662,0.20692192156937228,0.1681780710775993
2023-06-09,31864.119140625,32708.529296875,31420.44921875,32265.169921875,480700000.0,30980.4703125,29749.2890625,28692.7232421875,27710.13720703125,28072.522786458332,78.02169766287759,1039.503884956226,602.5982357371198,436.9056492191063,28692.7232421875,31669.87818822288,25715.568296152123,0.207519859366852,1.0999766126457173,818.1534464103311,31560.4296875,25748.099609375,31560.4296875,25520.23046875,0.02350412483556008,0.10656513185525762,0.21509911398754,0.19089596216415372
2023-06-16,32412.119140625,33772.76171875,32280.5390625,33706.078125,507600000.0,31844.02578125,30368.0658203125,29008.89912109375,27820.150846354165,28112.023356119793,82.16705413812055,1268.236369665883,735.7258625228725,532.5105071430106,29008.89912109375,32634.78149724174,25383.01674494576,0.2499841418326309,1.1477290927589836,867.3990428720931,32708.529296875,26632.919921875,32708.529296875,25520.23046875,0.04465831751743221,0.1469216398691815,0.23093229602469245,0.24352536800795344
2023-06-23,33768.69140625,33772.890625,32575.560546875,32781.5390625,445600000.0,32238.663671875,30796.87265625,29272.50302734375,27919.04482421875,28144.666845703126,72.6930365769608,1359.2374923624448,860.428188490787,498.8093038716578,29272.50302734375,33179.67263977607,25365.33341491143,0.2669515216230462,0.9490508965864649,890.9655453901579,33772.76171875,26632.919921875,33772.76171875,25520.23046875,-0.02742944637674305,0.06404722999263024,0.19164599906111857,0.22100941174330946
2023-06-30,32647.080078125,33527.98046875,32306.990234375,33189.0390625,474000000.0,32693.209375,31259.3396484375,29548.40595703125,28022.1361328125,28173.593587239582,74.1099904432397,1447.551904818578,977.8529317563452,469.69897306223265,29548.40595703125,33733.66110763706,25363.150806425438,0.2832812813450535,0.934935622137849,914.5387374605039,33772.890625,26632.919921875,33772.890625,25520.23046875,0.012430776945007826,0.07351228123352915,0.19941680779912274,0.22906159004060744
2023-07-07,33517.6015625,33762.80859375,32327.900390625,32388.419921875,495600000.0,32866.04921875,31612.5376953125,29792.17041015625,28121.482291666667,28195.22999674479,66.77835202701388,1436.380736353225,1069.5584926757213,366.8222436775038,29792.17041015625,34042.2696043771,25542.0712159354,0.2853165201265079,0.8054339902523979,951.7079850079679,33772.890625,26632.919921875,33772.890625,25520.23046875,-0.024122998533260165,0.027413817042092115,0.17719862880813375,0.22555049136583616
2023-07-14,32393.4609375,32780.62890625,31791.7109375,32391.259765625,444900000.0,32891.2671875,31935.86875,30039.059375,28215.6861328125,28222.018001302084,66.79090176110874,1411.48592538917,1137.9439792184112,273.5419461707588,30039.059375,34290.727927933716,25787.39082206629,0.2830760111265111,0.7766208561815037,954.3658409895415,33772.890625,26632.919921875,33772.890625,25520.23046875,8.768083644872249e-05,0.0039079243672142105,0.179859865218023,0.21138502845391538
2023-07-21,32457.1796875,32896.03125,32080.94921875,32304.25,318000000.0,32610.9015625,32227.463671875,30257.89833984375,28307.728971354165,28242.436751302084,65.96864182247289,1368.9551842091932,1184.1462202165676,184.80896399262565,30257.89833984375,34502.84591119835,26012.95076848915,0.28058442947207807,0.7410337967381825,944.4169974367171,33772.890625,26632.919921875,33772.890625,25520.23046875,-0.002686211226564872,-0.04158977261612218,0.15671950186256045,0.20620701826545962
2023-07-28,32648.140625,32938.58984375,32037.55078125,32759.23046875,531100000.0,32606.43984375,32422.5517578125,30488.661328125,28391.023307291667,28267.363167317708,68.17496987196148,1356.3274878093907,1218.5824737351322,137.7450140742585,30488.661328125,34750.605500644204,26226.717155605795,0.27957568399945926,0.7663771566114724,941.3185735126658,33772.890625,26632.919921875,33772.890625,25520.23046875,0.014084229435755269,-0.0006805230745104973,0.16398751314477944,0.18002080213739702
2023-08-04,33128.828125,33488.76953125,31934.349609375,32192.75,596200000.0,32407.18203125,32550.195703125,30731.609375,28463.830989583334,28288.274674479166,62.72252587002701,1285.7879448288113,1232.023567953868,53.76437687494331,30731.609375,34795.86981862187,26667.348931378132,0.264500332151698,0.6797547973694698,985.1115269671183,33772.890625,26632.919921875,33772.890625,25520.23046875,-0.017292239794533093,-0.030018617309884643,0.17776389970632156,0.1570017091070106
2023-08-11,31921.279296875,32539.880859375,31830.23046875,32473.650390625,398400000.0,32424.228125,32645.138671875,30986.02939453125,28572.341829427085,28317.049837239585,64.24939475055355,1238.2770754229023,1233.274269447675,5.002805975227375,30986.02939453125,34810.504774884765,27161.554014177735,0.24685159441748283,0.6944869358730507,965.4357315141099,33772.890625,26945.669921875,33772.890625,25520.23046875,0.00872557922591266,0.0026315105508569747,0.18580806786956483,0.25076649041424326
2023-08-18,32456.720703125,32613.990234375,31275.25,31450.759765625,418000000.0,32236.128125,32563.69765625,31156.493359375,28654.988313802085,28339.034244791666,55.35751834778727,1105.3439275929413,1207.6882010767283,-102.34427348378699,31156.493359375,34736.9264714424,27576.0602473076,0.22983543563576586,0.5410936885342464,992.1003388613163,33772.890625,27359.720703125,33772.890625,25520.23046875,-0.03149909581139376,-0.029035610433345904,0.12157986097325968,0.18718082992274554
2023-08-25,31552.849609375,32297.91015625,31409.859375,31624.279296875,343900000.0,32100.133984375,32355.5177734375,31361.791796875,28749.79931640625,28357.92140299479,56.45838016593371,1002.4395273404843,1166.6384663294796,-164.19893898899522,31361.791796875,34531.555412266425,28192.028181483576,0.2021417421505407,0.5414049014136951,984.6682276033653,33772.890625,27427.66015625,33772.890625,25621.9609375,0.00551718090574238,-0.021048954955617316,0.14920860577562878,0.21933774263901817
2023-09-01,31915.6796875,32845.4609375,31881.9296875,32710.619140625,439500000.0,32090.41171875,32348.42578125,31572.64921875,28853.02314453125,28396.47263997396,62.665582302999795,997.0521981274178,1132.7212126890672,-135.66901456164942,31572.64921875,34503.173374818245,28642.125062681756,0.18563688689943056,0.6941580859380739,1001.5620428191963,33772.890625,27597.1796875,33772.890625,25621.9609375,0.034351449832323855,-0.0014838971315693783,0.14800402806097912,0.23356282529293915
2023-09-08,32797.3203125,33322.44921875,32512.80078125,32606.83984375,489400000.0,32173.2296875,32290.205859375,31774.77275390625,28949.995963541667,28432.214388020835,61.75979371989356,973.1902475900824,1100.8150196692704,-127.624772079188,31774.77275390625,34387.91576176519,29161.629746047314,0.16447909969947389,0.6592081044438319,987.8539281535395,33772.890625,28241.669921875,33772.890625,25621.9609375,-0.003172648503803832,0.012862829169611123,0.14152144173825598,0.21719676367887097
2023-09-15,32690.5390625,33634.30859375,32391.689453125,33533.08984375,555000000.0,32385.117578125,32404.6728515625,32008.6052734375,29043.636458333334,28468.745052083334,66.4244823557686,1017.2933889344495,1084.1106935223063,-66.81730458785682,32008.6052734375,34359.096230143834,29658.114316731167,0.14686619030269962,0.8242906691393338,1006.0514433300725,33772.890625,28241.669921875,33772.890625,25621.9609375,0.02840661666198052,0.03262458763893261,0.16206609267307037,0.2012716492356097
2023-09-22,33296.23046875,33337.23046875,32154.529296875,32402.41015625,448400000.0,32575.44765625,32405.787890625,32170.8283203125,29120.315950520835,28497.585807291667,57.24467475932897,950.0573748716706,1057.3000297921792,-107.24265492050858,32170.8283203125,34126.66853324624,30214.98810737876,0.12159091419469803,0.559202647129883,1032.6592364404244,33772.890625,28931.810546875,33772.890625,25621.9609375,-0.03371832696505117,0.03025842293530645,0.11127191810230785,0.16548554070269006
2023-09-29,32517.259765625,32722.220703125,31674.419921875,31857.619140625,522100000.0,32622.115625,32361.1248046875,32294.29423828125,29181.678450520834,28521.826546223958,53.41432712083219,843.0936090475916,1014.4587456432618,-171.36513659567015,32294.29423828125,33789.440954777354,30799.147521785148,0.09259510088464946,0.3539691480313033,1033.7407753553941,33772.890625,28931.810546875,33772.890625,25621.9609375,-0.01681328682026817,0.007378503129178204,0.08402385621935804,0.13067032578922366
2023-10-06,32101.970703125,32401.580078125,30487.669921875,30994.669921875,558700000.0,32278.92578125,32184.66875,32303.61025390625,29222.473274739583,28538.748128255207,47.94214495037427,680.8429305210593,947.7355826188212,-266.8926520977619,32303.61025390625,33763.51262597926,30843.70788183324,0.09038632899531553,0.05170278606623475,1096.610016847866,33772.890625,29475.970703125,33772.890625,25621.9609375,-0.027087687091141177,-0.052458475682561234,0.006047721311345455,0.08574249930932121
2023-10-13,31314.669921875,32533.080078125,31314.669921875,32315.990234375,382600000.0,32220.755859375,32196.9927734375,32373.59423828125,29278.900944010416,28565.8298828125,55.465431275484,651.3690286211131,888.4622718192796,-237.09324319816653,32373.59423828125,33687.68497375802,31059.503502804484,0.08118287551296216,0.47808218171275957,1128.167169662304,33772.890625,30487.669921875,33772.890625,25621.9609375,0.04263056570147428,-0.00891989566510376,0.04527317984394741,0.11702805142931938
2023-10-20,31983.0390625,32260.76953125,31093.900390625,31259.359375,408500000.0,31766.009765625,32075.563671875,32360.351171875,29322.533919270834,28586.46388346354,49.32639047508809,536.5642901610881,818.0826754876414,-281.51838532655324,32360.351171875,33713.18143894475,31007.52090480525,0.08361035761846261,0.09307836922522295,1134.8759320971396,33772.890625,30487.669921875,33772.890625,25621.9609375,-0.03269684300903908,-0.0678055759056091,-0.008401835865168406,0.09140545731642247
2023-10-27,31151.98046875,31466.919921875,30551.669921875,30991.689453125,424800000.0,31483.865625,32029.656640625,32296.6771484375,29378.21474609375,28611.89112955729,47.880621600796765,419.15027862361967,738.2961961148371,-319.14591749121746,32296.6771484375,33775.44937310943,30817.904923765564,0.09157426430436838,0.058759735427810884,1119.1883655187726,33772.890625,30487.669921875,33772.890625,25621.9609375,-0.008562872919560593,-0.04353752379289877,-0.03946920074599114,0.12082271743836892
2023-11-03,30663.48046875,32087.130859375,30538.2890625,31949.890625,572500000.0,31502.319921875,32062.2177734375,32208.8677734375,29440.46708984375,28644.781217447915,53.171979557597446,398.8203029119468,670.4010174742591,-271.5807145623123,32208.8677734375,33544.04390531305,30873.691641561956,0.08290736211327854,0.4030176085930656,1149.8778963299317,33772.890625,30487.669921875,33772.890625,25621.9609375,0.03091800378692744,0.0028963710052436475,-0.05210299143932218,0.13238255256559062
2023-11-10,32450.8203125,32766.5390625,32049.33984375,32568.109375,629100000.0,31817.0078125,32047.966796875,32198.1962890625,29523.808072916665,28686.615462239584,56.25758790608246,427.66389398785395,621.8535927769781,-194.18969878912412,32198.1962890625,33518.21909394521,30878.17348417979,0.08199358703401113,0.640116172451417,1126.0757921277936,33772.890625,30487.669921875,33772.890625,25621.9609375,0.01934963588001337,0.05076483979635871,-0.006510667088969857,0.18138865349495004
2023-11-17,32818.1484375,33614.12890625,32499.279296875,33585.19921875,489900000.0,32070.849609375,32145.802734375,32218.004296875,29630.99755859375,28739.128873697915,60.83042461624623,526.523858645749,602.7876459507323,-76.26378730498334,32218.004296875,33606.99397350117,30829.01462024882,0.08622443921896808,0.9921544576183924,1125.2739219311654,33762.80859375,30487.669921875,33772.890625,25621.9609375,0.031229625031004682,0.03927495259065039,0.011936475638959276,0.23684942868542436
2023-11-24,33559.62109375,33853.4609375,33182.98828125,33625.53125,343100000.0,32544.083984375,32155.046875,32279.85986328125,29759.13623046875,28787.507975260418,61.0045141899446,601.1953450313267,602.4691857668512,-1.273840735524459,32279.85986328125,33797.88687394284,30761.83285261966,0.09405412644857028,0.9432303830128401,1092.7881172396537,33762.80859375,30487.669921875,33772.890625,25621.9609375,0.001200887062997813,0.07569482939859506,0.03819610006011631,0.2964204721558643
2023-12-01,33710.03125,33811.41015625,33161.0703125,33431.51171875,495800000.0,33032.0484375,32257.95703125,32331.8724609375,29864.392936197917,28832.960986328126,59.63148564277619,637.3700758031482,609.4493637741106,27.920712029037645,32331.8724609375,33930.73554933214,30733.00937254286,0.0989032163433369,0.8438816199442724,1061.1846691332498,33853.4609375,30487.669921875,33853.4609375,25621.9609375,-0.005770006421831675,0.07872504883334086,0.032115205171147965,0.23290223005120914
2023-12-08,33318.0703125,33452.12890625,32205.380859375,32307.859375,513900000.0,33103.6421875,32302.9810546875,32332.0529296875,29951.344596354167,28877.08273111979,52.291134252027206,568.8125402875849,601.3219990768055,-32.509458789220616,32332.0529296875,33930.904320763155,30733.201538611844,0.09890194071825113,0.4924340827350994,1074.4391961148035,33853.4609375,30487.669921875,33853.4609375,25661.890625,-0.03361057535187084,0.011204068089043728,0.00011173065463521148,0.19257856385389704
2023-12-15,32665.08984375,33172.12890625,32515.0390625,32970.55078125,578400000.0,33184.13046875,32500.569140625,32342.6189453125,30052.67744140625,28921.494482421876,55.750626837514254,561.4814489686942,593.3538890551832,-31.872440086489064,32342.6189453125,33955.35543318456,30729.882457440446,0.09972825581001964,0.6946789945721478,1059.427077195889,33853.4609375,30487.669921875,33853.4609375,25661.890625,0.020511770791066253,0.012356916442896937,0.00645071051658519,0.2261003922362741
2023-12-22,32769.23046875,33824.05859375,32541.23046875,33169.05078125,516200000.0,33100.90078125,32585.8751953125,32391.433984375,30153.741634114584,28955.168994140626,56.76200305011226,565.1738252975592,587.7178763036585,-22.544051006099266,32391.433984375,34041.73490326694,30741.13306548306,0.10189736704389264,0.7355984863042786,1075.3842948961826,33853.4609375,30487.669921875,33853.4609375,25661.890625,0.006020524234399138,-0.012390828316649394,0.030326728261798053,0.22371543974136654
2023-12-29,33414.51171875,33755.75,33181.359375,33464.171875,383200000.0,33068.62890625,32806.3564453125,32440.96005859375,30258.148828125,28980.855094401042,58.288465763896696,585.1684088139373,587.2079828057142,-2.0395739917769333,32440.96005859375,34156.32684260546,30725.593274582043,0.10575314546261702,0.7982486969968247,1040.4782180285981,33853.4609375,30487.669921875,33853.4609375,25661.890625,0.00889748385313549,-0.004798716005416259,0.03050231410574522,0.23031218631669215
2024-01-05,33193.05078125,33568.0390625,32693.1796875,33377.421875,232600000.0,33057.8109375,33044.9296875,32537.2931640625,30343.3796875,29004.83318684896,57.644251182036236,587.2448670240483,587.2153596493811,0.029507374667218755,32537.2931640625,34235.72060070262,30838.865727422377,0.10439881572668969,0.7473254649605373,1028.6483006694125,33853.4609375,30487.669921875,33853.4609375,25661.890625,-0.0025923247204215905,-0.0016179299400231884,0.06125963645179722,0.18093437969647885
2024-01-12,33704.828125,35839.6484375,33600.3203125,35577.109375,477400000.0,33711.6609375,33407.6515625,32734.93466796875,30471.3353515625,29049.235677083332,67.46378973363747,757.6531192738548,621.3029115742759,136.35020769957896,32734.93466796875,34834.883418816484,30634.98591712102,0.12830016446634546,1.1767247786127841,1131.046747943026,33853.4609375,30487.669921875,33853.4609375,25661.890625,0.06590345738019954,0.10119054815899586,0.12499352288846,0.27517574419927593
2024-01-19,35634.12109375,36239.21875,35371.25,35963.26953125,553000000.0,34310.2046875,33747.167578125,32897.5671875,30599.33935546875,29109.170670572916,68.82996724473412,913.334433423719,679.7092159441645,233.62521747955452,32897.5671875,35425.0755177478,30370.058857252196,0.1536592852500152,1.1064673075576839,1112.255462375667,35839.6484375,30487.669921875,35839.6484375,25661.890625,0.01085417458118032,0.09076944967816325,0.09943713925565434,0.2715494211655607
2024-01-26,36294.1015625,36984.51171875,35687.578125,35751.0703125,524300000.0,34826.60859375,33963.7546875,33054.7787109375,30732.225520833334,29173.355094401042,67.16111057979782,1007.971030382454,745.3615788318225,262.60945155063155,33054.7787109375,35865.655450722086,30243.901971152914,0.17007385009989462,0.979617544839254,1125.446757473834,36239.21875,30487.669921875,36239.21875,25661.890625,-0.005900442910665049,0.0778442394471408,0.0964285555980573,0.28703285020655955
2024-02-02,35814.2890625,36441.08984375,35704.578125,36158.01953125,527400000.0,35365.378125,34217.003515625,33186.0251953125,30869.842350260416,29232.433333333334,68.72710662370713,1103.0928485224067,816.9078327699394,286.1850157524673,33186.0251953125,36302.495939188506,30069.55445143649,0.18781825937480504,0.9768205095102517,1097.6656832792744,36984.51171875,30487.669921875,36984.51171875,25661.890625,0.011382854140949084,0.08049945674174852,0.07827878968896274,0.2959394600763847
2024-02-09,36419.33984375,37287.26171875,35854.62890625,36897.421875,689500000.0,36069.378125,34563.59453125,33410.77578125,31026.0140625,29299.871435546876,71.3961294633883,1224.0312935919137,898.3325249343344,325.6987686575793,33410.77578125,36895.37348411731,29926.178078382683,0.2085912476670391,1.0002939207129995,1121.5919067950406,36984.51171875,30487.669921875,36984.51171875,25661.890625,0.020449193659817677,0.1054605119946821,0.13872461020875537,0.34040259303946363
2024-02-16,37248.359375,38865.05859375,37184.1015625,38487.23828125,542500000.0,36651.40390625,35181.532421875,33742.25673828125,31230.2138671875,29379.826009114582,76.11610923342508,1431.6575232065807,1004.9975245887838,426.6599986177969,33742.25673828125,37788.803147757906,29695.71032880459,0.2398503716490173,1.0863001511432588,1182.0236790775377,37287.26171875,30487.669921875,37287.26171875,25661.890625,0.043087465884091625,0.08179778957238559,0.20810152545803007,0.4670048229481327
2024-02-23,38473.41015625,39156.96875,38095.1484375,39098.6796875,438100000.0,37278.4859375,35794.3453125,34147.4572265625,31446.9501953125,29458.88525390625,77.64403188509685,1626.7884133097323,1129.3557023329736,497.4327109767587,34147.4572265625,38613.57352606484,29681.340927060162,0.26157826451735056,1.0543096203617908,1173.4377243219992,38865.05859375,30487.669921875,38865.05859375,25661.890625,0.015886861036425115,0.08718367926824655,0.2614646255647155,0.498349448638602
2024-03-01,39320.640625,39990.23046875,38876.80859375,39910.8203125,653500000.0,38110.4359375,36468.522265625,34527.19873046875,31679.233040364583,29544.725667317707,79.51826698608869,1825.9159877403,1268.667759414439,557.248228325861,34527.19873046875,39561.2623876844,29493.1350732531,0.2915998889173311,1.034719259490745,1169.1508779418564,39156.96875,30538.2890625,39156.96875,25661.890625,0.020771561379850034,0.11635315988135853,0.23501771175949493,0.5365770154492076
2024-03-08,40201.76171875,40472.109375,39518.3984375,39688.94140625,628000000.0,38816.6203125,37090.99921875,34948.67783203125,31905.390071614584,29627.584602864583,77.60407894438251,1943.4197189153565,1403.6181513146225,539.801567600734,34948.67783203125,40223.54096317028,29673.814700892224,0.3018633870208673,0.9493257413861239,1153.7623107674383,39990.23046875,30538.2890625,39990.23046875,25748.099609375,-0.00555936722203898,0.09765252413640524,0.26966586007490756,0.519512690835114
2024-03-15,39232.140625,39241.28125,38271.37890625,38707.640625,629400000.0,39178.6640625,37624.02109375,35334.475390625,32107.95859375,29710.55144856771,69.621687032871,1935.0534092927846,1509.905202910255,425.1482063825297,35334.475390625,40523.23544260341,30145.715338646587,0.2936939062836688,0.8250454058950806,1172.605181426907,40472.109375,30538.2890625,40472.109375,25748.099609375,-0.024724790999224533,0.049060846476824516,0.24896839468998277,0.4577211259655558
2024-03-22,38960.98828125,41087.75,38935.46875,40888.4296875,556700000.0,39658.90234375,38155.153125,35781.40234375,32333.056412760416,29817.708610026042,75.62276357646661,2080.41279666208,1624.0067216606199,456.40607500146007,35781.40234375,41258.852017686186,30303.952669813814,0.30616182235199296,0.9661866057894792,1258.8554809678421,40472.109375,30538.2890625,40472.109375,26632.919921875,0.05634001523439536,0.062389288332485915,0.27976743856224084,0.4932288606649804
2024-03-29,40798.9609375,40979.359375,40054.05859375,40369.44140625,581800000.0,39913.0546875,38595.7703125,36171.4689453125,32547.389420572916,29917.139208984376,71.97860302646541,2129.1891740549763,1725.0432121394913,404.14596191548503,36171.4689453125,41787.41207742193,30555.525813203076,0.3105178360657759,0.873754894074282,1235.0301452737108,41087.75,32049.33984375,41087.75,26632.919921875,-0.012692790728734193,0.032501397205907834,0.2395389901643623,0.46747482613225966
2024-04-05,40646.69921875,40697.21875,38774.23828125,38992.078125,648200000.0,39729.30625,38919.87109375,36441.812890625,32736.074381510418,30004.192529296874,63.26524101749208,2033.264886909179,1786.687547093429,246.57733981575007,36441.812890625,42054.2885366496,30829.337244600403,0.3080239538504661,0.7271961069605167,1284.1694540934457,41087.75,32205.380859375,41087.75,26632.919921875,-0.03411895813442578,-0.02301987732415145,0.16098993104174997,0.4091325086595825
2024-04-12,39391.98046875,39774.8203125,39065.30859375,39523.55078125,525700000.0,39696.228125,39256.42421875,36736.7138671875,32936.248046875,30093.700537109376,65.02462961991328,1977.3361001920057,1824.8172577131445,152.5188424788612,36736.7138671875,42346.09438224864,31127.333352126363,0.3053828132445632,0.748408617188642,1248.3532207653425,41087.75,32205.380859375,41087.75,26632.919921875,0.013630272655543507,-0.004167171487570953,0.1754030140787739,0.43653410377985
2024-04-19,39056.9296875,39232.80078125,36733.05859375,37068.3515625,621800000.0,39368.3703125,39273.5171875,36918.555859375,33096.4958984375,30162.67254231771,52.5123479674607,1715.1271575339051,1802.8792376772967,-87.7520801433916,36918.555859375,42319.482463767985,31517.62925498202,0.292586016905181,0.5138675929240695,1358.5060041035322,41087.75,32205.380859375,41087.75,26632.919921875,-0.062119904973587214,-0.042350529146982896,0.10878478587345142,0.3502241220268776
2024-04-26,37240.9296875,38460.078125,37052.62890625,37934.76171875,575200000.0,38777.63671875,39218.26953125,37199.9009765625,33263.28408203125,30241.47421875,55.74835547432927,1559.262532217348,1754.1558965853071,-194.89336436795907,37199.9009765625,42180.68588877251,32219.116064352493,0.2677848478869937,0.5737695719791116,1362.0019480068513,41087.75,32205.380859375,41087.75,26632.919921875,0.02337331226583328,-0.07223725614615539,0.17416512429493025,0.35833144798555683
2024-05-03,38312.66015625,38608.171875,37958.19140625,38236.0703125,361800000.0,38350.9625,39132.00859375,37463.176953125,33431.4857421875,30325.739143880208,56.84960631562392,1443.413012371413,1692.0073197425286,-248.59430737111552,37463.176953125,42064.06927375027,32862.28463249974,0.24562211188773625,0.5839938543997439,1312.8168200242192,41087.75,32515.0390625,41087.75,26632.919921875,0.007942809710626664,-0.05284618809265251,0.15970371760499802,0.3585883355206312
2024-05-10,38636.23046875,38863.140625,38072.23828125,38229.109375,521200000.0,38198.36875,38963.8375,37716.1798828125,33613.0744140625,30414.962890625,56.81442951092786,1335.643279445154,1620.7345116830538,-285.09123223789993,37716.1798828125,41880.50393303316,33551.85583259185,0.22082427558462048,0.561586164525347,1275.5372145760607,41087.75,32541.23046875,41087.75,26632.919921875,-0.00018205159272666194,-0.01956727588496543,0.15255361472720774,0.39860263381660466
2024-05-17,38211.609375,38949.37890625,37969.578125,38787.37890625,709500000.0,38051.134375,38873.68125,37982.340234375,33803.10989583333,30515.546549479168,59.00530386952723,1280.5216190534193,1552.6919331571269,-272.1703141037076,37982.340234375,41679.88110827118,34284.79936047881,0.1946978965003223,0.6088613620958723,1254.4131836241993,41087.75,32693.1796875,41087.75,26945.669921875,0.014603257579813844,-0.01862615732767714,0.1590718291531008,0.416360226992633
2024-05-24,38761.7109375,39437.16015625,38367.69921875,38646.109375,543700000.0,38366.6859375,38867.528125,38245.774609375,33979.8537109375,30608.93087565104,58.20067411581808,1211.4729297116937,1484.4481324680403,-272.97520275634656,38245.774609375,41285.72215982941,35205.82705892059,0.15896906685787152,0.5658456698644612,1241.2023089010422,41087.75,32693.1796875,41087.75,27359.720703125,-0.0036421520410402364,0.042563473852884615,0.15785184127556295,0.3781764988502663
2024-05-31,38766.2109375,39141.98828125,37617.0,38487.8984375,647600000.0,38477.31328125,38627.475,38391.3140625,34162.68017578125,30698.8626953125,57.25895553024392,1130.9481788916892,1413.7481417527702,-282.799962861081,38391.3140625,41174.10477379089,35608.523351209114,0.1449698078456278,0.5173538697337384,1261.4727354973963,41087.75,33600.3203125,41087.75,27427.66015625,-0.004093838682823425,0.014581262506694559,0.0818163452184626,0.3986286829614514
2024-06-07,38734.94921875,39032.5,38343.98046875,38683.9296875,568300000.0,38566.88515625,38458.923828125,38527.3470703125,34332.521158854164,30795.2115234375,58.16226136968692,1070.6085088316759,1345.1202151685513,-274.5117063368755,38527.3470703125,41078.415269644094,35976.2788709809,0.13242895726383083,0.5306896180252115,1220.5475066225824,41087.75,35371.25,41087.75,27597.1796875,0.005093321744192636,0.011713007412625931,0.07565107932931125,0.35764189945654357
2024-06-14,38689.78125,39336.66015625,38554.75,38814.55859375,563700000.0,38683.975,38441.171875,38680.521484375,34503.357649739584,30898.028678385417,58.78731780615825,1021.553711319335,1280.406914398708,-258.8532030793731,38680.521484375,40891.642222324976,36469.400746425024,0.11432734891349167,0.5303097671408191,1189.2162673102553,41087.75,35687.578125,41087.75,28241.669921875,0.0033768261731748073,0.015314225947750115,0.08568941445590461,0.3588452943827458
2024-06-21,38440.98046875,38797.96875,37950.19921875,38596.46875,527000000.0,38645.79296875,38348.463671875,38802.4439453125,34665.69147135417,31003.12032877604,57.24950456499746,954.0813472561713,1215.1418009702008,-261.06045371402956,38802.4439453125,40688.817270928485,36916.07061969652,0.09722961410753432,0.4454044455263802,1166.0122035738086,41087.75,35704.578125,41087.75,28241.669921875,-0.0056187639806141165,-0.004921965898016301,0.06743868304630296,0.3375339952351677
2024-06-28,38497.421875,39788.62890625,38416.0703125,39583.078125,550000000.0,38833.18671875,38599.936328125,38936.7267578125,34839.443619791666,31123.289485677084,62.081885515682565,969.0495438191501,1165.9233495399908,-196.87380572084066,38936.7267578125,40634.47024712046,37238.98326850455,0.08720524967945897,0.6903560141028627,1180.7655171578222,41087.75,35854.62890625,41087.75,28931.810546875,0.025562166875693793,0.024244840299658232,0.07278709767577762,0.35753985398760935
2024-07-05,39839.8203125,41100.12890625,39457.62109375,40912.37109375,611700000.0,39318.08125,38897.697265625,39057.9833984375,35031.511458333334,31240.663997395834,67.42468408229135,1075.7739284474737,1147.8934653214874,-72.11953687401365,39057.9833984375,40945.77215627477,37170.19464060023,0.09666596140305536,0.9911533898096114,1213.7471096822635,41087.75,36733.05859375,41087.75,28931.810546875,0.03358235467570769,0.06299311613979319,0.06301134923680562,0.39213122249832355
2024-07-12,40863.140625,42426.76953125,40780.69921875,41190.6796875,619000000.0,39819.43125,39193.158203125,39162.5833984375,35204.55029296875,31349.337662760416,68.42772474726068,1169.3316227038813,1152.1810967979661,17.150525905915174,39162.5833984375,41267.18055915597,37057.98623771903,0.10747999636829056,0.9818252934376639,1244.627338454959,41100.12890625,36733.05859375,41100.12890625,29475.970703125,0.006802553514003495,0.0648008105756126,0.053505643073385345,0.3369972818980751
2024-07-19,41366.7890625,41520.0703125,39824.578125,40063.7890625,428100000.0,40069.27734375,39376.626171875,39170.2318359375,35357.00826822917,31452.652734375,60.32769738744142,1139.411685181658,1149.6272144747045,-10.21552929304653,39170.2318359375,41286.7284337127,37053.7352381623,0.10806658518846848,0.7110934710459216,1276.8319705296049,42426.76953125,36733.05859375,42426.76953125,30487.669921875,-0.027357903136081885,0.03218458521775269,0.003832763867098299,0.29587872400737103
2024-07-26,39947.94921875,39973.19921875,37611.19140625,37667.41015625,548300000.0,39883.465625,39264.629296875,39069.1552734375,35459.394759114584,31541.666145833333,47.46140580060645,911.8212608672984,1102.0660237532234,-190.24476288592496,39069.1552734375,41268.37664450676,36869.93390236824,0.11258095321884143,0.1813087723620172,1360.8152337953475,42426.76953125,36733.05859375,42426.76953125,30487.669921875,-0.059814085545219386,-0.024071077584008282,-0.050934370592249145,0.19487204809843317
2024-08-02,38139.12109375,39188.37109375,35880.1484375,35909.69921875,746500000.0,39148.78984375,38990.98828125,38929.258203125,35520.1369140625,31615.137060546876,40.618545707331606,582.902292263534,998.2332774552856,-415.33098519175155,38929.258203125,41523.209594715256,36335.30681153474,0.13326487641020762,-0.08203846729059501,1499.9157639706798,42426.76953125,36733.05859375,42426.76953125,30487.669921875,-0.046663971061688514,-0.09280174964285959,-0.07228395637327745,0.11295552776258888
2024-08-09,35249.359375,35849.76953125,31156.119140625,35025.0,1121800000.0,37971.315625,38644.6984375,38636.08671875,35542.1189453125,31681.134895833333,37.674293234101626,247.98518781884195,848.1836595279968,-600.1984717091549,38636.08671875,41579.853283412805,35692.32015408719,0.1523843025869494,-0.11334461130473951,1732.3203578388457,42426.76953125,35880.1484375,42426.76953125,30487.669921875,-0.024636776079930534,-0.14390197723469,-0.14340070607535482,0.039130090131184625
2024-08-16,35490.578125,38143.55078125,35476.7890625,38062.671875,525500000.0,37345.7140625,38582.57265625,38520.7482421875,35630.13782552083,31774.59132486979,50.848329650907885,225.0811081220745,723.5631492468125,-498.482041124738,38520.7482421875,41362.82617085072,35678.670313524286,0.14756088904579504,0.4194117158844126,1831.3368166539283,42426.76953125,31156.119140625,42426.76953125,30487.669921875,0.08672867594575306,-0.07593969888895147,-0.05714147758539123,0.16110081965435485
2024-08-23,37863.76171875,38424.26953125,37318.0390625,38364.26953125,495800000.0,37005.81015625,38537.54375,38489.3578125,35716.39166666667,31869.263899739584,51.934644196062706,228.6303617571175,624.5765917488735,-395.946229991756,38489.3578125,41323.77702320254,35654.938601797454,0.14728326850816015,0.47793405421864293,1779.543506089362,42426.76953125,31156.119140625,42426.76953125,30487.669921875,0.00792371216714538,-0.04242033943915613,-0.01610092675074626,0.15593191652835303
2024-08-30,38156.41015625,38669.7890625,37825.30859375,38647.75,507800000.0,37201.878125,38542.671875,38445.5677734375,35820.71383463542,31971.098063151043,52.986413661342624,251.41946838847798,549.9451670767944,-298.5256986883164,38445.5677734375,41241.52352945459,35649.612017420404,0.14545009570382017,0.5361561920512138,1712.7532891365504,42426.76953125,31156.119140625,42426.76953125,30487.669921875,0.007389179364384546,0.026026207792980927,-0.022158960010887463,0.19325827234620596
2024-09-06,39025.30859375,39080.640625,36235.609375,36391.46875,545700000.0,37298.23203125,38223.5109375,38411.7236328125,35887.383984375,32051.53505859375,44.61783560457932,86.420754571016,457.2402845756388,-370.8195300046228,38411.7236328125,41288.754489002626,35534.692776622374,0.1497996228283011,0.14889933688653606,1793.6302863410826,42426.76953125,31156.119140625,42426.76953125,30487.669921875,-0.05838066252239782,0.013416139420027395,-0.018260396914568044,0.12349655472863685
2024-09-13,35805.8203125,36902.2109375,35247.87109375,36581.76171875,600300000.0,37609.584375,37790.45,38344.0736328125,35958.67584635417,32133.202408854166,45.401058828911175,-28.656528030369373,360.0609220544372,-388.71745008480656,38344.0736328125,41324.552461014566,35363.59480461043,0.1554596862473974,0.2043575855350751,1783.6809690131483,42426.76953125,31156.119140625,42426.76953125,30487.669921875,0.005229054371431507,0.04444715827980006,-0.03566649528554311,0.13241328056679857
2024-09-20,36601.9296875,37974.71875,35828.5390625,37723.91015625,503900000.0,37541.83203125,37443.773046875,38318.465625,36041.4205078125,32216.221907552084,49.97400278317339,-27.37866578894318,282.57300448576115,-309.9516702747043,38318.465625,41310.9927458791,35325.938504120895,0.15619242952811224,0.4006599698626395,1809.573734619352,42426.76953125,31156.119140625,42426.76953125,30487.669921875,0.031221799712138898,-0.008900103488859501,-0.013394686014126522,0.15155055892524572
2024-09-27,38171.359375,39829.55859375,37868.83984375,39829.55859375,524600000.0,37834.88984375,37420.35,38398.4880859375,36168.70065104167,32316.2658203125,57.10663417194514,141.9064710473831,254.43969779808555,-112.53322675070245,38398.4880859375,41461.931846860374,35335.04432501462,0.15956064489136948,0.7335721853404265,1830.7219276822557,42426.76953125,31156.119140625,42426.76953125,30487.669921875,0.05581734313273845,0.03819410822631286,0.041864674456596696,0.23722138039620733
2024-10-04,39117.828125,39126.359375,37651.0703125,38635.62109375,710200000.0,37832.4640625,37517.17109375,38390.9001953125,36271.400162760416,32421.87099609375,52.53294944370597,177.67723100692092,239.08720443985263,-61.40997343293171,38390.9001953125,41451.203541494855,35330.59684913014,0.1594285797214007,0.5399831112727412,1855.562381508523,42426.76953125,31156.119140625,42426.76953125,30487.669921875,-0.02997616700144279,-0.00031383214417401994,-0.003912556526874389,0.1897529421239299
2024-10-11,39239.921875,39668.9296875,38817.5390625,39605.80078125,569600000.0,38475.33046875,37886.78125,38438.884765625,36407.31751302083,32531.152913411457,55.641860190625806,281.0711948668759,247.4840025252573,33.58719234161859,38438.884765625,41543.46474307211,35334.30478817789,0.16153330131073224,0.6879346037309294,1796.8299680972,42426.76953125,31156.119140625,42426.76953125,30487.669921875,0.02511101569056806,0.08832652656400408,0.024832807798003564,0.25929551706850296
2024-10-18,40047.1484375,40257.33984375,38893.51953125,38981.75,440000000.0,38955.328125,38282.45625,38463.57734375,36529.94202473958,32639.870670572916,53.22695510104699,309.0929424652277,259.8057905132514,49.287151951976284,38463.57734375,41577.16659206779,35349.988095432214,0.1618980585446621,0.5832114667228434,1765.9007069831143,42426.76953125,31156.119140625,42426.76953125,30487.669921875,-0.015756550023991345,0.06560614274680732,0.012831346541354094,0.23265259688786144
2024-10-25,38960.19921875,39119.671875,37712.19140625,37913.921875,504200000.0,38993.33046875,38267.58125,38425.076953125,36616.663736979164,32734.84344075521,49.285272118355486,242.34200605407386,256.3130336214159,-13.971027567342048,38425.076953125,41545.84962711347,35304.30427913652,0.1624341665103508,0.4181044036969665,1740.2992613950348,42426.76953125,31156.119140625,42426.76953125,30487.669921875,-0.02739302686513556,0.005036904126931363,-0.01990510836723014,0.1590707504497446
2024-11-01,37757.94921875,39417.87890625,37757.94921875,38053.671875,710400000.0,38638.153125,38236.521484375,38387.0326171875,36707.44427083333,32828.7201171875,49.80912576887393,198.43067973703728,244.7365628445402,-46.30588310750292,38387.0326171875,41506.436687432346,35267.62854694265,0.16252384503657405,0.44656659818980543,1734.5585775453894,42426.76953125,31156.119140625,42426.76953125,30487.669921875,0.0036859811142921917,-0.044587155405449774,-0.019603126927547176,0.16704568910544193
2024-11-08,38274.21875,39884.01171875,38159.73046875,39500.37109375,639900000.0,38811.103125,38321.78359375,38432.227734375,36806.89895833333,32925.26770833333,54.99206456801622,277.1721061440621,251.2236715044446,25.948434639617517,38432.227734375,41588.434820882976,35276.02064786703,0.16424793838765486,0.6692131298895204,1741.4000965600044,42426.76953125,31156.119140625,42426.76953125,30487.669921875,0.03801733571210075,0.022382194863689975,0.023419301636240952,0.17795202523253906
2024-11-15,39417.2109375,39866.71875,38535.69921875,38642.91015625,713800000.0,38618.525,38546.927734375,38385.2193359375,36910.90729166667,33015.61162109375,51.591505650685974,267.3040081023282,254.43973882402133,12.864269278306892,38385.2193359375,41499.1862765272,35271.2523953478,0.16224822962906987,0.5413766146572672,1712.0871990378612,42426.76953125,31156.119140625,42426.76953125,30487.669921875,-0.021707667896711857,-0.024311858515832507,-0.023751764978484746,0.19259369812020877
2024-11-22,38259.58984375,38560.1015625,37945.2109375,38283.8515625,523900000.0,38478.9453125,38717.13671875,38253.793359375,37018.01116536458,33099.84480794271,50.19185644249916,227.88354195166175,249.12849944954942,-21.24495749788767,38253.793359375,41143.85474998928,35363.731968760716,0.1510993361345172,0.5052002706971239,1639.6309147315856,42426.76953125,31156.119140625,42426.76953125,30487.669921875,-0.009291706869337002,-0.017903209514708807,-0.06424754813713418,0.20171728444327575
2024-11-29,38679.9296875,39053.640625,37801.62109375,38208.03125,641400000.0,38537.7671875,38765.548828125,38104.6609375,37138.23385416667,33180.35356445312,49.88409935479675,188.35325389114587,236.9734503378687,-48.620196446722844,38104.6609375,40661.77874819382,35547.54312680617,0.13421548691316573,0.5202122702496752,1611.9443873400437,42426.76953125,31156.119140625,42426.76953125,30487.669921875,-0.0019804776532533763,0.007757292320474285,-0.07241076039842897,0.23272909007603437
2024-12-06,38216.94921875,39632.30078125,37958.55078125,39091.171875,589700000.0,38745.2671875,38691.71015625,38056.030078125,37251.153548177084,33265.02724609375,53.46340193038898,225.68571904156124,234.71590407860725,-9.03018503704601,38056.030078125,40496.60292476605,35615.457231483946,0.12826208312484585,0.7120694324489564,1616.359073958612,41520.0703125,31156.119140625,42426.76953125,30538.2890625,0.0231140049907701,0.027264123246976357,-0.0242767149652946,0.20965415546567834
2024-12-13,39332.55078125,40091.55078125,38972.78125,39470.44140625,574200000.0,38739.28125,38775.1921875,38146.181640625,37388.00491536458,33355.26941731771,54.9514151889243,282.6180037002414,244.2963240029341,38.321679697307275,38146.181640625,40654.92503028582,35637.43825096418,0.13153313289889298,0.7639288998393811,1580.81696376514,40257.33984375,31156.119140625,42426.76953125,30538.2890625,0.00970217860090683,-0.0007577064891103324,0.04786714144988369,0.2626759535519112
2024-12-20,39551.21875,39796.21875,38355.51953125,38701.8984375,667600000.0,38751.07890625,38684.801953125,38285.7916015625,37516.5083984375,33447.361572265625,51.36713158524676,262.6940810259912,247.97587540754554,14.718205618445637,38285.7916015625,40583.0123435439,35988.5708595811,0.12000382626998614,0.5905674470748941,1570.8085534069155,40257.33984375,31156.119140625,42426.76953125,30538.2890625,-0.019471354800412843,0.0015264968660870792,0.07775612938835397,0.24878311316447288
2024-12-27,39040.71875,40398.23046875,38847.12890625,40281.16015625,626400000.0,39150.540625,38814.74296875,38548.599609375,37655.362890625,33547.91499023438,57.5014736928459,370.0714971669513,272.3949997594267,97.67649740752461,38548.599609375,40464.5061054105,36632.6931133395,0.09940213213709352,0.9521516447854078,1579.7745161099929,40257.33984375,31156.119140625,42426.76953125,30538.2890625,0.04080579461238476,0.05217104633501446,0.15006881245538906,0.2607605024078232
2025-01-03,40325.78125,40325.78125,39864.4609375,39894.5390625,110600000.0,39487.8421875,39012.8046875,38640.19296875,37777.470052083336,33650.6390625,55.65081737213058,419.1401946743499,301.74403874241136,117.39615593193855,38640.19296875,40628.21353637835,36652.17240112165,0.10289910142199081,0.8154761359552722,1499.8849301378505,40398.23046875,35247.87109375,42426.76953125,31156.119140625,-0.009598062524770912,0.044140139057806005,0.04812765623800552,0.2249571690865153
2025-01-10,39945.421875,40288.80078125,39166.05078125,39190.3984375,613900000.0,39507.6875,39126.47734375,38681.4994140625,37870.8900390625,33750.94379882813,52.34641959539159,396.63704235479236,320.72263946488755,75.9144028899048,38681.4994140625,40679.17790433866,36683.820923786334,0.10328857570344943,0.6273726042290093,1472.9467208422898,40398.23046875,35247.87109375,42426.76953125,31156.119140625,-0.01765005039654355,0.002538336860744117,0.021533810400770736,0.16689492244014192
2025-01-17,39010.9609375,39054.3515625,38055.6796875,38451.4609375,457100000.0,39303.89140625,39021.586328125,38671.6849609375,37951.32220052083,33855.22921549479,49.0546179327073,315.53970600921457,319.686052773753,-4.146346764538407,38671.6849609375,40671.85740152891,36671.512520346085,0.10344376991133435,0.44494874067648327,1448.7875800678405,40398.23046875,35247.87109375,42426.76953125,31156.119140625,-0.01885506474700538,-0.02581629271033814,-0.005078926004748019,0.14351980498449368
2025-01-24,38671.76953125,40279.7890625,38643.83984375,39931.98046875,531000000.0,39549.9078125,39150.493359375,38848.710546875,38059.663346354166,33962.028141276045,55.141347659683724,366.5101349434917,329.05086920770077,37.45926573579095,38848.710546875,40624.41584885316,37073.00524489684,0.09141643452158274,0.8050252540971244,1475.897618991566,40398.23046875,35247.87109375,42426.76953125,31156.119140625,0.03850359635636402,0.03178350625968562,0.09728960771197226,0.19444136432377435
2025-01-31,40127.73828125,40255.6796875,38886.05078125,39572.48828125,589000000.0,39408.1734375,39279.35703125,38998.246875,38180.740494791666,34066.04254557292,53.47081117190166,373.5900385536079,337.9587030768822,35.63133547672567,38998.246875,40461.34096276224,37535.152787237756,0.07503383895444617,0.6962421320177323,1468.3069966528828,40398.23046875,35247.87109375,42426.76953125,31156.119140625,-0.00900261352630205,-0.01759313466273249,0.08175457993230273,0.22485639862204576
2025-02-07,38932.66015625,39192.51171875,38401.8203125,38787.01953125,768100000.0,39186.66953125,39337.255859375,39051.40234375,38277.681640625,34165.17954101563,49.91274376120998,312.22105946121155,332.81117435374813,-20.590114892536576,39051.40234375,40398.05704255415,37704.74764494585,0.06896831447691547,0.40183719229035636,1447.0470660883911,40398.23046875,35828.5390625,42426.76953125,31156.119140625,-0.019848859248311812,-0.027761181286364178,0.028181314465989038,0.17641406079596833
2025-02-14,38736.37109375,39581.46875,38606.3203125,39149.4296875,573400000.0,39178.47578125,39343.081640625,39017.3958984375,38377.35462239583,34265.54812825521,51.51581788963958,289.492087628576,324.14735700871375,-34.65526938013778,39017.3958984375,40317.26880247923,37717.52299439577,0.06663042851067291,0.55078719182928,1413.3400211892206,40398.23046875,37651.0703125,42426.76953125,31156.119140625,0.009343593826744323,-0.0010453772258870453,-0.01707598402450594,0.18029997137061948
2025-02-21,39094.08984375,39508.55078125,38456.53125,38776.94140625,606900000.0,39243.571875,39273.731640625,39024.4619140625,38465.90078125,34362.0248046875,49.75325430319263,238.67126859869313,307.0521393267096,-68.38087072801648,39024.4619140625,40317.47510990329,37731.44871822171,0.06626680458468276,0.4042853898905692,1387.5314147649906,40398.23046875,37651.0703125,42426.76953125,31156.119140625,-0.009514526373009535,0.008464710073800452,0.0036577725036976982,0.15875992841224318
2025-02-28,38359.671875,38485.94921875,36840.12109375,37155.5,566900000.0,38688.27578125,39119.091796875,38901.946875,38528.86875,34436.12421875,42.87631793988916,66.78873389038199,258.9994582394441,-192.2107243490621,38901.946875,40399.56369414138,37404.33005585862,0.07699444061005657,-0.08307534099452747,1426.766336031777,40398.23046875,37712.19140625,42426.76953125,31156.119140625,-0.041814577102996076,-0.06953024708911748,-0.061867219773776405,0.11319262881204772
2025-03-07,37617.5,37874.37890625,36813.62109375,36887.171875,659400000.0,38151.2125,38779.69296875,38797.21796875,38550.703125,34511.01923828125,41.84552333560933,-90.04328742114012,189.19090910732726,-279.23419652846735,38797.21796875,40532.03021050153,37062.40572699848,0.08942972370590413,-0.05050513472903407,1400.6228700652214,40398.23046875,36840.12109375,42426.76953125,31156.119140625,-0.007221760573804636,-0.06785816416609669,-0.05373227535962344,0.03682318555426489
2025-03-14,36972.58984375,37326.26953125,35987.12890625,37053.1015625,646200000.0,37804.42890625,38495.54921875,38754.176953125,38568.8669921875,34584.10317382812,42.76191749571323,-198.6546875948843,111.62178976688494,-310.27647736176925,38754.176953125,40612.80801062138,36895.545895628624,0.0959190055691019,0.042384868754858605,1396.2312811319912,40398.23046875,36813.62109375,42426.76953125,31156.119140625,0.004498303314287355,-0.04470356293689992,-0.022704596884966843,0.030304030903057777
2025-03-21,37453.828125,38128.578125,37377.55078125,37677.05859375,552400000.0,37509.9546875,38344.215234375,38735.3462890625,38600.966796875,34666.59615885417,46.195392572447396,-231.7108682854814,42.955258156411674,-274.6661264418931,38735.3462890625,40629.28038278877,36841.412195336234,0.09778841679084449,0.22061126656462818,1373.3202298011347,40398.23046875,35987.12890625,42426.76953125,31156.119140625,0.016839535826643992,-0.03760900492045005,-0.009896897268865779,0.05387218520774173
2025-03-28,37841.6796875,38220.69140625,36864.9296875,37120.328125,599200000.0,37178.63203125,38211.101953125,38616.344140625,38617.0052734375,34743.42381184896,43.677804823413936,-299.38055301987333,-25.511904078845326,-273.868648941028,38616.344140625,40600.01358126795,36632.674699982046,0.10273729866396654,0.12291700800207274,1372.0660504403393,40398.23046875,35987.12890625,42426.76953125,31156.119140625,-0.014776378239949817,-0.042721607769275693,-0.06025368630338224,0.026613974056801215
2025-04-04,36440.1796875,36440.1796875,33259.76171875,33780.578125,844100000.0,36503.64765625,37595.96171875,38373.2275390625,38565.057877604166,34795.535970052086,32.30419104955007,-615.4051715095629,-143.49055756498885,-471.91461394457406,38373.2275390625,41267.23983393222,35479.21524419278,0.15083496909003663,-0.2934744130500061,1549.816075855315,40398.23046875,35987.12890625,42426.76953125,31156.119140625,-0.08997091805744917,-0.0908323633109499,-0.1258272736600191,-0.08447321226288251
2025-04-11,33154.96875,34639.390625,30792.740234375,33585.578125,1042100000.0,35843.32890625,36997.270703125,38138.3138671875,38483.363541666666,34856.78870442708,31.78377758759855,-871.5451982862796,-289.101485709247,-582.4437125770326,38138.3138671875,41707.247769528534,34569.37996484646,0.18715740369484907,-0.13782853182026428,1713.8756697674353,40398.23046875,33259.76171875,42426.76953125,31156.119140625,-0.0057725477426239236,-0.08950520146104313,-0.12272206807170039,-0.12735806400112537
2025-04-18,34006.37109375,34758.96875,33658.46875,34730.28125,561400000.0,35378.76484375,36591.596875,37964.4263671875,38410.556901041666,34928.75354817708,38.08900001220844,-970.9772184300091,-425.47663225339943,-545.5005861766097,37964.4263671875,41829.436963540866,34099.41577083414,0.2036122215555917,0.08161238675012743,1675.2695951411902,40398.23046875,30792.740234375,42426.76953125,30792.740234375,0.03408317465132216,-0.06268895759190196,-0.09102143937343021,-0.11172751797285352
2025-04-25,34556.23046875,35835.28125,34109.8515625,35705.73828125,601000000.0,34984.50078125,36247.227734375,37795.1546875,38340.47220052083,35009.85262044271,42.929850960051475,-960.0002947570902,-532.3813647541376,-427.61893000295254,37795.1546875,41743.58710933312,33846.722265666875,0.20893855069411796,0.23541190743237375,1678.8524588811051,40398.23046875,30792.740234375,42426.76953125,30792.740234375,0.028086643590022664,-0.05232150242288314,-0.08660353300677304,-0.10536195443552376
2025-05-02,35962.80078125,36976.51171875,35773.48828125,36830.69140625,572100000.0,34926.5734375,36052.602734375,37663.1671875,38292.834700520834,35099.11238606771,47.9813888087432,-850.7201161557241,-596.049115034455,-254.67100112126911,37663.1671875,41554.84504612729,33771.48932887272,0.2066569621855323,0.39304410443370524,1649.7039573538834,40398.23046875,30792.740234375,42426.76953125,30792.740234375,0.03150622782643153,-0.007802644356339483,-0.06687916085939705,-0.0720162820858179
2025-05-09,36903.66015625,37557.41015625,36606.7109375,37503.328125,495000000.0,35671.1234375,36087.385546875,37603.238671875,38272.76282552083,35190.36070963542,50.78637537275222,-701.7492964833655,-617.1891513242371,-84.56014515912841,37603.238671875,41465.894239049565,33740.58310470043,0.20544270672428036,0.48706711676235726,1599.775047453606,40398.23046875,30792.740234375,42426.76953125,30792.740234375,0.018262940310587172,0.11020385696847801,-0.030969289902808783,-0.031113043330834644
2025-05-16,37697.28125,38494.05859375,37417.390625,37753.71875,735300000.0,36504.7515625,36174.040234375,37476.8666015625,38220.51764322917,35276.78702799479,51.82771279390667,-557.0629429339824,-605.1639096461862,48.100966712203785,37476.8666015625,41141.08610719961,33812.647095925386,0.1955456705915933,0.5377777788709964,1562.4102561176342,40398.23046875,30792.740234375,42426.76953125,30792.740234375,0.0066764907947753915,0.124105073001479,-0.06274500030401542,-0.0766649871726014
2025-05-23,37572.359375,37921.80859375,36855.828125,37160.46875,570900000.0,36990.7890625,36184.776953125,37340.1630859375,38167.034765625,35357.212093098955,49.17288602874579,-484.6811794074383,-581.0673635984367,96.38618419099839,37340.1630859375,40833.40608853182,33846.92008334318,0.1871037892659816,0.4742797257728639,1526.9509855913745,40325.78125,30792.740234375,42426.76953125,30792.740234375,-0.015713683834125636,0.06997315922974279,-0.0685324452105267,-0.07949014265412124
2025-05-30,37209.26171875,38454.0703125,37167.01171875,37965.1015625,636200000.0,37442.66171875,36213.58125,37278.8982421875,38149.91848958333,35442.99643554688,52.71105405241706,-358.26115536918223,-536.5061219525858,178.24496658340354,37278.8982421875,40682.00984769189,33875.78663668311,0.1825757608712364,0.6008199847461068,1510.2831696562764,40288.80078125,30792.740234375,42426.76953125,30792.740234375,0.021652924184386135,0.06327731591637331,-0.0312652313794175,-0.02633808229476098
2025-06-06,37651.1796875,37868.421875,37320.71875,37741.609375,537500000.0,37624.8453125,36275.709375,37243.4056640625,38120.219466145834,35528.23375651042,51.63586762803921,-272.9598163891351,-483.79686083989566,210.83704445076057,37243.4056640625,40611.48662667442,33875.324701450576,0.18086858076257536,0.5739595806139928,1448.4331441451138,40279.7890625,30792.740234375,42426.76953125,30792.740234375,-0.0058867796555759355,0.02473257856341582,-0.018460977689607416,-0.04508555964803029
2025-06-13,38028.7109375,38529.640625,37540.19921875,37834.25,549000000.0,37691.0296875,36681.0765625,37138.519140625,38132.98444010417,35614.74016927083,52.07227561865141,-195.62749449435069,-426.1629875707867,230.535493076436,37138.519140625,40288.772646185374,33988.26563506463,0.16964884860551052,0.6104245829973675,1415.6480200097485,40279.7890625,30792.740234375,42426.76953125,30792.740234375,0.0024546018713595963,0.00882380022106366,-0.05253259277715128,0.02066178843180122
2025-06-20,38056.859375,38885.1484375,38055.51953125,38403.23046875,591500000.0,37820.93203125,37162.841796875,37080.05625,38140.792252604166,35702.03816731771,54.771635224532865,-87.42136451131955,-358.4146629588933,270.99329844757375,37080.05625,40087.62724736134,34072.48525263866,0.16222041180756522,0.7199738958632848,1389.5944784019093,40255.6796875,30792.740234375,42426.76953125,30792.740234375,0.01503876695718831,0.017203913687310557,-0.02954724009745957,0.012349326284774031
2025-06-27,38260.69140625,40267.83984375,38026.3203125,40150.7890625,579200000.0,38418.99609375,37704.892578125,37148.2447265625,38172.70423177083,35802.094986979166,61.87415544988198,137.7581563672502,-259.18009909366464,396.93825546091483,37148.2447265625,40362.279558867696,33934.20989425731,0.17303831478244944,0.967098910341303,1450.4462678910586,39581.46875,30792.740234375,42426.76953125,30792.740234375,0.0455055101463937,0.08047046802928182,0.0351604621270587,0.05007624304357572
2025-07-04,40550.7890625,40852.5390625,39444.69921875,39810.87890625,627500000.0,38788.1515625,38115.406640625,37181.3171875,38199.067057291664,35906.07073567708,59.903674966989165,285.4956242907283,-150.24495441678604,435.7405787075144,37181.3171875,40489.28040645706,33873.353968542935,0.1779368494276565,0.8974593344449359,1447.402951880983,40267.83984375,30792.740234375,42426.76953125,30792.740234375,-0.008465840004311831,0.04861773754803189,0.016895500752625026,0.04137604974612352
2025-07-11,39729.55859375,39971.05859375,39497.69921875,39569.6796875,604200000.0,39153.765625,38389.30546875,37220.9541015625,38212.10540364583,36007.607649739584,58.48046137456791,378.74987801377574,-44.44598793067368,423.19586594444945,37220.9541015625,40622.12861559969,33819.77958752531,0.18275590167606237,0.8452815455725563,1377.8284106751985,40852.5390625,30792.740234375,42426.76953125,30792.740234375,-0.0060586258172796725,0.04843646952985825,0.02044354847239771,0.020168951945446878
2025-07-18,39416.1015625,40087.58984375,39288.8984375,39819.109375,480200000.0,39550.7375,38620.88359375,37354.1345703125,38231.65540364583,36105.754557291664,59.550709447672155,467.39361451458535,57.921932558378124,409.47168195620725,37354.1345703125,40938.30326653847,33769.96587408653,0.1919021140473439,0.8438698082602882,1336.4614817876843,40852.5390625,30792.740234375,42426.76953125,30792.740234375,0.00630355589102205,0.05246197228701499,0.07168815854987831,0.030352343844444185
2025-07-25,39864.62890625,42065.828125,39586.53125,41456.23046875,600100000.0,40161.3375,38991.134765625,37582.5875,38281.127604166664,36221.90388997396,65.78474241500642,662.1139669495315,178.7603394366088,483.3536275129227,37582.5875,41577.50046512299,33587.67453487701,0.21259382234514793,0.9848219476329372,1418.0925813028496,40852.5390625,30792.740234375,42426.76953125,30792.740234375,0.04111395557173991,0.07949852037797522,0.12386578752183075,0.07712377531005576
2025-08-01,41515.91015625,41534.2109375,40556.609375,40799.6015625,614400000.0,40291.1,39355.048046875,37769.9125,38316.38880208333,36324.45498046875,61.67875458184967,754.7465358293339,293.95757871515383,460.78895711418005,37769.9125,41992.79443068078,33547.03056931922,0.22361089296570535,0.8587229186409647,1386.628937102646,42065.828125,30792.740234375,42426.76953125,30792.740234375,-0.01583908857186067,0.01615939599568117,0.10111164361451697,0.05469123463130576
2025-08-08,40118.80859375,42033.921875,39850.51953125,41820.48046875,758900000.0,40693.0203125,39740.5859375,37977.08359375,38366.4875,36434.92257486979,65.30455472260968,900.1584437314086,415.1977517184048,484.96069201300384,37977.08359375,42553.18981590431,33400.97737159569,0.24099302996017385,0.9199418335606978,1443.5413232917426,42065.828125,30792.740234375,42426.76953125,30792.740234375,0.025021786173233584,0.05047870375412655,0.10997201028021131,0.07744315493733378
2025-08-15,42098.3203125,43451.4609375,42083.578125,43378.30859375,592500000.0,41454.74609375,40304.255859375,38289.9826171875,38446.184830729166,36555.938151041664,69.9733154897309,1128.0981257774038,557.7778265302046,570.3202992471992,38289.9826171875,43412.18578325239,33167.77945112262,0.26754794940886945,0.996693103689558,1456.9298336816182,42065.828125,30792.740234375,42426.76953125,30792.740234375,0.03725036411678895,0.09625119375058122,0.1685863456722878,0.12389319537813925
2025-08-22,43452.8984375,43876.421875,42331.390625,42633.2890625,558900000.0,42017.58203125,40784.159765625,38732.6181640625,38497.0216796875,36668.232649739584,65.43815165857337,1234.395770177798,693.1014152597234,541.2943549180748,38732.6181640625,43748.5105837384,33716.7257443866,0.2590009484218047,0.888831196133343,1463.222791990074,43451.4609375,30792.740234375,43451.4609375,30792.740234375,-0.017174932711814916,0.07067409923705759,0.26206511045316816,0.07705845735058037
2025-08-29,42977.26953125,43201.421875,42137.62109375,42718.46875,600800000.0,42270.0296875,41215.68359375,39189.2626953125,38527.123307291666,36779.3173828125,65.71177841105632,1310.4051729681087,816.5621668014005,493.84300616670816,39189.2626953125,43901.382876294854,34477.142514330146,0.24048016507062173,0.8744817533443886,1434.692648365783,43876.421875,30792.740234375,43876.421875,30792.740234375,0.0019979619066012866,0.03044749286121129,0.2719289389930666,0.04414551413095458
2025-09-05,42362.7109375,43220.94140625,41835.171875,43018.75,555200000.0,42713.859375,41502.4796875,39603.6861328125,38557.591145833336,36881.07071940104,66.71229055407274,1378.9773669153,929.0452068241805,449.9321600911196,39603.6861328125,44128.46026587684,35078.91199974816,0.22850267613425349,0.8773739601975109,1431.1981400003701,43876.421875,33658.46875,43876.421875,30792.740234375,0.007029307435089116,0.054391424242232755,0.23865250875271848,0.044380678502247584
2025-09-12,43451.0703125,44888.01953125,43343.578125,44768.12109375,580900000.0,43303.3875,41998.20390625,40056.8052734375,38635.9966796875,36996.50247395833,71.86326623214227,1556.538148946107,1054.5437952485659,501.9943536975411,40056.8052734375,44741.652265100696,35371.95828177431,0.23391016630923456,1.0028249405686467,1462.488953661058,43876.421875,34109.8515625,43876.421875,30792.740234375,0.0406653167223594,0.07048318412320964,0.25380746201399473,0.11742104631968742
2025-09-19,44948.8515625,45852.75,44495.4609375,45045.80859375,538600000.0,43636.8875,42545.816796875,40467.5611328125,38758.969986979166,37109.182373046875,72.58836894979942,1700.0661046802634,1183.6482571349054,516.417847545358,40467.5611328125,45383.797347688465,35551.32491793654,0.24297170757294337,0.9656252528188383,1454.9746757209825,44888.01953125,35773.48828125,44888.01953125,30792.740234375,0.006202795498575497,0.038440871810300425,0.2230508544323968,0.1958828177167824
2025-09-26,45193.76953125,45824.69140625,45193.76953125,45354.98828125,523000000.0,44181.22734375,43099.4046875,40860.144140625,38916.39147135417,37218.26419270833,73.41001220817151,1817.8067162420048,1310.4799489563254,507.32676728567935,40860.144140625,46015.03950422853,35705.24877702147,0.25231900043535577,0.9359782132883953,1406.6823997766267,45852.75,36606.7109375,45852.75,30792.740234375,0.006863672717885239,0.06383976649702094,0.20935902355332625,0.26302891051697275
2025-10-03,45113.2890625,45778.66015625,44357.6484375,45769.5,676500000.0,44791.43359375,43530.731640625,41260.933203125,39095.466471354164,37318.792708333334,74.51301697838156,1922.4043499728068,1432.8648291596216,489.53952081318516,41260.933203125,46629.4337357239,35892.432670526105,0.2602219637723705,0.9199093182069963,1407.705922560439,45852.75,36855.828125,45852.75,30792.740234375,0.00913927518136659,0.07142183086794285,0.21231766076023972,0.30676659528907924
2025-10-10,46636.0703125,48597.078125,46592.98828125,48088.80078125,763900000.0,45805.44375,44259.6515625,41807.3498046875,39262.568619791666,37446.35322265625,79.60970176984733,2167.4617680670563,1579.7842169411088,587.6775511259475,41807.3498046875,47602.84002944639,36011.85957992861,0.27724743385236494,1.0419257675327909,1509.1253655918363,45852.75,36855.828125,45852.75,30792.740234375,0.050673500502518065,0.11785676667150957,0.29408488102696495,0.26341106423575256
2025-10-17,47446.73046875,48317.33984375,46544.05078125,47582.1484375,534600000.0,46368.24921875,44835.818359375,42288.2021484375,39416.199934895834,37566.29580078125,76.03279228149928,2294.341190513347,1722.6956116555566,571.6455788577905,42288.2021484375,48319.77877302782,36256.62552384718,0.28526048960032135,0.938852610068771,1527.9942010852767,48597.078125,37167.01171875,48597.078125,30792.740234375,-0.010535765823204812,0.06285783890409591,0.2533128183304856,0.24027249883492452
2025-10-24,48332.7109375,49945.94921875,48254.828125,49299.6484375,603300000.0,47219.0171875,45427.95234375,42866.1041015625,39593.73157552083,37707.22270507812,79.41007950109298,2504.6103540765325,1879.078560139752,625.5317939367806,42866.1041015625,49249.03513299221,36483.17307013279,0.29780784445941977,1.0039647384766157,1587.6946710970428,48597.078125,37320.71875,48597.078125,30792.740234375,0.036095469759125365,0.09443364380721109,0.30624128790215366,0.27561496950016484
2025-10-31,49905.80078125,52411.33984375,49838.98046875,52411.33984375,782500000.0,48630.2875,46405.757421875,43594.95859375,39860.72942708333,37874.05670572917,83.85025939529899,2889.0346786878363,2081.069783849369,807.9648948384674,43594.95859375,50790.463232325754,36399.45395517425,0.33010718994500143,1.1126311977296617,1696.5515807508255,49945.94921875,37540.19921875,49945.94921875,30792.740234375,0.06311792284269258,0.1555804957713358,0.38528819373319156,0.4402095228363103
2025-11-07,52294.30859375,52636.87109375,49073.578125,50276.37109375,727800000.0,49531.66171875,47161.54765625,44188.615625,40088.972916666666,38023.824381510414,72.32583969614744,2986.987458042131,2262.2533186879214,724.7341393542097,44188.615625,51530.483148662,36846.748101337995,0.3322967882029911,0.9145917540142109,1829.8902513221951,52411.33984375,38026.3203125,52411.33984375,30792.740234375,-0.04073486303469487,0.09846887323982134,0.3091703609325671,0.37435620187698126
2025-11-14,50645.26953125,51513.16015625,50246.6015625,50376.53125,691000000.0,49989.2078125,47897.32578125,44699.902734375,40299.849934895836,38170.63522135417,72.51668083136974,3037.6813294531385,2417.338920840965,620.3424086121736,44699.902734375,52266.580472247035,37133.22499650296,0.338554550457808,0.8751070623249134,1789.652275781324,52636.87109375,38026.3203125,52636.87109375,30792.740234375,0.001992191442441893,0.04757304053300482,0.2546834676544534,0.3354005733059924
2025-11-21,50282.390625,50574.8203125,48235.30078125,48625.87890625,751500000.0,50197.95390625,48283.1015625,45140.652734375,40446.4552734375,38307.577962239586,64.18520275223152,2903.1281206075946,2514.496760794291,388.6313598133038,45140.652734375,52541.98482534615,37739.320643403844,0.3279231310421427,0.735445871705082,1828.928508314801,52636.87109375,39288.8984375,52636.87109375,30792.740234375,-0.034751347508667485,0.021935337159501245,0.22142188874448876,0.22084905339323302
2025-11-28,49113.8203125,50322.140625,48511.94921875,50253.91015625,476100000.0,50388.80625,48803.91171875,45674.8642578125,40640.093424479164,38455.74679361979,67.88088954475882,2894.496297488062,2590.496668133045,303.9996293550166,45674.8642578125,52931.593622231165,38418.134893393835,0.3177559247229697,0.8155034223054787,1827.590143881601,52636.87109375,39288.8984375,52636.87109375,30792.740234375,0.03348075729672306,0.019356359507507914,0.27001053718726786,0.30071443744383
2025-12-05,50318.58984375,51028.421875,49215.9609375,50491.87109375,611400000.0,50004.9125,49317.6,46208.50234375,40821.5279296875,38614.42272135417,68.39425461525468,2873.7303992036686,2647.14341434717,226.58698485649847,46208.50234375,53230.16742856722,39186.83725893278,0.303912255479838,0.8050108982883438,1826.5094862829153,52636.87109375,39288.8984375,52636.87109375,30792.740234375,0.004735172581797675,-0.036623157425899944,0.2680311510294797,0.2748605026982218
2025-12-12,50643.08984375,51127.69140625,49926.26953125,50836.55078125,598700000.0,50116.9484375,49824.305078125,46677.518359375,41019.10794270833,38774.52498372396,69.16308136347826,2852.207571924402,2688.1562458626167,164.0513260617854,46677.518359375,53619.479562441185,39735.55715630881,0.29744345659592775,0.7995574521532909,1781.8603711912785,52636.87109375,39586.53125,52636.87109375,30792.740234375,0.006826439187805455,0.011142007175805047,0.2262704593841678,0.30411155941562407
2025-12-19,50352.08984375,50432.1015625,48643.78125,49507.2109375,639200000.0,49943.084375,49966.14609375,47112.898828125,41212.329427083336,38914.49658203125,62.816482151858835,2696.796963905894,2689.8843894712722,6.912574434621547,47112.898828125,53603.20325686656,40622.59439938344,0.27552133662669226,0.6844529895063217,1811.2110254811873,52636.87109375,39850.51953125,52636.87109375,30792.740234375,-0.026149292651072242,-0.017256454363359874,0.21342388262446654,0.3057792095664067
2025-12-26,50084.55078125,50941.890625,49982.19921875,50750.390625,428200000.0,50367.98671875,50282.9703125,47559.3943359375,41423.94140625,39065.69283854167,65.96214047410366,2643.474816297028,2680.6024748364234,-37.12765853939527,47559.3943359375,53753.82324586067,41364.96542601432,0.26049233790357396,0.7575698531264666,1784.3159299111026,52636.87109375,39850.51953125,52636.87109375,30792.740234375,0.02511108309190435,0.04369096798941219,0.21352959258616844,0.33365292032018923
2026-01-02,50691.21875,50707.23046875,50198.96875,50339.48046875,191700000.0,50385.10078125,50386.953515625,47907.4529296875,41604.59322916667,39205.74609375,64.03386773537228,2538.793978027439,2652.2407754746264,-113.44679744718724,47907.4529296875,53902.10475992965,41912.80109944534,0.2502596762570678,0.7028497740930737,1696.2520688460238,52636.87109375,41835.171875,52636.87109375,30792.740234375,-0.008096689526712386,0.0017027592924399038,0.16047587148206555,0.2744052543019029
2026-01-09,51010.28125,52523.76953125,50995.671875,51939.890625,698400000.0,50674.7046875,50339.80859375,48372.7830078125,41826.2095703125,39368.558430989586,67.96217824316291,2555.5149977959663,2632.8956199388945,-77.38062214292813,48372.7830078125,54096.284741290045,42649.28127433495,0.23664140773348383,0.8116193357925446,1731.1118541070223,52636.87109375,41835.171875,52636.87109375,30792.740234375,0.031792345517819065,0.02867827038062054,0.21829424300003253,0.3440988376647762
2026-01-16,52808.2890625,54487.3203125,52741.640625,53936.171875,608200000.0,51294.62890625,50705.788671875,48933.6681640625,42087.08157552083,39552.54637044271,72.06132106984998,2698.7403409445687,2646.0645641400292,52.67577680453951,48933.6681640625,54527.960670841436,43339.37565728357,0.2286479929533446,0.9471078071870276,1789.4202707779493,52636.87109375,41835.171875,52636.87109375,30792.740234375,0.03843445232514875,0.060972293480092477,0.2625960960971945,0.4088491537207777
2026-01-23,53390.05078125,54050.83984375,52194.80859375,53846.87109375,669100000.0,52162.5609375,51052.82265625,49475.07421875,42347.72890625,39742.98138020833,71.619870769193,2773.0753441556517,2671.466720143154,101.60862401249778,49475.07421875,54762.255681054885,44187.892756445115,0.21373111797379196,0.9134335946447889,1794.1781978652389,54487.3203125,41835.171875,54487.3203125,30792.740234375,-0.0016556751831954264,0.08765713264939468,0.2517070136568358,0.40930765946622816
2026-01-30,53023.28125,53742.69140625,52637.66015625,53322.8515625,736100000.0,52677.053125,51522.519921875,49902.8107421875,42584.923567708334,39918.03855794271,68.95058866391953,2757.9108929631257,2688.7555547071483,69.15533825597731,49902.8107421875,54977.49794778318,44828.123536591826,0.2033828207318018,0.8369706034828451,1752.3948221248647,54487.3203125,43343.578125,54487.3203125,30792.740234375,-0.009731661665868363,0.05068849531638464,0.19108978129404486,0.36406377718754435
2026-02-06,53575.37109375,54782.828125,52655.1796875,54253.6796875,899100000.0,53459.89296875,51922.496875,50363.204296875,42831.310872395836,40109.657893880205,71.01697428081897,2788.854824160284,2708.775408597776,80.07941556250807,50363.204296875,55259.37825985027,45467.03033389973,0.19443456909984871,0.8972975041373797,1779.1986517945172,54487.3203125,44357.6484375,54487.3203125,30792.740234375,0.01745645811737906,0.07775605116107376,0.20441127335047038,0.3745394719327646
2026-02-13,55130.62890625,58015.078125,55018.5703125,56941.96875,796500000.0,54460.30859375,52567.506640625,50942.5533203125,43135.31204427083,40325.91022135417,75.987350214445,2995.767233085011,2766.173773495223,229.59345958978793,50942.5533203125,56067.93341607053,45817.17322455447,0.20122195538692683,1.0852654161837532,1920.7843507734804,54782.828125,44357.6484375,54782.828125,30792.740234375,0.04955035451944423,0.09630513396946538,0.25547312231453323,0.47129652675710565
2026-02-20,57212.96875,57709.8203125,56135.12109375,56825.69921875,688000000.0,55038.2140625,53166.421484375,51495.36328125,43411.054361979164,40533.20862630208,75.38519807230915,3114.4632349281965,2835.8316657818177,278.63156914637875,51495.36328125,56654.55999351508,46336.16656898492,0.2003751943291407,1.0165858402751018,1896.0639842003748,58015.078125,44357.6484375,58015.078125,30792.740234375,-0.002041895175076802,0.05357308914037562,0.241562595587673,0.410726478540439
2026-02-27,56764.140625,59332.4296875,56732.9296875,58850.26953125,672600000.0,56038.89375,54100.72734375,52033.43671875,43726.983203125,40752.22662760417,78.56972104151974,3333.470403922962,2935.3594134100467,398.1109905129151,52033.43671875,57860.718606152666,46206.15483134734,0.22398220278626454,1.0849067321795889,1946.3094139003479,58015.078125,46544.05078125,58015.078125,30792.740234375,0.03562772372947731,0.09291901898605848,0.22378326294624373,0.4751459952715176
2026-03-06,57976.19921875,58365.2109375,53618.19921875,55620.83984375,883100000.0,56498.49140625,54587.772265625,52435.3712890625,44000.823893229164,40935.85696614583,64.28328894407986,3209.450627877006,2990.1776563034387,219.27297157356725,52435.3712890625,58085.33654238001,46785.40603574499,0.21550205956092988,0.7819016057503251,2181.00662094318,59332.4296875,46544.05078125,59332.4296875,30792.740234375,-0.054875359335187834,0.04309575001922994,0.16894343089213315,0.41924660277320003
2026-03-13,54608.62890625,55745.37890625,51407.66015625,53819.609375,851900000.0,56411.67734375,54935.78515625,52661.3693359375,44256.959700520834,41104.140950520836,57.953668910018614,2932.02130010166,2978.546385063083,-46.52508496142309,52661.3693359375,58150.857322105214,47171.88134976979,0.208482538733437,0.6054961812450455,2335.0574873043815,59332.4296875,48235.30078125,59332.4296875,30792.740234375,-0.032384093332822994,-0.008000753405118965,0.09168343143927715,0.39967658088413827
2026-03-20,53627.859375,55239.3984375,53113.94921875,53372.53125,583900000.0,55697.78984375,55079.04921875,52709.42890625,44480.96888020833,41270.31611328125,56.467470791867925,2645.584440162558,2911.9539960829784,-266.3695559204202,52709.42890625,58206.144904488865,47212.71290801114,0.20856670665187538,0.5603180466266089,2320.0854681219257,59332.4296875,48235.30078125,59332.4296875,30792.740234375,-0.008306974543142553,-0.0626855301696958,0.018339378636675452,0.336586130301459
2026-03-27,52468.71875,54175.80078125,50688.76171875,53373.0703125,737600000.0,55007.2640625,55022.7390625,52864.2638671875,44710.97858072917,41445.859537760414,56.46892034985719,2391.0619886129643,2807.7755945889758,-416.7136059760114,52864.2638671875,58251.48218689624,47477.04554747877,0.2038132350898977,0.5472234848410604,2403.439296291788,59332.4296875,48235.30078125,59332.4296875,30792.740234375,1.0099998770440877e-05,-0.060758230056424556,0.06159353094469777,0.3487418312734434
2026-04-03,52054.6796875,54258.48046875,50558.91015625,53123.48828125,790800000.0,53861.9078125,54950.40078125,53001.61171875,44949.9197265625,41613.80068359375,55.54669136756176,2144.491564095617,2675.1187884903043,-530.6272243946873,53001.61171875,58266.81259234785,47736.410845152146,0.19868078357833108,0.5115737808894573,2496.020083163803,59332.4296875,48235.30078125,59332.4296875,30792.740234375,-0.004676179012912174,-0.09731104539732027,0.05452850688781785,0.369620273051642
2026-04-10,53205.9296875,57012.76953125,53156.94140625,56924.109375,727700000.0,54122.56171875,55310.5265625,53416.5232421875,45246.164388020836,41811.759505208334,64.93741665005734,2230.0544063359266,2586.105912059429,-356.0515057235025,53416.5232421875,58543.07412885488,48289.97235552011,0.19194625840487192,0.8421000015755894,2595.538737937817,59332.4296875,48235.30078125,59332.4296875,30792.740234375,0.0715431387643164,0.023431317019145137,0.1706546114004206,0.4540214207303068
2026-04-17,56421.4609375,59688.1015625,56232.78125,58475.8984375,730300000.0,55053.81953125,55732.7484375,53827.62265625,45574.48033854167,42020.19055989583,67.91748513483569,2395.466536651431,2547.9780369778296,-152.51150032639862,53827.62265625,59187.15101681869,48468.094295681316,0.19913672928842913,0.933645972978561,2656.951707549402,59332.4296875,48511.94921875,59332.4296875,30792.740234375,0.027260664761169062,0.08651658970722509,0.1636089262643663,0.5080069834511227
2026-04-24,58821.16015625,60013.98046875,58621.48046875,59716.1796875,703400000.0,56322.54921875,56010.16953125,54288.8380859375,45950.49166666667,42239.68020833333,70.10454033364174,2596.7039859111464,2557.723226764493,38.98075914665333,54288.8380859375,59997.01105477134,48580.665117103665,0.21028900857292182,0.975400941001205,2577.0324449565874,59688.1015625,48643.78125,59688.1015625,30792.740234375,0.021210127302714765,0.11885605364650931,0.1826889832746128,0.6071962344067501
2026-05-01,59880.7109375,60903.94921875,58928.19921875,59513.12109375,675700000.0,57550.559375,56278.91171875,54722.6666015625,46327.5908203125,42439.14697265625,69.2719438089724,2708.578179580014,2587.8942173275973,120.68396225241668,54722.6666015625,60630.74403678371,48814.58916634129,0.21592798020016504,0.905415682572899,2534.0836988882597,60013.98046875,48643.78125,60013.98046875,30792.740234375,-0.0034003949149564727,0.11504023930607565,0.17067582633281586,0.6133825953212901
2026-05-08,60241.30859375,63091.140625,60213.01953125,62713.6484375,444300000.0,59468.59140625,56665.249609375,55382.9884765625,46755.2666015625,42662.066796875,74.42721312388682,3020.674635892312,2674.4503010405406,346.22433485177135,55382.9884765625,61746.33992449089,49019.63702863412,0.2297944413245698,1.0760062147222769,2608.6505440569554,60903.94921875,48643.78125,60903.94921875,30792.740234375,0.053778516147863664,0.1805257987855977,0.26675785708615996,0.6925343842462581
2026-05-15,63203.44140625,63799.3203125,60937.30078125,61409.2890625,994100000.0,60365.62734375,57244.09453125,55915.9333984375,47150.80377604167,42875.88528645833,69.32272386752294,3126.7195488333746,2764.9041505991077,361.8153982342669,55915.9333984375,62421.86820216836,49409.99859470663,0.23270414739826795,0.9221803499254485,2626.748328856459,63091.140625,49982.19921875,63091.140625,30792.740234375,-0.020798652406579632,0.07879226810476547,0.2100259388397565,0.6298854357141028
2026-05-22,61299.87109375,63432.41015625,59292.25,63339.0703125,851800000.0,61338.26171875,58196.040625,56565.912890625,47587.7828125,43102.39404296875,72.34472121785485,3328.113702290524,2877.5460609373913,450.5676413531328,56565.912890625,63306.723018711884,49825.10276253811,0.23833470666762918,1.0023993624782084,2734.849173670283,63799.3203125,50198.96875,63799.3203125,30792.740234375,0.03142490785125274,0.083165406687985,0.2582384586153994,0.7063176300384602
2026-05-29,63658.94921875,66505.0234375,63562.51171875,66329.5,953500000.0,62660.92578125,59491.7375,57285.393359375,48130.26484375,43347.661360677084,76.24922050433827,3686.5267183633405,3039.3421924225813,647.1845259407592,57285.393359375,64911.23251656464,49659.554202185354,0.2662402651003754,1.0929909124885107,2765.6423130509775,63799.3203125,50558.91015625,63799.3203125,30792.740234375,0.04721303411537181,0.1107458706686879,0.2770435055185487,0.9635395153557633
2026-06-05,66363.4296875,68786.4921875,65551.1328125,66588.1171875,848700000.0,64075.925,60813.2421875,57917.990625,48680.30716145833,43581.8353515625,76.55746851832942,3945.953367356422,3220.6644274093496,725.2889399470723,57917.990625,66380.69603542372,49455.28521457627,0.29223062882885453,1.0122550143256075,2799.193531761622,66505.0234375,50558.91015625,66505.0234375,30792.740234375,0.0038989768881116937,0.11888128136658938,0.23457254886056012,0.9826401957313338
2026-06-12,65947.5625,67065.9375,62335.75,66020.0390625,880600000.0,64737.203125,62102.897265625,58526.6490234375,49201.803125,43806.180013020836,74.27706083821943,4058.9229613839634,3388.3161342042727,670.6068271796908,58526.6490234375,67468.08948953888,49585.208557336126,0.3055510819531355,0.9190258866829847,2937.121672350078,68786.4921875,50558.91015625,68786.4921875,33658.46875,-0.008531223722701098,0.05272202634319911,0.22607010809515615,0.9009359177734848
2026-06-19,66783.21875,71952.9921875,66783.21875,71250.0625,837500000.0,66705.3578125,63535.492578125,59423.0095703125,49794.20852864583,44067.34036458333,80.14176207107353,4518.386217116269,3614.330150786672,904.0560663295969,59423.0095703125,69606.16513158531,49239.854009039685,0.3427344267786893,1.0807165008195758,3151.1096332536436,68786.4921875,50558.91015625,68786.4921875,34109.8515625,0.07921872679519071,0.16024893933366413,0.33620127979253733,0.995479324325167
2026-06-26,71067.1484375,72831.7265625,68461.1015625,69360.8828125,767300000.0,67909.7203125,64623.991015625,60178.3697265625,50336.37838541667,44314.60654296875,73.61295452757312,4676.169177822594,3826.697956193857,849.4712216287371,60178.3697265625,70940.44443131023,49416.295021814774,0.35767252431889623,0.9266144464638681,3238.217873735526,71952.9921875,50558.91015625,71952.9921875,35773.48828125,-0.026514779373000508,0.0950726379514224,0.27845490318845023,0.8832359688129496
2026-07-03,69609.8828125,71962.34375,67609.4921875,69744.0703125,835500000.0,68592.634375,65626.780078125,60818.4748046875,50873.72408854167,44573.24345703125,74.074302043072,4777.066293158634,4016.7716235868124,760.2946695718215,60818.4748046875,72237.27426829783,49399.675341077185,0.3755043019503749,0.8908289805884049,3317.8345657901314,72831.7265625,50558.91015625,72831.7265625,36606.7109375,0.005524547619093267,0.05147890927113874,0.2248271677908924,0.8596768286814545
2026-07-10,69973.34375,70384.59375,66819.046875,68557.7265625,770100000.0,68986.55625,66531.240625,61405.076171875,51387.12421875,44803.82093098958,69.9940903958636,4707.040129468529,4154.825324763156,552.2148047053734,61405.076171875,73144.0424258699,49666.10991788009,0.3823451410152843,0.8046541848687431,3335.528302162265,72831.7265625,50558.91015625,72831.7265625,36855.828125,-0.017009958619914056,0.02957899184105095,0.20645636578245474,0.8159198307451501
2026-07-17,68410.6328125,69078.2109375,62704.6015625,64141.12109375,796100000.0,68610.77265625,66673.987890625,61669.61875,51836.8017578125,45001.91826171875,57.33272720764565,4246.213039275797,4173.102867665684,73.11017161011296,61669.61875,73404.82980811798,49934.40769188202,0.3805832205868138,0.6053028501792606,3552.5340930792463,72831.7265625,50558.91015625,72831.7265625,36855.828125,-0.06442170255928259,-0.028459813042086557,0.08990360799775976,0.7260579118434829
2026-07-24,64544.05078125,67592.203125,64201.03125,64611.1484375,590400000.0,67282.98984375,66994.173828125,62119.1341796875,52280.9025390625,45215.41051432292,58.199332839557904,3874.2713403153757,4113.336562195623,-239.065221880247,62119.1341796875,73578.62353225534,50659.64482711966,0.36895199857164174,0.6087314705368652,3545.2875172343,72831.7265625,50558.91015625,72831.7265625,37167.01171875,0.007328018839318329,-0.09317765949328116,0.16163561389949455,0.7018563306391787
2026-07-31,65164.98046875,65364.73046875,60448.8984375,64362.01953125,1054000000.0,66283.2171875,67096.46875,62646.2546875,52724.57604166667,45422.39775390625,57.53233518668418,3518.839254986662,3994.4371007538307,-475.59784576716856,62646.2546875,73483.14338518052,51809.365989819475,0.3459708406109341,0.5791631662747093,3643.1835539497074,72831.7265625,50558.91015625,72831.7265625,37320.71875,-0.003855819193354648,-0.07207035260440953,0.19588418196782942,0.7053332011295557
2026-08-07,63834.94921875,66302.5234375,62703.46875,65606.7109375,993800000.0,65455.7453125,67024.18984375,63257.963671875,53187.450390625,45660.21741536458,59.998942556498555,3299.5577133617626,3855.461223275417,-555.9035099136545,63257.963671875,73282.6270618468,53233.3002819032,0.31694549770747193,0.6171484355262531,3640.0314920604424,72831.7265625,50558.91015625,72831.7265625,37540.19921875,0.019338911602139186,-0.05932202345607118,0.2292223996308962,0.7340560718793157
2026-08-14,65905.1015625,69608.2421875,65848.578125,68713.796875,674700000.0,65486.959375,67236.7578125,64025.0,53692.62649739583,45916.709375,65.40123939259428,3338.0128456970997,3751.971547759754,-413.9587020626541,64025.0,73220.18879688764,54829.81120311235,0.2872374477747019,0.754959249808283,3665.8529033418395,72831.7265625,50558.91015625,72831.7265625,38026.3203125,0.04735927000608142,0.002276480279107762,0.28742447216695344,0.7892712679709257
2026-08-21,68882.0625,69225.5703125,65133.98046875,66016.359375,788400000.0,65862.00703125,67236.38984375,64669.6435546875,54123.7193359375,46148.21178385417,58.069037608053904,3114.9212787723955,3624.561493962282,-509.6402151898865,64669.6435546875,72410.04061435304,56929.246495021966,0.23938270366744538,0.5869926833166029,3696.2626847995652,72831.7265625,50558.91015625,72831.7265625,38026.3203125,-0.03925612646477705,0.029236131973887858,0.2426962443710714,0.6442107594009381
2026-08-28,65978.953125,66954.6875,64609.46875,66405.5625,669400000.0,66220.88984375,66751.93984375,65143.7162109375,54566.9640625,46383.01555989583,58.786984684794184,2935.6843029337033,3486.7860557565664,-551.1017528228631,65143.7162109375,72044.35314377643,58243.07927809857,0.21185886634082834,0.5914296970948864,3599.7595465995964,72831.7265625,53156.94140625,72831.7265625,39288.8984375,0.005895555718078427,0.027772514587568242,0.1665630473467552,0.6680255328292901
2026-09-04,65668.5078125,66525.703125,63772.80078125,65020.94140625,826700000.0,66352.67421875,66317.945703125,65470.968359375,54991.1517578125,46601.628580729164,55.168020300983386,2651.3472767446,3319.6982999541733,-668.3510232095732,65470.968359375,71659.78651495303,59282.15020379697,0.1890553419527002,0.46364193115616226,3539.269746396054,72831.7265625,56232.78125,72831.7265625,39288.8984375,-0.02085098057485768,0.010237743933440013,0.11192718955392289,0.6432011054865834
2026-09-11,65600.421875,66791.84375,63208.62890625,64011.33984375,607400000.0,66033.6,65744.67265625,65685.7263671875,55394.35559895833,46813.00550130208,52.62416672268328,2317.8233022175846,3119.3233004068557,-801.4999981892711,65685.7263671875,71335.46713152977,60035.98560284522,0.17202339311161327,0.35181740248993326,3542.4086819213358,72831.7265625,58621.48046875,72831.7265625,39288.8984375,-0.015527329206017182,-0.02431719363694096,0.07192623806021992,0.6075532790278537
