timestamp,open,high,low,close,volume,sma5,sma10,sma20,sma60,sma120,sma240,rsi14,macd,macd_signal,macd_hist,bb_mid,bb_upper,bb_lower,bb_width,bb_percent_b,atr14,prev20_high,prev20_low,prev60_high,prev60_low,return_1,return_5,return_20,return_60
2019-05-16,2094.88,2095.58,2062.44,2067.69,745164.0,,,,,,,,,,,,,,,,,,,,,,,,
2019-05-17,2081.57,2082.83,2053.79,2055.8,537380.0,,,,,,,,,,,,,,,,,,,,,-0.005750378441642501,,,
2019-05-20,2066.53,2077.1,2051.69,2055.71,640195.0,,,,,,,,,,,,,,,,,,,,,-4.377857768267379e-05,,,
2019-05-21,2056.95,2076.47,2053.69,2061.25,526858.0,,,,,,,,,,,,,,,,,,,,,0.0026949326510061766,,,
2019-05-22,2068.65,2070.8,2048.01,2064.86,509974.0,2061.0620000000004,,,,,,,,,,,,,,,,,,,,0.0017513644633111447,,,
2019-05-23,2063.25,2065.86,2046.82,2059.59,509268.0,2059.442,,,,,,,,,,,,,,,,,,,,-0.00255223114400005,-0.003917415086400755,,
2019-05-24,2047.3,2057.38,2035.98,2045.31,480647.0,2057.344,,,,,,,,,,,,,,,,,,,,-0.006933418787234413,-0.005102636443233943,,
2019-05-27,2044.25,2055.13,2035.87,2044.21,351616.0,2055.044,,,,,,,,,,,,,,,,,,,,-0.0005378157834263764,-0.00559417427555442,,
2019-05-28,2044.77,2058.42,2038.52,2048.83,494478.0,2052.56,,,,,,,,,,,,,,,,,,,,0.00226004177652972,-0.006025469981807197,,
2019-05-29,2046.71,2046.71,2016.25,2023.32,380893.0,2044.2519999999997,2052.657,,,,,,,,,,,,,,,,,,,-0.012451008624434379,-0.020117586664471276,,
2019-05-30,2024.33,2040.66,2023.91,2038.8,461850.0,2040.0939999999998,2049.768,,,,,,,,,,,,,,,,,,,0.007650791767985332,-0.01009424205788545,,
2019-05-31,2029.03,2048.9,2022.97,2041.74,439181.0,2039.3799999999999,2048.362,,,,,,,,,,,,,,,,,,,0.0014420247204238734,-0.0017454566789386616,,
2019-06-03,2031.03,2070.58,2029.17,2067.85,387145.0,2044.1079999999997,2049.576,,,,,,,,,,,,,,,,,,,0.012788112100463378,0.011564369609775804,,
2019-06-04,2066.78,2072.19,2060.98,2066.97,435991.0,2047.7359999999996,2050.148,,,,,,,,,,,,,,27.397534918108274,,,,,-0.00042556278260030833,0.008853833651401022,,
2019-06-05,2084.16,2086.49,2065.71,2069.11,380156.0,2056.894,2050.573,,,,,32.86821237692864,,,,,,,,,26.924853852529097,,,,,0.0010353319109617232,0.022631121127651754,,
2019-06-07,2070.78,2081.16,2057.97,2072.33,368392.0,2063.6,2051.8469999999998,,,,,34.50350151217462,,,,,,,,,26.65807857734845,,,,,0.0015562246569780225,0.016445948597213933,,
2019-06-10,2087.37,2099.65,2075.51,2099.49,457640.0,2075.15,2057.2650000000003,,,,,46.370226538713574,,,,,,,,,26.70535867896643,,,,,0.013106020759241943,0.028284698345528714,,
2019-06-11,2096.09,2114.57,2094.6,2111.81,550740.0,2083.942,2064.0249999999996,,,,,50.73089524222038,,,,,,,,,26.22426163046885,,,,,0.005868091774669182,0.021258795367168792,,
2019-06-12,2111.66,2118.89,2104.41,2108.75,693507.0,2092.298,2070.017,,,,,49.65102700167339,,,,,,,,,25.385385799721075,,,,,-0.0014489939909366756,0.02021316226166814,,
2019-06-13,2104.46,2108.01,2081.92,2103.15,553393.0,2099.1059999999998,2078.0,2065.3285,,,,47.651946992989586,,,,2065.3285,2112.44176109494,2018.21523890506,0.045623019384025305,0.9013891112714996,25.48857252831242,,,,,-0.0026556016597509835,0.01645151780234011,,
2019-06-14,2096.32,2103.02,2087.47,2095.41,473370.0,2103.722,2083.661,2066.7144999999996,,,,44.957663504836525,,,,2066.7144999999996,2115.6209349446976,2017.8080650553015,0.04732771260345641,0.7933714145433857,24.787960204861555,2118.89,2016.25,,,-0.003680193994722303,0.01113722235358261,0.013406264962349201,
2019-06-17,2091.71,2103.59,2087.25,2090.73,561550.0,2101.9700000000003,2088.56,2068.4610000000002,,,,43.36121945425522,,,,2068.4610000000002,2118.1717826934964,2018.7502173065043,0.048065477370369626,0.7239856102981178,24.184534475942883,2118.89,2016.25,,,-0.0022334531189599494,-0.004172441878741884,0.016990952427278883,
2019-06-18,2089.31,2103.02,2089.31,2098.71,600964.0,2099.35,2091.6459999999997,2070.611,,,,46.828362254823276,,,,2070.611,2121.6321202934623,2019.5898797065372,0.04928122210638557,0.7753663565047263,23.436353441946967,2118.89,2016.25,,,0.0038168486605156815,-0.006203209569042634,0.020917347291203425,
2019-06-19,2119.54,2126.74,2117.64,2124.78,862980.0,2102.556,2097.427,2073.7875,,,,56.250576813942104,,,,2073.7875,2129.7528871156087,2017.822112884391,0.053974080869528734,0.9555717616556828,23.764471053236452,2118.89,2016.25,,,0.012421916320025206,0.007601659751037548,0.03082110369921165,
2019-06-20,2121.78,2131.77,2120.42,2131.29,1007158.0,2108.184,2103.6449999999995,2077.109,,,,58.24057247484908,,,,2077.109,2138.2102483996846,2016.0077516003153,0.05883297255915281,0.9433706464193918,22.877723120862413,2126.74,2016.25,,,0.003063846610001919,0.01337993010484273,0.032171672655773254,
2019-06-21,2132.38,2132.68,2120.15,2125.62,692027.0,2114.226,2108.974,2080.4105,,,,55.85744318621768,15.881578942375654,,,2080.4105,2144.4342713587694,2016.3867286412308,0.06154917153010841,0.8530680795626663,22.138600040800796,2131.77,2016.25,,,-0.00266036062666275,0.014417226223030433,0.03205977888803102,
2019-06-24,2130.32,2134.48,2123.88,2126.33,669639.0,2121.346,2111.658,2084.4615000000003,,,,56.09968526016847,16.57786836891637,,,2084.4615000000003,2149.3360864803776,2019.586913519623,0.062245895623763994,0.8226879913343542,21.314414323600733,2132.68,2016.25,,,0.0003340201917558794,0.017027545402801936,0.039612577066557186,
2019-06-25,2125.74,2136.24,2115.11,2121.64,642999.0,2125.932,2112.641,2088.333,,,,53.99193028481627,16.560341641916693,,,2088.333,2152.3733735466926,2024.2926264533075,0.06133157264353198,0.7600468903863848,21.301241871914943,2134.48,2016.25,,,-0.0022056783283874726,0.010925759156815262,0.03787771315080146,
2019-06-26,2120.2,2128.25,2115.72,2121.85,736851.0,2125.346,2113.951,2091.984,,,,54.07513323752263,16.374640170427483,,,2091.984,2154.915952901526,2029.0520470984738,0.060164851071065624,0.7372880438553476,20.674724595349605,2136.24,2016.25,,,9.898003431318969e-05,-0.0013789662929810653,0.035639852989266974,
2019-06-27,2120.73,2141.27,2118.22,2134.32,644900.0,2125.9519999999998,2117.068,2097.534,,,,58.83568666475766,17.037299813330264,,,2097.534,2154.5667896564764,2040.5012103435236,0.054380801127873434,0.8224986908546116,20.844387124253217,2136.24,2016.25,,,0.005876947003794042,0.001421674197317202,0.054860328568886896,
2019-06-28,2135.06,2139.24,2123.97,2130.62,537274.0,2126.952,2120.589,2102.125,,,,56.949353960911516,17.067163638244438,,,2102.125,2154.0617894656557,2050.1882105343443,0.04941360715053167,0.7743238491748013,20.446216615377985,2141.27,2022.97,,,-0.0017335732223847655,0.002352254871519799,0.04503629586030988,
2019-07-01,2147.24,2147.24,2126.87,2129.74,412291.0,2127.634,2124.4900000000002,2106.525,,,,56.48550126352184,16.825864200348406,,,2106.525,2151.7271913185614,2061.322808681439,0.042916358760101386,0.7567906480063386,20.440772571422407,2141.27,2022.97,,,-0.00041302531657461117,0.0016037021534756057,0.04310049271699623,
2019-07-02,2122.07,2130.86,2112.52,2122.02,460830.0,2127.71,2126.821,2109.2335,,,,52.44949434665244,15.829223738175187,,,2109.2335,2151.2187604017145,2067.248239598285,0.039810917474726856,0.6522736774484549,20.29071738774939,2147.24,2029.17,,,-0.003624855616178424,0.00017910672875709466,0.026196290833474523,
2019-07-03,2120.75,2127.71,2093.32,2096.02,522709.0,2122.544,2123.9449999999997,2110.686,,,,41.65459569604993,12.793915983045736,15.689723027195951,-2.8958070441502155,2110.686,2148.5277982659363,2072.844201734064,0.03585734520998024,0.30621956841303216,21.297809002910135,2147.24,2057.97,,,-0.01225247641398286,-0.012173339302966713,0.014054388791322703,
2019-07-04,2102.36,2108.8,2088.97,2108.73,446932.0,2117.4260000000004,2121.689,2112.667,,,,47.358383574967554,11.283929383066152,14.808564298369992,-3.5246349153038405,2112.667,2145.3985854183657,2079.935414581634,0.030986033689517318,0.4398593140283568,21.192965502702297,2147.24,2057.97,,,0.006063873436322087,-0.011989767232654991,0.019148329474991677,
2019-07-05,2111.0,2115.43,2096.23,2110.59,459391.0,2113.4199999999996,2120.186,2114.58,,,,48.15710989120923,10.120675729144295,13.870986584524854,-3.750310855380558,2114.58,2141.6385749809515,2087.5214250190484,0.02559238712269251,0.42627106189426783,21.050610823937834,2147.24,2057.97,,,0.0008820474882986762,-0.009401019421576673,0.018462310539344662,
2019-07-08,2091.91,2092.54,2063.78,2064.17,515950.0,2100.3059999999996,2113.9700000000003,2112.814,,,,34.20738761369998,5.390939382292345,12.174977144078351,-6.784037761786006,2112.814,2147.199803116981,2078.4281968830187,0.03254976833453504,-0.2073267975523499,22.89056719365656,2147.24,2075.51,,,-0.021993850060883502,-0.030787795693370867,-0.01682313323711937,
2019-07-09,2070.35,2075.3,2052.03,2052.03,440122.0,2086.308,2107.009,2109.825,,,,31.627129474473023,0.6554372372393118,9.871069162710544,-9.215631925471232,2109.825,2153.246012194556,2066.4039878054436,0.0411607713384344,-0.165518801600456,22.917669536966805,2147.24,2063.78,,,-0.005881298536457691,-0.03298272400825619,-0.028307470842547255,
2019-07-10,2061.55,2068.2,2056.48,2058.78,355677.0,2078.86,2100.702,2107.3265,,,,34.581816584037114,-2.523721847770503,7.3921109606143345,-9.915832808384838,2107.3265,2156.125081649468,2058.527918350532,0.04631326151829619,0.002582878855770296,22.435693141469148,2147.24,2052.03,,,0.003289425593193007,-0.017767006040018574,-0.02369650266745693,
2019-07-11,2070.59,2088.24,2070.21,2080.58,376675.0,2073.23,2095.328,2106.198,,,,43.12956341149886,-3.246724300724054,5.264343908346658,-8.51106820907071,2106.198,2156.3556907761886,2056.040309223811,0.047628656732357263,0.24462540436409466,22.937429345649893,2147.24,2052.03,,,0.010588795305957799,-0.01334926709441231,-0.010731521764971719,
2019-07-12,2083.53,2090.43,2077.35,2086.66,403935.0,2068.4440000000004,2090.932,2105.7605000000003,,,,45.27716410283877,-3.2911652618613516,3.5532420743050563,-6.844407336166408,2105.7605000000003,2156.436912846608,2055.084087153393,0.048131221804766006,0.3115444747656489,22.23332724953204,2147.24,2052.03,,,0.0029222620615405592,-0.01133806186895625,-0.004175793758739332,
2019-07-15,2083.39,2088.34,2073.1,2082.48,463519.0,2072.1059999999998,2086.2059999999997,2105.348,,,,44.045683122641314,-3.621924815323837,2.118208696379278,-5.740133511703115,2105.348,2156.637680677499,2054.058319322501,0.04872323309733007,0.27707016598728507,21.73380387456548,2147.24,2052.03,,,-0.0020032012881829875,0.008870393426897882,-0.003945990156548174,
2019-07-16,2084.46,2096.67,2078.74,2091.87,682802.0,2080.074,2083.1910000000003,2105.0060000000003,,,,47.50014637955222,-3.090731590084488,1.0764206390865247,-4.167152229171013,2105.0060000000003,2156.5587125959423,2053.4532874040583,0.04898106000262423,0.3725964227822764,21.462103597810827,2147.24,2052.03,,,0.004509046905612379,0.01941492083449048,-0.003259144903297817,
2019-07-17,2079.91,2080.01,2063.49,2072.92,761626.0,2082.902,2080.8810000000003,2102.413,,,,41.880749221749355,-4.1510134610211935,0.03093381906498116,-4.181947280086175,2102.413,2154.934306571712,2049.891693428288,0.049962882242178014,0.21922823397652463,21.95623905511006,2147.24,2052.03,,,-0.00905888033195168,0.006868145212213017,-0.0244072327488023,
2019-07-18,2068.66,2073.2,2061.33,2066.55,446644.0,2080.096,2076.663,2099.1760000000004,,,,40.16081363036541,-5.442561782000212,-1.0637653011480575,-4.378796480852154,2099.1760000000004,2152.1574089657856,2046.1945910342151,0.050478291449392754,0.19209954362416373,21.235793408316475,2147.24,2052.03,,,-0.0030729598826775284,-0.0067433119610876835,-0.030375969483270593,
2019-07-19,2080.21,2096.73,2076.51,2094.36,394904.0,2081.636,2075.04,2097.6130000000003,,,,49.84490799365049,-4.173973580122947,-1.6858069569430354,-2.4881666231799118,2097.6130000000003,2149.2079567690466,2046.0180432309537,0.04919397121303735,0.46847560106929265,21.87466530772243,2147.24,2052.03,,,0.013457211294185978,0.0036901076361268714,-0.014706297456741901,
2019-07-22,2090.35,2099.34,2087.51,2093.34,332629.0,2083.808,2077.957,2095.9635,,,,49.52830815283924,-3.2138663156306393,-1.9914188286805565,-1.2224474869500828,2095.9635,2145.8621437791626,2046.064856220837,0.04761403886962988,0.47371171036621196,21.157189214313682,2147.24,2052.03,,,-0.0004870222884317821,0.005214936037801099,-0.015514995320575764,
2019-07-23,2095.76,2106.39,2095.38,2101.45,648123.0,2085.7239999999997,2082.8990000000003,2094.954,,,,52.1317211665193,-1.778068700251879,-1.9487488029948212,0.17068010274294232,2094.954,2143.53344108365,2046.3745589163507,0.04637757304804746,0.5668595588493286,20.578104270434117,2147.24,2052.03,,,0.0038741914834663493,0.004579634489714879,-0.009516223298957405,
2019-07-24,2097.16,2105.68,2080.66,2082.3,851392.0,2087.6,2085.2509999999997,2092.9764999999998,,,,46.08663106470558,-2.1605284750953615,-1.9911047374149293,-0.16942373768043217,2092.9764999999998,2140.2170106979142,2045.7359893020853,0.04514194086547507,0.3869984697215508,20.895382536831683,2147.24,2052.03,,,-0.00911275547835999,0.00452501784921755,-0.018639394867686065,
2019-07-25,2085.67,2088.81,2061.08,2074.48,598634.0,2089.186,2084.641,2089.9845,,,,43.8504967294896,-3.0593727035325173,-2.204758330638447,-0.8546143728940705,2089.9845,2133.8299638360663,2046.139036163934,0.04195769283079964,0.3231915157977357,21.383569498486565,2147.24,2052.03,,,-0.0037554627095039983,0.003837313396723996,-0.02803703287229664,
2019-07-26,2063.35,2068.16,2054.64,2066.26,589074.0,2083.566,2082.601,2086.7664999999997,,,,41.567393898488895,-4.384457239162202,-2.6406981123431983,-1.743759126819004,2086.7664999999997,2127.5503719471285,2045.982628052871,0.03908810300254367,0.24859547388507353,21.273314534308962,2147.24,2052.03,,,-0.003962438779838706,-0.013416986573463907,-0.030207169744018048,
2019-07-29,2059.13,2063.13,2025.01,2029.48,608670.0,2070.7940000000003,2077.3010000000004,2081.7535,,,,33.23037496530296,-8.306680653241074,-3.7738946205227735,-4.532786032718301,2081.7535,2124.7628921254395,2038.74410787456,0.04132035048860465,-0.10769866088249619,22.700220639001195,2147.24,2052.03,,,-0.01780027682866636,-0.030506272273018276,-0.04707616892202793,
2019-07-30,2035.32,2044.59,2032.61,2038.68,547029.0,2058.24,2071.982,2077.5865000000003,,,,36.6528916336283,-10.551081554262964,-5.129332007270811,-5.421749546992153,2077.5865000000003,2120.331550368433,2034.8414496315677,0.04114875637518115,0.044900524567718834,22.158062021929673,2130.86,2025.01,,,0.00453318091333732,-0.029869851769016464,-0.03927389939774362,
2019-07-31,2036.46,2041.16,2010.95,2024.55,589386.0,2046.69,2067.145,2074.013,,,,33.78824360429087,-13.316454550171784,-6.766756515851006,-6.549698034320778,2074.013,2121.664600224965,2026.3613997750351,0.04595111045587941,-0.01900670456483609,22.7332004489347,2127.71,2025.01,,,-0.006930955324033206,-0.027733755942947802,-0.03409795708056218,
2019-08-01,2015.09,2032.23,2009.33,2017.34,461743.0,2035.2620000000002,2062.224,2069.4435000000003,,,,32.396869675627215,-15.906459552092656,-8.594697123099337,-7.311762428993319,2069.4435000000003,2120.3204638539873,2018.5665361460133,0.049169705627611505,-0.012053943996475726,22.745114702582228,2115.43,2010.95,,,-0.0035612852238768866,-0.02754425205352673,-0.04333888169656619,
2019-08-02,1995.31,2005.31,1987.12,1998.13,438538.0,2021.636,2052.601,2063.8205,,,,28.97348456110224,-19.286817208274215,-10.733121140134314,-8.553696068139901,2063.8205,2119.8607453509967,2007.780254649003,0.05430728626932128,-0.08610110991270983,23.279035080969216,2115.43,2009.33,,,-0.009522440441373181,-0.03297261719241529,-0.053283678971282944,
2019-08-05,1985.93,1987.64,1945.39,1946.98,639603.0,2005.136,2037.9650000000001,2057.9610000000002,,,,22.235826788330527,-25.795794663023344,-13.74565584471212,-12.050138818311224,2057.9610000000002,2133.6808137609964,1982.2411862390038,0.07358721935060607,-0.2328398901660203,25.383389718042846,2106.39,1987.12,,,-0.02559893500422905,-0.04065080710329738,-0.056773424669479766,
2019-08-06,1900.36,1948.53,1891.81,1917.5,739588.0,1980.9,2019.5700000000002,2051.2345,,,,19.431204025063266,-32.95313261574097,-17.58715119891789,-15.365981416823079,2051.2345,2148.657957847687,1953.811042152313,0.09499007339013373,-0.1863567715338228,27.62171902389693,2106.39,1945.39,,,-0.015141398473533352,-0.059440422233994594,-0.0655594703781135,
2019-08-07,1925.33,1929.29,1901.61,1909.71,760777.0,1957.932,2002.3110000000001,2043.7810000000002,,,,18.757916702573823,-38.80662380244871,-21.831045719624058,-16.975578082824654,2043.7810000000002,2158.9485362070413,1928.613463792959,0.11270046664201415,-0.08206941129215216,27.62588195076144,2106.39,1891.81,,,-0.004062581486310335,-0.05672371638141804,-0.07240695946142872,
2019-08-08,1926.28,1937.95,1915.81,1920.61,777165.0,1938.586,1986.9240000000002,2035.7825,2069.103,,,22.789281002763474,-42.08093599941412,-25.881023775582072,-16.19991222383205,2035.7825,2161.3653139316853,1910.1996860683148,0.12337547250915579,0.04144800393367566,27.669747525707052,2106.39,1891.81,,,0.005707672892742766,-0.04794927974461416,-0.07688721414221034,
2019-08-09,1940.06,1946.94,1936.14,1937.75,654344.0,1926.5099999999998,1974.0729999999999,2028.337,2066.9373333333333,,,28.77444225712466,-42.79943203977814,-29.264705428421287,-13.534726611356852,2028.337,2158.5432651488027,1898.130734851197,0.12838721095045133,0.15214039471727836,27.574051273870847,2106.39,1891.81,2147.24,1891.81,0.008924248025367065,-0.030218254067553185,-0.07136284780462554,-0.06284307608974271
2019-08-12,1941.53,1949.19,1933.25,1942.29,427140.0,1925.5720000000001,1965.354,2021.3275,2065.0454999999997,,,30.315309953413788,-42.51244823049319,-31.914253988835668,-10.598194241657524,2021.3275,2154.1870629791115,1888.4679370208887,0.13145773060437893,0.20255246130673082,26.743047611451505,2106.39,1891.81,2147.24,1891.81,0.0023429234937426546,-0.0024088588480621898,-0.06731877376973616,-0.05521451503064512
2019-08-13,1928.76,1937.68,1923.58,1925.83,660040.0,1927.2379999999998,1954.069,2013.0255000000002,2062.8808333333336,,,27.95410470130291,-43.11617945421017,-34.15463908191057,-8.961540372299602,2013.0255000000002,2147.9502060363693,1878.1007939636313,0.13405166108066588,0.1768734853626555,26.16925849634783,2106.39,1891.81,2147.24,1891.81,-0.008474532639307197,0.004344198174706548,-0.07937395727267949,-0.06318011781817479
2019-08-14,1946.18,1952.22,1937.23,1938.37,699585.0,1932.9699999999998,1945.4510000000002,2006.298,2060.8328333333334,,,32.28154568021809,-42.097493894965965,-35.743210044521646,-6.354283850444318,2006.298,2142.0214606985865,1870.5745393014138,0.13529740915715047,0.24975586516006165,26.18502574660871,2106.39,1891.81,2147.24,1891.81,0.006511478167854801,0.015007514229909091,-0.06490843833818971,-0.05961431170406317
2019-08-16,1921.49,1927.7,1911.72,1927.17,421682.0,1934.282,1936.434,1999.3290000000002,2058.538,,,30.518397529115646,-41.71308220159858,-36.93718447593703,-4.775897725661551,1999.3290000000002,2136.2697803249303,1862.38821967507,0.1369867393759907,0.2365320986605202,26.218238193279504,2106.39,1891.81,2147.24,1891.81,-0.005778050630168563,0.0034155815079583984,-0.0674457429048414,-0.06668248694826773
2019-08-19,1936.64,1943.09,1931.44,1939.9,481022.0,1934.712,1930.611,1991.6059999999998,2056.543166666667,,,34.872455937736305,-39.9210436133294,-37.53395630341551,-2.3870873099138947,1991.6059999999998,2123.5695609401355,1859.6424390598643,0.13251974631542146,0.304089857716647,25.482649750902386,2106.39,1891.81,2147.24,1891.81,0.00660554076703157,0.001109534253644684,-0.07375045359919019,-0.058113508028296956
2019-08-20,1942.99,1964.16,1937.53,1960.25,463604.0,1938.304,1931.938,1984.9515,2055.1255,,,41.214316512257795,-36.438722285046424,-37.31490949974169,0.8761872146952641,1984.9515,2108.9028224253816,1861.0001775746182,0.12489103378634865,0.4003580618719493,25.564603340123654,2106.39,1891.81,2147.24,1891.81,0.010490231455229537,0.009246816901698596,-0.0635778230005638,-0.04158782776205072
2019-08-21,1954.57,1971.12,1954.47,1964.65,391567.0,1946.068,1936.6529999999998,1978.1115000000002,2053.7995,,,42.517661430925855,-32.94415460864184,-36.44075852152172,3.496603912879884,1978.1115000000002,2090.1152410580607,1866.10775894194,0.11324310187576425,0.43990602513436555,24.92784595868624,2106.39,1891.81,2147.24,1891.81,0.002244611656676554,0.02015754246221113,-0.06509790858692799,-0.038919680463357476
2019-08-22,1966.6,1967.96,1951.01,1951.01,435564.0,1948.596,1940.7830000000001,1971.547,2052.1691666666666,,,39.58749562050459,-30.918904667200877,-35.33638775065755,4.417483083456673,1971.547,2073.2736775433127,1869.8203224566873,0.10319477805328779,0.39905794381588894,24.357999818780087,2105.68,1891.81,2147.24,1891.81,-0.0069427124424198405,0.0065209428540475844,-0.0630504730346253,-0.04774432236935222
2019-08-23,1942.42,1953.85,1940.6,1948.3,381086.0,1952.8220000000001,1943.5520000000001,1965.2379999999998,2050.918833333333,,,39.012236804638285,-29.196000528839022,-34.108310306293845,4.912309777454823,1965.2379999999998,2055.6711084503963,1874.8048915496033,0.09203272931868457,0.40635067017910514,23.564571260295796,2088.81,1891.81,2147.24,1891.81,-0.0013890241464677988,0.010964263661223494,-0.06082488141606579,-0.03707767431745845
2019-08-26,1915.34,1924.49,1909.92,1916.31,324853.0,1948.104,1941.4080000000001,1957.7405000000003,2048.8773333333334,,,32.929251748251176,-30.065337736346464,-33.29971579230437,3.2343780559579045,1957.7405000000003,2037.6842178207348,1877.7967821792658,0.08166937121721135,0.2408770749635137,24.62281617027466,2068.16,1891.81,2147.24,1891.81,-0.01641944259097672,-0.012160420640239256,-0.07257073166010097,-0.06007945850500296
2019-08-27,1928.98,1937.42,1919.28,1924.6,427042.0,1940.9740000000002,1939.639,1952.4965,2046.925,,,35.72614086062687,-29.742506913324178,-32.58827401650833,2.8457671031841514,1952.4965,2026.4650558261162,1878.5279441738837,0.07576818276101006,0.31143000773478274,24.371900729540766,2063.13,1891.81,2147.24,1891.81,0.004326022407648011,-0.01818645580920808,-0.05167826241204654,-0.05737263314623808
2019-08-28,1929.96,1943.62,1926.43,1941.09,284344.0,1936.262,1941.1650000000002,1947.6169999999997,2044.812333333333,,,40.996839446010796,-27.835189238154726,-31.63765706083761,3.8024678226828854,1947.6169999999997,2010.1998385741754,1885.034161425824,0.06426606316763064,0.44785311637579556,23.989622106002138,2044.59,1891.81,2147.24,1891.81,0.008568014132806834,-0.011991957855088775,-0.0478692094884926,-0.06130038445728658
2019-08-29,1943.55,1947.15,1928.49,1933.41,285103.0,1932.7419999999997,1940.6689999999999,1943.06,2042.5863333333334,,,39.37725180182177,-26.636291467145384,-30.63738394209917,4.001092474953786,1943.06,1994.9269177800393,1891.1930822199606,0.05338684114750891,0.40697345810171115,23.608934812716274,2041.16,1891.81,2147.24,1891.81,-0.003956539882230992,-0.009020968626506254,-0.04501741127657988,-0.06461632244299609
2019-08-30,1951.66,1971.21,1951.3,1967.79,317733.0,1936.64,1944.7310000000002,1940.5825,2040.8976666666667,,,49.07581688632019,-22.650872513025433,-29.04008165628442,6.389209143258988,1940.5825,1981.62438147492,1899.54061852508,0.04229851755843418,0.8314601941022854,24.62258232609368,2032.23,1891.81,2147.24,1891.81,0.01778205347029327,0.010003592875840406,-0.024562047052058666,-0.04896791374069054
2019-09-02,1961.19,1973.25,1958.59,1969.19,262154.0,1947.216,1947.6599999999999,1939.1355000000003,2039.1786666666667,,,49.430602896849905,-19.1585827624981,-27.06378187752716,7.90519911502906,1939.1355000000003,1973.4486994865158,1904.8223005134848,0.035390202991503666,0.9379437133487166,23.91096930280128,2005.31,1891.81,2147.24,1891.81,0.0007114580315989993,0.027594700231173608,-0.014483542111874637,-0.04977006557835861
2019-09-03,1966.5,1976.37,1960.15,1965.69,342077.0,1955.434,1948.2039999999997,1940.071,2036.9486666666667,,,48.52049613540289,-16.483329165788746,-24.947691335179478,8.464362169390732,1940.071,1976.1627729683842,1903.9792270316157,0.037206651682731455,0.8549146785119414,23.361614352601176,1987.64,1891.81,2147.24,1891.81,-0.001777380547331675,0.021349890886418033,0.009609754594294806,-0.06372976294242871
2019-09-04,1962.43,1988.53,1962.08,1988.53,348722.0,1964.922,1950.592,1943.6225,2034.894,,,54.41841260563202,-12.377494249098618,-22.43365191796331,10.056157668864692,1943.6225,1983.8708340649193,1903.3741659350806,0.04141579351434694,1.057880233347864,23.58221332741538,1976.37,1891.81,2147.24,1891.81,0.011619329599275474,0.024439876564198437,0.037043024771838295,-0.058376463791723676
2019-09-05,1993.62,2015.39,1992.51,2004.75,488067.0,1979.19,1955.966,1948.3745,2033.1606666666667,,,58.09052463857813,-7.725714821502606,-19.49206449867117,11.766349677168563,1948.3745,1993.6172353174109,1903.131764682589,0.04644151862735933,1.1230337269009558,23.81634094688572,1988.53,1901.61,2147.24,1891.81,0.008156779128300817,0.03689853678216215,0.04976671850699832,-0.0493183165382336
2019-09-06,2016.11,2017.2,2005.69,2009.13,384440.0,1987.4579999999999,1962.0489999999998,1952.8005,2031.5936666666666,,,59.04990178504555,-3.6437142463605596,-16.32239444820905,12.67868020184849,1952.8005,2003.3239585019796,1902.2770414980205,0.051744618563933774,1.0574588683175064,23.0044594506796,2015.39,1909.92,2147.24,1891.81,0.0021848110736999438,0.02100833930449908,0.046089523640926666,-0.04470437201340849
2019-09-09,2013.38,2029.8,2013.28,2019.55,511821.0,1997.53,1972.3730000000003,1956.8905,2030.3293333333336,,,61.31850571061683,0.42718323269809844,-12.97247891202762,13.399662144725719,1956.8905,2014.6096744483687,1899.1713255516313,0.058990704332581384,1.0427962249880285,22.837712347059618,2017.2,1909.92,2147.24,1891.81,0.005186324428981592,0.025573966961034644,0.04221390788285384,-0.036202938804339
2019-09-10,2024.79,2034.28,2021.58,2032.08,504390.0,2010.8079999999998,1983.1209999999999,1961.3799999999999,2029.3518333333334,,,63.9078206315733,4.611308799109111,-9.455721369800274,14.067030168909385,1961.3799999999999,2027.2506149963785,1895.5093850036212,0.06716762177281166,1.036658113818179,22.25859003655536,2029.8,1909.92,2147.24,1891.81,0.0062043524547548135,0.0337743998290676,0.046228935946743155,-0.028052402749279004
2019-09-11,2043.72,2050.8,2040.04,2049.2,429075.0,2022.9419999999998,1993.932,1967.5484999999996,2028.5266666666669,,,67.14400752236057,9.202617333486842,-5.724053629142851,14.926670962629693,1967.5484999999996,2041.5515156885583,1893.545484311441,0.07522357460419266,1.0516768420872882,22.005833605372853,2034.28,1909.92,2147.24,1891.81,0.00842486516278873,0.030509974704932663,0.06406069071517217,-0.023590681895068966
2019-09-16,2056.26,2062.22,2044.8,2062.22,493516.0,2034.4360000000001,2006.8129999999996,1973.741,2027.4840000000002,,,69.39177093292369,13.73355573126446,-1.832531757061389,15.566087488325849,1973.741,2057.0795847972054,1890.4024152027946,0.08444733609648418,1.0308405477205007,21.678274062131923,2050.8,1909.92,2147.24,1891.81,0.006353699004489455,0.028666916074323368,0.06389389022735603,-0.029443048221463153
2019-09-17,2058.72,2066.33,2055.17,2062.33,507995.0,2045.0759999999998,2016.2669999999998,1980.4989999999998,2026.3346666666664,,,69.41081108237621,17.135703413497595,1.961115277050408,15.174588136447188,1980.4989999999998,2069.3723257845168,1891.6256742154826,0.08974841773160915,0.960379980593999,20.926968771979634,2062.22,1909.92,2147.24,1891.81,5.334057472050624e-05,0.026479122804397903,0.07013392694987974,-0.03235599097260344
2019-09-18,2064.42,2075.63,2058.52,2070.73,613147.0,2055.312,2026.4209999999998,1987.0405000000003,2025.4198333333334,,,70.89949977197492,20.276010533042154,5.624094328248757,14.651916204793396,1987.0405000000003,2082.045626488,1892.0353735120004,0.09562475096808518,0.9404472847608428,20.65432814540967,2066.33,1909.92,2147.24,1891.81,0.0040730629918588335,0.02534227922061838,0.06744162070209803,-0.025823053979544763
2019-09-19,2070.53,2089.81,2070.53,2080.35,493037.0,2064.966,2037.8870000000002,1993.0455000000002,2024.6535,,,72.54728891129619,23.27270687418877,9.15381683743676,14.11889003675201,1993.0455000000002,2095.4150283714876,1890.6759716285128,0.10272673491045475,0.9264183951457783,20.556161849308964,2075.63,1909.92,2147.24,1891.81,0.004645704654880012,0.023753986063540733,0.061267695447009274,-0.021624112908156357
2019-09-20,2080.86,2092.37,2077.3,2091.52,589919.0,2073.43,2048.1859999999997,1999.389,2024.1515,,,74.36254880596957,26.246383986207775,12.572330267190964,13.674053719016811,1999.389,2109.374203168429,1889.4037968315704,0.11001881391608076,0.9188336128220467,20.164293145786875,2089.81,1909.92,2147.24,1891.81,0.005369288821592599,0.020651961741167346,0.06457638765174445,-0.014196564921475807
2019-09-23,2087.7,2095.54,2085.6,2091.7,420948.0,2079.326,2056.881,2006.4235,2023.6490000000001,,,74.39193439241146,28.291442874698987,15.71615278869257,12.575290086006417,2006.4235,2121.031382673927,1891.8156173260732,0.11424096924096727,0.8720359281159634,19.43398649251639,2092.37,1909.92,2147.24,1891.81,8.606181150550007e-05,0.014295274025079685,0.07211136795813444,-0.014209298489525679
2019-09-24,2090.19,2101.63,2085.91,2101.04,535771.0,2087.068,2066.072,2014.0605,2023.0943333333335,,,75.933398233926,30.316358609275085,18.636193952809073,11.680164656466012,2014.0605,2132.451630829132,1895.6693691708685,0.11756462214430163,0.8673395945745853,19.168701743050953,2095.54,1909.92,2147.24,1891.81,0.004465267485777247,0.018770031954149058,0.07839655083919306,-0.015592788335395014
2019-09-25,2093.47,2095.27,2072.41,2073.39,651551.0,2087.6,2071.4559999999997,2021.9144999999996,2022.1405000000002,,,63.70751659832726,29.351647476999915,20.779284657647242,8.572362819352673,2021.9144999999996,2133.997881725394,1909.8311182746052,0.11086856711833709,0.7296303841282903,19.844508761404466,2101.63,1909.92,2147.24,1891.81,-0.013160149259414444,0.0012845711415780947,0.08197003616325116,-0.02686072598586331
2019-09-26,2082.66,2087.33,2064.34,2074.52,430577.0,2086.434,2075.7,2029.4105,2021.2201666666665,,,63.962883948597785,28.35147040781567,22.293721807680928,6.05774860013474,2029.4105,2134.278844790029,1924.542155209971,0.10334857811175109,0.7150768188928692,20.069186707018417,2101.63,1919.28,2147.24,1891.81,0.0005450011816396927,-0.002802413055495445,0.07789670580899921,-0.025928047555100586
2019-09-27,2066.96,2066.96,2044.75,2049.93,285943.0,2078.1159999999995,2075.773,2034.8525000000002,2020.0186666666666,,,54.908605145655784,25.283166773465155,22.891610800837775,2.39155597262738,2034.8525000000002,2131.8216503262784,1937.883349673722,0.09530828433636164,0.5777437976370188,20.762101942231386,2101.63,1926.43,2130.86,1891.81,-0.011853344388099485,-0.019885059669522698,0.05607158864349415,-0.03397234710323194
2019-09-30,2045.77,2064.99,2042.01,2063.05,327625.0,2072.386,2075.856,2041.3345000000002,2019.4691666666668,,,58.30031425747795,23.63770760953298,23.040830162576817,0.5968774469561637,2041.3345000000002,2126.984102795345,1955.6848972046555,0.08391530422411873,0.6267694145172401,20.920523232071986,2101.63,1928.49,2127.71,1891.81,0.006400218544047931,-0.013696992876607417,0.06705251343481211,-0.01572981173843746
2019-10-01,2062.44,2077.48,2057.91,2072.42,389336.0,2066.662,2076.8650000000002,2046.566,2018.864,,,60.58077921237827,22.82661900406424,22.997987930874302,-0.17136892681006088,2046.566,2126.1768224803654,1966.9551775196346,0.0777994186167125,0.6623774205220432,20.824057286924,2101.63,1951.3,2115.43,1891.81,0.00454181915125651,-0.013621825381715635,0.05317132417585224,-0.017218894785012706
2019-10-02,2058.23,2058.23,2031.91,2031.91,414460.0,2058.366,2072.983,2049.702,2017.5526666666667,,,48.28603492728411,18.699451361557067,22.138280617010857,-3.43882925545379,2049.702,2121.4243512163416,1977.9796487836588,0.06998319874434565,0.37596614097094483,22.23019605214371,2101.63,1958.59,2115.43,1891.81,-0.019547196031692415,-0.02000588408355386,0.0318506594081831,-0.03727867563098475
2019-10-04,2028.4,2039.43,2020.69,2020.69,402940.0,2047.6,2067.0170000000003,2052.452,2016.828,,,45.52992295386229,14.3577735634492,20.582179206298527,-6.224405642849327,2052.452,2114.6659989391474,1990.2380010608533,0.0606240720261882,0.24473590717848367,21.980896334133448,2101.63,1960.15,2106.39,1891.81,-0.005521898115566137,-0.025948171143204135,0.027979996845891364,-0.021064156537494494
2019-10-07,2031.53,2034.94,2016.19,2021.73,322184.0,2041.9600000000003,2060.038,2054.112,2016.323,,,45.83851946153474,10.875515760789995,18.64084651719682,-7.765330756406826,2054.112,2110.9549688176135,1997.2690311823867,0.055345539890340335,0.21516266062825554,21.75011802455249,2101.63,1962.08,2106.39,1891.81,0.0005146756800895602,-0.013756567297419808,0.016695750126978215,-0.014765865996111294
2019-10-08,2029.37,2046.81,2024.63,2046.25,437517.0,2038.6,2055.493,2056.1870000000004,2016.1141666666667,,,52.64977089023461,9.979324995050774,16.90854221276761,-6.929217217716836,2056.1870000000004,2108.521896617842,2003.8521033821592,0.05090480254747384,0.40506334547135725,21.98796673708445,2101.63,1992.51,2106.39,1891.81,0.012128226815647958,-0.008143283003320456,0.020700835515650384,-0.006086128678149283
2019-10-10,2030.13,2040.88,2010.9,2028.15,445846.0,2029.7459999999999,2048.204,2057.138,2015.2403333333334,,,47.864638478198984,7.719582087476738,15.070750187709438,-7.3511681002327,2057.138,2106.6321029214605,2007.6438970785396,0.04811938034440127,0.20715703195995447,22.942397684435555,2101.63,2005.69,2106.39,1891.81,-0.008845448992058635,-0.02136150008202975,0.00946678413044455,-0.02519970392871207
2019-10-11,2048.08,2053.94,2040.48,2044.61,381147.0,2032.286,2045.3260000000002,2058.391,2014.5394999999999,,,52.12586258828721,7.174204230118448,13.49144099619124,-6.317236766072792,2058.391,2105.211986704683,2011.570013295317,0.04549280161512855,0.35283308864332624,23.145797849833013,2101.63,2010.9,2106.39,1891.81,0.008115770529793176,0.0062502768331273995,0.012408704909509627,-0.0201518215713149
2019-10-14,2068.13,2075.1,2065.53,2067.4,511215.0,2041.628,2044.614,2060.157,2014.2881666666667,,,57.32653044643198,8.483162270876164,12.489785251128227,-4.006622980252063,2060.157,2105.5167667983433,2014.797233201657,0.04403525245730603,0.5798394757208551,23.670383717702084,2101.63,2010.9,2106.39,1891.81,0.01114637999422885,0.023115866362480197,0.017381205464351845,-0.007241366063539645
2019-10-15,2064.78,2073.21,2064.34,2068.17,464533.0,2050.916,2046.438,2061.1055,2013.893166666667,,,57.494539993225494,9.473449484907178,11.886518097884018,-2.41306861297684,2061.1055,2106.3021846018605,2015.9088153981395,0.043856740571368624,0.5781528563680228,22.61321345215193,2101.63,2010.9,2106.39,1891.81,0.0003724484860210264,0.02297042631805435,0.009257271130197253,-0.011329575929670543
2019-10-16,2080.92,2090.01,2073.8,2082.83,524545.0,2058.232,2048.416,2062.136,2014.0583333333334,,,60.669467143249605,11.310814686955382,11.771377415698291,-0.46056272874290904,2062.136,2108.316460543395,2015.955539456605,0.04478895722046939,0.7240557993196516,22.55798391985537,2101.63,2010.9,2106.39,1891.81,0.007088392153449696,0.017876603543066638,0.009994084045349183,0.0047806958300367075
2019-10-17,2081.76,2087.15,2072.49,2077.94,314177.0,2068.19,2048.968,2062.9165000000003,2014.2481666666667,,,59.084137727239685,12.23136218500531,11.863374369559695,0.36798781544561443,2062.9165000000003,2109.6085118542783,2016.2244881457223,0.04526796101953521,0.6608786964126424,21.993842211294297,2101.63,2010.9,2106.39,1891.81,-0.002347767220560404,0.024549466262357322,0.007569108726537488,0.00551160146137275
2019-10-18,2082.23,2088.54,2057.89,2060.69,516687.0,2071.406,2051.846,2062.4145,2013.6870000000001,,,53.74856398336235,11.437131738348853,11.778125843317527,-0.340994104968674,2062.4145,2108.975398391247,2015.8536016087526,0.04515183382510856,0.4814812422055426,22.612139196201852,2101.63,2010.9,2106.39,1891.81,-0.00830149089964094,0.007864580531250498,-0.0048485316772345355,-0.016076510246566977
2019-10-21,2067.97,2067.97,2059.33,2064.84,606108.0,2070.8940000000002,2056.261,2061.639,2013.2119999999998,,,54.80595381731808,11.015587864320878,11.625618247518199,-0.6100303831973211,2061.639,2107.4904104036077,2015.7875895963925,0.04448054232929003,0.5349062326744497,21.614129253615996,2101.63,2010.9,2106.39,1891.81,0.002013888551892773,-0.0012382702911869492,-0.007455476241978398,-0.013614606322909784
2019-10-22,2076.29,2093.81,2073.08,2088.86,504063.0,2075.032,2062.974,2061.5060000000003,2013.0021666666664,,,60.44290063380813,12.475910038637267,11.795676605742013,0.6802334328952533,2061.5060000000003,2107.0241591894937,2015.987840810507,0.04416010352576554,0.8004734867036727,22.139548592643408,2101.63,2010.9,2106.39,1891.81,0.011632862594680438,0.010004013209745866,-0.0012718023255813282,-0.005991101382378683
2019-10-23,2086.81,2088.25,2074.88,2080.62,429453.0,2074.59,2066.411,2060.9519999999998,2012.9741666666666,,,57.78044437308114,12.820539547988574,12.000649194191325,0.8198903537972484,2060.9519999999998,2105.2397931714827,2016.6642068285166,0.04297799577232564,0.7220476410265626,21.55672369316888,2101.63,2010.9,2105.68,1891.81,-0.003944735405915334,-0.001061056351214451,-0.005297126739016056,-0.0008068001728859242
2019-10-24,2089.85,2089.85,2067.9,2085.66,367717.0,2076.134,2072.162,2060.183,2013.1605000000002,,,58.97091057695544,13.346496690096046,12.26981869337227,1.0766779967237756,2060.183,2102.132144019873,2018.2338559801267,0.04072370660263985,0.8036653142186928,21.58481485794252,2101.63,2010.9,2101.63,1891.81,0.0024223548749890966,0.003715217956244965,-0.007320184289685172,0.005389302379391392
2019-10-25,2091.16,2091.24,2079.3,2087.89,348686.0,2081.5739999999996,2076.4900000000002,2060.9080000000004,2013.5210000000002,,,59.51485944110431,13.784366283598047,12.572728211417427,1.2116380721806195,2060.9080000000004,2104.2240337981225,2017.5919662018782,0.042035873312270246,0.8114551083526172,20.895899510946595,2095.27,2010.9,2101.63,1891.81,0.0010692059108388108,0.013199462316020316,0.006993377994492178,0.010468188901686881
2019-10-28,2096.67,2104.39,2089.76,2093.6,269233.0,2087.326,2079.1099999999997,2061.862,2014.5896666666665,,,60.942714677447675,14.425838286671024,12.943350226468148,1.4824880602028756,2061.862,2107.131574594865,2016.592425405135,0.04391135254916677,0.8505444913502678,20.581906688736122,2093.81,2010.9,2101.63,1891.81,0.0027348184051843027,0.013928439975978701,0.009197308293002582,0.03159430001773855
2019-10-29,2103.92,2105.17,2088.04,2092.69,357662.0,2088.092,2081.562,2064.0,2015.4898333333333,,,60.576041296577124,14.691426456751742,13.292965472524868,1.3984609842268743,2064.0,2110.82572797085,2017.17427202915,0.04537376741361438,0.8063486809843101,20.33534192525498,2104.39,2010.9,2104.39,1891.81,-0.0004346580053495863,0.0018335359957104558,0.02085924885239998,0.026492632487688184
2019-10-30,2093.51,2093.51,2075.54,2080.27,415551.0,2088.022,2081.306,2064.861,2016.4185,,,55.65427483719359,13.741315462294097,13.382635470478714,0.35867999181538224,2064.861,2112.215467540033,2017.5065324599668,0.04586697849398391,0.6626984823234837,20.16638893059393,2105.17,2010.9,2105.17,1891.81,-0.005934944975127698,-0.00016821908854092182,0.00834686507840332,0.02752216541947594
2019-10-31,2089.22,2103.71,2083.48,2083.48,461322.0,2087.5860000000002,2081.86,2065.4139999999998,2017.5208333333333,,,56.63495642388659,13.096398694985965,13.325388115380164,-0.22898942039419978,2065.4139999999998,2113.3632241438795,2017.4647758561198,0.046430617923457346,0.6883867812520829,20.40021829269437,2105.17,2010.9,2105.17,1891.81,0.0015430689285524934,-0.001045232684138253,0.005336756062960246,0.03278574756858044
2019-11-01,2084.79,2100.42,2081.53,2100.2,418314.0,2090.048,2085.811,2068.8285,2019.222,,,61.42067159274895,13.77566449045662,13.415443390395456,0.3602211000611639,2068.8285,2116.473042300247,2021.1839576997531,0.04605944117673064,0.8292244870598446,20.292345557501907,2105.17,2010.9,2105.17,1891.81,0.008025035037533268,0.005895904477726255,0.03360877204206858,0.05108276238282783
2019-11-04,2111.32,2130.83,2111.32,2130.24,476256.0,2097.3759999999997,2092.3509999999997,2074.306,2022.2763333333335,,,68.2089580505558,16.54721843858397,14.041798400033159,2.5054200385508096,2074.306,2123.7104716194794,2024.9015283805204,0.04763469962433654,1.066082362248621,21.03074944625178,2105.17,2010.9,2105.17,1891.81,0.014303399676221407,0.01750095529231932,0.05421415457096335,0.09412526066009907
2019-11-05,2133.66,2143.12,2128.7,2142.64,400643.0,2107.3659999999995,2097.729,2080.3514999999998,2026.0286666666666,,,70.51522588923385,19.519265338813966,15.13729178778932,4.381973551024647,2080.3514999999998,2132.078373972819,2028.6246260271807,0.04972897510138949,1.1020903180108146,20.5585530572338,2130.83,2010.9,2130.83,1891.81,0.005820940363527205,0.02386880044344819,0.05980521632463276,0.11741329856584093
2019-11-06,2142.69,2156.23,2138.83,2144.15,410084.0,2120.142,2104.082,2085.2464999999997,2029.936,,,70.79308878445849,21.745806182711476,16.45899466677375,5.286811515937725,2085.2464999999997,2141.4718737293033,2029.0211262706962,0.05392683668746459,1.0238159935013558,20.332942124574252,2143.12,2010.9,2143.12,1901.61,0.0007047380801254999,0.030707552385027093,0.0478436163714111,0.12276209476831568
2019-11-07,2141.05,2147.01,2135.45,2144.29,425662.0,2132.3039999999996,2109.945,2091.0535,2033.664,2051.3835,,70.82054531731988,23.253599650919114,17.817915663602825,5.435683987316288,2091.0535,2146.475811130084,2035.631188869916,0.05300898435174799,0.9802804043577906,19.706303401390407,2156.23,2010.9,2156.23,1909.92,6.529393932330763e-05,0.02918674525313425,0.05726400907230711,0.11646299873477695
2019-11-08,2154.18,2155.94,2133.75,2137.23,574127.0,2139.71,2114.879,2095.6845000000003,2036.9886666666666,2051.963,,67.38056421834563,23.60673014993199,18.97567856086866,4.631051589063333,2095.6845000000003,2150.2821374855157,2041.0868625144847,0.0521048254024072,0.8804697594380494,19.883710301291096,2156.23,2040.48,2156.23,1909.92,-0.003292465104999809,0.017631654128178464,0.0452995925873394,0.10294413624048504
2019-11-11,2139.07,2139.07,2119.07,2124.09,617265.0,2138.4800000000005,2117.9280000000003,2098.519,2040.0186666666666,2052.5320833333335,,61.402529915480606,22.566171650298656,19.693777178754658,2.8723944715439984,2098.519,2152.8341577002197,2044.20384229978,0.0517652284303548,0.7353946953549648,19.892016708341732,2156.23,2057.89,2156.23,1909.92,-0.006148145028845642,-0.0028869986480395404,0.027420915159137138,0.09360085260182571
2019-11-12,2131.26,2140.94,2121.8,2140.92,610428.0,2138.136,2122.7509999999997,2102.1565,2043.6035,2053.2421666666664,,65.61093521564774,22.836319017819278,20.322285546567585,2.514033471251693,2102.1565,2157.5872435544547,2046.7257564455454,0.05273702843195042,0.8496570451190059,19.83830122917446,2156.23,2057.89,2156.23,1909.92,0.007923393076564533,-0.0008027480117984709,0.03517602518168239,0.1116869090210455
2019-11-13,2132.48,2133.37,2118.67,2122.45,664365.0,2133.796,2126.969,2104.1375,2046.6715000000002,2053.7521666666667,,58.12128722463435,21.314339673081122,20.520696371870294,0.7936433012108282,2104.1375,2159.4957188568205,2048.779281143179,0.05261844233736694,0.6654000108580418,20.01056542709057,2156.23,2057.89,2156.23,1909.92,-0.008627132260897286,-0.010120560595107797,0.019022195762496086,0.09496638928584322
2019-11-14,2127.54,2139.23,2121.32,2139.23,521109.0,2132.784,2132.544,2107.202,2050.2058333333334,2054.3719166666665,,62.32861641926079,21.217582754291016,20.660073648354437,0.5575091059365782,2107.202,2163.2020237857064,2051.201976214294,0.053151073115635,0.7859641642525056,19.86052503944123,2156.23,2057.89,2156.23,1909.92,0.007905957737520453,-0.0023597554435267343,0.029495558100811392,0.11003699725504235
2019-11-15,2137.96,2165.02,2135.26,2162.18,556246.0,2137.774,2138.7419999999997,2112.2765,2053.9105,2055.226833333333,,67.18449363182823,22.73074946744009,21.07420881217157,1.6565406552685218,2112.2765,2168.8878357111416,2055.6651642888583,0.05360220190031153,0.9407553661569795,20.56763039376684,2156.23,2057.89,2156.23,1909.92,0.010728159197468168,0.01167398922904872,0.049250493766650916,0.11458322593948123
2019-11-18,2161.89,2165.89,2151.97,2160.69,489233.0,2145.094,2141.787,2117.069,2057.2511666666664,2056.1883333333335,,66.58440293078966,23.538378664723496,21.567042782681956,1.97133588204154,2117.069,2173.0305957242067,2061.107404275793,0.05286704941993553,0.8897404946686626,20.09279965135493,2165.02,2059.33,2165.02,1909.92,-0.0006891193147655628,0.017230908294846303,0.04642006160283607,0.10225226374186969
2019-11-19,2151.04,2154.41,2137.01,2153.24,826885.0,2147.558,2142.847,2120.2879999999996,2060.394333333333,2057.0969166666664,,63.52895928955214,23.308590957014076,21.91535241754838,1.3932385394656954,2120.2879999999996,2176.792610997683,2063.783389002316,0.053298996171919445,0.7915868228997385,20.34902824768671,2165.89,2067.9,2165.89,1909.92,-0.003447972638370267,0.005754535433365016,0.030820639008837247,0.09599165245718044
2019-11-20,2140.06,2145.97,2123.8,2125.32,581056.0,2148.132,2140.964,2122.523,2063.2995,2057.7343333333333,,53.60180046939839,20.63569641727554,21.65942121749381,-1.0237248002182717,2122.523,2176.031357515434,2069.014642484566,0.050419578506743154,0.5261361040580741,20.99838337285192,2165.89,2067.9,2165.89,1909.92,-0.012966506288198065,0.00135221088836035,0.021483980736511255,0.08934346825490391
2019-11-21,2123.65,2125.36,2088.19,2096.6,579554.0,2139.606,2136.1949999999997,2123.07,2065.771166666667,2058.345,,45.69228606666583,16.015329511015807,20.53060287619821,-4.515273365182402,2123.07,2175.267430204939,2070.8725697950613,0.04917165256438919,0.246443456161797,22.153498846219644,2165.89,2067.9,2165.89,1909.92,-0.01351325917979418,-0.01992773100601619,0.005245342002052178,0.07611764102037677
2019-11-22,2098.89,2106.42,2093.99,2101.96,519852.0,2127.562,2132.668,2123.7735000000002,2068.865333333333,2058.8713333333335,,47.25652895168498,12.640451399148333,18.952572580788235,-6.3121211816399025,2123.7735000000002,2174.41135156382,2073.1356484361804,0.047686678041532975,0.28461270249086057,21.458963214346834,2165.89,2075.54,2165.89,1909.92,0.0025565200801298538,-0.02785152022495807,0.006738860763737531,0.0968788974643977
2019-11-25,2117.14,2130.04,2116.07,2123.5,397676.0,2120.124,2132.609,2125.2685,2072.1803333333332,2059.552666666667,,53.10251545266626,11.570555996413077,17.476169263913203,-5.905613267500126,2125.2685,2173.9837835463313,2076.553216453669,0.045843886121994644,0.4818486122705395,21.931894413322055,2165.89,2075.54,2165.89,1919.28,0.010247578450588879,-0.017212094284696167,0.014281620175773835,0.10334614984931934
2019-11-26,2129.27,2139.64,2120.85,2121.35,532600.0,2113.746,2130.652,2126.7015,2075.1846666666665,2059.9985,,52.47728815773902,10.428950698014432,16.066725550733448,-5.637774852719016,2126.7015,2173.131706665483,2080.2712933345174,0.043664055971637514,0.44237049127784045,21.707473383799048,2165.89,2075.54,2165.89,1926.43,-0.0010124793972215995,-0.014810239453103224,0.013695291705890345,0.09286534885038811
2019-11-27,2134.47,2136.3,2118.07,2127.85,367796.0,2114.252,2131.192,2129.0805,2078.4253333333336,2060.5058333333336,,54.23176087538573,9.934200669947131,14.840220574576186,-4.906019904629055,2129.0805,2170.3383780234685,2087.8226219765315,0.03875652237993678,0.48508769647217215,21.459082427813403,2165.89,2075.54,2165.89,1928.49,0.003064086548659972,0.0011904089737073686,0.022872031034433027,0.10056842573484137
2019-11-28,2116.93,2127.75,2116.58,2118.6,335227.0,2118.6519999999996,2129.129,2130.8365,2080.938833333333,2060.91825,,51.32767119484378,8.695474002146057,13.61127126009016,-4.915797257944103,2130.8365,2166.8360195940086,2094.836980405991,0.03378909606063975,0.3300463431456948,20.731290825826733,2165.89,2081.53,2165.89,1951.3,-0.00434711093357143,0.01049317943336825,0.01685641330850296,0.07663927553245009
2019-11-29,2125.53,2125.53,2085.1,2087.96,433260.0,2115.852,2121.707,2130.2245000000003,2082.9183333333335,2061.0485,,43.09541151668311,5.1816514105389615,11.925347290179921,-6.74369587964096,2130.2245000000003,2168.6227689583716,2091.826231041629,0.036050912904598845,-0.050343819480774,22.138341481124847,2165.89,2081.53,2165.89,1958.59,-0.014462380817520937,-0.006660450246436689,-0.005828016379392342,0.06031413931616547
2019-12-02,2097.55,2103.87,2088.92,2091.92,385343.0,2109.536,2114.8300000000004,2128.3085,2085.0221666666666,2060.985416666667,,44.337972271880105,2.6855037799577985,10.077378588135497,-7.391874808177699,2128.3085,2170.179608547535,2086.4373914524654,0.039346841444776195,0.06547006680406497,21.693459946758775,2165.89,2085.1,2165.89,1960.15,0.0018965880572425764,-0.014871674122910239,-0.01798858344599652,0.06421663639739728
2019-12-03,2075.02,2085.71,2066.6,2084.07,450039.0,2102.08,2107.913,2125.38,2086.6145,2060.75425,,42.36319462356069,0.07301770152571407,8.07650641081354,-8.003488709287826,2125.38,2170.8686346244804,2079.89136537552,0.04280517801473643,0.04593053472560735,21.952498521990304,2165.89,2085.1,2165.89,1962.08,-0.0037525335576885643,-0.017573714851391697,-0.027335436657581202,0.04804554117865978
2019-12-04,2070.84,2072.91,2057.45,2068.89,347002.0,2090.2879999999996,2102.27,2121.617,2087.6835,2060.4220833333334,,38.76739264822201,-3.1855741570921055,5.824090297232411,-9.009664454324517,2121.617,2172.414014124843,2070.8199858751573,0.04788518768924166,-0.01899704055846774,22.285891484705306,2165.89,2066.6,2165.89,1992.51,-0.0072838244396782326,-0.027708720069553827,-0.03510015623906915,0.031994014216236266
2019-12-05,2078.31,2084.29,2053.56,2060.74,472188.0,2078.7160000000003,2098.684,2117.4395,2088.5436666666665,2060.0686666666666,,36.953812174101415,-6.352441577296304,3.3887839223266685,-9.741225499622972,2117.4395,2173.554733751625,2061.324266248375,0.05300291578732243,-0.005205950410553138,22.88904209294064,2165.89,2057.45,2165.89,2005.69,-0.003939310451498201,-0.027310488058151616,-0.038963946108035885,0.025687735487499364
2019-12-06,2072.44,2084.44,2070.17,2081.85,440188.0,2077.4939999999997,2096.673,2114.6704999999997,2089.582,2059.9556666666667,,44.23121965615772,-7.077224409908467,1.2955822558796413,-8.372806665788108,2114.6704999999997,2172.057255780402,2057.2837442195973,0.05427489131796409,0.2140411619922237,22.946967657730614,2165.89,2053.56,2165.89,2010.9,0.010243892970486446,-0.0029263012701393754,-0.025912045030249464,0.03084845633928346
2019-12-09,2091.94,2093.81,2084.31,2088.65,393126.0,2076.84,2093.1879999999996,2112.8985000000002,2090.5248333333334,2059.9383333333335,,46.378373712390335,-7.021971935061629,-0.3679285823086129,-6.654043352753016,2112.8985000000002,2171.1938487938755,2054.603151206125,0.0551804535749117,0.29202028547989595,22.162184253607002,2165.89,2053.56,2165.89,2010.9,0.003266325623844324,-0.0015631572909097224,-0.016684792075665422,0.027838470926341508
2019-12-10,2081.22,2100.48,2080.16,2098.0,500064.0,2079.626,2090.853,2110.7524999999996,2091.3381666666664,2059.9324166666665,,49.27051744889461,-6.1527915409787965,-1.5249011740426497,-4.627890366936147,2110.7524999999996,2167.912613672031,2053.592386327968,0.05416088686099528,0.38844931210975336,22.030599664063658,2165.89,2053.56,2165.89,2010.9,0.0044765757786129345,0.006684036524684744,-0.02004745623376869,0.023814171383954807
2019-12-11,2098.28,2109.22,2092.48,2105.62,668731.0,2086.972,2088.63,2109.911,2092.0615,2059.7727499999996,,51.56339887291453,-4.793829220361204,-2.1786867833063606,-2.615142437054843,2109.911,2166.8526220000763,2052.969377999924,0.05397537810843796,0.46232105927721534,21.652699688059098,2165.89,2053.56,2165.89,2010.9,0.003632030505243078,0.01775348133540211,-0.007929515418502175,0.02104528129879446
2019-12-12,2120.13,2138.93,2120.13,2137.35,584636.0,2102.294,2090.505,2109.817,2093.311833333333,2059.82325,,59.726267837716925,-1.1433165279077002,-1.9716127322266286,0.8282962043189284,2109.817,2166.57060749767,2053.06339250233,0.053799554651109686,0.7425660782984604,22.485363996054875,2165.89,2053.56,2165.89,2010.9,0.015069195771316712,0.037175965915156706,-0.0008788208841499223,0.03637633162490972
2019-12-13,2164.63,2170.25,2159.45,2170.25,540027.0,2119.974,2098.734,2110.2205000000004,2094.9705,2060.195166666667,,66.10476446155312,4.354302436583112,-0.7064296984646805,5.060732135047792,2110.2205000000004,2168.550367640855,2051.890632359146,0.05528319684208777,1.014569142944144,23.229266567765247,2165.89,2053.56,2165.89,2010.9,0.015392893068519431,0.042462233109974434,0.0037323442081602654,0.04806034586836527
2019-12-16,2168.05,2175.01,2166.29,2168.15,377053.0,2135.8740000000003,2106.357,2110.5935,2096.4338333333335,2060.5436666666665,,65.39283867625711,8.444410714329024,1.1237383840940605,7.320672330234963,2110.5935,2170.2889625662588,2050.898037433741,0.05656746556478906,0.9820843789937591,22.19289038435346,2170.25,2053.56,2170.25,2010.9,-0.0009676304573205119,0.03806286357216382,0.0034526007895625543,0.04220443675343111
2019-12-17,2179.4,2196.01,2171.09,2195.68,599534.0,2155.41,2117.5179999999996,2112.7155000000002,2098.1698333333334,2061.1606666666667,,69.9602477232821,13.748804257128995,3.648751558701048,10.100052698427948,2112.7155000000002,2180.7576517810803,2044.67334821892,0.06441203444673944,1.1096551757132176,22.597683928328223,2175.01,2053.56,2175.01,2010.9,0.012697460969028684,0.046558627264061014,0.019709832624324353,0.049801101591187225
2019-12-18,2194.92,2204.04,2187.32,2194.76,591106.0,2173.2380000000003,2130.105,2116.1875,2099.8875,2061.76825,,69.62952528288895,17.67459630055191,6.453920507071221,11.22067579348069,2116.1875,2192.9729191562406,2039.4020808437597,0.07256958011163041,1.0116368502210256,22.177849362019053,2196.01,2053.56,2196.01,2010.9,-0.0004190045908327722,0.042334324332025774,0.032672726930532914,0.04927092795333965
2019-12-19,2199.42,2204.73,2186.59,2196.56,643143.0,2185.08,2143.6870000000004,2121.1855,2101.4795,2062.2869166666665,,69.92904738344076,20.69252914026447,9.30164223370987,11.390886906554599,2121.1855,2204.918971795928,2037.4520282040721,0.07894969279766237,0.9500858401267525,21.889431550446254,2204.04,2053.56,2204.04,2010.9,0.0008201352311869581,0.027702528832432627,0.04767719164361339,0.04546319917755026
2019-12-20,2205.57,2206.82,2194.8,2204.18,646682.0,2191.866,2155.9199999999996,2126.2965,2103.6593333333335,2062.8999166666667,,71.22291898662937,23.429057386304066,12.12712526422871,11.301932122075357,2126.2965,2216.908300837415,2035.6846991625846,0.08522969476497301,0.9297646624403063,21.184472153985805,2204.73,2053.56,2204.73,2010.9,0.0034690607131149243,0.015634143531850997,0.0486308017279109,0.06308026951031875
2019-12-23,2208.22,2209.2,2196.43,2203.71,502034.0,2198.978,2167.4260000000004,2130.307,2105.8125,2063.5163333333335,,71.01993963360385,25.268570315408397,14.755414274464648,10.513156040943748,2130.307,2226.9670637491995,2033.6469362508,0.09074754366314312,0.8796966252290931,20.583438428701104,2206.82,2053.56,2206.82,2010.9,-0.00021323122431005093,0.01640107926112111,0.03777254532611263,0.06227464666525262
2019-12-24,2206.23,2206.23,2187.58,2190.08,569967.0,2197.8579999999997,2176.634,2133.7435,2108.148333333333,2064.0834999999997,,65.21543488132757,25.33452978618334,16.871237376808388,8.46329240937495,2133.7435,2233.7157287987984,2033.7712712012017,0.0937059480662023,0.7817607483443294,20.44533568379389,2209.2,2053.56,2209.2,2010.9,-0.006185024345308654,-0.002550462726808922,0.03239917976760087,0.0683681881820355
2019-12-26,2192.22,2198.01,2183.9,2197.93,571309.0,2198.4919999999997,2185.8650000000002,2137.2475,2110.396333333333,2064.93275,,66.8936758529949,25.72370567028156,18.64173103550302,7.08197463477854,2137.2475,2240.9893389802264,2033.5056610197737,0.09707985526264634,0.7924687888536761,19.99281170638005,2209.2,2053.56,2209.2,2010.9,0.0035843439509057884,0.0014443492682569836,0.0329346523486147,0.0653789292552287
2019-12-27,2183.7,2215.55,2177.4,2204.21,490167.0,2200.022,2192.551,2141.5280000000002,2112.592833333333,2065.728416666667,,68.21486930694239,26.2364365689873,20.16067214219988,6.075764426787423,2141.5280000000002,2248.8421550029593,2034.2138449970412,0.10022204239492462,0.7920490777673803,21.28975372735291,2209.2,2053.56,2209.2,2010.9,0.0028572338518515483,0.003482718432458176,0.04040876050221853,0.06359232201966791
2019-12-30,2202.62,2208.04,2195.65,2197.67,416403.0,2198.72,2195.293,2147.0135,2115.3554999999997,2066.454083333333,,65.29258734754396,25.817448679723384,21.29202744970458,4.525421230018804,2147.0135,2254.0295909910237,2039.9974090089763,0.09968832612465986,0.7366770245992681,20.654057032541978,2215.55,2053.56,2215.55,2010.9,-0.0029670494190662255,-0.0029534792984238223,0.052544110040422254,0.08157841636686669
2020-01-02,2201.21,2202.32,2171.84,2175.17,494677.0,2193.012,2195.995,2151.176,2117.930166666667,2067.3790833333337,,56.34887596341581,23.40009408067317,21.7136407758983,1.6864533047748722,2151.176,2255.7448149306424,2046.6071850693575,0.0972201390594191,0.6147282773354307,21.355910101646124,2215.55,2053.56,2215.55,2010.9,-0.01023811582266676,-0.012950887367212505,0.039795976901602303,0.07644913371175188
2020-01-03,2192.58,2203.38,2165.39,2176.46,631562.0,2190.288,2194.0730000000003,2155.7954999999997,2120.509,2068.4159999999997,,56.71496234420371,21.342393536338477,21.639391327986335,-0.29699779164785767,2155.7954999999997,2256.1772265193163,2055.413773480683,0.09312731798476855,0.6029295904570033,22.544059380099988,2215.55,2053.56,2215.55,2010.9,0.0005930570943879498,-0.006218950905902965,0.0443315243729816,0.07653346391456828
2020-01-06,2154.97,2164.42,2149.95,2155.07,592670.0,2181.716,2190.1040000000003,2160.1045,2122.3226666666665,2069.2184166666666,,49.327681620399076,17.78069204392432,20.867651471173932,-3.0869594272496137,2160.1045,2252.255534606231,2067.953465393769,0.0853209042490592,0.4726834320335491,22.827340852950005,2215.55,2053.56,2215.55,2010.9,-0.009827885649173362,-0.019500166065343105,0.04165518708099536,0.05318020769700671
2020-01-07,2166.6,2181.62,2164.27,2175.54,568235.0,2175.982,2188.002,2165.8445,2124.7791666666667,2070.00975,,55.324831411824256,16.420490680421153,19.978219313023377,-3.557728632602224,2165.8445,2246.0505654751164,2085.638434524884,0.07406447274965146,0.5604411894696906,23.093245077739272,2215.55,2053.56,2215.55,2010.9,0.009498531370210728,-0.013006927652084,0.05570814367654342,0.07267213963464236
2020-01-08,2156.27,2162.32,2137.72,2151.31,913830.0,2166.71,2182.715,2169.3175,2126.5575,2070.5485,,48.07230494399812,13.234800259665917,18.629535502351885,-5.394735242685968,2169.3175,2240.1412329925397,2098.4937670074605,0.06529586655023027,0.37287100496455733,24.14515614361505,2215.55,2070.17,2215.55,2040.48,-0.011137464721402535,-0.02109506886839252,0.03336455556356133,0.05218599146047409
2020-01-09,2182.2,2186.45,2172.16,2186.45,592603.0,2168.9660000000003,2180.989,2174.2075,2128.5416666666665,2071.4149166666666,,56.89716935888385,13.391255909961274,17.581879583873764,-4.190623673912491,2174.2075,2234.8507861494036,2113.5642138505964,0.05578426727844844,0.6009386263290437,24.930502133356825,2215.55,2080.16,2215.55,2053.56,0.016334233560016953,0.0051858015695323,0.04682450386613346,0.05758440553352018
2020-01-10,2189.48,2206.92,2188.1,2206.39,594536.0,2174.952,2182.62,2179.627,2130.845333333333,2072.36925,,60.95236499774344,14.951883488854037,17.05588036486982,-2.103996876015785,2179.627,2230.673550167453,2128.580449832547,0.04683971171898037,0.7621430822671329,24.61189483811707,2215.55,2080.16,2215.55,2053.56,0.009119806078346171,0.013751688521727923,0.0516634890371781,0.066832030248964
2020-01-13,2204.49,2230.43,2204.49,2229.26,488288.0,2189.79,2185.7529999999997,2185.809,2133.2858333333334,2073.6720833333334,,65.01756358998188,17.82859303369787,17.210422898635432,0.6181701350624387,2185.809,2228.8225038795745,2142.795496120426,0.03935705624743449,1.005085567100632,24.706759492537284,2215.55,2092.48,2215.55,2053.56,0.010365347921265311,0.03442579591382189,0.0587190471215131,0.07030338529788804
2020-01-14,2243.06,2250.79,2232.94,2238.88,835899.0,2202.4579999999996,2189.2200000000003,2190.8855,2135.968166666667,2075.1081666666664,,66.5930596583192,20.64665785619718,17.89766989014778,2.7489879660493983,2190.8855,2233.789222204466,2147.9817777955336,0.03916564531050687,1.0593279269718474,24.479848100213175,2230.43,2120.13,2230.43,2053.56,0.004315333339314442,0.0291146106254081,0.04750274873090521,0.07745170697902726
2020-01-15,2229.8,2238.21,2223.39,2230.98,746156.0,2218.392,2192.551,2193.922,2138.8063333333334,2076.246666666667,,64.04229235261795,21.98905442247178,18.715946796612585,3.273107625859197,2193.922,2239.090540644988,2148.753459355012,0.041176067923096485,0.9102191422484242,23.837716093055107,2250.79,2137.72,2250.79,2053.56,-0.0035285499892804273,0.037033249508439114,0.02798295127289485,0.08263736903658492
2020-01-16,2231.93,2249.09,2225.41,2248.05,808331.0,2230.712,2199.839,2197.917,2141.8598333333334,2077.5359166666667,,66.98498239036736,24.151911510892205,19.80313973946851,4.348771771423696,2197.917,2247.206814809936,2148.6271851900638,0.04485138866475501,1.0085533410230436,23.826450657836904,2250.79,2137.72,2250.79,2053.56,0.007651346045235874,0.028173523291179947,0.0368516938403709,0.0887284244784099
2020-01-17,2261.57,2268.71,2245.58,2250.57,580816.0,2239.548,2207.2500000000005,2200.6614999999997,2144.555,2078.7785833333332,,67.40901736586346,25.772247845000948,20.996961360574996,4.775286484425951,2200.6614999999997,2255.0013893171276,2146.321610682872,0.04938505019252432,0.9592252636800026,23.776704182277136,2250.79,2137.72,2250.79,2053.56,0.0011209715086408778,0.02002365855537791,0.024999089120454787,0.07741543234108561
2020-01-20,2261.4,2277.23,2258.09,2262.64,545491.0,2246.2239999999997,2218.007,2204.0555,2147.5886666666665,2080.2814166666667,,69.43399503607532,27.710890296567413,22.33974714777348,5.371143148793934,2204.0555,2264.6199118191334,2143.4910881808664,0.054957247509541854,0.9836544947794896,23.982653883543044,2268.71,2137.72,2268.71,2053.56,0.005363085796042721,0.014973578676331867,0.03092821082942998,0.08748353856062141
2020-01-21,2259.81,2266.31,2238.25,2239.69,770319.0,2246.386,2224.422,2206.212,2150.1558333333332,2081.6581666666666,,61.59711404301355,27.08320685780518,23.28843908977982,3.794767768025359,2206.212,2268.5992825501926,2143.8247174498074,0.056556017780877446,0.7683078876938255,24.273892891861394,2277.23,2137.72,2277.23,2053.56,-0.010143018774528834,0.0003617880368755877,0.019635247842080483,0.07385192217331693
2020-01-22,2238.53,2269.27,2235.13,2267.25,608509.0,2253.6400000000003,2236.016,2209.3655,2153.1451666666667,2083.3330833333334,,66.4886399541493,28.48131006837275,24.32701328549841,4.15429678287434,2209.3655,2277.1644414297707,2141.566558570229,0.06137412884357145,0.9268835086456289,24.978614828157,2277.23,2137.72,2277.23,2053.56,0.01230527439065221,0.01625742947045694,0.02861381556860154,0.08590490878350887
2020-01-23,2254.54,2260.63,2241.94,2246.13,509608.0,2253.2560000000003,2241.984,2211.4865,2155.6873333333333,2085.1385,,60.164253335873724,27.56733041775351,24.975076711949434,2.592253705804076,2211.4865,2281.075512430106,2141.897487569894,0.06293415078962125,0.7489150139527812,25.002285197574352,2277.23,2137.72,2277.23,2053.56,-0.00931524975190201,-0.000854073530393018,0.019249356766543713,0.07285536874283549
2020-01-28,2192.22,2199.93,2166.23,2176.72,808878.0,2238.486,2239.017,2210.8185,2157.0878333333335,2086.2888333333335,,45.01108997093795,21.000111826325337,24.180083734824617,-3.1799719084992795,2210.8185,2281.4650852748555,2140.1719147251442,0.06390989154003879,0.25866844896085645,28.92355054060476,2277.23,2137.72,2277.23,2053.56,-0.030902040398374186,-0.03281390936518325,-0.006100233781414444,0.0401540600853445
2020-01-29,2188.18,2195.45,2172.33,2185.28,692300.0,2223.014,2234.619,2210.186,2158.838,2087.6282499999998,,46.790953302159615,16.29838658430799,22.603744304721292,-6.305357720413301,2210.186,2281.5061240604464,2138.865875939554,0.06453766702028357,0.325392900474407,28.509011216275844,2277.23,2137.72,2277.23,2053.56,0.003932522327171339,-0.03419014955980615,-0.0057554153225988225,0.05047902435741536
2020-01-30,2181.54,2187.45,2139.72,2148.0,602838.0,2204.6760000000004,2225.531,2207.3754999999996,2159.9133333333334,2088.7170833333334,,40.62387190007969,9.455058983475737,19.97400724047218,-10.518948256996442,2207.3754999999996,2283.6725619289987,2131.0784380710006,0.0691292097144315,0.11089261828159483,29.881938986541858,2277.23,2137.72,2277.23,2053.56,-0.017059598769951778,-0.0409387013381316,-0.02550119997640876,0.03096741989363938
2020-01-31,2160.6,2167.23,2119.01,2119.01,710507.0,2175.0280000000002,2214.334,2203.4425,2160.226833333333,2089.7244166666665,,36.585688703543745,1.673134977314021,16.31383278784055,-14.640697810526529,2203.4425,2288.895531982473,2117.989468017527,0.0775632057405383,0.005971303526611252,31.191800487503137,2277.23,2137.72,2277.23,2053.56,-0.013496275605214048,-0.06538317344800959,-0.03579245291604283,0.008956289877154688
2020-02-03,2086.61,2126.73,2082.74,2118.88,836699.0,2149.578,2201.4170000000004,2200.628,2160.0375,2091.156916666667,,36.5681342495369,-4.453251466001348,12.16041593707217,-16.613667403073517,2200.628,2293.0446189816403,2108.21138101836,0.08399113251457321,0.05772024068398098,32.10595759553865,2277.23,2119.01,2277.23,2053.56,-6.134940373103692e-05,-0.056652998713342506,-0.0258784370876759,-0.005332732462069889
2020-02-04,2121.22,2162.32,2120.53,2157.9,624641.0,2145.814,2192.15,2199.7,2160.291833333333,2093.16025,,45.085269505973436,-6.089671027390523,8.510398544179631,-14.600069571570154,2199.7,2293.4320899158747,2105.967910084125,0.08522261209789962,0.2770240691447535,32.91553205300018,2277.23,2082.74,2277.23,2053.56,0.018415389262251836,-0.008646036238009303,-0.008527609053233243,0.007122055034910257
2020-02-05,2177.26,2181.52,2154.88,2165.63,574395.0,2141.884,2182.4489999999996,2200.228,2160.6498333333334,2095.2929166666668,,46.614545650377174,-6.685729988280855,5.471172837687535,-12.15690282596839,2200.228,2293.063204227694,2107.3927957723063,0.08438689465609363,0.313659051607499,32.46727976350016,2277.23,2082.74,2277.23,2053.56,0.0035821863849112567,-0.008991982720749747,0.0049000728514618785,0.010017955833313996
2020-02-06,2184.77,2229.99,2182.25,2227.94,695216.0,2157.8720000000003,2181.2740000000003,2202.848,2162.044,2097.8540000000003,,57.00776360967167,-2.1059388039266196,3.955750509364704,-6.061689313291323,2202.848,2295.706004846096,2109.9899951539037,0.08430722850246251,0.6351095150148219,34.74533120896441,2277.23,2082.74,2277.23,2053.56,0.028772227942908124,0.037216014897579086,0.024085974057015846,0.03901058159110948
2020-02-07,2221.49,2223.92,2198.14,2211.95,800342.0,2176.46,2175.744,2205.88,2163.289333333333,2100.139,,54.09719885670834,0.23066042944401488,3.210732493380566,-2.980072063936551,2205.88,2295.7197081473305,2116.0402918526697,0.08145475560531885,0.5337823893530763,34.39209326546696,2277.23,2082.74,2277.23,2053.56,-0.0071770334928230595,0.04386010448275357,0.02818747646782649,0.03496114129036165
2020-02-10,2185.63,2203.39,2180.51,2201.07,609566.0,2192.898,2171.2380000000003,2206.611,2164.572333333333,2102.2954999999997,,52.14631246561482,1.1907805076752993,2.8067420962395127,-1.6159615885642133,2206.611,2296.043421168151,2117.178578831849,0.08105861990912852,0.4690213016285139,34.18122946079072,2277.23,2082.74,2277.23,2053.56,-0.004918736861140416,0.038789360416823904,0.006686638157744396,0.036241402200471784
2020-02-11,2213.5,2233.32,2211.25,2223.12,526211.0,2205.942,2175.878,2207.4474999999998,2165.9423333333334,2104.772916666667,,55.63798008542345,3.6884155489365185,2.983076786778914,0.7053387621576044,2207.4474999999998,2297.168504647727,2117.7264953522727,0.08128936669862102,0.5873401945371393,34.04328449930567,2277.23,2082.74,2277.23,2053.56,0.010017854952363958,0.03022382872236884,0.007582521675678411,0.03839470881677021
2020-02-12,2225.95,2242.24,2214.77,2238.38,632462.0,2220.4919999999997,2181.188,2207.9035,2167.8745,2107.2729999999997,,57.926010550957585,6.820540831418839,3.7505695957068994,3.0699712357119395,2207.9035,2298.1544490864085,2117.6525509135913,0.08175262106012204,0.6688430997596558,33.57376417792668,2277.23,2082.74,2277.23,2053.56,0.0068642268523517735,0.033592996033486866,0.0040910436647139115,0.05462083912459681
2020-02-13,2245.72,2255.49,2230.3,2232.96,638666.0,2221.496,2189.684,2207.6075,2169.4366666666665,2109.82125,,56.80536244386767,8.764393507648947,4.7533343780953095,4.0110591295536375,2207.6075,2297.488200236466,2117.726799763534,0.08142815263715679,0.6410341704798715,32.974923879503315,2277.23,2082.74,2277.23,2053.56,-0.0024213940439067327,0.0022532025099419872,-0.002644179232473398,0.043814830569878005
2020-02-14,2232.71,2251.5,2221.9,2243.59,597224.0,2227.824,2202.1420000000003,2208.238,2170.7935,2112.3520000000003,,58.501070929948774,11.03545308580533,6.009758119637313,5.025694966168016,2208.238,2298.9388459938355,2117.537154006164,0.08214770871059698,0.6948824159942398,32.733857888110215,2277.23,2082.74,2277.23,2053.56,0.004760497277156883,0.014304120798390718,0.005652224582918697,0.03765181437253151
2020-02-17,2243.07,2250.05,2230.26,2242.17,458247.0,2236.044,2214.471,2207.9440000000004,2172.1515,2114.7013333333334,,58.172537828711995,12.57573676571883,7.322953848853617,5.252782916865213,2207.9440000000004,2298.1635919742357,2117.724408025765,0.08172271758181845,0.6896816381622178,31.809296610388056,2277.23,2082.74,2277.23,2053.56,-0.000632914213381297,0.018672736441821325,-0.002615600186828604,0.03771017591602677
2020-02-18,2225.98,2232.93,2205.21,2208.88,470424.0,2233.196,2219.569,2205.8595,2173.0788333333335,2116.7365833333333,,50.94883736946646,10.983585953506463,8.055080269784186,2.9285056837222765,2205.8595,2293.94453992732,2117.77446007268,0.07986459693132762,0.5171453631768365,32.177203995360344,2277.23,2082.74,2277.23,2053.56,-0.01484722389470916,-0.006405412213465689,-0.01852419609254552,0.025840129293529968
2020-02-19,2222.51,2226.0,2191.2,2210.34,591155.0,2227.5879999999997,2224.04,2203.2445000000002,2174.4958333333334,2118.8976666666667,,51.234843331318785,9.727472514268811,8.389558718681112,1.3379137955876992,2203.2445000000002,2287.451573924924,2119.0374260750764,0.07643915500519698,0.5421312585111674,32.364546567120335,2277.23,2082.74,2277.23,2053.56,0.0006609684546015071,-0.012526916788034193,-0.023114591804263895,0.04000338772514245
2020-02-20,2223.55,2228.18,2186.72,2195.5,709563.0,2220.096,2220.796,2201.0350000000003,2176.1441666666665,2120.9576666666667,,48.160964894541614,7.448666001882884,8.201380175321468,-0.7527141734385836,2201.0350000000003,2283.604027486084,2118.4659725139168,0.07502745525271841,0.4664825893648003,33.01422181232603,2269.27,2082.74,2277.23,2053.56,-0.006713899219124686,-0.01677593866437377,-0.019730409119119163,0.04717161118000579
2020-02-21,2165.65,2184.43,2160.28,2162.84,635474.0,2203.946,2215.8849999999998,2195.8145,2177.1588333333334,2123.012083333333,,42.16522649082835,2.97303507620245,7.155711155497665,-4.182676079295215,2195.8145,2274.0673988536378,2117.561601146362,0.071274598882226,0.28930812479116935,33.17177739715987,2269.27,2082.74,2277.23,2053.56,-0.014875882486904968,-0.03599142445812287,-0.04605138383504237,0.028963443643076126
2020-02-24,2114.04,2120.06,2079.03,2079.04,948620.0,2171.32,2203.682,2187.46,2176.4178333333334,2124.2990833333333,,31.372907239947054,-7.252294396352681,4.274110045127595,-11.526404441480278,2187.46,2277.266750080369,2097.653249919631,0.08211053009460201,-0.10362945938347515,36.78879329736274,2260.63,2082.74,2277.23,2053.56,-0.03874535333173057,-0.07275541105268557,-0.07439017332033326,-0.020937132093242328
2020-02-25,2075.55,2105.49,2071.5,2103.61,1565588.0,2150.2660000000005,2191.731,2183.8045,2176.1221666666665,2125.6534166666665,,36.504466451630385,-13.220945186572862,0.7750989987875037,-13.996044185360367,2183.8045,2280.7317748972027,2086.8772251027976,0.08876918689122817,0.08631613193989332,36.588879490408246,2255.49,2079.03,2277.23,2053.56,0.011817954440511036,-0.04765763644924126,-0.033587232165827374,-0.008362599288189054
2020-02-26,2064.07,2089.64,2059.13,2076.77,810937.0,2123.5520000000006,2175.57,2178.379,2175.2708333333335,2126.8480833333333,,33.55294198612043,-19.887655119804094,-3.3574518249308163,-16.530203294873278,2178.379,2285.9336086227736,2070.824391377226,0.09874737924188003,0.02763995285235427,37.15253095537909,2255.49,2071.5,2277.23,2053.56,-0.012759019019685236,-0.06042961716297046,-0.04965496412359072,-0.02400545151208966
2020-02-27,2073.87,2085.4,2049.15,2054.89,562775.0,2095.4300000000003,2157.763,2173.7235,2174.2090000000003,2127.5739166666667,,31.329129330822994,-26.629634068975975,-8.01188827373985,-18.617745795236125,2173.7235,2293.5009144444525,2053.9460855555476,0.11020483004802815,0.003940285607392292,37.0880644585663,2255.49,2059.13,2277.23,2053.56,-0.010535591326916394,-0.064044636757003,-0.04334729981378027,-0.03007174549230629
2020-02-28,2020.17,2031.01,1980.82,1987.01,671551.0,2060.264,2132.105,2167.1235,2172.5265,2127.7224166666665,,25.649438958555464,-37.023268469963114,-13.814164312984502,-23.20910415697861,2167.1235,2310.462475198647,2023.7845248013532,0.13228500839813415,-0.12827817678474773,39.729631282954415,2255.49,2049.15,2277.23,2049.15,-0.03303339838142183,-0.08129588873888038,-0.06229324071146447,-0.04834862736834045
2020-03-02,1997.03,2017.07,1969.34,2002.51,528103.0,2044.958,2108.139,2161.305,2171.036333333333,2128.02925,,28.822606221379075,-43.50804449956877,-19.75294035030136,-23.75510414926741,2161.305,2320.5679142644276,2002.042085735572,0.14737662131390783,0.0014689994421771967,40.301086191314816,2255.49,1980.82,2277.23,1980.82,0.007800665321261668,-0.03681025858088349,-0.05492052405044179,-0.04274064017744472
2020-03-03,2051.85,2051.85,2009.39,2014.15,615692.0,2027.066,2088.666,2154.1175000000003,2169.871,2128.24275,,31.197366321117315,-47.16434430054642,-25.235221140350372,-21.929123160196045,2154.1175000000003,2325.834229630513,1982.4007703694876,0.1594311634630077,0.09244652428108802,40.94672289193518,2255.49,1969.34,2277.23,1969.34,0.005812705055155742,-0.04252689424370493,-0.066615691181241,-0.03354973681306295
2020-03-04,2005.81,2063.59,2005.81,2059.33,606287.0,2023.578,2073.565,2148.8025,2169.711666666667,2128.697583333333,,39.618311575467644,-45.88737868250291,-29.36565264878088,-16.521726033722032,2148.8025,2325.2793110404273,1972.3256889595723,0.16425596213744867,0.24650352226870362,42.14909982822554,2255.49,1969.34,2277.23,1969.34,0.022431298562669122,-0.008397655975384888,-0.049085023757520996,-0.00462083532715607
2020-03-05,2078.11,2089.08,2059.99,2085.26,675205.0,2029.652,2062.541,2141.6685,2170.1203333333333,2129.332,,43.864818948014694,-42.295483925545796,-31.951618904133866,-10.34386502141193,2141.6685,2316.2980223924037,1967.038977607597,0.16307801360705762,0.338490940056382,41.26344984049514,2255.49,1969.34,2277.23,1969.34,0.012591473925985808,0.014779379918146596,-0.06404122193595874,0.011898638353213142
2020-03-06,2053.09,2062.57,2032.13,2040.22,865588.0,2040.2940000000003,2050.279,2133.082,2169.4265,2129.50425,,38.76508085967221,-42.59225602279548,-34.07974632786619,-8.512509694929292,2133.082,2309.918138682112,1956.245861317888,0.1658034137291599,0.23743489115951408,42.11106056617407,2255.49,1969.34,2277.23,1969.34,-0.02159922503668621,0.026778929144795516,-0.07763737878342625,-0.019996637605975365
2020-03-09,1981.02,1989.5,1946.9,1954.77,666868.0,2030.7459999999999,2037.852,2120.767,2167.195166666667,2128.8599999999997,,31.324400231529097,-49.15591215570839,-37.09497949343463,-12.060932662273764,2120.767,2310.7642191480686,1930.7697808519308,0.1791778343854548,0.06315939584717101,45.768841954304484,2255.49,1969.34,2277.23,1969.34,-0.04188273813608334,-0.02384008069872312,-0.11190012130463822,-0.06409881981184018
2020-03-10,1942.85,1968.17,1934.72,1962.93,638564.0,2020.502,2023.784,2107.7575,2164.944,2128.1410833333334,,32.65377671160191,-53.08725628085995,-40.293434850919695,-12.793821429940252,2107.7575,2303.4849413949146,1912.0300586050857,0.18572102473355157,0.13002760632888152,44.88892467185417,2255.49,1946.9,2277.23,1946.9,0.0041744041498488205,-0.02543008216865672,-0.1170382165605095,-0.06438036224976162
2020-03-11,1965.67,1967.7,1898.27,1908.27,679716.0,1990.2900000000002,2006.934,2091.252,2161.6548333333335,2126.858166666667,,28.65271328706794,-59.92272810220811,-44.21929350117738,-15.703434601030729,2091.252,2295.619586040448,1886.8844139595517,0.19544998502375444,0.052321374575065124,46.64185862386459,2255.49,1934.72,2277.23,1934.72,-0.027846127982149138,-0.07335395492708796,-0.14747719332731712,-0.09372536355087813
2020-03-12,1887.97,1897.23,1808.56,1834.33,850344.0,1940.104,1984.878,2071.3205000000003,2156.6045,2124.9581666666663,,24.312881022881896,-70.49362222888067,-49.474159246718045,-21.019462982162622,2071.3205000000003,2293.497462844937,1849.1435371550633,0.214526880649264,-0.03333724830283628,50.432440150731416,2255.49,1898.27,2277.23,1898.27,-0.0387471374595838,-0.12033511408649289,-0.1785208870736601,-0.14177369172105647
2020-03-13,1722.68,1809.31,1680.6,1771.44,1035277.0,1886.348,1963.3210000000004,2047.7130000000002,2149.9576666666667,2122.4640833333333,,21.350732673408075,-82.98918176141433,-56.17716374965731,-26.81201801175702,2047.7130000000002,2290.989906680435,1804.436093319565,0.23760840184189383,-0.0678159176096978,57.81083728282203,2251.5,1808.56,2277.23,1808.56,-0.03428499779210936,-0.13174069463097116,-0.2104439759492599,-0.18376223937334402
2020-03-16,1805.43,1805.43,1714.38,1714.86,682003.0,1838.366,1934.5559999999998,2021.3474999999999,2142.4028333333335,2119.4183333333335,,19.096539698930556,-96.34690866854021,-64.2111127334339,-32.135795935106316,2021.3474999999999,2287.8031509346383,1754.8918490653616,0.2636416063389777,-0.075119159464142,60.18506319119188,2250.05,1680.6,2277.23,1680.6,-0.031940116515377426,-0.1227305514203717,-0.2351784209047486,-0.20906763830915764
2020-03-17,1640.84,1722.97,1637.88,1672.44,649779.0,1780.268,1900.3850000000002,1994.5255000000002,2133.6821666666665,2115.926,,17.596518286302043,-109.09832537733041,-73.1885552622132,-35.90977011511721,1994.5255000000002,2286.8173681369744,1702.2336318630257,0.2930941400718861,-0.05096555038107273,61.96398724896388,2232.93,1680.6,2277.23,1680.6,-0.02473671320107751,-0.14798795677889687,-0.2428561080728695,-0.23830430663849
2020-03-18,1686.12,1693.95,1591.12,1591.2,728007.0,1716.854,1853.5720000000001,1963.5684999999999,2123.6228333333333,2111.755166666667,,15.143246305524386,-124.32614957507394,-83.41607412478535,-40.91007545028859,1963.5684999999999,2287.328140614767,1639.8088593852326,0.3297665863093315,-0.07506936209363865,64.88298815975219,2228.18,1637.88,2277.23,1637.88,-0.04857573365860657,-0.1661557326793378,-0.28011075219197046,-0.2750004556306841
2020-03-19,1626.09,1626.09,1439.43,1457.64,977674.0,1641.516,1790.8100000000002,1926.6754999999998,2111.3075000000003,2106.3935,,12.145330288893021,-145.49431782601187,-95.83172286503067,-49.662594960981195,1926.6754999999998,2300.58754363995,1552.7634563600495,0.38814221039292846,-0.1272003108458928,73.58134614834131,2228.18,1591.12,2277.23,1591.12,-0.08393665158371033,-0.2053556339371868,-0.3360783420633112,-0.33639873256364494
2020-03-20,1498.49,1566.82,1466.48,1566.15,817021.0,1600.458,1743.4029999999998,1896.841,2100.6736666666666,2102.1665000000003,,25.116131020334493,-151.76494175109406,-107.01836664224335,-44.746575108850706,1896.841,2285.545026009514,1508.1369739904858,0.4098435514727003,0.07462364952208438,76.1241071377455,2184.43,1439.43,2277.23,1439.43,0.07444224911500785,-0.11588876845955831,-0.27588263579367867,-0.2894636554183414
2020-03-23,1474.45,1516.75,1458.41,1482.46,647528.0,1553.978,1696.172,1867.012,2088.6528333333335,2097.2326666666663,,22.37261683804752,-161.6244340940948,-117.93958013261366,-43.68485396148114,1867.012,2285.622523498879,1448.4014765011207,0.44842831593892196,0.040680443499374365,78.3823851993351,2120.06,1439.43,2277.23,1439.43,-0.053436771701305785,-0.13552126704220746,-0.28694974603663226,-0.3272889808550127
2020-03-24,1523.69,1609.97,1508.68,1609.97,679288.0,1541.484,1660.8759999999997,1842.33,2078.9843333333333,2093.566333333333,,34.17110580401413,-157.3354957976528,-125.8187632656215,-31.516732532031313,1842.33,2260.4404652122525,1424.2195347877473,0.45389313012571325,0.22213084898264507,81.89150054223974,2105.49,1439.43,2277.23,1439.43,0.08601243878418297,-0.03735261055703043,-0.23466326933224313,-0.2648807349503214
2020-03-25,1668.19,1707.64,1645.28,1704.76,872808.0,1564.196,1640.525,1823.7295000000001,2070.764833333333,2090.5805833333334,,41.31216295987723,-144.62062396086594,-129.5791354046704,-15.041488556195532,1823.7295000000001,2231.436655908511,1416.0223440914892,0.4471136272221411,0.35409932315892834,83.01853621779405,2089.64,1439.43,2277.23,1439.43,0.05887687348211457,0.07136752136752134,-0.1791291284061307,-0.22437930234356862
2020-03-26,1699.11,1735.75,1679.23,1686.24,992473.0,1609.916,1625.7160000000001,1805.297,2062.132,2087.3624166666664,,40.39025889746929,-134.48811042536795,-130.56093040880992,-3.927180016558026,1805.297,2202.7384849056493,1407.855515094351,0.44030592739659924,0.3502207186194167,81.12578363080875,2089.08,1439.43,2277.23,1439.43,-0.010863699289049511,0.15682884662879726,-0.1794013304848434,-0.2349912213446087
2020-03-27,1756.07,1759.05,1668.21,1717.73,1077526.0,1640.232,1620.345,1791.833,2054.1330000000003,2084.74425,,42.73043241647217,-122.50488061350643,-128.94972044974924,6.4448398362428065,1791.833,2181.915414066576,1401.750585933424,0.4354004129476084,0.40501622563872786,81.81965622860812,2089.08,1439.43,2277.23,1439.43,0.01867468450517129,0.09678510998307943,-0.13552020372318208,-0.21838583590802985
2020-03-30,1670.34,1729.63,1659.95,1717.12,767776.0,1687.164,1620.571,1777.5634999999997,2046.4988333333333,2082.2145,,42.695465733330536,-111.76890420121003,-125.5135572000414,13.74465299883137,1777.5634999999997,2156.495237983252,1398.6317620167476,0.42634959368062214,0.42024487006328376,80.9525379265647,2089.08,1439.43,2277.23,1439.43,-0.0003551198383914267,0.15829094882829886,-0.142516142241487,-0.21058124192591854
2020-03-31,1739.29,1757.81,1722.62,1754.64,1037488.0,1716.098,1628.791,1764.5879999999997,2039.4685,2079.98875,,45.64191505939094,-99.0907585311636,-120.22899746626585,21.13823893510225,1764.5879999999997,2127.6668765874547,1401.5091234125448,0.4115168827935529,0.4863004974380499,78.07664236038151,2089.08,1439.43,2277.23,1439.43,0.021850540439806387,0.08985881724504186,-0.1288434327135516,-0.19381013204929098
2020-04-01,1737.28,1762.44,1685.37,1685.46,1243590.0,1712.238,1638.217,1745.8945000000003,2031.6416666666667,2076.9821666666667,,41.41370560992719,-93.54713148447581,-114.89262426990784,21.34549278543203,1745.8945000000003,2083.9864425526275,1407.8025574473731,0.3872993958714311,0.41062416403107105,78.00473933463999,2089.08,1439.43,2277.23,1439.43,-0.03942689098618524,-0.011321241699711382,-0.1815493388626398,-0.21790939505445306
2020-04-02,1693.53,1726.76,1664.13,1724.86,766313.0,1719.9620000000002,1664.9389999999999,1727.8745000000004,2024.1303333333335,2074.45475,,44.563545154226794,-84.994749821293,-108.91304938018487,23.918299558891874,1727.8745000000004,2027.9777847854377,1427.771215214563,0.3473669931299262,0.49497756247127433,76.90654366787999,2089.08,1439.43,2277.23,1439.43,0.0233764076275913,0.02290302685264245,-0.17283216481398012,-0.2071577631300735
2020-04-03,1731.17,1743.91,1706.68,1725.44,1000086.0,1721.5040000000001,1680.868,1712.1354999999999,2017.0325000000003,2071.795,,44.61075518684491,-77.27929695331454,-102.58629889481081,25.307001941496267,1712.1354999999999,1975.8784812127892,1448.3925187872105,0.3080865751721045,0.5252224721560762,74.07250483445999,2062.57,1439.43,2277.23,1439.43,0.00033625917465784916,0.004488481891799179,-0.15428728274401782,-0.1979584532215255
2020-04-06,1745.25,1794.19,1742.67,1791.88,1219388.0,1736.4560000000001,1711.8100000000002,1703.991,2010.4563333333333,2069.4990000000003,,49.87657400883346,-65.05369374389215,-95.07977786462709,30.026084120734936,1703.991,1946.4627830099205,1461.5192169900795,0.2845927977435567,0.6812355213233291,73.69232591771286,1989.5,1439.43,2277.23,1439.43,0.03850612017804167,0.04353801714498706,-0.08332949656481314,-0.1804614786526103
2020-04-07,1826.72,1838.97,1791.92,1823.6,951738.0,1750.248,1733.173,1697.0245,2004.0765000000001,2067.4609166666664,,52.212417639836026,-52.2035066852975,-86.50452362876118,34.30101694346368,1697.0245,1916.2271881655656,1477.8218118344344,0.25833768241479793,0.7887179465253555,71.79215978073337,1968.17,1439.43,2277.23,1439.43,0.017702078264169252,0.03930150914147612,-0.07098062590107657,-0.1734915404801508
2020-04-08,1815.75,1842.16,1801.8,1807.14,907493.0,1774.584,1743.411,1691.968,1997.0411666666666,2065.1635,,50.88718304511518,-42.8538329877058,-77.77438550055011,34.92055251284431,1691.968,1895.5550775467107,1488.3809224532895,0.24065121509001422,0.7828568526741959,69.54700551068099,1967.7,1439.43,2277.23,1439.43,-0.009026102215398013,0.07219394111993171,-0.0529956452703233,-0.18935431488475996
2020-04-09,1838.09,1839.33,1818.3,1836.21,920570.0,1796.854,1758.408,1692.062,1990.3299999999997,2063.1490833333332,,53.14890190651318,-32.721252934176846,-68.76375898727547,36.04250605309862,1692.062,1895.9134800142747,1488.210519985725,0.24095036708380047,0.8535613280558624,66.87864797420377,1897.23,1439.43,2277.23,1439.43,0.016086191440618736,0.06455596396229257,0.0010248973739730438,-0.1798533195169013
2020-04-10,1835.76,1861.1,1824.43,1860.7,992548.0,1823.9059999999997,1772.705,1696.525,1984.1586666666667,2061.4825,,55.02785448403187,-22.45611183315941,-59.50222955645226,37.046117723292845,1696.525,1910.7756337447108,1482.2743662552894,0.2525758638920272,0.8831377231668351,64.72088740461778,1842.16,1439.43,2277.23,1439.43,0.013337254453466674,0.07839159866468837,0.05038838459106709,-0.16597190472348478
2020-04-13,1853.3,1853.3,1825.76,1825.76,1017751.0,1830.682,1783.5690000000002,1702.0700000000002,1977.1205,2059.490166666667,,51.833899948581276,-16.94494872742621,-50.99077339064705,34.04582466322084,1702.0700000000002,1923.5501312985211,1480.5898687014792,0.2602479701757518,0.7792349798485645,62.59368116143081,1861.1,1439.43,2277.23,1439.43,-0.01877787929273933,0.018907516128312096,0.06467000221592434,-0.1878472453904496
2020-04-14,1846.41,1864.46,1837.17,1857.08,886766.0,1837.378,1793.813,1711.3020000000001,1970.5623333333335,2057.5586666666663,,54.389509087157364,-9.935519528034774,-42.7797226181246,32.84420309008983,1711.3020000000001,1942.2620872532088,1480.3419127467914,0.26992323652190986,0.8155913251803089,60.886989649900045,1861.1,1439.43,2277.23,1439.43,0.017154500043817356,0.018359289317832816,0.11040156896510478,-0.17484015160603772
2020-04-16,1839.51,1862.23,1828.13,1857.07,878338.0,1847.364,1810.9740000000002,1724.5955,1963.8028333333334,2055.69575,,54.388516832617064,-4.331373921354725,-35.09005287877063,30.758678957415903,1724.5955,1956.9754845490343,1492.2155154509655,0.26948926232155235,0.7850385334543446,58.97363324633575,1864.46,1439.43,2277.23,1439.43,-5.384797639340633e-06,0.027629292694533847,0.16708773252890885,-0.17924636707562847
2020-04-17,1893.31,1926.02,1893.19,1914.53,1667459.0,1863.0279999999998,1829.941,1747.44,1958.3835000000001,2054.2696666666666,,59.01530837105456,4.692402538823444,-27.133561795251815,31.82596433407526,1747.44,1959.27707786884,1535.60292213116,0.24245419341303845,0.8943832724681336,59.68623087159749,1864.46,1439.43,2269.27,1439.43,0.030941213847620164,0.042653073450204415,0.3134450207184214,-0.14518080627229668
2020-04-20,1908.34,1925.25,1893.17,1898.36,1087463.0,1870.56,1847.2330000000002,1764.0504999999998,1952.2353333333333,2052.69025,,57.25515931472899,10.418923668150228,-19.623064702571405,30.041988370721633,1764.0504999999998,1968.3871564740855,1559.7138435259142,0.23166758148260005,0.8286475914737145,57.714357237911955,1926.02,1458.41,2269.27,1439.43,-0.008445937122949276,0.02023969473853926,0.21211889027232367,-0.16270371595545263
2020-04-21,1886.78,1898.32,1841.66,1879.38,1174293.0,1881.284,1855.9830000000002,1783.8965,1946.1228333333333,2050.9050833333336,,55.17499362164293,13.272706049609724,-13.04391055213518,26.316616601744904,1783.8965,1948.1510314169689,1619.6419685830313,0.18415253510163712,0.7906571257921955,57.641903149489664,1926.02,1458.41,2260.63,1439.43,-0.009998103626287835,0.029368591709753922,0.2677441549856321,-0.1632808430500461
2020-04-22,1855.51,1897.9,1844.85,1896.15,820359.0,1889.098,1863.238,1798.2055,1941.4466666666667,2049.26725,,56.672832630022185,16.695097305173476,-7.096108980673449,23.791206285846926,1798.2055,1948.6403541362927,1647.7706458637074,0.16731664332724222,0.8255379232503632,57.313910067383276,1926.02,1508.68,2255.49,1439.43,0.008923155508731684,0.02103840437676352,0.1777548649974845,-0.1288957697820573
2020-04-23,1907.45,1923.53,1895.98,1914.73,683719.0,1900.6299999999999,1873.9969999999998,1808.7040000000002,1936.9375,2047.88775,,58.334038714613385,20.668365698505113,-1.543214044837737,22.21157974334285,1808.7040000000002,1960.8846520422599,1656.5233479577405,0.16827590588870225,0.8483557159768149,55.187916491141614,1926.02,1645.28,2255.49,1439.43,0.009798802837328147,0.03104891038033042,0.12316689739318143,-0.12380564504319824
2020-04-24,1906.07,1908.29,1880.71,1889.01,933917.0,1895.5260000000003,1879.277,1818.8425,1932.6209999999999,2046.2671666666668,,55.180083599640454,21.494050443154947,3.0642388527607993,18.42981159039415,1818.8425,1963.8877294803488,1673.7972705196512,0.15949179709661368,0.7418814470885667,53.67592245606007,1926.02,1659.95,2255.49,1439.43,-0.013432703305426896,-0.013329642262069563,0.1202497865072587,-0.12057262569832405
2020-04-27,1897.06,1929.82,1894.62,1922.77,735662.0,1900.408,1885.484,1829.0945,1929.3503333333333,2044.7885833333332,,58.362345213587844,24.589113414682288,7.369213765145098,17.21989964953719,1829.0945,1973.0845763907248,1685.104423609275,0.1574441084271205,0.8252845694234042,52.75692799491292,1926.02,1659.95,2255.49,1439.43,0.017871795279008618,0.012858467308624277,0.1193668387930582,-0.092609284524377
2020-04-28,1931.25,1941.79,1911.63,1934.09,1173476.0,1911.35,1896.3170000000002,1839.943,1926.2704999999999,2043.154,,59.40318871063325,27.636822427535208,11.42273549762312,16.214086929912085,1839.943,1981.2212204163347,1698.6647795836652,0.15356804033204807,0.8331971471701612,51.14286170956199,1929.82,1659.95,2255.49,1439.43,0.005887339619403242,0.029110664155199917,0.12635692322027592,-0.08721116816431329
2020-04-29,1936.89,1957.51,1934.31,1947.56,1984181.0,1921.632,1905.3649999999998,1849.589,1922.7648333333334,2041.5283333333334,,60.66328326204268,30.78420900538208,15.295030199174914,15.489178806207168,1849.589,1992.5866142318682,1706.5913857681317,0.15462636751393774,0.8425616592495789,49.16265730173614,1941.79,1664.13,2255.49,1439.43,0.006964515611993294,0.027112833900271527,0.10994847946017416,-0.09747439640391131
2020-05-04,1906.42,1918.66,1894.29,1895.37,1146855.0,1917.7599999999998,1909.1949999999997,1860.0845000000002,1918.2605,2039.4551666666666,,53.7074363147672,28.735988130414626,17.983221785422856,10.75276634499177,1860.0845000000002,1982.718956247035,1737.4500437529653,0.13185901634795075,0.6438645429671112,49.4560389230407,1957.51,1664.13,2255.49,1439.43,-0.02679763396249668,-0.01011108615836187,0.12454166814994116,-0.1247950942681807
2020-05-06,1919.45,1928.76,1902.55,1928.76,1082526.0,1925.7099999999998,1910.618,1870.2794999999999,1913.2741666666666,2037.6590833333332,2044.5212916666667,57.096868171747865,29.46737077104808,20.2800515825479,9.18731918850018,1870.2794999999999,1979.4105658749634,1761.1484341250364,0.11670027487866226,0.7679369963590565,48.30846471425209,1957.51,1664.13,2255.49,1439.43,0.01761661311511742,0.021042768434259118,0.11821249260809585,-0.13428548345108038
2020-05-07,1922.0,1938.5,1918.57,1928.61,775657.0,1926.878,1913.643,1880.4379999999996,1908.5518333333334,2035.9205833333333,2043.9417916666666,57.07665038200433,29.692615053355894,22.162564276709503,7.530050776646391,1880.4379999999996,1969.777813879397,1791.0981861206023,0.09502021750187703,0.7695998452886257,46.28143152037695,1957.51,1706.68,2255.49,1439.43,-7.777017358312488e-05,0.00303728475064613,0.11774967544510373,-0.1280951196907706
2020-05-08,1944.94,1956.89,1942.54,1945.82,784772.0,1929.2239999999997,1920.2869999999998,1888.1349999999998,1904.2976666666666,2034.4350000000002,2043.4835416666667,58.875902661106025,30.903588607262463,23.910769142820094,6.99281946444237,1888.1349999999998,1971.9865618220979,1804.2834381779016,0.08881945604747343,0.8439709335550978,44.99561498320718,1957.51,1742.67,2255.49,1439.43,0.00892352523319917,0.00606486771556658,0.08590977074357653,-0.11596632546897656
2020-05-11,1953.51,1960.46,1932.87,1935.4,591282.0,1926.792,1924.212,1893.725,1899.5023333333334,2032.7223333333334,2042.98225,57.30952389119659,30.668954342006828,25.262406182657443,5.406548159349384,1893.725,1974.4711133430271,1812.9788866569727,0.08527754910879587,0.7580619566353345,43.75235677012097,1957.51,1791.92,2255.49,1439.43,-0.005355068814175912,-0.006243710078251641,0.06130730423338471,-0.12942171362769428
2020-05-12,1938.62,1938.62,1905.17,1922.17,799930.0,1932.152,1924.9560000000001,1899.4765,1894.232166666667,2031.0533333333333,2042.40275,55.29790951026328,29.080235708635428,26.02597208785304,3.054263620782386,1899.4765,1970.5401825038277,1828.4128174961722,0.07482449243655054,0.659670166253893,43.016474143683745,1960.46,1801.8,2255.49,1439.43,-0.006835796217836143,0.0141397194215378,0.06365306506413448,-0.14126734513353412
2020-05-13,1897.5,1940.42,1897.24,1940.42,618783.0,1934.484,1930.0969999999998,1904.6870000000004,1889.3565,2029.3965833333334,2041.88425,57.51334049501429,28.959954890938434,26.612768648470123,2.347186242468311,1904.6870000000004,1971.5913628174183,1837.7826371825824,0.0702523436317021,0.7670453651693472,43.028154561992054,1960.46,1818.3,2255.49,1439.43,0.009494477595634043,0.0060453348265208096,0.05675276792959405,-0.1310099598738893
2020-05-14,1922.44,1931.43,1913.49,1924.96,760646.0,1933.7540000000001,1930.316,1907.9,1884.046,2027.41975,2041.3232916666666,55.025482674817184,27.30241345381478,26.750697609539056,0.5517158442757228,1907.9,1972.1660716086226,1843.6339283913776,0.06736838577349179,0.6327294447363656,41.87828637899263,1960.46,1824.43,2251.5,1439.43,-0.007967347275332215,-0.0018925547414977428,0.034535389907024205,-0.14201792662652268
2020-05-15,1937.63,1938.59,1913.21,1927.28,866357.0,1930.0459999999998,1929.6349999999998,1912.9759999999999,1878.7978333333335,2025.4746666666665,2040.8315,55.33770301868572,25.877702487933448,26.576098585217935,-0.6983960972844869,1912.9759999999999,1965.4429973984068,1860.509002601593,0.05485379575949398,0.6363142614335542,40.699837351921715,1960.46,1825.76,2250.05,1439.43,0.001205219848724015,-0.009528116680885157,0.05560424152133914,-0.14043984176043744
2020-05-18,1934.51,1943.07,1921.14,1937.11,761695.0,1930.3880000000001,1928.5900000000001,1916.9775000000002,1874.2683333333334,2023.6735833333335,2040.38525,56.70903366933654,25.25073289941747,26.311025448057844,-1.0602925486403727,1916.9775000000002,1963.671774113689,1870.2832258863114,0.048716559389652546,0.7155778238567552,39.359134683927294,1960.46,1828.13,2232.93,1439.43,0.005100452451122894,0.0008835382866589914,0.043094535507355536,-0.1230352033609794
2020-05-19,1977.47,1983.77,1968.59,1980.61,773414.0,1942.0759999999998,1937.114,1923.1545,1870.4395000000002,2022.4676666666667,2040.1009999999999,62.23503113555236,27.941845240045495,26.637189406455377,1.3046558335901182,1923.1545,1969.1954732629983,1877.1135267370018,0.04788068068685927,1.123960528286389,39.88062506364678,1960.46,1828.13,2228.18,1439.43,0.02245613310550243,0.030403138119937223,0.06652414825504693,-0.10393423636182675
2020-05-20,1972.12,1992.2,1972.12,1989.64,699446.0,1951.92,1943.202,1926.9099999999999,1867.0085000000001,2021.5763333333334,2039.9606666666666,63.28280151148737,30.45218288310116,27.400188101784533,3.051994781316626,1926.9099999999999,1981.0629688937179,1872.7570311062818,0.056207055745953916,1.0791926212126588,38.46629470195774,1983.77,1841.66,2228.18,1439.43,0.004559201458136819,0.025365642489770357,0.03923156074859113,-0.09376451833295374
2020-05-21,2003.2,2004.95,1993.0,1998.31,601199.0,1966.5899999999997,1950.1719999999998,1931.9075,1864.2663333333333,2020.7125833333334,2039.7919583333335,64.30675229068069,32.76356214323755,28.472862910075136,4.290699233162414,1931.9075,1992.646412691979,1871.168587308021,0.06287973175939228,1.0466223962284458,36.8122736518179,1992.2,1841.66,2184.43,1439.43,0.00435757222412092,0.038104687889618516,0.05265070903306013,-0.07607127665476887
2020-05-22,2001.6,2002.65,1961.4,1970.13,847467.0,1975.1599999999999,1952.6029999999998,1936.4450000000002,1862.4511666666667,2019.4345,2039.4935833333334,58.587717997507625,31.953120684447413,29.16891446494959,2.784206219497822,1936.4450000000002,1994.3001997663455,1878.5898002336548,0.05975403356805416,0.7911147151512792,37.12925410525948,2004.95,1841.66,2120.06,1439.43,-0.014101916119120594,0.022233406666390065,0.04828720109823448,-0.0523847545020778
2020-05-25,1980.51,1994.9,1967.84,1994.6,641458.0,1986.6580000000001,1958.5230000000004,1941.3674999999998,1860.6343333333332,2018.3782500000002,2039.188375,61.767358986667574,32.90604409212506,29.916340390384686,2.989703701740371,1941.3674999999998,2001.3838603945087,1881.351139605491,0.06182895345112027,0.9434832406537479,36.410021669169524,2004.95,1844.85,2105.49,1439.43,0.012420500170039483,0.029678232005410088,0.0519209978113544,-0.051820442002082245
2020-05-26,2001.0,2029.89,1997.94,2029.78,1017804.0,1996.4919999999997,1969.284,1947.1200000000001,1859.8511666666666,2017.5610000000001,2039.0334166666667,65.82943154768249,36.08402061845777,31.149876435999303,4.934144182458468,1947.1200000000001,2017.055979581353,1877.1840204186472,0.07183530504679009,1.0909690583789255,36.33002012137172,2004.95,1880.71,2089.64,1439.43,0.01763762157826143,0.0248256850162325,0.06008680074997508,-0.022626482470374687
2020-05-27,2027.9,2043.44,2019.82,2031.2,1178847.0,2004.804,1978.3620000000003,1954.2295,1859.456333333333,2016.8326666666665,2038.8754583333334,65.98651905580623,38.27595071038854,32.575091290877154,5.700859419511389,1954.2295,2027.9003635690067,1880.5586364309931,0.07539632736994992,1.0223944465365375,35.422161541273745,2029.89,1880.71,2089.08,1439.43,0.0006995832060616713,0.020888200880561314,0.07527223254508986,-0.011528597637829652
2020-05-28,2047.08,2054.52,2003.75,2028.54,1172134.0,2010.85,1988.7199999999998,1959.518,1860.1485,2016.3375,2038.693,65.38018277867282,39.34488795380594,33.92905062346291,5.415837330343024,1959.518,2038.3976124737123,1880.6383875262877,0.08050919917419724,0.937514826933274,36.518435716897045,2043.44,1894.29,2089.08,1439.43,-0.0013095706971248955,0.015127782976615212,0.05500917946504269,0.020900750373677113
2020-05-29,2018.37,2038.89,2006.62,2029.6,1086214.0,2022.744,1998.952,1964.2934999999998,1860.6,2015.818166666667,2038.4017916666667,65.5161652099214,39.818558011140794,35.10695210099849,4.711605910142303,1964.2934999999998,2047.8623480894817,1880.7246519105179,0.08508794443343817,0.8907347145079275,36.214976022832985,2054.52,1894.29,2089.08,1439.43,0.0005225433070088492,0.03018582530086844,0.04938239688949331,0.013528022331973366
2020-06-01,2037.04,2065.38,2035.63,2065.08,997348.0,2036.8400000000001,2011.7489999999998,1970.1695,1861.4488333333331,2015.6599166666667,2038.2070833333335,69.79304815030443,42.566207679865784,36.59880321677195,5.967404463093835,1970.1695,2064.090874452266,1876.2481255477342,0.09534344578196527,1.0052657105664315,36.18390630691636,2054.52,1894.29,2089.08,1439.43,0.017481277098935655,0.03533540559510673,0.06034217174310408,0.025286100836581005
2020-06-02,2061.45,2089.43,2059.14,2087.19,1000332.0,2048.3219999999997,2022.407,1979.7604999999999,1861.9131666666665,2015.8124166666666,2038.11725,72.11410713476283,45.99760035274312,38.478562643966185,7.519037708776935,1979.7604999999999,2080.125045029619,1879.395954970381,0.10139059247784667,1.0351964678776566,35.76291299927948,2065.38,1894.29,2089.08,1439.43,0.01070660700796111,0.028283853422538474,0.10120451415818565,0.013528671946701154
2020-06-03,2108.55,2156.55,2107.69,2147.0,1152001.0,2071.482,2038.143,1990.6725000000001,1862.9421666666667,2016.53125,2038.2999583333333,77.21453791068629,52.93299232889785,41.36944858095252,11.563543747945332,1990.6725000000001,2111.7937400654905,1869.55125993451,0.12168876604814731,1.1453347898166888,38.16270492790238,2089.43,1897.24,2089.43,1439.43,0.028655752471025586,0.0570106341079164,0.11315041788506597,0.02960781868927609
2020-06-04,2181.64,2191.0,2139.68,2151.18,1393307.0,2096.0099999999998,2053.4300000000003,2001.8010000000002,1864.7915,2017.109,2038.5323333333333,77.52394450223689,58.09692630076938,44.714944124915895,13.381982175853487,2001.8010000000002,2138.025672787281,1865.5763272127192,0.13610211283467333,1.0482817353992093,39.10251171876651,2156.55,1897.24,2156.55,1439.43,0.0019469026548670776,0.06045727469017126,0.11540435857949505,0.0543862916744271
2020-06-05,2151.17,2187.25,2138.18,2181.87,854591.0,2126.464,2074.6040000000003,2013.6035,1868.5765,2017.8858333333333,2038.9120833333332,79.7031838372641,63.928875409207194,48.557730381774164,15.37114502743303,2013.6035,2168.064368607558,1859.1426313924417,0.15341736206513176,1.0446897376562019,39.81447516742605,2191.0,1897.24,2191.0,1439.43,0.014266588569994187,0.07502463539613724,0.12131132376067666,0.11617735078807212
2020-06-08,2215.6,2217.21,2174.96,2184.29,854035.0,2150.306,2093.5729999999994,2026.048,1872.2658333333334,2018.6049166666667,2039.2686666666668,79.86893430420065,67.96258054648229,52.4387004147158,15.52388013176649,2026.048,2192.908170154537,1859.187829845463,0.16471492299741858,0.9741754723534224,39.988441226895624,2191.0,1897.24,2191.0,1439.43,0.0011091403245839793,0.057726577178608185,0.12859873927870202,0.11277019557498225
2020-06-09,2206.23,2212.17,2166.01,2188.92,817085.0,2170.652,2109.487,2039.3855000000003,1876.9433333333334,2019.2990833333336,2039.5359166666667,80.20205171805566,70.71773322615377,56.0945069770034,14.62322624915037,2039.3855000000003,2213.3915075370983,1865.3794924629024,0.1706455278191376,0.9296820038472496,40.429266853545926,2217.21,1897.24,2217.21,1439.43,0.0021196819103690423,0.0487401721932359,0.13877544650056972,0.14707038312188536
2020-06-10,2187.91,2200.68,2178.12,2195.69,706294.0,2180.3900000000003,2125.9359999999997,2052.149,1882.966,2019.7852500000001,2039.8042500000001,80.70482439334134,72.61048551676663,59.397702684956045,13.212782831810586,2052.149,2232.5758500972074,1871.7221499027924,0.17584186148004607,0.8977817046705228,39.152890649721215,2217.21,1897.24,2217.21,1439.43,0.003092849441733714,0.02267815556590591,0.13155399346533225,0.1969983590738853
2020-06-11,2184.36,2200.72,2148.51,2176.78,827381.0,2185.5099999999998,2140.76,2064.74,1889.7216666666666,2019.8396666666667,2040.0174166666666,74.97727703650148,71.75745115167138,61.869652378299115,9.88779877337226,2064.74,2243.0399831744235,1886.4400168255759,0.1727093805267722,0.8141895977926039,40.08554131759824,2217.21,1913.21,2217.21,1439.43,-0.008612326876744847,0.011900445336977983,0.13081830271797856,0.22881949148715175
2020-06-12,2088.24,2137.12,2084.63,2132.3,689896.0,2175.5960000000005,2151.0299999999997,2074.991,1896.6789999999999,2019.5409166666666,2040.0422916666669,63.55223172864825,66.72310854481111,62.84034361160152,3.882764933209593,2074.991,2243.8233795840106,1906.1586204159892,0.1627307102382716,0.6697215905539122,43.80443122348409,2217.21,1913.21,2217.21,1439.43,-0.02043385183619839,-0.022719043756043944,0.10637790046075302,0.24342511925171761
2020-06-15,2114.41,2129.67,2030.82,2030.82,1072277.0,2144.902,2147.6040000000003,2079.6765,1902.6520000000003,2018.1670833333335,2039.6638749999997,46.24019144969343,53.92317506599102,61.056909902479426,-7.133734836488408,2079.6765,2237.8047333139766,1921.5482666860237,0.15207002946273276,0.34551620233753055,47.92411470752096,2217.21,1921.14,2217.21,1439.43,-0.0475918022792291,-0.07026081701605558,0.048376189271647,0.2142857142857142
2020-06-16,2091.09,2138.08,2079.02,2138.05,973638.0,2134.728,2152.6899999999996,2087.5485,1911.7661666666668,2017.6945,2039.731375,58.961447916677805,51.8341881516335,59.212365552310246,-7.378177400676748,2087.5485,2240.7650899992527,1934.3319100007473,0.14679092725199222,0.6648042813126388,52.16239222841232,2217.21,1961.4,2217.21,1439.43,0.0528013314818645,-0.02323977121137355,0.07949066196777776,0.34367144293614893
2020-06-17,2133.18,2154.37,2105.26,2141.05,927515.0,2123.8,2152.095,2095.1189999999997,1923.1563333333331,2017.2319166666668,2039.7594166666668,59.25196295566633,49.84613073267337,57.339118588382874,-7.492987855709501,2095.1189999999997,2243.1100159300177,1947.1279840699817,0.1412721816087945,0.6551817173203283,51.944364212097135,2217.21,1961.4,2217.21,1439.43,0.0014031477280700422,-0.02488511584057851,0.07609919382400832,0.4688469032134135
2020-06-18,2134.35,2145.13,2120.29,2133.48,767184.0,2115.1400000000003,2150.325,2101.8775,1932.6118333333334,2016.64275,2039.7713333333334,58.133649663684245,47.11661417100777,55.29461770490786,-8.178003533900089,2101.8775,2243.7878529521317,1959.9671470478684,0.13503199206626618,0.6113467035441027,50.00833819694735,2217.21,1961.4,2217.21,1458.41,-0.00353564839681475,-0.01989176673802595,0.06764215762319159,0.36224499569006796
2020-06-19,2153.09,2153.57,2108.91,2141.32,1079452.0,2116.9440000000004,2146.27,2110.437,1943.5928333333331,2016.1228333333333,2039.8195833333334,58.99679400132389,45.06657567772572,53.24900929947144,-8.182433621745716,2110.437,2239.608008837116,1981.265991162884,0.12241162265172191,0.6195430781180302,49.62631404002256,2217.21,1961.4,2217.21,1458.41,0.0036747473611189463,0.004230173990526609,0.0868927431184745,0.44443694939492473
2020-06-22,2126.38,2142.88,2122.1,2126.73,789371.0,2136.126,2140.514,2117.0434999999998,1952.2054999999998,2015.5949166666667,2039.8392083333333,56.655870861390255,41.78296630916884,50.95580070141092,-9.17283439224208,2117.0434999999998,2234.8569814484235,1999.230018551576,0.11130001008332968,0.5411094718571778,47.565863037163815,2217.21,1967.84,2217.21,1508.68,-0.006813554256253185,0.047227228410198885,0.06624385841772784,0.3209749249986025
2020-06-23,2149.13,2158.15,2110.51,2131.24,917567.0,2134.764,2134.746,2122.1165,1959.3135,2015.0391666666667,2039.9859583333334,57.220932712053916,39.093950806063276,48.5834307223414,-9.489479916278121,2122.1165,2232.996613325149,2011.2363866748508,0.10449955346480665,0.541141281905285,47.57115853450925,2217.21,1997.94,2217.21,1645.28,0.0021206265017184034,-0.0031851453427189647,0.04998571273734087,0.25017011192191263
2020-06-24,2145.93,2171.86,2143.91,2161.51,913896.0,2138.856,2131.3280000000004,2128.632,1967.2346666666665,2014.6833333333334,2040.2058749999999,60.9048444290075,38.95635802378956,46.65801618263103,-7.701658158841468,2128.632,2232.467447434861,2024.7965525651396,0.09756073143207526,0.6583178038531855,47.07464721061576,2217.21,2003.75,2217.21,1659.95,0.014202999192958199,0.0095560589430419,0.06415419456478944,0.2818519309232377
2020-06-25,2130.45,2143.33,2112.37,2112.37,1017720.0,2134.634,2124.8869999999997,2132.8235,1973.8120000000001,2013.9725,2040.2132916666667,52.93534466205353,34.484610310911194,44.223335008287066,-9.738724697375872,2132.8235,2226.422294281751,2039.224705718249,0.08776984526075506,0.39073844296310606,47.22217240985752,2217.21,2003.75,2217.21,1659.95,-0.022734107175076845,-0.009894632244033308,0.04132528813826686,0.2297450705291284
2020-06-26,2137.47,2142.04,2115.25,2134.65,761043.0,2133.3,2125.1220000000003,2138.076,1980.7708333333333,2013.6348333333333,2040.5069583333332,55.76179548633117,32.36543919328915,41.851755845287485,-9.486316651998337,2138.076,2218.822692167527,2057.329307832473,0.07553210659258774,0.47878550868132197,45.968445809153415,2217.21,2006.62,2217.21,1659.95,0.010547394632569151,-0.0031149010890478834,0.051758967284194046,0.24315714685054046
2020-06-29,2105.54,2120.5,2087.84,2093.48,643155.0,2126.65,2131.388,2139.496,1986.4181666666666,2012.9433333333334,2040.6796666666667,49.80919864313008,27.05206650349055,38.8918179769281,-11.839751473437552,2139.496,2215.9423219258933,2063.049678074107,0.07146199097908408,0.19903064764444914,46.02855682278531,2217.21,2030.82,2217.21,1664.13,-0.019286534092240015,-0.01563433063905617,0.013752493850117231,0.19311083755072267
2020-06-30,2124.38,2134.38,2108.26,2108.33,708604.0,2122.068,2128.416,2140.553,1993.466,2012.5538333333332,2040.886125,51.80758157337119,23.765497398907883,35.86655386132406,-12.101056462416174,2140.553,2214.624934793127,2066.4810652068727,0.06920822310227982,0.28248846820327833,45.662231335443515,2217.21,2030.82,2217.21,1664.13,0.0070934520511301,-0.010749610555357392,0.010128450212965712,0.25089293130658685
2020-07-01,2128.81,2133.55,2101.33,2106.7,1116220.0,2111.1059999999998,2124.981,2138.538,1999.8300000000002,2011.9801666666667,2040.9949583333332,51.56489010336194,20.789689725529115,32.85118103416507,-12.061491308635958,2138.538,2213.9787249699875,2063.0972750300125,0.07055355104280356,0.2889866513566362,44.702071954340425,2217.21,2030.82,2217.21,1664.13,-0.0007731237519743583,-0.025357273387585755,-0.01877037727061026,0.22137448836427298
2020-07-02,2116.72,2135.37,2113.98,2135.37,1091965.0,2115.706,2125.1699999999996,2137.7475,2006.6621666666665,2011.8473333333334,2041.1979166666667,55.51241431317248,20.508362463189314,30.382617319969924,-9.87425485678061,2137.7475,2212.9728058152464,2062.5221941847535,0.0703781020118105,0.48419747201932817,43.55692395760183,2217.21,2030.82,2217.21,1706.68,0.013608961883514459,0.010888244010282211,-0.007349454717875736,0.23757997959940647
2020-07-03,2147.89,2153.54,2135.3,2152.41,770054.0,2119.2580000000003,2126.2789999999995,2136.2745000000004,2012.671,2011.5636666666667,2041.4892916666665,57.71810947702899,21.413552072886887,28.588804270553318,-7.175252197666431,2136.2745000000004,2209.101737342889,2063.447262657112,0.06818153504419826,0.6107792948675885,41.748572246344544,2217.21,2030.82,2217.21,1742.67,0.007979881706683178,0.008319865083268763,-0.013502179323241048,0.201202089425631
2020-07-06,2158.95,2191.28,2157.71,2187.93,666902.0,2138.1479999999997,2132.399,2136.4565000000002,2018.7431666666666,2011.4098333333334,2041.889541666667,61.95276251573141,24.712221401591705,27.813487696760998,-3.1012662951692924,2136.4565000000002,2209.7793101684424,2063.133689831558,0.0686396471619639,0.8510060503801693,41.54295994303425,2217.21,2030.82,2217.21,1791.92,0.01650243215744207,0.04511626573934291,0.0016664453895773867,0.19978613731081385
2020-07-07,2202.04,2206.79,2164.03,2164.17,847434.0,2149.316,2135.692,2135.219,2024.6936666666666,2010.867416666667,2042.26975,57.783802629681766,25.119643566228206,27.274718870654443,-2.155075304426237,2135.219,2205.740150841414,2064.697849158586,0.06605519231649218,0.7052646592871421,41.629891375674646,2212.17,2030.82,2217.21,1801.8,-0.010859579602637948,0.026485417368248942,-0.011306945891124354,0.19756632026295695
2020-07-08,2166.76,2173.83,2150.89,2158.88,677810.0,2159.752,2135.429,2133.3785,2030.0715000000002,2010.20075,2042.6544583333334,56.866282092716084,24.73059091953337,26.76589328043023,-2.0353023608968606,2133.3785,2199.2594773075466,2067.497522692453,0.06176210860618198,0.6935422108338931,40.29489913455503,2206.79,2030.82,2217.21,1818.3,-0.0024443551107352635,0.024768595433616758,-0.016764661678105752,0.17572608797468692
2020-07-09,2171.15,2181.48,2166.74,2167.9,619368.0,2166.258,2140.982,2132.9345000000003,2035.1915,2009.6750833333333,2042.960875,58.0883080138717,24.863491655945836,26.385412955533354,-1.5219212995875182,2132.9345000000003,2197.750573461739,2068.1184265382617,0.060776431214121754,0.7697286192493609,39.0309777678011,2206.79,2030.82,2217.21,1824.43,0.004178092344178541,0.015233893891925199,-0.004079420060823846,0.16509915623152582
2020-07-10,2171.44,2171.52,2140.29,2150.25,886987.0,2165.826,2142.542,2133.832,2040.5996666666665,2008.8600833333335,2043.1979999999999,54.81571880961405,23.276294322298327,25.76358922888635,-2.4872949065880228,2133.832,2199.0837137246026,2068.580286275397,0.06115918565716769,0.6258051249756665,38.47376507010102,2206.79,2030.82,2217.21,1825.76,-0.008141519442778744,-0.0010035262798443467,0.008418140036580146,0.17772872666725092
2020-07-13,2170.51,2188.8,2163.07,2186.06,650230.0,2165.452,2151.8,2141.594,2046.0826666666665,2008.3225,2043.5505416666667,59.76813593452423,24.62414490907213,25.535700364923507,-0.9115554558513779,2141.594,2190.990861600685,2092.197138399315,0.046130930139592324,0.9500893230773919,38.47921042223667,2206.79,2030.82,2217.21,1828.13,0.0166538774561098,-0.0008546891353927721,0.07644202834323077,0.17714907273784664
2020-07-14,2176.43,2183.61,2165.6,2183.61,810952.0,2169.3399999999997,2159.3280000000004,2143.872,2051.525,2007.6639166666666,2043.9726666666668,59.289337323441885,25.204094572110535,25.469379206360916,-0.2652846342503814,2143.872,2196.501361234934,2091.2426387650657,0.04909748458390622,0.8775269076762342,37.19212396350549,2206.79,2079.02,2217.21,1828.13,-0.0011207377656604622,0.008982658478770222,0.021309136830289344,0.17583612895582834
2020-07-15,2208.73,2216.97,2190.66,2201.88,830266.0,2177.94,2168.846,2146.9135,2056.3141666666666,2007.3488333333332,2044.5035,61.75010473892644,26.828680837202228,25.74123953252918,1.0874413046730496,2146.9135,2205.2593623297066,2088.5676376702936,0.054353249285270695,0.9710402572284382,36.91840082325508,2206.79,2087.84,2217.21,1841.66,0.008366878700866831,0.01991773512191508,0.02841129352420535,0.15008905579959575
2020-07-16,2203.3,2207.34,2177.82,2183.76,784637.0,2181.112,2173.6850000000004,2149.4275,2061.070833333333,2006.6530833333334,2044.9930833333333,58.00525768168167,26.35029479603827,25.863050585231,0.487244210807269,2149.4275,2209.547380197793,2089.307619802207,0.0559403656999764,0.7855336694538255,36.389943621594,2216.97,2087.84,2217.21,1841.66,-0.008229331298708287,0.007315835601273246,0.023567129759828997,0.15034029372721736
2020-07-17,2187.85,2204.2,2187.85,2201.19,569297.0,2191.3,2178.563,2152.421,2066.434333333333,2006.2785833333335,2045.7085416666666,60.48755699104917,27.065630008276912,26.103566469840185,0.9620635384367269,2152.421,2216.462242929825,2088.3797570701745,0.05950624244032681,0.8807624412711664,35.25066193433726,2216.97,2087.84,2217.21,1841.66,0.00798164633476195,0.023690268573421713,0.02795938953542665,0.17123200204322697
2020-07-20,2209.59,2209.59,2183.83,2198.2,686819.0,2193.728,2179.59,2155.9945,2071.4685,2006.4575833333333,2046.3732083333334,59.83417521192162,27.0791190775999,26.298676991392128,0.7804420862077706,2155.9945,2221.8529775028755,2090.136022497124,0.061093363181469865,0.8204257189073122,34.57275751045604,2216.97,2087.84,2217.21,1844.85,-0.0013583561618943918,0.005553369989844681,0.03360558227889765,0.1592964691611949
2020-07-21,2219.19,2234.86,2214.28,2228.83,918483.0,2202.772,2186.0559999999996,2160.874,2076.7035,2006.8205000000003,2047.2243750000002,64.11101201598379,29.22451229057333,26.883844051228373,2.340668239344957,2160.874,2232.8500094475694,2088.89799055243,0.06661749777874101,0.9720739627104653,34.7218462597092,2216.97,2087.84,2217.21,1880.71,0.013934127922845985,0.020708826209808517,0.04579024417709876,0.16404401664986712
2020-07-22,2228.2,2238.86,2221.62,2228.66,856218.0,2208.1279999999997,2193.0340000000006,2164.2315000000003,2082.3643333333334,2007.4926666666668,2048.104875,64.07023561246828,30.558771790303126,27.618829599043327,2.9399421912597994,2164.2315000000003,2242.041281974997,2086.4217180250034,0.07190523007820271,0.914012855226241,33.473142955444274,2234.86,2087.84,2234.86,1880.71,-7.627320163494655e-05,0.012162334005486164,0.03106624535625535,0.17980317732568896
2020-07-23,2227.24,2227.24,2202.99,2216.19,934542.0,2214.614,2197.8630000000003,2169.4224999999997,2087.2546666666667,2008.3025,2049.0134583333333,61.005133931686146,30.261125850885946,28.14728884941185,2.1138370014740957,2169.4224999999997,2246.5496051900454,2092.295394809954,0.07110381236485358,0.8031845930478169,32.91577560148397,2238.86,2087.84,2238.86,1894.29,-0.005595290443584866,0.014850533025607238,0.049148586658587456,0.15260275539976176
2020-07-24,2196.73,2219.57,2195.49,2200.44,1001024.0,2214.464,2202.882,2172.712,2091.6938333333333,2008.9821666666664,2050.0695416666667,57.27799839453257,28.42666107383957,28.203163294297397,0.22349777954217132,2172.712,2249.235844806676,2096.188155193324,0.0704408543853729,0.6811722873442253,32.28464877280658,2238.86,2087.84,2238.86,1894.29,-0.007106791385215194,-0.00034072478977276166,0.0308200407560959,0.13771334322601336
2020-07-27,2203.48,2231.25,2203.48,2217.86,928624.0,2218.3959999999997,2206.062,2178.931,2096.1988333333334,2009.4818333333335,2051.3210416666666,60.17604562383472,28.055081421466184,28.17354691973116,-0.11846549826497466,2178.931,2248.596783538234,2109.265216461766,0.06394491935562335,0.7793982786301049,32.179316717606106,2238.86,2087.84,2238.86,1894.29,0.007916598498482141,0.008943681193704034,0.05941303475552684,0.13878904886113919
2020-07-28,2238.19,2266.0,2237.21,2256.99,866725.0,2224.028,2213.4,2186.364,2102.225833333333,2010.2431666666666,2052.7680416666667,65.78982724940832,30.565723216085644,28.651982179002058,1.913741037083586,2186.364,2256.035118090611,2116.692881909389,0.06373240511699871,1.0068527815797859,33.31936552349138,2238.86,2101.33,2238.86,1894.29,0.017643133471003436,0.012634431517881461,0.07051078341625838,0.190791243925988
2020-07-29,2258.35,2276.79,2252.24,2263.16,899494.0,2230.928,2219.5280000000002,2194.187,2107.7991666666667,2010.5366666666666,2054.1953333333336,66.58957518954719,32.67661666524782,29.45690907625121,3.2197075889966094,2194.187,2261.414389686017,2126.959610313983,0.06127772125713714,1.0129828803567698,32.692982271813435,2266.0,2101.33,2266.0,1897.24,0.0027337294361073905,0.015480153993879808,0.07426781221816103,0.17337564030776242
2020-07-30,2275.33,2281.33,2263.81,2267.01,713039.0,2241.0919999999996,2227.853,2200.7690000000002,2113.4391666666666,2010.9955000000002,2055.56725,67.10631349983706,34.265189975386875,30.418565256078345,3.8466247193085294,2200.7690000000002,2269.4347192199675,2132.103280780033,0.06240156892428717,0.9823440339115954,31.655626395255336,2276.79,2113.98,2276.79,1897.24,0.0017011612082222793,0.022931246869627664,0.06164739600162994,0.1754631574035188
2020-07-31,2278.53,2281.41,2248.49,2249.37,739688.0,2250.878,2232.671,2205.6169999999997,2118.4983333333334,2011.3980000000001,2056.84675,62.3481967414546,33.71213271153101,31.07727874716888,2.634853964362133,2205.6169999999997,2273.629215402788,2137.6047845972116,0.0616718273415449,0.8216554536628616,31.74593879559425,2281.33,2135.3,2281.33,1897.24,-0.007781174322124884,0.022236461798549323,0.045047179673017634,0.1560010689580742
2020-08-03,2251.65,2254.38,2237.04,2251.04,648462.0,2257.514,2237.955,2208.7725,2123.759,2011.630666666667,2058.201791666667,62.618425692077125,33.02786126307956,31.467395250351014,1.5604660127285435,2208.7725,2279.0285781355974,2138.5164218644027,0.06361549515452349,0.8008102723754503,30.71694316733753,2281.41,2140.29,2281.41,1897.24,0.0007424301026510705,0.014960367200815172,0.028844615686973496,0.16308773380179797
2020-08-04,2272.33,2284.66,2269.69,2279.97,722906.0,2262.1099999999997,2243.0690000000004,2214.5625,2129.722333333333,2011.9772500000001,2059.625125,67.03258170259416,34.42317153835984,32.05855050795278,2.364621030407058,2214.5625,2288.167936721719,2140.957063278281,0.0664740206896115,0.9443116087150386,30.924304369670555,2281.41,2140.29,2281.41,1897.24,0.012851837372947594,0.010181702178565288,0.053507811308723285,0.18614378540919874
2020-08-05,2289.23,2312.14,2283.95,2311.86,841298.0,2271.85,2251.389,2222.2115000000003,2135.913,2012.63475,2061.228,71.08573489422844,37.66800811827079,33.18044203001639,4.487566088254404,2222.2115000000003,2302.5668610594516,2141.856138940549,0.07232017389834522,1.057825257817415,31.013282628979805,2284.66,2140.29,2284.66,1897.24,0.01398702614508096,0.021518584633874793,0.07086081671978062,0.19142247554653125
2020-08-06,2322.64,2352.48,2322.64,2342.61,797147.0,2286.9700000000003,2264.031,2230.947,2142.873833333333,2013.4599166666667,2062.9059583333333,74.35924825633221,42.23398540317794,34.9911507046487,7.2428346985292364,2230.947,2322.9304776685167,2138.9635223314835,0.08246137417743817,1.1069731370801346,31.69947672690981,2312.14,2140.29,2312.14,1913.21,0.013300978432950084,0.03334788995196303,0.08058951058628172,0.21696554733604856
2020-08-07,2349.25,2362.24,2333.62,2351.67,812594.0,2307.43,2279.154,2241.018,2149.9469999999997,2014.3724166666666,2064.5368750000002,75.24839429586493,46.05275409758451,37.203471383235865,8.849282714348647,2241.018,2339.3422970175443,2142.6937029824558,0.08774967181659787,1.0626889962928294,31.479514103559104,2352.48,2140.29,2352.48,1913.21,0.0038674811428278666,0.045479400898918554,0.09367282874084415,0.22020152754140554
2020-08-10,2353.92,2390.51,2349.33,2386.38,784617.0,2334.4980000000005,2296.0060000000003,2251.034,2157.4348333333332,2015.8515833333333,2066.294083333333,78.34640836738478,51.28873807072296,40.020524720733285,11.268213349989672,2251.034,2364.56079074119,2137.5072092588102,0.10086634918991882,1.0960971816271632,32.1724059533049,2362.24,2163.07,2362.24,1921.14,0.014759723940859004,0.06012332077617466,0.09163517927229825,0.23192797517952002
2020-08-11,2396.11,2429.36,2396.11,2418.67,843437.0,2362.238,2312.174,2262.7870000000003,2164.735833333333,2017.5876666666668,2068.2426666666665,80.75910832833617,57.38235812864332,43.492891402315294,13.889466726328024,2262.7870000000003,2393.3510330412387,2132.222966958762,0.1154010810926865,1.096959960446245,32.94437695664027,2390.51,2165.6,2390.51,1961.4,0.013530954835357267,0.060834133782462274,0.10764742788318427,0.2211742846900704
2020-08-12,2414.78,2432.35,2393.27,2432.35,763734.0,2386.3360000000002,2329.093,2274.3105,2172.1143333333334,2019.5614166666667,2070.259541666667,81.68992924397571,62.59391392184398,47.31309590622103,15.280818015622948,2274.3105,2421.021754438755,2127.599245561245,0.12901602876014956,1.0386072820540628,33.38263574545167,2429.36,2177.82,2429.36,1961.4,0.005656001025356794,0.052118207849956244,0.10466964593892492,0.22250758931263936
2020-08-13,2455.28,2458.17,2412.49,2437.53,907218.0,2405.32,2346.145,2286.9990000000003,2179.4346666666665,2021.8505,2072.4312916666668,82.04415099796798,66.3769400968954,51.1258647443559,15.251075352539495,2286.9990000000003,2443.7422374170983,2130.255762582902,0.13707328898447094,0.9801833957258164,34.26101890649086,2432.35,2177.82,2432.35,1961.4,0.002129627726273009,0.040518908397044306,0.11620782503571814,0.21979572738964448
2020-08-14,2427.85,2435.0,2383.69,2407.49,968124.0,2416.484,2361.957,2297.314,2186.724,2024.5875833333334,2074.4433333333336,73.20009101079722,66.18806385117296,54.13830456571932,12.04975928545364,2297.314,2457.2321818805867,2137.395818119413,0.13922187552993354,0.8444761524435973,35.65951755602724,2458.17,2183.83,2458.17,1961.4,-0.01232395088470728,0.023736323548797067,0.09372203217350594,0.22199550283483815
2020-08-18,2405.84,2419.65,2336.78,2348.24,909750.0,2408.856,2371.677,2304.8160000000003,2192.6180000000004,2026.6261666666667,2076.1397916666665,59.562182643391736,60.559308230152055,55.42250529860587,5.136802931546185,2304.8160000000003,2459.420913815804,2150.2110861841966,0.13415814001274173,0.6404353811539745,39.03169487345386,2458.17,2183.83,2458.17,1967.84,-0.024610694125416943,-0.01598236659710539,0.06825584569192977,0.1772987065075704
2020-08-19,2370.87,2380.1,2353.17,2360.54,637965.0,2397.2300000000005,2379.734,2311.4015,2198.1306666666665,2028.9909166666666,2077.9195,61.17915491471249,56.44037652445013,55.62607954377473,0.814296980675401,2311.4015,2463.7020664171737,2159.100933582826,0.13178200880909158,0.6613208051551247,38.51943095392145,2458.17,2195.49,2458.17,1997.94,0.005237965454979232,-0.024033869854093393,0.05909378463139858,0.16295362058942353
2020-08-20,2339.91,2357.08,2270.85,2274.22,903743.0,2365.6040000000003,2375.97,2313.6794999999997,2202.181,2030.8186666666668,2079.1962916666666,46.981095001718124,45.68417217924798,53.63769807086938,-7.953525891621396,2313.6794999999997,2462.279523617063,2165.0794763829363,0.12845342115626948,0.36722915972851544,42.17447160006993,2458.17,2195.49,2458.17,2003.75,-0.03656790395418008,-0.06501120315744036,0.0204427772742366,0.11964356045687263
2020-08-21,2306.16,2329.34,2280.97,2304.59,865735.0,2339.016,2372.1679999999997,2318.0995000000003,2206.7818333333335,2033.4651666666666,2080.5937916666667,51.266312308577334,39.15900726857171,50.74195991040985,-11.582952641838133,2318.0995000000003,2459.9427398776616,2176.256260122339,0.12237890554539292,0.45237876682860617,43.09915220006496,2458.17,2195.49,2458.17,2003.75,0.013354029073704643,-0.054538815932521856,0.039888276727175986,0.1360830942451221
2020-08-24,2309.38,2332.33,2283.48,2329.83,649276.0,2323.484,2369.984,2324.569,2211.785666666667,2036.1928333333333,2082.1110416666666,54.55383372985795,35.61388937822903,47.71634580397369,-12.102456425744656,2324.569,2455.7591532737556,2193.3788467262443,0.11287266867428383,0.5200510475394513,43.509927042917454,2458.17,2195.49,2458.17,2006.62,0.010952056548019229,-0.032257662544808,0.05880187598843856,0.14792569964525026
2020-08-25,2352.15,2369.78,2340.97,2366.73,771584.0,2327.182,2368.019,2332.0125,2216.813166666667,2039.131,2083.686875,58.917194365996664,35.3741088159577,45.247898406370496,-9.873789590412798,2332.0125,2454.7617622991734,2209.2632377008263,0.10527324557580507,0.6414163284964767,43.255646539851945,2458.17,2203.48,2458.17,2030.82,0.015838065438250837,0.007873982216468622,0.06712326296520055,0.14607182288337506
2020-08-26,2367.74,2374.68,2336.98,2369.32,956477.0,2328.9379999999996,2363.084,2337.629,2221.5153333333337,2041.7142500000002,2085.205916666667,59.213201078369096,34.989732491489576,43.19626522339431,-8.206532731904737,2337.629,2456.3467152576272,2218.9112847423726,0.10157104934754603,0.6334720767293581,42.858814644148225,2458.17,2237.04,2458.17,2030.82,0.0010943369121108049,0.0037194879137825154,0.04976982618443171,0.13517216928022857
2020-08-27,2371.95,2373.36,2344.38,2344.45,913917.0,2342.984,2354.294,2341.6935,2224.8061666666667,2043.8741666666667,2086.6030833333334,55.10727518453128,32.305907935378855,41.018193765791224,-8.71228583041237,2341.6935,2455.3948372436357,2227.992162756364,0.09711034961973962,0.5121216692205361,41.86747074099478,2458.17,2237.04,2458.17,2030.82,-0.010496682592473938,0.030880917413442788,0.03591880379646151,0.09196553330228219
2020-08-28,2362.22,2379.26,2345.28,2353.8,1297312.0,2352.826,2345.921,2346.033,2228.183166666667,2046.4873333333335,2087.9957916666667,56.33320166583551,30.58090683944738,38.930736380522454,-8.349829541075074,2346.033,2454.506303093392,2237.5596969066078,0.09247380841905646,0.5358014358303127,41.36336568806661,2458.17,2237.04,2458.17,2030.82,0.00398814220819399,0.021353038935342017,0.03828390699644024,0.09419016539759584
2020-08-31,2377.09,2381.5,2326.06,2326.17,1647817.0,2352.094,2337.789,2349.873,2230.588166666667,2049.5823333333333,2089.2211666666667,51.82902461601514,26.67680732737108,36.47995056989218,-9.803143242521102,2349.873,2449.460327125447,2250.2856728745533,0.0847597526550982,0.3809938940818137,42.368839567490426,2458.17,2237.04,2458.17,2030.82,-0.01173846546010715,-0.001570930067858911,0.03414289334346954,0.06613592927167988
2020-09-01,2340.19,2355.9,2331.23,2349.55,1085245.0,2348.6580000000004,2337.92,2354.7985,2233.3425,2052.804166666667,2090.472625,55.100480142246546,25.179101928138607,34.21978084154147,-9.040678913402864,2354.7985,2443.4947344803354,2266.1022655196643,0.07533233478816598,0.47041306189180265,41.466065312669684,2458.17,2237.04,2458.17,2030.82,0.010050856128313912,-0.007258960675700199,0.043761994455896014,0.07565845194548348
2020-09-02,2363.43,2369.57,2341.29,2364.37,1429273.0,2347.668,2338.303,2359.0185,2236.266666666667,2056.605,2091.731583333333,57.089799481554735,24.900966906766826,32.35601805458654,-7.455051147819717,2359.0185,2440.836897998192,2277.2001020018083,0.06936647423340835,0.5327035247018527,40.524203504621866,2458.17,2269.69,2458.17,2030.82,0.006307590815262332,-0.0020892070298652587,0.03701803093900358,0.08015368309485948
2020-09-03,2383.26,2401.78,2382.23,2395.9,981546.0,2357.958,2350.4710000000005,2363.2205,2239.6034999999997,2061.2847500000003,2093.121458333333,61.04432177527724,26.914496825558217,31.26771380878088,-4.353216983222662,2363.2205,2443.5379154152783,2282.9030845847215,0.06797284926673448,0.7034396888335609,40.3017603971489,2458.17,2270.85,2458.17,2030.82,0.013335476257946066,0.021945445626906146,0.036351682195288726,0.09118318159667349
2020-09-04,2332.68,2371.02,2332.68,2368.25,1351039.0,2360.8480000000004,2356.8370000000004,2364.5024999999996,2242.7946666666667,2066.258166666667,2094.361125,56.15676915359617,25.97963283799527,30.210097614623756,-4.230464776628487,2364.5024999999996,2444.279775931122,2284.725224068877,0.06747912165973385,0.5234872647396227,41.93877751163828,2458.17,2270.85,2458.17,2030.82,-0.0115405484369131,0.006139009261619366,0.010945057009062564,0.08796019809075784
2020-09-07,2369.85,2387.49,2362.42,2384.22,1197385.0,2372.458,2362.276,2366.13,2246.9933333333333,2071.8361666666665,2095.62725,58.236638638577425,26.225085464970107,29.413095184693027,-3.1880097197229205,2366.13,2446.1215000483826,2286.1384999516176,0.06761378288461113,0.6130745140987357,40.733864832235525,2458.17,2270.85,2458.17,2030.82,0.006743375910482241,0.02495518384296913,0.013841227723277338,0.11814472635182649
2020-09-08,2402.66,2407.56,2391.43,2401.91,979357.0,2382.93,2365.794,2366.9065,2253.1781666666666,2077.9150833333333,2096.920541666667,60.47345332719663,27.529698372542953,29.036415822263017,-1.506717449720064,2366.9065,2447.9636246158557,2285.8493753841444,0.06849203770056453,0.7159187126726226,39.49144591564729,2458.17,2270.85,2458.17,2030.82,0.007419617317193872,0.022285118426932593,0.006507764899135848,0.18272914389261485
2020-09-09,2372.53,2388.85,2369.12,2375.81,946247.0,2385.218,2366.443,2364.7635,2257.1408333333334,2084.4535,2098.104333333333,55.73074147988802,26.15605095400315,28.460342848611045,-2.3042918946078963,2364.7635,2442.428486518961,2287.098513481039,0.06568520405441058,0.5711163453128459,39.01277120738677,2458.17,2270.85,2458.17,2079.02,-0.01086635219471166,0.004838498204595698,-0.01772048274464899,0.11120413460863854
2020-09-10,2404.83,2406.68,2388.56,2396.48,1064574.0,2385.334,2371.6459999999997,2362.9700000000003,2261.398,2092.2771666666667,2099.3353333333334,58.50617059077895,26.430645700685545,28.05440341902595,-1.6237577183404035,2362.9700000000003,2435.8163028573895,2290.123697142611,0.06165656174846842,0.7300048093422263,38.43114469257342,2458.17,2270.85,2458.17,2087.84,0.008700190671812935,0.0002420802203764172,-0.014747055316874591,0.11930127741061614
2020-09-11,2389.76,2397.56,2374.0,2396.69,882880.0,2391.022,2375.935,2360.928,2265.784833333333,2099.1983333333333,2100.682416666667,58.53461370258561,26.361332232123914,27.715789181645544,-1.35445694952163,2360.928,2427.301742880679,2294.554257119321,0.05622682511341214,0.7693986993041062,37.36892007167531,2458.17,2270.85,2458.17,2087.84,8.76285218320838e-05,0.012008867307083282,-0.016754665583603168,0.12337120572960614
2020-09-14,2418.33,2429.07,2410.79,2427.91,963082.0,2399.7599999999998,2386.1089999999995,2361.949,2270.561333333333,2107.077083333333,2102.1548749999997,62.63527303989951,28.497097095990284,27.872050764514494,0.6250463314757901,2361.949,2431.6986786801954,2292.1993213198048,0.059061121709397875,0.9728408879303463,37.012568637984224,2435.0,2270.85,2458.17,2087.84,0.013026298770387301,0.018324651248626367,0.008481862853013,0.1338380064633029
2020-09-15,2434.59,2444.57,2423.79,2443.58,849968.0,2408.094,2395.5119999999997,2366.7160000000003,2275.842166666667,2114.0238333333336,2103.7950833333334,64.53125656792889,31.095692392797446,28.516779090171088,2.5789133026263578,2366.7160000000003,2444.621437653545,2288.8105623464558,0.0658342087969529,0.9933160143571979,35.853099449556794,2429.07,2270.85,2458.17,2087.84,0.006454110737218466,0.017348693331556975,0.040600620038837576,0.1489845913679686
2020-09-16,2442.72,2450.53,2429.94,2435.92,772938.0,2420.116,2402.667,2370.485,2280.9201666666663,2120.116833333333,2105.3487083333334,62.852304079849326,32.16620788297041,29.246664848730955,2.9195430342394566,2370.485,2453.927470600949,2287.042529399051,0.07040118001248608,0.8920964919227579,34.76287806030275,2444.57,2270.85,2458.17,2087.84,-0.003134744923431909,0.025300844764522434,0.03193337117778139,0.14295902854676168
2020-09-17,2430.77,2437.02,2398.69,2406.17,853740.0,2422.054,2403.694,2377.0825,2284.9978333333333,2126.11625,2106.7393333333334,56.683924647808404,30.26514500053645,29.450360879092056,0.8147841214443936,2377.0825,2449.1229863600324,2305.0420136399675,0.06061252511011498,0.7018830068319585,35.01767248456683,2450.53,2270.85,2458.17,2087.84,-0.012213044763374814,0.004043430364534695,0.058019892534583395,0.1131893907499848
2020-09-18,2413.53,2417.81,2396.33,2412.4,756516.0,2425.196,2408.109,2382.473,2289.9983333333334,2131.9051666666664,2108.324708333333,57.62186976882939,28.927786388936966,29.34584598106104,-0.41805959212407373,2382.473,2447.833801433197,2317.112198566803,0.054868031187087656,0.7289369112968069,34.05069587852635,2450.53,2280.97,2458.17,2087.84,0.0025891769908195084,0.0065548735965017535,0.046780555326543904,0.14203477610456505
2020-09-21,2412.44,2427.17,2379.38,2389.39,1041993.0,2417.4919999999997,2408.626,2385.451,2294.244,2137.507416666667,2109.860958333333,53.05258588960234,25.714781364020382,28.619633057652912,-2.90485169363253,2385.451,2446.2117794221713,2324.6902205778288,0.05094280236497941,0.532414001576834,35.03207474434589,2450.53,2283.48,2458.17,2087.84,-0.009538219200796005,-0.015865497485491598,0.02556409695127959,0.11933572248377944
2020-09-22,2388.14,2388.49,2323.58,2332.59,1051028.0,2395.2940000000003,2401.6940000000004,2383.7439999999997,2298.2291666666665,2142.3236666666667,2111.1562083333333,43.81602723727861,18.37336966228804,26.57038037857994,-8.1970107162919,2383.7439999999997,2448.3116297845118,2319.1763702154876,0.0541732919176825,0.1038727132254905,37.230497976892615,2450.53,2326.06,2458.17,2087.84,-0.02377175764525663,-0.04542106253938882,-0.014424966092456581,0.11421651986166581
2020-09-23,2352.56,2354.46,2287.44,2333.24,735041.0,2374.7580000000003,2397.437,2381.94,2301.9776666666667,2147.7218333333335,2112.3520000000003,43.936318740085035,12.464020099252593,23.74910832271447,-11.285088223461877,2381.94,2449.9435410841957,2313.9364589158045,0.05709928972534623,0.1419304110965008,39.35831954997171,2450.53,2323.58,2458.17,2101.33,0.0002786602017499362,-0.04215245164044812,-0.015227997906572477,0.10667684850094616
2020-09-24,2295.62,2309.74,2268.88,2272.7,714881.0,2348.064,2385.059,2378.3525,2304.7443333333335,2152.287166666667,2113.3709583333334,36.16897609894745,2.862745996028025,19.57183585737718,-16.709089861349156,2378.3525,2460.0750579322503,2296.6299420677497,0.06872198963967731,-0.14640964914233504,41.14415386783085,2450.53,2287.44,2458.17,2101.33,-0.025946752155800556,-0.05546989614200171,-0.030604192881059533,0.07879622157877253
2020-09-25,2295.19,2296.36,2267.63,2278.79,697961.0,2321.3419999999996,2373.2690000000002,2374.602,2307.1346666666664,2156.8984166666664,2114.3467083333335,37.36847903462138,-4.206431674544092,14.816182350992927,-19.022614025537017,2374.602,2466.712176983817,2282.491823016183,0.0775794655136456,-0.02009453861343331,40.25742859155722,2450.53,2268.88,2458.17,2113.98,0.002679632155585976,-0.0553846791576853,-0.031867618319313507,0.06716400436458314
2020-09-28,2301.16,2314.81,2291.32,2308.08,605977.0,2305.0800000000004,2361.2859999999996,2373.6975,2309.7291666666665,2161.2000833333336,2115.3495416666665,42.92382520139525,-7.360500428701471,10.380845795054048,-17.74134622375552,2373.6975,2468.0209636503037,2279.374036349697,0.07947387032282204,0.1521676714328906,39.954755120731704,2450.53,2267.63,2458.17,2135.3,0.012853312503565473,-0.03402960588267301,-0.007776731709204454,0.07232358147378992
2020-09-29,2331.51,2339.83,2320.04,2327.89,646218.0,2304.1400000000003,2349.7169999999996,2372.6145,2312.061833333333,2165.4024999999997,2116.431708333333,46.38747680961569,-8.167471669950828,6.671182302053072,-14.8386539720039,2372.6145,2468.5064668115647,2276.7225331884356,0.08083231963015024,0.26679746235736557,39.36870118353659,2450.53,2267.63,2458.17,2140.29,0.008582891407576732,-0.0020149276126538718,-0.009218786576153049,0.0639691397805231
2020-10-05,2330.55,2364.73,2327.83,2358.0,763618.0,2309.0919999999996,2341.925,2372.296,2315.292333333333,2169.993,2117.57825,51.23173833823496,-6.304700173266156,4.076005806989227,-10.380705980255382,2372.296,2468.337584201793,2276.2544157982065,0.08096930922767925,0.4255739057262818,39.19236538471255,2450.53,2267.63,2458.17,2140.29,0.012934459961596145,0.010611853045550568,-0.0026941637730134582,0.0895632043693424
2020-10-06,2369.17,2378.28,2355.39,2365.9,861754.0,2327.732,2337.898,2370.796,2318.7426666666665,2174.407083333333,2118.778083333333,52.445828590941,-4.143215950242393,2.4321614555429028,-6.575377405785296,2370.796,2466.2514236069915,2275.340576393008,0.08052605420879035,0.4743545216447967,38.02791071437597,2450.53,2267.63,2458.17,2140.29,0.0033502968617473705,0.04100849210190538,-0.012521390709128055,0.09589231453346181
2020-10-07,2350.82,2387.45,2347.82,2386.94,737994.0,2349.362,2335.352,2371.7305,2322.393333333333,2178.7924166666667,2120.137458333333,55.61505121503486,-0.7241247105484945,1.8009042223246232,-2.5250289328731177,2371.7305,2467.4335514612267,2276.0274485387736,0.08070314182933225,0.5794619386099824,38.14234566334909,2450.53,2267.63,2458.17,2140.29,0.008893021683080482,0.04745939731173121,0.00789190330412759,0.10103787075049575
2020-10-08,2408.49,2409.01,2383.82,2391.96,961726.0,2366.138,2335.609,2372.1175,2326.4218333333333,2183.51075,2121.5004583333334,56.36230579974103,2.3633584511553636,1.9133950680907714,0.44996338306459216,2372.1175,2468.0816807915335,2276.153319208466,0.08091014107988634,0.6033849288158086,37.217178115967016,2450.53,2267.63,2458.17,2140.29,0.0021031110962153043,0.03634189456171377,0.003246344716511196,0.11241018486222543
2020-10-12,2404.18,2409.42,2393.74,2403.73,843574.0,2381.3059999999996,2342.723,2372.2084999999997,2330.0496666666663,2188.0661666666665,2122.8124166666666,58.14169885961716,5.694311259314418,2.669578306335501,3.024732952978917,2372.2084999999997,2468.2888949356484,2276.128105064351,0.08100501700052813,0.6640371067433284,35.80595110768366,2450.53,2267.63,2458.17,2163.07,0.004920650847004104,0.03257885896670376,0.000757730306297999,0.09957183242911904
2020-10-13,2416.85,2418.89,2385.87,2403.15,724920.0,2390.3360000000002,2349.714,2373.5755,2333.708666666667,2192.6168333333335,2124.1562916666667,58.01615506389407,8.19287187813643,3.774237020695687,4.418634857440743,2373.5755,2470.595336420137,2276.555663579863,0.08174994763818293,0.6524147076064428,35.60695459999197,2450.53,2267.63,2458.17,2165.6,-0.00024129165921293882,0.01914758269720096,0.011507654231609488,0.10053993158118901
2020-10-14,2403.74,2405.56,2375.54,2380.48,901176.0,2393.252,2360.4919999999997,2372.7754999999997,2336.6853333333333,2196.4997500000004,2125.3847083333335,53.18240979754017,8.24863450680732,4.669116517918014,3.5795179888893065,2372.7754999999997,2469.289228862738,2276.2617711372613,0.08135091487815717,0.5399140106324024,35.20788641427826,2450.53,2267.63,2458.17,2177.82,-0.009433451927678305,0.006162559702438841,-0.006676458806249119,0.08111250386033753
2020-10-15,2375.91,2376.73,2348.74,2361.21,1165501.0,2388.1059999999998,2368.734,2371.0015,2339.642833333333,2200.3568333333333,2126.5235416666665,49.41366474905272,6.6611136659448675,5.067515947523385,1.5935977184214822,2371.0015,2466.994640645518,2275.008359354482,0.0809726528182441,0.4489989600602937,34.96018024182983,2450.53,2267.63,2458.17,2177.82,-0.008095006049200104,-0.010779491734186908,-0.014803750172112329,0.08125892955269798
2020-10-16,2363.88,2370.73,2325.03,2341.53,920205.0,2378.02,2372.079,2366.6825,2341.9818333333333,2204.208083333333,2127.5565833333335,45.840857838792,3.771504874204311,4.80831373285957,-1.0368088586552595,2366.6825,2459.7742095932304,2273.5907904067694,0.07866852405697043,0.36490472615711445,35.727310224556255,2450.53,2267.63,2458.17,2183.83,-0.008334709746274038,-0.021083128480409274,-0.03557792504664492,0.06375642266228732
2020-10-19,2352.92,2364.25,2344.77,2346.74,931645.0,2366.622,2373.9640000000004,2361.8405000000002,2344.4575,2207.963,2128.615125,46.93473889025932,1.8801987852430102,4.222690743336258,-2.342491958093248,2361.8405000000002,2448.2649299893874,2275.416070010613,0.07318396817176022,0.4126375493488658,34.79821663708794,2450.53,2267.63,2458.17,2183.83,0.002225040892066099,-0.02370898561818513,-0.03963037837926331,0.06757346920207441
2020-10-20,2333.56,2358.41,2322.06,2358.41,874293.0,2357.674,2374.005,2357.9649999999997,2346.6171666666664,2211.6603333333333,2129.7740416666666,49.400020194546336,1.307919669558487,3.639736528580704,-2.3318168590222172,2357.9649999999997,2437.4250736218546,2278.504926378145,0.06739716121473807,0.502800148424968,34.90905830586737,2450.53,2267.63,2458.17,2195.49,0.004972855961887568,-0.018617231550257074,-0.031819599986863345,0.058138126281501945
2020-10-21,2363.03,2371.74,2356.32,2370.86,812837.0,2355.75,2374.501,2356.1994999999997,2348.9871666666663,2215.67575,2130.9714583333334,51.96395287296127,1.8378101667335613,3.279351256211276,-1.4415410894777145,2356.1994999999997,2432.8150802627024,2279.583919737297,0.06503318608012836,0.5956757094949349,33.5169827125911,2437.02,2267.63,2458.17,2195.49,0.005278980329968208,-0.004041201774432013,-0.014674773602862623,0.06380515646173057
2020-10-22,2355.61,2360.22,2339.73,2355.05,815612.0,2354.518,2371.3120000000004,2353.332,2351.3015000000005,2219.278083333333,2132.0333333333333,48.59644966604049,0.9708262523640769,2.817646255441836,-1.846820003077759,2353.332,2425.4819961468515,2281.182003853148,0.06131731191931412,0.511905752541577,33.346483947406035,2427.17,2267.63,2458.17,2195.49,-0.006668466294930897,-0.002608831912451648,-0.023773006134969243,0.0626570826508559
2020-10-23,2364.84,2368.57,2344.49,2360.81,890384.0,2358.3740000000003,2368.1969999999997,2351.903,2353.9743333333336,2222.834083333333,2132.994041666667,49.871037734982224,0.7399889832440749,2.402114801002284,-1.6621258177582092,2351.903,2422.249300570753,2281.5566994292467,0.05982074989551279,0.5633082331816557,32.684592236877066,2427.17,2267.63,2458.17,2195.49,0.0024458079446294523,0.008233932514210673,-0.011961211857419607,0.07288087836978052
2020-10-26,2366.5,2374.5,2342.58,2343.91,822267.0,2357.808,2362.2149999999997,2352.469,2356.075166666667,2226.137,2133.8326666666667,46.24764615221632,-0.7974474980692321,1.7622023411879808,-2.559649839257213,2352.469,2422.3653503767596,2282.5726496232405,0.05942382269586509,0.4387736272790714,32.629978505671566,2418.89,2267.63,2458.17,2203.48,-0.007158559985767643,-0.0012059282238339186,0.004852974590476622,0.056834065270125134
2020-10-27,2328.66,2349.33,2321.23,2330.84,666941.0,2352.2940000000003,2354.984,2352.3489999999997,2357.306,2229.7659166666663,2134.610541666667,43.60879715082127,-3.0355251116557156,0.8026568506192415,-3.838181962274957,2352.3489999999997,2422.385090953099,2282.3129090469006,0.05954566346498681,0.34644345717122166,32.30640861240931,2418.89,2267.63,2458.17,2237.04,-0.00557615266797773,-0.011690079333109948,-0.0010286125730741835,0.03272057031710385
2020-10-28,2324.18,2345.46,2316.47,2345.26,705770.0,2347.174,2351.4620000000004,2355.977,2358.6743333333334,2233.2367499999996,2135.4479166666665,47.18912368125278,-3.6040984543615195,-0.0786942103769106,-3.525404243984609,2355.977,2415.924165437497,2296.029834562503,0.05088943180472221,0.4106129545760295,32.06952228295152,2418.89,2267.63,2458.17,2237.04,0.006186610835578588,-0.010797769585719874,0.03192678312139763,0.03627671044026948
2020-10-29,2312.34,2330.17,2299.91,2326.67,509768.0,2341.498,2348.008,2358.371,2359.6686666666665,2236.5539166666663,2136.23725,43.36647639755367,-5.491452515405854,-1.1612458713826992,-4.330206644023154,2358.371,2408.877941661425,2307.864058338575,0.04283205794289797,0.18617185126245933,33.01812783416929,2418.89,2267.63,2458.17,2237.04,-0.007926626472118281,-0.012050699560518963,0.021011150654514088,0.026316602044102133
2020-10-30,2319.56,2320.2,2266.93,2267.15,795585.0,2322.766,2340.57,2356.3244999999997,2359.9649999999997,2239.2316666666666,2136.8333333333335,33.898264050126045,-11.655602249667027,-3.2601171470395647,-8.395485102627461,2356.3244999999997,2417.0913967365505,2295.557603263449,0.05157769800937922,-0.23374242218265176,34.9268329888715,2418.89,2291.32,2458.17,2237.04,-0.025581625241224537,-0.03967282415781015,-0.01773335412983945,0.007904435464152204
2020-11-02,2276.61,2302.64,2267.95,2300.16,678501.0,2314.016,2335.912,2354.9379999999996,2360.7836666666667,2242.2713333333336,2137.496833333333,41.523643246276116,-13.71896056283822,-5.351885830199296,-8.367074732638923,2354.9379999999996,2419.3904030893386,2290.4855969106607,0.0547380891465839,0.0750507554848597,34.9670592039521,2418.89,2266.93,2458.17,2237.04,0.014560130560395068,-0.018665392442542617,-0.011912074883263402,0.02182102494846827
2020-11-03,2315.81,2344.77,2315.3,2343.31,887445.0,2316.5099999999998,2334.402,2354.2035,2361.839333333333,2245.7808333333332,2138.4170833333333,49.69314721173814,-11.737045160760772,-6.628917696311592,-5.10812746444918,2354.2035,2418.8341522556493,2289.572847744351,0.05490659771396078,0.41572497244101425,35.6558406893841,2418.89,2266.93,2458.17,2266.93,0.018759564552031094,0.00535000257417928,-0.0062298558100084556,0.027781067294745165
2020-11-04,2361.32,2371.14,2339.95,2357.32,986786.0,2318.922,2333.0480000000002,2353.7745,2362.597,2249.2549999999997,2139.3257916666666,52.0361429542989,-8.932900100320694,-7.089714177113413,-1.8431859232072814,2353.7745,2418.202490337979,2289.346509662021,0.05474440337252258,0.5275152149042758,35.33685206871381,2418.89,2266.93,2458.17,2266.93,0.005978722405486359,0.005142286995898138,-0.003626526903081295,0.01966382047355819
2020-11-05,2373.41,2413.79,2370.85,2413.79,702037.0,2336.346,2338.922,2355.117,2363.7833333333333,2253.3285833333334,2140.3741666666665,60.102143555729015,-2.129391576040689,-6.097649656898868,3.9682580808581793,2355.117,2423.264917679051,2286.9690823209494,0.0578722141439689,0.9304827058423555,36.846362635234236,2418.89,2266.93,2458.17,2266.93,0.023955169429691336,0.03744407242969561,0.011248711739716866,0.030384912554799914
2020-11-06,2421.79,2431.11,2404.97,2416.5,825568.0,2366.216,2344.4910000000004,2356.344,2364.863833333334,2257.405416666667,2141.4400416666667,60.44591647563438,3.441441502253383,-4.1898314250684185,7.631272927321802,2356.344,2427.899641119276,2284.788358880724,0.06073446077421298,0.9203442178634522,36.08162244700324,2418.89,2266.93,2458.17,2266.93,0.0011227157292059697,0.0658756588668592,0.010259368885767284,0.027567643419357246
2020-11-09,2438.63,2459.15,2434.52,2447.2,1354862.0,2395.624,2354.82,2358.5175,2365.8775,2261.656166666667,2142.664875,64.20826182477968,10.215838455306766,-1.3086974489933816,11.524535904300148,2358.5175,2437.910127585882,2279.124872414118,0.06732417935069984,1.05850588837149,36.5507922722173,2431.11,2266.93,2458.17,2266.93,0.01270432443616798,0.06392598775737346,0.018084393837910273,0.025486301427266378
2020-11-10,2453.95,2457.94,2435.59,2452.83,1464168.0,2417.528,2367.0190000000002,2361.0015,2366.4468333333334,2265.591333333333,2144.0295,64.86822861433123,15.856111413336293,2.1242643234725533,13.73184708986374,2361.0015,2448.5175888693643,2273.4854111306354,0.0741347168727885,1.024637819093314,35.53644996705892,2459.15,2266.93,2459.15,2266.93,0.002300588427590844,0.046737307483858404,0.020672866862243344,0.014123464548698283
2020-11-11,2459.5,2488.04,2459.5,2485.87,1272038.0,2443.2380000000003,2381.08,2366.2709999999997,2367.3388333333337,2269.7265833333336,2145.6514583333333,68.53499638276838,22.730101777452546,6.245431814268552,16.484669963183993,2366.2709999999997,2469.181355921988,2263.3606440780113,0.08698103972198318,1.0810834047190676,35.513132112269,2459.15,2266.93,2459.15,2266.93,0.013470154882319507,0.054532265453989925,0.04427258368060216,0.022003412337862516
2020-11-12,2482.68,2488.79,2467.04,2475.62,1278691.0,2455.6040000000003,2395.975,2371.9915,2367.9736666666668,2273.704166666667,2147.208375,66.22570642553671,27.03901044703207,10.404147540821256,16.634862906210813,2371.9915,2485.3315321642367,2258.6514678357635,0.09556529369033288,0.9571575374614143,34.53005124710693,2488.04,2266.93,2488.04,2266.93,-0.004123304919404491,0.025615318648266827,0.04845397063370038,0.015626474340828533
2020-11-13,2470.12,2495.77,2460.96,2493.87,1072383.0,2471.078,2418.647,2379.6085,2369.413333333333,2278.068666666667,2148.751583333333,68.27538658880691,31.562639627505177,14.63584595815804,16.926793669347138,2379.6085,2503.70193774346,2255.5150622565397,0.10429735626130103,0.9603849408871011,34.55004758659929,2488.79,2266.93,2488.79,2266.93,0.007371890677890791,0.03201738050900049,0.06506002485554307,0.03587969212748554
2020-11-16,2507.46,2546.37,2507.46,2543.03,1239135.0,2490.2439999999997,2442.934,2389.423,2372.659833333333,2282.6389166666663,2150.5085833333337,73.02441143609468,38.668700784542125,19.442416923434855,19.22628386110727,2389.423,2531.3354142701746,2247.510585729825,0.11878383548678896,1.0412035331439053,35.832187044699346,2495.77,2266.93,2495.77,2266.93,0.019712334644548468,0.039159038901601884,0.0836436929527773,0.08295148707116828
2020-11-17,2544.12,2556.09,2533.34,2539.15,1267494.0,2507.508,2462.518,2398.46,2375.6366666666663,2286.883666666667,2152.222333333333,72.10694594155612,43.485942992653236,24.251122137278532,19.234820855374704,2398.46,2553.7137842372595,2243.2062157627406,0.1294612244834264,0.9530968462095489,34.897745112935105,2546.37,2266.93,2546.37,2266.93,-0.0015257389806648813,0.03519200270707712,0.07663637789866917,0.07566489023697964
2020-11-18,2548.85,2553.95,2536.78,2545.64,923504.0,2519.462,2481.35,2407.199,2380.1603333333333,2291.1706666666664,2154.0016666666666,72.72424568819955,47.2822901016566,28.857355730154147,18.424934371502452,2407.199,2574.4661381831747,2239.9318618168254,0.13897242245711688,0.9138320339061242,33.63147760486829,2556.09,2266.93,2556.09,2266.93,0.002555973455683924,0.024043896100761408,0.07372008469500502,0.11934641327576045
2020-11-19,2536.89,2548.95,2529.53,2547.42,976483.0,2533.8219999999997,2494.7129999999997,2416.8175,2384.2074999999995,2295.494666666667,2155.916083333333,72.90138182336109,49.8598009123948,33.05784476660228,16.801956145792524,2416.8175,2592.8763409452617,2240.7586590547385,0.14569477500494896,0.8709058269916861,32.616372061663384,2556.09,2266.93,2556.09,2266.93,0.0006992347700383039,0.02900283565329098,0.08168404067854174,0.10536798302518013
2020-11-20,2544.06,2558.21,2539.79,2553.5,1129500.0,2545.748,2508.4129999999996,2426.452,2387.9353333333333,2299.8605000000002,2157.8393333333333,73.53363774820285,51.796029599869144,36.805481733255654,14.99054786661349,2426.452,2610.1214701467525,2242.782529853248,0.15138932906709238,0.8458604195310417,31.60234548583029,2556.09,2266.93,2556.09,2266.93,0.0023867285331826693,0.023910628861969485,0.08162029134068405,0.09600271264427018
2020-11-23,2560.04,2605.58,2553.7,2602.59,1649443.0,2557.66,2523.952,2439.386,2391.8663333333334,2304.3397499999996,2159.9998333333333,77.99733887623901,56.638761140199676,40.77213761464446,15.86662352555522,2439.386,2634.0847506277023,2244.6872493722976,0.15962930887338236,0.919119279075587,33.065035093985266,2558.21,2266.93,2558.21,2266.93,0.019224593694928682,0.023420879816596685,0.11036259924655822,0.0996564880658124
2020-11-24,2616.28,2628.52,2605.03,2617.76,1364506.0,2573.382,2540.445,2453.732,2396.0069999999996,2308.761166666666,2162.286791666667,79.1666681430425,60.99761051065525,44.817232193846614,16.180378316808635,2453.732,2656.4420949237306,2251.0219050762694,0.1652259455586271,0.9045876453802549,32.555389730129164,2605.58,2266.93,2605.58,2266.93,0.005828808994117418,0.030959179252899593,0.12309725249266368,0.10485708979791664
2020-11-25,2637.34,2642.26,2583.41,2601.54,1410104.0,2584.5620000000004,2552.0119999999997,2466.546,2400.2918333333337,2312.5489999999995,2164.540125,74.60147678144949,62.42363083781447,48.33851192264019,14.085118915174284,2466.546,2672.5819051621525,2260.510094837847,0.16706431192619367,0.8275982404468734,34.43357617797711,2628.52,2266.93,2628.52,2266.93,-0.006196137155430659,0.021959114407378966,0.1092757306226173,0.10965898185075407
2020-11-26,2605.73,2625.97,2592.43,2625.91,1387435.0,2600.26,2567.041,2481.5080000000003,2404.8269999999998,2316.505083333333,2166.8070416666665,76.76904623738378,64.7735484065247,51.62551921941709,13.148029187107603,2481.5080000000003,2688.2002017493337,2274.815798250667,0.1665859644613948,0.8493165169703004,34.3697493081216,2642.26,2266.93,2642.26,2266.93,0.009367528463909869,0.030811566212088914,0.12861299625645217,0.1156045543376667
2020-11-27,2624.8,2635.0,2618.47,2633.45,1196041.0,2616.25,2580.9990000000003,2499.823,2409.9483333333333,2320.26825,2169.0770416666664,77.41137138043156,66.47797330045478,54.59601003562463,11.881963264830148,2499.823,2691.6753213411466,2307.970678658853,0.15349272435780195,0.8482548427506069,33.09548150039864,2642.26,2266.93,2642.26,2266.93,0.0028713855387274556,0.03130996671235553,0.1615684890721829,0.13209696625783995
2020-11-30,2648.05,2648.66,2591.34,2591.34,1311831.0,2614.0,2585.83,2514.3820000000005,2413.9781666666668,2323.6603333333333,2171.132625,66.37359041155167,63.69656290908415,56.41612061031654,7.2804422987676105,2514.3820000000005,2686.607041222194,2342.156958777807,0.13699194571246,0.7234227945421523,34.82580425037015,2642.26,2267.95,2642.26,2266.93,-0.01599043080369844,-0.0043226170852881385,0.12659119365609373,0.10290906769381358
2020-12-01,2613.42,2638.87,2611.67,2634.25,1151129.0,2617.298,2595.34,2528.929,2418.476166666667,2327.371416666667,2173.33525,70.92326744728484,64.21452840975871,57.97580217020498,6.238726239553735,2528.929,2689.6633946888337,2368.1946053111665,0.12711657360790565,0.8276243401541135,35.73324680391512,2648.66,2315.3,2648.66,2266.93,0.016559000362746712,0.006299278772690986,0.12415770854048347,0.11414457128114464
2020-12-02,2645.88,2677.26,2644.53,2675.9,1076203.0,2632.1699999999996,2608.366,2544.8579999999997,2423.1428333333333,2331.3731666666667,2175.5792083333336,74.52604626388006,67.21105946117268,59.822853628398526,7.388205832774155,2544.8579999999997,2697.3400601381854,2392.375939861814,0.11983541725171756,0.9296964504586459,36.25301488934977,2648.66,2339.95,2648.66,2266.93,0.015810951883837854,0.028583070027752733,0.1351449951639998,0.11686631328519548
2020-12-03,2686.38,2696.22,2672.85,2696.22,817065.0,2646.232,2623.246,2558.9795,2428.609,2335.701833333333,2177.77075,76.08305511924243,70.41379963580039,61.9410428298789,8.472756805921485,2558.9795,2712.6005874163598,2405.35841258364,0.1200643361280228,0.9466850948269765,35.33279954011049,2677.26,2370.85,2677.26,2266.93,0.007593706790238741,0.026775479738452512,0.11700686472311173,0.13848622400506705
2020-12-04,2705.34,2742.77,2705.34,2731.45,1778896.0,2665.832,2641.041,2574.727,2434.3961666666664,2340.69475,2180.1178333333332,78.53291591139804,74.93100291067003,64.53903484603713,10.391968064632906,2574.727,2731.2410139539725,2418.2129860460273,0.12157717222367467,1.0006676272646384,36.134028144388324,2696.22,2404.97,2696.22,2266.93,0.013066441165780152,0.03721354117222653,0.13033312642251182,0.1456367281542812
2020-12-07,2738.11,2754.01,2711.42,2745.44,1499265.0,2696.652,2655.326,2589.639,2440.1216666666664,2346.6499166666667,2182.4085,79.43382106109414,78.73221911849441,67.3776717005286,11.354547417965819,2589.639,2751.4510023854345,2427.8269976145657,0.12496877162062699,0.9814259687266079,36.59516899121775,2742.77,2434.52,2742.77,2266.93,0.005121821743030441,0.05946730263107125,0.12186989212160837,0.1430236769903952
2020-12-08,2745.13,2747.45,2700.92,2700.93,1415239.0,2709.9880000000003,2663.6429999999996,2602.044,2445.540333333333,2351.340583333333,2184.5175416666666,69.44786855224443,77.26249142811776,69.35463564604643,7.907855782071323,2602.044,2757.9330145455524,2446.1549854544473,0.11982042928217397,0.8171679553183151,37.304799777559325,2754.01,2435.59,2754.01,2266.93,-0.016212337548808242,0.025312707601784057,0.10114846931911292,0.13684595990420112
2020-12-09,2703.3,2755.47,2703.3,2755.47,1252304.0,2725.902,2679.036,2615.524,2451.5235,2356.46075,2186.8463333333334,73.79506573298798,79.5812803723743,71.399964591312,8.181315781062295,2615.524,2775.47140102916,2455.5765989708398,0.12230620023303944,0.9374750671143642,38.53588550773366,2754.01,2459.5,2754.01,2266.93,0.020193044617965006,0.029735789827721515,0.10845297622160444,0.14979887167846173
2020-12-10,2750.34,2765.46,2718.7,2746.46,1227651.0,2735.95,2691.091,2629.066,2457.3530000000005,2361.568916666666,2189.1058333333335,71.97313203520079,79.77233974041201,73.074439621132,6.697900119280007,2629.066,2785.15523542635,2472.9767645736497,0.1187412072776797,0.8760477129615769,39.12332225718127,2755.47,2460.96,2755.47,2266.93,-0.003269859588382329,0.018633494299426623,0.10940289705205175,0.14593877389232657
2020-12-11,2754.16,2781.04,2754.16,2770.06,1215239.0,2743.672,2704.752,2642.8754999999996,2463.0555000000004,2366.8084166666663,2191.465625,73.79792196507279,80.89556471832793,74.63866464057119,6.25690007775674,2642.8754999999996,2797.540655025242,2488.2103449747574,0.11704308812521988,0.9111608072912191,38.79879923881117,2765.46,2460.96,2765.46,2266.93,0.00859287956132615,0.014135349356568794,0.11074755299995598,0.14092367509504067
2020-12-14,2769.43,2782.79,2755.29,2762.2,1113630.0,2747.024,2721.838,2653.834,2468.365833333333,2372.104,2193.849458333333,72.11388194087024,80.22668896349523,75.756269505156,4.4704194583392365,2653.834,2809.701885646729,2497.9661143532708,0.11746619091226435,0.8476213190111817,37.99174215032466,2781.04,2507.46,2781.04,2266.93,-0.0028374836646137824,0.006104668104201849,0.08618459082275853,0.1303906563321029
2020-12-15,2763.65,2769.37,2735.08,2756.82,1093522.0,2758.2019999999998,2734.0950000000003,2664.7174999999997,2473.7141666666666,2377.3171666666667,2196.1781666666666,70.92091875388579,78.35920295656388,76.27685619543757,2.0823467611263027,2664.7174999999997,2817.3993088541706,2512.035691145829,0.11459511851006411,0.8016158267026072,37.727331996730044,2782.79,2529.53,2782.79,2266.93,-0.0019477228296284066,0.020692872455043476,0.08572553807376493,0.13173667443922632
2020-12-16,2763.64,2781.08,2761.5,2771.79,1166637.0,2761.466,2743.6839999999997,2676.025,2479.8078333333333,2382.402833333333,2198.543083333333,72.29433130612794,77.19727855846531,76.46094066804312,0.7363378904221918,2676.025,2825.2138413386915,2526.8361586613087,0.11150033451757096,0.8209522881895446,36.76537971124931,2782.79,2529.53,2782.79,2266.93,0.0054301695431693275,0.005922764537447334,0.08883817036187369,0.1519510259042378
2020-12-17,2769.89,2772.71,2742.25,2770.43,1015484.0,2766.2599999999998,2751.105,2687.1755000000003,2485.775,2387.8866666666668,2200.9295833333335,71.96180640011139,75.29870783564229,76.22849410156296,-0.9297862659206686,2687.1755000000003,2829.4238299690405,2544.92717003096,0.10587200573169875,0.7926378819987537,36.314995446160076,2782.79,2529.53,2782.79,2266.93,-0.0004906576616554581,0.008727598435804618,0.08754347535938312,0.1484123694246393
2020-12-18,2770.95,2782.15,2762.8,2772.18,1059143.0,2766.6839999999997,2755.178,2698.1095,2492.154833333333,2393.199416666667,2203.417125,72.13938655590977,73.09271985809573,75.60133925286951,-2.508619394773774,2698.1095,2830.878860542938,2565.340139457062,0.09841658431056123,0.7789442522623476,35.10321005714864,2782.79,2539.79,2782.79,2266.93,0.0006316708958538086,0.0007653263828220069,0.08563931858233786,0.16020406882091254
2020-12-21,2771.98,2780.24,2747.09,2778.65,1139513.0,2769.974,2758.499,2706.9124999999995,2499.589166666666,2398.9091666666664,2205.92625,72.82466985336197,71.04754158670676,74.69057971963696,-3.643038132930201,2706.9124999999995,2836.4898564901687,2577.3351435098302,0.09573811971400571,0.7768134107036024,34.963695053066566,2782.79,2553.7,2782.79,2266.93,0.0023339032818938676,0.005955397871262091,0.06764799680318445,0.19122949168092118
2020-12-22,2772.03,2774.22,2733.64,2733.68,1260761.0,2765.346,2761.7740000000003,2712.7084999999997,2506.2631666666666,2404.120416666666,2208.3371249999996,61.50149012176221,65.04818491725109,72.7621007591598,-7.713915841908701,2712.7084999999997,2836.0356381772085,2589.381361822791,0.09092546300290562,0.5850238654280057,35.68128826356183,2782.79,2583.41,2782.79,2266.93,-0.016184118186889362,-0.008393729006609174,0.04428213434386641,0.17162400781745557
2020-12-23,2737.74,2769.08,2716.28,2759.82,1121346.0,2762.952,2762.209,2720.6225,2514.381833333333,2409.5630833333335,2210.7716250000003,64.9162721631647,61.69178655893393,70.54803791911462,-8.856251360180693,2720.6225,2834.338237850924,2606.906762149076,0.08359538146209122,0.672348615683197,36.90405338759311,2782.79,2583.41,2782.79,2266.93,0.009562201867080455,-0.0043185089779528285,0.060840886551811746,0.2143353720244645
2020-12-24,2762.6,2812.16,2762.6,2806.86,1030890.0,2770.238,2768.2490000000003,2729.6699999999996,2523.183,2415.1588333333334,2213.5030833333335,70.06241913937626,62.11156805530709,68.86074394635313,-6.749175891046036,2729.6699999999996,2840.562424267755,2618.7775757322443,0.08124969264984806,0.848040005932332,38.00662100276501,2782.79,2591.34,2782.79,2266.93,0.01704458986455637,0.013149583277686228,0.0689094447258285,0.23173263003611577
2020-12-28,2820.95,2834.59,2799.56,2808.6,1006249.0,2777.522,2772.103,2738.4275000000002,2531.525,2420.6270833333333,2216.095375,70.2363311336202,61.87143597348813,67.46288235178012,-5.591446378291991,2738.4275000000002,2845.1265432711543,2631.728456728846,0.07792723617561836,0.828833782612607,37.794005216853236,2812.16,2591.34,2812.16,2266.93,0.00061990979243709,0.0131376750427461,0.06650971159505592,0.21685556826453145
2020-12-29,2810.55,2823.44,2792.06,2820.51,1046839.0,2785.894,2777.934,2749.8859999999995,2539.735333333333,2425.8985833333336,2218.6542083333334,71.458515126851,61.92829618319092,66.35596511806229,-4.427668934871363,2749.8859999999995,2838.6556895115627,2661.1163104884363,0.06456245059727075,0.8977934382140716,37.33586198707801,2834.59,2591.34,2834.59,2266.93,0.004240546891689956,0.015064869630935895,0.08843687049943272,0.21161652827238409
2020-12-30,2820.36,2878.21,2809.35,2873.47,1074033.0,2813.8520000000003,2789.5989999999997,2761.8469999999998,2548.3265,2431.8094166666665,2221.3384166666665,76.14863790004391,65.49183855622687,66.1831398056952,-0.6913012494683386,2761.8469999999998,2849.5285818971065,2674.165418102893,0.06349488722373597,1.1365247842527992,39.58758613085816,2834.59,2611.67,2834.59,2266.93,0.018776746049473214,0.05113619736033481,0.09081142640220174,0.21860474978795574
2021-01-04,2874.5,2946.54,2869.11,2944.45,1026510.0,2850.778,2806.865,2775.2745000000004,2557.969,2438.3558333333335,2224.278291666667,80.72120625811776,73.1996641925798,67.58644468307213,5.6132195095076725,2775.2745000000004,2885.539011693377,2665.009988306624,0.07946205803669246,1.267134853281003,42.29061569293972,2878.21,2644.53,2878.21,2266.93,0.024701841327732676,0.06689929053344046,0.10035875780111359,0.24453696267805047
2021-01-05,2943.67,2990.57,2921.84,2990.57,1519911.0,2887.5199999999995,2828.879,2789.992,2568.0295,2445.2114166666665,2227.44325,83.00152227845906,82.08346303368126,70.48584835319396,11.597614680487297,2789.992,2928.960884949036,2651.0231150509644,0.09961955801237837,1.2216651413500157,44.17914314344402,2946.54,2672.85,2946.54,2266.93,0.015663366672893142,0.06545036090150558,0.10917135842030712,0.25288863565904474
2021-01-06,2993.34,3027.16,2961.37,2968.21,1793418.0,2919.442,2848.482,2801.83,2577.6336666666666,2452.02775,2230.4439166666666,78.17378628457332,86.32457650709557,73.65359398397428,12.670982523121296,2801.83,2958.094826368502,2645.565173631498,0.11154483060606951,1.0323654845001546,45.72277577605516,2990.57,2700.92,2990.57,2266.93,-0.007476835519650171,0.0568290251370791,0.08667923630306262,0.240911219251158
2021-01-07,2980.75,3055.28,2980.75,3031.68,1524654.0,2961.6760000000004,2873.785,2816.1420000000003,2588.0995,2459.0745833333335,2233.6985416666666,81.46870436843498,93.7267642539914,77.6682280379777,16.058536216013707,2816.1420000000003,2999.252897174302,2633.031102825699,0.13004379550058306,1.088544983739638,48.676148934908376,3027.16,2700.92,3027.16,2266.93,0.021383257923125232,0.07486943850580197,0.10426015502068875,0.26123982310825244
2021-01-08,3040.11,3161.11,3040.11,3152.18,1297903.0,3017.4179999999997,2915.6349999999998,2838.7045000000003,2600.5833333333335,2467.146,2237.4049583333335,85.83940416690149,108.07062343741154,83.74870711786447,24.32191631954707,2838.7045000000003,3065.4706384311535,2611.938361568847,0.15976734347034233,1.1911867489756889,54.44428115384351,3055.28,2700.92,3055.28,2266.93,0.03974693899092263,0.0969942264927075,0.16707208257896355,0.3116867444812017
2021-01-11,3161.9,3266.23,3096.19,3148.45,1712525.0,3058.218,2954.498,2858.3535,2613.3828333333336,2475.0340833333335,2241.1914583333332,85.16977071660203,117.77956583539117,90.55487886136982,27.224686974021353,2858.3535,3118.510005378929,2598.1969946210716,0.18203242207720535,1.0575422755188502,62.70111821428326,3161.11,2703.3,3161.11,2266.93,-0.0011833080598189216,0.0692828881454941,0.14261813774056686,0.3226114061029708
2021-01-12,3145.87,3154.79,3047.56,3125.95,1390617.0,3085.294,2986.407,2877.328,2626.1285000000003,2482.8856666666666,2244.7693749999994,81.06182053331477,122.2491980180198,96.89374269269982,25.35545532531998,2877.328,3156.7180982210643,2597.9379017789356,0.194201076986054,0.9449370281606766,65.88175262754875,3266.23,2716.28,3266.23,2266.93,-0.007146373612412438,0.04526896210421416,0.13817423155625774,0.323876317650696
2021-01-13,3128.26,3164.37,3109.63,3148.29,1578042.0,3121.31,3020.3759999999997,2896.2395,2639.5744999999997,2490.7781666666665,2248.528375,81.99062371919683,126.14000160249543,102.74299447465896,23.397007127836474,2896.2395,3194.5866869801616,2597.8923130198386,0.2060238367580868,0.9224113901512332,65.0859131541524,3266.23,2716.28,3266.23,2266.93,0.00714662742526273,0.06066956178976546,0.13654216876168745,0.344543952031364
2021-01-14,3148.65,3159.03,3128.72,3149.93,1233182.0,3144.96,3053.3179999999998,2915.6259999999997,2652.9610000000002,2498.70925,2252.583416666667,82.06018200391877,127.88168530426447,107.77073264058006,20.1109526636844,2915.6259999999997,3226.7307330015647,2604.521266998435,0.21340510271314972,0.8765677200398322,62.60191935742725,3266.23,2716.28,3266.23,2266.93,0.0005209177045315538,0.03900477622968124,0.1403699949315762,0.3422577703537675
2021-01-15,3153.84,3189.9,3085.9,3085.9,1331079.0,3131.704,3074.561,2932.08,2665.085833333333,2505.8514999999998,2256.336,70.5957376778306,122.68110489619994,110.75280709170404,11.928297804495898,2932.08,3242.6568766665905,2621.5031233334093,0.21184747801328108,0.7476359503175899,65.55892511761101,3266.23,2716.28,3266.23,2266.93,-0.02032743584778063,-0.021026718017371993,0.11936941838785264,0.30846629720871266
2021-01-18,3079.9,3079.9,3003.89,3013.93,1472048.0,3104.8,3081.509,2944.187,2675.8036666666667,2512.3954166666667,2259.9440416666666,60.38409158084139,111.46730423579356,110.89570652052195,0.5715977152716079,2944.187,3247.6223081036787,2640.751691896321,0.20612502405837593,0.6149223543493658,66.73400189492453,3266.23,2716.28,3266.23,2266.93,-0.023322207459736344,-0.04272578570407659,0.08735871043621635,0.27123912841753617
2021-01-19,3013.05,3107.0,3011.32,3092.66,1353312.0,3098.142,3091.718,2960.2985,2688.0971666666665,2519.699333333333,2264.0009166666664,66.15206085338066,107.69173614874262,110.25491244616609,-2.5631762974234675,2960.2985,3259.3055430792124,2661.2914569207874,0.20201141410517387,0.7213350873560108,68.8015731881442,3266.23,2716.28,3266.23,2266.93,0.02612203999429319,-0.010649562532989987,0.11631046444053816,0.3132035413260863
2021-01-20,3115.04,3145.01,3077.15,3114.55,1192695.0,3091.394,3106.352,2977.417,2700.6594999999998,2527.316916666666,2268.1495416666667,67.5660415125366,105.2526245574777,109.25445486842843,-4.001830310950723,2977.417,3270.5279528556953,2684.3060471443046,0.19688941982644378,0.7339267752773362,68.73431796041963,3266.23,2716.28,3266.23,2266.93,0.007078049316769475,-0.010716928872498976,0.12350208139442609,0.319271775365235
2021-01-21,3123.27,3163.21,3123.27,3160.84,1360065.0,3093.576,3119.268,2996.5265,2714.275,2535.1750833333335,2272.328458333334,70.38358025632814,105.83482915625882,108.5705297259945,-2.735700569735684,2996.5265,3285.110065108918,2707.9429348910817,0.1926120560648593,0.7846896356311636,67.30043810610394,3266.23,2716.28,3266.23,2266.93,0.014862500200671036,0.0034635690316928702,0.13754521080380755,0.3485330068134016
2021-01-22,3163.83,3185.26,3140.6,3140.63,1111222.0,3104.522,3118.1130000000003,3016.8740000000003,2727.7715,2542.53875,2276.390958333334,67.6216083771221,103.47268370907932,107.55096052261148,-4.078276813532156,3016.8740000000003,3285.127421704128,2748.6205782958723,0.1778353499046549,0.7306699374304672,65.68326395566797,3266.23,2716.28,3266.23,2266.93,-0.006393869983928324,0.017735506659321443,0.1488652658687193,0.34742410461464535
2021-01-25,3144.01,3212.22,3142.8,3208.99,1093652.0,3143.5339999999997,3124.167,3039.3325,2742.1670000000004,2550.4206666666664,2280.478666666667,71.6710798352616,105.89604344466079,107.21997710702135,-1.3239336623605595,3039.3325,3292.529500525228,2786.135499474772,0.1666135577632443,0.8350306276299976,66.10517367312023,3266.23,2716.28,3266.23,2266.93,0.0217663335063345,0.06471948585401788,0.16275336797327355,0.3682875246241353
2021-01-26,3203.96,3209.18,3132.67,3140.31,873023.0,3153.064,3125.603,3056.005,2755.7276666666667,2557.698166666667,2284.3468333333335,63.12863149308517,101.10914815550495,105.99781131671807,-4.888663161213117,3056.005,3288.8728391276304,2823.13716087237,0.15240016893141883,0.6810146912425161,66.84837555361163,3266.23,2762.6,3266.23,2266.93,-0.021402372709170114,0.015407448604114249,0.11879823005066159,0.34970150472563777
2021-01-27,3143.46,3182.53,3118.89,3122.56,924582.0,3154.666,3123.03,3071.703,2769.9845,2564.9747500000003,2288.1863749999998,61.101675648292584,94.79053619784145,103.75635629294275,-8.965820095101307,3071.703,3276.363178061027,2867.042821938973,0.13325518649493598,0.6242474243935111,66.61920587121082,3266.23,2792.06,3266.23,2266.93,-0.005652308211609669,0.0025718000995327284,0.11178523107598104,0.3773063096839644
2021-01-28,3114.98,3114.98,3046.64,3069.05,1310454.0,3136.308,3114.942,3084.13,2782.7993333333334,2571.7915,2291.711083333333,55.33363404914242,84.49121872448313,99.90332877925084,-15.412110054767709,3084.13,3253.3927844506024,2914.8672155493978,0.10976371582948989,0.4554538818177103,67.2835483089815,3266.23,2792.06,3266.23,2267.95,-0.017136580241852717,-0.029039748927500275,0.08811881539154265,0.3342767459654983
2021-01-29,3078.73,3100.22,2962.7,2976.21,995071.0,3103.424,3103.973,3089.267,2793.3476666666666,2577.5935000000004,2294.785375,47.03703559813337,68.05305012029112,93.53327304745889,-25.480222927167773,3089.267,3237.584744332804,2940.9492556671958,0.09602131789372953,0.11886893402883794,72.30043771548281,3266.23,2809.35,3266.23,2315.3,-0.03025040321923722,-0.052352553468571594,0.035754679881815354,0.27008803786097446
2021-02-01,2976.81,3056.87,2947.24,3056.53,969262.0,3072.9320000000002,3108.2329999999997,3094.871,2805.001166666667,2583.799083333333,2298.2169166666663,53.52886906745538,60.80590320680358,86.98779907932783,-26.18189587252425,3094.871,3228.6337883829087,2961.1082116170915,0.08644159215870945,0.35668286201448957,74.96683502151977,3266.23,2869.11,3266.23,2339.95,0.026987342963030292,-0.04751027581887124,0.03806483383993631,0.29661225459420026
2021-02-02,3065.56,3138.95,3065.56,3096.81,887313.0,3064.232,3108.648,3100.183,2816.384833333333,2590.084083333333,2301.772,56.41416835175322,57.648213708124786,81.11988200508722,-23.471668296962434,3100.183,3225.1014790332106,2975.2645209667894,0.08058780983781318,0.486499195210729,75.49920394855405,3266.23,2921.84,3266.23,2370.85,0.01317834276123575,-0.013852135617184236,0.03552500025078831,0.2829657923845903
2021-02-03,3108.42,3142.26,3091.85,3129.68,901788.0,3065.656,3110.161,3108.2565,2828.2711666666664,2596.5674999999997,2305.469958333333,58.66931680479391,57.13938901590518,76.32378340725082,-19.184394391345634,3108.2565,3217.9585549076924,2998.5544450923076,0.0705875174122164,0.5976440232501864,73.70711795222878,3266.23,2947.24,3266.23,2404.97,0.010614148107245702,0.00228018036482891,0.05439978977228699,0.29512931926339747
2021-02-04,3135.02,3135.02,3068.46,3087.55,1460945.0,3069.3559999999998,3102.832,3111.05,2838.9436666666666,2602.4105833333333,2309.131083333333,54.75858145957694,52.728778342332134,71.60478239426709,-18.876004051934956,3111.05,3215.5310319626024,3006.568968037398,0.06716769705572213,0.3875393956272773,73.19660952706958,3266.23,2947.24,3266.23,2434.52,-0.013461440147235382,0.006027923950408187,0.018428725986911587,0.26166639424648586
2021-02-05,3098.49,3124.62,3081.78,3120.63,1193486.0,3098.2400000000002,3100.832,3109.4725,2850.073666666666,2608.2602500000003,2312.9239583333333,57.17253280190001,51.311134329221204,67.54605278125791,-16.23491845203671,3109.4725,3212.3624991008373,3006.5825008991624,0.06617842679157798,0.5542205272500067,71.02828027513601,3266.23,2947.24,3266.23,2435.59,0.010713996534469139,0.048524801677301,-0.010008946189621115,0.2722569440197651
2021-02-08,3113.63,3128.54,3085.59,3091.24,1277207.0,3105.182,3089.057,3106.612,2860.1631666666663,2613.7509999999997,2316.6562083333333,54.395542402387896,47.27120087930007,63.49108240086635,-16.21988152156628,3106.612,3208.180980422029,3005.0430195779713,0.06538890625673804,0.42432729000464425,69.022688826912,3266.23,2947.24,3266.23,2459.5,-0.009417970089373062,0.011356014827271332,-0.018170845971827387,0.24352439990828167
2021-02-09,3102.25,3129.66,3084.67,3084.67,2145388.0,3102.754,3083.493,3104.548,2870.314,2619.1438333333335,2320.497166666667,53.76683026154291,43.04320514640722,59.401506949974525,-16.358301803567308,3104.548,3206.138924909514,3002.9570750904854,0.06544651582743405,0.40216645818657143,67.30606819641828,3212.22,2947.24,3266.23,2460.96,-0.0021253606966782357,-0.003920163006448485,-0.013205585502007344,0.246019179033939
2021-02-10,3088.13,3111.88,3064.25,3100.58,2152916.0,3096.934,3081.295,3102.1625,2880.4258333333332,2624.919583333334,2324.753583333333,55.119632862821845,40.50932580985091,55.6230707219498,-15.113744912098895,3102.1625,3201.7538152587645,3002.5711847412354,0.06420767142840812,0.49205503012040647,65.90063475381699,3212.22,2947.24,3266.23,2460.96,0.00515776403958923,-0.009298075202576639,-0.015154258343418214,0.24328052384446663
2021-02-15,3108.7,3156.56,3108.7,3147.0,1604653.0,3108.824,3089.0899999999997,3102.016,2890.4919999999997,2631.5759166666667,2329.101041666667,58.89847170404265,41.76546791585588,52.85155016073102,-11.086082244875143,3102.016,3201.334063291481,3002.697936708519,0.06403452676677421,0.7264643434899644,65.1920179856872,3212.22,2947.24,3266.23,2507.46,0.014971392449154797,0.019254748910948694,-0.0009301794008120812,0.23750014746188586
2021-02-16,3151.85,3180.94,3145.84,3163.25,1944395.0,3117.348,3107.794,3105.8835,2900.8936666666664,2638.2651666666666,2333.6280416666664,60.16298012135401,43.56996138448221,50.99523240548126,-7.425271020999048,3105.8835,3208.3638538780506,3003.4031461219492,0.06599111259520885,0.7798902317817176,63.04258812956668,3212.22,2947.24,3266.23,2529.53,0.005163647918652758,0.013657498646106658,0.025065621050584852,0.24579091428233846
2021-02-17,3162.95,3162.95,3115.48,3133.73,1784126.0,3125.846,3115.514,3111.8735,2910.6951666666664,2645.4277500000003,2338.123208333333,56.74745254996852,42.13234274725801,49.22265447383661,-7.090311726578605,3111.8735,3205.802722348374,3017.944277651626,0.060368278047532434,0.6163455815642566,61.95168897745477,3212.22,2947.24,3266.23,2529.53,-0.009332174187939635,0.01374529315096873,0.039748766560603555,0.23101852579312077
2021-02-18,3131.74,3140.4,3086.66,3086.66,1860566.0,3126.2439999999997,3114.499,3111.5735,2919.6825000000003,2651.9449999999997,2342.7050833333333,51.706780096928014,36.77099090615911,46.73232176030112,-9.961330854142005,3111.5735,3205.784174612648,3017.362825387352,0.06055500512049472,0.3677777220976642,61.36513976477945,3212.22,2947.24,3266.23,2529.53,-0.01502043890188376,0.0006451257346813399,-0.0019400774737604598,0.21168083786733227
2021-02-19,3089.96,3109.67,3040.28,3107.62,3455504.0,3127.6519999999996,3112.293,3111.227,2928.9178333333334,2658.4265833333334,2347.309708333333,53.67985590747186,33.82348173257833,44.15055375475656,-10.327072022178228,3111.227,3205.442312364659,3017.011687635341,0.060564730483927395,0.4808576763719727,61.93834406729519,3212.22,2947.24,3266.23,2539.79,0.006790511426590484,0.0022705429306775216,-0.0022250405355509484,0.21700411200313297
2021-02-22,3114.03,3142.48,3079.16,3079.75,1831955.0,3114.2019999999998,3111.513,3107.1724999999997,2936.8704999999995,2664.3684166666667,2351.7497083333337,50.71293009182273,28.905479026980174,41.10153880920128,-12.196059782221106,3107.1724999999997,3199.458141109386,3014.8868588906134,0.05940168504283959,0.35142596578217533,62.03703377677412,3212.22,2947.24,3266.23,2553.7,-0.0089682779747845,-0.021369558309501158,-0.025654572835069223,0.1833404416369846
2021-02-23,3069.26,3094.29,3035.46,3070.09,2357758.0,3095.5699999999997,3106.459,3103.6454999999996,2944.4093333333335,2670.2081666666663,2355.961208333333,49.6878208763062,23.95233754507899,37.671698556376825,-13.719361011297835,3103.6454999999996,3195.9386315915244,3011.352368408475,0.059474016340799754,0.3182123662868491,61.80795993557597,3212.22,2947.24,3266.23,2583.41,-0.0031366182319992886,-0.029450723148660374,-0.022460461754488792,0.17279276939062393
2021-02-24,3070.58,3092.05,2993.46,2994.98,1560930.0,3067.82,3096.833,3092.945,2950.9666666666667,2675.6292499999995,2359.7517083333328,42.49506598989027,13.807029118574064,32.89876466881627,-19.091735550242205,3092.945,3183.5108035903786,3002.3791964096217,0.058562828366090204,-0.040849835789497635,64.43524851160628,3212.22,2947.24,3266.23,2583.41,-0.024465080828249386,-0.04427630970121865,-0.06669076563030729,0.15123350015759907
2021-02-25,3026.47,3099.8,3026.47,3099.69,1280086.0,3070.4260000000004,3098.335,3090.914,2958.863,2681.845,2364.166166666667,52.76143921501757,14.054015062268718,29.12981474750676,-15.075799685238042,3090.914,3178.925790664496,3002.9022093355043,0.05694871527612605,0.5498569562881311,67.31987361792012,3209.18,2947.24,3266.23,2591.34,0.0349618361391395,0.004221391406892927,-0.012935028707356855,0.18042507168943356
2021-02-26,3089.49,3089.49,2988.28,3012.95,1361310.0,3051.492,3089.572,3085.4335,2965.188,2687.5681666666665,2368.57525,45.51272871478789,7.1679326527728335,24.73743832855998,-17.569505675787145,3085.4335,3178.3921734574637,2992.4748265425364,0.06025647511603387,0.11013051658290106,70.46916835949725,3182.53,2947.24,3266.23,2591.34,-0.02798344350564097,-0.030463827623712025,-0.0351026081164173,0.1441075395393876
2021-03-02,3021.68,3096.5,3020.74,3043.87,1749871.0,3044.316,3079.259,3084.1745,2972.7301666666667,2693.3541666666665,2373.079166666667,48.24247553316265,4.157720706270538,20.621494804102092,-16.463774097831553,3084.1745,3178.65622171892,2989.6927782810803,0.0612687263440637,0.2867074219926641,71.40351347667603,3180.94,2947.24,3266.23,2591.34,0.010262367447186227,-0.011650296290283357,-0.008204493247096156,0.17463165775235967
2021-03-03,3041.2,3083.04,3029.37,3082.99,2236687.0,3046.8959999999997,3071.233,3089.5135,2980.2091666666665,2699.3426666666664,2377.973833333333,51.54972959778165,4.872594871189449,17.471714817519562,-12.599119946330113,3089.5135,3170.0230647173125,3009.0039352826875,0.05211795625253783,0.45948618016439574,70.13683394262775,3180.94,2947.24,3266.23,2611.67,0.012852060041985913,0.004201831216674279,0.03587784464133903,0.17034829647907368
2021-03-04,3076.88,3076.88,3022.54,3043.49,1278951.0,3056.5979999999995,3062.209,3088.8615,2986.3356666666664,2704.73925,2383.012,48.20061812234329,2.226156169958813,14.422603088007413,-12.1964469180486,3088.8615,3170.630319552267,3007.092680447733,0.05294430945011093,0.2225623394807688,69.44491723244005,3180.94,2947.24,3266.23,2644.53,-0.012812237470766985,0.016197103152608694,-0.004266275809496567,0.13737060428267123
2021-03-05,3036.16,3036.98,2982.45,3026.26,1187225.0,3041.9120000000003,3056.1690000000003,3085.334,2991.836333333333,2710.2226666666666,2388.2404166666665,46.773129977775255,-1.2471067004635188,11.288661130313228,-12.535767830776747,3085.334,3171.400954494575,2999.2670455054244,0.05579101289816622,0.15681369611072435,68.84456600155147,3180.94,2988.28,3266.23,2672.85,-0.005661263877982048,-0.02368946572076558,-0.02278150742215368,0.12240840880937043
2021-03-08,3031.99,3055.65,2992.64,2996.11,1928301.0,3038.544,3045.018,3078.6555,2996.2473333333332,2715.3217500000005,2393.5789583333335,44.30073659697164,-6.35924021204255,7.759080861842073,-14.118321073884623,3078.6555,3170.459541844418,2986.851458155582,0.05963904817828299,0.05042556764607847,68.42781128715495,3180.94,2982.45,3266.23,2700.92,-0.009962792357563477,-0.005589206591546381,-0.04267848470131119,0.09689359131596786
2021-03-09,2989.96,3000.49,2929.36,2976.12,1534217.0,3024.9939999999997,3034.6549999999997,3073.084,3000.0919999999996,2720.1068333333333,2399.0109583333333,42.68952484459413,-11.88664692097791,3.829935305278077,-15.716582226255987,3073.084,3175.018778049358,2971.1492219506417,0.06634037862249005,0.02438214976517262,68.62082476664386,3180.94,2982.45,3266.23,2700.92,-0.006671984673459974,-0.022257849382529504,-0.03609010380398703,0.08402296171105528
2021-03-10,2980.76,3013.95,2951.53,2958.12,905646.0,3000.0199999999995,3023.4579999999996,3064.9584999999997,3004.3785000000003,2724.9594166666666,2404.7064583333336,41.23522345091261,-17.51767329497534,-0.4395864147726063,-17.078086880202733,3064.9584999999997,3175.9441919200494,2953.97280807995,0.07242231300688065,0.018683453012291705,68.17790871188356,3180.94,2929.36,3266.23,2700.92,-0.006048143220031443,-0.04050288842973859,-0.05207602311071813,0.09522275660605795
2021-03-11,2964.3,3028.37,2964.3,3013.7,1349204.0,2994.0620000000004,3025.33,3061.0815,3008.682333333333,2730.102916666667,2411.1900416666667,47.214868782343366,-17.296082296882105,-3.810885591194506,-13.4851967056876,3061.0815,3173.5316783501135,2948.631321649886,0.0734708816802909,0.28932225499688563,68.3259152324633,3180.94,2929.36,3266.23,2703.3,0.018788960556028744,-0.009788105103023192,-0.025083785147707705,0.09371540971231762
2021-03-12,3030.73,3061.43,3030.73,3054.39,1669085.0,2999.6879999999996,3020.8,3059.5675,3013.8145,2735.58375,2417.3910416666668,51.13507910007306,-13.679438839153136,-5.784596240786232,-7.894842598366903,3059.5675,3171.520818820714,2947.6141811792863,0.07318244740193754,0.47687652293590477,66.8547784301445,3180.94,2929.36,3266.23,2716.28,0.013501675681056424,0.00929530179165039,-0.009816285048319662,0.11211887302199908
2021-03-15,3057.06,3065.17,3036.14,3045.71,1161784.0,3009.608,3024.076,3056.824,3018.4086666666667,2740.7320833333333,2423.9045833333334,50.277278701534456,-11.382416884076065,-6.904160369444199,-4.478256514631866,3056.824,3167.302230688098,2946.345769311902,0.07228301707137731,0.44970049786832184,64.15300854227706,3180.94,2929.36,3266.23,2716.28,-0.002841811294562846,0.016554799389875585,-0.017696689006572952,0.09951047991740247
2021-03-16,3049.23,3071.54,3049.23,3067.17,1123921.0,3027.818,3026.406,3052.8325,3023.4915000000005,2745.9286666666667,2429.97625,52.403165137613236,-7.74113282372673,-7.071554860300705,-0.6695779634260246,3052.8325,3155.4813037678605,2950.1836962321395,0.06724823832808416,0.5698376380129292,61.41565078925727,3180.94,2929.36,3266.23,2716.28,0.00704597614349356,0.030593524454659127,-0.02536701620591042,0.1104083701397438
2021-03-17,3067.76,3069.57,3027.2,3047.5,814990.0,3045.6940000000004,3022.857,3047.045,3028.336166666667,2751.0251666666663,2435.5710000000004,50.281144272321384,-6.3691737129265675,-6.931078630825878,0.5619049178993105,3047.045,3136.32029635892,2957.76970364108,0.0585979507089131,0.5025482973373209,60.05524716145321,3180.94,2929.36,3266.23,2716.28,-0.006413077853526183,0.030215136640839413,-0.03659211254248007,0.10544032617290933
2021-03-18,3054.93,3090.19,3054.93,3066.01,1232596.0,3056.156,3025.109,3043.659,3033.239833333333,2756.523833333333,2441.320041666667,52.241043328640195,-3.745112600898665,-6.293885424840436,2.5487728239417713,3043.659,3124.239983835972,2963.078016164028,0.05295007347141838,0.6386865668300669,58.81487236420656,3162.95,2929.36,3266.23,2716.28,0.006073831009023811,0.017357401201181455,-0.021610030219578524,0.10614801265608165
2021-03-19,3063.01,3063.01,3022.49,3039.53,1068468.0,3053.184,3026.436,3041.3025000000002,3037.724833333333,2761.7499166666666,2446.827541666667,49.2500496382184,-3.7589095917496707,-5.786890258222283,2.0279806664726125,3041.3025000000002,3119.4349203834317,2963.1700796165687,0.05138089380022638,0.48865707736109054,57.72238148104898,3142.48,2929.36,3266.23,2716.28,-0.008636631974455411,-0.004865128552673292,-0.015268931466374536,0.09713293604241957
2021-03-22,3040.01,3048.11,3019.6,3035.46,915739.0,3051.134,3030.371,3037.6945,3042.1128333333336,2767.1338333333333,2452.320625,48.78769516000284,-4.051554988094267,-5.4398232041966805,1.3882682161024134,3037.6945,3109.665530692727,2965.7234693072733,0.04738529874727482,0.4844763929424604,55.63578280383121,3142.48,2929.36,3266.23,2716.28,-0.001339022809447532,-0.0033653893509231203,-0.02322034225548808,0.09497218795316331
2021-03-23,3038.25,3058.79,3003.05,3004.74,1331209.0,3038.648,3033.2329999999997,3033.944,3045.8810000000003,2772.735083333333,2457.529375,45.32867638685796,-6.685262293058258,-5.6889110219689965,-0.9963512710892619,3033.944,3104.562914293365,2963.325085706635,0.046552549614208384,0.2932282003183949,55.64322688927183,3142.48,2929.36,3266.23,2716.28,-0.010120377142179504,-0.020354267940805415,-0.024355873041643106,0.08136685080884587
2021-03-24,2996.32,3006.54,2971.04,2996.35,978431.0,3028.418,3037.056,3030.257,3050.2588333333333,2778.261,2462.9914166666663,44.40274695541735,-9.341810611271285,-6.419490939829454,-2.922319671441831,3030.257,3100.641730474541,2959.872269525459,0.04645462775899265,0.25913099495163394,54.20442496860956,3099.8,2929.36,3266.23,2716.28,-0.002792254903918434,-0.016784249384741656,-0.02401883983857156,0.09608659389540852
2021-03-25,2995.67,3024.63,2987.83,3008.33,940353.0,3016.882,3036.519,3030.9245,3054.400666666667,2784.39125,2468.3392083333333,46.09593770516138,-10.361022990369293,-7.207797349937422,-3.15322564043187,3030.9245,3100.2028759839513,2961.646124016049,0.045714352821359466,0.33692963584167807,52.961251756566035,3099.8,2929.36,3266.23,2716.28,0.003998197807332238,-0.018812724028949734,0.004457458814416171,0.09004572761991714
2021-03-26,3012.79,3041.86,3012.79,3041.01,1036383.0,3017.178,3035.181,3027.9905,3058.3031666666666,2790.7430833333333,2473.82075,50.52253398847438,-8.434525304587623,-7.453142940867463,-0.9813823637201606,3027.9905,3089.955527386211,2966.0254726137887,0.04092815178000803,0.6050552267075856,51.573305202525624,3099.8,2929.36,3266.23,2762.6,0.01086316993149028,0.00048691738525374895,-0.01893092535059948,0.08342061948226842
2021-03-29,3047.71,3054.21,3025.39,3036.04,1288846.0,3017.294,3034.214,3029.145,3062.0938333333334,2796.8094166666665,2479.00475,49.85204687016132,-7.225508310832083,-7.407616014860388,0.18210770402830434,3029.145,3090.8057549416467,2967.4842450583533,0.04071165622091164,0.5559107653362754,49.94806911663095,3096.5,2929.36,3266.23,2792.06,-0.0016343254379302952,0.0001910748288562747,0.007663585522494687,0.08097984761090937
2021-03-30,3038.44,3074.57,3038.44,3070.0,1023074.0,3030.346,3034.4970000000003,3030.4515,3066.2520000000004,2802.9936666666667,2484.1980833333337,54.313620202998926,-3.4868709703018794,-6.623467005948686,3.1365960356468063,3030.4515,3094.370839882181,2966.5321601178193,0.042184697482986144,0.8093625503086983,49.13249275115732,3096.5,2929.36,3266.23,2792.06,0.011185623377821141,0.021719017286021547,0.008584466485099584,0.08845563391017919
2021-03-31,3073.39,3093.89,3061.4,3061.42,1146989.0,3043.36,3035.889,3029.373,3069.3845,2808.8554999999997,2489.4242500000005,53.029930169783526,-1.2024471739287037,-5.53926303954469,4.3368158656159865,3029.373,3090.371198038744,2968.3748019612563,0.040271170330457025,0.7626880877665022,47.94374326893178,3090.19,2929.36,3266.23,2809.35,-0.002794788273615567,0.02171642164633636,-0.0069964547403655875,0.0654087218589372
2021-04-01,3073.77,3090.88,3069.68,3087.4,922680.0,3059.174,3038.0280000000002,3031.5685000000003,3071.767,2814.8680000000004,2494.6375416666665,56.390903378895416,2.6735252839021086,-3.8967053748553306,6.570230658757439,3031.5685000000003,3097.4097324533323,2965.7272675466684,0.04343707387996144,0.9239858362278757,46.62347589257951,3093.89,2929.36,3266.23,2869.11,0.008486258010988346,0.02628368563289274,0.014427515779582123,0.048548965001952826
2021-04-02,3104.72,3121.58,3101.6,3112.8,792704.0,3073.532,3045.355,3035.8954999999996,3073.804166666667,2820.9168333333337,2499.854625,59.44620833018731,7.705999143639019,-1.5761644711564609,9.28216361479548,3035.8954999999996,3110.5564098456043,2961.234590154395,0.049185428052846154,1.0150251996596042,45.73465618596668,3093.89,2929.36,3266.23,2921.84,0.008226987108894246,0.023607288368009405,0.028596353254512152,0.040871807046817255
2021-04-05,3121.23,3127.2,3101.86,3120.83,1084791.0,3090.4900000000002,3053.892,3042.1315,3076.3478333333333,2826.99075,2505.25075,60.391003842106336,12.201572690229114,1.179382961120654,11.02218972910846,3042.1315,3123.0320397446344,2961.2309602553655,0.053186747347795084,0.986390450845042,44.27789502982618,3121.58,2929.36,3266.23,2929.36,0.002579671035723319,0.027927827037852015,0.041627310078735436,0.05141819480427601
2021-04-06,3123.8,3139.29,3110.19,3127.08,1279017.0,3101.906,3066.126,3049.6795,3077.937833333334,2833.0186666666664,2510.5424166666667,61.1496691630821,16.08327193396508,4.160160755689539,11.92311117827554,3049.6795,3132.6780181733557,2966.6809818266447,0.054430977532790234,0.9662763968769695,43.19375967055288,3127.2,2929.36,3266.23,2929.36,0.0020026723660051537,0.01859283387622157,0.050723761138663725,0.03146770107663088
2021-04-07,3129.07,3146.19,3125.33,3137.41,1984773.0,3117.1040000000003,3080.232,3058.644,3077.691666666666,2839.1375,2515.8771666666667,62.43051433011945,19.76524972396919,7.281178549345469,12.484071174623722,3058.644,3138.8313100681917,2978.456689931808,0.052433241703311595,0.9911375623712585,41.598491122656256,3139.29,2951.53,3266.23,2929.36,0.003303401256123939,0.024821814713433588,0.06060944113152944,-0.004685646124269582
2021-04-08,3137.25,3145.81,3122.09,3143.26,1357293.0,3128.2760000000003,3093.725,3065.1220000000003,3077.6051666666667,2845.494,2520.996875,63.171025755225614,22.891411813300238,10.403225202136422,12.488186611163815,3065.1220000000003,3150.504244196156,2979.7397558038447,0.05571213426164154,0.9575775721032062,40.32145604246651,3146.19,2964.3,3266.23,2929.36,0.0018645953190690179,0.018092893696961987,0.04299034409529834,-0.0016484301799296608
2021-04-09,3146.51,3156.04,3125.24,3131.88,1823162.0,3132.0919999999996,3102.812,3068.9965,3077.7039999999997,2851.91625,2526.1365416666667,60.6659957975649,24.172007047809984,13.156981571271135,11.015025476538849,3068.9965,3158.987452717325,2979.0055472826753,0.05864519735837101,0.8493879001232846,39.641352039433194,3146.19,2971.04,3212.22,2929.36,-0.0036204450156843704,0.006129529683885915,0.025370041153880196,0.0018970233049153684
2021-04-12,3134.88,3147.27,3127.91,3135.59,1048782.0,3135.044,3112.7670000000003,3073.4905,3077.4923333333336,2858.5334166666667,2531.37075,61.20609657974792,25.19581235065607,15.564747727148124,9.631064623507946,3073.4905,3167.2778875261038,2979.703112473896,0.061029886069993634,0.8310653043977586,38.19268403661655,3156.04,2971.04,3212.22,2929.36,0.001184592002247964,0.004729511059557989,0.029510360474240827,-0.004033935882653661
2021-04-13,3138.21,3173.26,3136.99,3169.08,1741348.0,3143.444,3122.675,3078.5860000000002,3077.8115000000003,2865.3862500000005,2536.674625,65.77466631780112,28.382374199317383,18.128273021581975,10.254101177735407,3078.5860000000002,3181.112573803923,2976.0594261960773,0.06660627561089599,0.9413197312779857,38.15534946257252,3156.04,2971.04,3212.22,2929.36,0.010680605563865075,0.0134310602862735,0.03322606833008934,0.006079500179369202
2021-04-14,3169.95,3188.32,3162.12,3182.38,1776265.0,3152.438,3134.7709999999997,3085.33,3079.4194999999995,2872.2526666666668,2541.9565,67.41580381018697,31.61649104143862,20.825916625553305,10.790574415885317,3085.33,3196.195428335306,2974.4645716646937,0.07186617206931266,0.9376928022434458,37.30139592953164,3173.26,2971.04,3212.22,2929.36,0.004196801595415689,0.014333478888637563,0.0442592288761281,0.03126478498979224
2021-04-15,3180.73,3204.48,3178.99,3194.33,1312991.0,3162.652,3145.464,3091.746,3082.4261666666666,2879.1149166666664,2547.395333333333,68.8606059657973,34.74331772923779,23.609396846290203,11.133920882947585,3091.746,3211.8627369518945,2971.6292630481057,0.07770155565941987,0.927017926906738,36.45772479170797,3188.32,2971.04,3212.22,2929.36,0.0037550512509505474,0.016247462825219605,0.0418524401420739,0.059855404737336304
2021-04-16,3194.08,3206.76,3185.67,3198.62,985278.0,3176.0,3154.046,3099.7005,3084.1921666666667,2886.144666666667,2552.7113750000003,69.38541798606165,37.139397695699245,26.31539701617201,10.824000679527234,3099.7005,3225.8513718121685,2973.5496281878313,0.0813955230914526,0.8920682377339628,35.36003016372884,3204.48,2971.04,3212.22,2929.36,0.0013430046363400727,0.02130988415903534,0.052340328932433566,0.03426176818660953
2021-04-19,3201.11,3214.45,3193.4,3198.84,1060619.0,3188.65,3161.847,3107.8695,3085.597,2893.12825,2557.9811666666665,69.41388670870575,38.610977182861916,28.774513049509995,9.836464133351921,3107.8695,3237.435976910386,2978.3030230896134,0.08337961224587224,0.8510572416926924,34.337885152033905,3206.76,2971.04,3212.22,2929.36,6.87796612290903e-05,0.020171642338443485,0.05382380265264586,0.027063299674110253
2021-04-20,3198.31,3220.82,3195.96,3220.7,1296160.0,3198.974,3171.209,3118.6675,3086.5946666666664,2900.4348333333332,2563.2859166666667,72.18196434498984,41.067730602344,31.2331565600768,9.8345740422672,3118.6675,3248.051000937983,2989.283999062017,0.08297357825929386,0.8943025936858309,33.66089335546007,3214.45,2971.04,3214.45,2929.36,0.006833727226119413,0.016288638974087055,0.07187310715735795,0.0189380038217688
2021-04-21,3214.24,3214.24,3165.49,3171.66,1767090.0,3196.83,3174.634,3127.433,3087.111833333334,2907.4416666666666,2568.603791666667,59.2313445803309,38.61250629450387,32.70902650696222,5.903479787541656,3127.433,3245.7633900271126,3009.1026099728874,0.07567253400927379,0.6868792961379842,35.200115258641496,3220.82,2971.04,3220.82,2929.36,-0.01522650355512778,-0.0033685480677984048,0.058507851218983165,0.009880183275330134
2021-04-22,3174.52,3196.97,3174.52,3177.52,1752691.0,3193.468,3178.0600000000004,3135.8925,3086.5873333333334,2914.3771666666667,2573.8069583333336,60.15138503668473,36.716333332014074,33.510487871972586,3.2058454600414876,3135.8925,3242.5717633784475,3029.2132366215524,0.06803757678456615,0.6951058653841908,34.49367845445281,3220.82,2987.83,3220.82,2929.36,0.0018476129219400228,-0.005262449402535063,0.05624050552964599,-0.009806823953954269
2021-04-23,3173.47,3188.7,3146.54,3186.1,2253793.0,3190.964,3183.482,3143.147,3087.3505,2921.5390833333336,2579.0465,61.52063515272949,35.4967524259946,33.90774078277699,1.58901164321761,3143.147,3242.5128643799153,3043.7811356200846,0.06322699153422692,0.7161355927815085,35.04127285056332,3220.82,3012.79,3220.82,2929.36,0.002700219038747287,-0.003914187993572238,0.0477111222916069,0.014581362986456847
2021-04-26,3191.34,3217.53,3191.34,3217.53,1298330.0,3194.702,3191.6760000000004,3152.2215,3088.9333333333334,2929.458916666667,2584.3452916666665,66.11400648242898,36.64395539220777,34.45498370466315,2.1889716875446226,3152.2215,3243.6346995445256,3060.8083004554746,0.05799922343307757,0.8572159180807892,34.783324789808816,3220.82,3025.39,3220.82,2929.36,0.009864724898779098,0.005842742994335515,0.05977852729213051,0.030414147366263578
2021-04-27,3218.3,3223.05,3203.25,3215.42,1534230.0,3193.6459999999997,3196.31,3159.4925,3091.3728333333333,2937.0860833333336,2589.6787083333334,65.5483042674941,36.956847113403,34.955356386411125,2.001490726991875,3159.4925,3246.6225083494014,3072.3624916505983,0.05515443277640417,0.8209428132712003,33.71308730482249,3220.82,3038.44,3220.82,2929.36,-0.0006557825412661922,-0.0016393951625421899,0.047368078175895834,0.04769228262817471
2021-04-28,3217.21,3219.69,3176.55,3181.47,1412620.0,3195.6079999999997,3196.219,3165.495,3094.7938333333327,2944.07075,2594.925791666667,57.08468669432199,34.07256744068263,34.77879859726543,-0.7062311565827954,3165.495,3240.464843136867,3090.525156863133,0.04736690036589348,0.6065428399712369,34.38643821162087,3223.05,3061.4,3223.05,2929.36,-0.010558496246213633,0.003093017536558218,0.03921382887679559,0.06896690757708623
2021-04-29,3184.75,3200.41,3161.06,3174.07,1222430.0,3194.918,3194.193,3169.8285,3096.752833333333,2950.8770000000004,2600.066,55.405405843929074,30.834199407176584,33.98987875924766,-3.1556793520710755,3169.8285,3235.7094593962183,3103.947540603782,0.041567522909342416,0.5321906362541797,34.74097833936223,3223.05,3069.68,3223.05,2929.36,-0.0023259688131586076,-0.0010857524106849814,0.028072164280624534,0.03845537259572129
2021-04-30,3176.43,3179.43,3143.38,3147.86,1359455.0,3187.27,3189.117,3171.5815000000002,3097.603666666667,2956.99425,2605.161416666667,49.81568863900251,25.854803376284508,32.36286368265503,-6.508060306370524,3171.5815000000002,3233.015056066421,3110.1479439335794,0.038740014132646945,0.3069336896731742,34.834479886550625,3223.05,3101.6,3223.05,2929.36,-0.00825753685331454,-0.012002134270738485,0.011263171421228568,0.016484705228929197
2021-05-03,3149.05,3174.26,3120.7,3127.2,1041199.0,3169.204,3181.953,3171.9,3097.5623333333333,2962.91675,2610.1610833333334,45.88593552852359,20.010834367736607,29.892457819671346,-9.88162345193474,3171.9,3232.335722879486,3111.464277120514,0.03810695348496869,0.13018560984919608,36.172017037511324,3223.05,3101.86,3223.05,2929.36,-0.006563188960118982,-0.028074330309274642,0.0020411236754325213,-0.0007924132818690754
2021-05-04,3131.39,3147.38,3109.78,3147.37,1283829.0,3155.594,3174.62,3172.9145,3098.559333333333,2968.7515,2615.2038333333335,50.03037219352379,16.8131853226605,27.27660332026918,-10.46341799760868,3172.9145,3230.939817396512,3114.889182603488,0.03657540560674549,0.27988487486037017,36.27401582054622,3223.05,3110.19,3223.05,2929.36,0.006449859299053395,-0.02116364269675508,0.006488481266868851,0.019374585026963098
2021-05-06,3147.72,3178.74,3133.64,3178.74,1239403.0,3155.048,3175.328,3174.981,3099.5278333333335,2974.8007500000003,2620.196041666667,55.71155876132399,16.618751622699165,25.14503298075518,-8.526281358056014,3174.981,3230.6993018043972,3119.262698195603,0.03509835290629897,0.5337321838450478,36.904443261935775,3223.05,3109.78,3223.05,2929.36,0.009967051855994002,-0.0008580938999895871,0.013173286245661275,0.018621239941934764
2021-05-07,3179.63,3205.11,3179.63,3197.2,989680.0,3159.674,3177.296,3177.678,3101.2938333333336,2980.7285,2625.2275416666666,58.688087621088584,17.749622637000357,23.665950912004217,-5.91632827500386,3177.678,3232.2025480858456,3123.153451914154,0.034317226657858795,0.6790202824722517,36.151983028940386,3223.05,3109.78,3223.05,2929.36,0.005807332465064707,0.007287173880853093,0.017160527605097675,0.0342775067610408
2021-05-10,3201.46,3255.9,3201.46,3249.3,1011267.0,3179.962,3183.616,3183.549,3104.0376666666666,2987.1758333333337,2630.4400000000005,65.6955513173988,22.58948314521922,23.450657358647216,-0.8611742134279972,3183.549,3242.2133213202483,3124.8846786797517,0.036854668371838026,1.0604002443074878,37.76255566973038,3223.05,3109.78,3223.05,2929.36,0.01629550856999895,0.03222506718850271,0.037491857925590955,0.05337037673397815
2021-05-11,3239.92,3239.92,3192.25,3209.43,1096717.0,3196.408,3182.8059999999996,3187.241,3105.8518333333336,2993.138833333333,2635.60375,57.63825107493012,22.943453820943887,23.349216651106552,-0.405762830162665,3187.241,3242.5666833303044,3131.9153166696956,0.03471697517087939,0.7005307360374339,39.140230264749654,3255.9,3109.78,3255.9,2929.36,-0.012270335149109135,0.026295088257866528,0.023548997158429508,0.03510633494378479
2021-05-12,3209.36,3212.83,3138.04,3161.66,1424059.0,3199.266,3177.43,3186.87,3106.096166666667,2998.294083333333,2640.4665,49.76316563342098,19.14860516151566,22.509094353188377,-3.360489191672716,3186.87,3242.7743272025086,3130.965672797491,0.03508415919225368,0.27452550400366216,41.68664238869611,3255.9,3109.78,3255.9,2929.36,-0.014884262937655546,0.004540298725602687,-0.0023413735216529785,0.004658404829996687
2021-05-13,3146.97,3161.93,3103.88,3122.11,1095948.0,3187.94,3171.4939999999997,3183.8565,3105.4105,3003.1520833333334,2645.017875,44.35929387394639,12.802229657273529,20.56772141400541,-7.76549175673188,3183.8565,3246.496012857024,3121.2169871429755,0.039348201061840775,0.007128191266931648,42.85545364664637,3255.9,3109.78,3255.9,2929.36,-0.012509251469164817,-0.017815234967313964,-0.018938655974459317,-0.01300561131747413
2021-05-14,3131.35,3162.31,3131.35,3153.32,836404.0,3179.1639999999998,3169.419,3181.8059999999996,3105.737,3008.2160833333337,2649.693375,49.06024613362178,10.173790391474085,18.488935209499147,-8.315144818025061,3181.8059999999996,3245.6138921134793,3117.99810788652,0.04010797145613513,0.2767830980113069,42.66577838617162,3255.9,3103.88,3255.9,2929.36,0.00999644471206973,-0.013724508945327063,-0.012838372992145408,0.00625133626700447
2021-05-17,3163.21,3173.01,3121.32,3134.52,771305.0,3156.208,3168.085,3178.6009999999997,3106.5346666666665,3013.108583333333,2654.301625,46.511078576801225,6.498816147426169,16.09091139708455,-9.592095249658382,3178.6009999999997,3245.091676308529,3112.1103236914705,0.041836440816906025,0.1685174339673159,43.31036564430222,3255.9,3103.88,3255.9,2929.36,-0.00596197024088907,-0.03532453143754044,-0.020039892203512766,0.015505433057090956
2021-05-18,3135.38,3176.4,3135.38,3173.05,786143.0,3148.932,3172.67,3177.3115000000003,3107.6251666666667,3018.2715,2659.066,52.01417893794802,6.619120473058956,14.196553212279433,-7.577432739220477,3177.3115000000003,3243.1795354266446,3111.443464573356,0.04146149058828156,0.46765122891249733,43.20819666970922,3255.9,3103.88,3255.9,2929.36,0.012292153184538579,-0.011335346151808756,-0.0080622975828738,0.021054697807325384
2021-05-20,3174.53,3174.53,3140.48,3162.28,774252.0,3149.056,3174.161,3174.3905000000004,3109.000666666667,3022.9355833333334,2663.637666666667,50.45167695750781,5.778799127352158,12.513002395293979,-6.734203267941821,3174.3905000000004,3237.4233956892026,3111.3576043107983,0.03971338478312745,0.40393508129696465,42.55403976473,3255.9,3103.88,3255.9,2929.36,-0.003394210617544635,0.00019609951734222975,-0.018138913900704656,0.026797629677733692
2021-05-21,3171.91,3198.01,3149.46,3156.42,797262.0,3155.918,3171.929,3173.6285,3110.4395,3027.4244166666667,2668.0927916666665,49.57898088668423,4.587108054477994,10.927823527130782,-6.3407154726527875,3173.6285,3237.141648331396,3110.1153516686036,0.040025572200020405,0.36452805086743656,42.98232263867787,3255.9,3103.88,3255.9,2929.36,-0.0018530933377184367,0.010989362962868121,-0.0048050547662737975,0.028119696816705675
2021-05-24,3155.91,3163.27,3137.81,3144.3,587968.0,3154.114,3166.639,3171.9675,3112.9281666666666,3031.947416666667,2672.248208333333,47.739664401795785,2.6343346149956233,9.26912574470375,-6.634791129708127,3171.9675,3236.712289403982,3107.2227105960183,0.04082311020146451,0.2863341571213883,41.7307281644866,3255.9,3103.88,3255.9,2929.36,-0.003839793183416651,-0.0028604772113201005,-0.010454694226944228,0.04985676031225594
2021-05-25,3152.93,3173.1,3148.3,3171.32,612976.0,3161.474,3158.841,3171.2285,3114.1220000000003,3036.4925,2676.4987916666664,52.01374884918507,3.2298046026944576,8.061261516301892,-4.831456913607434,3171.2285,3235.647764284576,3106.809235715424,0.04062732425908508,0.5007101912837423,40.80710472416611,3255.9,3103.88,3255.9,2929.36,0.008593327608688694,0.011740234549468598,-0.004638900222842857,0.023108762489152168
2021-05-26,3171.91,3183.97,3160.3,3168.43,1269999.0,3160.55,3154.741,3168.7735000000002,3116.7133333333336,3040.950666666666,2680.6094583333334,51.52833274935291,3.428992717242636,7.134807756490041,-3.7058150392474047,3168.7735000000002,3229.5890740823534,3107.957925917647,0.03838429858262392,0.49717588787754224,39.58302581529708,3255.9,3103.88,3255.9,2929.36,-0.0009112924586608395,-0.001456012354044356,-0.015260152974486796,0.051603909789408986
2021-05-27,3170.84,3173.86,3142.37,3165.51,1082006.0,3161.196,3155.126,3166.278,3118.740666666666,3045.735416666667,2684.697875,51.010339705073186,3.3130404683302004,6.370454298858073,-3.0574138305278726,3166.278,3223.204047324281,3109.3519526757186,0.03595770638224513,0.49325440605752374,39.004952542775875,3255.9,3103.88,3255.9,2929.36,-0.0009215920818826939,0.0010214149284692997,-0.015522077986701577,0.03996228485447806
2021-05-28,3172.09,3198.66,3171.85,3188.73,966367.0,3167.6580000000004,3161.788,3166.641,3120.5029999999997,3050.3560833333336,2688.86375,54.89346456695763,5.036746934643361,6.103712826015132,-1.0669658913717708,3166.641,3224.040537245228,3109.2414627547723,0.03625263314990727,0.6924144432178018,38.58674164686329,3255.9,3103.88,3255.9,2929.36,0.007335310897770064,0.010236280342920123,0.002281963997774694,0.03429787316857991
2021-05-31,3192.06,3204.29,3179.87,3203.92,1123524.0,3179.5820000000003,3166.848,3168.1335,3123.1768333333334,3054.75625,2693.0647083333333,57.27906611134497,7.541568275091777,6.391283915830461,1.150284359261316,3168.1335,3227.7380586424915,3108.5289413575083,0.0376275549262628,0.8001993540011573,37.5748315292302,3255.9,3103.88,3255.9,2929.36,0.004763651986841255,0.018961295041821646,0.00940432945713221,0.052712510966029136
2021-06-01,3207.12,3233.17,3199.18,3221.87,1472570.0,3189.692,3175.583,3171.834,3126.437,3059.1366666666668,2697.41925,59.97309244757672,10.850000171168631,7.283027166898096,3.566973004270535,3171.834,3235.0261509047286,3108.641849095271,0.039845812173479954,0.8959035994473149,37.318772134285204,3255.9,3103.88,3255.9,2929.36,0.005602511922894404,0.0159397348738064,0.023511210790822856,0.06463753940507422
2021-06-02,3224.4,3241.07,3216.1,3224.23,1495671.0,3200.852,3180.701,3176.6855,3130.239,3063.2431666666666,2701.9689583333334,60.32732204809616,13.506691825688904,8.527760098656259,4.978931727032645,3176.6855,3240.322981871659,3113.048018128341,0.0400653334248285,0.8735573643209626,36.436716981836284,3255.9,3103.88,3255.9,2929.36,0.0007324938622601529,0.017611245948308873,0.03102775645945255,0.07613872654875808
2021-06-03,3224.96,3258.5,3224.96,3247.43,1584799.0,3217.236,3189.2160000000003,3181.6884999999997,3134.7608333333337,3067.4264166666667,2707.0381666666663,63.72584910443822,17.284935237911668,10.279195126507341,7.005740111404327,3181.6884999999997,3250.8165421461904,3112.560457853809,0.04345368325415303,0.9755052939368024,36.28195148313369,3255.9,3103.88,3255.9,2929.36,0.007195516448888606,0.025878926302554506,0.03179162284701187,0.09116231872370739
2021-06-04,3246.17,3246.19,3218.67,3240.08,1392319.0,3227.506,3197.582,3184.7555,3139.4601666666663,3071.9193333333333,2711.6299583333334,61.91622763237968,19.461793350189964,12.115714771243866,7.3460785789460985,3184.7555,3258.3845362490597,3111.1264637509407,0.0462384231687861,0.8756975699970976,35.74466923433841,3258.5,3103.88,3258.5,2951.53,-0.0022633282318633707,0.01610358983043403,0.019296954139061517,0.0953172961205091
2021-06-07,3244.59,3264.41,3233.4,3252.12,1733348.0,3237.1459999999997,3208.364,3187.5015000000003,3143.4338333333335,3076.058083333333,2716.2594166666668,63.733028115494385,21.90597798687304,14.073767414369701,7.832210572503339,3187.5015000000003,3266.6702752271385,3108.332724772862,0.049674502256477814,0.9081059724279342,35.40647857474279,3258.5,3103.88,3258.5,2964.3,0.0037159576306757813,0.015044071013009086,0.017177530339046676,0.07911205494906604
2021-06-08,3251.83,3264.67,3242.56,3247.83,1951319.0,3242.338,3216.0150000000003,3187.428,3146.657833333333,3080.236166666667,2720.902541666667,62.58733261469605,23.229074463056804,15.904828824107124,7.32424563894968,3187.428,3266.3695481477603,3108.4864518522395,0.04953307064364145,0.8825742046947281,34.45673010511832,3264.41,3103.88,3264.41,2971.04,-0.0013191395151470608,0.008057432484861238,-0.0004524051334133805,0.06333179456454485
2021-06-09,3245.08,3246.49,3216.18,3216.18,1964923.0,3240.728,3220.79,3187.7655,3149.4990000000003,3083.9538333333335,2725.381125,54.765432250939796,21.476183389262587,17.019099737138216,4.457083652124371,3187.7655,3267.136970308702,3108.394029691298,0.04979755901662283,0.6789969361124747,34.25624938332416,3264.67,3103.88,3264.67,2971.04,-0.009744968178753255,-0.002496720147135978,0.0021031771996895543,0.05597052903920585
2021-06-10,3216.94,3235.39,3210.31,3224.64,1896766.0,3236.17,3226.703,3190.9145,3152.1234999999997,3087.8075000000003,2729.95575,56.33625838139381,20.532964646098662,17.721872718930307,2.8110919271683557,3190.9145,3270.8883195846925,3110.9406804153073,0.05012595579398482,0.7108533778625177,33.600802998801,3264.67,3103.88,3264.67,2971.04,0.0026304497882581046,-0.007017857197845645,0.01991991548743388,0.051340486507105876
2021-06-11,3226.98,3251.58,3226.98,3249.32,1645508.0,3238.018,3232.7619999999997,3197.275,3155.4871666666663,3091.911666666667,2734.6144166666663,60.63130754167172,21.528756631983015,18.483249501540847,3.045507130442168,3197.275,3274.5369998444557,3120.0130001555444,0.04832990583822515,0.8368085223316598,33.1250313560295,3264.67,3103.88,3264.67,2971.04,0.00765356753001889,0.0028517814374955375,0.04074488086582462,0.06622477440525021
2021-06-14,3249.6,3254.49,3238.51,3252.13,1664527.0,3238.0199999999995,3237.583,3202.2155,3158.5891666666666,3095.9145000000003,2739.1586666666667,61.10048509277506,22.28775312654261,19.2441502265412,3.04360290000141,3202.2155,3280.235934880641,3124.195065119359,0.04872903455788095,0.819880939374163,31.900386259170222,3264.67,3121.32,3264.67,2971.04,0.0008647963266159575,3.0749172847954753e-06,0.03133522763309782,0.060704302986617664
2021-06-15,3253.17,3262.8,3247.9,3258.63,1734497.0,3240.18,3241.2589999999996,3208.421,3162.2408333333337,3099.982833333333,2743.93475,62.22202975682966,23.146935529669463,20.024707287166855,3.122228242502608,3208.421,3283.6083550270523,3133.2336449729473,0.04686875882376564,0.8338925806203386,30.686072954943786,3264.67,3121.32,3264.67,2971.04,0.0019986900892645654,0.003325297198437216,0.03959457907430797,0.07208351291153559
2021-06-16,3259.06,3281.96,3256.68,3278.68,2345810.0,3252.6800000000003,3246.7039999999997,3213.7025,3166.2944999999995,3104.203666666667,2748.701541666667,65.52401254846077,25.15573159446012,21.050912148625507,4.1048194458346146,3213.7025,3292.940150614867,3134.4648493851328,0.04931237450564706,0.9100165735341,30.29992488673353,3264.67,3135.38,3264.67,2971.04,0.006152892473217264,0.019432991934531074,0.03328973700382898,0.08012624116278899
2021-06-17,3276.2,3276.2,3251.32,3264.96,1848671.0,3260.7439999999997,3248.457,3218.8365,3170.6315,3108.25625,2753.5827083333334,61.55893486875603,25.34842672676632,21.91041506425367,3.4380116625126504,3218.8365,3297.38447903806,3140.28852096194,0.048805199666438495,0.7936008065697734,30.089930251966827,3281.96,3137.81,3281.96,2971.04,-0.0041846108799882265,0.012503721345638708,0.03247024298923562,0.08660316699614623
2021-06-18,3265.68,3275.76,3262.58,3267.93,1627658.0,3264.466,3251.2419999999997,3224.412,3175.157833333333,3112.7083333333335,2758.414375,62.09368366914865,25.447450813595424,22.61782221412202,2.829628599473402,3224.412,3300.2296144702746,3148.594385529725,0.047027249911161945,0.786991356191125,28.882078091112074,3281.96,3137.81,3281.96,2971.04,0.0009096589238457575,0.005727352184456969,0.03532799817514776,0.09063694161229496
2021-06-21,3264.18,3264.18,3225.56,3240.79,1508634.0,3262.1980000000003,3250.109,3229.2365,3179.0321666666664,3116.716416666667,2763.1397500000003,54.616828600809505,23.070020103121806,22.708261791921977,0.3617583111998286,3229.2365,3295.759193353193,3162.713806646807,0.04120026102342957,0.5868387870185763,29.845501084604063,3281.96,3137.81,3281.96,2987.83,-0.008304951452448472,-0.0034869454788093446,0.0306872753872085,0.0772721077807288
2021-06-22,3245.79,3267.63,3245.79,3263.88,1666696.0,3263.248,3251.714,3233.8644999999997,3182.7466666666664,3120.524916666667,2767.841875,59.12619364116617,22.786391824510247,22.723887798439634,0.0625040260706129,3233.8644999999997,3296.3846201131496,3171.3443798868498,0.038665887277064284,0.740046723724122,29.630822435703784,3281.96,3142.37,3281.96,3012.79,0.007124805988663274,0.0016111065079496,0.029186584765964918,0.07328815097615582
2021-06-23,3265.73,3281.88,3263.07,3276.19,1069174.0,3262.75,3257.7149999999997,3239.2524999999996,3186.7491666666665,3124.4215,2772.524291666667,61.33211378989119,23.286496257796443,22.836409490311,0.45008676748544474,3239.2524999999996,3296.6510894858257,3181.8539105141735,0.03543940429826082,0.8217631333007038,28.857906547439228,3281.96,3142.37,3281.96,3025.39,0.0037715847396351254,-0.0007594519745750539,0.034010535186196345,0.07909974835641176
2021-06-24,3281.47,3292.27,3277.85,3286.1,1301271.0,3266.978,3263.861,3245.282,3190.350833333333,3128.3014166666667,2777.1,63.06048178678186,24.20348410430006,23.10982441310881,1.0936596911912488,3245.282,3295.2872495640418,3195.2767504359585,0.030817198359983262,0.9081371491579523,27.94519893690785,3281.96,3142.37,3281.96,3038.44,0.003024855090821843,0.006474811330001051,0.038094967319642015,0.07039087947882727
2021-06-25,3289.18,3316.08,3289.18,3302.84,1198187.0,3273.96,3269.213,3250.9875,3194.3745,3131.8795000000005,2781.8444583333335,65.83822854658689,25.981483310486055,23.68415619258426,2.2973271179017942,3250.9875,3299.908589470307,3202.0664105296933,0.030096141231122496,1.029960601464858,28.090541869985863,3292.27,3171.85,3292.27,3061.4,0.005094184595721529,0.010682603360537168,0.03578540672932484,0.07885883021604356
2021-06-28,3305.46,3311.69,3291.3,3301.89,1428764.0,3286.1799999999994,3274.189,3255.886,3197.9493333333335,3134.8581666666664,2786.6070000000004,65.53703818609668,27.002633875897118,24.347851729246834,2.654782146650284,3255.886,3304.5936459702325,3207.1783540297674,0.029919749014696788,0.9722461852099673,27.540503164986866,3316.08,3179.87,3316.08,3069.68,-0.00028763125068131945,0.01885342771361298,0.030578166745736324,0.06947269547191803
2021-06-29,3305.26,3305.42,3276.63,3286.68,1213046.0,3290.7400000000002,3276.994,3259.1265,3200.847333333333,3137.3257499999995,2791.268583333333,60.74557791588889,26.281624958473458,24.734606375092163,1.5470185833812948,3259.1265,3306.966523525928,3211.2864764740716,0.029357573893451665,0.7879754018626954,27.629752938916376,3316.08,3199.18,3316.08,3101.6,-0.004606452668017402,0.006985550939372587,0.020115647124185676,0.05585967617579013
2021-06-30,3288.63,3305.73,3288.63,3296.68,1610375.0,3294.8379999999997,3278.7940000000003,3262.7490000000003,3203.7781666666665,3140.063,2796.045375,62.67757473641889,26.21494703219014,25.030674506511758,1.1842725256783808,3262.7490000000003,3310.442581915822,3215.0554180841787,0.02923521356734557,0.8557187218595497,27.016913443279506,3316.08,3210.31,3316.08,3101.86,0.00304258400574442,0.006254216025322057,0.022470481324223135,0.05634718968992214
2021-07-01,3297.92,3300.12,3278.1,3282.06,1159231.0,3294.03,3280.504,3264.4805,3206.3611666666666,3142.1495,2800.6120416666668,58.169942173960415,24.69769285026223,24.964078175261854,-0.2663853249996251,3264.4805,3312.337933894444,3216.623066105556,0.029320091753921675,0.6836653009726112,26.659991054473828,3316.08,3210.31,3316.08,3103.88,-0.004434764672336944,-0.0012294208940689666,0.010663817233935724,0.04956061245634902
2021-07-02,3282.81,3295.68,3278.19,3281.78,1019998.0,3289.818,3281.889,3266.5654999999997,3208.7673333333337,3143.2295,2805.1877499999996,58.08378596466709,23.20516956983147,24.612296454175777,-1.4071268843443079,3266.5654999999997,3313.6157150787963,3219.515284921203,0.028807146269558385,0.6616836392195049,26.00499169343997,3316.08,3210.31,3316.08,3103.88,-8.531227338914871e-05,-0.0063763306729965885,0.012870052591294145,0.04601566260068024
2021-07-05,3285.29,3298.93,3285.29,3293.21,850406.0,3288.082,3287.131,3268.62,3211.2664999999997,3144.4358333333334,2809.7349583333335,60.64619004360431,22.683162218271264,24.226469606994876,-1.543307388723612,3268.62,3316.547969286846,3220.6920307131536,0.02932611884333223,0.756530793666954,25.37249228676566,3316.08,3210.31,3316.08,3103.88,0.0034828660056431815,-0.0026287974463109487,0.012634835122935284,0.04770524869084958
2021-07-06,3295.44,3313.51,3295.44,3305.21,1029465.0,3291.7879999999996,3291.264,3271.4890000000005,3214.1553333333336,3145.9296666666664,2814.4076666666665,63.19036392836111,22.972949481655178,23.97576558192694,-1.0028161002717617,3271.4890000000005,3320.9408593781955,3222.0371406218055,0.030232019351552127,0.8409477461920097,25.010171409139556,3316.08,3210.31,3316.08,3103.88,0.003643861156743755,0.005637908162644534,0.01766718085614083,0.055343755188576704
2021-07-07,3303.59,3303.59,3277.66,3285.34,1147641.0,3289.5200000000004,3292.179,3274.947,3216.651166666667,3147.07175,2818.9249583333335,56.6586449071364,21.35311956571195,23.451236378683944,-2.0981168129719947,3274.947,3317.657751386045,3232.236248613955,0.026083323721602273,0.6216672578066109,25.19158773705817,3316.08,3210.31,3316.08,3103.88,-0.006011720889141703,-0.0034398243080916435,0.02150377155507477,0.04775815715702625
2021-07-08,3287.68,3295.71,3252.41,3252.68,1516034.0,3283.6440000000002,3288.8369999999995,3276.349,3218.0444999999995,3147.928,2823.318625,47.89525518730829,17.235325533953528,22.208054209737863,-4.972728675784335,3276.349,3313.890322245767,3238.8076777542333,0.022916558795028782,0.18476070388451465,26.485045755839746,3316.08,3210.31,3316.08,3103.88,-0.009941132424650223,-0.008951694972060276,0.008695544308822134,0.026379895742612902
2021-07-09,3245.52,3245.52,3188.8,3217.95,1308364.0,3270.8779999999997,3280.3479999999995,3274.7805,3218.6373333333336,3149.028416666667,2827.4399583333334,40.68834296921266,11.042235332046403,19.974890434199573,-8.93265510215317,3274.7805,3318.7746516449697,3230.78634835503,0.026868458295125346,-0.14588698582732906,29.156113916136885,3316.08,3225.56,3316.08,3103.88,-0.01067734913978624,-0.019449810773421894,-0.009654327674713636,0.011177169288394184
2021-07-12,3227.51,3251.45,3227.51,3246.47,1135042.0,3261.5299999999997,3274.8059999999996,3274.4975,3219.5063333333333,3150.9662499999995,2831.680833333333,47.65410723614336,8.339361409388857,17.647784629237428,-9.30842321984857,3274.4975,3319.138880746574,3229.8561192534257,0.02726609548278734,0.18608161831832476,29.46639149355568,3316.08,3188.8,3316.08,3103.88,0.008862785313631383,-0.014192839205516838,-0.0017403978315750912,0.01632267173397861
2021-07-13,3253.24,3273.9,3253.24,3271.38,1150101.0,3254.764,3273.276,3275.135,3220.719,3152.4555833333334,2836.077458333333,52.86142472869449,8.11381219466466,15.740990142322875,-7.627177947658215,3275.135,3319.2123808201054,3231.057619179895,0.026916374940333873,0.4574044563205157,29.320934958301724,3316.08,3188.8,3316.08,3103.88,0.0076729493881046995,-0.010235355696007198,0.003912687233591949,0.02274730977734163
2021-07-14,3270.09,3270.09,3250.45,3264.81,908953.0,3250.6580000000004,3270.089,3274.4415,3221.8185000000003,3153.70775,2840.512333333333,51.40882665596797,7.320532186608489,14.05689855118,-6.736366364571511,3274.4415,3318.7099927568197,3230.17300724318,0.02703880509504891,0.3912149544721491,28.721582461280196,3316.08,3188.8,3316.08,3103.88,-0.0020083267611834543,-0.006248972709065215,-0.004230360998938587,0.020623100874066713
2021-07-15,3269.33,3286.58,3263.09,3286.22,1172430.0,3257.366,3270.505,3275.5045,3222.9105,3154.7525833333334,2844.9638333333332,55.68264817921103,8.323511870477432,12.910221215039488,-4.586709344562056,3275.5045,3319.8322161487094,3231.1767838512906,0.02706619157367022,0.6208668179977028,28.347897999760168,3316.08,3188.8,3316.08,3103.88,0.006557808877086124,0.010311496980951018,0.006511565225913785,0.020343403607911315
2021-07-16,3282.89,3282.89,3259.32,3276.91,1066507.0,3269.1580000000004,3270.0179999999996,3275.9535,3224.664666666666,3155.8882499999995,2849.2135,53.47988817079033,8.271789265298139,11.98253482509122,-3.7107455597930805,3275.9535,3320.1469439816647,3231.7600560183355,0.026980507496009686,0.5108217408943804,28.244476714062987,3316.08,3188.8,3316.08,3103.88,-0.0028330422187193838,0.018322223776006563,0.002747916877044565,0.03318451536419409
2021-07-19,3258.87,3258.87,3236.39,3244.04,1095559.0,3268.6719999999996,3265.1009999999997,3276.116,3225.773333333333,3156.1803333333332,2853.3005,46.487602584300525,5.514892189841248,10.689006298041226,-5.174114108199978,3276.116,3319.8121647740454,3232.4198352259546,0.02667559071415385,0.13296549976563998,29.12129980591563,3316.08,3188.8,3316.08,3103.88,-0.010030791202687905,-0.0007485052996022423,0.0010028418996603783,0.020934565321382603
2021-07-20,3223.24,3234.8,3214.42,3232.7,979670.0,3260.936,3257.85,3274.557,3226.55,3156.95025,2857.3242083333334,44.334009200258244,2.3874669348265343,9.028698425398288,-6.641231490571753,3274.557,3321.956143072007,3227.1578569279927,0.028949957549682027,0.05846248173292574,29.156921248350223,3316.08,3188.8,3316.08,3103.88,-0.0034956412374693713,-0.011823756335247015,-0.009553047293405448,0.014626031825742958
2021-07-21,3251.13,3252.25,3215.91,3215.91,990326.0,3251.156,3250.907,3271.543,3226.523,3157.7281666666668,2861.3514583333335,41.28446099711359,-1.42937583687808,6.937083572943014,-8.366459409821093,3271.543,3325.3733145445085,3217.7126854554917,0.03290821153474576,-0.016744147519344076,29.669998302039502,3316.08,3188.8,3316.08,3103.88,-0.005193800847588692,-0.014977900704788327,-0.01839942127898575,-0.0005034918089342755
2021-07-22,3235.17,3253.75,3235.17,3250.21,712983.0,3243.9539999999997,3250.66,3269.7485,3227.1028333333334,3159.237833333333,2865.514666666667,49.002014111980124,-1.6673081983344673,5.216205218687518,-6.883513417021986,3269.7485,3323.9099251193675,3215.587074880633,0.03312880187535361,0.3196271612412444,30.253569851893833,3316.08,3188.8,3316.08,3103.88,0.010665721366580616,-0.010957878656937092,-0.010921761358449134,0.010819737390449724
2021-07-23,3253.44,3264.01,3246.09,3254.42,805048.0,3239.4559999999997,3254.307,3267.3275,3228.3186666666666,3161.55625,2869.5748750000002,49.87292081679717,-1.4988813225713784,3.873187910435739,-5.372069233007117,3267.3275,3319.653383795316,3215.0016162046836,0.032029775891958344,0.3766623794593684,29.372600576758565,3316.08,3188.8,3316.08,3103.88,0.001295300919017528,-0.006863172928154859,-0.01466011069261608,0.022929652016206337
2021-07-26,3265.99,3265.99,3224.95,3224.95,826066.0,3235.638,3252.1549999999997,3263.4805,3229.1666666666665,3162.9597500000004,2873.379416666666,44.18473717538862,-3.7007248663744576,2.3584053550736996,-6.059130221448157,3263.4805,3316.3866215641547,3210.5743784358456,0.03242312712709915,0.1358597184894966,30.205986249847236,3313.51,3188.8,3316.08,3103.88,-0.00905537699497927,-0.005884637674011484,-0.023301805935388553,0.0160298922203983
2021-07-27,3244.43,3252.85,3230.75,3232.53,991938.0,3235.6040000000003,3248.27,3260.773,3230.5778333333333,3164.0907500000003,2877.0874166666667,45.894073023471904,-4.778970094524084,0.9309302651541429,-5.709900359678227,3260.773,3314.1928353045123,3207.353164695488,0.032765135938326376,0.2356506264105389,30.04127294628673,3313.51,3188.8,3316.08,3103.88,0.0023504240375820107,-5.258762025539543e-05,-0.016475592391105853,0.026897638395608547
2021-07-28,3226.06,3243.21,3210.9,3236.86,868602.0,3239.794,3245.475,3257.782,3232.4055000000003,3164.9839166666666,2880.7757083333336,46.89457214779794,-5.223874816355874,-0.3000307511478606,-4.923844065208013,3257.782,3309.496584634911,3206.0674153650893,0.03174833959725409,0.2977166388582354,30.203324878694815,3313.51,3188.8,3316.08,3103.88,0.0013395080633435974,0.006514485790958258,-0.018145528228399432,0.0350665131747252
2021-07-29,3248.49,3252.26,3232.5,3242.65,694823.0,3238.282,3241.118,3255.8115000000003,3233.9935,3166.2764166666666,2884.3435000000004,48.272012507309725,-5.051035213045907,-1.2502316435274698,-3.800803569518437,3255.8115000000003,3306.671877613241,3204.9511223867594,0.031242826934692543,0.37061146006342544,29.457373101645203,3313.51,3188.8,3316.08,3103.88,0.0017887705986665559,-0.0023260035505398013,-0.012007702479540194,0.03027289451192594
2021-07-30,3234.37,3234.66,3202.32,3202.32,687861.0,3227.862,3233.659,3251.8385000000003,3234.3865,3166.9571666666666,2887.608708333333,40.40964608369941,-8.075265891785875,-2.615238493179151,-5.460027398606725,3251.8385000000003,3306.2538894680692,3197.4231105319313,0.033467461233433915,0.04499544628769334,30.23398930867054,3313.51,3188.8,3316.08,3103.88,-0.012437358333461823,-0.01600899699485625,-0.024212470061978575,0.007418033560467441
2021-08-02,3218.42,3223.04,3194.0,3223.04,561003.0,3227.48,3231.559,3248.3300000000004,3234.8171666666667,3168.0555,2890.9032500000003,45.335790705742426,-8.699774077217171,-3.832145609986755,-4.867628467230416,3248.3300000000004,3300.6305434002534,3196.0294565997474,0.032201496399844216,0.25822430938759533,30.148704358051216,3313.51,3188.8,3316.08,3103.88,0.0064703090259561336,-0.0005922572442983443,-0.021307478114058975,0.008082071812836267
2021-08-03,3221.57,3237.14,3213.2,3237.14,653512.0,3228.4019999999996,3232.0029999999997,3244.9265,3234.6145,3169.3260833333334,2894.2349583333335,48.45830160637766,-7.9651320677717194,-4.658742901543748,-3.306389166227971,3244.9265,3290.390638955466,3199.462361044534,0.028021675656114763,0.41436657353582146,29.705225475333275,3313.51,3188.8,3316.08,3103.88,0.004374751787132647,0.0014261275224050074,-0.02059475797301835,-0.003742344504970352
2021-08-04,3246.65,3283.14,3237.55,3280.38,632241.0,3237.106,3238.45,3244.6785,3235.797,3170.824416666667,2897.8720000000003,56.63838288522833,-3.8494423786873995,-4.4968827969724785,0.647440418285079,3244.6785,3289.3045221279235,3200.0524778720765,0.027507207341450644,0.9000076446166246,30.8691379413809,3303.59,3188.8,3316.08,3103.88,0.013357469865375116,0.013445128921238503,-0.0015097371961502182,0.02210672923229362
2021-08-05,3283.25,3296.17,3273.33,3276.13,680941.0,3243.8020000000006,3241.0420000000004,3245.8509999999997,3237.7048333333328,3171.9005,2901.7382083333337,55.70262714387244,-0.9200622248044965,-3.7815186825388825,2.861456457734386,3245.8509999999997,3292.4451777045356,3199.2568222954637,0.028709991743019584,0.824922570712658,30.295628088425133,3295.71,3188.8,3316.08,3103.88,-0.001295581609447649,0.010324888594205328,0.007209439600575518,0.036205664113155844
2021-08-06,3277.06,3288.17,3261.93,3270.36,941361.0,3257.41,3242.636,3248.4715,3240.175666666667,3172.793083333333,2905.529125,54.388816338990715,0.9252363256714489,-2.8401676808968164,3.7654040065682652,3248.4715,3294.384399831766,3202.558600168234,0.028267386573510665,0.7383698272185358,30.005940367823353,3296.17,3188.8,3316.08,3103.88,-0.0017612243714382192,0.02124709585550466,0.01628676641961513,0.047483913122855936
2021-08-09,3258.1,3275.15,3251.74,3260.42,707654.0,3264.886,3246.183,3249.1690000000003,3241.960666666667,3173.848833333333,2909.6382916666666,52.108671644753315,1.5675045766060975,-1.9586332293962334,3.526137806002331,3249.1690000000003,3295.362078225658,3202.9759217743426,0.02843377997614633,0.6217823149286297,29.53480177012171,3296.17,3194.0,3316.08,3121.32,-0.003039420736555054,0.011597746227164363,0.004296974868087666,0.03396420280846857
2021-08-10,3272.44,3272.44,3232.46,3243.19,730349.0,3266.0960000000005,3247.249,3247.7594999999997,3243.7718333333332,3175.1532500000003,2913.549125,48.32665761254211,0.6783699632183016,-1.4312325908733265,2.1096025540916283,3247.7594999999997,3292.8631328798665,3202.655867120133,0.027775229588192625,0.44934443515702566,30.28088735797016,3296.17,3194.0,3316.08,3121.32,-0.005284595236196621,0.0018689336883792596,-0.008617158508030243,0.03466878501333537
2021-08-11,3235.36,3250.21,3217.65,3220.62,618092.0,3254.1440000000002,3245.625,3245.55,3244.5646666666667,3176.0949166666664,2917.26075,43.838202962037414,-1.8264320269086056,-1.5102724780803825,-0.31615954882822317,3245.55,3291.4191259995423,3199.680874000458,0.02826585694230076,0.22824858271499276,30.443681118115144,3296.17,3194.0,3316.08,3135.38,-0.006959197580160281,-0.018217401642492748,-0.013535244011136927,0.014991884779628428
2021-08-12,3213.58,3229.59,3202.11,3208.38,643282.0,3240.594,3242.1980000000003,3241.658,3245.3329999999996,3177.166833333333,2920.767625,41.582631486139334,-4.744479944792602,-2.1571139714228265,-2.587365973369775,3241.658,3286.2550634006548,3197.060936599345,0.027514971289787426,0.1269036853275059,30.231989609678347,3296.17,3194.0,3316.08,3137.81,-0.00380051046071872,-0.020679887550249854,-0.023686789076811543,0.014578089226760405
2021-08-13,3205.75,3209.72,3146.76,3171.29,696468.0,3220.78,3239.0950000000003,3236.377,3245.5808333333334,3178.010166666667,2924.109166666667,35.604460185189794,-9.935378114704235,-3.7127668000791085,-6.2226113146251265,3236.377,3287.5544618749523,3185.1995381250476,0.03162639079127822,-0.1358951539941002,32.56970463755844,3296.17,3194.0,3316.08,3137.81,-0.011560351329954699,-0.030293301043310294,-0.03223158402275306,0.004711033385924601
2021-08-17,3169.74,3179.49,3134.48,3143.09,690842.0,3197.314,3231.1,3231.3295000000003,3245.5606666666663,3179.244416666667,2927.436833333333,31.85467396607409,-16.138670092672328,-6.197947458597753,-9.940722634074575,3231.3295000000003,3296.4906244451968,3166.168375554804,0.04033084490157781,-0.1770869958990166,33.45829716344711,3296.17,3146.76,3316.08,3137.81,-0.008892280428469124,-0.035986161292103414,-0.03111860519599008,-0.0003848233311071203
2021-08-18,3141.98,3175.88,3124.56,3158.93,622791.0,3180.462,3223.279,3227.6410000000005,3245.3541666666665,3179.738083333333,2930.7915416666665,35.93604962803387,-19.551292923357778,-8.868616551549758,-10.68267637180802,3227.6410000000005,3300.0254864315734,3155.2565135684276,0.04485287330999506,0.025374818643252042,34.73413308034375,3296.17,3134.48,3316.08,3134.48,0.005039626609482983,-0.025980593181404776,-0.022819933801466297,-0.003906890506161553
2021-08-19,3140.01,3158.0,3097.83,3097.83,655629.0,3155.9039999999995,3205.0240000000003,3221.737,3244.1775,3180.445416666667,2934.0067916666667,28.776586069969966,-26.876267586449558,-12.470146758529719,-14.406120827919839,3221.737,3313.62138868471,3129.8526113152902,0.05704027900769668,-0.17425490757288498,36.61740928889062,3296.17,3124.56,3316.08,3124.56,-0.019341992383496875,-0.038126199303239794,-0.036717445450898833,-0.022282329103057275
2021-08-20,3111.1,3122.09,3049.03,3060.51,672088.0,3126.33,3183.462,3212.252,3242.4275000000002,3180.5840833333336,2936.9691250000005,25.44237624143088,-35.28601961495224,-17.03332132981422,-18.252698285138017,3212.252,3326.79267724596,3097.71132275404,0.0713148764455342,-0.16239349918525028,39.220451482541286,3296.17,3097.83,3316.08,3097.83,-0.012047142677293343,-0.04608868026854673,-0.058365459462619285,-0.033170010519631865
2021-08-23,3086.81,3111.81,3064.65,3090.21,570979.0,3110.1140000000005,3165.4469999999997,3204.0415000000003,3240.7855,3180.64425,2939.9934583333334,32.17723717284565,-39.1035060234376,-21.4473582685389,-17.656147754898704,3204.0415000000003,3328.432574482712,3079.6504255172886,0.07764635662972011,0.04244506499611865,40.083276376645465,3296.17,3049.03,3316.08,3049.03,0.009704264975445298,-0.0255668828773149,-0.05045753160317357,-0.03089631295217843
2021-08-24,3119.7,3142.58,3115.23,3138.3,586535.0,3109.156,3153.235,3199.709,3239.691833333333,3181.434333333333,2943.086791666667,41.40653694552467,-37.81255086172723,-24.72039678717657,-13.092154074550663,3199.709,3326.890024826676,3072.5279751733237,0.079495369626848,0.2585764068040472,40.96089949259935,3296.17,3049.03,3316.08,3049.03,0.015562049181123694,-0.0015239779961757627,-0.02686863362222658,-0.020481160578291524
2021-08-25,3148.13,3161.0,3124.25,3146.81,624688.0,3106.732,3143.597,3195.423,3238.440833333333,3182.438916666667,2946.3307916666668,42.887631923621015,-35.69134609558114,-26.914586648857483,-8.776759446723656,3195.423,3323.6639884707843,3067.1820115292153,0.08026542243126153,0.31046231559937365,40.66012095741369,3296.17,3049.03,3316.08,3049.03,0.0027116591785361077,-0.0038367421880193264,-0.026517928681249803,-0.023297029364934052
2021-08-26,3151.3,3159.37,3121.04,3128.53,727719.0,3112.8720000000003,3134.388,3190.0065,3236.8458333333333,3183.542416666666,2949.4320833333336,40.518349650836996,-35.08092816090175,-28.547854951266338,-6.533073209635411,3190.0065,3319.929272949795,3060.0837270502047,0.08145611800464683,0.263411376603871,40.49368374616985,3296.17,3049.03,3316.08,3049.03,-0.00580905742640947,0.009910162920496068,-0.03346761985380886,-0.02968150535166525
2021-08-27,3116.29,3143.01,3106.97,3133.9,520668.0,3127.55,3126.9399999999996,3184.569,3234.953666666667,3184.85725,2952.482041666667,41.540055580341395,-33.77452176580118,-29.59318831417331,-4.1813334516278715,3184.569,3314.326394995292,3054.811605004708,0.0814913383853778,0.30475486579459204,40.17556347858632,3296.17,3049.03,3316.08,3049.03,0.0017164610855577855,0.023979663520132144,-0.03353738454658994,-0.03495995294740761
2021-08-30,3160.87,3164.87,3132.77,3144.19,602858.0,3138.346,3124.2300000000005,3181.6625,3233.3555,3186.407833333333,2955.6836249999997,43.54129740368505,-31.545234456069466,-29.98359754255254,-1.5616369135169244,3181.6625,3312.3004107111115,3051.0245892888884,0.0821192761401384,0.3565787687661917,39.59873751583015,3296.17,3049.03,3316.08,3049.03,0.0032834487379942434,0.017468068513143198,-0.01815246446326413,-0.029594948272882116
2021-08-31,3144.49,3199.89,3130.3,3199.27,661221.0,3150.54,3129.8480000000004,3180.4739999999997,3232.474666666667,3187.95425,2959.0285833333332,52.84636603109834,-25.045305829286917,-28.995939199899418,3.9506333706125005,3180.4739999999997,3310.0124070303646,3050.935592969635,0.08145855431005873,0.572549911763213,41.74097055041369,3296.17,3049.03,3316.08,3049.03,0.01751802531017521,0.019427715642226673,-0.007375024821286713,-0.01625093784977183
2021-09-01,3195.67,3215.13,3185.8,3207.02,746705.0,3162.582,3134.657,3178.968,3231.7944999999995,3189.226166666667,2962.4049583333335,53.99526973496257,-19.049118947000807,-27.006575149319698,7.957456202318891,3178.968,3306.521352225508,3051.4146477744916,0.08024827694113826,0.6099618297385299,40.85447265395556,3296.17,3049.03,3316.08,3049.03,0.0024224276163000713,0.01913366234377034,-0.009304509536195549,-0.01256531283964979
2021-09-02,3198.03,3204.01,3171.78,3175.85,757859.0,3172.046,3142.459,3173.7415,3231.1223333333332,3190.3106666666667,2965.521375,48.84093934946359,-16.620663481426618,-24.929392815741085,8.308729334314467,3173.7415,3292.5087433416084,3054.974256658392,0.07484367793760661,0.50887660579077,40.45343889295872,3296.17,3049.03,3316.08,3049.03,-0.009719303278432956,0.01512531444480314,-0.03186521073778048,-0.01253972103551415
2021-09-03,3189.71,3203.08,3181.64,3201.06,641510.0,3185.478,3156.514,3169.9880000000003,3230.7293333333337,3191.426416666667,2968.677541666667,52.76805002019924,-12.51756403140189,-22.447027058873246,9.929463027471357,3169.9880000000003,3279.9965548671785,3059.979445132822,0.06940629104411637,0.6412253803238998,39.508907543461675,3296.17,3049.03,3316.08,3049.03,0.007938032337799328,0.02143016688471233,-0.022914231120254702,-0.007312444179815358
2021-09-06,3196.3,3206.25,3186.79,3203.33,726190.0,3197.306,3167.826,3166.6365,3229.9628333333335,3192.725,2971.8750833333334,53.11703229440482,-8.979152051680103,-19.753452057434618,10.774300005754515,3166.6365,3267.949786645756,3065.323213354244,0.06398794850356576,0.6810892786861189,38.0768427189287,3288.17,3049.03,3316.08,3049.03,0.0007091400973426865,0.018809295875885423,-0.020496214484032382,-0.014153730626715766
2021-09-07,3200.07,3201.76,3176.81,3187.42,760159.0,3194.936,3172.738,3162.9865,3228.8843333333334,3193.7367500000005,2975.130291666667,50.31120327424118,-7.37373922367351,-17.277509490682398,9.903770267008888,3162.9865,3255.3900380868354,3070.5829619131646,0.05842803191656708,0.6322108466076208,37.25135395329094,3275.15,3049.03,3316.08,3049.03,-0.004966706521026487,-0.0037039699681489235,-0.02238975346734473,-0.019897728565586248
2021-09-08,3178.74,3187.55,3157.07,3162.99,859889.0,3186.13,3174.356,3158.9764999999998,3227.290333333333,3194.7655833333333,2978.2577499999998,46.269536364725525,-7.980737843056431,-15.418155161157205,7.437417318100774,3158.9764999999998,3243.7560563267784,3074.196943673221,0.05367533207466322,0.5236702111563912,36.767685813770164,3272.44,3049.03,3316.08,3049.03,-0.007664506089564704,-0.01372925644367673,-0.024728739296803526,-0.02934975741339163
2021-09-09,3146.64,3158.6,3111.49,3114.7,927368.0,3173.8999999999996,3172.973,3153.6805,3224.557333333333,3195.425916666667,2981.279875,39.5125997972644,-12.217551714732508,-14.778034471872266,2.5604827571397575,3153.6805,3235.579707437958,3071.781292562042,0.05193881081990266,0.26202150656018597,37.81999396992944,3250.21,3049.03,3316.08,3049.03,-0.015267199706606727,-0.01925468772139749,-0.03288807745092559,-0.050014030036478085
2021-09-10,3121.09,3131.54,3103.38,3125.76,723085.0,3158.8399999999997,3172.159,3149.5495,3222.2373333333335,3196.4344166666665,2984.58475,41.61557572332041,-14.515482221433103,-14.725524021784434,0.21004180035133047,3149.5495,3228.2687691719498,3070.8302308280504,0.04998763738874381,0.34889659005830265,37.129994400648755,3229.59,3049.03,3316.08,3049.03,0.003550903778855252,-0.02352345785458554,-0.025751313747124693,-0.04263451925904138
2021-09-13,3117.35,3139.13,3109.01,3127.86,732269.0,3143.746,3170.526,3147.3779999999997,3219.902833333333,3197.5303333333336,2987.8956666666663,42.027709956622914,-15.982915157207572,-14.977002248869063,-1.0059129083385088,3147.3779999999997,3225.9745565655767,3068.7814434344227,0.04994414815479868,0.3758342550050857,36.62928051488812,3215.13,3049.03,3316.08,3049.03,0.0006718366093365624,-0.023559858022745073,-0.013694742518028935,-0.04286199520797562
2021-09-14,3137.32,3164.31,3137.32,3148.83,713227.0,3136.028,3165.482,3147.665,3218.370166666667,3198.7011666666663,2991.546208333333,46.11795719138092,-15.277651330168283,-15.037132065128908,-0.24051926503937437,3147.665,3226.2387456149695,3069.0912543850304,0.049925100425216494,0.5074134177445782,36.61647476382467,3215.13,3049.03,3316.08,3049.03,0.0067042642573516,-0.012106970527887784,0.0018262283294463444,-0.028375797259310276
2021-09-15,3147.21,3164.01,3138.8,3153.4,616557.0,3134.1099999999997,3160.12,3147.3885,3216.5288333333333,3199.6377500000003,2995.1904166666664,46.995651052455074,-14.186431507500401,-14.866991953603208,0.6805604461028061,3147.3885,3225.8405598261506,3068.9364401738494,0.04985216145140685,0.5383132069019062,35.801726566408625,3215.13,3049.03,3316.08,3049.03,0.0014513327172316348,-0.0030319412960521097,-0.0017505927640054653,-0.0338492836746449
2021-09-16,3165.38,3167.68,3126.65,3130.09,612873.0,3137.188,3155.544,3149.0015000000003,3214.0938333333334,3200.4215,2998.6154583333337,43.13598700368847,-15.029305646350167,-14.8994546921526,-0.12985095419756654,3149.0015000000003,3224.5856071321605,3073.41739286784,0.048005126153264875,0.37489764239105805,36.17517466880799,3215.13,3049.03,3316.08,3049.03,-0.007392021310331676,0.004941085818858992,0.010413741231765528,-0.04459448322594228
2021-09-17,3127.75,3142.13,3112.51,3140.51,589244.0,3140.138,3149.4890000000005,3153.0015,3211.6673333333333,3201.009083333333,3002.001375,45.298703452016156,-14.687177913011965,-14.856999336324474,0.16982142331250927,3153.0015,3217.011102802749,3088.9918971972506,0.040602329432922385,0.40242479680358895,35.706947906750266,3215.13,3049.03,3316.08,3049.03,0.003328977761022811,0.004718852375102278,0.026139434277293594,-0.04430479900185624
2021-09-23,3123.64,3131.63,3107.98,3127.58,623841.0,3140.082,3141.9139999999998,3154.87,3208.7463333333335,3201.5604166666667,3005.2079583333334,43.107751095355916,-15.283206863667147,-14.942240841793009,-0.34096602187413794,3154.87,3213.3846145844404,3096.3553854155593,0.03709478652650699,0.26681039263602563,35.48002305626812,3215.13,3064.65,3316.08,3049.03,-0.004117165683280799,-8.951807305956905e-05,0.012093029276327494,-0.053063424204623955
2021-09-24,3140.73,3146.86,3119.4,3125.24,753222.0,3135.364,3135.6960000000004,3154.2169999999996,3205.8021666666664,3201.8757499999997,3008.371875,42.70519180423939,-15.76268017983648,-15.106328709401703,-0.6563514704347764,3154.2169999999996,3213.739507372973,3094.694492627026,0.03774154243222547,0.25658787508372805,34.907164266534686,3215.13,3103.38,3313.51,3049.03,-0.0007481823006926236,-0.007491671509735398,-0.004161488704075622,-0.05349966231461378
2021-09-27,3121.7,3146.35,3119.26,3133.64,883229.0,3131.4120000000003,3132.761,3153.5585,3203.2515,3202.0494166666667,3011.483125,44.70153709562508,-15.288618758831944,-15.142786719287752,-0.14583203954419233,3153.5585,3213.682573805471,3093.4344261945294,0.03813093925828282,0.3343550366825957,34.34879539035362,3215.13,3103.38,3313.51,3049.03,0.0026877935774531903,-0.006266252299105823,-0.004185190716948339,-0.04656370562391232
2021-09-28,3133.4,3134.46,3095.72,3097.92,894913.0,3124.978,3131.0829999999996,3152.0280000000002,3199.9388333333336,3201.8585,3014.4246249999997,38.55026906542446,-17.59243253144814,-15.63271588171983,-1.9597166497283087,3152.0280000000002,3216.054384436151,3088.0016155638496,0.04062551756275686,0.0774554468716055,34.66245286247124,3215.13,3103.38,3313.51,3049.03,-0.011398884364508977,-0.010277659747802814,-0.009784147826615075,-0.060290959389446286
2021-09-29,3055.5,3069.04,3030.6,3060.27,821557.0,3108.93,3124.534,3148.3465,3196.2423333333336,3201.30175,3017.1602083333332,33.3422215200891,-22.20035007373781,-16.94624272012343,-5.25410735361438,3148.3465,3223.6017016206583,3073.091298379342,0.047806174841719756,-0.0851854629529179,36.99513480086617,3215.13,3095.72,3313.51,3049.03,-0.01215331577316392,-0.025549990288201707,-0.02349468713105085,-0.06757646112502513
2021-09-30,3054.87,3079.43,3046.43,3068.82,885818.0,3097.178,3118.63,3144.578,3192.693,3200.7301666666667,3019.9338333333335,35.4741236138686,-24.875495155888075,-18.53209320727636,-6.343401948611714,3144.578,3227.4512559030118,3061.704744096988,0.052708666093200296,0.04292854085121929,36.709768029375724,3215.13,3030.6,3313.51,3030.6,0.0027938711290180773,-0.01878768888405724,-0.023971197669351962,-0.06489161369744467
2021-10-01,3056.21,3062.6,3015.01,3019.18,855481.0,3075.966,3105.665,3135.5735,3188.1258333333335,3199.6961666666666,3022.595083333333,29.562487014969648,-30.647811158645254,-20.95523679755014,-9.692574361095115,3135.5735,3230.9167806807404,3040.2302193192595,0.060813934472108824,-0.11039172959522388,37.9312131701346,3215.13,3030.6,3313.51,3030.6,-0.016175598438487815,-0.03393659366960611,-0.05629096637670472,-0.08321060606520692
2021-10-05,2998.17,2998.17,2940.59,2962.17,840557.0,3041.6719999999996,3086.5420000000004,3123.3309999999997,3182.4084999999995,3198.2819166666663,3025.0990833333335,24.51059692121342,-39.36882442395472,-24.637954322831057,-14.730870101123664,3123.3309999999997,3239.4501639479327,3007.2118360520667,0.07435597696685557,-0.19394660846965395,40.83541222941067,3215.13,3015.01,3313.51,3015.01,-0.018882610510138398,-0.054719112597490405,-0.07634813627604442,-0.10378765645753218
2021-10-06,2986.06,2993.47,2908.3,2908.31,901721.0,3003.75,3064.364,3109.954,3176.124666666667,3196.3879166666666,3027.4606666666664,20.880246559225526,-50.04940376943705,-29.72024421215226,-20.32915955728479,3109.954,3256.456698732711,2963.451301267289,0.09421534770785098,-0.18819210070625592,44.002168498738456,3206.25,2940.59,3303.59,2940.59,-0.018182616122639828,-0.06120558310091939,-0.08424201394902153,-0.11476133368235863
2021-10-07,2936.87,2961.53,2927.6,2959.46,595381.0,2983.588,3046.2589999999996,3097.8740000000003,3171.237666666667,3194.6410833333334,3030.0136666666667,31.28871220243076,-53.76667358405257,-34.52953008653232,-19.23714349752025,3097.8740000000003,3251.9809865254915,2943.767013474509,0.09949209459486813,0.05091588278801114,44.66058503454287,3206.25,2908.3,3296.17,2908.3,0.017587533653565135,-0.03294153783816456,-0.07547499890661213,-0.09014720169214308
2021-10-08,2977.82,2978.08,2949.01,2956.3,668946.0,2961.084,3029.1310000000003,3085.5225,3166.8768333333333,3192.757083333333,3032.5048749999996,31.017236467971642,-56.31841861163957,-38.887307791553766,-17.431110820085806,3085.5225,3243.393241415148,2927.651758584852,0.10232998878805656,0.09073321996953451,43.54697181778979,3206.25,2908.3,3296.17,2908.3,-0.0010677623620525267,-0.03666555874896538,-0.07711662551157694,-0.08130952935875313
2021-10-12,2950.22,2950.94,2901.51,2916.38,660180.0,2940.5240000000003,3008.245,3071.9705000000004,3161.375333333333,3190.4408333333336,3034.7778749999998,27.742495278746887,-60.86034513055574,-43.281915259354165,-17.57842987120158,3071.9705000000004,3238.805032213715,2905.1359677862856,0.10861727494695325,0.03369815608470945,44.35004525937623,3201.76,2908.3,3296.17,2908.3,-0.013503365693603553,-0.03404898018667313,-0.08503429105671667,-0.10167659026573472
2021-10-13,2913.34,2953.33,2909.47,2944.41,752132.0,2936.972,2989.322,3061.0415000000003,3155.9258333333332,3188.3224166666664,3037.233541666667,33.0846548032938,-61.4892579857692,-46.92338380463717,-14.565874181132031,3061.0415000000003,3231.1985313885666,2890.884468611434,0.11117590623228488,0.15728274921045243,44.31504202656365,3187.55,2901.51,3296.17,2901.51,0.009611230360926815,-0.005995604573674096,-0.06910549827852763,-0.09994864552574145
2021-10-14,2968.87,2988.97,2962.33,2988.64,617170.0,2953.0379999999996,2978.3940000000002,3054.7385,3151.3229999999994,3186.57075,3039.8495,40.553274642387755,-57.75294460468831,-49.0892959646474,-8.663648640040911,3054.7385,3225.8146602648653,2883.6623397351345,0.11200707377398451,0.306815572965677,44.33253902466625,3167.68,2901.51,3296.17,2901.51,0.015021685159335885,0.027620851972451232,-0.040472597681959765,-0.08458991488019219
2021-10-15,3012.62,3021.9,2999.33,3015.06,857797.0,2964.1580000000004,2973.873,3049.2035,3146.8036666666667,3184.8570833333333,3042.645958333333,44.53553813314407,-52.059901988688125,-49.68341716945555,-2.376484819232573,3049.2035,3217.876478544194,2880.530521455806,0.11063412366160143,0.3987878784892205,43.54164338004725,3167.68,2901.51,3296.17,2901.51,0.008840141335189289,0.01878721118041793,-0.03541538697788704,-0.08251425650139066
2021-10-18,3017.48,3021.17,2990.44,3006.68,926369.0,2974.234,2967.659,3043.1445000000003,3142.2998333333335,3183.48225,3045.4619583333333,43.53926361138756,-47.67475575690878,-49.2816848869462,1.6069291300374218,3043.1445000000003,3208.7585343659634,2877.5304656340372,0.10884401602747625,0.3899112018507332,42.62652599575816,3167.68,2901.51,3296.17,2901.51,-0.0027793808415089716,0.017041572235564573,-0.038742143190552136,-0.08246488307582445
2021-10-19,3022.23,3034.53,3014.19,3029.04,845703.0,2996.766,2968.645,3037.1549999999997,3138.7165,3182.244916666667,3048.311041666667,46.94942460350293,-41.91209411369755,-47.80776673229647,5.8956726185989226,3037.1549999999997,3195.554540213886,2878.7554597861135,0.10430784086678897,0.474384395342808,41.571059853204034,3167.68,2901.51,3296.17,2901.51,0.007436774116301059,0.038630082499537144,-0.03804270157487066,-0.0662753850137483
2021-10-20,3043.13,3047.24,3012.97,3013.13,680326.0,3010.5099999999998,2973.741,3030.1415,3135.057,3180.8035000000004,3051.171291666667,44.87263280718852,-38.18873135490048,-45.883959656817275,7.695228301916792,3030.1415,3179.495166613749,2880.7878333862514,0.09857867470132918,0.4430496070645712,41.04955557797517,3167.68,2901.51,3296.17,2901.51,-0.005252489237514202,0.02333914094844136,-0.04448214625483604,-0.06792155164413638
2021-10-21,3012.28,3025.88,3002.74,3007.33,887369.0,3014.248,2983.643,3024.0035,3131.5806666666667,3179.051833333333,3054.255375,44.106666929834766,-35.299045645245315,-43.766976854502886,8.467931209257571,3024.0035,3166.347976292447,2881.6590237075525,0.09414306318921081,0.44143257106182293,39.77030160811982,3167.68,2901.51,3296.17,2901.51,-0.0019249086498094314,0.006253680603886647,-0.03921931957228075,-0.06485878025193492
2021-10-22,3005.36,3018.7,2996.26,3006.16,695272.0,3012.468,2988.313,3017.286,3127.5131666666666,3177.308,3057.197041666667,43.943712127487004,-32.726111876766936,-41.5588038589557,8.832691982188763,3017.286,3149.310148912127,2885.2618510878733,0.08751185596070558,0.4578637692737353,38.53242292182552,3146.86,2901.51,3296.17,2901.51,-0.0003890494225775587,-0.002951848387760192,-0.042779675912511084,-0.07508745588746579
2021-10-25,3001.1,3025.27,2983.29,3020.54,791795.0,3015.2400000000002,2994.737,3011.934,3123.615166666667,3175.9669166666663,3060.018833333333,46.557138876894626,-29.190210925659358,-39.08508527229644,9.894874346637081,3011.934,3133.937953607953,2889.930046392047,0.0810136965869458,0.5352693488428016,38.77867842740942,3146.86,2901.51,3296.17,2901.51,0.004783511190355805,0.0046097356552743385,-0.03422454421629506,-0.07186534006059453
2021-10-26,3039.82,3051.65,3030.53,3049.08,564559.0,3019.248,3008.0069999999996,3008.126,3120.684,3174.925333333333,3062.901166666667,51.400000176631615,-23.81057102464183,-36.03018242276552,12.21961139812369,3008.126,3120.087048476565,2896.1649515234353,0.07443906836120885,0.6828939642726373,38.230915682594464,3146.86,2901.51,3296.17,2901.51,0.009448641633615251,0.006615957531098893,-0.024369328435576154,-0.054534178824477864
2021-10-27,3045.83,3049.02,3019.0,3025.49,607875.0,3021.7200000000003,3016.115,3002.7185,3117.233333333333,3173.905583333333,3065.4499166666665,47.56342178206074,-21.206231261454832,-33.06539219050338,11.85916092904855,3002.7185,3099.2993521963435,2906.1376478036564,0.06432894205457061,0.6178882743429651,37.648707419552,3146.35,2901.51,3296.17,2901.51,-0.0077367599407034415,0.004102046708903906,-0.03451257961986698,-0.06404890287174458
2021-10-28,3023.17,3034.42,3009.55,3009.55,617256.0,3022.1639999999998,3018.2059999999997,2998.3,3113.4448333333335,3172.9251666666664,3067.920958333333,45.113070212175444,-20.195694623500458,-30.4914526771028,10.295758053602341,2998.3,3084.592741293646,2912.007258706354,0.057561112159320964,0.5651850887533942,36.7359426038697,3134.46,2901.51,3296.17,2901.51,-0.005268568066660095,0.0007381963402752767,-0.02852559136452837,-0.07022546542019115
2021-10-29,3025.67,3030.17,2965.4,2970.68,545833.0,3015.068,3013.768,2993.8205000000003,3108.912,3171.4527499999995,3070.102125,39.737039682106335,-22.274554014009027,-28.848072944484045,6.573518930475018,2993.8205000000003,3075.9830840572968,2911.6579159427038,0.054888116409982826,0.3591786013943811,38.738375275021866,3079.43,2901.51,3296.17,2901.51,-0.012915552158960786,-0.011802432338930746,-0.029275194672365612,-0.08387275839205599
2021-11-01,2984.18,2991.81,2976.87,2978.94,475382.0,3006.748,3010.9939999999997,2989.3265,3105.189,3169.78775,3072.29425,41.33687301422223,-22.990531553421533,-27.676564666271545,4.686033112850012,2989.3265,3064.0874987291,2914.5655012709003,0.050018623746251746,0.4305353046604148,37.48063418394889,3079.43,2901.51,3296.17,2901.51,0.0027805081664804554,-0.013772371827553975,-0.02928813029112165,-0.06975567713407782
2021-11-02,2995.58,3034.3,2995.58,3013.49,525853.0,2999.63,3009.439,2989.042,3101.6965,3168.256833333333,3074.4926666666665,47.60279634956313,-20.533356901355546,-26.247923113288348,5.714566211932802,2989.042,3063.3885656501525,2914.6954343498473,0.04974608295912374,0.6644191617070996,38.75773174223826,3062.6,2901.51,3296.17,2901.51,0.011598085224945764,-0.011672373306046424,-0.001884617677647582,-0.06501625794281185
2021-11-03,3020.36,3020.87,2969.01,2975.71,658648.0,2989.674,3005.6969999999997,2989.719,3097.339333333333,3165.9769166666665,3076.576375,42.28420499974742,-21.388010870234666,-25.275940664677613,3.8879297944429467,2989.719,3063.317274952423,2916.1207250475773,0.04923424238359712,0.40482793238662146,39.693608046364076,3051.65,2901.51,3296.17,2901.51,-0.01253695880855743,-0.01645353314669684,0.004570973306731174,-0.08075955936413004
2021-11-04,3000.92,3011.56,2978.07,2983.22,772023.0,2984.4080000000004,3003.286,2993.4644999999996,3092.3866666666663,3164.0918333333334,3078.615333333333,43.63241108444901,-21.214785223399304,-24.463709576421955,3.2489243530226517,2993.4644999999996,3057.0534403825245,2929.8755596174747,0.04248518088824834,0.41944747043768077,39.41906461448092,3051.65,2901.51,3296.17,2901.51,0.002523767437014879,-0.008748816268213,0.0257572267055437,-0.09058706613258227
2021-11-05,3003.53,3003.53,2953.96,2969.27,688027.0,2984.1259999999997,2999.597,2993.955,3087.272333333334,3162.4885833333333,3080.3913333333335,41.68455989350962,-21.9501237026775,-23.960992401673067,2.0108686989955658,2993.955,3056.631985728194,2931.2780142718057,0.041869023233945916,0.30307763915889957,40.14413142773229,3051.65,2901.51,3296.17,2901.51,-0.004676155295284867,-0.0004746388032369486,0.00331479391510614,-0.09366539178848221
2021-11-08,2965.36,2968.18,2930.9,2960.2,560205.0,2980.3779999999997,2993.5629999999996,2994.15,3082.103,3161.139333333333,3082.145708333333,40.42106898725411,-22.999632497522725,-23.768720420843,0.7690879233202743,2994.15,3056.379837216341,2931.920162783659,0.04156761499346453,0.22722088375409286,40.01740775432283,3051.65,2901.51,3288.17,2901.51,-0.0030546228534287234,-0.0062908282812007554,0.0013192165883029183,-0.09483971183600592
2021-11-09,2958.15,2987.28,2949.17,2962.46,708773.0,2970.1719999999996,2984.9010000000003,2996.4539999999997,3077.1369999999997,3159.5488333333337,3083.8824583333335,40.901750426811624,-23.379508248498496,-23.6908779863741,0.31136973787560507,2996.4539999999997,3049.7694350631427,2943.1385649368567,0.03558568565587392,0.18119926284255575,39.88116434329978,3051.65,2901.51,3275.15,2901.51,0.0007634619282481658,-0.016933854102718082,0.01580041009744959,-0.09138699922095928
2021-11-10,2947.46,2958.61,2924.36,2930.17,570931.0,2961.064,2975.3689999999997,2995.742,3071.92,3157.8459166666667,3085.4772499999995,36.38495169941587,-25.98653901352509,-24.150010191804302,-1.836528821720787,2995.742,3052.1113709737147,2939.3726290262857,0.03763299441254585,-0.0816279201570026,39.75393831877837,3051.65,2909.47,3272.44,2901.51,-0.01089972522835747,-0.015303910663337472,-0.004836282990480223,-0.0965160844723868
2021-11-11,2911.41,2925.19,2903.72,2924.92,572859.0,2949.4039999999995,2966.906,2992.556,3066.991666666667,3155.7781666666665,3087.0248333333334,35.69476074823615,-28.151745008761736,-24.95035715519579,-3.2013878535659472,2992.556,3056.8208197381146,2928.2911802618855,0.04294978589414167,-0.026228815980682347,38.803657010294216,3051.65,2924.36,3250.21,2901.51,-0.001791704918144732,-0.019542641843377173,-0.021320734514695627,-0.0918146195453049
2021-11-12,2945.95,2973.84,2938.27,2968.8,665733.0,2949.3100000000004,2966.718,2990.2429999999995,3062.998666666667,3154.165833333333,3088.550708333333,45.07307430858126,-26.026915004929833,-25.165668725142602,-0.8612462797872311,2990.2429999999995,3054.4313999175265,2926.0546000824725,0.0429318954463079,0.33296826196360624,39.52625293813035,3051.65,2903.72,3229.59,2901.51,0.015002119716094775,-0.0001582880640695894,-0.015342978249188954,-0.0746731995586557
2021-11-15,2989.68,3003.71,2979.96,2999.52,639395.0,2957.174,2968.7760000000003,2989.8849999999998,3060.1358333333333,3152.858333333333,3090.1413749999997,50.51430727546223,-21.614960842327037,-24.455527148579492,2.8405663062524553,2989.8849999999998,3053.781913696769,2925.9880863032304,0.04274205442468148,0.5753948778005483,39.196520585406745,3051.65,2903.72,3215.13,2901.51,0.010347615198059712,0.0132828862914669,-0.0023813641624648163,-0.05416407834035997
2021-11-16,2995.68,3011.88,2985.34,2997.21,579646.0,2964.1240000000003,2967.148,2988.2935,3057.7045000000003,3151.6325833333335,3091.7900000000004,50.11230192496808,-18.096250762313502,-23.183671871326297,5.087421109012794,2988.2935,3049.749113339812,2926.8378866601884,0.041130908553535225,0.5725442275768776,38.29248340073483,3051.65,2903.72,3215.13,2901.51,-0.0007701232197151464,0.01173011618722275,-0.010508279851041857,-0.04641292486056714
2021-11-17,3004.02,3004.67,2957.7,2962.42,541489.0,2970.574,2965.8190000000004,2985.758,3054.429333333333,3149.8917500000002,3093.192125,44.38347308042708,-17.908472200908363,-22.12863193724271,4.220159736334345,2985.758,3047.0898402134853,2924.4261597865143,0.04108292782836755,0.3097399334606283,38.912306014968074,3051.65,2903.72,3215.13,2901.51,-0.011607461605960157,0.011006187354317243,-0.016829675453764015,-0.06220777288512247
2021-11-18,2959.26,2964.48,2937.53,2947.38,541652.0,2975.0660000000003,2962.2349999999997,2982.7605,3051.9218333333333,3148.049666666667,3094.5001666666662,42.140621565258925,-18.75703917187684,-21.454313384169534,2.697274212292694,2982.7605,3045.427545079313,2920.093454920687,0.04201949508136043,0.21771048120091469,38.05785558532749,3051.65,2903.72,3215.13,2901.51,-0.0050769303474861305,0.007678842498256344,-0.01993462639617194,-0.048566254442625856
2021-11-19,2951.06,2974.64,2948.07,2971.02,657093.0,2975.5099999999998,2962.41,2981.0035,3050.430333333333,3146.4289166666667,3096.0821666666666,46.69985616221298,-17.322303446318074,-20.62791139659924,3.3056079502811677,2981.0035,3042.913684065085,2919.0933159349147,0.04153647190624574,0.41937110064553884,37.28658018637551,3051.65,2903.72,3215.13,2901.51,0.008020682775889076,0.0007477768795471906,-0.011689331239854162,-0.029240224668437675
2021-11-22,2983.38,3018.01,2980.73,3013.25,530959.0,2978.256,2967.715,2980.639,3049.1476666666663,3144.9665833333333,3097.661333333333,53.71612442533594,-12.632042653401186,-19.02873764795963,6.396694994558445,2980.639,3041.69372820325,2919.5842717967503,0.040967543002188356,0.7670636735245022,37.97968160163442,3051.65,2903.72,3215.13,2901.51,0.014213973652146494,0.0045773990505146855,-0.0024134757361266024,-0.024904456331446778
2021-11-23,3013.16,3016.36,2992.14,2997.33,524233.0,2978.2799999999997,2971.202,2978.0515,3046.798166666667,3143.245,3099.0006249999997,50.99104966011001,-10.083353511902715,-17.23966082074825,7.156307308845534,2978.0515,3031.1531290802154,2924.9498709197846,0.03566199515368716,0.6815245627481388,36.996847201517696,3051.65,2903.72,3215.13,2901.51,-0.005283331950551751,4.0037234628087504e-05,-0.016972332638041654,-0.044919223783577156
2021-11-24,3006.34,3017.9,2981.02,2994.29,556640.0,2984.654,2977.614,2976.4915,3044.256166666667,3141.3485,3100.242583333333,50.46457727740803,-8.21411440090651,-15.434551536779903,7.220437135873393,2976.4915,3025.6107847156068,2927.3722152843934,0.033004821089263434,0.6811762946371321,36.98850097283787,3049.02,2903.72,3215.13,2901.51,-0.0010142360033763564,0.010758096421169094,-0.010312379151806716,-0.048468131218599164
2021-11-25,2996.74,2996.74,2973.24,2980.27,595969.0,2991.232,2983.149,2975.0274999999997,3041.785166666667,3139.3154999999997,3101.2793333333334,48.003023392981845,-7.774407240999153,-13.902522677623754,6.128115436624601,2975.0274999999997,3021.8079817736293,2928.24701822637,0.03144877267428931,0.5560329842835812,36.025036617635166,3034.42,2903.72,3215.13,2901.51,-0.004682245206710123,0.011159063303679773,-0.009729029256865696,-0.04738966863031524
2021-11-26,2973.04,2985.77,2930.31,2936.44,595597.0,2984.316,2979.913,2973.3154999999997,3038.4941666666664,3136.723916666667,3102.0751666666665,41.2318535632824,-10.837720352285032,-13.28956221255601,2.451841860270978,2973.3154999999997,3023.0217227389376,2923.609277261062,0.033434879506690676,0.1290655579113955,37.41324828780409,3034.3,2903.72,3215.13,2901.51,-0.01470672120311245,-0.01163910037630167,-0.011525980583570017,-0.06300775391684488
2021-11-29,2906.15,2930.22,2890.78,2909.32,844400.0,2963.53,2970.893,2969.8345,3034.5796666666665,3133.967583333333,3102.9434583333336,37.68930254356486,-15.277664010959143,-13.687182572236638,-1.5904814387225041,2969.8345,3026.7115334930804,2912.9574665069194,0.03830316705734309,-0.0319765842513728,38.002301981532355,3034.3,2903.72,3215.13,2901.51,-0.009235673128005328,-0.03449099809176137,-0.023370729185549166,-0.07469968417939121
2021-11-30,2932.71,2942.93,2822.73,2839.01,983556.0,2931.8660000000004,2955.073,2961.1105000000002,3028.575333333333,3130.525,3103.2915416666665,30.397522772459993,-24.190922843128646,-15.787930626415042,-8.402992216713605,2961.1105000000002,3038.391892708551,2883.8291072914494,0.05219757432797648,-0.2899734704605691,43.87356612570861,3034.3,2890.78,3215.13,2890.78,-0.024167159336202282,-0.05282034343899389,-0.05789964459812358,-0.11260693845783565
2021-12-01,2860.12,2905.74,2837.03,2899.72,563927.0,2912.952,2948.803,2957.3109999999997,3023.453666666667,3127.6240833333336,3103.930125,41.010101188541206,-26.055602294622076,-17.84146496005645,-8.214137334565628,2957.3109999999997,3038.710007831627,2875.9119921683723,0.05504933896477401,0.14624261686870924,45.647597116729386,3020.87,2822.73,3215.13,2822.73,0.021384214919989653,-0.03158344716109662,-0.025536762654963074,-0.09582104258782298
2021-12-02,2874.64,2945.27,2874.64,2945.27,534461.0,2905.952,2948.592,2955.4135,3019.610666666667,3125.3664999999996,3104.660166666667,47.48048116715519,-23.585985314514346,-18.99036903094803,-4.595616283566315,2955.4135,3036.0741368123477,2874.7528631876526,0.05458500938183272,0.43712236599620197,47.43205446553444,3018.01,2822.73,3206.25,2822.73,0.015708413226104723,-0.011743902398104855,-0.012721153652764383,-0.07260418470645646
2021-12-03,2935.93,2975.44,2927.55,2968.33,486749.0,2912.3300000000004,2948.323,2955.3665,3015.7318333333333,3123.230583333333,3105.5190416666665,50.44397612759246,-19.542769899164796,-19.100849204591384,-0.44192069457341177,2955.3665,3035.9958753601836,2874.7371246398166,0.05456472174275748,0.5803894358730297,47.4647648608534,3018.01,2822.73,3206.25,2822.73,0.007829502897866769,0.010860089087466385,-0.0003165761281392898,-0.0727040417861583
2021-12-06,2954.82,2983.5,2932.49,2973.25,479907.0,2925.1160000000004,2944.323,2956.0190000000002,3011.8971666666666,3120.93,3106.420833333333,51.07824870198396,-15.759820272903198,-18.432643418253747,2.6728231453505487,2956.0190000000002,3037.0047056274343,2875.033294372566,0.054793765281910614,0.6063829713311946,47.71799594222103,3018.01,2822.73,3206.25,2822.73,0.001657497650193962,0.021974207031196347,0.004408485913113935,-0.07182525684209862
2021-12-07,2973.84,2992.31,2960.9,2991.72,541370.0,2955.658,2943.7619999999997,2957.482,3008.6355,3118.7599166666664,3107.337208333333,53.48514630803766,-11.14298144579925,-16.974711023762847,5.831729577963596,2957.482,3039.9243315049575,2875.0396684950424,0.05575170466292445,0.7076481788845392,46.55313908920524,3018.01,2822.73,3201.76,2822.73,0.006212057512822611,0.053789877457282476,0.009876926608291647,-0.061397619391231895
2021-12-08,3017.93,3036.13,2995.34,3001.8,488246.0,2976.0739999999996,2944.513,2961.0634999999997,3005.949,3116.619666666667,3108.3012499999995,54.79235762265837,-6.5947119209076845,-14.898711203191816,8.303999282284131,2961.0634999999997,3044.664082599484,2877.4629174005154,0.056466592222344694,0.7436376561821454,46.4000577256906,3018.01,2822.73,3187.55,2822.73,0.0033692992659741794,0.03520339894886426,0.02444568062603869,-0.05096127398442596
2021-12-09,3007.0,3029.57,3001.55,3029.57,513445.0,2992.9339999999997,2949.443,2966.296,3004.5301666666664,3114.54375,3109.3737083333335,58.27160900959126,-0.7408288239598733,-12.067134727345428,11.326305903385554,2966.296,3053.2264249154064,2879.3655750845933,0.05861210406204003,0.8639347217132168,45.087196459569846,3036.13,2822.73,3167.68,2822.73,0.009251115997068515,0.02862216367260051,0.03577875634205374,-0.027331685234532888
2021-12-10,3008.7,3017.64,2998.29,3010.23,451599.0,3001.3140000000003,2956.8219999999997,2968.3675000000003,3002.6046666666666,3112.4210000000003,3110.338625,55.09162589891508,2.31119729272541,-9.19146832333126,11.502665616056671,2968.3675000000003,3057.387270809484,2879.3477291905165,0.05997894183215778,0.7351303514900752,44.100968141029156,3036.13,2822.73,3167.68,2822.73,-0.006383744227728694,0.014115681207951924,0.013955133387227203,-0.036960611179361225
2021-12-13,3019.67,3043.83,3000.51,3001.66,375828.0,3006.996,2966.0559999999996,2968.4745,3000.5013333333336,3110.202083333333,3111.4552083333333,53.69333598036646,3.9924006913506673,-6.554694520394875,10.547095211745543,2968.4745,3057.6488026828524,2879.300197317147,0.0600808952092077,0.6860709812221572,44.0451847023842,3036.13,2822.73,3167.68,2822.73,-0.002846958538051947,0.009555200538131636,0.0007134474849308514,-0.04034707435754803
2021-12-14,2983.95,3001.7,2976.16,2987.95,581569.0,3006.2419999999997,2980.95,2968.0115,2997.8199999999997,3108.095083333333,3112.40575,51.44383448979441,4.170410183819513,-4.409673579551998,8.580083763371512,2968.0115,3056.6789236175446,2879.3440763824556,0.05974870624156577,0.6124341905207593,42.723385795071046,3043.83,2822.73,3167.68,2822.73,-0.0045674726651253605,-0.0012601446659447069,-0.003089539938809782,-0.051091992898949834
2021-12-15,2979.83,2992.3,2973.0,2989.39,432874.0,3003.7599999999998,2989.917,2969.36,2995.0865,3105.8076666666666,3113.166291666667,51.67285100054173,4.377222063288627,-2.652294450983873,7.0295165142725,2969.36,3058.4655176741207,2880.2544823258795,0.06001664848595025,0.6123948354873716,41.050286809708844,3043.83,2822.73,3167.68,2822.73,0.00048193577536448373,-0.00413418615497374,0.009104043315937504,-0.05201052831864028
2021-12-16,3013.26,3018.2,2989.63,3006.41,402825.0,2999.1279999999997,2996.031,2972.3115,2993.025166666667,3103.5595,3113.9905,54.40985321008608,5.847092087792589,-0.9524171432285806,6.79950923102117,2972.3115,3062.2162512146765,2882.406748785323,0.060494837916333276,0.6896368075063066,40.175980609015355,3043.83,2822.73,3167.68,2822.73,0.005693469236198734,-0.007644649240651447,0.020027957033025956,-0.03951324083333074
2021-12-17,2985.2,3017.73,2984.19,3017.73,451824.0,3000.6279999999997,3000.971,2974.647,2990.978833333333,3101.3230833333337,3114.8122500000004,56.18713849833808,7.835086071801925,0.8050834997775206,7.030002572024404,2974.647,3066.6974235947496,2882.5965764052503,0.06188998129509125,0.7340184776860573,39.701981994085685,3043.83,2822.73,3146.86,2822.73,0.003765288167615344,0.002491503971457254,0.0157218732960398,-0.03909556091208122
2021-12-20,3001.33,3001.33,2962.07,2963.0,377584.0,2992.8959999999997,2999.946,2972.1345,2988.235833333333,3098.4910833333333,3115.185291666667,46.70668877192012,4.937416559880148,1.6315501117980462,3.305866448082102,2972.1345,3062.5619408516186,2881.7070591483816,0.06085016734714965,0.4494926544753775,40.84184042307955,3043.83,2822.73,3146.86,2822.73,-0.018136148694548604,-0.012879539987873279,-0.01667634613789093,-0.05262215514870916
2021-12-21,2981.67,2984.56,2955.9,2975.03,410979.0,2990.3120000000004,2998.277,2971.0195,2985.7323333333334,3095.76725,3115.312708333333,48.75351498327314,3.570553933047904,2.019350876048018,1.5512030569998863,2971.0195,3060.7238103700874,2881.3151896299123,0.06038621447626821,0.5223539982831061,39.97170896428815,3043.83,2822.73,3146.86,2822.73,0.004060074249071954,-0.004324034873408045,-0.007439954893188161,-0.04806350872252996
2021-12-22,2993.5,3000.79,2976.65,2984.48,461755.0,2989.3300000000004,2996.545,2970.5289999999995,2983.2463333333335,3093.2489166666664,3115.287333333333,50.36615362408074,3.212806246121545,2.2580419500627236,0.9547642960588214,2970.5289999999995,3059.8253309211127,2881.2326690788864,0.060121500864737006,0.5781163114771489,38.9565868954104,3043.83,2822.73,3146.35,2822.73,0.0031764385569219566,-0.001642475555213574,-0.0032762357687464716,-0.04759959663522284
2021-12-23,2998.02,3000.7,2980.91,2998.17,483838.0,2987.6820000000002,2993.4049999999997,2971.424,2981.583833333333,3090.7613333333334,3115.4121666666665,52.688851858441495,3.9879861923068347,2.6040307985115456,1.383955393795289,2971.424,3061.448764237253,2881.399235762747,0.060593684534588695,0.6485480146857882,37.58754497430966,3043.83,2822.73,3134.46,2822.73,0.004587063743097586,-0.002740810468299326,0.0060061672264593025,-0.03219902386117135
2021-12-24,3009.48,3025.77,3009.48,3012.43,537548.0,2986.6220000000003,2993.625,2975.2235,2980.7865,3088.5144166666664,3115.3319583333337,55.04856483286976,5.687423629433852,3.220709364696007,2.4667142647378446,2975.2235,3065.4356706366325,2885.0113293633676,0.06064228158767396,0.7062166320654485,36.87414890471611,3043.83,2822.73,3079.43,2822.73,0.004756234636461576,-0.0017562870104350647,0.025878274373050347,-0.01563260758037699
2021-12-27,3013.94,3017.31,2999.3,2999.55,475363.0,2993.932,2993.4139999999998,2979.7349999999997,2979.6319999999996,3086.1625,3114.6959999999995,52.50145287041281,5.926613374995668,3.7618901667559395,2.1647232082397285,2979.7349999999997,3065.2131999106946,2894.2568000893048,0.057373021366460386,0.6159067459346513,35.52670969723637,3043.83,2822.73,3079.43,2822.73,-0.0042756180226593,0.012335470806615012,0.03101412013803917,-0.022572193872563373
2021-12-28,3006.77,3020.29,2991.55,3020.24,607046.0,3002.974,2996.643,2988.7964999999995,2979.6496666666662,3083.88775,3114.1617916666664,56.02167470841804,7.696957325222229,4.548903598449197,3.148053726773032,2988.7964999999995,3046.636844146387,2930.956155853612,0.03870477240346572,0.7718128709644286,35.04194471886233,3043.83,2822.73,3062.6,2822.73,0.006897701321864735,0.01519648541359242,0.06383563284384319,0.0003510887062050383
2021-12-29,3002.9,3007.72,2988.67,2993.29,545831.0,3004.736,2997.0330000000004,2993.475,2980.1683333333335,3081.288416666667,3113.609041666667,50.746038790790614,6.846406775397099,5.008404233838778,1.8380025415583212,2993.475,3034.4025665044037,2952.547433495596,0.027344518664364183,0.49773990960371367,34.793948667515004,3043.83,2837.03,3051.65,2822.73,-0.008923131936534823,0.0029519380260547567,0.03226863283351511,0.01050581161783426
2021-12-30,2999.75,3005.36,2975.74,2977.65,461038.0,3000.632,2994.157,2995.094,2981.3239999999996,3078.724333333333,3112.898041666667,47.92540206364344,4.854363959717375,4.977596179014498,-0.12323221929712247,2995.094,3030.4482469297873,2959.739753070213,0.023608105074356414,0.25329696550115505,34.424380905549675,3043.83,2874.64,3051.65,2822.73,-0.005225019961313415,-0.006844174946717518,0.010993898691800785,0.023842025093611108
2022-01-03,2998.32,3010.77,2979.42,2988.77,435825.0,2995.9,2991.261,2996.116,2981.8125,3076.5250833333334,3112.2265416666664,50.05120379874452,4.125391794046209,4.80715530202084,-0.6817635079746314,2996.116,3029.43988176627,2962.79211823373,0.02224472067588171,0.38977874709309035,34.33121084086755,3043.83,2927.55,3051.65,2822.73,0.0037344886067871563,-0.0078541244111896,0.006886026823163194,0.009903833807519025
2022-01-04,2991.97,2995.25,2973.08,2989.24,621549.0,2993.8379999999997,2993.885,2996.9155,2982.3615,3074.6191666666664,3111.823791666667,50.143842698339924,3.5447396210092847,4.554672165818529,-1.009932544809244,2996.9155,3028.7401662036277,2965.0908337963724,0.021238280627950742,0.3794095757220328,33.46255292366273,3043.83,2932.49,3051.65,2822.73,0.00015725532576937873,-0.003437182244003356,0.005377953417976977,0.011142306261204826
2022-01-05,2984.05,2986.2,2936.73,2953.97,787346.0,2980.584,2991.7789999999995,2995.0280000000002,2982.988,3072.181666666667,3111.5739583333334,43.60766985842801,0.2358555581345172,3.6909088442817266,-3.4550532861472094,2995.0280000000002,3031.933599899912,2958.1224001000883,0.02464457754646165,-0.056257046509876334,34.8230848576868,3043.83,2955.9,3051.65,2822.73,-0.011798985695360642,-0.021941964876963427,-0.012618159453424815,0.012889266830796942
2022-01-06,2925.4,2952.54,2915.38,2920.53,786045.0,2966.032,2985.384,2990.9645,2982.5899999999997,3069.257916666667,3110.85675,38.485556570921574,-5.026841135663744,1.9473588482926325,-6.974199983956376,2990.9645,3039.9215585204265,2942.0074414795736,0.032736636306065464,-0.21934979478610103,35.09215022499487,3043.83,2936.73,3051.65,2822.73,-0.011320358703710509,-0.02430770155915385,-0.02707375574655202,-0.008110283554260356
2022-01-07,2933.78,2959.03,2933.1,2954.89,546172.0,2961.48,2981.056,2987.2305,2982.0275000000006,3066.6752500000002,3110.1915000000004,45.561206818044056,-6.351781951196244,0.2875306883948572,-6.639312639591101,2987.2305,3035.222369509039,2939.2386304909614,0.0321313467501344,0.16306271946845796,35.335568066066664,3043.83,2915.38,3051.65,2822.73,0.011764987861792031,-0.007643611572884734,-0.024650362922791103,-0.011292761925156602
2022-01-10,2947.37,2951.12,2910.9,2926.72,477399.0,2949.07,2972.4849999999997,2983.055,2980.5551666666665,3063.6794166666664,3109.216,41.36075426265892,-9.564635502383226,-1.6829025497607595,-7.881732952622466,2983.055,3036.53386554493,2929.5761344550697,0.03585509857842391,-0.02670339419102208,35.95374177563332,3043.83,2915.38,3051.65,2822.73,-0.009533349803207636,-0.020761048859564313,-0.027742066220853623,-0.029299582761205478
2022-01-11,2930.93,2943.57,2909.82,2927.38,566171.0,2936.6980000000003,2965.2679999999996,2979.341,2979.2335,3060.766666666667,3108.327458333333,41.49684292321538,-11.920180187758888,-3.7303580773603855,-8.189822110398502,2979.341,3037.267900451973,2921.4140995480266,0.03888571362054449,0.05149507746336103,35.796331648802365,3043.83,2910.9,3051.65,2822.73,0.00022550841898105745,-0.020694223280833812,-0.024746307043435833,-0.026374605877579116
2022-01-12,2950.78,2972.58,2950.31,2972.48,519500.0,2940.4,2960.4919999999997,2978.5675,2978.2908333333335,3058.5036666666665,3107.3419999999996,50.03084693072121,-10.032129098662608,-4.99071228162083,-5.041416817041778,2978.5675,3036.427021904116,2920.7079780958843,0.03885056954668028,0.44739413842644404,36.46802224531647,3025.77,2909.82,3051.65,2822.73,0.015406267720623923,0.006266143528878221,-0.0051774628089492625,-0.018672582732482845
2022-01-13,2979.91,2982.14,2958.39,2962.09,604870.0,2948.7120000000004,2957.372,2977.2025,2977.4401666666668,3056.2485833333335,3106.5994166666665,48.283434646159094,-9.26739244368764,-5.846048314034192,-3.4213441296534484,2977.2025,3035.264085191699,2919.1409148083007,0.039004122287079314,0.3698580141232493,35.55959208493672,3025.77,2909.82,3051.65,2822.73,-0.0034953977823231064,0.01423029381653329,-0.009132297893550079,-0.016939196118322175
2022-01-14,2937.61,2944.97,2914.73,2921.92,532668.0,2942.118,2951.799,2972.978,2976.016666666667,3053.7986666666666,3105.7634166666667,42.153422454350384,-11.76707292832316,-7.030253236891985,-4.736819691431174,2972.978,3034.1366250987794,2911.8193749012207,0.04114300549736953,0.08257727411681909,36.402478364584105,3025.77,2909.82,3051.65,2822.73,-0.01356137051878914,-0.01115777575476573,-0.02810328597895817,-0.028400607848157566
2022-01-17,2918.55,2919.67,2875.98,2890.1,593260.0,2934.7940000000003,2941.932,2966.5965,2974.0823333333333,3050.79775,3105.0177916666667,38.03415508071533,-16.129761935621445,-8.850154976637878,-7.2796069589835675,2966.5965,3034.055283942295,2899.1377160577053,0.045478907524022734,-0.06698694765559689,37.08372990997096,3025.77,2909.82,3051.65,2822.73,-0.010890099660497254,-0.01251230045921714,-0.04229337946072054,-0.03860739282007608
2022-01-18,2898.98,2902.79,2857.26,2864.24,554040.0,2922.1659999999997,2929.432,2961.6585,2971.4773333333337,3047.54625,3104.5512499999995,35.037522103685106,-21.426914155748364,-11.365506812459977,-10.061407343288387,2961.6585,3042.565457741429,2880.751542258571,0.054636250426191184,-0.1020403109911802,37.687034916401586,3025.77,2875.98,3051.65,2822.73,-0.008947787273796748,-0.021568774808873536,-0.03333108336145807,-0.05174571434246866
2022-01-19,2840.34,2871.79,2832.18,2842.28,463829.0,2896.1259999999997,2918.263,2955.0209999999997,2968.0306666666665,3044.357333333333,3103.6585416666667,32.68265901183874,-27.08471815549774,-14.50934908106753,-12.57536907443021,2955.0209999999997,3050.85521119816,2859.1867888018396,0.06486194933853948,-0.08820852486008669,37.82438956523006,3025.77,2857.26,3051.65,2822.73,-0.007666955283076704,-0.04380180859080629,-0.04462139877581062,-0.06782373699607747
2022-01-20,2842.28,2862.7,2830.97,2862.68,395669.0,2876.2439999999997,2912.478,2948.931,2965.3171666666667,3041.27525,3102.683,36.92377808372583,-29.581462392844514,-17.523771743422927,-12.057690649421588,2948.931,3051.7300717661096,2846.1319282338904,0.06971955041749678,0.08048745714241407,37.38907602485648,3025.77,2832.18,3049.02,2822.73,0.007177336504496257,-0.033560762839751734,-0.04081112957701183,-0.05381277082389957
2022-01-21,2837.49,2847.95,2817.11,2834.29,532753.0,2858.718,2900.418,2940.737,2962.3961666666664,3037.9205,3101.4522083333336,33.73815258407831,-33.465219702528884,-20.71206133524412,-12.753158367284765,2940.737,3052.2838447064905,2829.1901552935096,0.07586318987824511,0.022859654703409067,37.97342773736671,3025.77,2830.97,3043.83,2822.73,-0.00991728031075767,-0.029990554156171356,-0.05466000927232284,-0.05823461979365696
2022-01-24,2823.76,2828.11,2780.68,2792.0,473993.0,2839.0980000000004,2886.946,2929.7155,2959.418166666667,3034.1650833333333,3100.22075,29.636387137943927,-39.50024073202485,-24.469697214600266,-15.030543517424583,2929.7155,3053.6242022729807,2805.806797727019,0.08458753232044608,-0.05571359183716322,39.09032575612625,3025.77,2817.11,3043.83,2817.11,-0.014920844373723208,-0.03394346216393895,-0.073173484529101,-0.060147844937859296
2022-01-25,2786.41,2789.62,2703.99,2720.39,639958.0,2810.328,2866.2470000000003,2915.7575,2955.1089999999995,3030.149,3098.5530833333332,24.258272386819783,-49.49086700035332,-29.47393117175088,-20.01693582860244,2915.7575,3065.2972102945387,2766.2177897054617,0.10257348925247624,-0.1532294987572124,42.584588202117246,3020.29,2780.68,3043.83,2780.68,-0.02564828080229231,-0.05022274669720417,-0.09306729342734754,-0.0867926175082413
2022-01-26,2729.75,2744.14,2708.1,2709.24,472650.0,2783.7200000000003,2839.923,2900.2075,2950.0381666666667,3025.8673333333336,3096.9614166666665,23.54191063647866,-57.64374094847017,-35.10789312709474,-22.535847821375427,2900.2075,3066.765273625175,2733.649726374825,0.11485921171169637,-0.07327705529301064,42.11711761625173,3020.29,2703.99,3043.83,2703.99,-0.004098677027926212,-0.0468074925763825,-0.10297194924906627,-0.10096267118855551
2022-01-27,2709.24,2722.86,2614.49,2614.49,487726.0,2734.082,2805.163,2881.2675,2944.0178333333333,3020.6785833333333,3095.002333333333,18.533326877909218,-70.93281608219695,-42.27287771811518,-28.659938364081768,2881.2675,3083.506529751864,2679.028470248136,0.1403819879631892,-0.15955987903848506,46.84946635794807,3010.77,2703.99,3043.83,2703.99,-0.034972907531263364,-0.08669847834895972,-0.12654971619856414,-0.12138951712364454
2022-01-28,2617.87,2668.59,2591.53,2663.34,434186.0,2699.892,2779.305,2865.552,2938.6865000000003,3015.5365833333335,3093.1805000000004,27.13994904029869,-76.63926735697214,-49.14615564588657,-27.493111711085568,2865.552,3083.619143751588,2647.484856248412,0.15219904838689927,0.036353811671990005,49.00736161809463,3010.77,2614.49,3043.83,2614.49,0.01868433231720168,-0.0603149289592807,-0.10555639514382142,-0.1072264197746059
2022-02-03,2706.34,2735.34,2702.78,2707.82,435709.0,2683.0559999999996,2761.077,2851.5045,2934.3289999999997,3010.8006666666665,3091.3505833333334,33.9793411664846,-76.68848966789892,-54.65462245028905,-22.033867217609874,2851.5045,3072.1927231089285,2630.8162768910715,0.15478721714023488,0.17446269226364816,50.64969293108787,3010.77,2591.53,3043.83,2591.53,0.016700834290777733,-0.030150429799426837,-0.09400188037219315,-0.08805194542766392
2022-02-04,2714.83,2751.8,2712.87,2750.26,536148.0,2689.0299999999997,2749.679,2839.5555,2930.8300000000004,3006.4665,3089.6297916666667,39.78715224719334,-72.46758418879108,-58.217214797989456,-14.250369390801623,2839.5555,3054.9343605666218,2624.176639433378,0.15169899694978445,0.2927013362289135,50.17328629315302,2995.25,2591.53,3043.83,2591.53,0.015673124506060176,0.010980043302614817,-0.07994674231577248,-0.07092088372407257
2022-02-07,2750.7,2750.7,2718.94,2745.06,417838.0,2696.194,2739.957,2829.1099999999997,2927.206666666667,3002.1718333333333,3088.010333333333,39.33061520740539,-68.74958036112821,-60.32368791061721,-8.425892450511,2829.1099999999997,3041.523191774844,2616.6968082251556,0.15016255414235866,0.30215447238067045,48.85805155792779,2986.2,2591.53,3043.83,2591.53,-0.001890730330950663,0.013221420029233322,-0.07072177442560346,-0.0733849570964672
2022-02-08,2767.76,2779.85,2726.72,2746.47,560534.0,2722.59,2728.3360000000002,2820.407,2924.145,2998.0325000000003,3086.5928750000003,39.53322034536917,-64.94066476553871,-61.24708328160151,-3.6935814839372014,2820.407,3031.3826996527728,2609.4313003472275,0.14960656362913055,0.3247736584789454,49.16319073236153,2982.14,2591.53,3043.83,2591.53,0.0005136499748639167,0.05048020837715961,-0.059598771455866006,-0.0626926082787006
2022-02-09,2772.63,2773.38,2753.51,2768.85,539123.0,2743.692,2721.792,2811.105,2921.5438333333327,2994.26775,3085.1813333333334,42.79845413591806,-59.43110793405958,-60.883888212093126,1.4527802780335435,2811.105,3013.7848619004294,2608.4251380995706,0.1441994247105173,0.39575925401814527,47.573677108621446,2982.14,2591.53,3043.83,2591.53,0.008148641710996385,0.03961567054900983,-0.06296004250581244,-0.05335872434117861
2022-02-10,2787.44,2788.27,2761.76,2771.93,509611.0,2756.514,2719.785,2803.3655,2918.262666666667,2990.6306666666665,3083.89875,43.252624239809386,-54.191527989919905,-59.54541616765849,5.3538881777385825,2803.3655,2999.511102701099,2607.219897298901,0.13993580409054693,0.4198669264895432,46.0691287437199,2982.14,2591.53,3043.83,2591.53,0.0011123751738086884,0.023675872103758655,-0.052888557839492645,-0.06631298841282685
2022-02-11,2739.14,2766.7,2735.08,2747.71,480520.0,2756.004,2722.517,2794.382,2914.0658333333336,2987.100833333333,3082.5555000000004,40.527603531756526,-51.400956489640066,-57.916524232054805,6.5155677424147385,2794.382,2983.3102193426316,2605.4537806573685,0.13522003744844588,0.37648218947282347,45.410619547739905,2982.14,2591.53,3043.83,2591.53,-0.008737594383696479,-0.0009271850661393133,-0.06137570113890234,-0.08395009868245584
2022-02-14,2715.1,2724.72,2688.24,2704.48,616343.0,2747.888,2722.041,2780.982,2909.187,2983.44575,3081.3450833333336,36.1497752165359,-52.07739241973877,-56.748697869591595,4.671305449852824,2780.982,2954.9024601649207,2607.061539835079,0.12507845082414829,0.2800661292884787,46.414861008615645,2982.14,2591.53,3043.83,2591.53,-0.015733101382605863,-0.014782919134736505,-0.0901604047798471,-0.09766749743928516
2022-02-15,2712.45,2716.45,2665.47,2676.54,589039.0,2733.902,2728.246,2766.7045000000003,2904.4223333333334,2979.4258333333337,3079.5819583333337,33.621898529384595,-54.24272094138587,-56.247502483950456,2.0047815425645865,2766.7045000000003,2924.9907697108574,2608.418230289143,0.11442224473980299,0.2151853405709018,46.7409423651431,2982.14,2591.53,3043.83,2591.53,-0.010331006330237202,-0.025461774568810047,-0.09640152729998086,-0.0965021840252227
2022-02-16,2719.61,2730.43,2711.34,2729.68,422366.0,2726.068,2734.88,2757.0925,2900.7940000000003,2976.357916666667,3078.4016666666666,41.9380389737771,-51.08196441627888,-55.21439487041614,4.132430454137264,2757.0925,2899.0106927554693,2615.174307244531,0.10294771956723912,0.403421473076277,47.25158933906144,2944.97,2591.53,3043.83,2591.53,0.019853990599804083,-0.014146667388988288,-0.06579235571131314,-0.07386220982703295
2022-02-17,2735.11,2770.66,2711.99,2744.09,611421.0,2720.5,2738.507,2749.792,2897.0118333333335,2973.721083333333,3077.1525833333335,43.98736067843602,-46.87394190325995,-53.54630427698491,6.672362373724965,2749.792,2877.945026589225,2621.6389734107747,0.09320925116461551,0.47775315904837484,48.067190100557056,2919.67,2591.53,3043.83,2591.53,0.005279007063099028,-0.010043543668129984,-0.05052074322687783,-0.07638117548855272
2022-02-18,2714.52,2747.08,2711.88,2744.52,513521.0,2719.862,2737.933,2743.8059999999996,2892.5330000000004,2970.8403333333335,3075.742291666667,44.050820860993795,-43.00858019758152,-51.43875946110424,8.430179263522717,2743.8059999999996,2860.7066385610397,2626.9053614389595,0.08521057141870823,0.5030538755339116,47.1481050933744,2902.79,2591.53,3043.83,2591.53,0.00015670039976822814,-0.0011609667686910408,-0.041798173337429745,-0.08918277607234715
2022-02-21,2706.65,2746.62,2694.9,2743.8,495301.0,2727.7259999999997,2737.807,2738.882,2888.3075,2967.552833333333,3074.4935833333334,43.961009420899224,-39.547472534185545,-49.06050207572051,9.513029541534962,2738.882,2846.7214661706885,2631.0425338293117,0.07874706991443108,0.5228024125797132,47.47466901527621,2871.79,2591.53,3043.83,2591.53,-0.00026234095579547034,0.014538839259303105,-0.03464824014523549,-0.08458528090000095
2022-02-22,2705.08,2721.84,2690.09,2706.79,648400.0,2733.7760000000003,2733.839,2731.0875,2883.515833333333,2963.886,3073.1624583333337,39.502649259712726,-39.337459720594325,-47.11589360469527,7.778433884100949,2731.0875,2823.4299272746784,2638.7450727253217,0.06762319206153472,0.36843804783403794,47.920049799899346,2862.7,2591.53,3043.83,2591.53,-0.013488592463007598,0.011301904697856191,-0.05445596434110689,-0.09601608394644479
2022-02-23,2727.43,2729.56,2705.31,2719.53,537841.0,2731.746,2728.907,2725.3495,2879.1701666666663,2960.4776666666667,3072.0100416666664,41.694699762294974,-37.70833333136352,-45.23438155002892,7.526048218665402,2725.3495,2804.671560355108,2646.0274396448917,0.05821056004384618,0.46331726650854166,46.22933195704939,2847.95,2591.53,3043.83,2591.53,0.0047066820846835,-0.0037183845725504705,-0.04048985813025474,-0.08748871746519604
2022-02-24,2689.28,2694.55,2642.63,2648.8,926399.0,2712.688,2716.594,2718.1895,2874.376166666667,2956.4351666666666,3070.646208333333,34.2704451421875,-41.644506863090555,-44.51640661264125,2.8718997495506926,2718.1895,2798.0044999622855,2638.3745000377144,0.05872658985864347,0.0653104051068853,48.4200939601173,2828.11,2591.53,3043.83,2591.53,-0.026008170529466468,-0.03472553742770823,-0.051289398280802256,-0.09795534729127786
2022-02-25,2678.47,2694.81,2665.96,2676.76,664347.0,2699.136,2709.4990000000003,2716.0080000000003,2870.5001666666662,2952.5399166666666,3069.473875,38.90190464863371,-42.02339487953623,-44.01780426602024,1.9944093864840156,2716.0080000000003,2797.8231007087306,2634.19289929127,0.060246583006184344,0.2601420785404475,48.24794439153747,2789.62,2591.53,3043.83,2591.53,0.010555723346421075,-0.024689198839869864,-0.016038141589992505,-0.07993620502385435
2022-02-28,2663.0,2699.18,2658.25,2699.18,613470.0,2690.2120000000004,2708.969,2715.505,2868.1696666666667,2948.3725,3068.1633749999996,42.4063166507477,-40.05285534963423,-43.22481448274304,3.171959133108814,2715.505,2797.603561619432,2633.406438380568,0.06046651478780711,0.40057682084812385,47.725234077856214,2788.27,2591.53,3043.83,2591.53,0.008375797606060997,-0.016262118230191858,-0.003713218467171542,-0.0492530847020618
2022-03-02,2698.31,2716.46,2692.24,2703.52,527950.0,2689.558,2711.6670000000004,2719.9565000000002,2864.8996666666667,2944.1766666666667,3066.7014166666663,43.08683374538176,-37.70633172535645,-42.12111793126573,4.41478620590928,2719.9565000000002,2788.1388467693773,2651.774153230623,0.050134880296340834,0.37946660111600605,46.04628878658079,2788.27,2591.53,3043.83,2591.53,0.0016078957312961606,-0.0012080730311549992,0.03405253032140121,-0.06766170526809479
2022-03-03,2729.86,2748.21,2726.35,2747.08,614514.0,2695.068,2713.407,2724.1435,2861.5964999999997,2940.603583333333,3065.4571250000004,49.532381379491994,-31.963313709465183,-40.08955708690563,8.126243377440446,2724.1435,2788.055625383056,2660.2313746169443,0.04692273030628218,0.679437781661386,45.94941101611074,2788.27,2591.53,3043.83,2591.53,0.016112327632124,0.010130426948774085,0.03144172355012875,-0.0672909444634957
2022-03-04,2736.58,2736.58,2702.34,2713.43,765675.0,2707.9939999999997,2710.341,2724.424,2857.348166666667,2936.54,3063.983208333333,45.26742362934138,-29.783874366991768,-38.02842054292286,8.244546175931092,2724.424,2788.0958896843767,2660.752110315623,0.046741542200756395,0.4136667683769267,45.86302451495995,2788.27,2642.63,3043.83,2591.53,-0.012249370240400737,0.024399728178797764,0.0020717772968659176,-0.08587320142976018
2022-03-07,2680.17,2680.17,2644.1,2651.31,571562.0,2702.904,2701.02,2719.4764999999998,2851.9825,2931.9398333333334,3062.3324166666666,38.65107781774194,-32.692360644348355,-36.96120856320796,4.268847918859606,2719.4764999999998,2789.4181194477906,2649.534880552209,0.05143756119811354,0.01269000819401998,47.53923704960567,2788.27,2642.63,3043.83,2591.53,-0.02289353327706989,-0.009507763116603729,-0.035978416586068374,-0.10827881947363993
2022-03-08,2617.33,2647.18,2605.81,2622.4,540370.0,2687.548,2688.88,2713.3435,2845.827166666667,2927.2313333333327,3060.484041666666,36.01296918024277,-36.90473752097387,-36.94991435476114,0.04517683378727355,2713.3435,2793.936562052386,2632.750437947614,0.05940498285778111,-0.06421419960992497,47.393577260348124,2788.27,2642.63,3043.83,2591.53,-0.01090404366143527,-0.028445676094221106,-0.04468390490553931,-0.12344738143943945
2022-03-10,2660.86,2682.79,2660.86,2680.32,613810.0,2682.9080000000004,2686.233,2710.036,2840.469166666667,2923.209083333333,3058.987333333333,44.22640471137432,-35.164067124928806,-36.59274490879467,1.428677783865865,2710.036,2790.3486436869057,2629.7233563130944,0.05927053639649483,0.3149979963563018,48.32189317032325,2788.27,2605.81,3043.83,2591.53,0.02208663819402079,-0.008581404983132979,-0.024085462429955462,-0.1070957425544673
2022-03-11,2665.95,2672.62,2647.28,2661.28,797034.0,2665.748,2680.4080000000004,2704.6575000000003,2834.331,2919.4305833333333,3057.42825,42.3040314165612,-34.91842431178884,-36.257880789393504,1.3394564776046636,2704.6575000000003,2782.8752721172114,2626.439727882789,0.05783931763427428,0.22271327330189172,47.230329372443016,2788.27,2605.81,3043.83,2591.53,-0.007103629417382962,-0.031233163941348563,-0.03885006410603675,-0.12156510659928632
2022-03-14,2654.93,2661.76,2633.31,2645.65,636324.0,2652.192,2680.093,2698.3435,2828.2546666666667,2915.4296666666664,3055.9320416666665,40.73858312640313,-35.57487596175815,-36.12127982386644,0.546403862108285,2698.3435,2774.171019087599,2622.515980912401,0.05620301424751803,0.15254368971819898,45.8888772744114,2788.27,2605.81,3043.83,2591.53,-0.005873113689653153,-0.024979454048934313,-0.04555670597742356,-0.1211136690551885
2022-03-15,2630.31,2641.97,2615.08,2621.53,604181.0,2646.2360000000003,2674.57,2692.0345,2821.9191666666666,2911.2102499999996,3054.3702916666666,38.378394146899524,-37.60788080476277,-36.41860002004571,-1.189280784717063,2692.0345,2771.30146171155,2612.7675382884504,0.058890004352878694,0.05527184038815661,44.7946717548106,2770.66,2605.81,3043.83,2591.53,-0.009116852191332847,-0.011232183335784907,-0.04592187676283155,-0.12663992590766426
2022-03-16,2649.85,2659.9,2630.03,2659.23,736353.0,2653.602,2670.575,2689.772,2816.4404999999997,2907.13025,3052.915708333333,43.85372694585593,-35.76470362130749,-36.287820740298066,0.5231171189905766,2689.772,2770.0653655041333,2609.4786344958666,0.05970272982552675,0.30980994003528434,44.33576662946698,2770.66,2605.81,3025.77,2591.53,0.014380914961873437,0.014044386821232324,-0.01673149736733126,-0.11001522783179096
2022-03-17,2703.27,2714.0,2694.51,2694.51,546079.0,2656.44,2669.674,2690.6704999999997,2811.525833333333,2903.3061666666667,3051.4719583333335,48.46822552576248,-31.09868498901278,-35.249993590041015,4.151308601028234,2690.6704999999997,2770.7533814353,2610.5876185646994,0.059526338461212816,0.5239720395369544,45.08106901307648,2770.66,2605.81,3025.77,2591.53,0.013266998341625369,0.0052941439828080306,0.00671389181555293,-0.09864219790659623
2022-03-18,2695.64,2708.16,2688.71,2707.02,644017.0,2665.588,2665.668,2689.5375,2806.536,2899.780583333333,3050.101041666667,50.03631717702026,-26.090622698879088,-33.41811941180863,7.327496712929545,2689.5375,2768.0056219029766,2611.069378097023,0.05835064348645572,0.6113987411449494,43.25027836928529,2770.66,2605.81,3025.77,2591.53,0.004642773639734088,0.017187218180724884,-0.008301339351132642,-0.09958388909031035
2022-03-21,2717.81,2717.81,2683.69,2686.05,502401.0,2673.668,2662.9300000000003,2686.6355,2801.0080000000003,2895.9934166666667,3048.5012500000003,47.43086449882748,-23.54241865163567,-31.44297925977404,7.90056060813837,2686.6355,2761.004829827426,2612.2661701725738,0.055362426222259106,0.4960635654418405,42.598115628622054,2770.66,2605.81,3025.77,2591.53,-0.007746525699847018,0.015270349441536046,-0.021150909773367532,-0.10991042936246775
2022-03-22,2686.68,2712.14,2686.58,2710.0,489441.0,2691.362,2668.799,2684.9095,2796.7913333333336,2892.5135833333334,3047.037,50.59503734217007,-19.36713150748028,-29.027809709315292,9.660678201835012,2684.9095,2755.322125423148,2614.4968745768524,0.05245065088648075,0.6781676215679882,41.418964512291886,2748.21,2605.81,3025.77,2591.53,0.008916438636659807,0.03374746808161633,-0.01257779138064219,-0.08538643266959167
2022-03-23,2727.12,2742.27,2720.83,2735.05,883375.0,2706.5260000000003,2680.0640000000003,2684.472,2792.7916666666665,2889.262,3045.5688749999995,53.73191637548029,-13.876896491319258,-25.997627065716088,12.12073057439683,2684.472,2753.510887186719,2615.4331128132812,0.05143572902732378,0.866300805683682,40.76546704712818,2748.21,2605.81,3025.77,2591.53,0.009243542435424468,0.028512012875907766,-0.003189007945185507,-0.08066473279261055
2022-03-24,2716.25,2729.66,2705.14,2729.66,960897.0,2713.556,2684.998,2685.6155,2788.5446666666667,2885.8955,3043.972458333333,52.95283622252143,-9.847260549981456,-22.76755376256916,12.920293212587705,2685.6155,2756.818800618584,2614.4121993814156,0.05302568488942986,0.8092869264300945,39.99007654376191,2748.21,2605.81,3025.77,2591.53,-0.0019707135152923216,0.013045043440180093,0.008449122392206299,-0.0853817080362409
2022-03-25,2740.83,2740.95,2722.36,2729.98,602771.0,2718.148,2691.868,2686.138,2784.074833333333,2882.8293333333336,3042.3439166666662,52.9964101528981,-6.552391814745988,-19.52452137300453,12.97212955825854,2686.138,2758.473476109448,2613.802523890552,0.05385834689762617,0.8030463222061643,38.46149964777889,2748.21,2605.81,3025.77,2591.53,0.00011723071737868018,0.00848165141003765,0.0038425757391902238,-0.08945123191813675
2022-03-28,2721.22,2737.46,2707.74,2729.56,768042.0,2726.85,2700.259,2690.176,2779.360333333333,2880.0734166666666,3040.6875833333334,52.92712254515019,-3.929775092668933,-16.40557211693741,12.475797024268477,2690.176,2762.739545227479,2617.612454772521,0.05394706162532054,0.7713759359230263,37.83710681579471,2748.21,2605.81,3025.77,2591.53,-0.00015384728093248423,0.016198507101505832,0.03048927816369673,-0.09390093711721104
2022-03-29,2745.62,2754.18,2733.22,2741.07,732159.0,2733.064,2712.213,2693.3914999999997,2775.0523333333335,2877.342166666667,3039.0361666666663,54.67595611958625,-0.9120580016669919,-13.306869293883327,12.394811292216335,2693.3914999999997,2768.930578436133,2617.8524215638663,0.05609216367998,0.8155883086415433,36.893027757523654,2748.21,2605.81,3020.29,2591.53,0.004216796846378212,0.011464944649446585,0.024025314185806668,-0.08617292593889081
2022-03-30,2758.31,2760.6,2740.02,2746.74,840134.0,2735.4019999999996,2720.964,2695.7695000000003,2770.494,2875.0718333333334,3037.3839999999996,55.55199311262262,1.9149517762029973,-10.262505079866063,12.17745685606906,2695.7695000000003,2774.801417469971,2616.7375825300296,0.05863403193037885,0.8224678182670084,35.7278114891291,2754.18,2605.81,3020.29,2591.53,0.002068535280018269,0.004274144896802445,0.01762016612452677,-0.09055571742642965
2022-03-31,2743.24,2765.2,2743.2,2757.65,1030288.0,2741.0,2727.278,2698.4759999999997,2766.5666666666666,2873.3675000000003,3035.824708333333,57.26365335388857,4.978336054861757,-7.2143368529205,12.192672907782256,2698.4759999999997,2781.9659312251492,2614.98606877485,0.06187932093904084,0.8543780617115632,34.74725352561988,2760.6,2605.81,3010.77,2591.53,0.00397198133059562,0.010254024310720089,0.020022045333491167,-0.07872274320229578
2022-04-01,2745.85,2745.85,2729.68,2739.85,1305564.0,2742.9739999999997,2730.561,2698.1145,2762.6033333333335,2871.963666666667,3034.1757916666666,53.63462426620962,5.901747258314572,-4.591120030673485,10.492867288988057,2698.1145,2780.8184158624317,2615.4105841375685,0.06130497120298756,0.7523187660752483,34.263163988075625,2765.2,2605.81,3010.77,2591.53,-0.006454771272641602,0.00361541110191288,-0.0026318854929597846,-0.07986163585377737
2022-04-04,2729.86,2758.38,2722.45,2757.9,1022970.0,2748.6420000000003,2737.746,2700.3379999999997,2758.7554999999998,2870.284,3032.4625416666668,56.635756031124764,7.997847235283643,-2.0733265774820597,10.071173812765704,2700.3379999999997,2786.8718672658288,2613.8041327341707,0.06409113767671235,0.8325981018690167,34.38222370321311,2765.2,2605.81,3010.77,2591.53,0.006587951895176802,0.010382625771186538,0.01638885101145049,-0.07724582353275755
2022-04-05,2765.5,2769.18,2750.5,2759.2,1605993.0,2752.2679999999996,2742.666,2705.7325,2754.9215,2868.6414999999997,3030.6992916666663,56.85237625106653,9.65265095245013,0.2718689285043785,9.380782023945752,2705.7325,2792.818122894827,2618.646877105173,0.0643711992185679,0.806982359559926,33.26063629584073,2765.2,2605.81,2995.25,2591.53,0.0004713731462342441,0.006614205401540119,0.04069309133975274,-0.0769560155758654
2022-04-06,2739.07,2747.85,2730.66,2735.03,1321644.0,2749.926,2742.6639999999998,2711.364,2751.2725,2867.13025,3028.7855416666666,51.68305663078836,8.911056702908354,1.9997064833851736,6.911350219523181,2711.364,2790.356772681935,2632.371227318065,0.058267921741186425,0.6497985144494893,32.923447988994965,2769.18,2605.81,2986.2,2591.53,-0.0087597854450564,-0.004263235690309064,0.04294920683343517,-0.07411720498177021
2022-04-07,2714.7,2718.5,2693.36,2695.86,999275.0,2737.568,2739.284,2712.141,2747.528,2865.059,3026.690708333333,44.60477664394668,5.103812698818729,2.620527726471885,2.4832849723468438,2712.141,2790.1972107457177,2634.0847892542824,0.05756058460509069,0.39570977219840786,33.548201704066756,2769.18,2615.08,2982.14,2591.53,-0.014321597934940367,-0.022406759378456265,0.005797815186246336,-0.07692781789606684
2022-04-08,2706.64,2712.0,2685.52,2700.39,948355.0,2729.6760000000004,2736.325,2714.0965,2743.286333333333,2862.656916666667,3024.6138333333333,45.53381957034806,2.424133633519432,2.5812489078813945,-0.1571152743619626,2714.0965,2788.8475872896165,2639.3454127103837,0.05508358843513221,0.4083190593141768,33.043330153776274,2769.18,2615.08,2982.14,2591.53,0.0016803543210699434,-0.01440224829826453,0.014695935790296266,-0.08612841763991219
2022-04-11,2687.54,2711.02,2683.96,2693.1,742601.0,2716.716,2732.6789999999996,2716.469,2739.3926666666666,2859.973916666667,3022.4155,44.24773790787522,-0.2844939376814182,2.008100338768832,-2.29259427645025,2716.469,2785.1450216959297,2647.7929783040704,0.050562713357619506,0.32986055814743565,32.61594942850654,2769.18,2615.08,2982.14,2591.53,-0.00269961005632513,-0.023496138366148167,0.01793510101487339,-0.07982314673081126
2022-04-12,2674.17,2685.08,2658.4,2666.76,870969.0,2698.228,2725.248,2718.7305,2735.049,2857.14125,3020.31175,39.86633037351125,-4.504592531211983,0.7055617647726689,-5.210154295984652,2718.7305,2776.9323265948738,2660.5286734051265,0.04281544389550464,0.053532053540589264,32.7648101836132,2769.18,2615.08,2982.14,2591.53,-0.009780550295198753,-0.03350246448245853,0.017253283387945295,-0.08902841448667409
2022-04-13,2677.53,2717.63,2672.6,2716.49,733240.0,2694.52,2722.223,2721.5935,2730.7825000000003,2854.5366666666664,3018.3907916666662,49.94411540839459,-3.7925376682383103,-0.19405812182952697,-3.5984795464087833,2721.5935,2773.048408521731,2670.138591478269,0.0378123393678967,0.4504080354370389,34.05803802764082,2769.18,2630.03,2982.14,2591.53,0.01864809731659367,-0.006778719063410765,0.021532548895732972,-0.08612000753579507
2022-04-14,2719.34,2720.3,2702.61,2716.71,665351.0,2698.6899999999996,2718.129,2722.7035,2726.6928333333335,2852.0665,3016.435,49.98404959231572,-3.173890266555645,-0.7900245507747508,-2.3838657157808942,2722.7035,2772.710956753765,2672.696043246235,0.0367336779445613,0.4400739370779058,32.88889245423791,2769.18,2658.4,2982.14,2591.53,8.098686172242076e-05,0.007734081146647087,0.00823897480432434,-0.08284015678119172
2022-04-15,2695.52,2705.41,2685.01,2696.06,693717.0,2697.8239999999996,2713.75,2722.1555,2722.9285,2849.4725833333337,3014.262208333333,46.25394896052306,-4.300318766472628,-1.4920833939143263,-2.8082353725583022,2722.1555,2773.0703828829023,2671.2406171170974,0.03740776960236289,0.243734066323828,32.80397156464947,2769.18,2658.4,2944.97,2591.53,-0.00760110574923345,-0.0016034720910682587,-0.00404873255461724,-0.07729848866498745
2022-04-18,2685.04,2701.11,2681.37,2693.21,1024914.0,2697.846,2707.281,2722.5135,2719.6469999999995,2846.864666666667,3012.0863333333336,45.746541482587745,-5.361192163656142,-2.2659051478626893,-3.0952870157934527,2722.5135,2772.500094312672,2672.526905687328,0.036720915663170796,0.20688641221781204,31.8708307386031,2769.18,2658.4,2919.67,2591.53,-0.001057098135798129,4.084512272117813e-05,0.00266562424377792,-0.06812567039202788
2022-04-19,2707.76,2723.98,2705.32,2718.89,1257385.0,2708.272,2703.25,2722.958,2717.2245,2844.3509166666668,3010.1589166666663,50.9661603443817,-4.082717564142513,-2.629267631118654,-1.453449933023859,2722.958,2772.648821124023,2673.267178875977,0.036497677249537404,0.45906688692216496,31.79219997156002,2769.18,2658.4,2902.79,2591.53,0.00953509009694753,0.019548065817696303,0.003280442804427963,-0.050746445828561804
2022-04-20,2718.49,2724.46,2702.84,2718.69,1736282.0,2708.712,2701.616,2722.1400000000003,2715.1646666666666,2841.5976666666666,3008.2615,50.925067837257124,-3.050491395701556,-2.7135123840352344,-0.3369790116663216,2722.1400000000003,2771.545476214482,2672.734523785519,0.03629899727014885,0.46508484216382245,31.065614259305725,2769.18,2658.4,2871.79,2591.53,-7.35594305028009e-05,0.0008098686172230973,-0.005981609111350816,-0.04348269698974072
2022-04-21,2725.71,2737.54,2725.04,2728.21,1002973.0,2711.012,2704.8509999999997,2722.0675,2712.9235,2839.1203333333333,3006.5129583333332,52.87286357269759,-1.4475735555188294,-2.460324618331953,1.0127510628131238,2722.0675,2771.432861894548,2672.7021381054524,0.036270490643268566,0.5622146760832148,30.193070383641025,2769.18,2658.4,2862.7,2591.53,0.0035016864740002873,0.004233061313132502,-0.0005312016881222625,-0.046973465424008154
2022-04-22,2704.72,2708.58,2690.48,2704.71,1239909.0,2712.7419999999997,2705.2830000000004,2720.804,2710.763833333333,2836.5800000000004,3004.7525833333334,47.82661179955302,-2.049873554743499,-2.3782344056142626,0.3283608508707636,2720.804,2770.5864091018075,2671.0215908981927,0.0365938958497616,0.3383565571617169,30.73142249909524,2769.18,2658.4,2847.95,2591.53,-0.00861370642289272,0.0032083855700542063,-0.009256478069436413,-0.04571868086893016
2022-04-25,2676.67,2680.35,2657.04,2657.13,1018005.0,2705.5260000000003,2701.686,2717.1825,2708.516,2833.967083333334,3002.7099166666667,39.588206269505875,-6.293956191688267,-3.1613787628290635,-3.132577428859203,2717.1825,2773.9396084092537,2660.425391590746,0.041776441891005676,-0.02903065081279525,31.941320892017014,2769.18,2658.4,2828.11,2591.53,-0.01759153476712838,-0.013396653064558617,-0.026535412300883632,-0.04830587392550134
2022-04-26,2674.0,2678.05,2663.83,2668.31,889941.0,2695.4100000000003,2701.841,2713.5445,2707.648,2831.3785000000003,3000.5831249999997,42.111500489186355,-8.655514312466494,-4.26020587275655,-4.395308439709944,2713.5445,2772.9752235273127,2654.1137764726873,0.04380302112407789,0.11943505551289883,31.154083685444377,2769.18,2657.04,2789.62,2591.53,0.004207547240819842,-0.018603179974180595,-0.026544378655050882,-0.019144313866761742
2022-04-27,2630.58,2641.82,2615.5,2639.06,1072367.0,2679.484,2694.0980000000004,2708.1605,2706.478333333333,2828.2582500000003,2998.257541666667,37.677488545074134,-12.740432904957288,-5.956251279196698,-6.78418162576059,2708.1605,2773.774987569286,2642.5460124307137,0.048456867729432,-0.026564350038036286,32.70093485076978,2769.18,2657.04,2788.27,2591.53,-0.010961994670784181,-0.02928984179880756,-0.039202836817463504,-0.02590394354136205
2022-04-28,2656.54,2667.49,2638.37,2667.49,899168.0,2667.3399999999997,2689.176,2703.6525,2707.3616666666667,2825.68975,2995.8333333333335,43.8643523106745,-13.5277573531489,-7.470552493987139,-6.057204859161761,2703.6525,2767.4094487583916,2639.8955512416087,0.04716356762445724,0.21640346107967726,32.445153790000504,2769.18,2615.5,2788.27,2591.53,0.010772775154789915,-0.022256351233959304,-0.03269450437872834,0.02027163997567394
2022-04-29,2669.18,2696.1,2664.06,2695.05,975253.0,2665.4080000000004,2689.075,2701.4125,2707.8901666666666,2823.288333333333,2993.6900833333334,49.135744578966865,-11.791925996567443,-8.3348271945032,-3.457098802064243,2701.4125,2763.0373887624164,2639.7876112375834,0.045624197535486716,0.44837718876435473,32.41621423357189,2769.18,2615.5,2788.27,2591.53,0.010331810053646029,-0.0035715474117372636,-0.01635126010548016,0.011906102863322054
2022-05-02,2669.21,2689.91,2667.85,2687.45,873722.0,2671.4719999999998,2688.4990000000003,2697.8900000000003,2707.550666666667,2820.9398333333334,2991.7142083333333,47.802659943198265,-10.903831047717631,-8.848627965146086,-2.055203082571545,2697.8900000000003,2754.0043265127574,2641.7756734872432,0.04159867638247451,0.40697562771579315,32.04362750260249,2769.18,2615.5,2788.27,2605.81,-0.0028199847869243566,0.011410807901758524,-0.02554479857862879,-0.007522656601989919
2022-05-03,2690.16,2702.1,2680.46,2680.46,883402.0,2673.9019999999996,2684.656,2693.953,2706.387333333333,2818.6086666666665,2989.8740000000003,46.551698344031706,-10.641376816593493,-9.207177735435568,-1.4341990811579244,2693.953,2742.8998642916013,2645.0061357083987,0.03633832089245899,0.36216685996864584,31.300511252416587,2769.18,2615.5,2788.27,2605.81,-0.002600978622858019,0.004553443940171986,-0.02853725717599298,-0.02537941867314364
2022-05-04,2690.45,2696.03,2667.23,2677.57,1181019.0,2681.6040000000003,2680.544,2691.08,2705.2625,2816.234583333333,2987.891708333333,46.0155293595647,-10.54502234130723,-9.474746656609902,-1.0702756846973287,2691.08,2736.6760037720464,2645.4839962279534,0.033886769454677314,0.35185105182087995,31.12190330581542,2747.85,2615.5,2788.27,2605.81,-0.0010781731493847424,0.014592316961342444,-0.02100891032273866,-0.024585983548629065
2022-05-06,2650.89,2652.51,2635.97,2644.51,1333935.0,2677.0080000000003,2672.174,2688.5125,2703.5631666666663,2813.854083333333,2985.85,40.29764330874259,-12.98662470578347,-10.177122266444616,-2.8095024393388535,2688.5125,2738.330274287703,2638.6947257122965,0.0370597304551891,0.05836545661514121,31.870338783971487,2737.54,2615.5,2788.27,2605.81,-0.012347016137766675,-0.008614840168097881,-0.019047725030231555,-0.03712401737503035
2022-05-09,2634.32,2642.75,2606.08,2610.81,892652.0,2660.1600000000003,2662.7839999999997,2684.0335,2700.929166666667,2811.2365,2983.5073333333335,35.46051264903329,-17.439884396404068,-11.629674692436506,-5.810209703967562,2684.0335,2743.8740010923257,2624.1929989076743,0.04458998078252426,-0.1118222496752347,32.338886013687834,2737.54,2615.5,2788.27,2605.81,-0.01274338157163346,-0.031257305059275375,-0.03317298612422648,-0.05707784820412809
2022-05-10,2590.13,2602.75,2553.01,2596.56,841463.0,2641.982,2656.727,2679.2065000000002,2698.0063333333333,2808.1345,2981.1501666666663,33.622663220538854,-21.866912536959717,-13.67712226134115,-8.189790275618567,2679.2065000000002,2749.928266175491,2608.4847338245095,0.052793068526439266,-0.08430738137194706,34.15753701271011,2737.54,2606.08,2788.27,2605.81,-0.0054580762292162355,-0.03382016409607613,-0.03584716497716389,-0.0632663884008614
2022-05-11,2586.52,2599.11,2579.09,2592.27,679509.0,2624.344,2649.123,2675.482,2695.4156666666668,2804.74075,2978.7995416666668,33.06703123984633,-25.428408515605952,-16.02737951219411,-9.401029003411843,2675.482,2755.64862986543,2595.31537013457,0.059926869151375316,-0.01899400124267459,33.14771294037367,2737.54,2553.01,2770.66,2553.01,-0.0016521859691284169,-0.03290106921946234,-0.02793277235296776,-0.056570744365307846
2022-05-12,2569.5,2591.57,2546.8,2550.08,900330.0,2598.846,2640.225,2667.1615,2692.842333333333,2801.014666666667,2976.323625,28.14163314644584,-31.294555980179666,-19.08081480579122,-12.213741174388446,2667.1615,2761.8112056043024,2572.511794395698,0.07097410907011233,-0.11849901831431804,34.027876301775535,2737.54,2553.01,2770.66,2553.01,-0.01627531082796163,-0.0476140679795487,-0.06125919845094219,-0.057090457315269516
2022-05-13,2570.01,2605.84,2565.96,2604.24,788539.0,2590.792,2633.9,2661.538,2691.6373333333336,2798.0298333333335,2973.960791666667,40.4120282969187,-31.213451503932447,-21.507342145419468,-9.706109358512979,2661.538,2757.104123830473,2565.971876169527,0.07181270666094029,0.2002180390739579,35.58017085164873,2737.54,2546.8,2770.66,2546.8,0.021238549378842952,-0.015227773765272401,-0.04139933964243525,-0.027012486269586966
2022-05-16,2624.69,2629.2,2593.61,2596.58,780198.0,2587.946,2624.053,2656.564,2689.419,2795.1065000000003,2971.5780833333333,39.3876138949315,-31.405253392867053,-23.486924394908986,-7.918328997958067,2656.564,2754.7448330377233,2558.3831669622764,0.07391565423435947,0.19452286080648443,35.5808729336738,2737.54,2546.8,2770.66,2546.8,-0.0029413571713819975,-0.005450415771350636,-0.03689828861375488,-0.04876029424694461
2022-05-17,2603.58,2621.84,2603.58,2620.44,873519.0,2592.722,2617.352,2652.9255,2687.3581666666664,2792.1849999999995,2969.306958333333,44.137787808008255,-29.29426907915058,-24.648393331757305,-4.645875747393276,2652.9255,2750.797477904717,2555.0535220952825,0.07378418874161176,0.33404085267579947,34.843667724125694,2737.54,2546.8,2770.66,2546.8,0.009189010159517563,0.009196783436546951,-0.02701980164933293,-0.04506047542172453
2022-05-18,2634.75,2644.13,2618.0,2625.98,870268.0,2599.464,2611.904,2648.2799999999997,2685.3825,2788.95775,2966.9621666666667,45.21143614229756,-26.864588843855927,-25.09163243417703,-1.7729564096788977,2648.2799999999997,2741.9151980826737,2554.644801917326,0.07071397139477241,0.3809208478401987,34.22126288668815,2737.54,2546.8,2769.18,2546.8,0.002114148768908919,0.013004046646375667,-0.0341720334401171,-0.04319152347222832
2022-05-19,2576.24,2597.79,2568.54,2592.34,677595.0,2607.916,2603.3810000000003,2641.9625,2682.858166666667,2785.5828333333334,2964.4139166666664,40.163577133304024,-27.338376820831854,-25.540981311507995,-1.7973955093238594,2641.9625,2732.7493393269738,2551.1756606730264,0.06872681904226398,0.22670873681766887,35.87974410906757,2737.54,2546.8,2769.18,2546.8,-0.012810455525175346,0.016572029112812192,-0.04647458886448985,-0.055200816386034024
2022-05-20,2605.78,2641.68,2605.38,2639.29,755652.0,2614.9260000000004,2602.859,2637.5164999999997,2681.7331666666664,2782.6245,2961.9865,48.76194195196058,-23.652730628196423,-25.163331174845684,1.5106005466492611,2637.5164999999997,2719.228706744046,2555.8042932559533,0.06196147530758303,0.5108521117631514,36.841190958419865,2737.54,2546.8,2769.18,2546.8,0.018111050248038385,0.013458820999600718,-0.03259279894143052,-0.024937287340355163
2022-05-23,2651.63,2653.87,2634.29,2647.38,644204.0,2625.0860000000002,2606.5159999999996,2634.65,2680.5306666666665,2779.850416666667,2959.5829583333334,50.092738284508705,-19.850213176664965,-24.100707575209544,4.2504943985445784,2634.65,2710.5478384407743,2558.752161559226,0.05761512036951716,0.5838627308861615,35.608248747104156,2708.58,2546.8,2769.18,2546.8,0.0030652182973451847,0.019564195980867227,-0.021196357465310456,-0.026530319577279915
2022-05-24,2638.94,2646.99,2605.87,2605.87,851235.0,2622.172,2607.447,2632.087,2679.8151666666663,2777.095666666667,2956.909791666667,43.805796860529405,-19.956158612910713,-23.27179778274978,3.3156391698390664,2632.087,2708.2368102688506,2555.9371897311494,0.05786268483439234,0.32785905895602563,36.029802408025304,2702.1,2546.8,2769.18,2546.8,-0.015679653090980628,-0.0055601349391706245,-0.019291491195387533,-0.016207339172455537
2022-05-25,2621.75,2630.17,2602.94,2617.22,712611.0,2620.42,2609.942,2629.5325000000003,2678.822833333333,2774.6615,2954.3145416666666,45.80853133611359,-18.90633058019239,-22.3987043422383,3.4923737620459114,2629.5325000000003,2704.0608577907233,2555.0041422092772,0.05668563350384376,0.4173972138593596,35.40124509316635,2702.1,2546.8,2769.18,2546.8,0.004355551121122625,-0.0033358974554262844,-0.0191469506916363,-0.022243309075150708
2022-05-26,2616.99,2641.91,2602.01,2612.45,595849.0,2624.442,2616.1789999999996,2628.202,2677.3773333333334,2772.7735000000002,2951.64925,45.08136112779192,-18.248871801507903,-21.56873783409222,3.3198660325843186,2628.202,2702.9522702602612,2553.451729739739,0.056883200195617385,0.3946358324514678,35.72258472936873,2702.1,2546.8,2769.18,2546.8,-0.0018225445319842715,0.0077574700849425415,-0.010083135661940301,-0.03213198082380575
2022-05-27,2640.75,2644.71,2631.49,2638.05,590813.0,2624.194,2619.56,2626.73,2676.2861666666663,2770.5929166666665,2949.1085000000003,49.69659158463626,-15.483639176595716,-20.351718102592923,4.868078925997207,2626.73,2699.4597944447946,2554.0002055552054,0.05537668085017844,0.5778223016194043,35.47525724869955,2702.1,2546.8,2769.18,2546.8,0.009799230607284493,-0.00046982332369682744,-0.011036592452080218,-0.024216576907143184
2022-05-30,2662.31,2672.74,2654.18,2669.66,469797.0,2628.65,2626.8679999999995,2625.4605,2674.9958333333334,2768.296166666667,2946.8313333333335,54.75290035544091,-10.61909920919561,-18.40519432391346,7.786095114717849,2625.4605,2694.150011419009,2556.7709885809913,0.05232568642263617,0.821733981556376,35.41916744522098,2702.1,2546.8,2769.18,2546.8,0.011982335437159986,0.008415867763600149,-0.009420975492105965,-0.028182652125165686
2022-05-31,2666.88,2685.9,2654.32,2685.9,671679.0,2644.656,2633.4139999999998,2625.3830000000003,2674.5369999999994,2765.942583333333,2944.586583333333,57.13669084806503,-5.391335995886038,-15.802422658307977,10.411086662421939,2625.3830000000003,2693.7955132120005,2556.970486788,0.05211621558606896,0.9422948168302676,35.14494119913376,2702.1,2546.8,2769.18,2546.8,0.006083171639834406,0.030711432266383287,-0.0005767549163704366,-0.010145830185411042
2022-06-02,2670.74,2674.0,2653.59,2658.99,525259.0,2653.0099999999998,2636.715,2624.3095000000003,2674.665,2763.32375,2942.126875,52.22668350387287,-3.3807370567301405,-13.31808553799241,9.93734848126227,2624.3095000000003,2689.844629960825,2558.7743700391757,0.04994466541452113,0.7645947297329743,34.942445399195634,2702.1,2546.8,2769.18,2546.8,-0.01001898804869883,0.0159596824111079,-0.00800981921013566,0.00289668126322451
2022-06-03,2679.57,2681.51,2663.0,2670.65,562469.0,2664.65,2644.546,2623.9635000000003,2675.4691666666668,2760.648166666667,2939.7040416666664,54.06850352256913,-0.8368121094508751,-10.821830852284103,9.985018742833228,2623.9635000000003,2688.4346300582065,2559.492369941794,0.049140264381121304,0.8620729151005265,34.055127870681694,2696.03,2546.8,2769.18,2546.8,0.004385123674778946,0.022277938333748137,-0.002584432899980227,0.018399176327028588
2022-06-07,2659.27,2662.04,2622.78,2626.34,524710.0,2662.308,2643.2509999999997,2623.055,2674.5694999999996,2757.519333333333,2937.0695,46.7001866163475,-2.3688730526432664,-9.131239292355938,6.762366239712671,2623.055,2686.850947676809,2559.2590523231906,0.048642478085140564,0.5257461493999755,35.04190445134728,2685.9,2546.8,2769.18,2546.8,-0.016591466496920226,-0.00443888478232024,-0.006870838075862862,-0.020139386341929355
2022-06-08,2633.53,2639.52,2621.96,2626.15,576389.0,2653.6059999999998,2641.1279999999997,2623.822,2673.9839999999995,2754.1575,2934.3506249999996,46.670816485609116,-3.55736669129692,-8.016464772144134,4.459098080847214,2623.822,2687.379041970046,2560.2649580299544,0.048446153717779404,0.5183142569874252,33.79319699053675,2685.9,2546.8,2769.18,2546.8,-7.234402248001981e-05,-0.016297955544900766,0.005875571182889727,-0.01320041483797274
2022-06-09,2618.92,2627.88,2606.61,2625.44,814882.0,2641.514,2643.085,2625.266,2673.6471666666666,2750.9509166666667,2931.6859583333335,46.5529950467936,-4.504621061281341,-7.3140960299715765,2.8094749686902354,2625.266,2687.5800216643265,2562.9519783356736,0.04747253928883888,0.5013961544717599,32.89868291978412,2685.9,2546.8,2769.18,2546.8,-0.000270357748034189,-0.022510145575040053,0.01112240810919074,-0.007638954510233775
2022-06-10,2596.37,2602.8,2583.74,2595.87,724089.0,2628.8900000000003,2640.95,2625.446,2673.2194999999997,2747.5693333333334,2928.8857083333337,41.81799694777458,-7.554297606867294,-7.362136345350721,-0.1921612615165733,2625.446,2687.397476624711,2563.4945233752887,0.04719310671383923,0.2612970536669762,33.52734842551385,2685.9,2546.8,2769.18,2546.8,-0.011262874032543224,-0.023738336736881305,0.001388744228031813,-0.009788177133200904
2022-06-13,2550.21,2550.32,2504.51,2504.51,660309.0,2595.6620000000003,2630.156,2623.1675,2670.6408333333334,2743.5406666666668,2925.817875,31.24419864447239,-17.145533674128274,-9.318815811106232,-7.826717863022042,2623.1675,2698.0428339557307,2548.2921660442694,0.057087726159866375,-0.2923670835989524,37.658252109405694,2685.9,2546.8,2769.18,2546.8,-0.035194366435915336,-0.06220957444816799,-0.017870027606976868,-0.058182255765766744
2022-06-14,2472.96,2503.17,2457.39,2492.97,671756.0,2568.9880000000003,2615.648,2617.6040000000003,2667.2818333333335,2739.4038333333333,2922.60575,30.205271853939237,-25.385213969855613,-12.532095442856109,-12.853118526999504,2617.6040000000003,2711.4183552766976,2523.789644723303,0.07167956289545505,-0.16425868211961384,38.334091244448175,2685.9,2504.51,2769.18,2504.51,-0.004607687731332799,-0.050781696200796644,-0.04272647682241271,-0.0747965307235825
2022-06-15,2490.01,2495.54,2436.04,2447.38,714143.0,2533.2340000000004,2593.42,2610.144,2662.9545,2734.74525,2919.1523749999997,26.461733302226378,-35.18832287425903,-17.063340929136693,-18.124981945122336,2610.144,2729.665408860432,2490.6225911395677,0.09158223367019758,-0.18089893497684156,39.84594186984474,2685.9,2457.39,2769.18,2457.39,-0.018287424236954175,-0.06807303467052528,-0.05746019764459398,-0.0959135876351116
2022-06-16,2481.66,2500.36,2447.33,2451.41,584041.0,2498.428,2569.971,2601.6925,2659.0438333333336,2730.0259166666665,2915.6745,27.31924319545824,-42.14633329367234,-22.079939402043824,-20.06639389162852,2601.6925,2739.5973613899555,2463.7876386100447,0.1060116530988619,-0.044877455679551634,40.78766030771298,2685.9,2436.04,2769.18,2436.04,0.0016466588760224443,-0.06628603205557937,-0.06450443436980058,-0.08735503806705025
2022-06-17,2409.72,2441.34,2396.47,2440.93,634896.0,2467.4399999999996,2548.165,2592.44,2654.559333333333,2725.675333333333,2912.083208333333,26.45531122661103,-47.95347725995089,-27.254646973625235,-20.698830286325652,2592.44,2746.473293543906,2438.406706456094,0.1188326777429032,0.008190740734848082,41.79854171430492,2685.9,2436.04,2769.18,2436.04,-0.004275090662108738,-0.0596871183842026,-0.07046892969481877,-0.09928782287822879
2022-06-20,2449.89,2449.89,2372.35,2391.03,592701.0,2444.7439999999997,2520.203,2582.3745000000004,2648.8256666666666,2720.808666666667,2908.2879583333333,22.763979957774737,-55.93738233598151,-32.991194046096496,-22.946188289885015,2582.3745000000004,2759.6714091072477,2405.077590892753,0.13731308848290383,-0.0396160061771168,44.35150302042599,2685.9,2396.47,2769.18,2396.47,-0.020443027862330987,-0.045310260290436055,-0.07765570874190886,-0.12578197839161986
2022-06-21,2402.99,2423.48,2385.6,2408.93,479678.0,2427.936,2498.462,2570.8565000000003,2643.4801666666667,2716.012416666667,2904.630666666667,26.71425057639152,-60.12719534613734,-38.418394306104666,-21.708801040032675,2570.8565000000003,2761.30927832309,2380.4037216769107,0.14816290082553393,0.07489068569715575,43.889252804681284,2685.9,2372.35,2769.18,2372.35,0.007486313429776903,-0.033710794754850615,-0.0872810490700151,-0.11749814995274133
2022-06-22,2417.11,2418.05,2342.81,2342.81,532138.0,2407.022,2470.1279999999997,2555.6279999999997,2637.027333333333,2710.5510833333333,2900.6562083333333,22.197937124615393,-67.99913208804037,-44.334541862491804,-23.664590225548565,2555.6279999999997,2766.75474852795,2344.5012514720493,0.16522494551472316,-0.004005298911296918,46.128591890061216,2685.9,2372.35,2769.18,2372.35,-0.027447871046481165,-0.042727324730936767,-0.11504581888508647,-0.14182155180624034
2022-06-23,2347.84,2361.23,2306.48,2314.32,749660.0,2379.6040000000003,2439.016,2541.0505000000003,2630.1066666666666,2704.7335000000003,2896.623958333333,20.583212299978868,-75.66439156288743,-50.600511802570935,-25.063879760316496,2541.0505000000003,2775.284460772099,2306.8165392279016,0.18435994150615953,0.01601702150141927,46.74440675505684,2685.9,2342.81,2769.18,2342.81,-0.012160610548870743,-0.05592291783096248,-0.11188202020822213,-0.15212708275326414
2022-06-24,2327.11,2373.48,2319.99,2366.6,654445.0,2364.7380000000003,2416.089,2528.5195,2623.8655,2699.458916666667,2892.8107083333334,30.56467505370125,-76.63718013648122,-55.807845469353,-20.829334667128222,2528.5195,2771.7553554551228,2285.283644544877,0.1923938933080191,0.1671553630589751,47.631234843981346,2685.9,2306.48,2769.18,2306.48,0.02258978879325224,-0.03045150823661469,-0.09575809446664774,-0.13661453374047372
2022-06-27,2383.2,2418.94,2365.86,2401.92,510587.0,2366.916,2405.83,2517.993,2618.1184999999996,2694.30625,2889.0969999999998,36.382102621710594,-73.70842839059105,-59.38796205360061,-14.320466336990442,2517.993,2763.9951818683444,2271.9908181316555,0.1953954453950781,0.26408136074557287,48.020432355125536,2685.9,2306.48,2769.18,2306.48,0.014924364066593476,0.0045545225279481905,-0.08058718827154576,-0.12553791039559614
2022-06-28,2405.2,2422.1,2393.96,2422.09,564985.0,2369.548,2398.742,2507.195,2612.5258333333336,2689.54625,2885.4173333333333,39.49941260412448,-68.9648373829491,-61.303337119470314,-7.661500263478786,2507.195,2750.109443168755,2264.280556831245,0.1937738733275673,0.3248251547132652,46.60040147261656,2685.9,2306.48,2769.18,2306.48,0.008397448707700539,0.005463006397031123,-0.08186349765925593,-0.12168331731728099
2022-06-29,2387.1,2393.25,2375.45,2377.99,422127.0,2376.584,2391.803,2492.6115,2606.494833333333,2684.5490833333333,2881.6367083333334,35.41351828812775,-67.98037334695664,-62.63874436496758,-5.341628981989061,2492.6115,2729.7117403435877,2255.511259656412,0.19024243476657934,0.25828472414473436,46.60322993885826,2685.9,2306.48,2769.18,2306.48,-0.01820741590940067,0.015016155812891396,-0.10925361281960999,-0.13207292370020263
2022-06-30,2368.57,2368.57,2332.59,2332.64,515396.0,2380.248,2379.9260000000004,2474.9485,2599.4071666666664,2679.0813333333335,2877.8032083333333,31.773640104974348,-70.05202832335044,-64.12140115664415,-5.930627166706287,2474.9485,2704.327411434743,2245.5695885652567,0.1853605531062511,0.18979602547184052,46.517284943225505,2685.9,2306.48,2769.18,2306.48,-0.01907072779952812,0.007915932109647583,-0.13152388398674564,-0.15419703397512607
2022-07-01,2342.92,2354.97,2291.49,2305.42,530345.0,2368.0119999999997,2366.375,2457.27,2591.8441666666668,2673.3828333333336,2874.0009999999997,29.794188673544397,-73.04820212738196,-65.90676135079173,-7.14144077659023,2457.27,2681.631973783412,2232.908026216588,0.1826107621738042,0.16159595264884669,47.728907447280825,2681.51,2306.48,2769.18,2306.48,-0.011669181699704989,-0.025851432434716437,-0.13297154182603155,-0.16446071325021738
2022-07-04,2310.73,2318.31,2276.63,2300.34,467959.0,2347.696,2357.306,2438.7545,2584.599333333333,2667.935916666667,2870.0587916666673,29.425749594670137,-74.96841576726501,-67.71909223408639,-7.249323533178625,2438.7545,2650.3820039284574,2227.1269960715426,0.17355375781240578,0.1729761079476887,47.2968426296179,2681.51,2291.49,2747.85,2291.49,-0.00220350304933592,-0.042291167066346946,-0.138659127927658,-0.15893427128770066
2022-07-05,2322.11,2344.08,2309.62,2341.78,323904.0,2331.634,2350.5910000000003,2424.5265,2578.698,2663.113,2866.1854583333334,36.34138411785656,-72.31276074703374,-68.63782593667585,-3.6749348103578825,2424.5265,2621.553409966608,2227.499590033392,0.16252815547003338,0.29001218662459965,47.042782441788034,2662.04,2276.63,2737.54,2276.63,0.018014728257562007,-0.033157314550656625,-0.10834850019418651,-0.13134213200982248
2022-07-06,2330.11,2332.14,2290.33,2292.01,410732.0,2314.438,2345.511,2407.8195,2571.891666666667,2657.589,2862.1321249999996,32.25352831892782,-73.37829871412305,-69.5859204921653,-3.7923782219577475,2407.8195,2589.7118452457266,2225.9271547542735,0.151084701528272,0.1816537280786952,47.357583695946055,2639.52,2276.63,2737.54,2276.63,-0.02125306390865067,-0.03615658602433125,-0.12723568722274048,-0.15123000751743254
2022-07-07,2308.97,2344.14,2307.9,2334.27,340172.0,2314.764,2347.5060000000003,2393.2609999999995,2565.9111666666663,2652.651916666667,2858.1656666666668,38.57193365788573,-70.00573388817702,-69.66988317136764,-0.33585071680937517,2393.2609999999995,2547.686370182464,2238.835629817535,0.12905017061027996,0.30899835328127284,47.698470574807025,2627.88,2276.63,2737.54,2276.63,0.018437964930344775,0.0006987790657795312,-0.11090331525382413,-0.13324050350896732
2022-07-08,2352.49,2367.84,2348.74,2350.61,411424.0,2323.8020000000006,2345.907,2380.998,2560.6420000000003,2647.8455000000004,2854.3060833333334,40.868336834794434,-65.26214909419468,-68.78833635593305,3.5261872617383716,2380.998,2505.0923611289077,2256.9036388710924,0.10423726616226273,0.3775609152440325,46.689294105177964,2602.8,2276.63,2737.54,2276.63,0.007000047123940201,0.019601634409348367,-0.0944808484246129,-0.11855210067647637
2022-07-11,2357.43,2363.26,2337.82,2340.27,377108.0,2331.788,2339.742,2372.786,2554.3716666666664,2642.577083333333,2850.5403749999996,39.85303341809933,-61.62678039128377,-67.35602516300321,5.729244771719436,2372.786,2484.1878575069204,2261.3841424930797,0.09389962475075321,0.35405988406440997,45.17148738337954,2550.32,2276.63,2737.54,2276.63,-0.004398858168730757,0.017358303555126575,-0.06557769783310918,-0.13849489598710096
2022-07-12,2330.88,2333.02,2303.74,2317.76,379308.0,2326.984,2329.309,2364.0255,2547.7225000000003,2637.2076666666667,2846.728125,37.65960109719154,-59.87192707257782,-65.85920554491814,5.987278472340321,2364.0255,2463.122027582921,2264.9289724170794,0.08383710546516589,0.2665634652975782,44.55423828456673,2503.17,2276.63,2737.54,2276.63,-0.009618548287163353,-0.010257154813859581,-0.07028163194904058,-0.1468504183368854
2022-07-13,2324.45,2341.19,2312.49,2328.61,308806.0,2334.304,2324.371,2358.0870000000004,2541.5983333333334,2632.263416666667,2843.0310416666666,39.3911618772513,-56.94921376507227,-64.07720718894896,7.127993423876688,2358.0870000000004,2450.500828207649,2265.6731717923517,0.07838033813650534,0.3405162919245855,43.421792692811984,2500.36,2276.63,2737.54,2276.63,0.004681243959685277,0.015968516716768244,-0.048529447817666216,-0.136291477192644
2022-07-14,2316.41,2338.29,2307.69,2322.32,349137.0,2331.9139999999998,2323.339,2351.6325,2535.4168333333337,2627.531916666667,2839.1648333333337,38.71972374160666,-54.51211115930482,-62.16418798302014,7.652076823715319,2351.6325,2434.6246234515247,2268.6403765484756,0.07058256207253859,0.3234019158630075,42.50595035761112,2500.36,2276.63,2737.54,2276.63,-0.0027011822503553162,-0.0051193735086343395,-0.05265948984461988,-0.13771298933243226
2022-07-15,2335.12,2337.3,2293.45,2330.98,319675.0,2327.988,2325.895,2346.1349999999998,2528.951666666667,2623.0880833333335,2835.3171666666667,40.23029173801709,-51.290653435021795,-59.98948107342048,8.698827638398683,2346.1349999999998,2418.642233983882,2273.6277660161177,0.061809941869399754,0.39549318621526364,42.60195390349607,2449.89,2276.63,2737.54,2276.63,0.003729029591098554,-0.008351023776806965,-0.04504430688303218,-0.14267219343187842
2022-07-18,2350.48,2376.5,2344.12,2375.25,324357.0,2334.9840000000004,2333.386,2345.346,2523.2276666666667,2619.196166666667,2831.77675,47.37215404640784,-44.650700477990995,-56.921724954334586,12.271024476343591,2345.346,2416.206661413745,2274.485338586255,0.0604266162977618,0.7110056511143386,42.81038576753206,2449.89,2276.63,2737.54,2276.63,0.01899201194347433,0.014946993295645417,-0.006599666252619207,-0.1263255464948192
2022-07-19,2367.52,2372.74,2359.59,2370.97,339377.0,2345.626,2336.3050000000003,2343.448,2517.273666666667,2615.098583333333,2828.1869166666665,46.79004714257076,-39.28104274267616,-53.39358851200291,14.112545769326744,2343.448,2409.2473661367153,2277.6486338632844,0.056156028328100675,0.7091357532443076,40.87107249842262,2423.48,2276.63,2737.54,2276.63,-0.0018019155878329363,0.022957510699985972,-0.015758033649794778,-0.13094299925592245
2022-07-20,2406.29,2410.06,2382.65,2386.85,333329.0,2357.274,2345.7889999999998,2345.65,2511.976,2611.369916666667,2824.6452083333334,49.280323276506145,-33.35961810398021,-49.386794430398375,16.027176326418164,2345.65,2414.110402277473,2277.189597722527,0.058372222861443855,0.8009038701891824,40.74385303424959,2422.1,2276.63,2708.58,2276.63,0.006697680696086561,0.025010628658298284,0.01879793922682582,-0.11752091721478464
2022-07-21,2387.91,2411.96,2387.91,2409.16,295624.0,2374.642,2353.278,2350.3920000000003,2507.8431666666665,2608.179583333333,2821.1723333333334,52.63424449259565,-26.560443608090736,-44.82152426593685,18.261080657846115,2350.3920000000003,2422.5534208839686,2278.230579116032,0.061403732555223356,0.9071981903910636,39.62714924608892,2422.1,2276.63,2702.1,2276.63,0.009347047363680083,0.03739364084191665,0.04097963980780528,-0.09332249457121033
2022-07-22,2405.37,2417.91,2391.48,2393.14,381596.0,2387.074,2357.531,2351.719,2503.257,2605.4525,2817.8007500000003,50.07369236456573,-22.208720642842763,-40.29896354131803,18.090242898475267,2351.719,2425.9696928990775,2277.4683071009226,0.06314588851735893,0.778926689992643,38.68449572851112,2422.1,2276.63,2702.1,2276.63,-0.006649620614654017,0.026666895468858476,0.011214400405645142,-0.10312519909605711
2022-07-25,2385.65,2412.47,2385.65,2403.69,323090.0,2392.7619999999997,2363.873,2351.8075,2499.334166666667,2602.90625,2814.3867916666663,51.73878392806348,-17.704564808043415,-35.780083794663106,18.07551898661969,2351.8075,2426.301143722086,2277.3138562779136,0.06335012004348681,0.8482344090561498,37.83703174790317,2422.1,2276.63,2702.1,2276.63,0.004408434107490589,0.011973476476160316,0.0007369104716226094,-0.08918705902859347
2022-07-26,2397.27,2415.39,2395.17,2412.96,415671.0,2401.16,2373.393,2351.351,2495.0919999999996,2601.226833333333,2810.952708333333,53.21525484889209,-13.234419184675971,-31.270950872665683,18.03653168798971,2351.351,2424.21024152771,2278.4917584722903,0.061972237686087575,0.9227946840248725,36.57867233733864,2422.1,2276.63,2702.1,2276.63,0.003856570522821068,0.01771005116049551,-0.0037694718197920363,-0.09541928929443022
2022-07-27,2412.52,2415.53,2396.19,2415.53,333587.0,2406.896,2382.085,2353.228,2490.4333333333334,2599.1617499999998,2807.3491666666664,53.638722368747466,-9.376334503294856,-26.89202759879152,17.515693095496662,2353.228,2430.5341323828393,2275.921867617161,0.06570220342681561,0.9029563896138608,35.347338598957315,2417.91,2276.63,2702.1,2276.63,0.0010650818911213111,0.012015836772315103,0.01578644149050268,-0.10371607205803235
2022-07-28,2437.57,2443.43,2429.07,2435.27,491073.0,2412.118,2393.38,2358.3595,2486.230333333333,2596.8905000000004,2803.8455833333333,56.86806058539139,-4.672064915280771,-22.44803506208937,17.7759701468086,2358.3595,2442.812526819604,2273.906473180396,0.07162014681782317,0.9553448401813041,34.81538584188891,2417.91,2276.63,2702.1,2276.63,0.008172119576241865,0.010837802387554163,0.043997359215309784,-0.09383616439375608
2022-07-29,2453.53,2463.05,2442.01,2451.5,499369.0,2423.79,2405.432,2365.6634999999997,2482.414333333333,2594.4008333333336,2800.4336666666663,59.373715707006475,0.36156014558810057,-17.886116020553878,18.24767616614198,2365.6634999999997,2455.627006440069,2275.69999355993,0.0760577372395267,0.9770628858112681,34.312858281754,2443.43,2276.63,2702.1,2276.63,0.006664558755292038,0.024386371043900512,0.063363725481691,-0.08541817449243783
2022-08-01,2444.05,2461.4,2437.13,2452.25,487160.0,2433.5020000000004,2413.132,2373.259,2478.6589999999997,2591.96075,2797.066291666667,59.490828165895856,4.3609922001651285,-13.436694376410077,17.797686576575206,2373.259,2465.5014982098382,2281.016501790162,0.07773487698547712,0.928170320259036,33.595511261628715,2463.05,2276.63,2696.03,2276.63,0.00030593514175003556,0.020202272339611138,0.06603806393837419,-0.08415092789357526
2022-08-02,2451.0,2451.07,2428.76,2439.62,549923.0,2438.834,2419.9970000000003,2378.1510000000003,2475.244166666667,2589.4036666666666,2793.718083333333,56.535252366107855,6.437231078250534,-9.461909285477956,15.89914036372849,2378.1510000000003,2473.5214503291863,2282.7805496708143,0.08020554651843893,0.8222643900067039,32.87368902865522,2463.05,2290.33,2685.9,2276.63,-0.0051503721072484465,0.011048670512565417,0.041780184304247125,-0.0774774911042122
2022-08-03,2438.56,2461.45,2433.12,2461.45,475302.0,2448.018,2427.457,2386.623,2472.7548333333334,2586.842,2790.5548750000003,60.214445382924374,9.73197970263982,-5.623131487854401,15.35511119049422,2386.623,2479.9617056048633,2293.284294395137,0.07821822349391856,0.9008358564386448,32.5491398123227,2463.05,2290.33,2685.9,2276.63,0.008948114870348522,0.019010320716364326,0.07392637902975974,-0.05720829934005156
2022-08-04,2478.44,2478.95,2465.32,2473.11,399964.0,2455.586,2433.852,2393.565,2470.697333333333,2584.3518333333336,2787.49125,62.06168383176202,13.132572161034659,-1.8719907580765893,15.004562919111248,2393.565,2490.864442033297,2296.265557966703,0.08130085628198695,0.9087639062348313,31.47420125429965,2463.05,2293.45,2685.9,2276.63,0.004737045237563242,0.015538318133102358,0.059478980580652596,-0.04754367316757546
2022-08-05,2481.43,2497.58,2480.05,2490.8,409776.0,2463.4460000000004,2443.618,2400.5745,2469.0061666666666,2582.2109166666664,2784.6558749999995,64.73674608419577,17.058363150818877,1.9140800237025042,15.144283127116374,2400.5745,2504.4617066184796,2296.6872933815207,0.0865519538081234,0.9342474060898981,30.973901164706806,2478.95,2293.45,2685.9,2276.63,0.007152936990267422,0.016031001427697422,0.05963983816966656,-0.0391432991162185
2022-08-08,2481.17,2494.0,2477.76,2493.1,418234.0,2471.6159999999995,2452.559,2408.216,2468.0565,2580.449416666667,2781.947583333333,65.08148970251169,20.123203804913828,5.555904779944769,14.56729902496906,2408.216,2515.6583040333285,2300.7736959666713,0.08922979004651459,0.8950213128977066,29.921479652942022,2497.58,2293.45,2685.9,2276.63,0.0009233981050262852,0.016658171067386984,0.0653044306853483,-0.02234439703852431
2022-08-09,2493.57,2506.49,2481.36,2503.46,454363.0,2484.384,2461.609,2417.5009999999997,2466.3768333333333,2579.007083333333,2779.216458333334,66.6624610185291,23.121546724163636,9.069033168788543,14.052513555375093,2417.5009999999997,2524.1632244095335,2310.838775590466,0.08824172102475557,0.9029495938035069,29.579231106303283,2497.58,2293.45,2685.9,2276.63,0.004155469094701436,0.026168009772013834,0.08012046113488869,-0.038698430252203986
2022-08-10,2493.7,2494.15,2478.21,2480.88,479467.0,2488.2700000000004,2468.1440000000002,2425.1145,2464.4485,2576.9337499999997,2776.6458333333335,60.25867613398551,23.40592882073588,11.936412299178011,11.46951652155787,2425.1145,2526.938004845342,2323.290995154658,0.0839741833594596,0.7738341215257774,29.270000312995904,2506.49,2293.45,2685.9,2276.63,-0.009019516988487908,0.00789372118060494,0.0653909413770446,-0.04455861171232922
2022-08-11,2507.74,2523.78,2506.41,2523.78,505245.0,2498.404,2476.995,2435.1875,2462.8375,2575.0978333333337,2774.4094583333335,66.78674679096143,26.784223297301196,14.90597449880265,11.878248798498547,2435.1875,2534.161229620485,2336.213770379515,0.08128633184958846,0.9475556308714873,30.24357171921049,2506.49,2293.45,2685.9,2276.63,0.017292251136693526,0.020488372939335475,0.08674945743911255,-0.03688693501854645
2022-08-12,2519.66,2533.2,2514.31,2527.94,445546.0,2505.832,2484.639,2445.0355,2461.2035,2573.2929999999997,2772.0666666666666,67.34687568945718,29.457653747062977,17.816310348454714,11.641343398608264,2445.0355,2539.674981079454,2350.396018920546,0.07741358444853179,0.9380016619617666,29.432602310695447,2523.78,2293.45,2685.9,2276.63,0.0016483211690401234,0.014910872008992992,0.08449664947790203,-0.03733463316552299
2022-08-16,2543.05,2546.35,2532.2,2533.52,398335.0,2513.916,2492.766,2452.949,2460.223166666666,2571.5406666666668,2769.54675,68.12343325399407,31.661650210584412,20.585378320880654,11.076271889703758,2452.949,2549.375322111693,2356.522677888307,0.07862073130072661,0.9177853009195586,28.645273574217192,2533.2,2344.12,2685.9,2276.63,0.002207330870194646,0.016212747182222875,0.0666329860014736,-0.0226899249326864
2022-08-17,2536.57,2543.15,2512.01,2516.47,418052.0,2516.518,2500.451,2460.2239999999997,2458.1761666666666,2569.9546666666665,2766.9203333333335,63.17921106742312,31.66749757988964,22.80180217268245,8.865695407207191,2460.2239999999997,2552.685912677532,2367.7620873224673,0.07516544239673492,0.8041576708247541,28.823468318915957,2546.35,2359.59,2685.9,2276.63,-0.006729767280305721,0.0051968076182562495,0.06136728849373885,-0.04653524243262397
2022-08-18,2499.3,2515.37,2488.09,2508.05,381627.0,2521.9519999999998,2505.111,2466.284,2455.8540000000003,2568.1923333333334,2764.335,60.831199544234494,30.639514777152726,24.369344693576508,6.270170083576218,2466.284,2554.505467772801,2378.0625322271994,0.07154201849649162,0.7367110922908315,28.791792010421936,2546.35,2382.65,2685.9,2276.63,-0.003345956836361852,0.010951759053239307,0.0507782223432558,-0.052629392078205606
2022-08-19,2510.72,2510.72,2492.69,2492.69,459834.0,2515.734,2507.0690000000004,2470.4605,2453.967666666667,2566.891416666667,2761.6632916666663,56.692042209267775,28.259647740511355,25.147405302963477,3.112242437547877,2470.4605,2555.313784314675,2385.607215685325,0.06869430562818143,0.6309878585109489,28.023092581106066,2546.35,2385.65,2685.9,2276.63,-0.006124279818982892,-0.01231882335227319,0.034671835826595165,-0.04343271153204109
2022-08-22,2467.38,2475.77,2457.08,2462.5,422552.0,2502.6459999999997,2504.2390000000005,2473.9285,2451.3890000000006,2565.105916666667,2758.8229166666665,49.554836954031764,23.664713193393254,24.850866881049434,-1.18615368765618,2473.9285,2551.1875042065444,2396.6694957934556,0.06245855869039419,0.4260377472025979,28.565014539598497,2546.35,2385.65,2685.9,2276.63,-0.012111413773874813,-0.02588669034866331,0.02898284262517037,-0.05911616142318943
2022-08-23,2449.31,2454.55,2431.83,2435.34,471166.0,2483.0099999999998,2498.463,2475.511,2448.437166666667,2562.9072499999997,2755.639875,44.16765369201901,17.628400221225093,23.406373549084567,-5.777973327859474,2475.511,2548.1061898956586,2402.9158101043413,0.05865067042372963,0.22332188911043732,28.715370643912895,2546.35,2385.65,2685.9,2276.63,-0.011029441624365477,-0.03875240771732602,0.013167255344907147,-0.06779459893969253
2022-08-24,2446.18,2454.01,2430.69,2447.45,423502.0,2469.206,2492.862,2477.2355,2445.2605,2560.773333333333,2752.475,46.93754118656371,13.664241622275767,21.45794716372281,-7.793705541447043,2477.2355,2545.302558251306,2409.1684417486936,0.05495404716370827,0.2812047357032036,28.329987026490556,2546.35,2395.17,2685.9,2276.63,0.004972611627123813,-0.027427308889038993,0.014293647636098417,-0.0722503364227366
2022-08-25,2459.79,2477.26,2455.32,2477.26,426229.0,2463.048,2492.5,2480.3219999999997,2442.0538333333334,2558.5248333333334,2749.5642083333337,53.1049880639949,12.78070720290225,19.7224991715587,-6.9417919686564495,2480.3219999999997,2542.2373039561826,2418.4066960438167,0.04992521451342441,0.4752726724707158,28.43570223888412,2546.35,2396.19,2685.9,2276.63,0.012180024106723586,-0.012276469767349085,0.025555468158126704,-0.0720691024325194
2022-08-26,2489.14,2497.76,2476.75,2481.03,520091.0,2460.7160000000003,2488.225,2482.61,2438.6393333333335,2556.588166666667,2746.564083333333,53.83576982935733,12.243571037262882,18.226713544699535,-5.9831425074366535,2482.61,2540.977189413115,2424.2428105868853,0.04702082841293222,0.48646499843587715,27.9052949361067,2546.35,2428.76,2685.9,2276.63,0.0015218426810266195,-0.004677677529094981,0.01879052425398431,-0.07627610856696077
2022-08-29,2432.06,2432.89,2417.01,2426.89,448746.0,2453.594,2478.12,2481.3795,2434.771,2554.718,2743.3289166666664,43.38085026290142,7.364349585126547,16.05424075278494,-8.689891167658391,2481.3795,2543.250733533739,2419.508266466261,0.04986841676876841,0.05965400325915281,30.484916726384792,2546.35,2428.76,2681.51,2276.63,-0.021821582165471698,-0.014460913705583778,-0.010038751784621658,-0.08728878258286044
2022-08-30,2441.21,2453.91,2433.48,2450.93,336555.0,2456.7120000000004,2469.861,2481.3135,2431.109,2553.2890833333336,2740.260208333333,48.19198598114632,5.375394321086333,13.918471466445217,-8.543077145358884,2481.3135,2543.311572316698,2419.3154276833025,0.04997197840313023,0.25496415562087343,30.237422674500166,2546.35,2417.01,2681.51,2276.63,0.00990568175731088,0.006401570211961971,-0.000538281170353816,-0.0822721060416004
2022-08-31,2433.47,2473.75,2426.14,2472.05,436246.0,2461.632,2465.4190000000003,2482.935,2428.5375,2551.5535000000004,2737.3812916666666,52.04714969451398,5.440624307139387,12.22290203458405,-6.782277727444663,2482.935,2542.1189236616365,2423.7510763383634,0.047672551767675375,0.408040905987993,31.47832105489302,2546.35,2417.01,2662.04,2276.63,0.008617137168340339,0.010051277860630536,0.013293053836253232,-0.05874715383385243
2022-09-01,2443.0,2443.61,2415.61,2415.61,580021.0,2449.302,2456.175,2480.643,2425.0285000000003,2549.50625,2734.468416666667,42.86705251675267,0.9273928226270982,9.96380019219266,-9.036407369565563,2480.643,2546.1863737610943,2415.099626238906,0.05284385843597345,0.003893404716658744,33.26129812240067,2546.35,2417.01,2639.52,2276.63,-0.02283125341315917,-0.024886366388671366,-0.018623169270145512,-0.08017059193115394
2022-09-02,2427.7,2432.37,2402.67,2409.41,391598.0,2434.978,2447.8469999999998,2477.458,2421.4280000000003,2547.5375833333333,2731.483625,41.99087002922323,-3.1137702244709544,7.348286108859938,-10.462056333330892,2477.458,2549.9758308003397,2404.9401691996604,0.05854212729365313,0.030818839663351374,33.006919685086324,2546.35,2415.61,2627.88,2276.63,-0.002566639482366906,-0.028867043123219083,-0.025757042751838877,-0.08228335060028036
2022-09-05,2410.07,2424.77,2392.63,2403.68,354737.0,2430.3360000000002,2441.9649999999997,2473.102,2418.2248333333337,2545.7221666666665,2728.4662083333333,41.15367397249915,-6.701533065080639,4.538322274071823,-11.239855339152463,2473.102,2552.0701815922516,2394.133818407748,0.06386164548995696,0.06044321522776711,32.94499685043729,2546.35,2402.67,2602.8,2276.63,-0.0023781755699527896,-0.009563680265689878,-0.03497671430865601,-0.07403683543474826
2022-09-06,2409.72,2422.53,2399.26,2410.02,294224.0,2422.1539999999995,2439.433,2468.948,2416.65,2543.6454166666667,2725.3878333333337,42.519244355449224,-8.93033263461757,1.8445912923339443,-10.774923926951516,2468.948,2551.9108506259704,2385.9851493740293,0.06720502062090455,0.144853090537651,32.25392564683463,2546.35,2392.63,2550.32,2276.63,0.0026376223124542353,-0.016691623179772463,-0.033323974168705583,-0.037727938798407745
2022-09-07,2395.66,2398.4,2365.35,2376.46,378200.0,2403.036,2432.334,2462.598,2414.7081666666663,2540.9950000000003,2722.1505833333335,37.55170038198995,-13.251923948247622,-1.1747117557823692,-12.077212192465254,2462.598,2553.119461455212,2372.076538544788,0.07351704294018913,0.024212277313821556,33.140788100632165,2546.35,2392.63,2546.35,2276.63,-0.013925195641529942,-0.03866831172508656,-0.05072978997068056,-0.046735420001042804
2022-09-08,2393.27,2394.06,2379.06,2384.28,423620.0,2396.7699999999995,2423.036,2457.768,2413.6564999999996,2538.3055,2719.0430416666663,39.33037686896228,-15.862949348404982,-4.1123592743068915,-11.75059007409809,2457.768,2554.0006083195694,2361.5353916804306,0.07830894398459855,0.11817516285144868,32.030731807729865,2546.35,2365.35,2546.35,2276.63,0.003290608720533994,-0.012969808868153354,-0.03893779626584115,-0.02578267371638243
2022-09-13,2418.59,2453.95,2418.59,2449.54,367102.0,2404.796,2419.887,2454.0559999999996,2413.625333333333,2536.3345833333337,2716.164,51.69528446149205,-12.521924241993474,-5.7942722678442085,-6.727651974149266,2454.0559999999996,2545.4213232686657,2362.6906767313335,0.07446066696820781,0.4752860284491086,34.719250964320565,2546.35,2365.35,2546.35,2276.63,0.02737094636535975,0.016655529776999467,-0.029416193170561655,-0.0007628262918075723
2022-09-14,2390.47,2418.42,2381.5,2411.42,461507.0,2406.344,2418.34,2448.2300000000005,2413.1335000000004,2533.8464166666668,2713.18,45.82076413035606,-12.802523668685808,-7.195922548012528,-5.60660112067328,2448.2300000000005,2534.73809095101,2361.721909048991,0.07066990515679433,0.28724533396045926,37.0993044668691,2546.35,2365.35,2546.35,2276.63,-0.015562105538182602,0.0032200625707250463,-0.04609286612815178,-0.01208965435305387
2022-09-15,2416.01,2421.63,2401.83,2401.83,424110.0,2404.706,2413.4300000000003,2441.6454999999996,2413.3134999999997,2531.0695833333334,2710.165791666667,44.45220004003749,-13.641483063744545,-8.485034651158932,-5.156448412585613,2441.6454999999996,2520.929435440847,2362.361564559152,0.06494303570346104,0.24890562773775632,35.86363986209275,2546.35,2365.35,2546.35,2276.63,-0.0039769098705327854,-0.003398312047202978,-0.051979064700495736,0.004516881845898935
2022-09-16,2387.56,2395.1,2371.11,2382.78,440798.0,2405.9700000000003,2404.5029999999997,2434.9610000000002,2412.8776666666668,2528.1789166666663,2707.037208333333,41.78252413464191,-15.66298705629788,-9.920625132186721,-5.742361924111158,2434.9610000000002,2510.330095231327,2359.5919047686734,0.06190579252096999,0.1538302613303015,35.49623701480039,2543.15,2365.35,2546.35,2276.63,-0.0079314522676458,0.0026594177894851967,-0.053126005873306514,-0.010855442042732477
2022-09-19,2388.73,2389.85,2352.76,2355.66,403937.0,2400.246,2398.5080000000003,2427.3415,2413.0918333333334,2525.0595833333336,2703.9444583333334,38.25973514984464,-19.231709705092726,-11.782842046767923,-7.448867658324803,2427.3415,2502.4254711988465,2352.2575288011535,0.0618651897138054,0.022657773320456806,35.61007722802891,2515.37,2365.35,2546.35,2276.63,-0.011381663435147349,-0.012003623735467484,-0.060760351667630386,0.005484866463776328
2022-09-20,2373.64,2382.52,2359.84,2367.85,419340.0,2383.9080000000004,2394.352,2421.0995,2413.984,2522.0453333333335,2701.059375,40.68069032873209,-20.83613104297956,-13.59349984601025,-7.24263119696931,2421.0995,2494.144108965957,2348.0548910340426,0.06034003060671996,0.13550013646580616,34.98507171174115,2510.72,2352.76,2546.35,2276.63,0.005174770552626384,-0.033349118610024764,-0.05008244105765258,0.023129904248331945
2022-09-21,2351.54,2360.27,2341.79,2347.21,378165.0,2371.066,2388.7050000000004,2415.335,2413.6608333333334,2518.7631666666666,2698.052666666667,37.96609637496776,-23.50220324738666,-15.575240526285533,-7.926962721101127,2415.335,2492.4824459719175,2338.1875540280826,0.0638813630174841,0.05847533808962222,34.34756658947392,2497.76,2352.76,2546.35,2276.63,-0.008716768376375139,-0.026627464315631455,-0.04681827411167516,-0.0081931885405222
2022-09-22,2319.7,2335.11,2309.1,2332.31,446820.0,2357.162,2380.934,2410.1835,2412.5006666666663,2515.3095833333336,2695.1907083333335,36.093653131030194,-26.511778869102727,-17.762548194848975,-8.749230674253752,2410.1835,2494.7066727456454,2325.660327254355,0.0701383714108451,0.03933638864726446,34.61631183308293,2497.76,2341.79,2546.35,2276.63,-0.006347962048559808,-0.028944596411902612,-0.04230620775743843,-0.028980981881161827
2022-09-23,2331.33,2334.06,2285.71,2290.0,446460.0,2338.6059999999998,2372.288,2402.311,2410.299166666666,2511.4125,2692.39,31.363467081916582,-31.94273664829234,-20.59858588553765,-11.34415076275469,2402.311,2499.8164769538134,2304.805523046187,0.08117639802158279,-0.07592149440589882,35.59728955929129,2497.76,2309.1,2546.35,2276.63,-0.018140813185211213,-0.03893771141271962,-0.06433226419334404,-0.054535545747680825
2022-09-26,2260.8,2260.8,2215.36,2220.94,621995.0,2311.662,2355.954,2389.495,2407.6816666666664,2507.0882500000002,2689.5259583333336,25.491198955059147,-41.34280058756303,-24.747428825942727,-16.595371761620306,2389.495,2509.1024246022853,2269.8875753977145,0.10011104823595396,-0.20461762955131457,38.38605459077048,2497.76,2285.71,2546.35,2276.63,-0.030157205240174623,-0.05718991705084764,-0.10346915543786284,-0.06604317091325018
2022-09-27,2224.39,2227.35,2197.9,2223.86,487939.0,2282.864,2333.3859999999995,2376.6364999999996,2405.868666666667,2502.6379166666666,2686.4609583333336,26.121058099531993,-48.00344554753201,-29.398632170260584,-18.604813377271427,2376.6364999999996,2508.7570182058867,2244.5159817941126,0.1111827729700247,-0.07817098386612314,37.747764977144,2497.76,2215.36,2546.35,2215.36,0.0013147586157213897,-0.06081043985049717,-0.1036545305780261,-0.046633856917483896
2022-09-28,2206.15,2223.56,2151.6,2169.29,596136.0,2247.2799999999997,2309.173,2363.7565,2403.599833333333,2497.722,2683.18175,22.323130004476255,-57.028014156652716,-34.92450856753901,-22.10350558911371,2363.7565,2521.508473334703,2206.004526665297,0.13347565481867785,-0.11636788399280297,40.21292462163373,2473.75,2197.9,2546.35,2197.9,-0.02453841518800648,-0.07580063138790316,-0.10614407739947007,-0.0590478090760036
2022-09-29,2197.75,2210.61,2170.14,2170.93,508500.0,2215.004,2286.083,2349.7565,2401.443,2493.0211666666664,2680.0757083333333,22.686947325961142,-63.317827008167114,-40.60317225566463,-22.714654752502483,2349.7565,2523.014264879366,2176.498735120634,0.14746869718574315,-0.01607066535953423,40.29200143437419,2473.75,2151.6,2546.35,2151.6,0.0007560077260300169,-0.06919320330487799,-0.1142423488226918,-0.0562569011537426
2022-09-30,2161.11,2177.2,2134.77,2155.49,950269.0,2188.102,2263.3540000000003,2333.9285,2398.338166666667,2488.5180833333334,2676.788541666667,21.658440974304753,-68.75585329344858,-46.233708463221426,-22.522144830227155,2333.9285,2517.157606123985,2150.699393876015,0.15701346988477566,0.013072721428720442,40.44471561763317,2473.75,2151.6,2546.35,2151.6,-0.007112159304998311,-0.05873799126637569,-0.12805566230456522,-0.07955059826286004
2022-10-04,2189.51,2212.38,2180.84,2209.38,421003.0,2185.79,2248.7259999999997,2323.617,2396.9610000000002,2484.4263333333333,2673.541625,33.064441286572546,-67.93395533127978,-50.573757836833096,-17.36019749444668,2323.617,2510.4744041455015,2136.759595854499,0.16083322177923579,0.19432038157009146,41.619378787802255,2453.95,2134.77,2546.35,2134.77,0.025001275811996404,-0.005205003286896548,-0.08537388071749996,-0.03605132612859463
2022-10-05,2248.85,2253.93,2204.03,2215.22,855790.0,2184.062,2233.463,2313.9075,2394.9768333333336,2480.4440000000004,2670.2089583333336,34.18277162289098,-66.04997310643193,-53.66900089075287,-12.380972215679066,2313.9075,2502.1001833726427,2125.714816627357,0.1626622355237994,0.23780197446734017,42.21085173153064,2453.95,2134.77,2546.35,2134.77,0.002643275489051078,-0.0038851366542859145,-0.08059649457751072,-0.051000955330788744
2022-10-06,2230.43,2250.87,2223.36,2237.86,643015.0,2197.7760000000003,2222.528,2305.6164999999996,2393.0976666666666,2476.869833333333,2667.0055416666664,38.47435585669694,-62.01517252449776,-55.33823521750185,-6.67693730699591,2305.6164999999996,2491.8592111352177,2119.3737888647815,0.16155567166978388,0.3180962369292236,41.74221946499274,2453.95,2134.77,2546.35,2134.77,0.010220203862370436,0.03160942059383487,-0.06898588830459951,-0.04796627258456321
2022-10-07,2217.84,2245.88,2215.08,2232.84,428682.0,2210.1580000000004,2212.581,2296.7575,2391.3071666666665,2472.839416666667,2663.688041666667,37.88449238599767,-58.54773420503898,-55.98013501500928,-2.5675991900296964,2296.7575,2479.107947092945,2114.4070529070555,0.15878946479368822,0.32473994163715697,40.96063236035042,2453.95,2134.77,2546.35,2134.77,-0.002243214499566548,0.02851773203189434,-0.07351806209077094,-0.04590495968413899
2022-10-11,2193.02,2193.05,2174.06,2192.07,859508.0,2217.474,2202.788,2287.538,2389.2123333333334,2468.467416666667,2660.266958333333,33.405141010399845,-58.416177297143804,-56.467343471436195,-1.9488338257076094,2287.538,2471.4757222431476,2103.6002777568524,0.16081719494333874,0.24048825103477,42.233444334611114,2453.95,2134.77,2546.35,2134.77,-0.018259257268769757,0.01697061920955356,-0.0775901971840468,-0.05422908325279585
2022-10-12,2191.35,2205.02,2181.65,2202.47,658347.0,2216.092,2200.9410000000003,2278.4475,2387.11,2464.3541666666665,2656.9133749999996,35.50016767877601,-56.81776459383991,-56.537427695916946,-0.28033689792296457,2278.4475,2460.3212114456014,2096.573788554399,0.15964705041094973,0.2911256679261053,40.88605545356746,2453.95,2134.77,2546.35,2134.77,0.004744374039149957,-0.0031275742516001515,-0.07625362792960577,-0.05416965485847791
2022-10-13,2198.29,2198.34,2162.87,2162.87,792452.0,2205.6220000000003,2194.842,2264.114,2384.4525,2459.9346666666665,2653.3996666666662,31.44385713529344,-58.07692541496772,-56.8453272397271,-1.2315981752406202,2264.114,2434.6230995108435,2093.6049004891565,0.1506188288318022,0.20311261894394808,40.794194349741204,2453.95,2134.77,2546.35,2134.77,-0.017979813572943093,-0.02363196431957093,-0.11703013627048342,-0.06865978848737486
2022-10-14,2200.66,2220.54,2193.63,2212.55,513523.0,2200.56,2199.168,2254.1705,2382.478666666667,2455.715166666667,2650.033041666667,40.61180257757491,-54.43852519887196,-56.36396683155607,1.9254416326841124,2254.1705,2411.872173862389,2096.4688261376114,0.13991991631723405,0.36804039874580463,41.99960903904541,2421.63,2134.77,2546.35,2134.77,0.022969480366365147,-0.011309912148212975,-0.08247007986995214,-0.05080695673064539
2022-10-17,2187.17,2221.05,2177.66,2219.71,498780.0,2197.9339999999997,2204.046,2245.0645,2379.8863333333334,2451.5570000000002,2646.577333333333,41.819393957719406,-50.396376594251706,-55.1704487840952,4.774072189843494,2245.0645,2387.9455016027314,2102.1834983972685,0.1272845404688653,0.4112740682260334,42.09892267911361,2421.63,2134.77,2546.35,2134.77,0.0032360850602246582,-0.005880403432400039,-0.07582551637709578,-0.06548363330175766
2022-10-18,2249.15,2251.74,2220.71,2249.95,580891.0,2209.5099999999998,2213.492,2238.4230000000002,2377.869333333333,2447.5715,2643.3459166666667,46.74473034207602,-44.242825675027234,-52.984924162281615,8.742098487254381,2238.4230000000002,2366.681350075152,2110.1646499248486,0.11459706237395845,0.5449366454240424,41.37971391631977,2395.1,2134.77,2546.35,2134.77,0.01362340125511885,0.026404266287116673,-0.05574580951661523,-0.05104240036778196
2022-10-19,2249.35,2266.8,2234.59,2237.44,895161.0,2216.504,2216.298,2232.5119999999997,2375.3791666666666,2443.677583333333,2640.128791666667,45.04581284071359,-39.915424519794215,-50.37102423378414,10.455599713989926,2232.5119999999997,2348.966862946982,2116.0571370530174,0.10432630413362376,0.5211584122607396,40.72473435086836,2389.85,2134.77,2546.35,2134.77,-0.0055601235583011555,0.01587762829913708,-0.05018551064245258,-0.06259714686720985
2022-10-20,2225.53,2231.52,2200.44,2218.09,1108102.0,2227.5480000000002,2216.585,2225.0240000000003,2372.194666666667,2440.0189166666664,2636.993,42.47438091269543,-37.61372362016937,-47.81956411106118,10.205840490891816,2225.0240000000003,2323.592648646519,2126.4553513534815,0.08860007680503112,0.4648265442652739,40.45868189723491,2382.52,2134.77,2546.35,2134.77,-0.008648276601830651,0.025530891824289137,-0.06324724961462924,-0.07930980092646389
2022-10-21,2210.59,2224.04,2204.64,2213.12,637486.0,2227.662,2214.111,2218.3195,2369.1943333333334,2436.2256666666663,2633.8020833333335,41.81413784004631,-35.77821751795409,-45.41129479243976,9.633077274485672,2218.3195,2299.4270492109167,2137.2119507890834,0.07312521862690803,0.4679468800957165,38.95449033314671,2360.27,2134.77,2546.35,2134.77,-0.00224066651939292,0.00025762129669382183,-0.05712739805982425,-0.07522334673274444
2022-10-24,2248.26,2256.67,2229.85,2236.16,444820.0,2230.9519999999998,2214.443,2213.5119999999997,2366.4021666666667,2432.8681666666666,2630.5632083333335,46.00444245352292,-32.09446524393479,-42.747928882738776,10.653463638803984,2213.5119999999997,2276.367995609023,2150.6560043909762,0.05679300189836194,0.6801578336367076,39.28274102363625,2335.11,2134.77,2546.35,2134.77,0.010410641989589298,0.007410877997576115,-0.0412252230621144,-0.06969700751760843
2022-10-25,2237.04,2253.24,2230.75,2235.07,456770.0,2227.976,2218.743,2210.7655,2363.4373333333333,2429.264666666667,2627.4772083333332,45.836265664710005,-28.92953722019911,-39.98425055023085,11.054713330031738,2210.7655,2264.0906327143375,2157.4403672856624,0.0482413288196668,0.7278897281906382,38.08325952194793,2334.06,2134.77,2546.35,2134.77,-0.00048744275901535516,-0.006613480299562102,-0.023986899563318675,-0.07372273058815726
2022-10-26,2240.7,2258.11,2234.49,2249.56,563441.0,2230.4,2223.4519999999998,2212.1965,2360.6711666666665,2425.55225,2624.420291666667,48.52995438750284,-24.964313985418357,-36.98026323726835,12.015949251849996,2212.1965,2268.014752310527,2156.378247689473,0.050464099649852066,0.8346889095715506,37.05016955609453,2266.8,2134.77,2546.35,2134.77,0.006483018428952825,0.005416905034324904,0.012886435473268065,-0.06870955856478711
2022-10-27,2266.07,2290.56,2262.02,2288.78,587872.0,2244.5379999999996,2236.043,2215.4425,2358.2296666666666,2422.23,2621.5849166666667,55.04661489890067,-18.444503029559655,-33.273111195726614,14.828608166166958,2215.4425,2280.3988720892835,2150.4861279107167,0.058639637083141065,1.0645135160811994,37.33230030208778,2266.8,2134.77,2546.35,2134.77,0.017434520528458952,0.03186976182210821,0.029192485138453073,-0.06015349427373551
2022-10-28,2276.73,2292.65,2266.44,2268.4,427245.0,2255.594,2241.6279999999997,2220.398,2355.1780000000003,2418.796166666667,2618.702416666667,51.40450537140627,-14.751950251840753,-29.568879006949444,14.816928755108691,2220.398,2285.6359572335095,2155.1600427664907,0.05876239956396052,0.8678993183997473,36.537850280510085,2290.56,2134.77,2546.35,2134.77,-0.008904307098104747,0.024978311162521694,0.045687759589543075,-0.07468896593922081
2022-10-31,2293.75,2295.51,2273.73,2293.61,401399.0,2267.0840000000003,2249.018,2226.532,2352.534,2415.5965,2615.9155416666667,55.340792301671065,-9.679757047053954,-25.591054614970346,15.911297567916392,2226.532,2295.0014824283116,2158.0625175716887,0.06150325477317325,0.9898386669581706,35.8644324033308,2292.65,2134.77,2546.35,2134.77,0.011113560218656282,0.025691363766456865,0.05651034349334161,-0.0646916097461514
2022-11-01,2301.58,2335.57,2297.57,2335.22,597205.0,2287.1140000000005,2257.545,2235.5185,2350.794,2413.0190833333336,2613.4365833333336,60.96152733600394,-2.2761896410588633,-20.928081620188053,18.65189197912919,2235.5185,2311.1377066276837,2159.8992933723166,0.06765249907588197,1.1592339727318683,36.29983008880718,2295.51,2134.77,2546.35,2134.77,0.018141706741773733,0.04480844000411599,0.08338243276470791,-0.04279354981513517
2022-11-02,2326.05,2346.32,2323.37,2336.87,450634.0,2304.576,2267.4880000000003,2241.893,2348.7176666666664,2410.7362500000004,2610.986375,61.17022514183273,3.681889547582614,-16.00608738663392,19.687976934216532,2241.893,2328.3424562388914,2155.4435437611087,0.07712183965862006,1.0493209797499699,35.34627079674954,2335.57,2162.87,2546.35,2134.77,0.0007065715435805586,0.03881203435338465,0.057703971249852826,-0.050612443884702096
2022-11-03,2297.45,2342.86,2296.44,2329.17,550428.0,2312.6539999999995,2278.5960000000005,2247.5905000000002,2346.3186666666666,2408.5080000000003,2608.3212500000004,59.56977378052798,7.693696438425832,-11.26613062162197,18.9598270600478,2247.5905000000002,2340.99728572245,2154.1837142775503,0.08311726332928526,0.9366893656013714,36.13725145412459,2346.32,2162.87,2546.35,2134.77,-0.0032950057127695276,0.017646956020237692,0.051439586135914483,-0.058202020937200505
2022-11-04,2325.85,2348.43,2316.29,2348.43,436430.0,2328.66,2292.1269999999995,2253.119,2343.945833333333,2406.476,2605.6083750000003,62.23160876362521,12.285582789503223,-6.555787939396931,18.841370728900156,2253.119,2356.159549280365,2150.0784507196354,0.09146480880980078,0.9624926820831787,35.85173349311568,2346.32,2162.87,2546.35,2134.77,0.008269040044307507,0.03528037383177551,0.049408810202604236,-0.057158342701140286
2022-11-07,2360.22,2373.28,2354.22,2371.79,392508.0,2344.296,2305.6899999999996,2260.0665,2341.924,2404.99025,2603.0024583333334,65.22233471650807,17.606683688044996,-1.7232936139085462,19.32997730195354,2260.0665,2374.7774299543808,2145.355570045619,0.1015111103627976,0.9869784424397533,35.06589538646459,2348.43,2162.87,2546.35,2134.77,0.00994707102191672,0.03408600415938179,0.062230164275093536,-0.048658296899442455
2022-11-08,2387.2,2400.39,2375.67,2399.04,500087.0,2357.06,2322.087,2270.415,2340.183666666667,2403.2802500000003,2600.655041666667,68.36892657774779,23.748780589318812,3.3711212267369257,20.377659362581888,2270.415,2395.5878947496153,2145.2421052503846,0.11026433030931822,1.0137893481543665,34.60404571600283,2373.28,2162.87,2546.35,2134.77,0.011489212788653225,0.027329330855337064,0.09441760527720366,-0.04171027298219265
2022-11-09,2408.54,2429.65,2403.64,2424.41,680722.0,2374.568,2339.572,2281.5119999999997,2339.2425,2401.8455,2598.476,70.99968711845014,30.314141060808197,8.75972519355118,21.554415867257017,2281.5119999999997,2419.3353193040916,2143.688680695908,0.12081752741523334,1.0184100946107368,34.31875673628835,2400.39,2162.87,2546.35,2134.77,0.01057506335867675,0.03746036364881222,0.10076868243381298,-0.022762084421656947
2022-11-10,2405.77,2426.1,2401.99,2402.23,899127.0,2389.18,2350.917,2293.4800000000005,2337.2166666666667,2400.027083333334,2596.106041666667,65.84374898610028,33.34313697367543,13.67640754957603,19.666729424099398,2293.4800000000005,2429.574516862352,2157.385483137649,0.1186794886917275,0.8995385064263508,33.589559826553476,2429.65,2162.87,2546.35,2134.77,-0.009148617601808184,0.031367396969735895,0.11066777013875084,-0.048161884157890245
2022-11-11,2466.9,2486.46,2463.51,2483.16,758247.0,2416.1259999999997,2372.393,2307.0105,2336.470333333333,2398.8369166666666,2593.8973333333333,73.42658025258355,41.79225756667802,19.29957755299643,22.49268001368159,2307.0105,2460.877934173044,2153.1430658269555,0.13339118670941838,1.072406698489222,37.2067341246568,2429.65,2177.66,2546.35,2134.77,0.03368953014490694,0.05737024309858074,0.12230684052337781,-0.017714028022817074
2022-11-14,2485.18,2499.43,2470.6,2474.65,731166.0,2436.6980000000003,2390.4970000000003,2319.7575,2335.4891666666667,2397.856166666667,2591.7195,71.62590247163469,47.25681350060631,24.891024742518407,22.365788758087906,2319.7575,2484.4437720295637,2155.0712279704367,0.1419857653479413,0.9702653660536883,36.60839597289559,2486.46,2177.66,2546.35,2134.77,-0.0034270848435057344,0.04336808908039935,0.11485284113690519,-0.02323644573557737
2022-11-15,2482.76,2485.2,2463.65,2480.33,617401.0,2452.9559999999997,2405.008,2331.2765,2334.8868333333335,2396.5314999999996,2589.578,72.11739787921081,51.452726970201184,30.203365188054963,21.24936178214622,2331.2765,2506.698582107683,2155.854417892317,0.1504944455174518,0.9248424662651749,35.532796260545894,2499.43,2200.44,2543.15,2134.77,0.0022952740791626347,0.033884387088168655,0.10239338651970042,-0.014361387181249907
2022-11-16,2487.0,2487.0,2446.79,2477.45,657833.0,2463.564,2419.066,2343.277,2334.3768333333333,2395.1154166666665,2587.482916666667,71.44166074727559,53.924024110537175,34.947496972551406,18.97652713798577,2343.277,2524.133682386894,2162.420317613106,0.15436218798451412,0.8709373583248995,35.86688224193548,2499.43,2200.44,2515.37,2134.77,-0.0011611358166050412,0.02187748771866138,0.10726991561784893,-0.01220071370188014
2022-11-17,2466.5,2467.39,2442.9,2442.9,914519.0,2471.698,2430.439,2354.5175,2333.5469999999996,2393.7573333333335,2585.4265000000005,63.72724362394147,52.48958142435549,38.455913862912226,14.033667561443266,2354.5175,2530.739903896307,2178.2950961036927,0.14968876119740648,0.7507697603875787,35.77281922465435,2499.43,2200.44,2510.72,2134.77,-0.013945791035136823,0.016930102446476747,0.10135296583997944,-0.019974405160689823
2022-11-18,2448.13,2471.87,2442.87,2444.48,589585.0,2463.9620000000004,2440.044,2366.0855,2333.2466666666664,2392.3178333333335,2583.489666666667,63.919120399277716,50.893598334904254,40.943450757310636,9.950147577593619,2366.0855,2533.8325143370444,2198.338485662956,0.14179285941868475,0.7336688384881963,35.28904642289332,2499.43,2204.64,2499.43,2134.77,0.0006467722788487951,-0.015576926174712846,0.10454019664545977,-0.007317766497461964
2022-11-21,2446.05,2448.14,2409.36,2419.5,544528.0,2452.932,2444.815,2375.2524999999996,2332.9826666666663,2390.7099166666667,2581.7417083333335,58.63783307637134,47.07049365416697,42.168859336681905,4.901634317485062,2375.2524999999996,2533.358223852718,2217.1467761472813,0.1331275086355815,0.639930101585755,35.53840024982949,2499.43,2229.85,2499.43,2134.77,-0.010218942269930587,-0.022285979835532377,0.0819887664567831,-0.006504225282712106
2022-11-22,2405.96,2426.4,2401.5,2405.27,539169.0,2437.92,2445.438,2383.7625,2332.279666666667,2388.770083333334,2579.6815,55.80898094095788,42.40361114186089,42.2158096977177,0.1878014441431901,2383.7625,2528.5303241702604,2238.994675829739,0.12146161722928406,0.5742827355569885,34.77851451769882,2499.43,2230.75,2499.43,2134.77,-0.005881380450506346,-0.030262102220269038,0.07614974027659072,-0.017234264234202934
2022-11-23,2424.36,2427.28,2407.58,2418.01,474789.0,2426.032,2444.798,2392.1850000000004,2331.2921666666666,2386.6730000000002,2577.4845833333334,57.77311268686889,39.28028596963395,41.62870495210096,-2.3484189824670096,2392.1850000000004,2523.7391141127523,2260.6308858872485,0.10998657220302935,0.5981535247839753,33.866477766434635,2499.43,2234.49,2499.43,2134.77,0.005296702657082264,-0.023992411552200665,0.0748813101228687,-0.023917554071837377
2022-11-24,2437.51,2441.33,2428.12,2441.33,481184.0,2425.718,2448.708,2399.8125,2330.6304999999998,2384.634916666667,2575.28875,61.174797920423686,38.2458826470106,40.952140491082886,-2.706257844072283,2399.8125,2523.9829365579444,2275.6420634420556,0.1034834484426966,0.6671794879315968,33.113157925974996,2499.43,2262.02,2499.43,2134.77,0.009644294275044318,-0.0006426787834131753,0.0666512290390513,-0.016001418765593467
2022-11-25,2442.21,2449.66,2433.57,2437.86,438394.0,2424.3940000000002,2444.178,2408.2855,2330.813333333333,2382.7921666666666,2573.0579583333333,60.39516026705083,36.72279306208338,40.106271005282984,-3.383477943199601,2408.2855,2517.678387424137,2298.892612575863,0.09084710880345119,0.6351756073744276,31.897218074119618,2499.43,2266.44,2499.43,2134.77,-0.0014213563918027416,-0.0027081424270192223,0.07470463763004753,0.004520188389255386
2022-11-28,2425.05,2425.65,2401.95,2408.27,350496.0,2422.148,2437.54,2414.0185,2330.1023333333333,2380.605666666667,2570.626916666667,54.06732298376231,32.750540047543836,38.63512481373516,-5.884584766191324,2414.0185,2509.962445358681,2318.074554641319,0.07948898930035626,0.4700424035174408,32.18384535453966,2499.43,2273.73,2499.43,2134.77,-0.01213769453537128,-0.004641454846042614,0.04999106212477278,-0.017405637859914336
2022-11-29,2405.54,2433.87,2401.1,2433.39,550174.0,2427.772,2432.846,2418.927,2329.458,2378.99775,2568.258541666667,58.08252695273025,31.26902512108063,37.16190487520426,-5.892879754123626,2418.927,2508.045333938586,2329.8086660614144,0.07368418636741471,0.5811449191249842,32.225713543501115,2499.43,2296.44,2499.43,2134.77,0.01043072412976942,0.01169099518972927,0.042038865717148655,-0.015638842256426977
2022-11-30,2424.44,2472.53,2421.42,2472.53,594127.0,2438.6760000000004,2432.3540000000003,2425.71,2330.4066666666668,2377.717583333333,2565.937541666666,63.4444981273031,32.87423108899611,36.304370117962634,-3.430139028966522,2425.71,2509.292457250244,2342.1275427497562,0.0689138085346095,0.780082696419311,33.57459114753676,2499.43,2296.44,2499.43,2134.77,0.01608455693497568,0.022547466718499942,0.058052009739523625,0.023563406344567328
2022-12-01,2501.43,2501.43,2474.33,2479.84,491383.0,2446.378,2436.048,2433.2434999999996,2331.5804999999996,2376.50425,2563.7275833333333,64.36141728081114,34.3403698833572,35.91157007104155,-1.5712001876843544,2433.2434999999996,2507.277476868653,2359.209523131346,0.060852090527440894,0.8146967241991414,33.24069177985554,2499.43,2296.44,2499.43,2134.77,0.0029564858667032734,0.01577418865946023,0.06468827951587897,0.029231222581461935
2022-12-02,2471.5,2471.5,2434.33,2434.33,468847.0,2445.672,2435.033,2437.5384999999997,2332.091333333333,2375.1580833333337,2561.3637083333333,55.09586260911571,31.467283526992105,35.02271276223166,-3.555429235239558,2437.5384999999997,2500.5370061012404,2374.539993898759,0.05169026548810677,0.4745351104449718,34.1170709384373,2501.43,2316.29,2501.43,2134.77,-0.01835199045099689,-0.0014479912710329002,0.03657762845816137,0.01275128136856818
2022-12-05,2442.17,2442.22,2413.05,2419.32,385586.0,2447.882,2435.0150000000003,2439.915,2332.2463333333335,2374.448166666667,2558.994416666667,52.41567293349186,27.660309503891312,33.5502321105636,-5.889922606672286,2439.915,2496.022312001092,2383.807687998908,0.04599120215342907,0.31646777161950845,33.7637087285489,2501.43,2354.22,2501.43,2134.77,-0.0061659676379125505,0.004588355956765655,0.020039716838337274,0.003858889137849486
2022-12-06,2397.7,2416.88,2390.2,2393.16,368635.0,2439.8360000000002,2433.804,2439.621,2332.5246666666667,2373.6164166666663,2556.510125,48.03032737765201,22.27558273930981,31.295302236312843,-9.019719497003031,2439.621,2496.6362400327134,2382.6057599672868,0.046741063495283355,0.09255630623196048,33.43201524793829,2501.43,2375.67,2501.43,2134.77,-0.010812955706562266,-0.016532491709097208,-0.002450980392156854,0.007027259032342137
2022-12-07,2385.87,2394.88,2377.98,2382.81,332586.0,2421.892,2430.284,2437.541,2332.5001666666667,2373.0783333333334,2553.911791666667,46.37709651573812,16.97728589823555,28.431698968697386,-11.454413070461836,2437.541,2499.449440749126,2375.6325592508742,0.05079581492096004,0.05796819191595489,32.2511570159427,2501.43,2390.2,2501.43,2134.77,-0.004324825753397099,-0.03628671846246567,-0.017158813896989367,-0.0006165383260355872
2022-12-08,2386.9,2387.95,2357.2,2371.08,351939.0,2400.14,2423.259,2435.9835,2331.1925,2372.4089166666668,2551.2174166666664,44.5073115458497,11.696998790290763,25.084758933016065,-13.387760142725302,2435.9835,2502.7442022954983,2369.2227977045013,0.054812113707255,0.013909397532085546,32.14393151480394,2501.43,2377.98,2501.43,2134.77,-0.004922759263222831,-0.043857668236660485,-0.012967118052809257,-0.032030503686406475
2022-12-09,2382.73,2390.08,2367.25,2389.04,315674.0,2391.082,2418.377,2431.2775,2330.8194999999996,2371.9764999999998,2548.8259166666667,47.96642478478736,8.859429132609876,21.839692972934827,-12.980263840324952,2431.2775,2497.3382268729956,2365.2167731270047,0.05434239972442098,0.18031308464707366,31.478650692317938,2501.43,2357.2,2501.43,2134.77,0.007574607351924056,-0.018604708482416132,-0.037903316741571214,-0.009280838675966852
2022-12-12,2373.58,2381.87,2368.47,2373.02,499224.0,2381.822,2414.852,2426.196,2330.339333333334,2371.8264166666663,2546.317541666667,45.25653765734594,5.257351148585258,18.523224608064915,-13.265873459479657,2426.196,2493.7480952746014,2358.6439047253984,0.055685604357274904,0.10640747127207707,30.699461357152384,2501.43,2357.2,2501.43,2134.77,-0.006705622342028539,-0.019137608914901794,-0.0410684339199483,-0.011995020463563155
2022-12-13,2385.05,2388.27,2364.87,2372.4,447565.0,2377.67,2408.7529999999997,2420.7995,2330.1663333333336,2371.5219999999995,2543.767208333333,45.15022435060308,2.325838754849883,15.28374743742191,-12.957908682572027,2420.7995,2487.4290779589605,2354.1699220410396,0.05504758073434867,0.13680169166153974,30.178071260212935,2501.43,2357.2,2501.43,2134.77,-0.00026127044862656046,-0.008674722960437142,-0.043514371071591174,-0.004356256137788672
2022-12-14,2380.81,2400.18,2379.44,2399.25,409799.0,2380.958,2401.425,2416.8895,2330.8928333333333,2371.992333333333,2541.271708333333,50.56609747869159,2.144444842323992,12.655886918402327,-10.511442076078335,2416.8895,2478.771392496832,2355.0076075031684,0.051207878967434645,0.3574744623323914,30.006780455911993,2501.43,2357.2,2501.43,2134.77,0.011317653009610407,0.006899417074798242,-0.03156471371773384,0.018504368202542087
2022-12-15,2383.83,2392.11,2360.95,2360.97,375386.0,2378.936,2389.5379999999996,2412.793,2330.7781666666665,2372.381083333333,2538.5572916666665,43.909338358034645,-1.0757862269465477,9.909552289332552,-10.9853385162791,2412.793,2478.002909093555,2347.5830909064452,0.05405346342894303,0.10264474586484025,30.599153280489723,2501.43,2357.2,2501.43,2134.77,-0.015954985933104182,-0.004263879750999622,-0.03353800810512109,-0.002905589458791824
2022-12-16,2329.75,2360.44,2326.83,2360.02,414172.0,2373.132,2382.107,2408.57,2330.991666666667,2372.32625,2535.8925833333337,43.755391320412635,-3.6622830905980663,7.195185213346429,-10.857468303944495,2408.57,2475.9286077646357,2341.2113922353647,0.055932447688574964,0.13961547297975915,30.852070903311876,2501.43,2357.2,2501.43,2134.77,-0.00040237698911882447,-0.012147138599604812,-0.03455131561722735,0.0054575432108758815
2022-12-19,2350.78,2358.76,2342.28,2352.17,323987.0,2368.962,2375.3920000000003,2405.2035,2331.322666666667,2371.911666666667,2533.1089583333332,42.43155549158239,-6.273216153680096,4.501504939941124,-10.77472109362122,2405.2035,2476.646818588866,2333.760181411134,0.05940729637959206,0.12884212934458444,29.915494410218155,2501.43,2326.83,2501.43,2134.77,-0.0033262429979407093,-0.008786272344944335,-0.02782806364951429,0.008515163078664623
2022-12-20,2344.73,2353.86,2324.66,2333.29,358771.0,2361.14,2369.405,2401.6045,2332.0441666666666,2371.1716666666666,2530.3589583333332,39.34806274982715,-9.753426204200878,1.6505187111127235,-11.403944915313602,2401.6045,2479.621459560024,2323.587540439976,0.06497069734839699,0.06218173339964224,29.864387666631167,2501.43,2326.83,2501.43,2134.77,-0.008026630728221185,-0.016485415612881527,-0.029925954258773424,0.01890393013100433
2022-12-21,2346.39,2347.0,2325.78,2328.95,329724.0,2347.08,2364.019,2397.1515,2333.8443333333335,2370.763,2527.6560416666666,38.65270815582739,-12.715147170230466,-1.2226144651559145,-11.492532705074552,2397.1515,2480.8726820926504,2313.4303179073495,0.06985055562207933,0.0926867114434397,29.246931404728926,2501.43,2324.66,2501.43,2134.77,-0.001860034543498701,-0.029300823173908586,-0.03683194031455639,0.048632560987689866
2022-12-22,2340.0,2356.73,2335.75,2356.73,553052.0,2346.232,2362.584,2392.9215,2336.0588333333335,2370.96375,2525.0225416666663,45.3143809995553,-12.674613486404724,-3.5130142694056765,-9.161599216999047,2392.9215,2475.8316700094206,2310.0113299905793,0.06929618878799046,0.28174269817630543,29.142150590105448,2501.43,2324.66,2501.43,2134.77,0.011928122115116402,-0.0017958720356462399,-0.03465324229006317,0.05974746611747128
2022-12-23,2325.86,2333.08,2311.9,2313.69,366988.0,2336.966,2355.049,2386.713,2338.4655000000002,2371.0326666666665,2522.20775,38.36362224353885,-15.931806600371601,-5.996772735598862,-9.93503386477274,2386.713,2473.7276353436678,2299.6983646563326,0.07291587664178104,0.08039817260859021,30.26271126224077,2501.43,2324.66,2501.43,2134.77,-0.01826259266016894,-0.019631189566190033,-0.05093401589919033,0.06656555831631561
2022-12-26,2312.54,2321.92,2304.2,2317.14,427844.0,2329.96,2349.4610000000002,2382.1565,2340.902333333333,2371.1726666666664,2519.554291666667,39.16909701567387,-18.026965802478117,-8.402811348974712,-9.624154453503404,2382.1565,2473.6094365903127,2290.7035634096874,0.07678163595910904,0.144535744700804,29.366803314937876,2501.43,2311.9,2501.43,2134.77,0.0014911245672495355,-0.014892631059829964,-0.037840441478737885,0.06734901632019463
2022-12-27,2327.52,2335.99,2321.48,2332.79,448498.0,2329.8599999999997,2345.5,2377.1265,2343.8573333333334,2371.09775,2517.1053749999996,42.819515031073095,-18.21460374370099,-10.365169827919969,-7.849433915781022,2377.1265,2467.817579886569,2286.4354201134306,0.07630311629319622,0.2555630605818498,28.615603078156592,2501.43,2304.2,2501.43,2134.77,0.006754015726283313,-0.0002142896939514305,-0.04134150300609429,0.08225507889157457
2022-12-28,2296.45,2296.45,2276.9,2280.45,405893.0,2320.16,2333.62,2367.5225,2345.041833333333,2371.0014166666665,2514.2952083333334,35.209546987947306,-22.32931035014417,-12.757997932364809,-9.57131241777936,2367.5225,2456.4316011932565,2278.6133988067436,0.07510729143503933,0.010328533123195777,30.563774286859687,2501.43,2304.2,2501.43,2162.87,-0.022436653106366222,-0.020824835226174843,-0.0776856094769327,0.03216739537788871
2022-12-29,2265.73,2272.67,2236.38,2236.4,361194.0,2296.094,2321.1629999999996,2355.3505,2345.3948333333333,2370.1858333333334,2511.4188750000003,30.32485969070312,-28.812578371145264,-15.968914020120902,-12.843664351024362,2355.3505,2446.057587810124,2264.643412189876,0.07702215683833383,-0.15568470376315854,31.52850469494112,2501.43,2276.9,2501.43,2162.87,-0.0193163629985309,-0.05105803380107177,-0.09816762371765919,0.009561127111528567
2023-01-02,2249.95,2259.88,2222.37,2225.67,346344.0,2278.49,2307.728,2344.9175,2345.1916666666666,2369.1446666666666,2508.4950833333332,29.26000767426548,-34.41966780787061,-19.659064777670846,-14.760603030199764,2344.9175,2444.457642430048,2245.377357569952,0.08489863070240043,-0.09899201010186057,31.955754359588198,2471.5,2236.38,2501.43,2162.87,-0.00479788946521198,-0.03804312591574499,-0.08571557677061037,-0.00544716827683589
2023-01-03,2230.98,2230.98,2180.67,2218.68,410245.0,2258.798,2294.379,2334.8855,2344.9556666666667,2368.131416666666,2505.35425,28.55651781252196,-38.97804650834951,-23.522861123806578,-15.45518538454293,2334.8855,2442.522439472445,2227.2485605275547,0.09219890180691533,-0.03980306653808365,33.26677190533189,2442.22,2222.37,2501.43,2162.87,-0.0031406273167182697,-0.04249203759807352,-0.08293239422647702,-0.006341699360455921
2023-01-04,2205.98,2260.06,2198.82,2255.98,412841.0,2243.436,2286.648,2328.0265,2346.0208333333335,2367.616583333334,2502.4121250000003,37.229269806359724,-39.12973299438454,-26.64423549792217,-12.485497496462369,2328.0265,2437.4045568989745,2218.6484431010254,0.0939663332002231,0.17065377625722225,35.264859626379604,2416.88,2180.67,2501.43,2162.87,0.016811798006021617,-0.032926238538402486,-0.05732170017884297,0.02915509085020096
2023-01-05,2268.2,2281.39,2252.97,2264.65,430977.0,2240.2760000000003,2280.218,2322.1185,2347.0571666666665,2367.083583333333,2499.6735,39.080438640660816,-38.1110288681225,-28.93759417196224,-9.173434696160264,2322.1185,2431.7862311290596,2212.4507688709405,0.0944548963621448,0.23798810548761304,34.775941081638216,2400.18,2180.67,2501.43,2162.87,0.0038431191765884165,-0.006928457102764685,-0.04958851104368367,0.028231939595091182
2023-01-06,2253.4,2300.62,2253.27,2289.97,398606.0,2250.9900000000002,2273.542,2318.0629999999996,2349.1755,2366.814,2497.1729583333336,44.25119090698868,-34.85875607554544,-30.121826552678883,-4.736929522866561,2318.0629999999996,2426.176285233573,2209.9497147664265,0.09327898787355923,0.3700760968492153,35.67408814723548,2400.18,2180.67,2501.43,2162.87,0.011180535623606103,0.02395367554999095,-0.034208040217959756,0.05876451196789456
2023-01-09,2315.87,2351.06,2312.56,2350.19,342095.0,2275.8940000000002,2277.192,2316.1205,2351.4694999999997,2366.9740833333335,2495.0310833333338,54.20664660620197,-27.109553675942152,-29.519371977331538,2.409818301389386,2316.1205,2420.3906833651217,2211.8503166348783,0.0900386515858063,0.6633712481385943,37.48951042243296,2400.18,2180.67,2501.43,2177.66,0.02629728773739415,0.05594719792242331,-0.01626176204667984,0.06220876364375938
2023-01-10,2348.04,2370.18,2344.18,2351.31,359914.0,2302.42,2280.609,2315.035,2353.6628333333333,2366.7745833333333,2492.9853749999997,54.36985382520406,-20.639955742623897,-27.743488730390013,7.1035329877661155,2315.035,2417.3468148602406,2212.723185139759,0.08838900047752254,0.6772766911111499,36.668831106544886,2400.18,2180.67,2501.43,2177.66,0.00047655721452311006,0.05977878738709519,-0.009148679741426524,0.05928702398061003
2023-01-11,2364.05,2369.66,2350.36,2359.53,369010.0,2323.13,2283.283,2314.3915,2355.4891666666667,2366.67925,2490.8889166666663,55.620005310523865,-14.68024276646156,-25.130839537604324,10.450596771142763,2314.3915,2415.405674505345,2213.3773254946555,0.08729221007365842,0.723426564742217,35.42820031322024,2400.18,2180.67,2501.43,2180.67,0.0034959235490004126,0.04590022961196483,-0.005424886191198741,0.04870330451787841
2023-01-12,2376.72,2377.8,2358.33,2365.1,580433.0,2343.22,2291.748,2312.684,2357.6168333333335,2366.498,2488.9339583333335,56.4899044067654,-9.399325274978764,-21.984536685079213,12.585211410100449,2312.684,2408.94551160249,2216.4224883975103,0.08324657549625449,0.772258346702733,34.288328862275954,2400.18,2180.67,2501.43,2180.67,0.00236063961890709,0.04435563994436209,-0.014233614671251504,0.05705627860411888
2023-01-13,2377.34,2397.01,2375.78,2386.09,862230.0,2362.444,2306.717,2313.9399999999996,2360.416833333333,2366.30575,2487.2426666666665,59.69596747345879,-3.480323533503906,-18.28369405476415,14.803370521260245,2313.9399999999996,2413.2946631014174,2214.5853368985818,0.0858748827553159,0.8630931742295392,34.118448229256266,2392.11,2180.67,2501.43,2180.67,0.008874889011035503,0.04197434900893904,0.010639694701754188,0.07574084009215132
2023-01-16,2390.06,2410.22,2387.61,2399.86,517762.0,2372.3779999999997,2324.136,2315.932,2363.5291666666667,2366.3617499999996,2485.9071249999997,61.69029732594958,2.295194338404144,-14.167916376130494,16.463110714534636,2315.932,2420.3697940402612,2211.4942059597383,0.09019072584191717,0.9018085635150698,33.40498764145222,2397.01,2180.67,2501.43,2180.67,0.005770947449593278,0.02113446146907272,0.016881212871077356,0.08437861480624642
2023-01-17,2400.92,2404.0,2374.65,2379.39,536811.0,2377.9939999999997,2340.207,2317.293,2365.916333333333,2366.1592499999997,2484.53275,57.16210090134797,5.161082194304527,-10.30211666204349,15.463198856348017,2317.293,2424.2630358231036,2210.3229641768967,0.09232327187205368,0.7902541796970587,33.115345667062776,2410.22,2180.67,2501.43,2180.67,-0.00852966423041357,0.011942278984906185,0.01157229281897143,0.06405176731539775
2023-01-18,2380.36,2383.0,2356.84,2368.32,537392.0,2379.7519999999995,2351.441,2319.0445,2368.137166666667,2365.7872500000003,2483.5070416666667,54.81867415105545,6.464543252981002,-6.948784679038591,13.413327932019595,2319.0445,2428.131106414334,2209.9578935856657,0.09407892467292824,0.7258549496573452,32.61853526227257,2410.22,2180.67,2501.43,2180.67,-0.004652452939618801,0.003725318177772774,0.015013135958239276,0.059617819576120556
2023-01-19,2354.56,2380.34,2354.56,2380.34,370098.0,2382.8,2363.01,2321.614,2370.3168333333333,2365.494,2482.327875,56.8855190761635,8.370963817437314,-3.8848349797434105,12.255798797180724,2321.614,2433.887248176027,2209.3407518239733,0.09671999580983467,0.7615315801139333,32.13006845782455,2410.22,2180.67,2501.43,2180.67,0.0050753276584245555,0.006443702169041554,0.022065737778827588,0.0581358132256975
2023-01-20,2380.0,2395.97,2372.57,2395.26,302506.0,2384.6340000000005,2373.5389999999998,2323.5405,2372.0915000000005,2365.160583333333,2481.025541666667,59.370049147111445,10.959401993949086,-0.9159875850049111,11.875389578953998,2323.5405,2439.422149190006,2207.658850809994,0.09974575368064907,0.8094514985819921,31.506492139408486,2410.22,2180.67,2501.43,2180.67,0.006268012132720546,0.003843107342975438,0.01634892414489575,0.046522601560656796
2023-01-25,2426.58,2432.71,2421.51,2428.57,550087.0,2390.376,2381.377,2329.2845,2374.761,2364.9694999999997,2479.6851666666666,64.31435311265302,15.51969512946198,2.3711489578884675,13.148546171573512,2329.2845,2453.7168719093843,2204.852128090616,0.10684171204452188,0.8989536584270171,31.93102841516501,2410.22,2180.67,2501.43,2180.67,0.013906632265390684,0.011963197853208207,0.04965228703931812,0.07060923999294655
2023-01-26,2436.18,2468.65,2426.4,2468.65,486832.0,2408.228,2393.111,2336.8599999999997,2377.6783333333337,2365.1061666666665,2478.5334583333333,69.17505454803504,22.112976701394018,6.319514506589577,15.793462194804441,2336.8599999999997,2475.0949923861344,2198.625007613865,0.11830832175323706,0.9766882745284515,32.6680978140818,2432.71,2180.67,2501.43,2180.67,0.016503539119728794,0.037513816566431046,0.06538664042742348,0.07631637462341034
2023-01-27,2474.52,2497.4,2464.53,2484.02,509288.0,2431.368,2405.5600000000004,2344.4215,2380.1583333333333,2365.476166666667,2477.4399166666667,70.81666865698037,28.252750278248186,10.7061616609213,17.546588617326886,2344.4215,2496.7635760361177,2192.079423963882,0.12996133676142943,0.9581744703508688,32.682519398790234,2468.65,2180.67,2501.43,2180.67,0.006226074980252294,0.048853195514119596,0.0648279527947222,0.06371990647562131
2023-01-30,2484.64,2491.13,2446.59,2450.47,475410.0,2445.394,2414.097,2352.9225,2382.0516666666667,2365.3846666666664,2476.1133333333332,62.937480801019184,30.0647922512444,14.577887778985922,15.486904472258477,2352.9225,2508.966809204129,2196.8781907958714,0.1326387156433148,0.8125634651385887,33.529482298876644,2497.4,2180.67,2501.43,2180.67,-0.01350633247719435,0.029462177672097134,0.07455546054506779,0.04861203233384814
2023-01-31,2449.92,2457.48,2423.37,2425.08,617196.0,2451.3579999999997,2417.996,2362.3565000000003,2383.650166666667,2364.9844166666667,2474.6681250000006,57.7049268297198,29.11645143520218,17.485600510229176,11.630850924973004,2362.3565000000003,2511.7541819465187,2212.958818053482,0.12648191070781933,0.7099212624411853,33.57094784895689,2497.4,2180.67,2501.43,2180.67,-0.010361277632454091,0.0124495879361739,0.08436773385798602,0.04117775860070316
2023-02-01,2446.03,2453.29,2433.37,2449.8,666296.0,2455.6040000000003,2422.99,2373.563,2385.3396666666667,2364.64275,2473.426833333333,61.09622916110756,30.013603770949885,19.99120116237332,10.022402608576567,2373.563,2513.5985600695494,2233.527439930451,0.11799607600013087,0.7722058595764412,33.18802300260283,2497.4,2180.67,2501.43,2180.67,0.010193478153298186,0.008741769848099823,0.10070226044292285,0.04316500811180246
2023-02-02,2481.94,2486.2,2454.6,2468.88,693116.0,2455.65,2431.939,2386.0730000000003,2386.9578333333334,2364.440916666667,2472.4451666666664,63.52709856881004,31.896516811539186,22.372264292206495,9.524252519332691,2386.0730000000003,2512.5770514923997,2259.568948507601,0.1060353572521875,0.8272899129439146,33.41744993098832,2497.4,2180.67,2501.43,2180.67,0.007788390889052144,9.316833086914222e-05,0.1127697549894533,0.04093532732661842
2023-02-03,2466.54,2485.08,2460.21,2480.4,496861.0,2454.926,2443.147,2397.294,2388.313833333333,2364.2487499999997,2471.6279166666664,64.95107696208451,33.927214871128854,24.683254407990965,9.243960463137888,2397.294,2515.1681300540154,2279.4198699459844,0.09833931929418378,0.8525200990324049,32.80691779306057,2497.4,2198.82,2501.43,2180.67,0.004666083406240862,-0.001457315158493011,0.09947783225028584,0.03391356542617041
2023-02-06,2461.82,2469.42,2438.04,2438.19,566819.0,2452.4700000000003,2448.932,2405.971,2388.5435,2363.8929999999996,2470.4133749999996,56.280662741566616,31.764403209883312,26.099484168369436,5.664919041513876,2405.971,2507.9943288811455,2303.9476711188545,0.08480844439201098,0.6579001604502356,33.48928080784197,2497.4,2252.97,2501.43,2180.67,-0.017017416545718422,-0.005011283549686274,0.07662994281677071,0.00568385710337771
2023-02-07,2440.14,2456.17,2432.4,2451.71,451159.0,2457.796,2454.577,2414.058,2389.3681666666666,2363.292416666666,2469.195125,58.205180683484784,30.786423666628707,27.036872068021292,3.7495515986074146,2414.058,2502.7954001421604,2325.3205998578396,0.07351720641522314,0.712154063222949,32.795046464424686,2497.4,2253.27,2501.43,2180.67,0.005545096977676023,0.01098108103650186,0.07062974624121732,0.020597528130112508
2023-02-08,2469.42,2487.35,2465.96,2483.64,415677.0,2464.5640000000003,2460.084,2420.7305,2389.376166666667,2362.9232500000003,2468.108125,62.41331269729028,32.21648044992935,28.072793744402908,4.1436867055264415,2420.7305,2509.3236364101617,2332.1373635898385,0.07319537338845576,0.8550472561934496,32.99825743125149,2497.4,2312.56,2501.43,2180.67,0.013023563145722727,0.013813372520205647,0.056782643105451,0.0001933020828299714
2023-02-09,2470.66,2487.14,2466.61,2481.52,610694.0,2467.0919999999996,2461.371,2427.2410000000004,2389.4906666666666,2362.489916666667,2467.015291666667,61.967194066428014,32.80063912117748,29.018362819757826,3.7822763014196568,2427.2410000000004,2513.5800344860836,2340.9019655139173,0.07114170738388413,0.8143363851766763,32.10766761473351,2497.4,2344.18,2501.43,2180.67,-0.0008535858659064477,0.005119730404069767,0.055377640549310936,0.0027761501626493157
2023-02-10,2470.65,2473.8,2454.74,2469.73,662366.0,2464.958,2459.942,2432.7509999999997,2389.314,2362.1004166666667,2466.027541666667,59.423336522553214,31.944004016072995,29.60349105902086,2.340512957052134,2432.7509999999997,2515.074117020608,2350.4278829793916,0.06767903251965217,0.7245966949401541,31.727119927966843,2497.4,2350.36,2501.43,2180.67,-0.004751120281118015,-0.004301725528140676,0.046704216517696295,-0.004273624880560156
2023-02-13,2461.96,2462.58,2440.86,2452.7,486399.0,2467.8599999999997,2460.165,2437.1310000000003,2388.9015,2361.639166666667,2464.91575,55.856445989191144,29.550298403628858,29.592852527942462,-0.042554124313603836,2437.1310000000003,2513.7118001785598,2360.550199821441,0.06284504212416932,0.6016508051867967,31.52303993311206,2497.4,2354.56,2501.43,2180.67,-0.006895490600187126,0.005951135883585756,0.03703860301889983,-0.0099901107994107
2023-02-14,2471.33,2480.34,2459.83,2465.64,349432.0,2470.6459999999997,2464.221,2441.1085000000003,2389.2805000000003,2361.4137499999997,2464.1525833333335,57.923159059851514,28.370383198396212,29.348358662033213,-0.9779754636370015,2441.1085000000003,2514.884192548347,2367.3328074516535,0.06044441904024077,0.6662573345816006,31.245679937889793,2497.4,2354.56,2501.43,2180.67,0.0052758184857504276,0.005681748657059726,0.03333906097422967,0.009308608620901326
2023-02-15,2473.09,2473.44,2424.16,2427.9,387067.0,2459.498,2462.031,2442.5105,2389.0041666666666,2361.1254166666668,2463.1156666666666,50.4974990133216,24.112040707705546,28.301095071167683,-4.189054363462137,2442.5105,2514.1316947609653,2370.8893052390345,0.058645557315692536,0.39800156190662495,32.533845656611966,2497.4,2354.56,2501.43,2180.67,-0.015306370759721522,-0.022442866115862103,0.011684014900869233,-0.0067826286163109595
2023-02-16,2444.06,2475.99,2442.07,2475.48,388027.0,2458.29,2462.691,2447.315,2389.937166666667,2361.4599166666667,2462.1835833333334,57.836352569114865,24.2965069533725,27.500177447608646,-3.203670494236146,2447.315,2514.081913512516,2380.548086487484,0.054563399899494845,0.7109203385200678,33.64499953828252,2497.4,2354.56,2501.43,2180.67,0.019597182750525022,-0.002433992069376778,0.04038430017777661,0.02313701177929328
2023-02-17,2447.66,2471.51,2445.74,2451.21,514047.0,2454.5860000000002,2459.772,2451.4595,2390.7028333333337,2361.49125,2461.132291666667,53.48093226252193,22.22808014352904,26.445757986792728,-4.2176778432636866,2451.4595,2507.5318231103147,2395.387176889685,0.04574607339857318,0.49777519472923354,33.36607099983379,2497.4,2354.56,2501.43,2180.67,-0.009804159193368522,-0.007498795414883408,0.03499949331171459,0.01909972684979233
2023-02-20,2453.25,2463.17,2430.27,2455.12,390013.0,2455.07,2461.465,2455.1985,2391.3213333333333,2361.30675,2459.9157916666663,54.080881331289234,20.666115205406186,25.28982943051542,-4.623714225109236,2455.1985,2500.797492653208,2409.599507346792,0.0371448521601882,0.49913923537086563,33.33278021413138,2497.4,2354.56,2501.43,2180.67,0.0015951305681682904,0.0009866677539038804,0.03141568011292484,0.015347331069763825
2023-02-21,2457.51,2466.07,2446.0,2458.96,494661.0,2453.7339999999995,2462.19,2458.3835,2391.615166666667,2361.1228333333333,2458.8555,54.69880129297285,19.5131670036817,24.13449694514868,-4.621329941466978,2458.3835,2494.7565154233475,2422.0104845766523,0.029591001911091274,0.5079248309947664,32.38543877026487,2497.4,2372.57,2501.43,2180.67,0.0015640783342565356,-0.00270923573595494,0.026594190192296363,0.007221473541061618
2023-02-22,2430.87,2435.98,2416.16,2417.68,427482.0,2451.6899999999996,2455.594,2457.839,2391.2788333333333,2361.0460833333336,2457.8820416666663,47.32601323489748,15.094496281490592,22.326496812417066,-7.232000530926474,2457.839,2496.2498885081704,2419.4281114918294,0.03125582148234323,-0.022755415973490928,33.12933600096025,2497.4,2421.51,2501.43,2180.67,-0.016787584995282656,-0.004209399069154518,-0.004484120284776738,-0.008277751798708821
2023-02-23,2430.01,2449.62,2422.62,2439.09,400992.0,2444.412,2451.351,2456.361,2391.7925000000005,2360.947416666667,2457.11825,51.013985997851236,13.168477951780005,20.494893040289654,-7.326415088509648,2456.361,2495.265856714647,2417.456143285353,0.03167682332901959,0.27803542464278597,33.044383429463096,2497.4,2416.16,2501.43,2180.67,0.00885559710135353,-0.014700179359154575,-0.011974155915176254,0.012797568378960955
2023-02-24,2442.49,2452.97,2421.47,2423.61,369900.0,2438.892,2446.739,2453.3405,2391.6295,2360.54375,2456.0486250000004,48.37664530441442,10.274549312242925,18.45082429468031,-8.176274982437384,2453.3405,2492.56569265711,2414.1153073428895,0.03197696582036636,0.12102799264887117,32.93407032735859,2497.4,2416.16,2501.43,2180.67,-0.006346629275672533,-0.011259745187070846,-0.02431944992391355,-0.004019084487073443
2023-02-27,2405.42,2405.56,2383.76,2402.64,357218.0,2428.3959999999997,2441.733,2450.9489999999996,2390.4646666666667,2360.4356666666663,2454.970958333333,44.98393645387371,6.217316910187037,16.004122817781656,-9.78680590759462,2450.9489999999996,2495.984528596737,2405.913471403262,0.03674946202204742,-0.03634321063014378,33.42806530397583,2491.13,2416.16,2501.43,2180.67,-0.008652382190203922,-0.021375737234839876,-0.01951870457504068,-0.028266593327482492
2023-02-28,2417.58,2431.67,2407.29,2412.85,529790.0,2419.174,2436.454,2450.3375,2389.348166666667,2360.464333333334,2454.0009583333335,46.935258238451034,3.782193895354794,13.559737033296283,-9.777543137941489,2450.3375,2497.061892291261,2403.6131077087393,0.03813710747295893,0.09884443476205709,33.113917782263286,2487.35,2383.76,2501.43,2180.67,0.004249492225218976,-0.01875183004196901,-0.005043132597687516,-0.0270138396025551
2023-03-02,2414.61,2440.59,2411.85,2427.85,428342.0,2421.208,2436.4489999999996,2449.2400000000002,2389.240166666667,2360.66575,2453.1939583333337,49.754834598151874,3.027813255296678,11.453352277696363,-8.425539022399684,2449.2400000000002,2496.983382368531,2401.4966176314697,0.038986283392832506,0.2759898970406915,32.80149508353021,2487.35,2383.76,2497.4,2180.67,0.006216714673518808,0.004206512028059883,-0.00895991509510996,-0.002661923403975641
2023-03-03,2438.73,2442.1,2423.08,2432.07,371882.0,2419.804,2432.108,2447.3995,2389.4526666666666,2360.8495,2452.2474583333333,50.55088795532425,2.7389074745642574,9.71046331706994,-6.971555842505683,2447.3995,2494.8093793395196,2399.9896206604803,0.0387430653144447,0.33833010953034054,31.81710257756377,2487.35,2383.76,2497.4,2180.67,0.00173816339559707,-0.0028781225785026177,-0.014909594634004097,0.005270075889092896
2023-03-06,2452.46,2464.45,2441.07,2462.62,418814.0,2427.6059999999998,2433.2490000000003,2446.5105,2390.610333333333,2361.5674999999997,2451.28125,55.987266470254035,4.918381207898165,8.752046895235587,-3.8336656873374224,2446.5105,2492.0413851109647,2400.979614889035,0.03722108293503326,0.676907388915667,31.85730953630919,2487.35,2383.76,2497.4,2180.67,0.01256131608054023,0.016095823998085512,-0.007168198677632742,0.029024386167243232
2023-03-07,2457.04,2475.73,2455.65,2463.35,450481.0,2439.748,2434.072,2447.7685,2391.9526666666666,2362.226416666667,2450.265958333334,56.111431396756196,6.628129788625756,8.327263473913622,-1.6991336852878653,2447.7685,2493.698869593416,2401.8381304065842,0.037528360703568076,0.6696208863321816,31.01607314085853,2487.35,2383.76,2497.4,2180.67,0.0002964322550780274,0.02526803849099335,0.010319130174432534,0.03380042890536794
2023-03-08,2435.58,2442.61,2426.52,2431.91,438359.0,2443.56,2431.3669999999997,2446.7785,2392.9665,2362.0795,2449.2070416666666,49.61892607365215,5.384107966817737,7.738632372494445,-2.354524405676708,2446.7785,2493.177527694423,2400.3794723055767,0.03792662694593993,0.3397757373503421,31.4313536307972,2487.35,2383.76,2497.4,2180.67,-0.012763107150831177,0.007899372111817904,-0.00807599593752939,0.02565497579162246
2023-03-09,2440.79,2444.2,2416.25,2419.09,476375.0,2441.808,2431.508,2443.5510000000004,2393.4673333333335,2362.143416666667,2447.994916666667,47.21968323451612,3.3254115768909287,6.855988213373742,-3.530576636482813,2443.5510000000004,2488.1915568512327,2398.910443148768,0.0365374464058514,0.22602268289889182,31.182685514311675,2487.35,2383.76,2497.4,2180.67,-0.005271576661965205,-0.003608130650575525,-0.025990079077482964,0.012578274118474342
2023-03-10,2389.82,2400.87,2383.19,2394.59,413411.0,2434.312,2427.058,2439.2045,2393.826833333333,2362.083083333333,2446.5763333333334,42.945910678475165,-0.27983957278866,5.4288226561412625,-5.7086622289299225,2439.2045,2485.120923847991,2393.2880761520087,0.03764868738803258,0.014177104169758138,31.519636549003707,2487.14,2383.76,2497.4,2180.67,-0.01012777532047171,-0.015410740644800525,-0.03503094877333246,0.009089683188511
2023-03-13,2400.45,2413.24,2369.79,2410.6,380740.0,2423.908,2425.757,2436.248,2394.4635,2362.3149166666667,2445.2469166666665,46.36230782928189,-1.8241264897988003,3.9782328269532496,-5.8023593167520495,2436.248,2481.5319559224745,2390.9640440775256,0.037175161085796216,0.21680919348224353,32.371805366932,2480.34,2383.19,2497.4,2180.67,0.006685904476340321,-0.021123843711169377,-0.02394188838456035,0.016101837801382413
2023-03-14,2390.36,2390.78,2348.19,2348.97,485076.0,2401.032,2420.39,2431.0615,2393.6255,2362.2591666666663,2443.659375,37.142221829045134,-7.929603402102657,1.5966655811420682,-9.526268983244725,2431.0615,2489.477197641892,2372.6458023581076,0.04805777035413721,-0.20264931614142867,34.517390697865416,2480.34,2369.79,2497.4,2180.67,-0.025566249066622415,-0.04643270343231787,-0.042292167815060955,-0.020956548921538087
2023-03-15,2380.09,2395.36,2370.77,2379.72,443751.0,2390.594,2417.077,2426.7655,2393.938,2362.358083333333,2442.201708333333,43.21062782695351,-10.169739405735527,-0.7566154162334509,-9.413123989502076,2426.7655,2486.9869800464858,2366.544019953514,0.049631066575230115,0.10939601647381382,35.36543421944648,2480.34,2348.19,2497.4,2180.67,0.013090844072082719,-0.021460498126986582,-0.034846936292402764,0.0079416511010304
2023-03-16,2357.98,2382.79,2346.11,2377.91,320194.0,2382.358,2412.083,2424.266,2394.236166666667,2362.6139166666667,2440.688541666667,42.94779800375793,-11.953324714500013,-2.9959572758867634,-8.95736743861325,2424.266,2488.131101706562,2360.4008982934383,0.052688196515202325,0.13707878981395696,35.45933177520029,2475.99,2348.19,2497.4,2180.67,-0.0007605936832904003,-0.017022930110082823,-0.020589810123975538,0.007580444233523442
2023-03-17,2403.7,2405.35,2382.8,2395.69,364176.0,2382.578,2408.445,2420.2765,2394.9615,2363.142083333333,2439.2258333333334,46.3969432851886,-11.796152808665283,-4.755996382442468,-7.040156426222816,2420.2765,2480.723415314098,2359.829584685902,0.04995042121352505,0.2966273392757764,34.88652236268599,2475.99,2346.11,2497.4,2180.67,0.007477154307774514,0.00045936882723141004,-0.032232132758091336,0.018502064051492795
2023-03-20,2391.87,2405.99,2378.7,2379.2,346034.0,2376.298,2400.103,2416.676,2395.726666666667,2363.8854166666665,2437.648958333333,43.754903293061346,-12.854024930205924,-6.375602091995159,-6.478422838210765,2416.676,2477.8973578417695,2355.4546421582304,0.05066575564268403,0.1939303429298383,34.343913622494135,2475.73,2346.11,2497.4,2180.67,-0.006883194403282666,-0.013025802704720868,-0.029377327931919384,0.01967607969862284
2023-03-21,2396.54,2399.52,2383.17,2388.35,355195.0,2384.174,2392.603,2413.3375,2396.7166666666667,2365.2805,2436.184375,45.60582287752946,-12.806442974943366,-7.661770268584801,-5.144672706358564,2413.3375,2473.0732226037344,2353.601777396266,0.04950465701853495,0.2908496046347473,33.34220550660171,2475.73,2346.11,2497.4,2180.67,0.003845830531270966,0.01676479478239412,-0.02719622666101862,0.02550505592649044
2023-03-22,2411.25,2417.47,2402.78,2416.96,501412.0,2391.622,2391.108,2411.2375,2397.7205,2366.889666666667,2434.7637916666667,51.032030711966016,-10.34094209290106,-8.197604633448053,-2.143337459453006,2411.2375,2467.2469505864005,2355.2280494136,0.046457016852467135,0.5510851288495707,33.040619398987296,2475.73,2346.11,2497.4,2180.67,0.011978981305085235,0.015648899870573052,-0.01708039171031661,0.025556597488893606
2023-03-23,2398.27,2424.48,2397.91,2424.48,567704.0,2400.936,2391.647,2411.5775,2399.567,2369.01625,2433.369125,52.37679840734763,-7.691550323860156,-8.096393771530474,0.4048434476703182,2411.5775,2467.821324149771,2355.3336758502287,0.046644840690188205,0.6147014822964579,32.57843229905964,2475.73,2346.11,2497.4,2180.67,0.0031113464848404604,0.019584424978237314,0.002812613745408976,0.04788454805959308
2023-03-24,2421.27,2423.76,2399.49,2414.96,470659.0,2404.79,2393.684,2410.371,2401.197333333333,2371.0498333333335,2432.0355,50.48656771213527,-6.287593236163502,-7.73463366445708,1.4470404282935778,2410.371,2465.220301873319,2355.5216981266813,0.045511086777362354,0.5418328022715658,32.0364014205554,2475.73,2346.11,2497.4,2180.67,-0.003926615191711225,0.00804361165259282,-0.009893033877388713,0.042215835038021066
2023-03-27,2423.94,2423.94,2395.97,2409.22,472847.0,2410.794,2393.546,2409.6515,2402.4711666666667,2373.1642500000003,2430.8411666666666,49.330583915299385,-5.573865110632596,-7.302479953692183,1.728614843059587,2409.6515,2464.1637548698045,2355.1392451301954,0.04524492846355962,0.49604217436032755,31.745944176230033,2475.73,2346.11,2497.4,2180.67,-0.0023768509623348644,0.01261768661735041,-0.0059374239254667005,0.032763343464263794
2023-03-28,2418.69,2434.94,2415.34,2434.94,524016.0,2420.112,2402.143,2411.2665,2405.0460000000003,2375.043916666667,2429.735125,54.3719847967427,-2.899418686235549,-6.421867700200857,3.522449013965308,2411.2665,2466.7572420295533,2355.775757970447,0.04602622068489988,0.7133103571348165,31.315519592213622,2475.73,2346.11,2497.4,2180.67,0.010675654361162579,0.019507191157075,0.013443545433356796,0.0677454011269707
2023-03-29,2432.63,2443.95,2428.61,2443.92,497218.0,2425.504,2408.5629999999996,2412.8199999999997,2408.5046666666667,2376.9497499999998,2428.696875,56.01740285698583,-0.05465959377306717,-5.148426078915299,5.093766485142232,2412.8199999999997,2470.1115152530483,2355.528484746951,0.04748925759323,0.7714188991392182,30.174411049912628,2475.73,2346.11,2497.4,2180.67,0.0036879758844161614,0.011154508142459996,0.012876888327082225,0.09279198712216052
2023-03-30,2452.97,2462.7,2439.43,2453.16,629052.0,2431.2400000000002,2416.0879999999997,2414.0855,2412.296166666667,2378.743916666667,2427.806875,57.70741277702238,2.911857183441043,-3.536369426444031,6.448226609885074,2414.0855,2473.719338539794,2354.451661460206,0.04940491009104188,0.8276201981692418,29.681238832061727,2475.73,2346.11,2497.4,2180.67,0.0037808111558479407,0.011829340724608839,0.010424861502975835,0.10221191820889874
2023-03-31,2459.94,2481.24,2456.54,2476.86,722612.0,2443.62,2424.205,2416.325,2416.599166666667,2380.7774166666663,2426.8084166666667,61.76552939130064,7.093465972615377,-1.4104023466321494,8.503868319247527,2416.325,2481.5903995620192,2351.0596004379804,0.05402038182944713,0.9637602803800812,29.566864629771597,2475.73,2346.11,2497.4,2180.67,0.009661008658220505,0.025631894524132948,0.01841641071186273,0.11636648818216244
2023-04-03,2485.81,2485.81,2467.59,2472.34,811724.0,2456.244,2433.519,2416.811,2420.2051666666666,2383.113,2425.7902083333333,60.57180098640354,9.928248175272074,0.8573277577486953,9.070920417523379,2416.811,2483.575648100548,2350.0463518994525,0.05525020210562404,0.9158563070412146,28.75637429907361,2481.24,2346.11,2497.4,2198.82,-0.0018248911928813172,0.0261993508272389,0.0039470157799417205,0.09590510554171594
2023-04-04,2475.87,2489.71,2472.79,2480.51,832555.0,2465.358,2442.735,2417.669,2423.8028333333336,2385.43,2424.892083333333,62.001339792578676,12.687826844871779,3.223427575173312,9.464399269698466,2417.669,2487.1881369048115,2348.1498630951883,0.05750922637036882,0.951969074976037,27.943061849139774,2485.81,2346.11,2497.4,2252.97,0.0033045616703204495,0.018715040206329636,0.006966123368583599,0.0953171571766056
2023-04-05,2482.61,2497.61,2478.67,2495.21,632720.0,2475.616,2450.56,2420.834,2427.2235,2388.1995,2424.0670833333334,64.4956503915937,15.877948858434138,5.7543318318254775,10.12361702660866,2420.834,2498.001361079602,2343.666638920398,0.0637527076037448,0.9819135898872949,27.299986002772652,2489.71,2346.11,2497.4,2253.27,0.005926200660347991,0.02098677534452853,0.026028923767738243,0.08962562828334009
2023-04-06,2488.0,2488.0,2458.5,2459.23,751378.0,2476.83,2454.035,2422.841,2429.0408333333335,2390.255166666667,2422.985166666667,54.982296899709716,15.326187486057734,7.668702962671929,7.657484523385804,2422.841,2501.7899181432495,2343.8920818567503,0.06517053173794694,0.7304591427964459,27.972129859717466,2497.61,2346.11,2497.61,2312.56,-0.014419628007261931,0.0024743596014935587,0.016593016382193237,0.04639624881392557
2023-04-07,2478.64,2493.06,2473.89,2490.41,586993.0,2479.54,2461.58,2427.632,2431.359166666667,2392.511,2422.034,60.42950895704022,17.206531852588796,9.576268740655303,7.630263111933493,2427.632,2510.6657708645653,2344.598229135435,0.06840721399665617,0.8780269121005945,28.390549155451925,2497.61,2346.11,2497.61,2344.18,0.012678765304587225,0.005470636208747992,0.04001520093210109,0.05915851163819319
2023-04-10,2491.68,2519.99,2490.17,2512.08,717648.0,2487.4880000000003,2471.8660000000004,2432.706,2433.9016666666666,2394.695416666667,2421.1334583333332,63.71559159136285,20.212311263943775,11.703477245312998,8.508834018630777,2432.706,2523.0381666738303,2342.37383332617,0.0742647625104145,0.939345157559444,28.492652787205337,2497.61,2346.11,2497.61,2346.11,0.008701378487879552,0.016073840976564613,0.04209740313614874,0.0646527062592972
2023-04-11,2523.33,2550.97,2514.42,2547.86,768176.0,2500.958,2483.1580000000004,2442.6505,2436.947666666667,2397.2822499999997,2420.479916666666,68.38410517876693,25.191171927951928,14.401016181840784,10.790155746111143,2442.6505,2537.5929732087166,2347.708026791284,0.07773725566446478,1.0540697247727742,29.23532044526209,2519.99,2346.11,2519.99,2346.11,0.01424317696888644,0.02715167445404365,0.08467115373972445,0.07727368821614311
2023-04-12,2546.36,2561.37,2536.23,2550.64,900750.0,2512.044,2493.8300000000004,2451.1965,2439.6901666666668,2400.0535000000004,2420.036208333333,68.72085133545136,29.02667618689884,17.326148182852396,11.700528004046443,2451.1965,2552.4991831381435,2349.8938168618565,0.08265570152221047,0.9908236234196861,28.94279755631479,2550.97,2346.11,2550.97,2346.11,0.0010911117565328698,0.02221456310290515,0.07182357588287691,0.06896219337912646
2023-04-13,2534.71,2561.66,2531.07,2561.66,841719.0,2532.5299999999997,2504.6800000000003,2460.384,2442.386833333333,2402.958,2419.5918333333334,70.08123771424002,32.58000087767641,20.376918721817198,12.203082155859214,2460.384,2566.6424007784153,2354.1255992215847,0.08637546072354178,0.9765552617867577,29.060454873720854,2561.37,2346.11,2561.37,2346.11,0.0043204842706143776,0.041651248561541454,0.07727374038546464,0.06742059953497281
2023-04-14,2580.1,2581.74,2560.53,2571.49,892446.0,2548.746,2514.143,2469.174,2445.5885,2405.7524166666667,2419.3102916666667,71.28110094397601,35.776822206602446,23.45689941877425,12.319922787828197,2469.174,2581.484450341834,2356.863549658166,0.09097005747009647,0.9555052521318607,28.499708097026478,2561.66,2378.7,2561.66,2346.11,0.0038373554648156727,0.032556888223224334,0.07338178144918572,0.08073497829275578
2023-04-17,2570.3,2577.08,2561.14,2575.91,775752.0,2561.5119999999997,2524.5,2479.0095,2449.048333333333,2408.5927500000003,2418.9287083333334,71.82818787408632,38.22633382092772,26.410786299204943,11.815547521722777,2479.0095,2592.5266335921797,2365.4923664078206,0.09158265314608884,0.9268100194818318,27.60258609009602,2581.74,2378.7,2581.74,2346.11,0.0017188478275240726,0.025409222636221696,0.08267905178211166,0.08765285096608544
2023-04-18,2582.23,2582.23,2557.19,2571.09,896932.0,2566.158,2533.558,2488.1465,2452.2275,2411.2721666666666,2418.4122083333336,70.25643552983209,39.32533769174188,28.993696577712335,10.331641114029544,2488.1465,2600.414639964034,2375.8783600359657,0.09024238722602079,0.8693991012346504,27.41954422651773,2581.74,2383.17,2581.74,2346.11,-0.0018711833876182693,0.009117455433186983,0.0765130738794566,0.08013561087911802
2023-04-19,2570.06,2582.11,2568.46,2575.08,956994.0,2571.046,2541.545,2496.0525,2455.2245,2413.6580000000004,2417.944,70.82555359526333,40.05651921227491,31.20626110462485,8.850258107650056,2496.0525,2609.4195985559004,2382.685401444099,0.09083711064242489,0.8485468932638872,26.43600535319504,2582.23,2395.97,2582.23,2346.11,0.0015518709963477928,0.009581908854248367,0.06542102475837419,0.07507326970767259
2023-04-20,2566.06,2573.94,2552.06,2563.11,951423.0,2571.3360000000002,2551.933,2502.984,2457.466833333333,2416.1139166666667,2417.4550416666666,66.70215640300827,39.21802588263745,32.80861406022737,6.409411822410078,2502.984,2614.942623499857,2391.025376500143,0.0894601192016065,0.7685188425886508,26.192004970823962,2582.23,2395.97,2582.23,2346.11,-0.004648399273032178,0.0005660392089505972,0.05717927143139967,0.05539885611697426
2023-04-21,2556.7,2559.44,2532.32,2544.4,970398.0,2565.918,2557.332,2509.456,2458.729333333333,2418.2038333333335,2416.900166666667,60.74873340279468,36.62162198183751,33.5712156445494,3.050406337288109,2509.456,2615.0997330653463,2403.812266934654,0.08419652152924471,0.6653860526605269,26.520433187193678,2582.23,2395.97,2582.23,2346.11,-0.007299725723827755,-0.010534748336567423,0.05359923145724976,0.030684787231887833
2023-04-24,2538.36,2541.89,2518.73,2523.5,927191.0,2555.436,2558.4739999999997,2515.17,2459.387333333333,2419.7728333333334,2416.3959583333335,54.85855544713842,32.50282551275632,33.35753761819078,-0.8547121054344657,2515.17,2610.35400495872,2419.98599504128,0.07568792961010185,0.5437573518975827,26.459687959536993,2582.23,2395.97,2582.23,2346.11,-0.008214117277157706,-0.02034620774794149,0.04743443936211733,0.01589359183903505
2023-04-25,2531.35,2531.35,2472.33,2489.02,886422.0,2539.022,2552.5899999999997,2517.874,2460.0298333333335,2421.0407499999997,2415.8885,46.79706317376801,26.154904341678957,31.91701096288842,-5.762106621209462,2517.874,2606.6441653483953,2429.1038346516043,0.07051199968576306,0.33747918072047756,28.785424533855778,2582.23,2415.34,2582.23,2346.11,-0.013663562512383653,-0.03192031395244821,0.022209992854033356,0.015731675964202774
2023-04-26,2489.49,2498.56,2481.38,2484.83,1089216.0,2520.972,2546.0089999999996,2519.9195,2461.025666666667,2422.3379166666664,2415.4229583333336,45.91408801356359,20.549155226542098,29.643439815619153,-9.094284589077056,2519.9195,2603.5134491768467,2436.325550823153,0.06634652351144293,0.2901193785822546,27.956465638580354,2582.23,2428.61,2582.23,2346.11,-0.001683393464094296,-0.03504745483635463,0.016739500474647118,0.024638362445774886
2023-04-27,2484.31,2499.01,2465.83,2495.81,733500.0,2507.5119999999997,2539.424,2522.052,2461.7925,2423.566083333333,2415.021041666667,48.64845261104892,16.79890557534918,27.074532967565162,-10.27562739221598,2522.052,2600.75807056626,2443.3459294337404,0.06241431228718501,0.33329113109573927,28.329575235824635,2582.23,2439.43,2582.23,2346.11,0.004418813359465146,-0.026257164148241863,0.01738573920983555,0.018781124989794895
2023-04-28,2511.79,2517.13,2489.58,2501.53,777535.0,2498.938,2532.428,2523.2855,2462.3366666666666,2424.6472500000004,2414.81875,50.064760818446445,14.125531568570295,24.48473268776619,-10.359201119195895,2523.2855,2599.8643912101825,2446.7066087898174,0.0606977618744946,0.3579536759007881,28.273891290408603,2582.23,2456.54,2582.23,2346.11,0.00229184112572689,-0.01684876591730855,0.009960191532827789,0.013224620070639403
2023-05-02,2504.01,2524.42,2503.21,2524.39,701399.0,2499.116,2527.2760000000003,2525.888,2463.0698333333335,2425.691833333333,2414.486041666666,55.3633550429036,13.693622798944489,22.326510710001852,-8.632887911057363,2525.888,2598.8152908037914,2452.9607091962084,0.05774388318388741,0.489729496437552,27.88932762680798,2582.23,2458.5,2582.23,2346.11,0.009138407294735584,0.00035268476322558584,0.02105292961324068,0.017735042735042672
2023-05-03,2510.19,2514.37,2497.83,2501.4,889609.0,2501.5919999999996,2520.307,2526.9325,2464.1233333333334,2426.333416666667,2414.0894583333334,49.65673312356145,11.365219941842497,20.134252556369983,-8.769032614527486,2526.9325,2597.7994575682537,2456.065542431746,0.05608931585489826,0.3198561016577523,27.79437565346455,2582.23,2458.5,2582.23,2346.11,-0.009107150638371975,0.004973845127801413,0.00842165522412719,0.025924968931871684
2023-05-04,2494.82,2502.14,2486.09,2500.94,810178.0,2504.814,2512.893,2527.219,2464.9438333333333,2427.156,2413.591541666667,49.54668697102974,9.374759356457162,17.98235391638742,-8.60759455993026,2527.219,2597.615420050885,2456.822579949115,0.05571058151342238,0.313349883552284,26.95549167821706,2582.23,2458.5,2582.23,2346.11,-0.00018389701767007605,0.00648334091265812,0.0022963999022127535,0.020079862626493306
2023-05-08,2518.53,2525.84,2511.13,2513.21,655536.0,2508.2940000000003,2507.903,2529.9179999999997,2465.4366666666665,2427.4064166666667,2413.1216666666664,52.56632513586678,8.687250244186998,16.123333181947338,-7.4360829377603395,2529.9179999999997,2593.488961483844,2466.3470385161554,0.05025535332279091,0.36858779850100465,26.808670844058707,2582.23,2458.5,2582.23,2346.11,0.004906155285612668,0.006971684543294554,0.021949959946812703,0.011905912290026022
2023-05-09,2512.34,2514.81,2495.63,2510.06,751647.0,2510.0,2504.469,2530.9005,2465.912333333333,2427.7015,2412.7788333333333,51.710675244626216,7.798321449738978,14.458330835505667,-6.660009385766688,2530.9005,2592.5778665049047,2469.2231334950957,0.04873946368488568,0.33105228724103325,26.263765783768786,2582.23,2465.83,2582.23,2346.11,-0.0012533771551124229,0.003409913133162412,0.007890267064459389,0.011501015506624856
2023-05-10,2505.96,2510.13,2488.42,2496.51,635635.0,2504.424,2501.77,2530.1220000000003,2466.3586666666665,2427.836333333333,2412.1839166666664,48.08482434551,5.932085825031663,12.753081833410867,-6.820996008379204,2530.1220000000003,2593.109080770428,2467.1349192295725,0.049789757782769235,0.23318337991795954,25.938496799213876,2582.23,2465.83,2582.23,2346.11,-0.005398277332015811,-0.011044252274806876,-0.006198051017483386,0.010843290562126295
2023-05-11,2505.57,2513.82,2490.08,2491.0,648134.0,2502.344,2501.968,2527.279,2466.9970000000003,2427.94925,2411.5323333333336,46.65230714415628,3.9627891296058806,10.99502329264987,-7.03223416304399,2527.279,2591.918156832222,2462.639843167778,0.05115316261657058,0.2193728865139273,25.78146131355576,2582.23,2465.83,2582.23,2346.11,-0.002207081085195073,-0.004157671703845844,-0.02231676779728875,0.015615444204346351
2023-05-12,2487.35,2487.35,2472.45,2475.42,798230.0,2497.2400000000002,2501.0269999999996,2523.518,2467.1600000000003,2428.22025,2410.988791666666,42.77211628353133,1.1318838653310195,9.0223954071861,-7.89051154185508,2523.518,2590.9743860874632,2456.061613912537,0.05346217945539775,0.14348816480001897,25.264928362587504,2582.23,2465.83,2582.23,2346.11,-0.006254516258530685,-0.010204163234623809,-0.029490637643885376,0.003966515793059955
2023-05-15,2469.8,2479.35,2455.99,2479.35,484565.0,2490.468,2499.3810000000003,2519.4025,2468.0175,2428.5108333333333,2410.414333333333,44.03654474546136,-0.7854565424663633,7.060825017255607,-7.84628155972197,2519.4025,2587.0916030741378,2451.7133969258625,0.05373425093778197,0.20414366433447886,25.12886205097412,2582.23,2465.83,2582.23,2346.11,0.001587609375378607,-0.01347280967368425,-0.03213150847497326,0.021191152848140327
2023-05-16,2494.4,2498.54,2474.9,2480.24,628744.0,2484.504,2497.2519999999995,2514.8399999999997,2468.0968333333335,2429.017,2409.8634583333333,44.336488151978266,-2.2076980979491054,5.207120394214665,-7.4148184921637705,2514.8399999999997,2580.129109352032,2449.550890647967,0.05192307212548909,0.23502472048255324,25.022514761618815,2582.23,2455.99,2582.23,2346.11,0.00035896505132382295,-0.011880194098945918,-0.03548526340759639,0.0019228594050446635
2023-05-17,2479.65,2498.37,2475.02,2494.66,564412.0,2484.134,2494.2789999999995,2510.7775,2468.8210000000004,2429.761916666667,2409.266,49.096844271466004,-2.1465175719263243,3.736392800986467,-5.882910372912791,2510.7775,2570.209727578831,2451.3452724211693,0.047341692028728836,0.36440437573518464,24.90304942150318,2582.23,2455.99,2582.23,2346.11,0.005813953488372103,-0.0007410344841399796,-0.031542251087965045,0.017725939433993698
2023-05-18,2511.09,2515.4,2500.01,2515.4,572765.0,2489.014,2495.679,2507.993,2469.8256666666666,2430.5734999999995,2408.6232499999996,55.050961992247686,-0.41964943818265965,2.905184353152642,-3.3248337913353017,2507.993,2560.699070655876,2455.286929344124,0.04203047668464459,0.5702670480632233,24.605688748538682,2582.23,2455.99,2582.23,2346.11,0.008313758187488585,0.009795262946607819,-0.021660074131982898,0.02455277135129852
2023-05-19,2530.83,2538.31,2524.89,2537.79,570097.0,2501.488,2499.364,2506.1285,2471.1394999999998,2431.3773333333334,2408.0061250000003,60.43179030698363,2.7241891217381635,2.8689853068697464,-0.14479618513158288,2506.1285,2551.3110582607087,2460.945941739291,0.03605765487341044,0.8503730335200302,24.48456812364305,2582.11,2455.99,2582.23,2346.11,0.008901168800190762,0.02519572436192652,-0.014481103499697112,0.03205826853629179
2023-05-22,2540.03,2564.09,2533.5,2557.08,593620.0,2517.0339999999997,2503.7509999999997,2505.827,2473.462833333333,2432.3708333333334,2407.5815000000002,64.38725081103789,6.695069029120532,3.6342020513199036,3.0608669778006283,2505.827,2549.5412169549263,2462.112783045074,0.03489005183113286,1.0862280462766483,24.9206704005257,2573.94,2455.99,2582.23,2346.11,0.007601101746007366,0.031350958920684846,-0.0023526106956003323,0.05765858178088079
2023-05-23,2565.8,2577.32,2561.1,2567.55,576045.0,2534.496,2509.5,2506.9845,2475.603833333333,2433.698166666667,2407.151916666667,66.35329095738399,10.565073867905994,5.020376414637122,5.544697453268872,2506.9845,2555.6665708164956,2458.3024291835045,0.03883715341398842,1.1220513937081538,24.58633680048817,2564.09,2455.99,2582.23,2346.11,0.0040945140550940895,0.035202238493049265,0.009098412199339823,0.05266718325277053
2023-05-24,2557.11,2572.21,2555.04,2567.45,1072440.0,2549.054,2516.594,2509.182,2478.001166666667,2434.815333333333,2406.9065416666663,66.31563438289697,13.468752030853011,6.7100515378803,6.758700492972711,2509.182,2564.202823185246,2454.1611768147536,0.043855585752843894,1.0295086171631886,24.056598457596163,2577.32,2455.99,2582.23,2346.11,-3.894763490497333e-05,0.02917832490199057,0.0174162869031107,0.05934948279632435
2023-05-25,2570.64,2575.05,2551.49,2554.69,917553.0,2556.912,2522.963,2512.4655,2480.5353333333333,2435.5,2406.6087916666665,61.51811517834101,14.572331765004037,8.282507583305048,6.2898241816989895,2512.4655,2570.0594220663243,2454.8715779336753,0.04584653764704389,0.8665707984895962,24.021127139196466,2577.32,2455.99,2582.23,2346.11,-0.004969911780170921,0.015619782142005212,0.02638387799214148,0.0632845536576434
2023-05-26,2561.94,2567.5,2553.79,2558.81,634759.0,2561.1160000000004,2531.3019999999997,2516.1645,2482.9680000000003,2436.1580833333333,2406.3311666666664,62.462390480533706,15.599554271646412,9.74591692097332,5.853637350673091,2516.1645,2575.6552372536394,2456.6737627463604,0.0472868425364395,0.8584213439663763,23.28461805782529,2577.32,2455.99,2582.23,2346.11,0.0016127201343412167,0.008282797236966122,0.029772660503937898,0.060492778249787715
2023-05-30,2582.41,2586.22,2574.82,2585.52,641647.0,2566.8039999999996,2541.919,2520.65,2485.5958333333333,2437.4179999999997,2406.2880416666667,67.95268130492823,18.357297782301885,11.468193093239034,6.889104689062851,2520.65,2586.5123179062293,2454.787682093771,0.05225820157993314,0.9924667249971209,23.579288196552046,2577.32,2455.99,2582.23,2346.11,0.010438445996381107,0.01112206110094327,0.03594424255051476,0.06494223283975531
2023-05-31,2586.03,2596.31,2575.98,2577.12,686187.0,2568.718,2551.607,2524.4294999999997,2488.0133333333333,2438.7329999999997,2406.590583333333,64.74546554729213,19.638637595125147,13.102281993616257,6.536355601508889,2524.4294999999997,2594.038147013003,2454.8208529869967,0.055148022167387185,0.8784766854479835,23.34719618251261,2586.22,2455.99,2586.22,2346.11,-0.0032488628979857603,0.0037272886603960664,0.030217506885785728,0.059640553109079786
2023-06-01,2572.56,2580.15,2565.0,2569.17,675233.0,2569.062,2559.058,2526.6684999999998,2489.789166666667,2440.1997499999998,2406.9080833333333,61.77380983523259,19.784546136851986,14.438734822263404,5.345811314588582,2526.6684999999998,2598.9571810709717,2454.379818929028,0.05722055035788982,0.7939706422245618,22.761682169476003,2596.31,2455.99,2596.31,2346.11,-0.0030848388899236134,0.000669925412374317,0.017738938911974866,0.043266927093908114
2023-06-02,2586.27,2601.38,2583.88,2601.36,569620.0,2578.3959999999997,2567.654,2531.6665,2492.089333333333,2442.021,2407.549666666667,68.14848133244999,22.241260280519782,15.999239913914682,6.2420203666051,2531.6665,2609.8572795777754,2453.475720422224,0.061770205181271416,0.945663161157492,23.436562014513434,2596.31,2455.99,2596.31,2346.11,0.012529338268779444,0.01826836132759757,0.03996162149196447,0.056025331357703934
2023-06-05,2617.43,2618.62,2608.01,2615.41,545880.0,2589.7159999999994,2575.416,2537.3900000000003,2495.1476666666663,2444.057083333333,2408.2329999999997,70.46370444598483,25.033372384184986,17.806066407968743,7.227305976216243,2537.3900000000003,2622.2223959344533,2452.5576040655474,0.06686587078411513,0.9598479103447866,22.995379013476743,2601.38,2455.99,2601.38,2346.11,0.005401021004397544,0.022119657184394237,0.04577079018289121,0.07545509496650782
2023-06-07,2623.46,2629.92,2613.68,2615.6,537617.0,2595.732,2581.268,2542.5095,2498.422833333333,2445.9450833333335,2408.960791666667,70.49493798507748,26.95080070034237,19.63501326644347,7.315787433898901,2542.5095,2633.0529957298395,2451.9660042701607,0.07122372264869757,0.9036209305309172,22.512851941085565,2618.62,2455.99,2618.62,2346.11,7.26463537266131e-05,0.011634023329929688,0.04074072600379597,0.0812330256418734
2023-06-08,2609.21,2612.39,2595.33,2610.85,581325.0,2602.478,2585.5979999999995,2547.549,2502.0271666666667,2447.927,2409.8767083333337,68.5434939420525,27.76701034177222,21.26141268150922,6.505597660263,2547.549,2641.4640102804606,2453.6339897195394,0.07372969884423074,0.8370121549843985,22.352648231008025,2629.92,2455.99,2629.92,2346.11,-0.0018160269154304798,0.013088253554355278,0.04015441861947511,0.0903119114336901
2023-06-09,2624.15,2644.7,2618.45,2641.16,583219.0,2616.8759999999997,2592.969,2554.7815,2505.869833333333,2450.1666666666665,2410.844333333333,73.57103217610451,30.507949401675432,23.110720025542463,7.3972293761329695,2554.7815,2653.990375061551,2455.5726249384493,0.07766525243865338,0.935336556061185,23.173887643078874,2629.92,2455.99,2629.92,2346.11,0.011609246030986009,0.028020722645834883,0.057940885476124526,0.0956442379490583
2023-06-12,2647.49,2650.45,2623.43,2629.35,557056.0,2622.474,2600.435,2561.699,2510.5428333333334,2452.084166666667,2412.03825,68.9471190332003,31.365631577934437,24.76170233602086,6.603929241913576,2561.699,2661.446029810305,2461.951970189695,0.07787568313865514,0.8391128544311343,23.448609954287527,2644.7,2455.99,2644.7,2346.11,-0.004471520089657566,0.010759756435095413,0.055539943797671576,0.11936295482700943
2023-06-13,2644.43,2645.62,2633.52,2637.95,694321.0,2626.9819999999995,2608.349,2569.8255,2514.8466666666664,2454.3923333333337,2413.386708333333,70.40574348397669,32.36620158408641,26.282602185633973,6.083599398452439,2569.8255,2666.569180821939,2473.081819178061,0.07529202338597625,0.8520875959091633,22.935852100409846,2650.45,2455.99,2650.45,2346.11,0.0032707703424801338,0.00861815164735158,0.06565754498226561,0.10851276620778916
2023-06-14,2640.81,2642.86,2614.25,2619.08,654404.0,2627.678,2611.705,2576.812,2518.8661666666667,2456.551166666666,2414.438708333333,63.37184531703256,31.275979206181546,27.28127758974349,3.994701616438057,2576.812,2666.3225188454217,2487.301481154578,0.06947384508099291,0.7361063288717711,23.34114837895201,2650.45,2455.99,2650.45,2346.11,-0.007153281904509146,0.0013304786664627422,0.056357513057857966,0.10142099574836738
2023-06-15,2629.24,2634.22,2602.52,2608.54,582437.0,2627.216,2614.847,2583.227,2522.4136666666664,2458.6875833333334,2415.299625,59.779378407449464,29.22459723823704,27.669941519442197,1.5546557187948409,2583.227,2661.8630416347114,2504.5909583652883,0.06088202208687936,0.6609503700452442,23.938209209026855,2650.45,2474.9,2650.45,2378.7,-0.004024313881210162,-0.0008847693279966373,0.051728864948553444,0.08884705450204322
2023-06-16,2623.57,2625.79,2612.21,2625.79,673673.0,2624.142,2620.509,2589.7835,2526.5235000000002,2461.1250833333334,2416.1483749999998,63.43296452200125,28.66041367659136,27.86803595087203,0.7923777257193301,2589.7835,2659.1028722632827,2520.4641277367173,0.05353294764854493,0.7597145561506475,23.460479979810653,2650.45,2475.02,2650.45,2378.7,0.006612894569375971,-0.005819412682306235,0.05256427729630486,0.10364408204438469
2023-06-19,2618.06,2619.44,2600.49,2609.5,719549.0,2620.1719999999996,2621.323,2594.4885000000004,2530.2093333333332,2463.463,2417.113,58.06848339553387,26.592287938246955,27.61288634834702,-1.0205984101000638,2594.4885000000004,2655.2157124419955,2533.7612875580053,0.0468124737820153,0.6235978023389281,23.59187426696705,2650.45,2500.01,2650.45,2383.17,-0.006203847223121395,-0.007549394337003412,0.03740955712809102,0.09259530638306779
2023-06-20,2602.83,2610.03,2596.82,2604.91,722541.0,2613.564,2620.273,2597.8445,2533.3418333333334,2465.5311666666666,2418.247458333333,56.61561842317462,24.302761642527003,26.95086140718302,-2.648099764656017,2597.8445,2652.812863073453,2542.876136926547,0.042318439824595364,0.5642687866706002,22.85031181932655,2650.45,2524.89,2650.45,2395.97,-0.0017589576547232255,-0.012524877272124146,0.026448208874650714,0.07776297497683027
2023-06-21,2599.19,2600.97,2579.52,2582.63,659798.0,2606.2740000000003,2616.9759999999997,2599.1220000000003,2535.9776666666667,2467.7723333333333,2419.4024999999997,50.06734885240391,20.454696748244714,25.651628475395363,-5.196931727150648,2599.1220000000003,2651.3612594125802,2546.8827405874204,0.040197620129089694,0.342149370172458,23.03171811794607,2650.45,2533.5,2650.45,2395.97,-0.008553078609241704,-0.013917100661300807,0.009991865721838966,0.06523048241272367
2023-06-22,2575.65,2597.76,2575.65,2593.7,613221.0,2603.3059999999996,2615.2609999999995,2600.4294999999997,2538.9566666666665,2470.0769999999998,2420.6248333333333,52.97748473479508,18.08980605616307,24.139263991548905,-6.049457935385835,2600.4294999999997,2650.714919148842,2550.1440808511575,0.03867470288953596,0.43308696522861884,22.965881109521362,2650.45,2551.49,2650.45,2395.97,0.004286328277763207,-0.005689006110698003,0.010184806527623547,0.07401364825918422
2023-06-23,2599.04,2600.81,2568.07,2570.1,528307.0,2592.168,2608.1549999999997,2600.562,2541.638,2472.0545833333335,2421.5761666666667,46.72532533399536,14.148198749760923,22.14105094319131,-7.992852193430387,2600.562,2650.511968808546,2550.6120311914538,0.03841474943381173,0.19507488466351033,23.66403245884125,2650.45,2551.49,2650.45,2395.97,-0.009098970582565369,-0.021208855239756463,0.001032152524878871,0.066776799130009
2023-06-26,2568.65,2585.31,2562.03,2582.2,481751.0,2586.708,2603.4399999999996,2601.9375,2544.0923333333335,2474.5691666666667,2422.7852916666666,49.98445587188476,11.864054008280164,20.085651556209083,-8.22159754792892,2601.9375,2648.132910107224,2555.742089892776,0.035508470212850064,0.28636946880450204,23.636601568923997,2650.45,2551.49,2650.45,2415.34,0.004707988016030562,-0.010461774286261827,0.010768429829059345,0.06047787625157075
2023-06-27,2581.02,2582.0,2568.52,2581.39,538509.0,2582.004,2597.7839999999997,2603.0665,2546.3834999999995,2477.4440833333333,2423.8149583333334,49.764978826588134,9.874663638080165,18.0434539725833,-8.168790334503136,2603.0665,2645.9775830785534,2560.1554169214464,0.03296964029044473,0.24742539170686037,22.92541574257227,2650.45,2553.79,2650.45,2428.61,-0.0003136860041824674,-0.009029102732915906,0.008824414473915576,0.05624979541065156
2023-06-28,2590.52,2590.52,2559.46,2564.19,488768.0,2578.316,2592.295,2601.9999999999995,2548.2339999999995,2480.265083333333,2424.7048750000004,45.22398343747531,6.831412907717549,15.801045759610151,-8.969632851892602,2601.9999999999995,2647.5797310213056,2556.4202689786935,0.03503438203021222,0.08523230443894747,23.506457475245675,2650.45,2562.03,2650.45,2439.43,-0.006663076869438456,-0.007140008441007817,-0.008249791144527951,0.045259991195030214
2023-06-29,2564.02,2577.69,2550.02,2550.02,604509.0,2569.58,2586.443,2600.645,2549.4533333333334,2483.0262500000003,2425.5788333333335,41.836994328054914,3.2388784277159175,13.288612293231306,-10.049733865515389,2600.645,2650.5123137433197,2550.77768625668,0.03834995837057326,-0.0075970229776187274,23.80385336987099,2650.45,2559.46,2650.45,2455.99,-0.005526111559595814,-0.016840806569765165,-0.010515614329173584,0.029537398157344352
2023-06-30,2558.43,2571.03,2541.72,2564.28,510934.0,2568.416,2580.292,2600.4005,2550.985666666667,2485.595416666666,2426.6059999999998,46.20349384572691,1.5248542234103297,10.935860679267112,-9.411006455856782,2600.4005,2650.9263090382997,2549.8746909617007,0.03886002101468561,0.14255396709610335,24.197149557737376,2650.45,2550.02,2650.45,2455.99,0.005592113003035415,-0.002264503326718681,-0.0019033384322563185,0.03718744185670264
2023-07-03,2580.89,2604.63,2580.49,2602.47,618006.0,2572.4700000000003,2579.589,2600.456,2553.0183333333334,2488.4105833333333,2427.7470833333336,55.778423873188636,3.2110762374336446,9.390903790900419,-6.179827553466774,2600.456,2650.9883410893926,2549.9236589106076,0.03886421542175103,0.5199278319248744,25.350924589327555,2650.45,2541.72,2650.45,2455.99,0.014893069399597447,0.007849895437998633,0.00042669988006260873,0.04916730833578553
2023-07-04,2604.72,2607.66,2591.86,2593.31,674411.0,2574.8540000000003,2578.4289999999996,2599.3509999999997,2554.6533333333336,2490.9384166666664,2428.876208333333,53.32677993219933,3.7648846388774473,8.265699960495825,-4.5008153216183775,2599.3509999999997,2649.4920214891436,2549.2099785108558,0.038579646603435935,0.4397599029638072,24.668715690089854,2650.45,2541.72,2650.45,2455.99,-0.003519733176559181,0.004617667225796929,-0.008449917986090072,0.03931532816877126
2023-07-05,2593.47,2601.99,2578.66,2579.0,601089.0,2577.8160000000003,2578.066,2597.5209999999997,2556.6495,2492.8451666666665,2429.909625,49.65495005570614,3.014336980306325,7.215427364457925,-4.2010903841516,2597.5209999999997,2647.827590780681,2547.2144092193184,0.03873430919763982,0.3159187522690153,24.573093140797717,2650.45,2541.72,2650.45,2455.99,-0.0055180445068271355,0.005775703048525926,-0.013992965285211767,0.04870223606576052
2023-07-06,2574.75,2575.45,2550.67,2556.29,531900.0,2579.07,2574.325,2594.793,2557.7474999999995,2494.553333333333,2430.663958333333,44.42683916612006,0.5803257152683727,5.888407034620015,-5.3080813193516425,2594.793,2647.7595154977666,2541.8264845022336,0.0408252338415947,0.1365345196096226,24.84144363074073,2650.45,2541.72,2650.45,2455.99,-0.008805738658394735,0.0024588042446724856,-0.020897408889825164,0.02645347553214128
2023-07-07,2547.41,2547.41,2515.07,2526.71,613265.0,2571.5559999999996,2569.986,2589.0705,2557.9913333333334,2495.9465,2431.312875,38.70982615244491,-3.692934685718683,3.972138690552276,-7.665073376270959,2589.0705,2645.3869538920517,2532.754046107948,0.04350322163266846,-0.05366145851027139,26.01134051425924,2650.45,2541.72,2650.45,2455.99,-0.011571457072554359,-0.014651286130999752,-0.04333323236759601,0.00582385911276706
2023-07-10,2528.08,2539.63,2517.67,2520.7,561821.0,2555.202,2563.8360000000002,2583.638,2557.5386666666664,2497.2431666666666,2431.870583333334,37.64972677429155,-7.478276200045002,1.6820557124328204,-9.160331912477822,2583.638,2644.168258416564,2523.1077415834357,0.0468566094913949,-0.019888743633522565,25.72195904895501,2650.45,2515.07,2650.45,2455.99,-0.0023785871746263565,-0.031420150856686146,-0.041321999733774595,-0.010659926369580908
2023-07-11,2538.84,2562.49,2534.48,2562.49,594135.0,2549.038,2561.946,2579.8650000000002,2557.736166666667,2498.713166666667,2432.5094583333334,48.26015809782891,-7.02510187423195,-0.05937580490013361,-6.965726069331817,2579.8650000000002,2635.600616799102,2524.1293832008982,0.04320816538780284,0.3441301900127137,26.869676259743937,2645.62,2515.07,2650.45,2455.99,0.01657872813107475,-0.011884425695346978,-0.028605545973198865,0.004645892795533735
2023-07-12,2557.61,2574.73,2554.26,2574.72,696924.0,2548.182,2562.999,2577.647,2557.9538333333335,2500.1703333333335,2433.2660416666668,50.89387512169305,-5.6143800876348,-1.1703766614470668,-4.444003426187733,2577.647,2630.415473959141,2524.878526040859,0.040943134540253896,0.47226563722245846,26.41255652690507,2642.86,2515.07,2650.45,2455.99,0.004772701552006042,-0.0016595579682048278,-0.016937245139514667,0.0050982565992363504
2023-07-13,2589.89,2602.21,2587.75,2591.23,585661.0,2555.1699999999996,2567.12,2576.7815,2558.282833333333,2501.9356666666667,2434.0474583333335,54.27747876196635,-3.1280951541175455,-1.5619203599811624,-1.566174794136383,2576.7815,2628.0410315134327,2525.5219684865674,0.03978570283388999,0.6409347644565744,26.489516774983297,2634.22,2515.07,2650.45,2455.99,0.006412347750434977,0.01366824577806125,-0.006635895941791148,0.0076764832840106045
2023-07-14,2607.47,2628.3,2603.36,2628.3,569815.0,2575.4880000000003,2573.522,2576.907,2559.1560000000004,2504.1021666666666,2434.9447083333334,60.80740190610171,1.8126476872889725,-0.8870067505271355,2.699654437816108,2576.907,2628.6558272715106,2525.1581727284897,0.04016351949954766,0.996561977437252,27.24526557677022,2625.79,2515.07,2650.45,2455.99,0.014305947368624228,0.04020643445429051,0.0009559027949683774,0.02033844350151992
2023-07-17,2617.67,2627.12,2611.55,2619.0,550570.0,2595.148,2575.175,2577.382,2559.9545000000003,2506.091,2435.7925000000005,58.54829292393294,4.921062760331097,0.2746071516445109,4.646455608686586,2577.382,2630.4757098343725,2524.2882901656276,0.04119972113902594,0.8919296667140855,26.495603749858063,2628.3,2515.07,2650.45,2455.99,-0.0035384088574363926,0.03899710397905354,0.0036405441655489312,0.01863412015915422
2023-07-18,2624.59,2626.89,2600.67,2607.62,493202.0,2604.174,2576.606,2577.5175,2560.496833333333,2507.860666666667,2436.5106250000003,55.8156630040012,6.392543939947245,1.498194509305058,4.894349430642187,2577.5175,2630.904556062088,2524.130443937912,0.04142517446503316,0.7819269521528905,26.47591776772533,2628.3,2515.07,2650.45,2455.99,-0.004345169912180258,0.01761177604595532,0.0010403430444814177,0.012636500613573132
2023-07-19,2622.24,2622.54,2598.52,2608.24,440074.0,2610.8779999999997,2579.5299999999997,2578.798,2561.2490000000003,2509.357916666667,2437.1637083333335,55.936328021048176,7.522022995886346,2.7029602066213156,4.81906278926503,2578.798,2633.8176865128876,2523.778313487112,0.04267079973917136,0.767558776376375,26.300495070030664,2628.3,2515.07,2650.45,2455.99,0.00023776470498004798,0.013018891374596109,0.009916248165629415,0.01760751586939291
2023-07-20,2595.38,2611.34,2589.29,2600.23,372365.0,2612.6780000000003,2583.924,2579.1245,2562.1795,2510.4544166666665,2437.780291666667,53.888767275306336,7.682247065401498,3.6988175783773523,3.9834294870241456,2579.1245,2634.569893848149,2523.6791061518506,0.042995515608610015,0.6903269012553386,25.996888279314202,2628.3,2515.07,2650.45,2455.99,-0.0030710364076924623,0.0034732540145028246,0.0025176388942438344,0.021942304669077206
2023-07-21,2581.06,2609.76,2570.58,2609.76,501872.0,2608.9700000000003,2592.2290000000003,2581.1075,2563.6171666666664,2511.5022499999995,2438.4892083333334,55.95456962660512,8.480459688920291,4.65514600048594,3.825313688434351,2581.1075,2637.9395419743673,2524.275458025633,0.04403694303655873,0.7520805077963165,26.938539116506067,2628.3,2515.07,2650.45,2455.99,0.003665060398503339,-0.007053989270631167,0.015431306174857218,0.03418268278185077
2023-07-24,2608.47,2636.06,2595.21,2628.53,529363.0,2610.876,2603.0119999999997,2583.424,2565.942333333333,2512.9860833333337,2439.185375,59.77678271332987,10.506518471575419,5.825420494703836,4.681097976871582,2583.424,2643.9050407977247,2522.9429592022752,0.04682238827054695,0.8728937151631911,27.932214893898486,2628.3,2515.07,2650.45,2455.99,0.007192232235914364,0.0036387934326078675,0.01794206490589434,0.056050172356991945
2023-07-25,2643.35,2646.71,2621.6,2636.46,723472.0,2616.6440000000002,2610.4089999999997,2586.1775,2568.4695,2514.747583333333,2439.866,61.304584960521915,12.606746652041693,7.181685726171408,5.425060925870285,2586.1775,2650.902806294955,2521.4521937050445,0.05005480582439165,0.8884299888119592,27.730628115762887,2636.06,2515.07,2650.45,2455.99,0.0030168953749813987,0.011059893696167444,0.021333467627906,0.06102228321454595
2023-07-26,2638.76,2639.21,2580.98,2592.36,834107.0,2613.468,2612.173,2587.5860000000002,2570.078666666667,2515.9355833333334,2440.289166666667,49.94350870701573,10.590609224748732,7.863470425886874,2.7271387988618585,2587.5860000000002,2651.5577470136286,2523.614252986372,0.04944511758343751,0.5373133470857286,29.909154678922683,2646.71,2515.07,2650.45,2455.99,-0.016726974807127704,-0.006088396773302973,0.010985925379944472,0.03868483578477533
2023-07-27,2599.82,2617.61,2586.36,2603.81,594163.0,2614.184,2613.431,2590.2754999999997,2571.7833333333333,2517.06,2440.750458333334,52.40953685853174,9.80371398428042,8.251519137565584,1.552194846714837,2590.2754999999997,2652.193619633718,2528.3573803662816,0.047808134411739686,0.6092935321684887,30.004929344713922,2646.71,2515.07,2650.45,2455.99,0.0044168248237126395,0.001376801282963358,0.02109395220429633,0.040886977169971805
2023-07-28,2593.67,2609.54,2586.33,2608.32,503267.0,2613.8959999999997,2611.433,2592.4775,2573.1821666666665,2518.1260000000007,2441.187375,53.38369883686338,9.435249462724641,8.488265202597395,0.9469842601272465,2592.4775,2653.6692144307567,2531.285785569243,0.047207132506073245,0.629449715107486,29.519577248662934,2646.71,2515.07,2650.45,2455.99,0.0017320772252968908,-0.0005517748758506746,0.017174411530721967,0.03324763606257375
2023-07-31,2628.87,2639.45,2622.21,2632.58,454243.0,2614.706,2612.791,2593.9829999999997,2575.3684999999996,2519.7459166666667,2441.819458333333,58.325452315293184,10.97431287788504,8.985474737654926,1.988838140230115,2593.9829999999997,2657.5206414731856,2530.445358526814,0.04898847947205968,0.8037333390498047,29.634607445186987,2646.71,2515.07,2650.45,2455.99,0.009301006011532165,0.0015407851536790584,0.011569777941724535,0.052442632126009414
2023-08-01,2644.34,2668.21,2639.1,2667.07,493643.0,2620.828,2618.736,2597.671,2578.137333333333,2521.5405833333334,2442.4165,64.14489442871184,14.806407429616229,10.149661276047187,4.656746153569042,2597.671,2668.7405281817373,2526.6014718182623,0.05471788242755722,0.9882472261707907,30.062849770530782,2646.71,2515.07,2650.45,2455.99,0.013101216297320528,0.011610265279958787,0.028442415291654477,0.06642702343918683
2023-08-02,2651.53,2660.9,2611.77,2616.47,704674.0,2625.65,2619.559,2599.5445,2579.858333333333,2522.6475,2442.785375,52.5509101822815,13.603559486617996,10.84044091816135,2.7631185684566457,2599.5445,2670.5219404932627,2528.567059506737,0.054607597979771265,0.6192315465475711,31.865503358350026,2668.21,2515.07,2668.21,2455.99,-0.018972130465267245,0.0093004058078352,0.014528887165567994,0.04108689683711253
2023-08-03,2624.76,2625.45,2591.3,2605.39,789416.0,2625.966,2620.075,2601.9995,2581.447166666667,2523.67975,2443.0848333333333,50.40259766934663,11.622256289264442,10.99680399238197,0.6254522968824716,2601.9995,2670.1635123450374,2533.8354876549624,0.05239356298495635,0.524870161565884,32.02868168989643,2668.21,2515.07,2668.21,2455.99,-0.004234713182264649,0.0006068031077535174,0.019207523403056648,0.03797917181262589
2023-08-04,2606.17,2612.3,2598.38,2602.8,645750.0,2624.862,2619.379,2605.804,2583.2186666666666,2524.788666666667,2443.4445416666667,49.88918297507526,9.73089616268544,10.743622426442666,-1.0127262637572265,2605.804,2664.582074959751,2547.025925040249,0.045113197277885014,0.4744462539641105,30.735204426332405,2668.21,2515.07,2668.21,2455.99,-0.0009940930148651939,-0.0021163047478837127,0.030114259254129028,0.04257543530768948
2023-08-07,2591.58,2607.36,2580.71,2580.71,504071.0,2614.4880000000003,2614.597,2608.8045,2584.7138333333332,2525.8554166666663,2443.7472916666666,45.62084019757468,6.376002659950245,9.870098473144182,-3.494095813193937,2608.8045,2654.5893632079847,2563.0196367920157,0.03510026390094349,0.19319008476254743,30.44340411016581,2668.21,2517.67,2668.21,2455.99,-0.00848701398493934,-0.019703104938881166,0.023806879041536222,0.036013649136892756
2023-08-08,2598.29,2601.41,2568.15,2573.98,638419.0,2595.87,2608.349,2609.379,2586.3565,2526.7582500000003,2444.0860000000002,44.37518706105229,3.1379977485767085,8.523678328230687,-5.385680579653979,2609.379,2653.0651085011446,2565.6928914988553,0.033483912073443256,0.09484832576616,30.644589530868238,2668.21,2534.48,2668.21,2455.99,-0.0026078094787868045,-0.03490347085003398,0.004483919937248615,0.03981546565835292
2023-08-09,2580.6,2608.98,2576.21,2605.12,467527.0,2593.6,2609.625,2610.899,2588.4526666666666,2528.2350833333335,2444.68025,51.03696840022043,3.049441219739947,7.42883090653254,-4.379389686792593,2610.899,2651.674152188234,2570.1238478117657,0.031234568773617202,0.42913576418646027,30.955690278663365,2668.21,2554.26,2668.21,2455.99,0.012097996099425634,-0.00433790565150749,0.011807109122545345,0.05072700506181049
2023-08-10,2592.4,2601.56,2590.02,2601.56,568155.0,2592.834,2609.4,2611.4155,2590.4746666666665,2529.2857500000005,2445.372833333334,50.29537486927408,2.661319253047168,6.475328575835467,-3.8140093227882987,2611.4155,2651.4356876429088,2571.3953123570914,0.030650187718429867,0.3768683934226075,29.82314097304455,2668.21,2568.15,2668.21,2474.9,-0.0013665397371329657,-0.001470029438970677,0.003986523774423656,0.04891462116569367
2023-08-11,2611.25,2616.84,2589.94,2591.26,675390.0,2590.526,2607.6940000000004,2609.5634999999997,2592.0846666666666,2530.4528333333333,2445.9720416666664,48.116909316055185,1.5052542449197972,5.481313709652333,-3.9760594647325362,2609.5634999999997,2649.7148059684705,2569.412194031529,0.030772430690780856,0.2720684351541074,29.61434518925566,2668.21,2568.15,2668.21,2475.02,-0.003959162963760088,-0.004433686798832048,-0.0140927595784347,0.03872271171221753
2023-08-14,2586.51,2592.91,2561.88,2570.87,624378.0,2588.558,2601.523,2607.157,2593.0091666666663,2531.4174166666667,2446.3620833333334,44.04941052023277,-1.0442012941534813,4.176210708891171,-5.220412003044652,2607.157,2650.407321200819,2563.9066787991815,0.033178148612315016,0.08050022528718952,29.715463390023096,2668.21,2568.15,2668.21,2500.01,-0.007868758827751843,-0.0038129042007820635,-0.018377243222604034,0.022052158702393188
2023-08-16,2550.13,2550.53,2520.87,2525.64,685136.0,2578.8900000000003,2587.38,2603.058,2592.806666666667,2531.973083333333,2446.547958333333,36.648573651257266,-6.637829408308789,2.0134026854511786,-8.651232093759969,2603.058,2659.0253517684578,2547.090648231542,0.0430012329870927,-0.19163536913704354,31.164358862164306,2668.21,2561.88,2668.21,2515.07,-0.01759326609280132,-0.018780254702833843,-0.031438629861712974,-0.004787630182166436
2023-08-17,2512.92,2520.56,2482.06,2519.85,735133.0,2561.8360000000002,2577.718,2598.6385,2592.1861666666664,2532.8245,2446.935291666667,35.81893297986667,-11.406537139817829,-0.6705852796026228,-10.735951860215206,2598.6385,2665.223484575914,2532.053515424086,0.051246054097877754,-0.09163864422145251,32.051190372009714,2668.21,2520.87,2668.21,2515.07,-0.002292488240604351,-0.03273169758014982,-0.03388875256878199,-0.014559575766108224
2023-08-18,2495.18,2519.6,2489.63,2504.5,557785.0,2542.424,2567.629,2593.852,2591.135333333333,2533.3695833333336,2447.1585,33.644427061570056,-16.23721656319549,-3.783911536321196,-12.453305026874293,2593.852,2672.0429374798323,2515.6610625201674,0.06028943631312229,-0.07137056339199269,31.92039105972329,2668.21,2482.06,2668.21,2482.06,-0.006091632438438799,-0.03730838420024907,-0.036815973971533245,-0.024556483807520846
2023-08-21,2511.7,2524.41,2505.59,2508.8,399459.0,2525.932,2558.2290000000003,2588.804,2590.157833333333,2534.0795,2447.311625,34.83783308834258,-19.493877461133252,-6.925904721283608,-12.567972739849644,2588.804,2674.8740246077314,2502.733975392269,0.06649404482357975,0.03523889202644944,31.06250598402876,2668.21,2482.06,2668.21,2482.06,0.001716909562787139,-0.03182235669133937,-0.03868554962908466,-0.022843677578920585
2023-08-22,2528.39,2533.43,2509.53,2515.74,471809.0,2514.906,2551.732,2583.1645,2589.5086666666666,2535.022,2447.728833333333,36.813046114417894,-21.269621726342393,-9.794648122295367,-11.474973604047026,2583.1645,2672.790790222099,2493.5382097779006,0.06939263080001233,0.12385757665012015,30.603041270883825,2668.21,2482.06,2668.21,2482.06,0.0027662627551019447,-0.021444102580060465,-0.04290991542801503,-0.015246468260336932
2023-08-23,2510.0,2517.51,2499.89,2505.5,547170.0,2510.8779999999997,2544.884,2576.6165,2588.6201666666666,2535.794083333333,2448.1292083333333,35.12137808797718,-23.235351601063485,-12.482788818048991,-10.752562783014493,2576.6165,2668.809989634445,2484.423010365555,0.07156166983673751,0.11430844909991492,29.675681180106434,2668.21,2482.06,2668.21,2482.06,-0.00407037293201995,-0.007974216436229975,-0.049672667136994364,-0.020833903259718345
2023-08-24,2531.78,2539.44,2520.73,2537.68,441140.0,2514.4440000000004,2538.1400000000003,2573.8825,2587.822833333333,2536.7093333333332,2448.6875416666667,43.8532746869031,-21.943597496060647,-14.374950553651324,-7.568646942409323,2573.8825,2667.281531873873,2480.4834681261273,0.07257443327259336,0.3061944579420877,29.980275381527406,2668.21,2482.06,2668.21,2482.06,0.012843743763719662,0.007075818005039869,-0.021092749463809124,-0.01850304774281386
2023-08-25,2505.39,2526.37,2502.05,2519.14,577384.0,2517.3720000000003,2529.898,2569.649,2586.8565000000003,2537.4349166666666,2449.142208333333,40.47351181875826,-22.160444308425213,-15.932049304606103,-6.228395003819109,2569.649,2664.8955551921804,2474.4024448078194,0.07413195747137488,0.23485130303092222,30.383827139989712,2668.21,2482.06,2668.21,2482.06,-0.007305885690867209,0.005845478139349103,-0.03251773362879784,-0.022497982243744996
2023-08-28,2534.42,2543.41,2525.64,2543.41,483588.0,2524.294,2525.1130000000003,2566.4034999999994,2586.427166666667,2538.1081666666664,2449.837833333333,46.3072214633583,-20.141729482689243,-16.773985340222733,-3.3677441424665098,2566.4034999999994,2660.575581696102,2472.231418303897,0.07338836757049498,0.3779176397830906,29.947125201419016,2668.21,2482.06,2668.21,2482.06,0.009634240256595428,0.013795440051020291,-0.024885750214697744,-0.010026584461129584
2023-08-29,2550.76,2556.98,2545.27,2552.16,441366.0,2531.578,2523.2419999999997,2562.3825,2585.607166666667,2538.84825,2450.537333333333,48.27535702973379,-17.63257422625611,-16.94570311742941,-0.6868711088267005,2562.3825,2651.648489239899,2473.1165107601014,0.06967421080958738,0.44274135038974505,28.777330544174813,2668.21,2482.06,2668.21,2482.06,0.003440263268603916,0.014476853728922823,-0.030547979548579796,-0.018913183873051076
2023-08-30,2575.42,2578.62,2561.22,2561.22,364003.0,2542.7219999999998,2526.8,2557.09,2584.704,2539.9258333333332,2451.0026666666663,50.30651370768338,-14.743035786300425,-16.505169651203616,1.7621338649031912,2557.09,2632.3545358716724,2481.825464128328,0.058867334252351106,0.5274365606069863,28.61180693387662,2668.21,2482.06,2668.21,2482.06,0.0035499341734059886,0.022239074037118334,-0.03968774722823187,-0.020719504781277154
2023-08-31,2564.45,2568.06,2547.72,2556.27,473169.0,2546.4399999999996,2530.442,2554.08,2583.715166666667,2541.069,2451.606208333333,49.17042672086057,-12.7060123842125,-15.745338197805394,3.039325813592894,2554.08,2624.247282689146,2483.912717310854,0.05494525049265947,0.5156055637048264,28.02096358145687,2660.9,2482.06,2668.21,2482.06,-0.0019326727106612207,0.007325588726710963,-0.0230080986978638,-0.02268313197736649
2023-09-01,2551.93,2568.42,2551.04,2563.71,493367.0,2555.3540000000003,2536.3630000000003,2551.996,2582.9294999999997,2542.4783333333335,2452.280708333333,50.96294727334609,-10.371751742870401,-14.670620906818396,4.298869163947995,2551.996,2618.314017883368,2485.6779821166324,0.05197344971024069,0.5883168735576593,27.260894754209957,2625.45,2482.06,2668.21,2482.06,0.002910490675867683,0.017692545868828402,-0.015997604965091505,-0.018055422563532875
2023-09-04,2566.93,2584.55,2560.32,2584.55,342073.0,2563.582,2543.938,2551.0834999999997,2581.986,2543.927916666667,2453.121416666667,55.67790126650862,-6.762268314549601,-13.088950388364637,6.326682073815036,2551.0834999999997,2615.040455610619,2487.1265443893803,0.05014101311118934,0.761632997384601,27.044402271766394,2616.84,2482.06,2668.21,2482.06,0.008128844526096968,0.01617513495661349,-0.007011679729522102,-0.021433763952202645
2023-09-05,2578.91,2586.65,2575.19,2582.18,384579.0,2569.5860000000002,2550.582,2551.157,2581.199833333333,2545.8713333333335,2454.06525,55.02988336034085,-4.046322399887231,-11.280424790669157,7.234102390781926,2551.157,2615.2532021026113,2487.060797897389,0.05024873193034469,0.7420034181614628,25.931230680925943,2616.84,2482.06,2668.21,2482.06,-0.0009169874833144798,0.01176258541784203,0.0005696106885313412,-0.01793979500637044
2023-09-06,2577.41,2585.98,2560.09,2563.34,422126.0,2570.01,2556.366,2550.6249999999995,2579.9563333333335,2547.4015,2454.8797916666667,50.043673347584864,-3.375238593244376,-9.6993875511842,6.3241489579398245,2550.6249999999995,2614.128529508042,2487.121470491957,0.04979448527952361,0.6001125457002379,25.928285632288368,2616.84,2482.06,2668.21,2482.06,-0.007296160608478042,0.0008277305346671149,-0.0041336762523407344,-0.02828332606759021
2023-09-07,2554.87,2562.42,2539.24,2548.26,377271.0,2568.4080000000004,2557.424,2547.782,2578.776,2548.8210833333333,2455.7174999999997,46.41819474033283,-4.013959387547402,-8.562301918456841,4.548342530909439,2547.782,2606.1561835401494,2489.407816459851,0.04582353085165784,0.5040942756798585,25.797693801410652,2616.84,2482.06,2668.21,2482.06,-0.005882949589207764,-0.0031334718163573694,-0.02182624984645609,-0.027040029323273762
2023-09-08,2546.07,2550.96,2530.05,2547.68,396289.0,2565.202,2560.278,2545.088,2577.7616666666668,2550.0876666666663,2456.6148749999998,46.27932280210438,-4.514906341630194,-7.7528228030915125,3.2379164614613183,2545.088,2598.00399176033,2492.1720082396705,0.04158283859758852,0.5244916509525087,25.448572815595597,2616.84,2482.06,2668.21,2482.06,-0.00022760628821250073,-0.0062526572818298876,-0.020710650532757335,-0.023331058753172318
2023-09-11,2549.88,2556.89,2540.44,2556.88,411070.0,2559.668,2561.625,2543.369,2576.613166666667,2551.568333333333,2457.726875,48.891278377099326,-4.122031090935707,-7.026664460660351,2.9046333697246443,2543.369,2592.253781639887,2494.484218360113,0.03844096679631388,0.6381922916167412,24.80581761448161,2616.84,2482.06,2668.21,2482.06,0.0036111285561766238,-0.0107059255963321,-0.013267676728695776,-0.02624353051843442
2023-09-12,2566.42,2568.55,2535.15,2536.58,359410.0,2550.548,2560.067,2541.6544999999996,2575.3978333333334,2552.8035833333333,2459.0420416666666,43.82761278040227,-5.386621352176007,-6.698655838963482,1.312034486787475,2541.6544999999996,2588.9400256815397,2494.3689743184595,0.03720846061613811,0.44634193099411007,25.41968778487579,2592.91,2482.06,2668.21,2482.06,-0.00793936359938685,-0.017659497014150816,-0.013337897287688638,-0.02794405058440319
2023-09-13,2536.22,2549.38,2528.18,2534.7,417576.0,2544.8199999999997,2557.415,2542.1075,2574.2276666666667,2553.78475,2460.337208333333,43.37952315107045,-6.465982709533364,-6.652121213077459,0.186138503544095,2542.1075,2588.9421055281728,2495.2728944718274,0.036847069235406205,0.42091851830005933,25.118281514527542,2586.65,2482.06,2668.21,2482.06,-0.0007411554139826748,-0.01117292282724891,0.0035872095785622893,-0.026952946550936496
2023-09-14,2544.89,2572.89,2541.11,2572.89,412509.0,2549.746,2559.0769999999998,2544.7595,2574.065333333333,2555.0215000000003,2462.018875,53.728689524167216,-4.191454055502163,-6.159987781562401,1.9685337260602376,2544.7595,2592.254563522216,2497.2644364777843,0.03732774238368363,0.7961413030518607,26.051975692061294,2586.65,2482.06,2668.21,2482.06,0.01506687181915023,0.009665418756327648,0.02104887195666416,-0.0037713493609228266
2023-09-15,2574.98,2611.0,2572.37,2601.28,441730.0,2560.4659999999994,2562.834,2549.5985,2574.1916666666666,2556.5741666666663,2463.812,59.63524852517478,-0.09692073333508233,-4.947374371916938,4.850453638581856,2549.5985,2599.3666152042038,2499.8303847957964,0.039039962726840086,1.0192229983790388,26.95040599977121,2586.65,2489.63,2668.21,2482.06,0.011034284403919514,0.021038748979463895,0.03864244360151736,0.002922465975247812
2023-09-18,2588.69,2596.55,2573.26,2574.72,416290.0,2564.034,2561.8509999999997,2552.8945,2574.2686666666664,2557.9533333333334,2465.558791666667,52.839617732931174,0.9934050402525827,-3.7592184894830343,4.752623529735617,2552.8945,2600.082689825195,2505.706310174805,0.0369683822227632,0.7312601954096015,27.026805571216123,2611.0,2499.89,2668.21,2482.06,-0.010210357977611162,0.006977253527736815,0.026275510204081476,0.0017975954243025782
2023-09-19,2579.36,2583.25,2555.46,2559.21,462342.0,2568.56,2559.554,2555.068,2573.8855,2558.9889166666667,2467.0164166666664,49.30618708397737,0.5990630675337343,-2.8875621780796807,3.486625245613415,2555.068,2599.110190953431,2511.0258090465695,0.03447437872763518,0.5470230920661905,27.081319458986396,2611.0,2499.89,2668.21,2482.06,-0.006023956002982778,0.008921461180014134,0.01727921009325306,-0.008903260785376732
2023-09-20,2556.55,2566.62,2551.12,2559.74,414668.0,2573.5679999999998,2559.194,2557.7799999999997,2573.5246666666667,2559.954083333333,2468.4519166666664,49.43063086432914,0.325557954235137,-2.2449381516167173,2.5704961058518543,2557.7799999999997,2595.506158033627,2520.0538419663726,0.029499142251192163,0.5259766711236935,26.254082354773082,2611.0,2499.89,2668.21,2482.06,0.00020709515827133096,0.009878881129916639,0.0216483735781281,-0.00838695431531078
2023-09-21,2544.81,2549.63,2514.96,2514.97,394676.0,2561.9839999999995,2555.8650000000002,2556.6445,2572.7043333333336,2560.4691666666668,2469.606541666667,40.40717948182268,-3.4638327522438885,-2.4887170717421516,-0.9751156805017369,2556.6445,2597.9221304913244,2515.3668695086753,0.032290473306965085,-0.004807319411890024,27.577362186574987,2611.0,2502.05,2668.21,2482.06,-0.017490057583973373,-0.02251165032317748,-0.008949118880237084,-0.01919514544554035
2023-09-22,2491.45,2513.26,2486.14,2508.13,433184.0,2543.3540000000003,2551.91,2556.094,2572.0061666666666,2560.72975,2470.753583333333,39.22893151358188,-6.938895753020915,-3.3787528079979046,-3.560142945023011,2556.094,2599.591636901082,2512.596363098918,0.0340344579667899,-0.051340295900154015,27.66683631610534,2611.0,2502.05,2668.21,2482.06,-0.002719714350469249,-0.03580929388608689,-0.0043705391522502746,-0.016427322138649836
2023-09-25,2504.1,2509.38,2486.44,2495.76,438615.0,2527.562,2545.798,2553.7115000000003,2570.8641666666663,2560.9249166666664,2472.0189583333336,37.120818047141476,-10.569228351886068,-4.816847916775537,-5.75238043511053,2553.7115000000003,2604.3593107224647,2503.063689277536,0.03966603958392663,-0.07210271454335851,27.329205150669246,2611.0,2486.14,2668.21,2482.06,-0.004931961261976037,-0.030667412378821646,-0.01873469082845458,-0.026720950910196994
2023-09-26,2493.64,2495.0,2461.59,2462.97,427476.0,2508.314,2538.4370000000004,2549.252,2568.5391666666665,2560.77875,2473.1043750000003,32.183637279830535,-15.9087854780405,-7.03523542902853,-8.87355004901197,2549.252,2613.532437957274,2484.971562042726,0.05043082281176909,-0.17113730663557544,27.817833354192874,2611.0,2486.14,2668.21,2482.06,-0.0131382825271662,-0.03760535477745097,-0.034946868534888154,-0.0536029233766383
2023-09-27,2447.99,2469.72,2445.51,2465.07,366241.0,2489.38,2531.474,2544.4445,2566.401833333333,2560.5275833333335,2474.3635416666666,32.80008011173972,-19.743381112742554,-9.576864565771334,-10.16651654697122,2544.4445,2618.12083065632,2470.7681693436803,0.057911525015632924,-0.03867028456031907,27.560130971750496,2611.0,2461.59,2668.21,2461.59,0.0008526291428643251,-0.03698422496034737,-0.03754070325860315,-0.049450316391021376
2023-10-04,2435.78,2435.78,2402.84,2405.69,424859.0,2467.524,2514.754,2536.9155,2563.5133333333333,2560.081416666667,2475.168291666667,25.689313885377345,-27.259564232662797,-13.113404499149627,-14.14615973351317,2536.9155,2631.9105109162583,2441.920489083742,0.07489016557016444,-0.19069679941234138,30.036550188054033,2611.0,2445.51,2668.21,2445.51,-0.02408856543627569,-0.043451810558376325,-0.05890614058765309,-0.0672004652966266
2023-10-05,2423.35,2426.61,2402.5,2403.6,451722.0,2446.618,2494.986,2528.9100000000003,2560.9685000000004,2559.3579999999997,2475.9345000000003,25.479936097413614,-33.004385033367726,-17.09160060599325,-15.912784427374476,2528.9100000000003,2639.267217434932,2418.552782565069,0.08727650840475262,-0.06774718914005473,29.61322517462161,2611.0,2402.84,2668.21,2402.84,-0.0008687736158857762,-0.0416764681256554,-0.06245246147185135,-0.059731094672357266
2023-10-06,2408.81,2421.18,2403.92,2408.73,289392.0,2429.212,2478.387,2520.1189999999997,2559.002166666666,2558.49675,2476.596083333333,27.05156442124826,-36.71996389393871,-21.017273263582343,-15.702690630356368,2520.1189999999997,2639.0268352169505,2401.211164783049,0.09436684157926738,0.03161623118961353,28.75370909072006,2611.0,2402.5,2668.21,2402.5,0.0021342985521717317,-0.034871141455909305,-0.06802731616722457,-0.046693130592747045
2023-10-10,2436.58,2448.24,2402.44,2402.58,416004.0,2417.134,2462.7239999999997,2511.139,2557.0335,2557.286083333333,2477.2841666666664,26.334522558708997,-39.703167116392706,-24.754452034144418,-14.948715082248288,2511.139,2636.873965049434,2385.4040349505663,0.1001417803231393,0.0683022619948269,29.971301298525752,2611.0,2402.5,2668.21,2402.5,-0.002553212688844342,-0.024519178065506186,-0.06955363297678707,-0.04685999920656958
2023-10-11,2436.52,2463.56,2436.52,2450.08,446949.0,2414.1359999999995,2451.7580000000003,2505.476,2555.1599999999994,2556.448083333333,2478.250791666667,39.64185952927112,-37.79880306428231,-27.363322240171996,-10.435480824110314,2505.476,2631.4984367959246,2379.4535632040756,0.10059760045270796,0.28021374047184083,32.186208348631055,2611.0,2402.44,2668.21,2402.44,0.019770413472184112,-0.006080963218083157,-0.04418454048233955,-0.043867488263368726
2023-10-12,2465.19,2479.82,2464.84,2479.82,515452.0,2428.9620000000004,2448.243,2502.054,2553.578333333333,2555.7660833333334,2479.3620416666668,46.19543505003889,-33.50360270363444,-28.591378332864487,-4.912224370769955,2502.054,2626.9554258364697,2377.1525741635305,0.09983911285405477,0.410993810314422,32.01147918087171,2611.0,2402.44,2668.21,2402.44,0.012138379154966517,0.03081444408880607,-0.02685754200905721,-0.03685837683320892
2023-10-13,2460.85,2466.62,2452.83,2456.15,582884.0,2439.472,2443.045,2497.4775,2551.3269999999998,2554.804916666667,2480.2786666666666,42.262310739204544,-31.6448149258772,-29.20206565146703,-2.4427492744101684,2497.4775,2622.0635258415186,2372.8914741584813,0.09976948808669442,0.33414070831438564,31.65280209652375,2611.0,2402.44,2668.21,2402.44,-0.00954504762442443,0.021863038775170596,-0.0359268039942221,-0.05212968358655923
2023-10-16,2442.43,2453.77,2422.52,2436.24,788356.0,2444.974,2437.093,2491.4455,2548.1259999999997,2553.641,2481.1168749999997,39.23621022219938,-31.41613715212634,-29.64487995159889,-1.7712572005274474,2491.4455,2615.624454009864,2367.2665459901355,0.09968426281840351,0.27771796984368746,31.794030518200636,2611.0,2402.44,2668.21,2402.44,-0.008106182439997722,0.011420956271562144,-0.04718250367635568,-0.07307385001712152
2023-10-17,2454.14,2466.87,2449.42,2460.17,509375.0,2456.492,2436.8129999999996,2487.625,2545.478833333333,2552.7166666666667,2481.994416666667,44.39013497716256,-28.970009128222955,-29.509905786923706,0.5398966587007514,2487.625,2610.711288838296,2364.538711161704,0.09895887751433258,0.3884725493833483,31.710885481186313,2611.0,2402.44,2668.21,2402.44,0.009822513381276154,0.023970065512906924,-0.03012323679915474,-0.0606452844597174
2023-10-18,2452.05,2465.33,2450.78,2462.6,911546.0,2458.996,2436.566,2484.0199999999995,2543.061833333333,2551.779333333333,2482.7186666666666,44.90120869929065,-26.52953835019889,-28.913832299578747,2.384293949379856,2484.0199999999995,2605.5942135486985,2362.4457864513006,0.09788505209193078,0.41190566085208763,30.48510794681584,2611.0,2402.44,2668.21,2402.44,0.0009877366198269844,0.005110037223274411,-0.02844518088925707,-0.05561393147774596
2023-10-19,2431.92,2433.45,2412.55,2415.8,756947.0,2446.192,2437.577,2476.1655,2539.8545,2550.55175,2483.3328333333334,37.71263331040085,-28.048491007300072,-28.740764041123015,0.6922730338229428,2476.1655,2593.999005502405,2358.331994497595,0.09517417596069805,0.2438525666251699,31.882600236328976,2611.0,2402.44,2668.21,2402.44,-0.01900430439373013,-0.025816389899266823,-0.06105585547769232,-0.07378155384473806
2023-10-20,2391.54,2394.67,2364.01,2375.0,521208.0,2429.962,2434.7169999999996,2464.8514999999998,2536.1006666666663,2549.140083333333,2483.6719583333334,32.78479681537057,-32.17361356192623,-29.427333945283657,-2.7462796166425747,2464.8514999999998,2575.7066879299573,2353.996312070042,0.08994877616761704,0.09473479916532501,33.30455736230548,2611.0,2402.44,2668.21,2402.44,-0.01688881529927977,-0.033039513059055836,-0.08698794439660484,-0.08661926060386971
2023-10-23,2370.07,2375.79,2354.7,2357.02,395930.0,2414.118,2429.546,2453.9664999999995,2531.888333333334,2547.7527499999997,2483.7627916666665,30.87042518373744,-36.47319831484492,-30.83650681919591,-5.636691495649011,2453.9664999999995,2562.2543054583575,2345.6786945416416,0.0882553249674419,0.0523664941327106,32.43208897928367,2596.55,2364.01,2668.21,2364.01,-0.007570526315789472,-0.0325173217745377,-0.08455288342033307,-0.0968441542517321
2023-10-24,2371.55,2384.14,2326.67,2383.51,444165.0,2398.786,2427.639,2445.1814999999997,2527.8046666666664,2546.8735,2483.957125,36.73200619026117,-37.31300747095065,-32.13180694954686,-5.181200521403788,2445.1814999999997,2546.152430128368,2344.2105698716314,0.08258767713428906,0.19460764637111855,34.220511195049106,2583.25,2354.7,2668.21,2354.7,0.01123876759637188,-0.031160448261705387,-0.06865399869490973,-0.09321559959368919
2023-10-25,2389.23,2389.9,2362.69,2363.17,440807.0,2378.9000000000005,2418.948,2435.353,2523.2498333333333,2545.8596666666663,2484.0987916666663,34.32532161625711,-39.16832225170674,-33.53911000997884,-5.629212241727899,2435.353,2527.706550684252,2342.9994493157483,0.07584407737543739,0.10920289764068213,33.719760395402744,2566.62,2326.67,2668.21,2326.67,-0.008533633171247557,-0.040376025339072474,-0.07679295553454635,-0.10365793526167666
2023-10-26,2325.82,2330.55,2299.08,2299.08,531073.0,2355.556,2400.874,2424.5585,2518.3618333333334,2544.22025,2483.8931666666667,28.08187228319268,-45.28814639900338,-35.888917287783755,-9.399229111219626,2424.5585,2527.073797253579,2322.0432027464212,0.08456409466183543,-0.1119989082683933,35.88906322430256,2549.63,2326.67,2668.21,2326.67,-0.02712035105388111,-0.04831525788558666,-0.08584197823433282,-0.11313243530991068
2023-10-27,2311.59,2321.84,2293.05,2302.81,514876.0,2341.118,2385.54,2414.2925000000005,2513.345166666667,2542.56425,2483.60575,28.89251325294326,-49.269226327523484,-38.5649790957317,-10.704247231791783,2414.2925000000005,2522.253249696316,2306.331750303685,0.08943468920714068,-0.01631032719572418,35.38198727970952,2513.26,2299.08,2668.21,2299.08,0.0016223880856691686,-0.030395789473684265,-0.08186178547363976,-0.1155998325530665
2023-10-30,2292.34,2317.75,2292.34,2310.55,444842.0,2331.8239999999996,2372.971,2405.032,2508.3823333333335,2540.7822499999997,2483.2370416666663,30.639616121863156,-51.209397481463384,-41.09386277287804,-10.115534708585344,2405.032,2515.2028064052874,2294.861193594713,0.09161691520552516,0.07120219465205979,34.66970247401598,2509.38,2293.05,2668.21,2293.05,0.0033611109904856384,-0.019715573054110647,-0.07420985992242846,-0.11416160593792168
2023-10-31,2318.39,2322.45,2273.97,2277.99,394982.0,2310.72,2354.753,2395.783,2502.4725000000003,2538.9205,2482.6269583333337,27.570737892584532,-54.7432706364707,-43.82374434559657,-10.919526290874124,2395.783,2515.582842086674,2275.9831579133256,0.10000892575552485,0.008375812737809093,35.65615229730056,2495.0,2292.34,2668.21,2292.34,-0.014091882885027496,-0.04427084425909711,-0.07510444707000086,-0.1346929627969521
2023-11-01,2292.89,2312.15,2288.64,2301.56,358157.0,2298.398,2338.649,2387.6075,2496.3806666666665,2537.259,2482.2074999999995,32.8166147263082,-55.00789181903838,-46.06057384028493,-8.947317978753446,2387.6075,2509.673482300528,2265.541517699472,0.10224962210122732,0.14753693707985713,35.549284276064824,2479.82,2273.97,2668.21,2273.97,0.010346840855315564,-0.026070913222493552,-0.06633077356829631,-0.137045521864818
2023-11-02,2334.96,2351.91,2333.41,2343.12,377462.0,2307.2059999999997,2331.3810000000003,2384.479,2491.824833333333,2535.8415833333333,2481.6240000000003,40.93935972687704,-51.27301791000673,-47.10306265422929,-4.169955255777438,2384.479,2507.73234135833,2261.2256586416697,0.1033796828223944,0.3322195587389458,36.60647825634591,2479.82,2273.97,2660.9,2273.97,0.018057317645423065,0.019155488282269317,-0.026009169926299758,-0.10447282025018434
2023-11-03,2365.59,2370.28,2351.83,2368.34,578662.0,2320.312,2330.715,2382.716,2487.8740000000003,2534.660583333333,2481.1810416666663,45.26416825339083,-45.75067489968296,-46.83258510332003,1.0819102036370651,2382.716,2505.8335227820685,2259.5984772179313,0.10334217152364662,0.44161675903174713,35.93172980946408,2479.82,2273.97,2625.45,2273.97,0.010763426542387933,0.028456537881978994,-0.014669662173406484,-0.09098445914047404
2023-11-06,2399.8,2502.37,2395.03,2502.37,528585.0,2358.676,2345.25,2387.398,2486.200166666667,2534.7094166666666,2481.272875,61.42900164043654,-30.210825818663125,-43.50823324638865,13.297407427725524,2387.398,2520.80830778764,2253.9876922123603,0.11176210065321307,0.9308962399779865,42.93874910878806,2479.82,2273.97,2616.84,2273.97,0.05659238116148857,0.08301919456406459,0.03887525791599722,-0.038585369601967234
2023-11-07,2476.35,2476.35,2418.74,2443.96,457676.0,2391.87,2351.295,2389.467,2483.9210000000003,2534.3174166666668,2481.133333333333,53.9512521570092,-22.350934648990915,-39.2767735269091,16.92583887791819,2389.467,2525.0211977365243,2253.912802263476,0.1134597780480117,0.7010007838559069,45.845267029588925,2502.37,2273.97,2616.84,2273.97,-0.023341871905433575,0.0728580898072424,0.017223151778504864,-0.05298929364399718
2023-11-08,2460.22,2468.43,2418.14,2421.62,467217.0,2415.882,2357.14,2388.044,2481.3816666666667,2533.869083333333,2481.0446666666667,51.37533005611801,-17.720297012934225,-34.96547822411413,17.245181211179904,2388.044,2521.6060332878797,2254.48196671212,0.11185893835111899,0.6256944027185865,46.16274795604686,2502.37,2273.97,2616.84,2273.97,-0.009140902469762291,0.05216461878030554,-0.01161594723437609,-0.059192379117164906
2023-11-09,2425.93,2437.9,2413.04,2427.08,395031.0,2432.674,2369.94,2385.407,2478.4143333333336,2533.4335,2480.9721666666665,51.97880372933789,-13.454808300776676,-30.66334423944664,17.208535938669964,2385.407,2513.5912294667837,2257.2227705332166,0.10747367595281103,0.662551197496563,44.64112310204352,2502.37,2273.97,2616.84,2273.97,0.002254689009836497,0.03583256512683941,-0.021267672653660474,-0.06834234123572047
2023-11-10,2406.4,2413.62,2393.64,2409.66,312468.0,2440.938,2380.625,2383.0824999999995,2475.216,2532.845333333333,2480.9311666666667,49.85295311481515,-11.349199671014503,-26.800515325760212,15.45131565474571,2383.0824999999995,2507.68711739034,2258.477882609659,0.10457432119143216,0.6066473320035275,43.84104288046899,2502.37,2273.97,2616.84,2273.97,-0.007177348913097292,0.017446819291148996,-0.018927997068583058,-0.07376343424714404
2023-11-13,2431.24,2435.32,2399.04,2403.76,307123.0,2421.216,2389.946,2381.4584999999997,2472.091,2532.087833333333,2480.9248749999997,49.12020422196083,-10.040825961987139,-23.448577453005598,13.407751491018459,2381.4584999999997,2504.080394500914,2258.8366054990856,0.10298050081570946,0.5909360440513918,43.30096838900693,2502.37,2273.97,2616.84,2273.97,-0.0024484782085437695,-0.03940664250290715,-0.013332019833842135,-0.0723586209025725
2023-11-14,2424.93,2442.37,2422.97,2433.25,306964.0,2419.074,2405.4719999999998,2380.1125,2469.7973333333334,2531.4032500000003,2480.988375,52.85054416459226,-6.548842845661056,-20.068630531536687,13.519787685875631,2380.1125,2499.8048305604557,2260.4201694395447,0.10057703622030933,0.7219753753276638,42.96589921836356,2502.37,2273.97,2611.0,2273.97,0.012268279695144102,-0.004382232115091922,-0.01094233325339311,-0.053530516906728054
2023-11-15,2482.21,2487.42,2468.43,2486.67,419843.0,2432.084,2423.983,2381.316,2469.1478333333334,2530.9772499999995,2481.1772916666664,58.750342802190566,0.5230965514106174,-15.950285114947226,16.473381666357845,2381.316,2504.7280049913834,2257.903995008616,0.10365025472586048,0.9268385397650574,43.7661921313376,2502.37,2273.97,2611.0,2273.97,0.02195417651289433,0.026862183166640685,0.009774222366604413,-0.015429752458782642
2023-11-16,2483.48,2491.98,2472.69,2488.18,407441.0,2444.304,2438.489,2384.935,2468.6200000000003,2530.403083333333,2481.3869583333335,58.906869160919015,6.178284437419734,-11.524571204473835,17.70285564189357,2384.935,2516.1763348758423,2253.6936651241576,0.11005862623160993,0.8933402540353323,42.01789269338491,2502.37,2273.97,2611.0,2273.97,0.000607237791906412,0.02517428350116191,0.029961089494163318,-0.012568208425104643
2023-11-17,2477.43,2481.1,2463.59,2469.85,388974.0,2456.3419999999996,2448.64,2389.6775000000002,2468.0425000000005,2529.5889166666666,2481.6435416666664,56.122820459595125,9.076357175034445,-7.4043855285721785,16.480742703606623,2389.6775000000002,2525.900454581791,2253.4545454182094,0.11400948837806847,0.7942694212077986,40.773043215285966,2502.37,2273.97,2611.0,2273.97,-0.007366830374008315,0.02497862769021353,0.03993684210526305,-0.01383509682571371
2023-11-20,2464.72,2499.75,2464.04,2491.2,323806.0,2473.83,2447.523,2396.3865,2467.7491666666665,2528.9535000000005,2481.8844166666668,58.57842054537263,12.946626617039783,-3.3341830994497865,16.28080971648957,2396.3865,2538.600113170442,2254.172886829558,0.11869004701073214,0.8333488893442518,40.411397271336966,2502.37,2273.97,2611.0,2273.97,0.008644249650788582,0.03637634372815901,0.05692781563160265,-0.007015306122449161
2023-11-21,2504.7,2517.74,2500.91,2510.42,345055.0,2489.264,2454.169,2402.732,2467.6605,2528.5845833333337,2482.0422916666666,60.71018449562513,17.364568469129154,0.8055672142660013,16.55900125486315,2402.732,2553.168755030117,2252.295244969883,0.12522141881001891,0.85791785052277,39.42058318052718,2502.37,2273.97,2611.0,2273.97,0.0077151573538858376,0.03171478475290246,0.05324500421647049,-0.002114685937338434
2023-11-22,2493.17,2516.72,2490.43,2511.7,439485.0,2494.2699999999995,2463.177,2410.1585000000005,2467.7638333333334,2528.1920000000005,2482.175041666667,60.85467311866079,20.730140364992167,4.790481844411234,15.939658520580933,2410.1585000000005,2566.595005621262,2253.721994378739,0.12981428866297495,0.8245454109216525,38.48268438191809,2517.74,2273.97,2611.0,2273.97,0.0005098748416598742,0.0100656701532571,0.06285201657096184,0.0024745559768508674
2023-11-23,2515.83,2522.2,2507.3,2514.96,360874.0,2499.6259999999997,2471.9649999999997,2420.9525000000003,2467.385166666667,2527.604,2482.511,61.24557456660774,23.390800507164386,8.510545576961864,14.880254930202522,2420.9525000000003,2575.015223573842,2266.8897764261587,0.1272744703366477,0.8050948919351745,36.798206926066776,2517.74,2273.97,2611.0,2273.97,0.0012979257076881634,0.010762886929402304,0.09389842893679212,-0.008953059487405768
2023-11-24,2517.88,2521.56,2496.63,2496.63,359383.0,2504.982,2480.662,2430.6435,2467.01,2526.93325,2482.8331249999997,57.75341125997208,23.746579245251723,11.557752310619836,12.188826934631887,2430.6435,2577.998675039729,2283.2883249602714,0.12124787122400195,0.7239028930684288,35.95047785991914,2522.2,2273.97,2611.0,2273.97,-0.007288386296402272,0.01084276373059101,0.08416673542324382,-0.008935589129623556
2023-11-27,2501.83,2511.37,2489.18,2495.66,364744.0,2505.874,2489.852,2439.8990000000003,2466.2141666666666,2526.320666666667,2483.2602083333336,57.56635059129849,23.67732806574486,13.981667461644843,9.695660604100016,2439.8990000000003,2578.9379506432942,2300.8600493567064,0.11397107064127973,0.7005229460593925,34.96758658421063,2522.2,2273.97,2611.0,2273.97,-0.0003885237299880995,0.0017903018625562428,0.08011512410465027,-0.018774008122953045
2023-11-28,2506.14,2522.45,2502.26,2521.76,443090.0,2508.142,2498.7030000000004,2452.0875,2465.7074999999995,2525.6573333333336,2483.8391666666666,61.207251416637995,25.435295625210983,16.272393094358073,9.16290253085291,2452.0875,2573.886233470374,2330.288766529626,0.09934289332690935,0.7860148788696031,34.38347325676701,2522.2,2273.97,2611.0,2273.97,0.010458155357701004,0.004517172425331228,0.1070110053160902,-0.01191147890414379
2023-11-29,2518.8,2523.98,2501.44,2519.81,579271.0,2509.764,2502.017,2463.0,2465.0173333333328,2524.860666666667,2484.458875,60.78759658710454,26.36720416182743,18.291355307851944,8.075848853975486,2463.0,2566.654052501512,2359.345947498488,0.08416894234795945,0.7740365602163564,33.53751088128365,2522.45,2288.64,2611.0,2273.97,-0.0007732694625977032,0.0032288888004141647,0.09482698691322411,-0.016168076151209188
2023-11-30,2512.11,2535.29,2507.8,2535.29,664284.0,2513.83,2506.728,2472.6085,2464.6676666666667,2524.1914166666666,2485.06825,62.95877596808034,28.031722768443615,20.239428799970277,7.792293968473338,2472.6085,2565.0519716515196,2380.16502834848,0.07477404664063864,0.8390261036295128,33.105545818334804,2523.98,2333.41,2611.0,2273.97,0.006143320329707436,0.0080836275726055,0.08201457885212893,-0.00820727074995986
2023-12-01,2520.49,2520.49,2504.06,2505.01,516596.0,2515.5060000000003,2510.244,2479.442,2463.6893333333337,2523.3094166666665,2485.6182083333333,56.38241672684263,26.60088438025423,21.51171991602707,5.08916446422716,2479.442,2559.408217767159,2399.475782232841,0.06450339856077209,0.659867508517457,32.97157825988232,2535.29,2351.83,2611.0,2273.97,-0.011943406868642148,0.003356524595154342,0.057707085975831296,-0.022896505454985117
2023-12-04,2522.22,2525.63,2510.52,2514.95,498861.0,2519.364,2512.6189999999997,2480.0710000000004,2462.529333333333,2522.257666666667,2486.2121666666667,57.935725698967076,25.969647644433735,22.403305461708403,3.5663421827253323,2480.0710000000004,2560.941503868745,2399.200496131256,0.06521628120222721,0.7156472281699224,32.08932266989072,2535.29,2393.64,2611.0,2273.97,0.003968048031744331,0.007729418270116861,0.005027234181995466,-0.026929252674546933
2023-12-05,2507.45,2509.74,2492.55,2494.28,427067.0,2513.868,2511.005,2482.587,2461.0643333333333,2521.132083333333,2486.608125,53.65657140833348,23.530249658882894,22.6286943011433,0.9015553577395927,2482.587,2561.9235971288435,2403.2504028711564,0.06391445466269143,0.5736923464275298,31.397228193469928,2535.29,2393.64,2611.0,2273.97,-0.0082188512694088,-0.010897151195990107,0.02058953501693983,-0.03404100411280375
2023-12-06,2503.57,2509.67,2495.38,2495.38,390989.0,2508.982,2509.373,2486.275,2459.9316666666664,2519.944,2487.168166666667,53.851916299706325,21.43863870542964,22.39068318200057,-0.9520444765709293,2486.275,2560.633775003251,2411.9162249967494,0.059815406584750826,0.5612234400015464,30.253854751079214,2535.29,2393.64,2611.0,2273.97,0.000441009028657513,-0.00969517542989351,0.03045894896804624,-0.02651228475348566
2023-12-07,2493.14,2499.73,2481.0,2492.07,446877.0,2500.338,2507.0840000000003,2489.5245,2458.9951666666666,2518.8855833333337,2487.7183749999995,53.126239950839,19.291551619898655,21.770856869580186,-2.4793052496815307,2489.5245,2558.7552534191545,2420.2937465808454,0.05561765181997972,0.5183841708654285,29.43072226885927,2535.29,2393.64,2611.0,2273.97,-0.0013264512819690655,-0.017047359473669643,0.02677703248347818,-0.02205034023215846
2023-12-08,2510.24,2521.58,2507.14,2517.85,431797.0,2502.906,2509.206,2494.934,2458.498,2518.129833333333,2488.4087083333334,57.886224933395944,19.446038357788893,21.30589316722193,-1.8598548094330383,2494.934,2554.605145254497,2435.2628547455033,0.0478338467105718,0.6920191065737317,29.436384963940732,2535.29,2393.64,2611.0,2273.97,0.010344813749212367,0.00512572804100575,0.04489845040379148,-0.01170869182942913
2023-12-11,2524.79,2528.89,2512.45,2525.36,435004.0,2504.9880000000003,2512.1760000000004,2501.014,2457.9726666666666,2517.2929166666668,2489.2090000000003,59.186459675641,19.94455602014932,21.033625737807412,-1.0890697176580915,2501.014,2545.007051905758,2457.020948094242,0.035180172446662,0.7767027853870433,28.508071752230688,2535.29,2399.04,2611.0,2273.97,0.002982703497031336,0.004139247301139237,0.050587413052883834,-0.012327524170082316
2023-12-12,2535.11,2543.06,2529.74,2535.27,378034.0,2513.186,2513.527,2506.1150000000002,2457.950833333334,2516.6743333333334,2490.0686666666666,60.90188498626192,20.89838545909106,21.006577682064144,-0.10819222297308428,2506.1150000000002,2539.991401520561,2472.2385984794396,0.027034993622048985,0.9303142997981155,27.73606662707134,2535.29,2422.97,2611.0,2273.97,0.0039241929863464975,0.01643360007697603,0.04192746326929009,-0.0005164434001687646
2023-12-13,2531.23,2531.23,2509.89,2510.66,377934.0,2516.2419999999997,2512.612,2507.3145,2457.5501666666664,2515.8889166666672,2490.7100416666667,54.74788445388806,19.444338604027507,20.69412986645682,-1.2497912624293122,2507.3145,2540.030935915028,2474.598064084972,0.02609679473000127,0.5511287355488376,27.56777615370911,2543.06,2463.59,2611.0,2273.97,-0.009707052897719004,0.006123315887760494,0.009647440150884368,-0.009484357123130893
2023-12-14,2547.74,2549.65,2532.16,2544.18,530123.0,2526.6639999999998,2513.501,2510.1145,2457.071666666667,2515.5685000000003,2491.670416666667,60.58929907367945,20.75750031468715,20.706803956102885,0.0506963585842648,2510.1145,2545.2939311918467,2474.9350688081536,0.028030140610594903,0.98416786238282,28.38364928558705,2543.06,2463.59,2611.0,2273.97,0.013351071033114836,0.020910327559017006,0.022506410307935987,-0.011158658162610968
2023-12-15,2558.44,2574.23,2555.3,2563.56,465314.0,2535.8059999999996,2519.3559999999998,2514.8,2456.443,2515.3173333333334,2492.6971666666664,63.52123027358489,23.0957609106199,21.184595347006287,1.911165563613615,2514.8,2552.1739888155043,2477.426011184496,0.029723229533564627,1.1523253410373506,28.50267433661656,2549.65,2463.59,2611.0,2273.97,0.00761738556234226,0.018154377742915617,0.03794157539931575,-0.014500553573625341
2023-12-18,2568.77,2573.13,2556.05,2566.86,384828.0,2544.1059999999998,2524.547,2518.583,2456.312,2515.290333333333,2493.6724583333335,64.01218332774499,24.92777977169999,21.933232231945027,2.9945475397549615,2518.583,2560.6570704470237,2476.5089295529765,0.033410906408106136,1.0737143980493484,27.686769026858233,2574.23,2464.04,2596.55,2273.97,0.0012872723868371239,0.016433300598726497,0.03037090558766864,-0.003052759134973826
2023-12-19,2564.81,2570.06,2556.52,2568.55,392497.0,2550.762,2531.9739999999997,2521.4895,2456.4676666666664,2515.1765833333334,2494.872875,64.2773390674933,26.213859736686572,22.789357732893336,3.4245020037932363,2521.4895,2568.6323651969824,2474.346634803018,0.03739287052116002,0.9991264298782218,26.676285524939786,2574.23,2481.0,2583.25,2273.97,0.0006583919652805026,0.013126807006748953,0.02315548792632316,0.003649563732558203
2023-12-20,2586.99,2615.38,2584.85,2614.3,570423.0,2571.4900000000002,2543.8660000000004,2526.6195,2457.377,2515.450833333334,2496.4474583333335,70.593796439646,30.57231145014657,24.345948476343985,6.226362973802587,2526.6195,2588.4319021453653,2464.8070978546343,0.048928936189533465,1.2092468255302584,28.115836558872655,2574.23,2481.0,2574.23,2273.97,0.01781160576979235,0.041279982156086525,0.040848827487359296,0.021314664770641034
2023-12-21,2598.37,2610.81,2587.16,2600.02,578335.0,2582.6580000000004,2554.661,2530.8725,2458.7944999999995,2515.7494166666665,2498.00725,66.63335805481294,32.49950511225779,25.97665980352675,6.522845308731043,2530.8725,2600.145574964087,2461.599425035913,0.05474244551164616,0.9990936235748744,28.046133947524634,2615.38,2481.0,2615.38,2273.97,-0.0054622652335234445,0.021948132600680736,0.03382161147692209,0.033817500805178646
2023-12-22,2617.72,2621.37,2599.51,2599.51,465967.0,2589.8480000000004,2562.827,2536.0165,2460.3174999999997,2516.161833333333,2499.5940416666663,66.48988875422596,33.59836618528152,27.501001079877707,6.097365105403814,2536.0165,2609.505461694798,2462.527538305202,0.057956217315461495,0.9319934486466861,27.604267236987138,2615.38,2481.0,2615.38,2273.97,-0.00019615233728964565,0.014023467365694708,0.04120754777439983,0.03643351819881757
2023-12-26,2609.44,2612.14,2594.65,2602.59,440428.0,2596.994,2570.55,2541.363,2462.098,2516.4810833333336,2501.03825,66.95266278129601,34.32210786716314,28.865222437334797,5.456885429828343,2541.363,2617.8284432013506,2464.897556798649,0.06017671871460379,0.9003573211416285,26.881819577202325,2621.37,2481.0,2621.37,2273.97,0.0011848386811359468,0.013919730721581924,0.04284638131796803,0.04280459659582658
2023-12-27,2599.35,2613.5,2590.08,2613.5,349733.0,2605.9840000000004,2578.373,2545.95,2464.6068333333333,2516.573,2502.491791666667,68.6064956592486,35.368320206333465,30.16584199113453,5.2024782151989335,2545.95,2627.9664346943864,2463.9335653056132,0.06442894376903442,0.911807708124037,26.634546750259307,2621.37,2481.0,2621.37,2273.97,0.004191977991155005,0.017500145996768524,0.03637935410189708,0.0611172689882542
2023-12-28,2616.27,2655.28,2611.72,2655.28,460087.0,2614.1800000000003,2592.835,2552.7235,2467.777,2517.0894166666667,2504.0139166666663,73.97726454737014,39.11782195119531,31.95623798314669,7.161583968048621,2552.7235,2646.5164859369984,2458.9305140630017,0.07348464174596138,1.0467173209992928,27.843507696669388,2621.37,2481.0,2621.37,2273.97,0.015986225368280094,0.015675324178556327,0.05376198999130888,0.07716210898676312
2024-01-02,2645.47,2675.8,2641.88,2669.81,409872.0,2628.138,2605.398,2559.4495,2472.1789999999996,2517.8461666666667,2505.3456666666666,75.54423152301766,42.76876694274006,34.11874377506536,8.650023167674696,2559.4495,2665.7379387832343,2453.161061216766,0.08305570301991434,1.0191557109285905,28.27754286119301,2655.28,2481.0,2655.28,2273.97,0.0054721159350425985,0.026842101214606062,0.05305901888935782,0.10978970690321699
2024-01-03,2643.54,2643.72,2607.31,2607.31,463132.0,2629.698,2609.773,2564.5645,2475.5741666666663,2518.271333333333,2506.412333333333,59.06798921496709,40.1560455891904,35.32620413789037,4.829841451300027,2564.5645,2669.721396963427,2459.4076030365727,0.08200760555129516,0.7032462978384887,30.72200408539351,2675.8,2481.0,2675.8,2273.97,-0.023409905573804846,0.003000565491188656,0.040838160326705175,0.08475203860875347
2024-01-04,2592.44,2602.64,2580.09,2587.02,770176.0,2626.584,2611.7889999999998,2568.168,2478.545666666667,2518.7739166666665,2507.360208333333,54.88311572158764,36.032847427985416,35.467532795909385,0.5653146320760314,2568.168,2671.19499793732,2465.1410020626804,0.0802338460235621,0.5914905819708984,30.47186093643682,2675.8,2481.0,2675.8,2273.97,-0.007781966854727651,-0.0059825020460387845,0.028656633332670767,0.07401825858439914
2024-01-05,2586.89,2592.29,2572.6,2578.08,522290.0,2619.5,2612.742,2572.3579999999997,2481.4706666666666,2519.2520833333333,2508.2476250000004,53.098071218888755,31.678628385127013,34.70975191375291,-3.0311235286258977,2572.3579999999997,2669.6827149699197,2475.0332850300797,0.07566965015749755,0.5293964385190786,29.70172801240562,2675.8,2481.0,2675.8,2273.97,-0.0034557135236681358,-0.013552707097761685,0.03359686963773112,0.0730464750393327
2024-01-08,2584.23,2591.68,2566.34,2567.82,320144.0,2602.0080000000003,2608.094,2575.9800000000005,2483.433,2519.2964999999995,2509.0048333333334,51.04611763832301,27.087731660549707,33.18534786311227,-6.097616202562563,2575.9800000000005,2666.7468485735617,2485.2131514264393,0.07047170286536479,0.45504966775734695,29.390176011519483,2675.8,2481.0,2675.8,2273.97,-0.00397970582759255,-0.0329381458829201,0.02902964678726283,0.0480555736955528
2024-01-09,2598.31,2599.37,2556.0,2561.24,791214.0,2580.294,2604.2160000000003,2579.4385,2484.79,2519.184166666667,2509.67725,49.71910426894322,22.657282868809034,31.079734864251627,-8.422451995442593,2579.4385,2662.0584238136635,2496.818576186337,0.06406039439487567,0.38986615358636506,30.38873486783951,2675.8,2481.0,2675.8,2273.97,-0.002562484909378493,-0.040665815170367936,0.027756042165749673,0.03283302820365974
2024-01-10,2563.97,2568.19,2539.82,2541.98,570021.0,2567.228,2598.463,2580.645,2486.2205000000004,2518.77375,2510.3547083333333,45.95340727147207,17.391520620364645,28.34209201547423,-10.950571395109584,2580.645,2660.2831090934196,2501.0068909065803,0.06171953840487138,0.25724561745530705,30.24453952013668,2675.8,2507.14,2675.8,2273.97,-0.007519795099248716,-0.02505647583141246,0.009583573286732872,0.03494493414490152
2024-01-11,2543.03,2557.3,2540.27,2540.27,788423.0,2557.8779999999997,2592.2309999999998,2581.3905000000004,2487.954333333333,2518.0401666666667,2511.0711666666666,45.62301447908298,12.931319193573927,25.25993745109417,-12.328618257520244,2581.3905000000004,2659.202756225966,2503.578243774035,0.060287086534149305,0.2357710597634696,29.300643840126934,2675.8,2509.89,2675.8,2273.97,-0.0006727039551845948,-0.018070985148935792,0.005904108721132673,0.04270104751584425
2024-01-12,2536.55,2543.83,2517.76,2525.05,790177.0,2547.272,2583.386,2580.8795,2489.035666666667,2517.25725,2511.674125,42.681596596176526,8.0753628712323,21.8230225351218,-13.7476596638895,2580.8795,2660.019458421618,2501.739541578382,0.06132789882024159,0.14727363323488016,29.069883565832132,2675.8,2509.89,2675.8,2273.97,-0.00599148909367897,-0.020569571153726707,-0.004031128834404152,0.026372161273408024
2024-01-15,2525.69,2536.06,2515.84,2525.99,802102.0,2538.906,2570.457,2581.646,2490.092166666667,2516.5769999999998,2512.2188333333334,42.926337398379964,4.253797514740199,18.30917753104548,-14.055380016305282,2581.646,2658.3088902140753,2504.983109785925,0.05939070671507643,0.13700820667871122,28.43774902541554,2675.8,2509.89,2675.8,2273.97,0.00037226985604221774,-0.016290082638191317,0.006105964168784173,0.02574108665637942
2024-01-16,2516.27,2524.35,2491.13,2497.59,659579.0,2526.1760000000004,2553.2349999999997,2579.3165,2491.4553333333333,2515.654916666667,2512.5064166666666,37.69014842200955,-1.054309787522925,14.4364800673318,-15.490789854854725,2579.3165,2662.9097679764077,2495.723232023592,0.0648181547137839,0.011165779383902532,28.896481237885833,2675.8,2515.84,2675.8,2273.97,-0.011243116560239574,-0.024851243928721845,-0.018312383557766987,0.03385627949333547
2024-01-17,2501.23,2503.91,2435.34,2435.9,965595.0,2504.96,2536.094,2572.9335,2492.470333333333,2514.2855,2512.3699583333337,29.322947263157175,-10.122207989723393,9.524742455920762,-19.646950445644155,2572.9335,2677.2832423618097,2468.5837576381905,0.08111343908562704,-0.15660679604203867,31.73030400660825,2675.8,2491.13,2675.8,2273.97,-0.024699810617435203,-0.04173124886899182,-0.04979793724352066,0.02564210526315791
2024-01-18,2439.96,2453.97,2429.12,2440.04,571507.0,2484.9139999999998,2521.396,2566.5924999999997,2493.854,2512.871166666667,2512.1867083333336,30.43900940025435,-16.781077430310688,4.263578478674472,-21.04465590898516,2566.5924999999997,2685.9775685595837,2447.207431440416,0.09303001435528542,-0.03001812340057686,31.238853720421943,2675.8,2435.34,2675.8,2273.97,0.0016995771583396824,-0.03945643573320945,-0.0494066680691585,0.035222441896971546
2024-01-19,2468.43,2479.0,2455.5,2472.74,518807.0,2474.452,2510.862,2561.802,2495.3411666666666,2511.5729166666665,2512.2795,38.6760659346029,-19.19835602415742,-0.4288084218919064,-18.76954760226551,2561.802,2687.9839758284716,2435.6200241715287,0.09851032658142309,0.1470890576278938,31.790364168963237,2675.8,2429.12,2675.8,2273.97,0.013401419648858104,-0.020716421457001033,-0.037301201066749834,0.037436385834336505
2024-01-22,2489.57,2490.69,2464.35,2464.35,388046.0,2462.1240000000003,2500.5150000000003,2554.3044999999997,2497.0274999999997,2510.1386666666667,2512.443125,37.45070186563691,-21.5427383296028,-4.651594403434085,-16.891143926168713,2554.3044999999997,2684.8618110131238,2423.7471889868757,0.10222533062375613,0.15549803644869298,31.40105244260873,2675.8,2429.12,2675.8,2273.97,-0.003392997241925877,-0.024402313548351318,-0.05735761006770468,0.04281537087894649
2024-01-23,2478.32,2482.84,2464.24,2478.61,472284.0,2458.328,2492.252,2548.234,2500.019666666667,2509.1907499999998,2512.563166666667,40.8792110601121,-21.996453944072982,-8.120566311561864,-13.875887632511118,2548.234,2680.996033940348,2415.471966059652,0.10419924853082403,0.2377864818217422,30.48669155385099,2675.8,2429.12,2675.8,2273.97,0.0057865157140828405,-0.007599325750022978,-0.046695794647733435,0.0780877568418672
2024-01-24,2476.22,2476.22,2454.34,2469.69,395464.0,2465.0860000000002,2485.023,2541.743,2502.801,2508.073083333333,2512.5665416666666,39.42352299506394,-22.812824252343944,-11.059017899718281,-11.753806352625663,2541.743,2676.5213798833424,2406.9646201166574,0.1060519335616091,0.23269822629428621,30.042642157147345,2675.8,2429.12,2675.8,2273.97,-0.003598791258003553,0.013871669608768844,-0.049940181034118014,0.07246798476643757
2024-01-25,2467.73,2474.01,2452.36,2470.34,357234.0,2471.1459999999997,2478.0299999999997,2535.1305,2505.4641666666666,2506.92325,2512.524625,39.592330240947575,-23.1406035622158,-13.475335032217785,-9.665268529998016,2535.1305,2670.2952781745644,2399.965721825436,0.10663338883309097,0.26032772414895067,29.443167717351113,2675.8,2429.12,2675.8,2273.97,0.00026319092679649714,0.0124178292159145,-0.05081476529149809,0.06915669429356641
2024-01-26,2458.05,2502.61,2453.45,2478.56,292662.0,2472.3100000000004,2473.381,2528.3835000000004,2508.8070000000002,2505.6397500000003,2512.6928333333335,41.80107327182081,-22.477973636192473,-15.275862753012724,-7.202110883179749,2528.3835000000004,2660.6677311501253,2396.0992688498754,0.10463937227095882,0.31168012405251305,30.851512880397483,2675.8,2429.12,2675.8,2273.97,0.0033274771893747612,0.0023536643561394843,-0.051631911230151206,0.08804691855539315
2024-01-29,2490.93,2516.92,2483.81,2500.65,427440.0,2479.57,2470.847,2520.6519999999996,2512.1251666666667,2504.2529166666664,2512.89675,47.370273172418756,-19.940494649863922,-16.208789132382964,-3.7317055174809575,2520.6519999999996,2639.7876307071074,2401.516369292892,0.094527630713885,0.416053661355208,31.38783338894053,2675.8,2429.12,2675.8,2288.64,0.00891243302562783,0.014730050520421312,-0.05823491307884676,0.08650219850883745
2024-01-30,2523.68,2528.54,2498.81,2498.81,481809.0,2483.6099999999997,2470.969,2512.102,2514.7200000000003,2503.2724166666667,2512.9599583333334,46.96711220402348,-17.8719798355055,-16.54142727300747,-1.3305525624980277,2512.102,2609.8091200270533,2414.3948799729465,0.07778913437993633,0.4319803920312072,31.269416718301922,2675.8,2429.12,2675.8,2333.41,-0.000735808689740769,0.008149729082025825,-0.06404950164993017,0.06644559390897609
2024-01-31,2487.9,2502.45,2486.97,2497.09,454574.0,2489.09,2477.088,2506.591,2516.865833333333,2502.369916666667,2513.0248333333334,46.56812711125737,-16.18488726202804,-16.470119270811587,0.28523200878354515,2506.591,2594.0973208915875,2419.0846791084123,0.06982098067980586,0.44571249309080985,30.141601238423217,2643.72,2429.12,2675.8,2351.83,-0.0006883276439584307,0.011094509837267008,-0.04227345424978224,0.05436297153280356
2024-02-01,2491.93,2542.46,2491.93,2542.46,751075.0,2503.514,2487.33,2504.363,2517.5339999999997,2501.867083333333,2513.327875,56.955495610277104,-11.059388667286385,-15.387973150106546,4.328584482820162,2504.363,2585.609861379266,2423.1161386207336,0.06488425310489429,0.7344521336163417,31.59791543567872,2602.64,2429.12,2675.8,2393.64,0.018169148889307207,0.029194361909696598,-0.017224451299178156,0.0160208122699681
2024-02-02,2559.4,2615.34,2559.39,2615.31,596121.0,2530.864,2501.5870000000004,2506.2245000000003,2520.3898333333336,2502.155416666667,2514.005416666667,67.78500290594718,-1.106255709386005,-12.531629661962437,11.425373952576432,2506.2245000000003,2595.4556599105467,2416.993340089454,0.07120763515841973,1.1112522806458922,34.54663576170168,2599.37,2429.12,2675.8,2393.64,0.028653351478489242,0.05517316506358538,0.014440979333457449,0.07011162212147504
2024-02-05,2612.77,2612.77,2562.5,2591.31,511678.0,2548.996,2514.2830000000004,2507.399,2523.2180000000003,2502.299833333333,2514.5290416666667,62.23031861739412,4.789859920984782,-9.067331745372995,13.857191666357776,2507.399,2600.381737300971,2414.4162626990287,0.07416668611654641,0.9512181639070957,35.85116177872298,2615.34,2429.12,2675.8,2393.64,-0.009176732395012488,0.0362545738108091,0.009147837465242725,0.07007292638812035
2024-02-06,2584.2,2599.18,2563.87,2576.2,411618.0,2564.474,2524.0420000000004,2508.147,2525.703333333333,2502.0588333333335,2515.1469583333333,58.95478024237737,8.149382310352394,-5.623988934227917,13.77337124458031,2508.147,2603.0706339589956,2413.2233660410043,0.07569224129127651,0.8584618348545151,35.81250736595705,2615.34,2429.12,2675.8,2393.64,-0.005831027549772161,0.03097074207322681,0.005840920803985572,0.06144008438123172
2024-02-07,2592.59,2625.24,2588.09,2609.58,518182.0,2586.972,2538.031,2511.527,2529.0353333333337,2502.1256666666663,2515.7057083333334,63.52261996133552,13.351408315579647,-1.8289094842664042,15.180317799846051,2511.527,2615.4192278324085,2407.6347721675916,0.08273232008448125,0.9718976676396428,36.75732826838869,2615.34,2429.12,2675.8,2393.64,0.012957068550578432,0.045048436379946155,0.026593442906710507,0.08296606160205178
2024-02-08,2620.26,2629.51,2610.21,2620.32,430009.0,2602.544,2553.029,2515.5294999999996,2532.6446666666666,2502.3678333333332,2516.4103333333333,64.87700589455828,18.131669051121207,2.163206222811118,15.96846282831009,2515.5294999999996,2629.2461053792526,2401.8128946207466,0.09041166512199758,0.9607528498169494,35.55537624921809,2625.24,2429.12,2675.8,2399.04,0.004115604809969531,0.03062388395490978,0.031512398288370935,0.09009218890405024
2024-02-13,2644.17,2656.87,2640.96,2649.64,559385.0,2609.41,2570.137,2521.759,2536.251166666667,2503.02425,2517.2208333333333,68.33369668038812,24.00917624790054,6.532400227829003,17.47677602007154,2521.759,2649.6465948478985,2393.8714051521015,0.10142729328845344,0.9999742162329877,35.62642080284535,2629.51,2429.12,2675.8,2422.97,0.011189473041460563,0.01312655096336579,0.0493415971960951,0.08893044282338436
2024-02-14,2609.6,2627.31,2601.99,2620.42,543525.0,2615.232,2582.114,2526.4805,2538.4803333333334,2503.814083333333,2517.893583333333,61.80544800921066,26.0095117867113,10.427822539605462,15.581689247105839,2526.4805,2661.422283666068,2391.5387163339324,0.10682194750053899,0.8480741748325572,36.485247888356405,2656.87,2429.12,2675.8,2429.12,-0.01102791322594765,0.011233700329177143,0.037383362562797284,0.05378679117052121
2024-02-15,2643.81,2643.86,2613.8,2613.8,621363.0,2622.752,2593.613,2532.291,2540.574,2504.5969999999998,2518.7107499999997,60.3976375539533,26.752230379378034,13.692704107559976,13.059526271818058,2532.291,2671.690584489981,2392.891415510019,0.11009760291371011,0.7923573994076657,36.026301610616656,2656.87,2429.12,2675.8,2429.12,-0.0025263125758465677,0.014595140128872197,0.04652885381507765,0.05048670112290932
2024-02-16,2635.63,2648.76,2625.01,2648.76,593842.0,2630.588,2608.7799999999997,2542.934,2543.5558333333333,2505.799166666666,2519.584375,64.93949697652212,29.818095597229785,16.917782405493938,12.900313191735847,2542.934,2683.7669186517783,2402.101081348222,0.11076411629383859,0.8757147157535811,35.950137209858326,2656.87,2429.12,2675.8,2429.12,0.013375162598515677,0.01501391028441379,0.08738453959522152,0.07243759742494493
2024-02-19,2653.12,2683.39,2653.12,2680.26,422699.0,2642.576,2622.56,2554.945,2546.706833333333,2507.228,2520.6537499999995,68.45048315504732,34.39313990640494,20.41285390567614,13.9802860007288,2554.945,2699.551727021869,2410.3382729781315,0.11319752638265689,0.9332958866465765,35.855841694868424,2656.87,2429.12,2675.8,2429.12,0.011892357178453272,0.022875068693900102,0.09844920575072558,0.07589113680154158
2024-02-20,2671.55,2673.84,2643.93,2657.79,612668.0,2644.206,2626.808,2564.1975,2549.163,2508.41175,2521.716875,63.56083329285036,35.793153084175174,23.488913741375946,12.304239342799228,2564.1975,2710.254190620377,2418.1408093796235,0.11392000079586434,0.8203978523765841,35.88971014523499,2683.39,2452.36,2683.39,2429.12,-0.008383515032123867,0.0030758895548075316,0.07483601187346833,0.058703324543303514
2024-02-21,2656.92,2670.95,2644.04,2653.31,562144.0,2650.7840000000006,2633.0080000000003,2573.6455,2551.5231666666664,2509.6435,2522.7187916666667,62.600681429682524,36.12475140767992,26.016081274636743,10.10867013304318,2573.6455,2717.0672589453416,2430.2237410546586,0.11145416798493925,0.7777280817981053,35.248302277718196,2683.39,2452.36,2683.39,2429.12,-0.0016856109775414962,0.012551423054319555,0.0766774200093332,0.056380140940399004
2024-02-22,2671.69,2671.69,2653.99,2664.27,456397.0,2660.8779999999997,2641.815,2582.9285,2554.0116666666663,2510.6984166666666,2523.7038749999997,64.03215073437681,36.84717457956867,28.18229993562313,8.664874643945542,2582.9285,2724.566472772046,2441.290527227954,0.10967239145183147,0.7871458070460812,34.04342354359547,2683.39,2452.36,2683.39,2429.12,0.004130689591491432,0.019309051955007872,0.0749048862063817,0.05936873747494986
2024-02-23,2681.03,2694.8,2665.21,2667.7,415376.0,2664.666,2647.627,2592.829,2556.862833333333,2511.9364166666664,2524.6856666666667,64.49022356950302,37.26688305236439,29.999216558971387,7.267666493393005,2592.829,2728.9975925460567,2456.6604074539437,0.10503476515115845,0.7749202242605097,33.79246471905296,2683.39,2452.36,2683.39,2429.12,0.0012874070570925156,0.007150515713012728,0.08017605448457088,0.06852036545263007
2024-02-26,2657.35,2659.6,2629.78,2647.08,531661.0,2658.0299999999997,2650.303,2601.666,2559.3864999999996,2512.8003333333336,2525.4542500000002,59.577925934372814,35.526120368060674,31.104597320789246,4.421523047271428,2601.666,2727.4333983827814,2475.898601617219,0.09668220162217692,0.6805475846044747,34.08728866769201,2694.8,2452.36,2694.8,2429.12,-0.007729504816883392,-0.012379396028743606,0.07154480759733461,0.060673328898968704
2024-02-27,2654.76,2654.76,2619.38,2625.05,574302.0,2651.482,2647.844,2608.9905,2561.108,2513.40775,2526.1279999999997,54.77725868987363,32.00003997018075,31.28368585066755,0.7163541195132019,2608.9905,2721.6012905086036,2496.379709491396,0.08632518248617901,0.5713053337405234,34.1796251914283,2694.8,2453.45,2694.8,2429.12,-0.008322377865421449,-0.012318505224265142,0.05910286618036298,0.040959488611128636
2024-02-28,2629.11,2657.32,2623.15,2652.29,421553.0,2651.278,2651.031,2616.5725,2563.3160000000003,2514.1666666666665,2527.04625,59.15939315771007,31.045760000671635,31.23610068066837,-0.19034067999673354,2616.5725,2718.937922848597,2514.2070771514036,0.07824390331137135,0.6744607651981649,34.17893767775486,2694.8,2483.81,2694.8,2429.12,0.010376945201043597,-0.0003844254911788969,0.06064023353927972,0.05257539258912369
2024-02-29,2643.48,2647.56,2628.62,2642.36,496064.0,2646.8959999999997,2653.887,2623.75,2565.1005,2514.8840833333334,2527.9765416666664,56.991366037687456,29.152170167002623,30.81931457793522,-1.6671444109325968,2623.75,2711.111384604248,2536.388615395752,0.06659276577741637,0.6065115902426711,33.428299272200945,2694.8,2486.97,2694.8,2429.12,-0.003743934486801881,-0.008223640997346293,0.05744734493618964,0.042231855132943474
2024-03-04,2664.52,2682.8,2662.32,2674.27,404014.0,2648.21,2656.438,2632.609,2567.9214999999995,2515.8054166666666,2529.141875,61.83200394824909,29.88189699057284,30.631831060462744,-0.7499340698899033,2632.609,2700.579485918305,2564.6385140816947,0.05163735740347713,0.806463897066096,33.92913503847231,2694.8,2486.97,2694.8,2429.12,0.012076325708835878,0.002462795666679174,0.07095459114409164,0.0675685925405487
2024-03-05,2660.8,2684.83,2649.35,2649.4,457237.0,2648.674,2653.352,2637.956,2570.1623333333337,2516.3458333333333,2530.1368749999997,56.49507744757519,28.129154222821853,30.131295692934565,-2.0021414701127114,2637.956,2692.1468148671906,2583.7651851328096,0.04108545773105428,0.6055898497563345,34.03991110715286,2694.8,2491.93,2694.8,2429.12,-0.009299734133053073,0.0008764374329450764,0.042061625354971266,0.05346030736197549
2024-03-06,2638.84,2649.78,2630.16,2641.49,378994.0,2651.9620000000004,2651.722,2639.265,2572.6158333333337,2516.8400833333335,2531.3557083333335,54.87281715336225,25.804365396546018,29.265909633656857,-3.4615442371108394,2639.265,2692.4601131211316,2586.069886878868,0.04031055094591239,0.520913575227609,33.00991745664197,2694.8,2559.39,2694.8,2429.12,-0.002985581641126389,0.00626273785261211,0.010010285587559453,0.05901903555334598
2024-03-07,2653.98,2660.26,2633.57,2647.62,462911.0,2651.028,2651.153,2642.0805,2575.1531666666665,2517.5424166666667,2532.4719583333335,55.928981949722115,24.177885656341005,28.24830483819369,-4.070419181852685,2642.0805,2690.5783009704537,2593.5826990295463,0.036711826888282686,0.5571108368745904,32.55849478116755,2694.8,2562.5,2694.8,2429.12,0.002320659930569624,-0.001760742603561516,0.021730321729164004,0.06100874415920621
2024-03-08,2676.79,2688.0,2668.38,2680.35,454260.0,2658.6259999999997,2652.7609999999995,2647.288,2578.291166666667,2518.6431666666667,2533.732125,61.15635670790565,25.23898687804558,27.646441246164066,-2.4074543681184863,2647.288,2688.1343871593226,2606.4416128406774,0.03085904303522896,0.9047114359348422,33.11717372536988,2694.8,2563.87,2694.8,2429.12,0.012362045912933217,0.014377299081124395,0.04042776181973462,0.07555164983327112
2024-03-11,2665.58,2677.21,2658.74,2659.84,391385.0,2655.7400000000002,2651.975,2649.8010000000004,2580.6576666666665,2519.5778333333337,2534.83275,56.62389028246689,24.14658485085647,26.946469967102548,-2.7998851162460774,2649.8010000000004,2687.0877074970304,2612.5142925029704,0.028143024700368034,0.6346190194025499,32.29523274498633,2694.8,2588.09,2694.8,2429.12,-0.007651985748129864,-0.005395865039805159,0.019259804259689428,0.05639335147050062
2024-03-12,2673.47,2686.14,2659.72,2681.81,403969.0,2662.2219999999998,2655.448,2652.8755,2583.2651666666666,2520.618916666667,2536.093625,60.04025899031789,24.7681321531918,26.5108024043204,-1.742670251128601,2652.8755,2690.0719742814267,2615.6790257185735,0.02804238214829653,0.8889414327428307,31.8755732632016,2694.8,2601.99,2694.8,2429.12,0.008259895332050071,0.01223295840567662,0.023466599499297747,0.06195156334146401
2024-03-13,2694.71,2701.45,2679.54,2693.57,498760.0,2672.638,2662.3,2655.072,2585.9035,2521.927166666667,2537.3653750000003,61.77572205475799,25.910961154699635,26.390834154396252,-0.47987299969661734,2655.072,2696.222869054841,2613.9211309451593,0.03099793079422386,0.9677665488509452,31.163746601544332,2694.8,2601.99,2694.8,2429.12,0.004385098124028319,0.019716145054495815,0.016579610815054213,0.06243910904952932
2024-03-14,2698.37,2718.76,2696.31,2718.76,609288.0,2686.866,2668.947,2659.989,2589.3718333333336,2523.4610000000002,2538.622875,65.25646712533931,28.520517082893093,26.81677074009562,1.7037463427974728,2659.989,2706.548279590306,2613.4297204096943,0.03500712190186183,1.1311416383280664,30.737050415719743,2701.45,2601.99,2701.45,2429.12,0.009351901008698427,0.026869414795174684,0.0375283351523803,0.0828865716584486
2024-03-15,2701.91,2705.59,2666.84,2666.84,584948.0,2684.1639999999998,2671.395,2662.641,2591.416166666667,2524.2439166666663,2539.632708333333,54.2841748684458,26.09825443879481,26.67306747983546,-0.5748130410406489,2662.641,2704.142043311802,2621.1399566881983,0.031172841785131244,0.5505890896338741,32.25011824316834,2718.76,2613.8,2718.76,2429.12,-0.01909694125262995,-0.005040386516686146,0.020292294743285533,0.0482119975787878
2024-03-18,2678.52,2688.07,2665.28,2685.84,408182.0,2689.364,2672.552,2664.495,2593.454166666667,2524.9485833333333,2540.761375,57.12522724651919,25.418723826594942,26.42219874918736,-1.0034749225924173,2664.495,2706.6576566995946,2622.3323433004052,0.03164776567386665,0.7531268386629614,31.574395511513455,2718.76,2619.38,2718.76,2429.12,0.007124536905101175,0.009775024061597692,0.013999003307207936,0.047699293170434975
2024-03-19,2673.57,2673.57,2645.14,2656.17,695866.0,2684.236,2673.2290000000003,2663.2905,2594.942666666667,2525.627333333333,2541.7903333333334,51.71993390669455,22.229818374568822,25.583722674263655,-3.3539042996948325,2663.2905,2704.9563183523137,2621.6246816476864,0.031288977565394116,0.414552260322944,32.22622440354823,2718.76,2619.38,2718.76,2429.12,-0.011046823340184142,-0.009560707134360746,-0.00898793400640241,0.03479348308828678
2024-03-20,2680.7,2692.52,2674.09,2690.14,720452.0,2683.55,2678.094,2664.908,2596.9691666666668,2526.718416666667,2542.853666666667,56.76419502629562,22.187914463442212,24.90456103209937,-2.7166465686571577,2664.908,2708.078629181978,2621.7373708180216,0.03239933925071954,0.7922357222735725,32.52077980329478,2718.76,2619.38,2718.76,2429.12,0.01278909105968351,-0.001273402955928482,0.012171766768630965,0.047337992252437955
2024-03-21,2731.18,2755.45,2724.25,2754.86,825227.0,2690.77,2688.818,2669.9855,2599.311833333333,2528.344416666667,2544.1492500000004,64.39641789999857,27.06507904061118,25.336664633801732,1.7284144068094491,2669.9855,2727.881518334316,2612.0894816656837,0.0433680395150581,1.2329908208013471,34.8628669602023,2718.76,2619.38,2718.76,2429.12,0.02405822745284647,0.01327811208050722,0.03827294963649175,0.05376582641624905
2024-03-22,2751.15,2763.06,2738.18,2748.56,509545.0,2707.114,2695.639,2674.2,2601.7875,2530.2909999999997,2545.380083333333,63.22639955674127,30.075221327103918,26.284375972462172,3.790845354641746,2674.2,2741.350263737137,2607.0497362628626,0.05022082397512323,1.053683603470909,34.149805034473566,2755.45,2619.38,2755.45,2429.12,-0.0022868675722178544,0.030643008204466637,0.03163718391904724,0.05713032976669408
2024-03-25,2756.59,2763.63,2731.7,2737.57,489620.0,2717.46,2703.4120000000003,2677.6935,2604.0885,2532.203,2546.4663750000004,61.13953195595708,31.21416219171124,27.270333216311986,3.943828975399253,2677.6935,2750.1851624927776,2605.201837507222,0.0541448545121223,0.9129888730718908,33.99124753201119,2763.06,2619.38,2763.06,2429.12,-0.00399845737404303,0.019260268668275016,0.026191100948382617,0.05311000919404041
2024-03-26,2756.42,2779.4,2752.27,2757.09,448301.0,2737.6440000000002,2710.94,2683.1940000000004,2606.6635,2534.38075,2547.652833333333,63.44725279714033,33.30792882703918,28.477852338457424,4.830076488581753,2683.1940000000004,2761.98069110939,2604.4073088906107,0.0587260489620875,0.968962453934005,34.55115842258181,2763.63,2619.38,2763.63,2429.12,0.007130411277154636,0.03799455607133573,0.04155900086132647,0.05936394130462341
2024-03-27,2745.0,2762.03,2745.0,2755.11,510644.0,2750.6380000000004,2717.094,2689.697,2609.023666666667,2536.81525,2548.797,63.03832187776766,34.410818027629375,29.664445476291817,4.746372551337558,2689.697,2769.6746464017656,2609.7193535982346,0.05946963275176755,0.9089455175474884,33.299647106683125,2779.4,2619.38,2779.4,2429.12,-0.0007181484826392914,0.02415115941921253,0.0495457229386107,0.05418404438492441
2024-03-28,2753.22,2756.86,2742.68,2745.82,419278.0,2748.8300000000004,2719.8,2694.3735,2610.532666666667,2539.1548333333335,2549.8412083333333,61.05012720020115,34.14167631267719,30.559891643568896,3.581784669108295,2694.3735,2775.976482855809,2612.770517144191,0.060572881121202335,0.8152243839597451,31.933958027634354,2779.4,2623.15,2779.4,2429.12,-0.003371916184834678,-0.0032814734687062197,0.0352638663192939,0.034098098882227035
2024-03-29,2757.27,2757.55,2739.12,2746.63,495496.0,2748.444,2727.779,2699.587,2611.813,2541.996,2551.0387083333335,61.16513572777376,33.606346748965734,31.169182664648265,2.4371640843174696,2699.587,2780.5523753401108,2618.621624659889,0.059983527361859995,0.790513073041327,30.969389597089066,2779.4,2628.62,2779.4,2429.12,0.00029499384519016125,-0.0007021858718746499,0.03946093643561066,0.028773583138875125
2024-04-01,2766.24,2769.87,2747.4,2747.86,397601.0,2750.502,2733.9809999999998,2703.2665,2614.1555000000003,2544.8648333333335,2552.1114166666666,61.351755881655656,32.902070347209246,31.515760201160465,1.3863101460487819,2703.2665,2785.965372609998,2620.567627390002,0.061184402359144414,0.769613711726759,30.417290340154118,2779.4,2630.16,2779.4,2429.12,0.0004478215121803686,0.0037588079939507857,0.0275177899015433,0.053906133141053525
2024-04-02,2744.15,2760.33,2737.19,2753.16,630393.0,2749.716,2743.6800000000003,2708.4545000000003,2616.9245,2547.735083333333,2553.1159166666666,62.19478752518417,32.39812649572286,31.692233460072945,0.7058930356499182,2708.4545000000003,2789.9958665507534,2626.913133449247,0.06021246917808889,0.7741277335116399,29.897483887285958,2779.4,2630.16,2779.4,2429.12,0.0019287736638693431,-0.0014254159276629874,0.03916358420774513,0.06422060904051752
2024-04-03,2730.68,2732.29,2706.97,2706.97,640806.0,2740.088,2745.3630000000003,2711.7285,2619.072666666667,2550.271666666667,2553.7788750000004,51.625713258841216,27.94941690842461,30.943670149743276,-2.994253241318667,2711.7285,2787.291123372697,2636.1658766273035,0.05573022769255597,0.4685128719226034,31.061235038194106,2779.4,2630.16,2779.4,2429.12,-0.016777085240233025,-0.017472986559520454,0.024789039519362177,0.049994569602184624
2024-04-04,2738.24,2746.39,2727.1,2742.0,477953.0,2739.3239999999996,2744.077,2716.4475,2621.9756666666667,2552.7043333333336,2554.5762083333334,57.521347723050056,26.93986475987549,30.14290907176972,-3.203044311894228,2716.4475,2787.030266982909,2645.8647330170916,0.05196696566593586,0.6810108975055287,31.658289678323104,2779.4,2633.57,2779.4,2429.12,0.01294066797932758,-0.0013912055415140623,0.03564710947945704,0.0678318573731802
2024-04-05,2713.96,2730.47,2705.31,2714.21,621031.0,2732.84,2740.642,2718.1405000000004,2624.525166666667,2554.6575833333336,2555.2118333333333,52.096838679127806,23.625031996654798,28.83933365674674,-5.214301660091941,2718.1405000000004,2786.7761859000007,2649.5048141,0.05050194123519385,0.4713669358114451,32.01769755844289,2779.4,2645.14,2779.4,2429.12,-0.010134938001458815,-0.011803555629990248,0.012632678568097466,0.05972497696428314
2024-04-08,2718.76,2725.58,2706.74,2717.65,620653.0,2726.798,2738.65,2721.031,2627.453,2556.83675,2555.820833333333,52.69157498856863,21.033125620949704,27.278092049587332,-6.244966428637628,2721.031,2784.2583348794906,2657.8036651205093,0.04647307206679426,0.47326314633976,31.076433447125552,2779.4,2645.14,2779.4,2429.12,0.0012674037749473843,-0.01099400988405519,0.02173439003849853,0.06910754608612191
2024-04-09,2733.23,2741.23,2703.96,2705.16,470184.0,2717.198,2733.457,2722.1985,2630.2011666666667,2559.07775,2556.359375,50.25206355501181,17.766382726925713,25.375750185055008,-7.609367458129295,2722.1985,2783.3128519229576,2661.0841480770423,0.04490073146609821,0.3606014834168635,31.51883105804516,2779.4,2645.14,2779.4,2429.12,-0.0045958824719887215,-0.017434511615743387,0.00870680622415465,0.06491042290780102
2024-04-11,2665.4,2718.07,2661.92,2706.96,561333.0,2717.196,2728.642,2722.868,2633.2329999999997,2561.1343333333334,2556.9255,50.606976661791194,15.148092622183412,23.33021867248069,-8.182126050297278,2722.868,2782.998651617649,2662.737348382351,0.04416714406842283,0.3677213736086415,33.2782002681848,2779.4,2645.14,2779.4,2429.12,0.0006653950228452388,-3.694167279189031e-06,0.0049710978366999115,0.07204213777944979
2024-04-12,2710.89,2712.45,2678.21,2681.82,514575.0,2705.1600000000003,2722.2419999999997,2721.0209999999997,2635.8301666666666,2562.961166666667,2557.37025,45.7027885723637,10.918627809383452,20.847900499861243,-9.929272690477791,2721.0209999999997,2783.755855989021,2658.2861440109787,0.04611126190427863,0.18756603181762346,33.34690024902872,2779.4,2645.14,2779.4,2429.12,-0.009287170848479409,-0.02194748358862142,-0.013587076461327952,0.06169066385852684
2024-04-15,2661.36,2673.26,2641.16,2670.43,561950.0,2696.404,2714.622,2721.2005,2638.710833333333,2565.083083333333,2557.8174166666668,43.63941084459738,6.571911755943347,17.992702751077665,-11.420790995134318,2721.2005,2783.3318687195383,2659.0691312804615,0.0456646753662866,0.09142619061573692,33.86926451695526,2779.4,2645.14,2779.4,2429.12,-0.0042471157646674085,-0.016129923624185416,0.001346162499437531,0.06920271141380274
2024-04-16,2644.17,2647.6,2601.45,2609.63,570212.0,2674.8,2700.799,2717.3900000000003,2641.6063333333336,2567.038333333333,2558.0892083333333,34.647163192489586,-1.7586710409791522,14.042427992666303,-15.801099033645455,2717.3900000000003,2795.118692514178,2639.661307485823,0.057208345150440314,-0.19318032064121674,36.3771741943156,2779.4,2641.16,2779.4,2429.12,-0.0227678688450923,-0.039747576030761844,-0.028374735650671723,0.07132066176772445
2024-04-17,2619.15,2626.63,2584.18,2584.18,414348.0,2650.6040000000003,2683.9010000000003,2713.7905,2644.0086666666666,2568.9313333333334,2558.3420416666663,31.70239977431548,-10.295638519582553,9.174814690216532,-19.470453209799086,2713.7905,2807.541911610513,2620.039088389487,0.06909259326430177,-0.19124559179152678,36.810947466150225,2779.4,2601.45,2779.4,2429.12,-0.009752340370090873,-0.044721938813231055,-0.027102933923657035,0.059072802085211595
2024-04-18,2595.46,2642.03,2593.26,2634.7,478786.0,2636.152,2676.674,2711.0185,2646.708,2571.0245833333333,2558.9490416666667,42.20369852894895,-12.836731119404703,4.772505528292285,-17.60923664769699,2711.0185,2810.5061045091256,2611.5308954908746,0.07339500229092903,0.11644216695859837,38.31373693285381,2779.4,2584.18,2779.4,2452.36,0.019549721768607364,-0.026694151372757657,-0.020608592861338093,0.06549819228871612
2024-04-19,2600.69,2609.9,2553.55,2591.86,809473.0,2618.16,2661.66,2702.8685,2648.833166666667,2572.9303333333332,2559.395,37.007370052768344,-18.098763998246795,0.1982516229844693,-18.297015621231264,2702.8685,2812.81133810674,2592.92566189326,0.08135270961701618,-0.004846436164515054,41.37347000907851,2779.4,2584.18,2779.4,2452.36,-0.01625991573993235,-0.033544384037705766,-0.05916816099547706,0.05174183861870274
2024-04-22,2615.72,2629.44,2604.37,2629.44,401892.0,2609.962,2653.183,2696.9125,2651.3469999999998,2575.6833333333334,2559.9517916666664,43.57095054965065,-19.017350852060645,-3.6448688720245537,-15.372481980036092,2696.9125,2809.1904506179435,2584.6345493820563,0.08326406631134202,0.19952916120818112,41.102507865572896,2779.4,2553.55,2779.4,2452.36,0.014499239928082552,-0.01534958789408436,-0.04333905754285872,0.0608526553189086
2024-04-23,2632.15,2641.78,2619.72,2623.02,430276.0,2612.6400000000003,2643.7200000000003,2691.1850000000004,2653.9024999999997,2578.3517500000003,2560.4579999999996,42.751421095935555,-20.03245621214728,-6.9223863400490995,-13.110069872098181,2691.1850000000004,2806.235141329622,2576.134858670379,0.08550147338783584,0.2037595990225427,39.742328732317716,2779.4,2553.55,2779.4,2452.36,-0.0024415845198978436,0.00513099558174912,-0.041843678883097146,0.062084715085698905
2024-04-24,2662.84,2677.85,2662.84,2675.75,325740.0,2630.954,2640.779,2687.118,2657.326,2581.395083333334,2561.088666666667,50.917307548464365,-16.39309481378632,-8.816528034796544,-7.5765667789897755,2687.118,2798.245526310839,2575.990473689161,0.08271131101115703,0.4488515565072417,40.82001953715216,2779.4,2553.55,2779.4,2452.36,0.020102782289117105,0.03543483813047077,-0.0295021199888289,0.08315049750236803
2024-04-25,2646.8,2656.51,2628.62,2628.62,334062.0,2629.7380000000003,2632.945,2680.7934999999998,2659.8269999999998,2584.317,2561.61875,44.77043395841018,-17.114585515198087,-10.476139530876853,-6.638445984321233,2680.7934999999998,2790.1056708272536,2571.481329172746,0.08155210076960706,0.2613554849146224,41.27073242735559,2769.87,2553.55,2779.4,2453.45,-0.017613753153321587,-0.0023076631115497293,-0.04591105255325567,0.060543218643082986
2024-04-26,2650.94,2662.1,2641.35,2656.33,450521.0,2642.632,2630.3959999999997,2676.319,2662.4216666666666,2587.2734166666664,2562.2662083333335,48.692320235186905,-15.274333665703125,-11.435778357842107,-3.838555307861018,2676.319,2781.879738515639,2570.758261484361,0.07888501969730743,0.4053199121137324,40.71425153968733,2769.87,2553.55,2779.4,2483.81,0.01054165303467225,0.024874028689821026,-0.03259135704452598,0.06225581348849296
2024-04-29,2675.46,2687.44,2665.21,2687.44,470546.0,2654.232,2632.097,2673.3595,2665.5654999999997,2590.14275,2562.9921666666664,52.74910161613304,-11.176765023897133,-11.383975691053113,0.20721066715598013,2673.3595,2774.0771396614186,2572.6418603385814,0.07534911758887543,0.5699008636785686,40.02823357256682,2769.87,2553.55,2779.4,2486.97,0.011711647272740988,0.02205792868443468,-0.02155004496419255,0.07548793225575379
2024-04-30,2693.22,2710.23,2687.29,2692.06,460084.0,2668.04,2640.34,2670.5695,2668.815,2592.840416666667,2563.7505,53.33913778741202,-7.470501671782586,-10.601280887199009,3.130779215416423,2670.5695,2765.8206594625894,2575.3183405374107,0.07133396787658167,0.6128096504087199,38.80764546024062,2769.87,2553.55,2779.4,2486.97,0.0017191081475307346,0.026320805788747403,-0.020306711404511235,0.07807888382076733
2024-05-02,2679.04,2692.47,2678.84,2683.65,351087.0,2669.62,2650.287,2667.094,2671.1681666666673,2594.3510833333335,2564.5302500000003,52.06460833632008,-5.152483356915127,-9.511521381142233,4.359038024227106,2667.094,2754.8120069083193,2579.375993091681,0.06577796426246636,0.5943705892525806,37.009242213080555,2760.33,2553.55,2779.4,2491.93,-0.00312400169387006,0.002952443240213043,-0.02524735213354823,0.05553283040834467
2024-05-03,2704.31,2705.26,2676.63,2676.63,338612.0,2679.222,2654.48,2665.5769999999998,2672.1901666666663,2596.29,2565.3037083333334,50.96978885077074,-3.837654382509754,-8.376747981415736,4.539093598905982,2665.5769999999998,2751.5154172763732,2579.6385827236263,0.06448016116313539,0.5643076772315603,36.410724912146236,2746.39,2553.55,2779.4,2553.55,-0.0026158403666648455,0.018264336419870686,-0.011208103525343738,0.023446551269256766
2024-05-07,2718.17,2734.36,2716.62,2734.36,532203.0,2694.828,2668.7300000000005,2665.1949999999997,2674.574333333333,2598.8961666666664,2566.3826249999997,58.66718779952297,1.8414583966678038,-6.333106705799028,8.174565102466833,2665.1949999999997,2749.829231254074,2580.5607687459255,0.06351072342104362,0.9086112615140634,37.933530275564365,2746.39,2553.55,2779.4,2553.55,0.021568165940006656,0.029375115290645404,-0.0027862873814733513,0.055203738649563405
2024-05-08,2732.11,2745.05,2727.93,2745.05,436315.0,2706.35,2680.291,2666.737,2677.3885,2601.545916666667,2567.4897083333335,59.921911394180626,7.122683982671333,-3.641948568104956,10.76463255077629,2666.737,2755.8903073080746,2577.5836926919255,0.06686321696370849,0.939204121331051,36.446849541595505,2741.23,2553.55,2779.4,2553.55,0.003909507160724912,0.021436757657845362,0.011362422214935552,0.06554227156276693
2024-05-09,2743.29,2749.14,2710.25,2712.14,423811.0,2710.366,2689.203,2666.4615,2679.0978333333333,2604.0665833333333,2568.4559583333335,54.44259030793629,8.55392700324228,-1.202773453835509,9.756700457077788,2666.4615,2755.0158244058016,2577.907175594198,0.06642085355877196,0.7579123058444751,36.621360288624395,2745.05,2553.55,2779.4,2553.55,-0.011988852662064509,0.00745897193970424,-0.0020274869832392906,0.03930134351121639
2024-05-10,2737.95,2743.58,2723.21,2727.63,586133.0,2719.1620000000003,2694.391,2667.585,2680.886333333334,2606.7655,2569.4266666666667,56.4606377632795,10.813460116188253,1.2004732601692436,9.61298685601901,2667.585,2758.6103901939887,2576.5596098060114,0.06824554058745168,0.8298255567596867,36.25126312515123,2749.14,2553.55,2779.4,2553.55,0.005711357083336477,0.01638812810910517,0.008306347868518138,0.04095301337241253
2024-05-13,2735.2,2738.38,2713.92,2727.21,625278.0,2729.278,2704.25,2668.5975000000003,2682.179166666667,2609.215166666667,2570.309208333333,56.38770220606914,12.42701500392377,3.445781608920149,8.98123339500362,2668.5975000000003,2761.7772780366954,2575.417721963305,0.06983426915201343,0.8145129835838284,35.40903004478329,2749.14,2553.55,2779.4,2553.55,-0.00015397982864251425,0.018896896470561808,0.007480716375565244,0.029275675186063
2024-05-14,2732.98,2735.82,2722.74,2730.34,443296.0,2728.4739999999997,2711.651,2671.0235000000002,2684.011166666666,2611.2457500000005,2571.1115,56.83521233044821,13.79926438885741,5.516478164907602,8.282786223949808,2671.0235000000002,2767.906880881179,2574.1401191188215,0.07254401234671182,0.8061231939910717,33.8140993272988,2749.14,2553.55,2779.4,2553.55,0.0011476930636071803,-0.0014701794935561008,0.018092191123938228,0.04194747406904242
2024-05-16,2770.27,2773.46,2748.22,2753.0,521841.0,2730.064,2718.207,2675.152,2686.3311666666664,2613.4525833333337,2571.9278333333336,60.032632372489246,16.52476730424587,7.718135992775256,8.806631311470614,2675.152,2778.409785682084,2571.894214317916,0.07719769619227915,0.8769594684108512,34.47880651820602,2749.14,2553.55,2779.4,2553.55,0.00829933268384142,0.0028961221107082213,0.030920113989132858,0.05325579615884912
2024-05-17,2751.47,2752.17,2724.62,2724.62,575936.0,2732.5600000000004,2721.463,2680.9015000000004,2687.5955,2615.5756666666666,2572.5822916666666,54.5796054167461,16.207884775797993,9.416085749379803,6.7917990264181896,2680.9015000000004,2781.7019633469845,2580.1010366530163,0.07519893091706956,0.7168566420647685,34.043177481191314,2773.46,2553.55,2779.4,2553.55,-0.010308754086451155,0.004601532369272965,0.04406371784505847,0.028639816366903714
2024-05-20,2741.24,2756.41,2734.64,2742.14,582071.0,2735.462,2727.3120000000004,2688.7995,2688.6268333333337,2617.666833333333,2573.3101666666666,57.1662836461255,17.172516586549136,10.96737191681367,6.205144669735466,2688.7995,2782.555784370521,2595.043215629479,0.06973839765331771,0.7844635981370612,33.88223623253479,2773.46,2553.55,2779.4,2553.55,0.006430254494204757,0.0053196364609569,0.061125772972471015,0.023087312424913797
2024-05-21,2733.03,2734.48,2719.74,2724.18,560819.0,2734.856,2732.067,2693.2735000000002,2689.733333333333,2619.448166666667,2574.016375,53.78479497739243,16.299877502818163,12.033873034014569,4.266004468803594,2693.2735000000002,2784.7895036876916,2601.757496312309,0.06795893821232148,0.668858444176996,33.06207650163945,2773.46,2553.55,2779.4,2553.55,-0.006549629121780809,-0.0011110255535877744,0.033962120924583505,0.024979400178343658
2024-05-22,2723.46,2733.07,2707.87,2723.46,484724.0,2733.48,2730.977,2699.8535,2690.9024999999997,2621.212833333333,2574.7024166666665,53.647791788907895,15.372996425789097,12.701697712369477,2.6712987134196204,2699.8535,2779.397819036403,2620.3091809635976,0.05892491502698395,0.6483858324891599,32.50049960866523,2773.46,2553.55,2779.4,2553.55,-0.00026429971587771384,-0.0025198326948292493,0.05077434737987385,0.026438674711963595
2024-05-23,2719.03,2734.27,2704.0,2721.81,428079.0,2727.2419999999997,2728.653,2704.472,2691.8615,2622.9365833333336,2575.2702916666667,53.31264311705162,14.339992773691847,13.029356724633951,1.310636049057896,2704.472,2777.593692430937,2631.3503075690633,0.054074652968074316,0.6185557898319667,32.34117820804629,2773.46,2604.37,2779.4,2553.55,-0.0006058469740697348,-0.011329458772248446,0.035129152975538425,0.02159691022306287
2024-05-24,2693.65,2696.99,2681.17,2687.6,501639.0,2719.8379999999997,2726.199,2707.701,2692.1931666666665,2624.5280000000002,2575.7306249999997,46.78645477106472,10.638237857960576,12.551132951299277,-1.912895093338701,2707.701,2771.2236208209665,2644.1783791790335,0.04691996702809246,0.34178077242236904,32.933951193185834,2773.46,2619.72,2779.4,2553.55,-0.012568842057307461,-0.013587215831932564,0.024620475634955064,0.007459609401357037
2024-05-27,2697.16,2725.08,2693.66,2722.99,556710.0,2716.008,2725.7349999999997,2710.063,2693.458333333334,2626.422416666667,2576.371541666667,53.17263642886652,10.43990294839432,12.128886950718286,-1.6889840023239664,2710.063,2772.154743444391,2647.971256555609,0.0458230996433595,0.6040959657669868,33.25866896510114,2773.46,2628.62,2779.4,2553.55,0.013167882125316277,-0.006983596752901056,0.017654863122488873,0.02867688169605742
2024-05-28,2715.52,2730.12,2714.34,2722.85,440957.0,2715.7419999999997,2725.299,2714.7745,2695.088333333333,2628.098166666666,2576.8777499999997,53.14546468954074,10.154371005589837,11.733983761692597,-1.57961275610276,2714.7745,2764.5007576408443,2665.0482423591557,0.036633803390185314,0.5811995551558141,32.010192610451035,2773.46,2628.62,2779.4,2553.55,-5.141407056208358e-05,-0.0004882203084964898,0.03584770716193297,0.03725643321079586
2024-05-29,2719.56,2721.63,2677.07,2677.3,438981.0,2706.5099999999998,2719.995,2715.823,2695.505166666667,2629.410583333333,2577.1356250000003,45.07481925161653,6.181326081676616,10.623452225689402,-4.442126144012786,2715.823,2761.2764817584252,2670.3695182415745,0.03347308109433153,0.07623708339065834,32.99375028113309,2773.46,2641.35,2779.4,2553.55,-0.016728795196209734,-0.01694902807458154,0.007894350476032708,0.00942958726232801
2024-05-30,2666.63,2666.63,2635.44,2635.44,372742.0,2689.236,2708.239,2713.223,2695.3898333333336,2630.2451666666666,2577.218291666666,39.18552498420688,-0.3411601245993552,8.430529755631651,-8.771689880231007,2713.223,2769.527044294915,2656.918955705085,0.041503440222138026,-0.19074078935236213,33.62705383248074,2773.46,2665.21,2779.4,2553.55,-0.01563515482015465,-0.031732560318317504,-0.01934926919298663,-0.0026188710092492906
2024-05-31,2657.87,2664.48,2635.77,2636.52,613718.0,2679.02,2699.429,2710.446,2694.760666666667,2631.3410833333332,2577.32525,39.40549915449164,-5.361328404450433,5.672158123615235,-11.033486528065668,2710.446,2775.4567223153535,2645.4352776846463,0.047970498076961236,-0.06856774826620232,33.29940713016069,2773.46,2635.44,2779.4,2553.55,0.00040979874328384014,-0.019005804435183737,-0.020631040912906795,-0.014116001750010265
2024-06-03,2657.81,2690.73,2657.81,2682.52,782329.0,2670.9260000000004,2693.467,2710.3895,2695.3126666666662,2632.7375,2577.4975833333333,48.02833496216914,-5.563895251576014,3.4249474485769853,-8.988842700152999,2710.3895,2775.495171173593,2645.2838288264074,0.048041560944353405,0.28596718613274763,34.79302090657779,2773.46,2635.44,2779.4,2553.55,0.01744724106018536,-0.014862338826069799,-0.00042106832112986936,0.012500943609873971
2024-06-04,2668.73,2679.47,2659.43,2662.1,773460.0,2658.7760000000003,2687.259,2709.663,2695.6561666666666,2634.136,2577.6340416666662,44.969094357047275,-7.28814112608643,1.2823297336443022,-8.570470859730731,2709.663,2776.5589759923128,2642.7670240076873,0.04937586407779325,0.1445002909781469,33.95709084182224,2773.46,2635.44,2779.4,2553.55,-0.0076122452022725495,-0.022311181299006555,-0.005428467886857802,0.007802414546335568
2024-06-05,2681.11,2697.43,2667.63,2689.5,881481.0,2661.2160000000003,2683.863,2707.42,2696.3541666666665,2635.7536666666665,2577.848833333333,49.60742949279875,-6.370235288439744,-0.24818327077250713,-6.122052017667237,2707.42,2773.8599605656436,2640.9800394343565,0.04907990674933594,0.3651414009924428,34.05515578169208,2773.46,2635.44,2779.4,2553.55,0.010292626122234472,0.004556829641803262,-0.016406032855951658,0.015817979921590064
2024-06-07,2718.25,2729.63,2705.23,2722.67,783871.0,2678.6620000000003,2683.949,2706.301,2697.0595000000003,2637.675333333333,2578.2804583333336,54.59654913965584,-2.932443133150173,-0.7850352432480403,-2.1474078899021327,2706.301,2770.896424264915,2641.705575735085,0.0477370582687698,0.6267040211150914,34.48907322585694,2773.46,2635.44,2779.4,2553.55,0.012333147425171997,0.03309883738578767,-0.008152856960711108,0.015788982782099392
2024-06-10,2698.71,2718.89,2689.19,2701.17,506892.0,2691.5919999999996,2685.3059999999996,2705.7525,2697.7483333333334,2639.2030000000004,2578.666416666667,51.06733300417324,-1.920697790594204,-1.0121677527172732,-0.9085300378769308,2705.7525,2770.326582068307,2641.1784179316933,0.04773095992209692,0.4645174979401752,34.41699656686716,2773.46,2635.44,2779.4,2553.55,-0.007896660263638222,0.0245209594465432,-0.004044776449593224,0.015538528633301185
2024-06-11,2716.72,2718.88,2702.17,2705.32,558893.0,2696.152,2683.5389999999998,2704.637,2698.1401666666666,2640.7026666666666,2578.9977916666667,51.71613092086065,-0.7750773906936956,-0.9647496803125578,0.18967228961886218,2704.637,2768.426866937975,2640.8471330620255,0.04717074190582669,0.5053535148510664,33.2236396692338,2773.46,2635.44,2779.4,2553.55,0.0015363712761506942,0.008499470647003626,-0.008179261850030928,0.008766467423120927
2024-06-12,2709.65,2730.3,2707.44,2728.17,511009.0,2709.366,2684.0710000000004,2704.685,2698.7168333333334,2642.310166666667,2579.4922500000002,55.235517090144015,1.9541132632539302,-0.3809770915992602,2.3350903548531905,2704.685,2768.544143902534,2640.825856097466,0.047221132148500856,0.6838812624535373,32.63480826428853,2773.46,2635.44,2779.4,2553.55,0.008446320583147315,0.02481875211299367,0.0003520080961862959,0.012845405911114272
2024-06-13,2764.18,2776.72,2752.61,2754.89,700027.0,2722.4440000000004,2691.83,2705.9125,2699.319,2644.3454166666666,2580.1171666666673,58.99903407445457,6.201608923603089,0.9355401114412099,5.26606881216188,2705.9125,2772.5791020955353,2639.2458979044645,0.04927476560719194,0.8673316057852598,33.77160767398219,2773.46,2635.44,2779.4,2553.55,0.009794111070790867,0.02431306934374411,0.008991554165415305,0.01328914652267943
2024-06-14,2759.22,2769.16,2750.86,2758.42,644979.0,2729.594,2704.1279999999997,2706.1835,2700.845333333333,2646.13075,2580.8496250000003,59.48366750568836,9.74034074953397,2.696500239059762,7.043840510474208,2706.1835,2773.6527748661524,2638.714225133848,0.04986304503456792,0.8871132460192317,32.6664928401263,2776.72,2635.44,2779.4,2553.55,0.0012813578763581912,0.013130493229073004,0.0019687613512531232,0.034340267882587705
2024-06-17,2754.83,2759.86,2741.03,2744.1,593985.0,2738.18,2714.886,2707.1575,2701.816333333333,2647.63525,2581.4762916666664,56.56285551051958,11.259514222846065,4.409103035817022,6.850411187029042,2707.1575,2776.207189608023,2638.1078103919767,0.05101268737265791,0.7675066333368982,31.67817192297442,2776.72,2635.44,2779.4,2553.55,-0.0051913776727257055,0.015893112984373348,0.007149620864560946,0.021691537842909447
2024-06-18,2765.7,2772.35,2759.03,2763.92,561975.0,2749.9,2723.026,2708.2465,2703.612166666667,2649.277416666667,2582.283875,59.52520211071564,13.902518918770966,6.3077862124078115,7.594732706363154,2708.2465,2780.0988289181655,2636.394171081835,0.05306188260054268,0.8874161132856809,31.43330249990482,2776.72,2635.44,2779.4,2553.55,0.00722276884953188,0.02166102346487664,0.007942701685544895,0.040565927632643994
2024-06-19,2786.16,2799.32,2786.16,2797.33,646706.0,2763.732,2736.549,2711.9039999999995,2705.3986666666665,2651.183916666667,2583.18025,63.984089555031545,18.480001014794652,8.74222917288518,9.737771841909472,2711.9039999999995,2793.42483571679,2630.383164283209,0.060120738578349625,1.023951939702734,31.716638035625913,2776.72,2635.44,2779.4,2553.55,0.012087904136154348,0.025350326409278034,0.026852116967307715,0.03984550989911306
2024-06-20,2802.1,2812.62,2796.37,2807.63,758166.0,2774.2799999999997,2748.362,2716.1125,2706.2781666666665,2652.7949999999996,2584.1229166666667,65.25490012283478,22.677401505812668,11.529263639470678,11.14813786634199,2716.1125,2807.659132679545,2624.5658673204553,0.067410044819237,0.9998408861216831,30.611878175938347,2799.32,2635.44,2799.32,2553.55,0.0036820825572958515,0.019144140056408965,0.030905539277243044,0.019155238378719686
2024-06-21,2794.87,2797.0,2777.33,2784.26,631143.0,2779.448,2754.5209999999997,2719.235,2706.8731666666667,2654.3303333333333,2585.039875,60.07538447029991,23.84325771380918,13.992062454338377,9.851195259470803,2719.235,2815.4852466488437,2622.9847533511565,0.0707921504752944,0.8377913421730506,30.589601163371334,2812.62,2635.44,2812.62,2553.55,-0.008323746362590478,0.00936768149882905,0.0229442907477011,0.012988619495299503
2024-06-24,2772.85,2782.9,2758.09,2764.73,594166.0,2783.5739999999996,2760.877,2723.0915,2707.325833333334,2655.7071666666666,2585.9345,56.070081073953226,22.927011065215538,15.779052176513812,7.1479588887017265,2723.0915,2820.1400650123837,2626.0429349876163,0.0712782255112498,0.7145240374996107,30.273915365987673,2812.62,2635.44,2812.62,2553.55,-0.007014431123530174,0.007517947596662022,0.02869846703378487,0.009921207494237638
2024-06-25,2765.76,2780.42,2765.76,2774.39,714242.0,2785.668,2767.784,2725.6614999999997,2707.6141666666667,2657.138833333333,2586.8099583333333,57.57669817735321,22.718475815574493,17.16693690432595,5.551538911248542,2725.6614999999997,2825.252210063553,2626.0707899364465,0.07307635967529583,0.7446438024636254,29.232207125559984,2812.62,2635.44,2812.62,2553.55,0.003494012073511632,0.0037880980636197936,0.018876308763528415,0.006274731691747304
2024-06-26,2767.43,2792.07,2762.98,2792.05,535034.0,2784.612,2774.172,2729.1215,2708.2298333333333,2658.62675,2587.599875,60.25999470351175,23.704968416960128,18.474543206852786,5.230425210107342,2729.1215,2832.805292421778,2625.437707578222,0.07598327331471169,0.8034635333553942,29.22204947373428,2812.62,2635.44,2812.62,2553.55,0.006365363196955132,-0.0018875141652932026,0.02541454725746939,0.013407813118169631
2024-06-27,2767.62,2784.33,2761.55,2784.06,397169.0,2779.898,2777.089,2734.4595,2708.8671666666664,2659.6999166666665,2588.3946666666666,58.45842095347041,23.570340473122997,19.49370266010683,4.076637813016166,2734.4595,2837.9143501471144,2631.0046498528854,0.07566749490867536,0.7397205154203369,29.31333165418183,2812.62,2635.44,2812.62,2553.55,-0.0028616966028546242,-0.008394980820122355,0.0398759944720426,0.013926623012433303
2024-06-28,2792.79,2797.82,2782.4,2797.82,610550.0,2782.61,2781.029,2742.5785,2709.720333333333,2660.766666666667,2589.306416666667,60.640777972261006,24.293918688371832,20.45374586575983,3.8401728226120007,2742.5785,2838.917337915771,2646.239662084229,0.07025420633595057,0.7867042056719521,28.32095082174028,2812.62,2635.44,2812.62,2553.55,0.004942422217911968,0.004870234820024022,0.061613999939289066,0.018637384722368866
2024-07-01,2792.96,2805.95,2783.98,2804.31,459218.0,2790.526,2787.05,2750.968,2710.6611666666663,2662.4083333333333,2590.339833333333,61.66374911769495,25.101691720964936,21.38333503680085,3.7183566841640854,2750.968,2837.6404372794514,2664.2955627205483,0.063012319503136,0.807721818344703,27.867311477330247,2812.62,2635.77,2812.62,2553.55,0.002319663166322261,0.014316045328115257,0.06364070820627199,0.020543259118004586
2024-07-02,2798.65,2805.42,2776.62,2780.86,538842.0,2791.82,2788.744,2755.8849999999998,2711.1228333333333,2664.0236666666665,2591.3987916666665,56.00019267326702,23.57784789497873,21.822237608436428,1.7556102865423036,2755.8849999999998,2837.4759579546653,2674.294042045334,0.05921216448049579,0.6530500476160437,27.933932086092387,2812.62,2657.81,2812.62,2553.55,-0.00836212829537386,0.0023320441610588105,0.036659558922207625,0.010061166078251915
2024-07-03,2797.14,2799.7,2774.71,2794.01,340338.0,2792.2120000000004,2788.412,2762.4805,2712.5735,2665.823083333333,2592.537583333333,58.312435392437884,23.16426258521824,22.09064260379279,1.0736199814254483,2762.4805,2833.2947628215493,2691.666237178451,0.05126860647273287,0.7226211129208105,27.72365122280006,2812.62,2659.43,2812.62,2553.55,0.004728752975698303,0.0007019931591483175,0.04955110626948667,0.03215403199887712
2024-07-04,2817.06,2824.94,2808.88,2824.94,393739.0,2800.388,2790.143,2769.2525,2713.9558333333334,2667.96575,2593.631125,63.2097124925572,25.043598737568573,22.68123383054795,2.3623649070206234,2769.2525,2836.678214938433,2701.826785061567,0.04869596754967846,0.9129544644120478,27.95267613545719,2812.62,2667.63,2812.62,2553.55,0.011070110701106861,0.014683591589261802,0.05035880275144078,0.03024799416484325
2024-07-05,2836.21,2871.96,2836.21,2862.23,378159.0,2813.27,2797.94,2776.2305,2716.422833333333,2670.474,2594.829083333333,68.07857558708639,29.205316820036387,23.986050428445637,5.21926639159075,2776.2305,2851.373259724129,2701.087740275871,0.05413294013168508,1.0722407608911961,29.314627840067388,2824.94,2689.19,2824.94,2553.55,0.013200280359936922,0.023021495307060436,0.05125850727410963,0.054535205455731095
2024-07-08,2862.58,2868.99,2855.53,2857.76,425056.0,2823.96,2807.243,2784.06,2718.7580000000003,2673.1054999999997,2595.939625,66.93504505570354,31.77651683541626,25.544143709839762,6.232373125576498,2784.06,2858.9187082439807,2709.201291756019,0.0537766486670408,0.9922606983799129,28.182154422919687,2871.96,2689.19,2871.96,2553.55,-0.001561719358681768,0.019059947010138023,0.057971175453599866,0.051555571909554176
2024-07-09,2872.63,2875.37,2854.13,2867.38,456429.0,2841.264,2816.5420000000004,2792.163,2721.461666666667,2675.8314166666664,2596.9357916666663,68.17404415925958,34.19627164136455,27.27456929614472,6.921702345219828,2792.163,2866.255096231357,2718.070903768643,0.053071469130818734,1.0075912534930203,27.68628624985398,2871.96,2702.17,2871.96,2553.55,0.0033662728850567536,0.03111267737318668,0.05990418878358206,0.059966878114418476
2024-07-10,2863.05,2871.56,2858.87,2867.99,472473.0,2856.06,2824.136,2799.154,2724.1455,2678.6892500000004,2597.97325,68.25527371724215,35.751050801108704,28.96986559713752,6.781185203971184,2799.154,2874.1544558383216,2724.1535441616784,0.053587945385156814,0.9589038775203544,26.615122946292985,2875.37,2707.44,2875.37,2553.55,0.0002127377606035985,0.026478072734170466,0.051250471928068864,0.05948739545467974
2024-07-11,2888.76,2896.43,2879.28,2891.35,462217.0,2869.342,2834.8650000000002,2805.977,2727.637666666667,2681.7339166666666,2599.155458333333,71.278479744288,38.425239022547885,30.860940282219595,7.56429874032829,2805.977,2888.1172167269806,2723.836783273019,0.05854660727937594,1.0196784437747743,26.745471307272062,2875.37,2741.03,2875.37,2553.55,0.008145077214355645,0.023508463896578347,0.04953373818918361,0.07812977753913386
2024-07-12,2867.75,2872.25,2844.88,2857.0,408178.0,2868.296,2840.7830000000004,2810.906,2730.747166666667,2684.729,2600.1919583333333,61.93757502401899,37.34233533253564,32.157219292282804,5.1851160402528365,2810.906,2892.870447756054,2728.941552243946,0.05831888206582087,0.7811828863728019,28.15436621389547,2896.43,2741.03,2896.43,2553.55,-0.011880263544710945,-0.0018272465874510369,0.03573784992858231,0.06986515280310668
2024-07-15,2869.15,2872.9,2848.93,2860.92,424458.0,2868.928,2846.4440000000004,2816.7470000000003,2734.9353333333333,2688.2708333333335,2601.2781666666665,62.540873418767426,36.38105938927765,33.00198731168177,3.379072077595879,2816.7470000000003,2895.4195700861137,2738.074429913887,0.05586058675920372,0.7807395255528636,27.855482912902957,2896.43,2741.03,2896.43,2553.55,0.0013720686034301988,0.0011057611555902458,0.042571334863889865,0.09629334426719494
2024-07-16,2861.71,2872.21,2857.07,2866.09,677905.0,2868.67,2854.9669999999996,2821.8555,2739.6338333333338,2691.82125,2602.3462083333334,63.365607365712854,35.62574565151954,33.52673897964933,2.0990066718702067,2821.8555,2899.404156590259,2744.3068434097413,0.054962882819661614,0.7852048116946779,26.947234133409882,2896.43,2758.09,2896.43,2553.55,0.0018071109992590095,-0.0004498880511129011,0.036965614055399554,0.10909069801639215
2024-07-17,2865.9,2868.58,2841.33,2843.29,549094.0,2863.7300000000005,2859.895,2824.1535000000003,2743.110333333333,2694.9091666666664,2603.2410416666667,57.36703858956675,32.80918080682022,33.38322734508351,-0.5740465382632891,2824.1535000000003,2901.3821116083527,2746.924888391648,0.05469151135613015,0.623895144567962,26.96886026673775,2896.43,2758.09,2896.43,2553.55,-0.007955088639924113,-0.008612303390179155,0.01642995284789417,0.07917030401943292
2024-07-18,2805.64,2824.35,2799.02,2824.35,658375.0,2850.33,2859.8360000000002,2824.9895,2746.9851666666664,2697.909166666667,2604.0239166666665,52.88803621031445,28.717693469157894,32.45012056989839,-3.7324271007404946,2824.9895,2901.8456342961877,2748.1333657038126,0.054411624748472526,0.4958396294202378,28.204655961970765,2896.43,2758.09,2896.43,2553.55,-0.0066612972999589015,-0.023172566448198983,0.005955200649658154,0.08970006096008265
2024-07-19,2800.21,2802.68,2776.99,2795.46,426208.0,2838.022,2853.159,2825.5495,2749.7521666666667,2700.5495833333334,2604.8701666666666,46.87599913659506,22.88022967504412,30.536142390927537,-7.655912715883417,2825.5495,2901.366587908687,2749.732412091313,0.05366537582065858,0.30156518253352455,29.572894821830005,2896.43,2758.09,2896.43,2604.37,-0.010228902225290715,-0.02154007700385019,0.004022612830698158,0.06313891931361804
2024-07-22,2790.99,2795.12,2752.63,2763.51,463878.0,2818.54,2843.734,2825.4885000000004,2752.0936666666666,2702.9980833333334,2605.535583333333,41.286416263750716,15.49725684860141,27.528365282462314,-12.031108433860904,2825.4885000000004,2901.502929754841,2749.47407024516,0.053806221299318974,0.0923241139880187,30.519830905985003,2896.43,2758.09,2896.43,2619.72,-0.01142924599171502,-0.034048487898997504,-0.0004412727463440902,0.053560399844454265
2024-07-23,2788.83,2796.92,2765.81,2774.29,423403.0,2800.18,2834.425,2825.4835000000003,2753.736,2705.531,2606.227125,43.72467320541064,10.396212533312791,24.10193473263241,-13.70572219931962,2825.4835000000003,2901.5113854825886,2749.455614517412,0.053815841064078634,0.16332418904558055,30.726271555557492,2896.43,2752.63,2896.43,2628.62,0.0039008362553418774,-0.03202969899758912,-3.6043959212639365e-05,0.036827057834252
2024-07-24,2755.5,2778.31,2748.65,2758.71,469221.0,2783.264,2823.497,2823.8165,2755.9041666666667,2707.8655833333332,2606.7526666666668,41.07006951602684,5.038343482493474,20.289216482604626,-15.250873000111152,2823.8165,2904.0493118100926,2743.583688189907,0.05682579715083661,0.09426512338802297,30.65010930158909,2896.43,2752.63,2896.43,2628.62,-0.005615851262845584,-0.029747229441949297,-0.0119410469010226,0.04948984638327336
2024-07-25,2721.29,2725.15,2703.86,2710.65,440318.0,2760.5240000000003,2805.427,2820.1459999999997,2756.8095000000003,2709.6155833333332,2606.93425,34.177060783795696,-3.0506803434473113,15.621237117394239,-18.67191746084155,2820.1459999999997,2913.0364155225607,2727.255584477439,0.06587631670315008,-0.08938265796327277,32.37867292290415,2896.43,2748.65,2896.43,2635.44,-0.017421185989103583,-0.04025705029475801,-0.026367966207624827,0.02044926646915113
2024-07-26,2724.99,2738.4,2715.75,2731.9,516468.0,2747.812,2792.9170000000004,2816.85,2757.5505,2711.5579999999995,2607.4152083333333,39.048192062207555,-7.658312339914573,10.965327225932477,-18.62363956584705,2816.85,2917.064550240743,2716.635449759257,0.07115362922466084,0.07615935113251253,32.048053428410995,2896.43,2703.86,2896.43,2635.44,0.007839448102853641,-0.02273686620448867,-0.023561201220950623,0.016543625160003517
2024-07-29,2748.32,2776.86,2742.69,2765.53,456516.0,2748.216,2783.3779999999997,2814.911,2758.775,2713.795,2608.0824583333333,45.87479625968862,-8.498271170879889,7.072607546570004,-15.570878717449894,2814.911,2917.4937244518032,2712.328275548197,0.07288523470319537,0.2593113252553518,32.970335326381644,2896.43,2703.86,2896.43,2635.44,0.012310113840184433,0.0007309544745630614,-0.013828713658618264,0.027291367948708567
2024-07-30,2744.4,2754.53,2732.82,2738.19,392868.0,2740.996,2770.588,2812.7775,2759.6839999999997,2715.4260833333333,2608.646583333333,41.778191253929435,-11.240480839916472,3.409989869272709,-14.65047070918918,2812.7775,2919.7837442802042,2705.771255719796,0.07608582213147261,0.15148061918383487,32.951739945925816,2896.43,2703.86,2896.43,2635.44,-0.009885989304039389,-0.013012338291959358,-0.0153441741044138,0.020323067464088185
2024-07-31,2745.58,2770.7,2733.63,2770.69,557090.0,2743.392,2763.3280000000004,2811.6115,2761.2516666666666,2716.7209166666667,2609.438166666667,47.75123266752121,-10.668246468478628,0.5943426017224418,-11.26258907020107,2811.6115,2919.9107419685147,2703.3122580314853,0.07703713117442769,0.3110720848263332,33.24590137835967,2896.43,2703.86,2896.43,2635.44,0.011869154441437546,0.004342609408020337,-0.008346426820233344,0.03514120367775897
2024-08-01,2787.27,2794.11,2772.97,2777.68,480834.0,2756.798,2758.661,2809.2485,2761.9736666666668,2718.274,2610.2869166666665,48.96396582085313,-9.540732400048,-1.4326723986316467,-8.108060001416353,2809.2485,2918.3408017034435,2700.156198296557,0.07766653729881379,0.3553128886866089,32.54405127990541,2896.43,2703.86,2896.43,2635.44,0.002522837271582201,0.02472838618043638,-0.016729558857887294,0.015842829766380406
2024-08-02,2719.39,2725.05,2666.4,2676.19,531785.0,2745.656,2746.734,2799.9465000000005,2760.826,2719.10725,2610.5830416666668,35.92558172420485,-16.644694512815022,-4.475076821468322,-12.1696176913467,2799.9465000000005,2920.505723997818,2679.3872760021827,0.08611537684582025,-0.013260188213556085,38.16804761705501,2896.43,2703.86,2896.43,2635.44,-0.036537686126551616,-0.020392400893151308,-0.06499827057923369,-0.025085153275896666
2024-08-05,2611.3,2611.3,2386.96,2441.55,763778.0,2680.8599999999997,2714.538,2779.136,2756.3161666666665,2717.7070000000003,2609.916333333333,21.602932135699874,-40.738514464267155,-11.727764350028089,-29.010750114239066,2779.136,2973.6182586663317,2584.653741333668,0.139958791988828,-0.3679095006274775,56.101044215836794,2896.43,2666.4,2896.43,2635.44,-0.08767688392827111,-0.11714933484720835,-0.1456420413190751,-0.09976992338153623
2024-08-06,2533.34,2578.77,2491.47,2522.15,567266.0,2637.652,2689.324,2761.8745,2752.8914999999997,2716.8889166666672,2609.6283750000002,31.679007346524543,-52.72155272293412,-19.926522024609298,-32.79503069832482,2761.8745,2981.6072275099446,2542.1417724900552,0.15911854612506446,-0.045491112581648466,61.895255343277015,2896.43,2386.96,2896.43,2386.96,0.03301181626425831,-0.07889883463163616,-0.12039910998890979,-0.0753327980701195
2024-08-07,2515.27,2594.83,2510.82,2568.41,476991.0,2597.196,2670.2940000000003,2746.8954999999996,2750.244833333333,2716.212,2609.618125,36.7070847020382,-57.81890118516185,-27.50499785671981,-30.313903328442038,2746.8954999999996,2976.2829287291283,2517.508071270871,0.1670157665110513,0.11095187083952253,63.474879961614356,2896.43,2386.96,2896.43,2386.96,0.018341494359970456,-0.07300708487777419,-0.10445643115910441,-0.05822800591080268
2024-08-08,2530.21,2570.34,2518.52,2556.73,495299.0,2553.0060000000003,2654.902,2730.1645,2747.3513333333335,2715.68125,2609.747666666667,35.98694840406665,-62.08538330018155,-34.42107494541216,-27.66430835476939,2730.1645,2963.7411469041003,2496.5878530958994,0.17110811227975492,0.12874178069863546,62.642388535784775,2896.43,2386.96,2896.43,2386.96,-0.004547560553026853,-0.07954479997695918,-0.1157314057447213,-0.06358548752170068
2024-08-09,2603.08,2603.08,2575.9,2588.43,475012.0,2535.454,2640.555,2716.736,2744.6085000000003,2715.4698333333336,2610.033416666666,39.45846570258842,-62.191768053543,-39.97521356703833,-22.21655448650467,2716.736,2950.481666090227,2482.9903339097727,0.17207830727036205,0.22554357446252457,61.478646497514426,2872.9,2386.96,2896.43,2386.96,0.01239864983787875,-0.032792888397311204,-0.09400420021001055,-0.0597784235379587
2024-08-12,2602.16,2622.86,2602.01,2618.3,293084.0,2570.804,2625.832,2704.6050000000005,2742.8365,2715.2160000000003,2610.507583333333,42.616373443365724,-59.183587811263806,-43.816888415883426,-15.36669939538038,2704.6050000000005,2932.263770575538,2476.946229424463,0.16834899778380746,0.3104509661942406,59.54660031912056,2872.9,2386.96,2896.43,2386.96,0.011539813709468882,0.07239253752739039,-0.08480488793814578,-0.03902195535524211
2024-08-13,2624.5,2636.12,2607.52,2621.5,378532.0,2590.674,2614.163,2692.3755,2740.8258333333333,2714.7263333333335,2610.9771666666666,42.959637028700314,-55.89702394268352,-46.23291552124344,-9.664108421440076,2692.3755,2910.0819084931045,2474.6690915068957,0.16172068754384697,0.3372222928792539,57.3361288677548,2872.21,2386.96,2896.43,2386.96,0.0012221670549592556,0.03939099577741212,-0.08533926010697501,-0.04399483614986832
2024-08-14,2649.11,2653.71,2632.44,2644.5,328748.0,2605.892,2601.544,2682.436,2739.4978333333333,2714.6155833333332,2611.5136666666667,45.48385815220945,-50.85031978419238,-47.15639637383323,-3.6939234103591474,2682.436,2889.569486177314,2475.3025138226863,0.15443685230686874,0.4084262021073562,55.54140537720089,2868.58,2386.96,2896.43,2386.96,0.008773602899103672,0.029625332404094484,-0.06991548523013835,-0.029249168557143768
2024-08-16,2695.49,2699.61,2680.74,2697.23,385852.0,2633.9919999999997,2593.499,2676.08,2739.0606666666667,2714.981583333333,2612.3125416666667,50.853578138110755,-42.11047669951495,-46.147212438969575,4.0367357394546275,2676.08,2872.9518922547554,2479.2081077452444,0.14713453428504042,0.5537151336276883,55.51059070740084,2824.35,2386.96,2896.43,2386.96,0.019939497069389356,0.054953006379242275,-0.04500858604634694,-0.009631130987787562
2024-08-19,2697.97,2699.84,2664.28,2674.36,395637.0,2651.178,2593.316,2670.025,2738.2698333333333,2715.065666666667,2612.8820416666663,48.61688339149449,-36.607517283319794,-44.239273407839626,7.631756124519832,2670.025,2859.1338698606405,2480.9161301393597,0.14165325782390834,0.5114616517014633,54.085548514015066,2802.68,2386.96,2896.43,2386.96,-0.008479069267359418,0.03319772989804637,-0.04332024067595308,-0.017433252137364463
2024-08-20,2699.74,2706.05,2686.06,2696.63,484188.0,2666.844,2618.824,2666.6809999999996,2738.4203333333335,2715.30675,2613.621583333333,50.88236920930682,-30.10237794261684,-41.41189431479507,11.30951637217823,2666.6809999999996,2851.372936683681,2481.989063316318,0.13851820797739323,0.5810782553309126,52.48586647729971,2796.92,2386.96,2896.43,2386.96,0.008327225953125295,0.029916357942176175,-0.02420110656375407,0.003359874981396116
2024-08-21,2687.2,2704.98,2684.61,2701.13,417330.0,2682.77,2636.722,2663.023,2738.0559999999996,2715.7571666666668,2614.27875,51.34914504161879,-24.303737399984584,-37.99026293183297,13.686525531848389,2663.023,2841.8497177017166,2484.1962822982837,0.13430354728570984,0.6065472779732013,50.19187601463544,2796.92,2386.96,2896.43,2386.96,0.0016687495132814423,0.030375739080679143,-0.026370711064812924,-0.00802793987491679
2024-08-22,2710.95,2711.38,2690.35,2707.67,441756.0,2695.404,2650.648,2660.471,2737.8030000000003,2716.4456666666665,2614.9267083333334,52.06216111651792,-18.961967887666106,-34.1846039229996,15.222636035333494,2660.471,2835.1719292361363,2485.7700707638637,0.13133082768888388,0.6350851429536561,48.10888487073292,2794.11,2386.96,2896.43,2386.96,0.0024212089014596927,0.023887313291737655,-0.01850140101714204,-0.005575040857924596
2024-08-23,2690.8,2712.84,2689.54,2701.69,330592.0,2696.2960000000003,2665.1440000000002,2660.023,2738.2095,2716.8573333333334,2615.512,51.32150544834749,-15.03776706875351,-30.355236552150384,15.317469483396874,2660.023,2834.2522359047975,2485.7937640952027,0.13099829280032346,0.6195752245127438,46.33682166568058,2794.11,2386.96,2896.43,2386.96,-0.0022085409226383357,0.0016535482698916137,-0.003305480235367919,0.009109924177342688
2024-08-26,2716.88,2718.47,2688.79,2698.01,333688.0,2701.0260000000003,2676.102,2658.3285000000005,2739.252333333333,2717.3210833333333,2616.1025833333333,50.84215905727196,-12.085441446315144,-26.70127753098334,14.615836084668196,2658.3285000000005,2830.3740844564745,2486.2829155435265,0.12943891957406614,0.6153226341883792,45.147048689560535,2794.11,2386.96,2896.43,2386.96,-0.001362110382760351,0.0088432372605034,-0.012405285698598001,0.02374176608080636
2024-08-27,2696.24,2700.18,2681.92,2689.25,264057.0,2699.55,2683.197,2654.5145,2740.1311666666666,2717.4459166666666,2616.6256666666663,49.65327649466769,-10.333443406555034,-23.42771070609768,13.094267299542647,2654.5145,2820.1475047393037,2488.8814952606967,0.12479344508331258,0.6048568190098085,43.226545211734766,2794.11,2386.96,2896.43,2386.96,-0.0032468374839234038,-0.002736749201781574,-0.02758241639034842,0.019999848284860455
2024-08-28,2690.59,2695.51,2671.59,2689.83,280774.0,2697.29,2690.03,2652.0965,2740.253,2717.782833333333,2617.0643333333337,49.73708174797241,-8.79676752461637,-20.50152206980142,11.70475454518505,2652.0965,2814.1459505111648,2490.0470494888355,0.12220479195320731,0.6164258807449646,41.84750626803943,2794.11,2386.96,2896.43,2386.96,0.00021567351492057796,-0.004183434340442771,-0.017661301808859164,0.002725049580245331
2024-08-29,2657.18,2672.9,2649.56,2662.28,288836.0,2688.2120000000004,2691.808,2646.676,2740.2560000000003,2717.956083333333,2617.398083333333,45.834344211300724,-9.690291918828734,-18.339276039606883,8.648984120778149,2646.676,2799.484226925028,2493.867773074972,0.11547180457678088,0.5510574604325984,41.73482724889376,2794.11,2386.96,2896.43,2386.96,-0.01024228296955565,-0.016763490381028645,-0.03912743756970283,6.761579204406232e-05
2024-08-30,2676.72,2686.51,2668.66,2674.31,278845.0,2682.736,2689.5160000000005,2641.5075,2740.0028333333335,2718.1785,2617.8604583333336,47.76189216172069,-9.320257846842651,-16.535472401054037,7.215214554211386,2641.5075,2782.800877887895,2500.2141221121055,0.106979350153573,0.6160793962546003,40.48448244540135,2794.11,2386.96,2896.43,2386.96,0.004518683233919685,-0.010134397358690372,-0.03721450995075026,-0.005647889942368534
2024-09-02,2683.8,2686.98,2658.31,2681.0,266993.0,2679.334,2690.1800000000003,2641.7480000000005,2739.3083333333334,2718.183916666667,2618.413541666667,48.85196449409723,-8.390456134069609,-14.906469147657152,6.516013013587543,2641.7480000000005,2783.2928466881485,2500.2031533118525,0.10715999155721742,0.638655701420482,39.6405908421584,2725.05,2386.96,2896.43,2386.96,0.002501579846764246,-0.006304646758166332,0.0017973312806638386,-0.01530482945050271
2024-09-03,2683.12,2695.59,2664.63,2664.63,303460.0,2674.41,2686.98,2652.902,2738.6993333333335,2718.223833333333,2618.9008333333336,46.305666300750424,-8.872230220824804,-13.699621362290683,4.827391141465879,2652.902,2760.7267008063104,2545.0772991936897,0.08128811452990753,0.5543845701045232,39.020548639147094,2718.47,2386.96,2896.43,2386.96,-0.006105930622901878,-0.009154968857488122,0.0913681882410764,-0.013527471429047422
2024-09-04,2589.94,2608.13,2578.07,2580.8,455469.0,2652.6040000000003,2674.947,2655.8345,2736.6240000000003,2717.3820833333334,2619.0005000000006,35.96695569190963,-15.835873961492325,-14.126871882131013,-1.709002079361312,2655.8345,2751.8151775292304,2559.8538224707695,0.07227911041085612,0.1091166371629937,42.41622373635087,2718.47,2491.47,2896.43,2386.96,-0.031460277787159874,-0.04053416015138489,0.023253969827329968,-0.04602782665266958
2024-09-05,2598.36,2615.8,2560.65,2575.5,379003.0,2635.248,2661.7300000000005,2656.1890000000003,2734.0795,2716.398166666667,2619.1626666666666,35.42838259652562,-21.53404641971929,-15.608306789648669,-5.92573963007062,2656.1890000000003,2750.9196999655874,2561.4583000344132,0.07132828271300502,0.07411377711073446,43.32577918375439,2718.47,2510.82,2896.43,2386.96,-0.002053626782393181,-0.032596120618417324,0.0027604626987125513,-0.05596058896623013
2024-09-06,2576.66,2576.94,2529.31,2544.28,374782.0,2609.242,2645.989,2655.5665,2730.5693333333334,2714.9441666666667,2619.202583333333,32.354951765395995,-28.243508642892266,-18.13534716029739,-10.108161482594877,2655.5665,2753.027578441448,2558.105421558552,0.0734013465235746,-0.07092791183742932,43.63322352777194,2718.47,2518.52,2896.43,2386.96,-0.012121918074160298,-0.048621887514910256,-0.004869501277021793,-0.07644951341069872
2024-09-09,2498.67,2543.22,2491.3,2535.93,270231.0,2580.228,2629.781,2652.9415,2726.8611666666666,2713.85325,2619.0485833333337,31.56621357754379,-33.84444333463307,-21.277166395164528,-12.567276939468542,2652.9415,2759.863040444245,2546.0199595557547,0.08060602952929437,-0.04718394214034117,44.300850418645375,2718.47,2529.31,2896.43,2386.96,-0.0032818714921315495,-0.054110406564714775,-0.020282565107033967,-0.08065849290535898
2024-09-10,2542.69,2544.83,2522.48,2523.43,347650.0,2551.988,2613.199,2648.198,2723.183333333334,2712.4998333333333,2618.724208333333,30.372550936717005,-38.84409936565953,-24.79055298926353,-14.053546376396,2648.198,2768.4346485892333,2527.9613514107664,0.0908063887890811,-0.018843470206189296,42.732932531599275,2718.47,2491.3,2896.43,2386.96,-0.004929158139223122,-0.052990471472587286,-0.03623343390749734,-0.080416165591633
2024-09-11,2524.86,2526.13,2493.37,2513.37,302561.0,2538.502,2595.5530000000003,2642.7915,2719.0075,2711.3098333333332,2618.4685833333333,29.408704909513332,-43.121048115145186,-28.45665201443986,-14.664396100705325,2642.7915,2776.332100459079,2509.2508995409207,0.10106026181715742,0.015422652155669247,42.02058020791363,2718.47,2491.3,2896.43,2386.96,-0.003986637235825818,-0.02612755734655936,-0.04124737745565521,-0.09065023589684218
2024-09-12,2547.5,2572.09,2537.87,2572.09,340479.0,2537.82,2586.534,2639.171,2715.2535000000003,2710.3260833333334,2618.5222500000004,41.14841350571705,-41.29630940758943,-31.024583493069777,-10.271725914519656,2639.171,2776.210470649779,2502.1315293502207,0.10385039139167497,0.25524934647685094,43.21339590734839,2718.47,2491.3,2896.43,2386.96,0.023363054385148407,-0.0013240147544165692,-0.027381357534505546,-0.08051963836944509
2024-09-13,2571.81,2584.11,2562.91,2575.41,358263.0,2544.046,2576.644,2633.08,2711.383166666667,2708.8306666666667,2618.5875416666668,41.738377439578706,-39.13121430158344,-32.64590965477251,-6.485304646810931,2633.08,2770.084886482097,2496.075113517903,0.1040643554180632,0.28953305432818965,41.64101048539496,2718.47,2491.3,2896.43,2386.96,0.001290779094043959,0.01223528856886813,-0.04516485431349948,-0.08271032864016992
2024-09-19,2594.67,2598.68,2550.09,2580.8,385081.0,2553.0199999999995,2566.6240000000003,2628.402,2707.9921666666664,2707.432666666667,2618.8618333333334,42.74192826195143,-36.55900344301335,-33.42852841242068,-3.1304750305926703,2628.402,2765.8379348350086,2490.9660651649915,0.10457756068897264,0.32682112921505596,42.1373668792953,2718.47,2491.3,2896.43,2386.96,0.0020928706497218563,0.017693706056555403,-0.03498407095529399,-0.07307507201195296
2024-09-20,2603.83,2619.55,2591.4,2593.37,495964.0,2567.0080000000003,2559.498,2623.2390000000005,2705.136166666666,2706.231,2619.2169999999996,45.11620912740814,-33.124376662732175,-33.36769806248299,0.2433213997508119,2623.2390000000005,2757.7620319163725,2488.7159680836285,0.10256254341779152,0.38898183614175064,41.89541210220278,2718.47,2491.3,2896.43,2386.96,0.004870582765033937,0.02771624336716294,-0.0382922388314304,-0.061980735912729346
2024-09-23,2596.47,2603.57,2588.49,2602.01,339140.0,2584.736,2561.619,2618.283,2702.2631666666666,2704.9386666666664,2619.659708333333,46.75066321422878,-29.36671321193944,-32.56750109237428,3.200787880434838,2618.283,2748.186544539684,2488.379455460316,0.09922803955086898,0.4373650655274134,39.98002552347404,2718.47,2491.3,2896.43,2386.96,0.003331572432780705,0.03526738999828938,-0.03669575325882124,-0.06213257689077589
2024-09-24,2612.45,2631.68,2597.81,2631.68,355097.0,2596.654,2567.237,2614.4835,2699.590333333333,2703.9100833333337,2620.362666666667,52.0333679505079,-23.721173890527098,-30.798235652004845,7.077061761477747,2614.4835,2737.9949361141266,2490.972063885873,0.094482475115354,0.5696150111318847,39.543595128940176,2718.47,2491.3,2896.43,2386.96,0.0114027232793108,0.02316792958255731,-0.028064719851385256,-0.05743808312888388
2024-09-25,2652.71,2663.36,2596.32,2596.32,454472.0,2600.8360000000002,2572.441,2609.2149999999997,2696.461333333333,2702.66425,2620.909541666667,46.15639839241005,-21.848444520297562,-29.00827742566339,7.159832905365828,2609.2149999999997,2726.2151465809957,2492.2148534190037,0.08968225813587305,0.4448932314325236,41.50762404830159,2718.47,2491.3,2896.43,2386.96,-0.013436284046692504,0.00811909560031232,-0.03900151386724604,-0.06743389151095869
2024-09-26,2630.91,2671.57,2630.3,2671.57,324889.0,2618.9900000000002,2586.005,2607.893,2694.357166666667,2702.0387499999997,2622.017375,57.22799075022779,-14.129372284131023,-26.03249639735692,11.903124113225896,2607.893,2721.395257087578,2494.390742912422,0.08704517945144073,0.7805098402178342,43.91779375913719,2718.47,2491.3,2896.43,2386.96,0.028983330252049022,0.03517126472411647,-0.009799815419512914,-0.045124418297102786
2024-09-27,2674.58,2681.45,2649.78,2649.78,413004.0,2630.272,2598.64,2605.9195,2691.7816666666668,2701.2214166666668,2623.0431249999997,53.7795067970862,-9.658881246859892,-22.757773367257514,13.098892120397622,2605.9195,2714.9804711077927,2496.8585288922072,0.08370248667143612,0.701082475034308,43.04295134777022,2700.18,2491.3,2896.43,2386.96,-0.008156252690365573,0.021751620478373868,-0.01467695454122886,-0.05510446419974957
2024-09-30,2665.24,2668.66,2593.27,2593.27,358916.0,2628.524,2606.63,2601.0915,2688.6551666666664,2699.8890000000006,2623.8120416666666,46.03245272265755,-10.554207286070323,-20.317060151020076,9.762852864949753,2601.0915,2703.1937264741337,2498.9892735258663,0.07850721627757705,0.461697701068343,45.353454822929486,2695.59,2491.3,2896.43,2386.96,-0.021326298787069153,-0.003358941741192445,-0.03589817943884932,-0.06745754910351476
2024-10-02,2566.55,2591.61,2555.46,2561.69,351004.0,2614.526,2605.59,2596.0620000000004,2684.7831666666666,2698.6783333333337,2624.4750000000004,42.36006994063267,-13.654599968801449,-18.984568114576355,5.329968145774906,2596.0620000000004,2695.4871995420467,2496.636800457954,0.07659693762479197,0.3271464369278707,44.81463662129166,2695.59,2491.3,2896.43,2386.96,-0.012177675290270584,-0.02659517874513606,-0.03778340369908506,-0.08314930869968262
2024-10-04,2563.7,2585.59,2555.57,2569.71,414329.0,2609.204,2605.02,2590.832,2680.529333333333,2697.242583333333,2624.9734583333334,43.59084960335515,-15.2883024983621,-18.245314991333505,2.957012492971405,2590.832,2684.05374844947,2497.61025155053,0.07196278913450964,0.3867109856266596,43.757876862627974,2695.59,2491.3,2896.43,2386.96,0.003130745718646688,-0.010249121833980412,-0.03911289267138063,-0.0903488215678917
2024-10-07,2579.2,2611.93,2561.46,2610.38,343671.0,2596.966,2607.978,2587.301,2676.331833333333,2696.377333333333,2625.5174583333337,49.48184683956141,-13.149712713848658,-17.226194535836537,4.07648182198788,2587.301,2671.507851003802,2503.094148996198,0.0650924272079685,0.6370375434117477,44.237314229583106,2695.59,2491.3,2896.43,2386.96,0.015826688614668516,-0.022904135021728833,-0.026340917568071553,-0.08799083232304883
2024-10-08,2592.65,2601.96,2581.79,2594.36,318240.0,2585.882,2608.077,2583.7875,2671.9418333333333,2695.3499166666666,2626.0933333333332,47.382749671492206,-12.602273848901405,-16.301410398449512,3.6991365495481077,2583.7875,2660.3082558442597,2507.26674415574,0.05923146221913361,0.5690825638309042,43.11964892747004,2695.59,2491.3,2896.43,2386.96,-0.006137037519441613,-0.020914943882133663,-0.026371391149990764,-0.09217009126028786
2024-10-10,2611.65,2613.61,2596.86,2599.16,618560.0,2587.06,2607.792,2584.7055,2667.4715,2694.4665833333333,2626.772166666667,48.093265502497985,-11.646847115977835,-15.370497741955178,3.723650625977344,2584.7055,2661.5008963397336,2507.9101036602665,0.05942293722803897,0.5941104590179785,41.41467400407932,2681.45,2491.3,2896.43,2386.96,0.0018501672859587703,0.002271263694100467,0.007114073155610523,-0.09354183958875362
2024-10-11,2612.02,2621.93,2594.43,2596.91,491276.0,2594.1040000000003,2604.315,2585.776,2662.9535,2693.5495,2627.3419166666663,47.767649719505464,-10.945052984872746,-14.485408790538694,3.540355805665948,2585.776,2662.62514271465,2508.92685728535,0.05943990718039772,0.5724406259243637,40.42076871807366,2681.45,2491.3,2896.43,2386.96,-0.0008656642915403356,0.013748736185877242,0.008312948941952891,-0.09451915801658994
2024-10-14,2602.63,2628.54,2602.63,2623.29,401706.0,2604.8199999999997,2607.0119999999997,2589.7264999999998,2658.485833333333,2693.0617500000003,2628.0114583333334,51.88116610641259,-8.166096865233158,-13.221546405477588,5.05544954024443,2589.7264999999998,2665.7557139310693,2513.69728606893,0.058716018028212275,0.7207276536518575,39.7928566667827,2681.45,2491.3,2896.43,2386.96,0.010158226507657186,0.02085060181888232,0.031053972047101697,-0.09271101734483889
2024-10-15,2632.37,2635.32,2615.47,2633.45,438293.0,2609.434,2603.2,2594.6025,2654.76,2692.753583333333,2628.918333333333,53.40323065599218,-5.085306778732047,-11.594298480128481,6.508991701396434,2594.6025,2668.6894494241456,2520.5155505758544,0.05710851617860199,0.7621750544593155,38.368366904869674,2681.45,2491.3,2872.9,2386.96,0.003872999172794378,0.008837793731180765,0.0384553201389628,-0.07824641232061613
2024-10-16,2606.7,2622.33,2601.35,2610.36,437553.0,2612.634,2599.2580000000003,2598.9489999999996,2650.5840000000003,2692.759666666667,2629.899,49.56600941254872,-4.45556745992144,-10.166552276087074,5.7109848161656345,2598.9489999999996,2665.656290725793,2532.241709274206,0.05133405136137218,0.5855303811311008,37.92062641166469,2681.45,2493.37,2872.9,2386.96,-0.008767965976190784,0.0061672242865291604,0.03444914263522292,-0.08758021895054735
2024-10-17,2620.74,2622.71,2603.52,2609.3,331265.0,2614.662,2600.861,2603.7455,2646.304166666667,2692.969,2630.950166666667,49.39055679680772,-3.995964660739901,-8.93243475301764,4.936470092277739,2603.7455,2657.7317258263633,2549.7592741736366,0.041468127992050956,0.5514436776694226,36.58272452511722,2681.45,2493.37,2872.21,2386.96,-0.00040607425795669005,0.0039012604072086177,0.03816787818745371,-0.08959593034412738
2024-10-18,2616.04,2618.32,2587.96,2593.82,265201.0,2614.0440000000003,2604.0739999999996,2604.832,2642.146333333333,2692.6283333333336,2631.826458333334,46.78595596763352,-4.825210733623862,-8.110989949138885,3.2857792155150225,2604.832,2657.0725936411045,2552.5914063588953,0.04011052815775039,0.39460303537462954,36.13824420189457,2681.45,2537.87,2868.58,2386.96,-0.005932625608400688,-0.0011898756599187932,0.008448382443849267,-0.08773990693879263
2024-10-21,2600.77,2618.71,2594.05,2604.92,240675.0,2610.37,2607.5950000000003,2606.3075,2638.4891666666667,2692.737166666667,2632.83375,48.868169657042344,-4.534446708291853,-7.395681300969478,2.8612345926776257,2606.3075,2656.777708588581,2555.837291411419,0.038729281628189345,0.48625426723207815,35.334798187473524,2681.45,2550.09,2824.35,2386.96,0.004279402579978608,-0.007002656968920662,0.011458369735304341,-0.07769221236744728
2024-10-22,2600.87,2604.16,2564.46,2570.7,343318.0,2597.82,2603.6269999999995,2605.8025000000002,2634.743166666667,2692.247666666667,2633.9655000000002,43.24963356761578,-6.9847660991763405,-7.313498260610851,0.3287321614345107,2605.8025000000002,2657.471389623979,2554.1336103760214,0.03965679641797786,0.1603130021231404,35.700884031225414,2681.45,2550.09,2802.68,2386.96,-0.013136679821261432,-0.023828058250583872,-0.003913515189088779,-0.08040179433796235
2024-10-23,2575.25,2607.79,2567.42,2599.62,352421.0,2595.672,2604.153,2606.115,2632.0116666666668,2692.052666666667,2635.2022083333336,48.6254911137172,-6.517924982642398,-7.154383605017161,0.6364586223747626,2606.115,2657.554428262519,2554.6755717374804,0.039475946581420555,0.43686749426089194,36.03439231470931,2681.45,2555.46,2796.92,2386.96,0.011249854125335634,-0.004114375028731798,0.002409991632509101,-0.059305014275323864
2024-10-24,2591.69,2600.26,2578.8,2581.03,343098.0,2590.018,2602.34,2605.0660000000003,2628.7906666666668,2691.2633333333333,2636.3292083333336,45.63305808099394,-7.560850888689856,-7.235677061751701,-0.32517382693815566,2605.0660000000003,2657.6406556429524,2552.491344357048,0.040363396277063354,0.2714107709688615,34.993364292230076,2681.45,2555.46,2796.92,2386.96,-0.0071510451527529995,-0.010834323381749833,-0.008062997451969811,-0.06966106643501568
2024-10-25,2597.44,2611.27,2577.0,2583.27,462898.0,2587.9080000000004,2600.9759999999997,2602.6455,2625.866666666667,2690.8854166666665,2637.601208333333,46.0637773285654,-8.113105078457465,-7.411162665092854,-0.7019424133646117,2602.6455,2654.5493655494483,2550.741634450552,0.03988546696002068,0.3133520519628613,34.94169541421364,2681.45,2555.46,2794.11,2386.96,0.0008678705787998897,-0.004067360109799467,-0.018395093628404635,-0.0635949411137815
2024-10-28,2588.45,2612.96,2587.2,2612.43,333736.0,2589.41,2599.8900000000003,2603.451,2624.2296666666666,2690.5195833333332,2638.8965000000003,51.455455815069854,-6.127171978378101,-7.1543645277499035,1.0271925493718026,2603.451,2655.437160042603,2551.464839957397,0.03993634605959777,0.5863595233100645,34.56657431319839,2681.45,2555.46,2794.11,2386.96,0.011288018674006084,0.0028830060040230254,0.006204936217415247,-0.036234851419401304
2024-10-29,2606.94,2617.8,2595.86,2617.8,363290.0,2598.83,2598.325,2600.7625,2622.3280000000004,2689.93925,2640.0409999999997,52.39914645661922,-4.073040096795921,-6.538099641559107,2.465059544763186,2600.7625,2643.032913234026,2558.4920867659735,0.03250616942840907,0.7015298490894064,33.664676147969935,2681.45,2555.46,2794.11,2386.96,0.002055557469482494,0.018321857859727064,-0.020126741953233496,-0.04176580401918073
2024-10-30,2606.99,2613.47,2586.88,2593.79,487359.0,2597.6639999999998,2596.668,2597.9629999999997,2619.4656666666665,2689.1203333333333,2640.980375,47.914211736579375,-4.332588735478566,-6.096997460342999,1.764408724864433,2597.9629999999997,2633.8045837258283,2562.121416274171,0.027592066342614206,0.4417854965349566,33.46862785168637,2681.45,2555.46,2794.11,2386.96,-0.009171823668729595,-0.002242635462106013,-0.021130056080127524,-0.062100212255878695
2024-10-31,2575.24,2579.65,2552.36,2556.15,406613.0,2592.688,2591.353,2596.107,2616.431666666667,2688.0578333333333,2641.2044583333336,41.86467917254507,-7.489185660538169,-6.375435100382034,-1.1137505601561353,2596.107,2636.3077552662353,2555.9062447337647,0.03097002956059617,0.00303172495915978,34.03729729085162,2668.66,2555.46,2794.11,2386.96,-0.014511583435821707,-0.009639562500242227,-0.014313974248728378,-0.06648187306213227
2024-11-01,2542.96,2559.3,2536.84,2542.36,319849.0,2584.5060000000003,2586.207,2595.1405,2612.626166666667,2686.938916666667,2641.614458333333,39.87816367522967,-10.977013044439445,-7.295750689193516,-3.681262355245929,2595.1405,2639.3355931549627,2550.9454068450373,0.034059884738389085,-0.0971307698677526,33.210347484362224,2635.32,2552.36,2794.11,2386.96,-0.005394832071670241,-0.01583651728235913,-0.007545799843072354,-0.08240907499575911
2024-11-04,2549.04,2588.97,2542.68,2588.97,373943.0,2579.814,2584.612,2596.1035,2609.4809999999998,2685.7273333333337,2642.31175,48.733018720032725,-9.86637053274444,-7.809874657903701,-2.0564958748407394,2596.1035,2638.8559236853976,2553.351076314603,0.032935839180061495,0.4165719813630484,34.16746552119347,2635.32,2536.84,2794.11,2386.96,0.018333359555688267,-0.008980144922543398,0.007495009164458111,-0.06793799141729795
2024-11-05,2570.24,2586.73,2564.66,2576.88,310875.0,2571.63,2585.23,2594.4285,2607.8258333333333,2684.3259166666667,2642.935916666667,46.80729216972577,-9.84821619414879,-8.21754296515272,-1.63067322899607,2594.4285,2637.436547281595,2551.420452718405,0.03315415883042822,0.2959858548668669,33.46336084110822,2635.32,2536.84,2725.05,2386.96,-0.004669810774168726,-0.015631446252578507,-0.012833380580605125,-0.037108725464185977
2024-11-06,2591.9,2592.75,2544.04,2563.51,548506.0,2565.5739999999996,2581.6189999999997,2592.886,2609.8585000000003,2683.087333333334,2643.576958333333,44.70350098840053,-10.788315032068112,-8.731697378535799,-2.0566176535323137,2592.886,2637.956663362946,2547.815336637054,0.03476486306219873,0.17411174134003754,34.55240649531478,2635.32,2536.84,2718.47,2386.96,-0.005188444941169101,-0.011674036834130708,-0.011891179327464196,0.049951874833609855
2024-11-07,2557.23,2579.81,2540.48,2564.63,465146.0,2567.27,2579.9790000000003,2591.1595,2610.5665,2681.7290000000003,2644.24725,44.92680712959837,-11.312571215257321,-9.247872145880104,-2.064699069377218,2591.1595,2637.756164891129,2544.5628351088712,0.03596587928387192,0.21532833882011626,34.89366317422086,2635.32,2536.84,2718.47,2491.3,0.00043690096781356935,0.0033174891927312267,-0.013285061327505732,0.016842773030945724
2024-11-08,2586.7,2593.15,2553.42,2561.15,448734.0,2571.028,2577.7670000000003,2589.3715,2610.4455000000003,2680.3451666666665,2644.7801666666664,44.32780936004928,-11.872001886243197,-9.772698093952723,-2.099303792290474,2589.3715,2637.6618900478798,2541.0811099521206,0.03729892759527133,0.20779382841991229,35.23911580463366,2635.32,2536.84,2718.47,2491.3,-0.0013569208813747347,0.0073907707799052424,-0.01377021152061475,-0.002826651508131439
2024-11-11,2562.05,2562.05,2525.56,2531.66,572197.0,2559.566,2569.69,2584.79,2610.027666666667,2678.6895,2644.967625,39.51931342742051,-14.527487433183978,-10.723655961798974,-3.8038314713850045,2584.79,2636.59764152108,2532.98235847892,0.04008653818769019,-0.01276219530648003,35.328464675731276,2635.32,2536.84,2718.47,2491.3,-0.011514358784139977,-0.022136216333136338,-0.03492942068928717,-0.009805493736139592
2024-11-12,2527.94,2532.44,2481.53,2482.57,735813.0,2540.704,2556.1670000000004,2577.246,2608.2633333333333,2676.435916666667,2644.94425,33.085435927370085,-20.358452036248764,-12.650615176688934,-7.70783685955983,2577.246,2641.063008202966,2513.428991797034,0.049523412357971267,-0.24177717403242116,36.441431484607605,2635.32,2525.56,2718.47,2491.3,-0.019390439474494925,-0.03659852224395388,-0.05729366420475035,-0.04089737794724979
2024-11-13,2468.27,2478.87,2415.77,2417.08,619176.0,2511.418,2538.496,2567.5820000000003,2604.909666666667,2673.873083333333,2644.724375,26.813711463225417,-29.91913994991819,-16.104320131334788,-13.814819818583402,2567.5820000000003,2660.3740312525724,2474.7899687474282,0.07227970226662446,-0.310964034133204,38.609900664278506,2622.71,2481.53,2718.47,2481.53,-0.026379920807872548,-0.057120900640138084,-0.07404342696026611,-0.07685139212466108
2024-11-14,2430.26,2441.43,2410.93,2418.86,639990.0,2482.264,2524.767,2558.0600000000004,2601.5323333333336,2671.179083333334,2644.4229583333336,27.217548812006655,-36.92675424182562,-20.268806953432957,-16.657947288392663,2558.0600000000004,2669.070159354805,2447.0498406451957,0.08679245940658523,-0.1269696431796692,38.03062204540147,2622.71,2415.77,2718.47,2415.77,0.0007364257699373766,-0.05683860829827303,-0.07298509178706936,-0.07729925615105848
2024-11-15,2413.05,2433.18,2390.56,2416.86,623327.0,2453.406,2512.217,2549.2120000000004,2597.7383333333337,2668.6180833333333,2644.0331250000004,27.037026716807162,-42.155776786860315,-24.646200920118428,-17.509575866741887,2549.2120000000004,2674.6784877327013,2423.7455122672995,0.09843550691955073,-0.027439646999478477,38.35843475644422,2618.71,2410.93,2718.47,2410.93,-0.0008268357821452632,-0.05633797317611233,-0.06822370095072139,-0.08608054452637548
2024-11-18,2440.31,2480.01,2437.53,2469.07,443926.0,2440.888,2500.227,2542.4195000000004,2593.9356666666667,2666.4981666666667,2643.8554999999997,38.503728577125116,-41.607281324572796,-28.038417001009304,-13.568864323563492,2542.4195000000004,2669.781814280876,2415.057185719125,0.10018985008640435,0.2120439416708438,40.12926084526964,2618.71,2390.56,2718.47,2390.56,0.021602409738255446,-0.0247229090794181,-0.05215131366798209,-0.08459048727768859
2024-11-19,2469.13,2479.39,2465.15,2471.95,410856.0,2438.764,2489.734,2537.482,2590.562166666667,2664.416,2643.676291666667,39.072545500907864,-40.47364777064831,-30.525463154937107,-9.948184615711206,2537.482,2667.7005709642867,2407.263429035713,0.10263605492711811,0.2483769038673727,38.28002792775037,2617.8,2390.56,2718.47,2390.56,0.0011664310853882753,-0.004277824995871371,-0.03841366164857818,-0.07568539762784376
2024-11-20,2475.76,2489.15,2471.79,2482.29,408790.0,2451.806,2481.612,2531.6155000000003,2586.9898333333335,2662.7050833333333,2643.6165416666668,41.17627071909915,-38.299391877737435,-32.08024889949717,-6.219142978240264,2531.6155000000003,2660.674471400603,2402.5565285993976,0.1019577984102268,0.30890324994574536,36.78574021862535,2617.8,2390.56,2718.47,2390.56,0.004182932502680092,0.02697883396494949,-0.045133519514390485,-0.07948439348371861
2024-11-21,2474.62,2496.97,2474.62,2480.63,451119.0,2464.1600000000003,2473.212,2526.5955,2583.3148333333334,2660.6854166666667,2643.5539166666663,40.931921841842964,-36.291876384684656,-32.92257439653467,-3.369301988149985,2526.5955,2655.38588077039,2397.8051192296098,0.10194776391423964,0.32154917267482913,35.75461591729496,2617.8,2390.56,2718.47,2390.56,-0.0006687373352830539,0.025536823131557806,-0.038899199156925746,-0.0816325019528864
2024-11-22,2493.42,2511.23,2492.21,2501.24,543518.0,2481.036,2467.221,2522.4939999999997,2579.874333333333,2658.838666666667,2643.468416666666,45.2741296283212,-32.66135140996039,-32.87032979921982,0.20897838925942835,2522.4939999999997,2649.008242107291,2395.979757892708,0.10030885473447428,0.41600155189652377,35.3864290660596,2617.8,2390.56,2718.47,2390.56,0.008308373276143532,0.0349130690234436,-0.03175432688027202,-0.0762389803779634
2024-11-25,2524.11,2541.76,2517.98,2534.34,564692.0,2494.09,2467.489,2518.5895,2577.0851666666663,2657.647333333334,2643.528958333334,51.44726934406281,-26.804258037627278,-31.657115446901308,4.85285740927403,2518.5895,2638.402861938403,2398.776138061597,0.09514322356890868,0.5657293132634804,35.75311270419823,2617.8,2390.56,2718.47,2390.56,0.013233436215637218,0.026435054494202248,-0.02989171001711044,-0.061942709933412
2024-11-26,2521.39,2526.62,2512.21,2520.36,441709.0,2503.772,2471.268,2513.7174999999997,2574.1243333333337,2656.6883333333335,2643.46675,48.93648142683957,-23.02511926400257,-29.930716210321563,6.905596946318994,2513.7174999999997,2624.5884990709164,2402.846500929083,0.08821277575615932,0.5299559851343615,34.78003322532694,2617.8,2390.56,2718.47,2390.56,-0.005516229077392909,0.019583729444365927,-0.03722209488883799,-0.06584482637202982
2024-11-27,2518.82,2526.32,2498.32,2503.06,414339.0,2507.9260000000004,2479.866,2509.181,2571.021166666667,2655.5761666666667,2643.4586249999998,45.9480816165302,-21.18191801100329,-28.18095657045791,6.999038559454618,2509.181,2613.8254194211218,2404.5365805788783,0.08340922350449945,0.47075333766549327,34.295745137803586,2613.47,2390.56,2700.18,2390.56,-0.006864098779539529,0.008367273767368122,-0.03497970151785612,-0.06923491679836391
2024-11-28,2499.69,2513.63,2495.64,2504.67,342571.0,2512.734,2488.447,2506.607,2567.9351666666666,2654.094083333333,2643.415791666667,46.276881481927155,-19.367992037730346,-26.418363663912398,7.050371626182052,2506.607,2609.0121026266947,2404.201897373305,0.0817081438188713,0.49054246345975067,33.13104905653192,2593.15,2390.56,2695.59,2390.56,0.0006432127076458904,0.00969108653850026,-0.020139663165307242,-0.068837064052375
2024-11-29,2496.93,2496.93,2446.96,2455.91,384278.0,2503.668,2492.352,2502.2845,2564.4956666666667,2652.3758333333335,2643.255916666667,38.61553535933881,-21.615793716360713,-25.457849674402063,3.8420559580413496,2502.2845,2605.582374029354,2398.9866259706464,0.08256285328814833,0.2755302302406424,34.88668840963679,2593.15,2390.56,2695.59,2390.56,-0.01946763445883104,-0.01812301098655067,-0.03400383895278414,-0.07751626425469915
2024-12-02,2479.02,2483.29,2448.45,2454.48,328110.0,2487.696,2490.893,2495.56,2560.831833333333,2650.4173333333333,2643.0855,38.41467456283038,-23.244632140172143,-25.01520616755608,1.7705740273839368,2495.56,2592.738979414197,2398.381020585803,0.07788150107727074,0.2886374180525786,34.88335352323418,2593.15,2390.56,2695.59,2390.56,-0.0005822688942184184,-0.03151116266957077,-0.0519472995052086,-0.08220064240869607
2024-12-03,2472.06,2500.67,2471.55,2500.1,324138.0,2483.644,2493.7079999999996,2491.7210000000005,2557.8168333333333,2648.5625833333334,2643.1189583333335,47.751712213621914,-20.616689228455016,-24.13550277973587,3.5188135512808536,2491.7210000000005,2581.5337841456067,2401.9082158543943,0.07208895710683996,0.5466470340481554,35.69097112871745,2593.15,2390.56,2695.59,2390.56,0.018586421563834277,-0.008038534177657208,-0.02979572195833724,-0.06747482282730333
2024-12-04,2450.76,2483.04,2442.46,2464.0,670284.0,2475.832,2491.879,2486.7455,2554.473,2646.5861666666665,2642.8945833333337,42.288024471714614,-21.202583651144323,-23.548918954017562,2.346335302873239,2486.7455,2570.9492556109326,2402.5417443890674,0.06772205327077709,0.3649377344574947,37.25875890523762,2593.15,2390.56,2695.59,2390.56,-0.014439422423103032,-0.015604899602886024,-0.038817870809944255,-0.07529375560584395
2024-12-05,2471.45,2471.45,2434.78,2441.85,519352.0,2463.268,2488.001,2480.6065,2552.1571666666664,2644.3905833333333,2642.546625,39.315585911822446,-23.186944425033744,-23.4765240482208,0.28957962318705555,2480.6065,2558.897273983824,2402.3157260161756,0.06312228399290597,0.252483606765674,37.21670469772062,2593.15,2390.56,2681.45,2390.56,-0.008989448051948123,-0.02508114841476128,-0.0478743522457431,-0.05383989460632377
2024-12-06,2451.6,2459.24,2397.73,2428.16,630409.0,2457.718,2480.693,2473.957,2549.7015,2641.8905,2642.1003333333338,37.55840285788214,-25.569484126228417,-23.89511606382232,-1.6743680624060957,2473.957,2546.104473164255,2401.8095268357447,0.05832556763456696,0.18261535718835312,38.95194007645485,2593.15,2390.56,2681.45,2390.56,-0.005606404979830892,-0.011299273996196901,-0.05192589266540426,-0.05720830906620078
2024-12-09,2392.37,2399.52,2360.18,2360.58,591644.0,2438.9379999999996,2463.317,2465.403,2546.6398333333336,2638.6045833333333,2641.475,30.347701882608476,-32.535753303788624,-25.62324351181558,-6.912509791973044,2465.403,2547.971249369765,2382.834750630235,0.06698154368252575,-0.134765789514148,41.02537292813664,2562.05,2390.56,2681.45,2390.56,-0.027831773853452813,-0.03825657573090846,-0.06757621481557552,-0.0722011728268902
2024-12-10,2384.51,2419.06,2384.51,2417.84,598770.0,2422.486,2453.0649999999996,2462.1665000000003,2544.671666666667,2635.7664166666664,2640.948583333333,40.730603008306,-33.05512940240351,-27.10962068993317,-5.945508712470339,2462.1665000000003,2546.837171964902,2377.4958280350984,0.06877737306953195,0.23824171362207586,42.27213200469831,2541.76,2360.18,2681.45,2360.18,0.024256750459632936,-0.03290268389264417,-0.026073786439053115,-0.04656674277286821
2024-12-11,2412.15,2443.34,2411.38,2442.51,617716.0,2418.1879999999996,2447.01,2463.4379999999996,2543.3229999999994,2633.253166666667,2640.4442083333333,44.564774847568124,-31.117374158840903,-27.911171383714716,-3.2062027751261866,2463.4379999999996,2546.1022180389305,2380.773781961069,0.06711288698065941,0.3734156053460558,41.53555114721986,2541.76,2360.18,2681.45,2360.18,0.010203321973331514,-0.00872159090909086,0.010520959173879296,-0.032067463729922974
2024-12-12,2456.63,2487.95,2448.76,2482.12,664187.0,2426.242,2444.755,2466.6009999999997,2542.802166666667,2630.904833333333,2640.091125,50.14174725152492,-26.084803820906473,-27.54589787115307,1.4610940502465972,2466.6009999999997,2547.0106914307444,2386.191308569255,0.06519878280333521,0.5964995619549569,41.81444035098985,2541.76,2360.18,2681.45,2360.18,0.01621692439334943,0.01649159448778592,0.0261528157892561,-0.012433505611987083
2024-12-13,2473.75,2500.32,2470.24,2494.46,577737.0,2439.5019999999995,2448.6099999999997,2470.481,2541.508333333333,2628.380916666667,2639.782416666667,51.769648685701945,-20.860256646502876,-26.208769626223035,5.348512979720159,2470.481,2548.3648380922978,2392.5971619077027,0.0630515580506772,0.6539407955960203,40.97626604020489,2541.76,2360.18,2681.45,2360.18,0.004971556572607394,0.027304625724828835,0.03210777620548977,-0.030181681045375552
2024-12-16,2511.08,2515.62,2483.43,2488.97,526708.0,2465.1800000000003,2452.059,2471.4759999999997,2540.067666666667,2625.7254166666667,2639.260208333333,50.97226589393465,-16.967175451211915,-24.360450791220813,7.393275340008898,2471.4759999999997,2549.7696943564874,2393.182305643512,0.06335784313219128,0.6117203635860268,40.34867560876169,2541.76,2360.18,2681.45,2360.18,-0.0022008771437506125,0.05438917554160416,0.008059714791398997,-0.033563587933571726
2024-12-17,2487.31,2487.31,2455.05,2456.81,559040.0,2472.974,2447.7300000000005,2470.719,2538.001166666667,2622.9966666666664,2638.6635,46.45806258434942,-16.28915257226663,-22.746191147429975,6.457038575163345,2470.719,2549.272063313834,2392.165936686166,0.06358720948342096,0.411467488260572,39.88948449385012,2541.76,2360.18,2681.45,2360.18,-0.012921007485023894,0.016117691824107494,-0.0061247193511194675,-0.048043242405455766
2024-12-18,2463.06,2492.0,2462.82,2484.43,441678.0,2481.358,2449.773,2470.826,2536.1855,2620.660833333334,2638.184,50.51167522220666,-13.36900185432114,-20.87075328880821,7.501751434487069,2470.826,2549.447616976422,2392.204383023578,0.06363994629846217,0.5865156462253857,39.55380703000369,2541.76,2360.18,2681.45,2360.18,0.01124222060313973,0.017162672824266645,0.0008621071671721658,-0.04200711815128577
2024-12-19,2426.55,2450.05,2423.59,2435.93,504467.0,2472.12,2449.1809999999996,2468.591,2533.4175,2617.8403333333335,2637.4895833333335,44.18563420104152,-14.7977270541719,-19.65614804188095,4.858420987709049,2468.591,2548.501576496403,2388.680423503597,0.064741851928005,0.2956403180155366,41.074249385003405,2541.76,2360.18,2681.45,2360.18,-0.019521580402748318,-0.018609092227611868,-0.018019615984649184,-0.06382757944819595
2024-12-20,2429.63,2430.69,2389.86,2404.15,617782.0,2454.058,2446.7799999999997,2463.7365,2529.625333333334,2614.6078333333335,2636.6172916666665,40.597745321304615,-18.28362027850926,-19.381642489206612,1.0980222106973514,2463.7365,2546.8555267687725,2380.6174732312275,0.0674739581678256,0.14155920541657324,41.431088714646,2541.76,2360.18,2681.45,2360.18,-0.013046351906663922,-0.0362042285705122,-0.03881674689354064,-0.08645808000972754
2024-12-23,2423.36,2446.97,2413.62,2442.01,428167.0,2444.666,2454.923,2459.12,2527.0535,2611.757416666667,2635.728666666667,46.20220521109177,-17.786201918334427,-19.062554375032178,1.2763524566977509,2459.12,2536.0677851532346,2382.172214846765,0.06258156182149281,0.38882071156481873,41.530296663599835,2541.76,2360.18,2681.45,2360.18,0.015747769481937457,-0.018867242272907925,-0.03643157587379753,-0.05943412214210886
2024-12-24,2450.55,2452.85,2432.42,2440.52,386778.0,2441.4080000000004,2457.191,2455.1279999999997,2523.2026666666666,2608.779916666667,2634.7732916666664,46.01819127166046,-17.312655317988174,-18.712574563623377,1.3999192456352034,2455.1279999999997,2527.0747988446233,2383.181201155376,0.058609407611027675,0.398480542327205,40.02313261619984,2526.62,2360.18,2681.45,2360.18,-0.0006101531115761949,-0.006630549370932215,-0.031678014251932285,-0.08648472620968206
2024-12-26,2449.52,2449.52,2428.82,2429.67,322800.0,2430.4559999999997,2455.907,2451.4584999999997,2519.5341666666664,2605.6579166666666,2634.0331250000004,44.62442856687988,-17.60987487249804,-18.49203462539831,0.8821597529002716,2451.4584999999997,2520.687161484887,2382.2298385151125,0.05647957041482628,0.342633820063413,38.64290885789983,2526.32,2360.18,2681.45,2360.18,-0.004445773851474266,-0.022041273048546306,-0.029320112182688374,-0.08306727350949894
2024-12-27,2419.46,2423.86,2388.33,2404.77,311291.0,2424.2239999999997,2448.172,2446.4635000000003,2516.3925000000004,2602.5238333333336,2633.2737500000003,41.51674438825152,-19.62838164742743,-18.719304029804135,-0.9090776176232964,2446.4635000000003,2514.00961706819,2378.9173829318106,0.055219394908764985,0.19137012007729798,38.83555822519271,2515.62,2360.18,2668.66,2360.18,-0.010248305325414653,-0.012791828993443888,-0.039885493897399704,-0.07268815048182409
2024-12-30,2397.49,2429.75,2390.44,2399.49,303964.0,2423.292,2438.675,2443.6425,2513.6891666666666,2599.236166666667,2632.529625,40.86683255253749,-21.407344144623494,-19.25691205276801,-2.1504320918554853,2443.6425,2514.0278708876344,2373.2571291123654,0.05760692972694206,0.18635172733204297,38.86944692339323,2515.62,2360.18,2635.32,2360.18,-0.0021956361731060303,-0.0019383149969844915,-0.022973154553709296,-0.0633175755067944
2025-01-02,2400.87,2410.99,2386.84,2398.94,350692.0,2414.678,2429.672,2440.8655,2510.8430000000003,2595.686166666667,2631.8259583333333,40.79519287917231,-22.601034486932804,-19.92573653960097,-2.675297947331835,2440.8655,2513.6626561188355,2368.0683438811643,0.05964864194183217,0.21203888836289303,37.81805785743654,2515.62,2360.18,2635.32,2360.18,-0.00022921537493370003,-0.01763711041314331,-0.022628010821029276,-0.06645496962692288
2025-01-03,2402.58,2454.67,2402.58,2441.92,407536.0,2414.9579999999996,2428.183,2437.9565,2508.0353333333333,2592.183583333333,2631.328791666667,48.40660336470073,-19.85009632792253,-19.91060849726528,0.06051216934275061,2437.9565,2505.514282756618,2370.3987172433817,0.05542164739741506,0.5293341480305763,39.097482296191075,2515.62,2360.18,2635.32,2360.18,0.017916246342134512,0.0005736482389000486,-0.023271069157233648,-0.06453466545100717
2025-01-06,2453.3,2489.1,2446.82,2488.64,302761.0,2426.7519999999995,2428.6040000000003,2439.1884999999997,2506.273333333333,2589.1075833333334,2631.106541666667,55.155576848522934,-13.741639407581715,-18.67681467932857,4.9351752717468536,2439.1884999999997,2509.4458367769535,2368.931163223046,0.057607140060683064,0.8519312165005203,39.67480498932027,2515.62,2360.18,2635.32,2360.18,0.01913248591272443,0.024270785744566092,0.010000000000000009,-0.040749934473242044
2025-01-07,2513.49,2521.86,2492.09,2492.1,407693.0,2444.218,2434.221,2441.701,2504.489,2585.98025,2630.9058333333332,55.618599831890165,-8.52320006078935,-16.646091755620727,8.122891694831377,2441.701,2515.6560633560002,2367.745936644,0.060576674503553224,0.8407406992364563,39.21374749008313,2515.62,2360.18,2635.32,2360.18,0.001390317603188862,0.03631532329495135,0.02057865962282701,-0.04119023068991523
2025-01-08,2481.25,2526.77,2481.25,2521.05,362909.0,2468.53,2445.911,2446.3455000000004,2503.224666666667,2583.0890833333333,2630.889166666667,59.396215521860086,-2.028147010615612,-13.722502806619705,11.694355796004093,2446.3455000000004,2527.6206308764845,2365.0703691235162,0.06644615887370293,0.9595778511481584,39.664194097934335,2521.86,2360.18,2635.32,2360.18,0.011616708799807585,0.0506607654126503,0.03825530442804448,-0.02921163998752352
2025-01-09,2526.1,2535.87,2515.82,2521.9,404290.0,2493.1220000000003,2453.9,2454.4115,2501.534833333333,2580.010333333333,2630.872125,59.505201607886534,3.1514888208384946,-10.347704481128066,13.49919330196656,2454.4115,2531.974105493813,2376.848894506187,0.06320260925587494,0.9350582318007831,38.26318023379615,2526.77,2360.18,2635.32,2360.18,0.0003371611035083433,0.05125597138736282,0.06833913699175631,-0.0386499395796881
2025-01-10,2528.42,2535.24,2506.29,2515.78,377587.0,2507.8940000000002,2461.4260000000004,2459.3085,2499.573666666666,2577.1668333333337,2630.9479166666665,58.292006290961595,6.685488531284136,-6.941065878645626,13.626554409929762,2459.3085,2539.3444854752124,2379.2725145247878,0.0650882030255353,0.8527881843692029,37.59795307423927,2535.87,2384.51,2635.32,2360.18,-0.002426741742337035,0.03024669112829259,0.040507229593356175,-0.044682830507508986
2025-01-13,2508.15,2513.93,2483.73,2489.56,578565.0,2508.0780000000004,2467.415,2461.661,2497.5603333333333,2574.072166666667,2631.1715,53.2800595810797,7.286479888114627,-4.095556725293575,11.382036613408202,2461.661,2542.346901345825,2380.9750986541753,0.06555403148185289,0.6728864617897931,37.20167071179362,2535.87,2386.84,2622.71,2360.18,-0.010422214979052269,0.00036967982512536857,0.019262971287732578,-0.04627714185016629
2025-01-14,2501.49,2504.89,2482.74,2497.4,414488.0,2509.138,2476.678,2462.425,2495.6953333333336,2570.99975,2631.4104999999995,54.538716008403014,8.299718359840426,-1.6165017082667745,9.9162200681072,2462.425,2544.1539482373787,2380.6960517626217,0.06638086296019453,0.713969473205604,36.126551375236936,2535.87,2386.84,2622.71,2360.18,0.003149150853966276,0.0021267204365795767,0.006156027911623951,-0.042885064959950925
2025-01-15,2511.07,2524.36,2493.1,2496.81,538534.0,2504.29,2486.4100000000003,2462.5425,2494.0785000000005,2568.1124166666664,2631.5107916666666,54.41989772569168,8.951916953245473,0.497182024035675,8.454734929209797,2462.5425,2544.4618698400327,2380.6231301599673,0.06653235007317249,0.7091538305709351,35.778940562720024,2535.87,2386.84,2618.71,2360.18,-0.00023624569552338492,-0.009615041351817788,0.0009420876662684652,-0.037400436421956895
2025-01-16,2528.27,2534.01,2519.86,2527.49,451063.0,2505.408,2499.2650000000003,2464.4685,2492.788,2565.6385833333334,2631.773875,59.37608963343119,11.80829001698794,2.759403622626128,9.048886394361812,2464.4685,2550.491161264273,2378.4458387357267,0.06981031509574841,0.8663075466032683,35.88044480824004,2535.87,2386.84,2618.71,2360.18,0.012287679078504032,0.00221658273523917,0.0154762813533309,-0.0297245212904812
2025-01-17,2520.85,2528.48,2513.84,2523.55,445885.0,2506.962,2507.428,2467.8055,2492.002166666666,2563.372666666667,2631.9611250000003,58.49640392290026,13.59731973909993,4.926986845920888,8.670332893179042,2467.8055,2557.4813059845997,2378.1296940154,0.07267655897889823,0.8108112572167648,34.36327017908003,2535.87,2386.84,2617.8,2360.18,-0.0015588587887586103,0.0030885053542042407,0.027165307858564747,-0.01834130781499188
2025-01-20,2533.68,2536.72,2516.28,2520.05,437546.0,2513.06,2510.5690000000004,2469.5865000000003,2490.676,2561.3438333333334,2632.1709583333336,57.678900789446715,14.56482371238917,6.854554219214545,7.710269493174625,2469.5865000000003,2561.888640229723,2377.2843597702777,0.07475108908290734,0.7733604002811076,33.36875088057429,2535.87,2386.84,2617.8,2360.18,-0.0013869350716252393,0.012247144073651572,0.014337292658678447,-0.030608319677491225
2025-01-21,2533.23,2548.44,2507.95,2518.03,572011.0,2517.186,2513.1620000000003,2473.6915,2489.6259999999997,2559.2083333333335,2632.3696666666665,57.1822064903399,14.995719147730597,8.482787204917756,6.512931942812841,2473.6915,2566.9389317661726,2380.4440682338272,0.07539131841312684,0.7377464942476033,33.877411531961855,2536.72,2386.84,2617.8,2360.18,-0.0008015713973928973,0.008260591014655372,0.03370375996026165,-0.024408860028748203
2025-01-22,2535.8,2552.57,2526.89,2547.06,583737.0,2527.236,2515.763,2480.837,2489.0225,2557.444583333333,2632.655083333333,62.217688760053825,17.478207376015234,10.281871239137253,7.1963361368779815,2480.837,2573.5744474739645,2388.0995525260355,0.0747630315687524,0.8570456261403555,33.92473927967887,2548.44,2386.84,2617.8,2360.18,0.011528853905632408,0.020125680368149768,0.05944304639893505,-0.014017117839018045
2025-01-23,2541.24,2541.6,2515.49,2515.49,609742.0,2524.8360000000002,2515.1220000000003,2484.511,2487.4068333333335,2555.81825,2632.7169166666667,54.68580472978329,16.70559037679641,11.566615066669083,5.138975310127325,2484.511,2576.6245166845015,2392.3974833154984,0.07415021844097412,0.6681566458161952,33.756543616844674,2552.57,2386.84,2617.8,2360.18,-0.012394682496682519,-0.004747793265255207,0.03008996687155241,-0.03710721435598274
2025-01-24,2529.29,2542.83,2522.64,2536.8,602015.0,2527.486,2517.2239999999997,2489.325,2486.0568333333335,2554.1924166666668,2632.875208333333,58.35092834747733,17.609829589639048,12.775257971263077,4.834571618375971,2489.325,2581.801958535548,2396.848041464452,0.07429882280180207,0.7566855612025295,33.29821907278435,2552.57,2386.84,2617.8,2360.18,0.008471510520813297,0.005250539914009922,0.03945060888663088,-0.03094201237680494
2025-01-31,2534.33,2537.98,2496.95,2517.37,454403.0,2526.95,2520.005,2493.71,2484.783166666667,2552.1244166666665,2632.9597083333333,54.05768200318637,16.567625786713506,13.533731534353164,3.0338942523603425,2493.71,2582.707952560635,2404.712047439365,0.07137794896811175,0.6329244062321553,33.85048913901405,2552.57,2386.84,2613.47,2360.18,-0.007659255755282368,-0.0010634709628778438,0.03609543682886973,-0.02946267816592707
2025-02-03,2468.74,2468.74,2437.61,2453.95,522848.0,2514.134,2515.66,2496.169,2483.0798333333328,2549.75575,2632.590916666667,42.94967710733446,10.503134194259019,12.927612066334335,-2.4244778720753164,2496.169,2577.5972238292397,2414.74077617076,0.06524255675736688,0.2407594196790049,37.12973991479875,2552.57,2386.84,2593.15,2360.18,-0.025192959318654062,-0.025448465665619646,0.020451020263892117,-0.03998200418598297
2025-02-04,2481.44,2508.35,2471.63,2481.69,479377.0,2501.06,2514.148,2500.279,2482.0686666666666,2547.3474166666665,2632.0341666666664,47.984416762204255,7.84493554838491,11.91107676274445,-4.06614121435954,2500.279,2569.094330530227,2431.463669469773,0.05504612127704719,0.364935619310622,38.36332992088456,2552.57,2386.84,2593.15,2360.18,0.011304223802441005,-0.02566488421945301,0.034257279671930485,-0.02386365424251491
2025-02-05,2503.94,2514.71,2498.74,2509.27,437344.0,2499.816,2512.326,2505.7954999999997,2480.7403333333336,2545.1106666666665,2631.6923333333334,52.47510179113154,7.873014266877817,11.103464263571123,-3.230449996693306,2505.7954999999997,2556.550516096774,2455.0404839032253,0.0405101023581329,0.534228144006254,37.981663497964234,2552.57,2386.84,2593.15,2360.18,0.011113394501327756,-0.002472679279186041,0.045991146089522816,-0.030784443234181835
2025-02-06,2521.82,2536.75,2515.34,2536.75,479697.0,2499.8059999999996,2513.646,2510.537,2480.0715,2543.948666666666,2631.527958333333,56.50441857892227,9.997429054678378,10.882257221792575,-0.8848281671141969,2510.537,2553.685171270442,2467.3888287295576,0.034373658918743014,0.8037556312143976,37.23154467668108,2552.57,2402.58,2593.15,2360.18,0.010951392237583013,-1.970987070332164e-05,0.0388341960424583,-0.015573096147278975
2025-02-07,2532.09,2537.63,2519.01,2521.92,419872.0,2500.716,2513.8329999999996,2512.201,2479.378333333333,2544.6184166666667,2631.1627083333337,53.85095731436329,10.364905836520393,10.778786944738139,-0.4138811082177458,2512.201,2554.3994349944787,2470.0025650055213,0.03359479197283872,0.6151582991320851,35.90214862834671,2552.57,2437.61,2593.15,2360.18,-0.005846062875726754,0.0018074418937223946,0.01337276584801339,-0.01622384933158061
2025-02-10,2510.64,2527.33,2499.18,2521.27,393564.0,2514.18,2514.157,2513.6595,2478.655666666667,2544.6110833333328,2630.75,53.73185531082042,10.482844559199293,10.71959846763037,-0.23675390843107635,2513.6595,2554.9855007620276,2472.333499237973,0.03288114461169258,0.5920788348698952,35.348423726321954,2552.57,2437.61,2593.15,2360.18,-0.0002577401345007502,0.027433321787322607,0.01170498776132578,-0.016906922246094025
2025-02-11,2532.87,2549.44,2527.74,2539.05,451093.0,2525.6519999999996,2513.3559999999998,2514.5595000000003,2478.287333333333,2544.3664166666667,2630.2892083333336,56.56193823490048,11.874131654641133,10.950505105032523,0.9236265496086098,2514.5595000000003,2557.2515360135594,2471.867463986441,0.03395587657683909,0.7868275009444575,34.83567917444182,2552.57,2437.61,2593.15,2360.18,0.007052001570637012,0.023113281674987718,0.007139882191943725,-0.008628936220057337
2025-02-12,2534.71,2549.58,2528.74,2548.39,464894.0,2533.476,2516.6459999999997,2515.884,2478.5661666666665,2544.2969166666667,2629.9890833333334,58.01476382009408,13.573924887199155,11.475189061465851,2.0987358257333035,2515.884,2560.980748175261,2470.787251824739,0.03584962436683164,0.8604029261009104,33.835987804838844,2552.57,2437.61,2562.05,2360.18,0.0036785411866642193,0.015590191569659684,0.010503985090606127,0.006608312332619715
2025-02-13,2558.95,2583.74,2555.98,2583.17,680342.0,2542.76,2521.2830000000004,2519.2535,2480.2428333333332,2544.253083333334,2629.8614583333338,62.98006984923091,17.525456053594553,12.685242459891592,4.840213593702961,2519.2535,2573.047380423172,2465.4596195768277,0.042706206757813094,1.094087092223112,33.944131533064635,2552.57,2437.61,2552.57,2360.18,0.013647832553102202,0.01829900463191092,0.026786920954932514,0.040522523030569024
2025-02-14,2588.2,2600.57,2582.84,2591.05,499365.0,2556.5860000000002,2528.651,2524.3280000000004,2483.1423333333337,2544.026,2629.621,64.01834364857604,21.05026872181179,14.358247712275631,6.692021009536159,2524.3280000000004,2584.7050325867554,2463.9509674132455,0.04783612318744229,1.0525445450149262,32.785979280702875,2583.74,2437.61,2583.74,2360.18,0.0030505154519446798,0.027411654612358838,0.040766239817477956,0.07197527595280273
2025-02-17,2595.99,2612.8,2592.57,2610.42,366340.0,2574.416,2544.2980000000002,2529.9790000000003,2486.335,2543.9336666666663,2629.3300000000004,66.505152429259,25.11717017159117,16.51003220413874,8.60713796745243,2529.9790000000003,2599.6567863883574,2460.301213611643,0.05508171126191732,1.0772356167549055,31.997695046366957,2600.57,2437.61,2600.57,2360.18,0.007475733775882398,0.03535916423072494,0.04525506526787848,0.07919433121387764
2025-02-18,2613.25,2628.47,2605.15,2626.81,421993.0,2591.968,2558.81,2536.4790000000003,2489.8341666666665,2543.7862499999997,2629.2009166666667,68.4896410260737,29.32471780122887,19.072969323556766,10.251748477672106,2536.4790000000003,2616.110689144341,2456.8473108556595,0.06278915705144077,1.0671799818051413,31.377859685912156,2612.8,2437.61,2612.8,2360.18,0.006278683123788431,0.034564108623303946,0.05206643677332279,0.08686891255596096
2025-02-19,2633.91,2680.7,2633.91,2671.52,525799.0,2616.594,2575.035,2543.6805,2493.2083333333335,2543.572,2629.276791666666,73.16103746882239,35.85365434523328,22.42910632789207,13.424548017341209,2543.6805,2642.4975704836984,2444.8634295163015,0.07769613399457868,1.1468492709520737,32.985869708346996,2628.47,2437.61,2628.47,2360.18,0.017020644812529184,0.04831678039860465,0.056985388666226156,0.0819944351516968
2025-02-20,2661.72,2667.59,2645.53,2654.06,529303.0,2630.772,2586.766,2550.206,2496.2435,2543.4028333333335,2629.2342500000004,68.86734469606564,39.16750885298325,25.77678683291031,13.390722020072936,2550.206,2659.5228066492045,2440.8891933507957,0.08573174610145565,0.9750138756488989,32.48616472917934,2680.7,2437.61,2680.7,2360.18,-0.006535605198538685,0.027443025429994883,0.05171682748509032,0.07367058395194093
2025-02-21,2653.76,2656.04,2638.44,2654.58,444704.0,2643.478,2600.032,2556.9325,2499.115,2543.052416666667,2629.179583333333,68.92583640982892,41.358961714006455,28.893221809129543,12.465739904876912,2556.9325,2674.2614841214813,2439.6035158785185,0.09177323540725571,0.9161269303196926,31.42286724852367,2680.7,2437.61,2680.7,2360.18,0.0001959262413058216,0.024519017386773534,0.05338386143132068,0.06940768403369457
2025-02-24,2636.12,2645.27,2626.88,2645.27,536354.0,2650.448,2612.432,2563.2945,2501.8589999999995,2542.5869166666666,2629.1720416666667,66.51627968748221,41.861906699548854,31.486958787213403,10.37494791233545,2563.2945,2685.205173113465,2441.3838268865347,0.09512030171598718,0.8362113337021091,31.156948159343397,2680.7,2437.61,2680.7,2360.18,-0.003507146139879014,0.013350342090544753,0.0505315663435304,0.06637023659312358
2025-02-25,2617.64,2641.49,2617.12,2630.29,410285.0,2651.1440000000002,2621.556,2567.456,2504.009833333333,2541.942083333334,2629.193875,62.71711600871433,40.58390739534934,33.30634850884059,7.27755888650875,2567.456,2692.5076193256923,2442.404380674308,0.09741286263577033,0.7512322524842764,30.942166147961736,2680.7,2437.61,2680.7,2360.18,-0.005662937998767603,0.001324800804016979,0.03267689021852638,0.05159440917305025
2025-02-26,2629.86,2648.06,2620.16,2641.09,386763.0,2645.058,2630.826,2573.736,2505.7889999999998,2541.4370833333332,2629.1472083333338,64.30026459203964,39.98166967957695,34.64141274298787,5.3402569365890855,2573.736,2700.3237326441117,2447.148267355888,0.09836885573665041,0.7660368370344344,30.724868565964478,2680.7,2437.61,2680.7,2360.18,0.0041060111242487984,-0.011390519254955933,0.04993062981765006,0.042121420172510415
2025-02-27,2637.63,2638.47,2610.47,2621.75,513910.0,2638.596,2634.684,2577.9835,2507.478833333333,2540.8015833333334,2629.061333333333,59.43328722883443,37.51140742728103,35.215411679846504,2.2959957474345245,2577.9835,2705.028784253201,2450.9382157467985,0.09856175127048046,0.6722476369637361,30.717377954109896,2680.7,2437.61,2680.7,2360.18,-0.00732273417414786,-0.012173801647287541,0.03348707032481868,0.04022838007268792
2025-02-28,2585.61,2586.78,2531.24,2532.78,588572.0,2614.236,2628.857,2578.754,2507.9741666666664,2539.497666666667,2628.4717916666673,43.22455897249789,28.0512144099298,33.78257222586316,-5.7313578159333645,2578.754,2704.499781543464,2453.008218456536,0.09752444905056015,0.3171946627724097,34.98827952881635,2680.7,2437.61,2680.7,2360.18,-0.03393534852674729,-0.04588296453676277,0.006121468040057865,0.011873466876543226
2025-03-04,2522.2,2548.78,2513.31,2528.92,484081.0,2590.9660000000003,2620.707,2582.5025,2508.3783333333336,2538.15675,2627.969791666667,42.68070887454735,20.01179008681993,31.028415798054517,-11.016625711234589,2582.5025,2697.120449706738,2467.8845502932622,0.08876502516976291,0.2662560701133789,35.022688133900914,2680.7,2437.61,2680.7,2360.18,-0.0015240170879429193,-0.04398416796773108,0.03055074471770025,0.009681914184303642
2025-03-05,2548.45,2561.47,2535.18,2558.13,569412.0,2576.534,2613.839,2586.3244999999997,2510.0820000000003,2537.2888333333335,2627.6224583333333,48.011424262875266,15.815183678836092,27.985769374210832,-12.17058569537474,2586.3244999999997,2691.9891363689185,2480.659863631081,0.08171026982029422,0.36658497597265655,34.846067552907975,2680.7,2471.63,2680.7,2360.18,0.011550385144646791,-0.02743423728942429,0.030801590851395666,0.041622046410495495
2025-03-06,2573.55,2583.65,2565.57,2576.16,609616.0,2563.548,2604.303,2589.6690000000003,2512.11,2536.4709166666667,2627.3247083333335,51.03827003285714,13.785304770257426,25.145676453420155,-11.360371683162729,2589.6690000000003,2689.4360129650854,2489.9019870349152,0.07705001138375991,0.43229726139676977,34.179919870557406,2680.7,2498.74,2680.7,2360.18,0.007048117179345725,-0.024584546531924434,0.026657155268265287,0.04957465532414185
2025-03-07,2553.44,2575.48,2541.49,2563.48,567191.0,2551.894,2595.245,2591.0055,2513.166333333333,2535.491583333334,2626.83775,48.88277781116844,11.026336340228681,22.321808430781864,-11.295472090553183,2591.0055,2688.5934120535703,2493.41758794643,0.07532821682823143,0.35897075047117366,34.214925594089024,2680.7,2499.18,2680.7,2360.18,-0.0049220545307744334,-0.022225612663297367,0.010537104562925004,0.025350985960561623
2025-03-10,2555.4,2579.76,2549.99,2570.39,435695.0,2559.4159999999997,2586.826,2593.4289999999996,2514.9395,2534.70625,2626.465041666667,50.11909057997064,9.29032020456225,19.71551078553794,-10.425190580975691,2593.4289999999996,2686.328653799005,2500.529346200994,0.07164233437584419,0.3760006143303498,33.897430908796984,2680.7,2499.18,2680.7,2360.18,0.0026955544806277487,0.014849296030448711,0.019219483568075013,0.043177759740259614
2025-03-11,2516.69,2547.88,2505.91,2537.6,399016.0,2561.152,2576.059,2594.2455,2516.5353333333337,2534.34625,2625.8641666666667,44.60591736513148,5.208594511894717,16.814127530809298,-11.605533018914581,2594.2455,2684.8527302797906,2503.6382697202093,0.06985247177245997,0.18741181125898246,36.0819001295972,2680.7,2499.18,2680.7,2360.18,-0.012756819004119957,0.003432295209021996,0.006476894580905723,0.03921207281364536
2025-03-12,2552.6,2579.69,2541.66,2574.82,401645.0,2564.4900000000002,2570.5119999999997,2596.034,2518.9796666666666,2534.340583333333,2625.369375,51.171742566858896,4.920420883600855,14.43538620136761,-9.514965317766755,2596.034,2683.5727720725786,2508.4952279274216,0.06744038951152294,0.37883083405367285,36.511050120340265,2680.7,2505.91,2680.7,2360.18,0.014667402269861407,0.0065242970451071525,0.014087946279120134,0.0603996441750132
2025-03-13,2598.06,2600.07,2561.02,2573.64,427292.0,2563.986,2563.767,2597.2965,2522.5306666666665,2534.5852499999996,2624.764708333333,50.96549326093518,4.544439597802466,12.457196880654582,-7.912757282852116,2597.2965,2682.7539109774843,2511.8390890225155,0.06580489441808775,0.36158894980897055,36.69240368317312,2680.7,2505.91,2680.7,2360.18,-0.00045828446260332,-0.0009782001117942807,0.00990821656025953,0.09025747909412085
2025-03-14,2565.18,2576.74,2559.24,2566.36,362329.0,2564.5620000000004,2558.228,2596.456,2525.006,2534.8388333333337,2624.3460416666667,49.63627730205997,3.617338139153617,10.68922513235439,-7.071886993200772,2596.456,2682.778911998929,2510.1330880010714,0.06649287490250456,0.3256777991897823,35.321517705803615,2680.7,2505.91,2680.7,2384.51,-0.0028286784476460047,0.0011234727791908927,-0.006507508216648472,0.061426727988618035
2025-03-17,2588.32,2610.69,2587.52,2610.69,396574.0,2572.6220000000003,2566.0190000000002,2597.4379999999996,2527.809,2535.5660000000003,2624.0329166666666,56.99191682060425,6.386049667116367,9.828590039306786,-3.442540372190418,2597.4379999999996,2683.9392382800074,2510.936761719992,0.06660504564883381,0.5766000595107273,35.96498072681764,2680.7,2505.91,2680.7,2386.84,0.017273492417275715,0.015678554616225693,0.007579938634916239,0.06885539874964675
2025-03-18,2627.27,2638.56,2606.91,2612.34,555527.0,2587.57,2574.361,2597.534,2529.979333333333,2536.39075,2623.8502916666666,57.24223277336432,8.614116537547488,9.585695338954928,-0.9715788014074391,2597.534,2684.0968951455225,2510.9711048544777,0.06665005743564655,0.5855216312665457,35.656767817759246,2680.7,2505.91,2680.7,2386.84,0.0006320168231388479,0.029453026481714994,0.0007355138253615223,0.05246321692746525
2025-03-19,2613.48,2642.83,2613.48,2628.62,653327.0,2598.33,2581.4100000000003,2597.6245,2532.215333333333,2536.8618333333334,2623.593958333333,59.73251239501004,11.560275862955677,9.980611443755079,1.5796644192005989,2597.6245,2684.3133291475588,2510.935670852441,0.06674469627735562,0.6787744759318439,35.287712973633575,2680.7,2505.91,2680.7,2386.84,0.006231960617683718,0.020894664481400538,0.0006890486940434037,0.0537831835347129
2025-03-20,2648.16,2650.72,2629.2,2637.1,455019.0,2611.022,2587.504,2595.9035,2534.6841666666664,2537.375916666667,2623.103291666667,61.006460933220374,14.413246549666383,10.867138464937339,3.5461080847290436,2595.9035,2677.8953274645396,2513.91167253546,0.06317016596690879,0.7512232089095521,34.34573347551689,2680.7,2505.91,2680.7,2386.84,0.0032260273451469867,0.02465768328126705,-0.012884051027130639,0.059514578319545874
2025-03-21,2633.9,2645.82,2617.78,2643.13,497529.0,2626.3759999999997,2595.469,2595.357,2537.7895,2537.8953333333334,2622.664,61.928819608006506,16.965252112762755,12.086761194502424,4.878490918260331,2595.357,2675.9243499872923,2514.7896500127076,0.06208575543733856,0.7964786604470374,33.895323941551396,2667.59,2505.91,2680.7,2386.84,0.0022866027075196804,0.029913963746317718,-0.004118218879753943,0.07583818040467127
2025-03-24,2636.43,2648.82,2629.38,2632.07,372432.0,2630.652,2601.6369999999997,2594.2315,2540.2501666666667,2538.217833333333,2622.2244166666665,59.164484034462724,17.889071262051857,13.247223208012311,4.641848054039546,2594.2315,2672.0397708391274,2516.4232291608723,0.05998560331961704,0.7431521713047271,32.86280080286916,2656.04,2505.91,2680.7,2386.84,-0.004184432850446229,0.008189405865882238,-0.00847968416849365,0.0594261057868406
2025-03-25,2653.04,2654.63,2612.74,2615.81,439279.0,2631.346,2609.458,2592.7585,2543.2481666666667,2538.3328333333334,2621.63575,55.259199787212296,17.111903116770463,14.020159189763943,3.0917439270065206,2592.7585,2667.7090752544646,2517.8079247455353,0.057815315429080374,0.6537780058507751,33.50760074552139,2650.72,2505.91,2680.7,2386.84,-0.0061776472510229885,0.0013283110161770306,-0.011136859375413533,0.07384448650002273
2025-03-26,2628.09,2649.15,2618.05,2643.94,507916.0,2634.41,2616.37,2593.441,2547.2446666666665,2538.4349999999995,2621.172541666667,60.15877195419159,18.551991856316363,14.926525723074427,3.625466133241936,2593.441,2669.9779975631072,2516.9040024368924,0.059023511668942874,0.8298992749118624,33.49562926369844,2654.63,2505.91,2680.7,2386.84,0.010753839154984624,0.005828153175430506,0.0051895418375920155,0.09974003285984656
2025-03-27,2620.28,2633.03,2603.41,2607.15,403314.0,2628.4200000000005,2619.7210000000005,2591.744,2549.9970000000003,2538.52525,2620.5947499999997,52.119777909295365,16.534032984377973,15.248027175335137,1.2860058090428357,2591.744,2665.43181891178,2518.0561810882205,0.056863501111050846,0.604535595078776,33.998084316291425,2654.63,2505.91,2680.7,2386.84,-0.013914839217228803,-0.011357172651776493,-0.012850754801994602,0.06762462070179898
2025-03-28,2592.63,2592.63,2549.26,2557.98,513561.0,2611.3900000000003,2618.8830000000003,2588.5555,2551.9546666666665,2537.578666666667,2619.808708333333,43.712368647390974,10.84219588545966,14.366860917360041,-3.5246650319003816,2588.5555,2662.29258740502,2514.8184125949797,0.05697161015479116,0.2926721743696223,35.7046497222706,2654.63,2505.91,2680.7,2386.84,-0.0188596743570566,-0.03221559287662734,-0.02432344807857345,0.04812908724370213
2025-03-31,2513.44,2514.22,2479.46,2481.12,391593.0,2581.2,2605.926,2585.9725,2552.812166666667,2536.1731666666665,2618.6972916666664,34.37732137164653,0.12793951581670626,11.519076637051375,-11.391137121234669,2585.9725,2670.2148085805215,2501.730191419478,0.06515329036215327,-0.12232684364162658,38.762889027822695,2654.63,2505.91,2680.7,2386.84,-0.030047146576595685,-0.057350298434312275,-0.02039656030132908,0.021175715220585367
2025-04-01,2511.24,2530.61,2494.43,2521.39,453394.0,2562.316,2596.8309999999997,2585.596,2554.755833333333,2535.5741666666663,2617.7315833333337,41.43433843822779,-5.055457235507674,8.204169862539565,-13.25962709804724,2585.596,2670.9152935740553,2500.2767064259447,0.06599584279528227,0.12373106181270309,39.52911124012109,2654.63,2479.46,2680.7,2386.84,0.016230573289482075,-0.036095893814917734,-0.0029775556363982325,0.048495282293109065
2025-04-02,2525.62,2532.15,2499.83,2505.86,515600.0,2534.7,2584.555,2582.9825,2556.5286666666666,2535.108916666666,2616.8936249999997,39.662899514524554,-10.297771416910109,4.50378160664963,-14.80155302355974,2582.9825,2674.485232390766,2491.479767609234,0.07085044702452777,0.07857815835135298,39.0141747229696,2654.63,2479.46,2680.7,2386.84,-0.006159301020468799,-0.052225088315165924,-0.020432894340787988,0.044330253512204765
2025-04-03,2437.43,2488.92,2437.43,2486.7,480057.0,2510.6099999999997,2569.5150000000003,2578.5094999999997,2557.991333333333,2534.4171666666666,2615.829875,37.531009698886784,-15.816077155423045,0.43980985423509544,-16.25588700965814,2578.5094999999997,2679.1945226149674,2477.824477385032,0.07809552194007252,0.044075684667167304,41.11530509990037,2654.63,2479.46,2680.7,2386.84,-0.007646077594119505,-0.04619987342500442,-0.034726103968697575,0.03658282408063562
2025-04-04,2450.49,2506.71,2438.02,2465.42,695075.0,2492.098,2551.7439999999997,2573.6065000000003,2558.3830000000003,2533.209166666667,2614.79325,35.26390537633641,-21.656845729409724,-3.979521262493869,-17.677324466915856,2573.6065000000003,2685.6510713587995,2461.561928641201,0.08707203013265563,0.017216681326060364,43.084926164193206,2654.63,2437.43,2680.7,2402.58,-0.008557526038524887,-0.03618480207038366,-0.03825268775258628,0.009623574891888254
2025-04-07,2359.25,2369.4,2327.01,2328.2,619501.0,2461.514,2521.357,2561.4970000000003,2555.7090000000003,2530.9911666666667,2613.1705416666664,24.842825577862044,-36.93246958960526,-10.570110927916147,-26.362358661689115,2561.4970000000003,2716.4493374589047,2406.544662541096,0.12098576532309376,-0.25280245469634904,49.89386000960797,2654.63,2437.43,2680.7,2437.43,-0.055657859512780905,-0.06163345585864455,-0.09422305564525235,-0.06446894689468952
2025-04-08,2381.2,2381.31,2328.94,2334.23,557018.0,2424.082,2493.1989999999996,2551.3285,2553.0778333333333,2528.7834166666667,2611.625,25.879412552122147,-47.99864247620235,-18.055817237573386,-29.942825238628963,2551.3285,2735.2101952580633,2367.446804741937,0.14414584030089675,-0.09032112928728356,50.12358429463598,2654.63,2327.01,2680.7,2327.01,0.0025899836783782604,-0.07422889755254036,-0.0801426544766708,-0.06334818024958866
2025-04-09,2329.99,2337.58,2284.72,2293.7,699642.0,2381.65,2458.175,2537.2725,2549.288666666667,2526.2566666666667,2609.903083333333,23.530285655065356,-59.354890265117774,-26.315631843082265,-33.03925842203551,2537.2725,2752.1825090618877,2322.3624909381124,0.16940238706082034,-0.06668486745505331,50.31904255930485,2654.63,2327.01,2680.7,2327.01,-0.017363327521281224,-0.0846655439649463,-0.10918044756526679,-0.09018067868546853
2025-04-10,2395.13,2445.06,2391.39,2445.06,670388.0,2373.3219999999997,2441.966,2530.8435,2548.0080000000003,2524.771416666666,2608.916583333333,43.980935550422494,-55.5015243987109,-32.15281035420799,-23.348714044502906,2530.8435,2748.6899914819173,2312.9970085180826,0.17215326943915527,0.3031102098168963,57.536253805068796,2654.63,2284.72,2680.7,2284.72,0.06598944936129403,-0.016745083846060993,-0.049960367417354434,-0.030469090764899565
2025-04-11,2400.74,2433.18,2394.25,2432.72,369703.0,2366.782,2429.4399999999996,2524.1614999999997,2546.623666666667,2523.0986666666668,2607.926125,42.97193527918318,-52.83439701735324,-36.28912768683705,-16.54526933051619,2524.1614999999997,2745.4121661029108,2302.9108338970887,0.17530626792533766,0.2933531645109999,57.05580710470674,2654.63,2284.72,2680.7,2284.72,-0.00504691091425169,-0.013263460181226816,-0.052073754266743655,-0.03301560549809612
2025-04-14,2454.28,2465.56,2449.48,2455.89,488618.0,2392.32,2426.917,2516.4215,2546.0625,2521.8114166666664,2607.2855416666666,45.50017074231976,-48.2943468237836,-38.69017151422636,-9.604175309557242,2516.4215,2735.8457241207257,2296.997275879274,0.1743938558152724,0.3620674170261711,55.32610659722769,2654.63,2284.72,2680.7,2284.72,0.009524318458351111,0.05484494459238909,-0.059294669225377294,-0.013524478221051184
2025-04-15,2464.51,2482.56,2461.23,2477.41,560340.0,2420.9559999999997,2422.519,2509.675,2545.729333333333,2520.7123333333334,2606.8406666666665,47.814267864876754,-42.47026935789563,-39.44619108296021,-3.0240782749354196,2509.675,2725.1494457702192,2294.200554229781,0.17171501949074605,0.4251303330084729,53.279241840282864,2654.63,2284.72,2680.7,2284.72,0.008762607445773174,0.06133928533177957,-0.05165101020540985,-0.008004324497477455
2025-04-16,2472.78,2475.83,2442.72,2447.43,613174.0,2451.7019999999998,2416.676,2500.6155000000003,2544.9063333333334,2519.4924166666665,2606.060375,44.95076530495958,-39.81482098025799,-39.51991706241977,-0.29490391783821934,2500.6155000000003,2710.487470541528,2290.7435294584725,0.167856250224417,0.3732906069763219,51.951438851691236,2654.63,2284.72,2680.7,2284.72,-0.012101347778526783,0.06702271439159446,-0.06892970455980707,-0.019777235752820643
2025-04-17,2451.7,2473.24,2447.4,2470.41,601739.0,2456.772,2415.0469999999996,2492.281,2543.955,2518.3715,2605.5543333333335,47.54398003965904,-35.447448935325156,-38.70542343700085,3.2579745016756974,2492.281,2692.8433572756976,2291.7186427243023,0.16094682523816348,0.4454758103736891,50.08633607657042,2654.63,2284.72,2680.7,2284.72,0.009389441168899726,0.010367843733896098,-0.06320958628796791,-0.022583669965064113
2025-04-18,2473.3,2486.37,2466.9,2483.42,450985.0,2466.9119999999994,2416.847,2484.2954999999997,2543.2861666666668,2517.6441666666665,2604.9459166666666,49.00850538568783,-30.583924410829695,-37.08112363176662,6.497199220936928,2484.2954999999997,2672.536849386858,2296.0541506131412,0.15154505523747758,0.49767452793222283,47.89945492824395,2654.63,2284.72,2680.7,2284.72,0.0052663323092119185,0.020840869479430646,-0.06042457238198651,-0.015902201264092253
2025-04-21,2486.38,2498.84,2479.23,2488.42,428977.0,2473.418,2432.8689999999997,2477.1130000000003,2542.759,2516.7174999999997,2604.3850833333336,49.59099352334801,-26.026075573566686,-34.870114020126636,8.84403844655995,2477.1130000000003,2652.795651744519,2301.4303482554815,0.1418446810819844,0.5321801836656093,45.878779576226535,2654.63,2284.72,2680.7,2284.72,0.0020133525541390362,0.013245707258875639,-0.054576815966140724,-0.012551338267097867
2025-04-22,2481.18,2494.59,2476.14,2486.64,416680.0,2475.264,2448.1099999999997,2470.6545,2542.235833333333,2515.9309166666667,2603.5971250000002,49.37475702674494,-22.300512232991878,-32.35619366269969,10.05568142970781,2470.6545,2634.5701076125347,2306.7388923874655,0.132690028178796,0.5487613724917106,43.919581035067516,2654.63,2284.72,2680.7,2284.72,-0.0007153133313508864,0.0037256651099333293,-0.0493804978190312,-0.012466094526276672
2025-04-23,2520.56,2526.72,2507.1,2525.56,538116.0,2490.89,2471.296,2464.7355,2541.8775,2515.45,2603.1677083333334,54.08868981928321,-16.022757339573218,-29.089506398074395,13.066749058501177,2464.7355,2610.7681609323645,2318.702839067635,0.11849763265256229,0.7082564941693802,43.6453252468484,2649.15,2284.72,2680.7,2284.72,0.015651642376862007,0.03192328279051915,-0.0447740871578024,-0.008441104646141007
2025-04-24,2525.34,2530.61,2507.21,2522.33,327935.0,2501.2740000000003,2479.0229999999997,2460.4945,2541.9915000000005,2514.6991666666668,2602.609375,53.64227578998812,-11.179356698409265,-25.507476458141372,14.328119759732107,2460.4945,2594.1382093880115,2326.850790611988,0.10863158555161312,0.7313445963269072,42.199230586359235,2633.03,2284.72,2680.7,2284.72,-0.0012789242781798826,0.021016754303941454,-0.03253360949696038,0.002719152133381586
2025-04-25,2544.59,2553.33,2534.94,2546.3,403528.0,2513.85,2490.3810000000003,2459.9105,2542.1498333333334,2514.1033333333335,2602.0212916666665,56.51082767910446,-5.345132757914598,-21.47500771809602,16.12987496018142,2459.9105,2591.9374255075923,2327.8835744924077,0.1073428691877955,0.8271662188143294,41.399285544476434,2592.63,2284.72,2680.7,2284.72,0.009503118148695977,0.025319921720852845,-0.004566102940601557,0.003744875433617123
2025-04-28,2551.23,2558.69,2541.97,2548.86,454102.0,2525.9379999999996,2499.6780000000003,2463.2974999999997,2542.6746666666663,2513.7289166666665,2601.4246249999997,56.818153061795904,-0.509029867123445,-17.281812147901505,16.77278228077806,2463.2974999999997,2600.693482892467,2325.9015171075325,0.11155451819560339,0.8113719127689704,39.63647943415671,2553.33,2284.72,2680.7,2284.72,0.0010053803558103258,0.024288504352159235,0.027302186109499083,0.012509086864465724
2025-04-29,2550.25,2571.41,2542.25,2565.42,547081.0,2541.694,2508.4790000000003,2465.4990000000003,2544.5325000000003,2513.806166666667,2600.9320000000002,58.84421727263588,4.606766185401284,-12.904096481240947,17.510862666642232,2465.4990000000003,2607.868670210993,2323.1293297890074,0.11548953798885564,0.8509209505504797,38.888159474574074,2558.69,2284.72,2680.7,2284.72,0.006497022198159064,0.03168130489335019,0.017462590079281748,0.04542472340512238
2025-04-30,2561.04,2570.83,2544.46,2556.61,487489.0,2547.904,2519.397,2468.0364999999997,2545.7811666666666,2513.9249166666664,2600.431916666667,57.30380934874479,7.859577723015718,-8.751361640389614,16.610939363405333,2468.0364999999997,2614.9303670298614,2321.142632970138,0.11903702966294193,0.8014880804451644,37.99400522639021,2571.41,2284.72,2680.7,2284.72,-0.0034341355411589003,0.012294303045661259,0.020252528074194087,0.030189105005057115
2025-05-02,2556.52,2567.04,2540.57,2559.79,585492.0,2555.3959999999997,2528.335,2471.691,2546.6231666666663,2513.68175,2599.704541666667,57.733900021801176,10.57218416732303,-4.886652478847085,15.458836646170116,2471.691,2623.804320902498,2319.5776790975015,0.1230844154083163,0.789583448304537,37.170861995933755,2571.41,2284.72,2680.7,2284.72,0.0012438346091112606,0.014851347761791756,0.0293923673945391,0.02013334555468327
2025-05-07,2577.04,2581.85,2559.17,2573.8,546755.0,2560.896,2537.373,2477.1099999999997,2547.2406666666666,2513.6560833333333,2598.991,59.66179411380609,13.694571732893564,-1.1704076364989553,14.86497936939252,2477.1099999999997,2635.534697064523,2318.6853029354766,0.12791090994305715,0.805160753946781,36.13580042479562,2571.41,2284.72,2680.7,2284.72,0.005473105215662244,0.010799984290931874,0.04396005548750326,0.014605302059722103
2025-05-08,2581.27,2590.9,2575.78,2579.48,471636.0,2567.02,2546.4790000000003,2489.674,2548.2,2513.789166666667,2598.43825,60.44945335138272,16.437928694717357,2.3512596297443076,14.08666906497305,2489.674,2638.4290134146236,2340.9189865853764,0.11949758355079708,0.8018587338286358,34.776100394453074,2581.85,2284.72,2680.7,2284.72,0.002206853679384446,0.012013213750460938,0.10792887209002666,0.02282388021824633
2025-05-09,2587.93,2589.58,2571.2,2577.27,485550.0,2569.3900000000003,2555.5420000000004,2501.826,2549.133333333333,2513.8945,2597.81175,59.95888003068437,18.22365932070852,5.52573956793715,12.69791975277137,2501.826,2636.879374693059,2366.772625306941,0.10796384296354673,0.7793117912509198,33.60495036627786,2590.9,2284.72,2680.7,2284.72,-0.0008567618279653466,0.004619126692705144,0.10411998817597246,0.02221102856893542
2025-05-12,2593.94,2607.33,2585.6,2607.33,409749.0,2579.534,2563.719,2517.5075,2550.271333333333,2514.2793333333334,2597.3122500000004,64.21307436435757,21.813007710636157,8.783193196476951,13.029814514159206,2517.5075,2621.5205216606673,2413.494478339333,0.08263174720287202,0.9317848792675082,33.35173962582944,2590.9,2284.72,2680.7,2284.72,0.011663504405824643,0.019838770872365963,0.13673540567641806,0.026891947775742775
2025-05-13,2601.76,2620.64,2601.58,2608.42,422460.0,2589.26,2572.328,2525.6755000000003,2551.2718333333332,2514.919,2596.8042499999997,64.36093738909692,24.463545535102185,11.919263664202,12.544281870900186,2525.6755000000003,2631.2933595644777,2420.057640435523,0.0836353360235528,0.8917164215465193,32.33090108112733,2607.33,2391.39,2680.7,2284.72,0.0004180521836514295,0.01899765215115301,0.06681226636565163,0.023556049113361954
2025-05-14,2625.36,2646.01,2619.15,2640.57,390504.0,2602.614,2581.755,2536.068,2552.2284999999997,2516.2356666666665,2596.3357916666664,68.49564623675377,28.82606325472534,15.300623582306669,13.525439672418672,2536.068,2643.9342146549175,2428.201785345083,0.08506571168826486,0.9844056145583675,32.70655100390396,2620.64,2394.25,2680.7,2284.72,0.01232546905789711,0.025942186650089294,0.08543934361537708,0.02222075976416571
2025-05-15,2634.5,2643.83,2618.08,2621.36,339579.0,2610.9900000000002,2589.005,2544.3415,2552.7336666666665,2517.938,2595.9055416666665,63.7374289276412,30.383066445259374,18.31711215489721,12.065954290362164,2544.3415,2651.7219440807544,2436.9610559192456,0.08440725750120759,0.8586244248630558,32.20965450362511,2646.01,2442.72,2680.7,2284.72,-0.0072749444248779715,0.016235830477460578,0.06737679619201198,0.011697960286370268
2025-05-16,2630.64,2633.98,2619.1,2626.87,359707.0,2620.91,2595.15,2551.8145,2553.0078333333336,2519.6714166666666,2595.4252500000002,64.49920667236532,31.696239127925764,20.992937549502923,10.703301578422842,2551.8145,2660.3198103722543,2443.3091896277456,0.08504169121403955,0.8458609525308183,30.971822039080468,2646.01,2442.72,2680.7,2284.72,0.002101962340159247,0.019245170277076173,0.06032913405532403,0.006301667930830979
2025-05-19,2613.7,2619.43,2593.44,2603.42,313296.0,2620.1279999999997,2599.831,2559.614,2552.6180000000004,2521.2260833333335,2594.9220833333334,58.83449690799602,30.493212151349326,22.892992469872205,7.600219681477121,2559.614,2659.0296644396576,2460.1983355603425,0.07768020056122335,0.7203173928721717,31.147406179146138,2646.01,2442.72,2680.7,2284.72,-0.008926973927145143,-0.0014996183835570553,0.06373624577618164,-0.008904336438493754
2025-05-20,2622.68,2622.91,2598.1,2601.8,456989.0,2618.804,2604.032,2566.1835,2551.4559999999997,2522.3321666666666,2594.4151666666667,58.45256694632887,29.073937885924806,24.129181553082727,4.944756332842079,2566.1835,2658.24490348147,2474.1220965185303,0.07174966519850963,0.6934388280707071,30.694734309207124,2646.01,2447.4,2680.7,2284.72,-0.000622258413932375,-0.002537934841781553,0.05318550362085661,-0.026097502545367357
2025-05-21,2615.9,2633.41,2614.73,2625.58,371527.0,2615.806,2609.21,2573.2915000000003,2550.9813333333327,2523.6124166666664,2594.0142083333335,62.31936440146019,29.527623998359104,25.208870042138003,4.3187539562211015,2573.2915000000003,2660.5201467336124,2486.062853266388,0.06779538714025371,0.7997209171413819,30.76011042997802,2646.01,2466.9,2667.59,2284.72,0.009139826274117802,-0.0056768046293036445,0.05724363981928149,-0.010730729523823923
2025-05-22,2614.66,2616.53,2588.09,2593.67,358064.0,2610.268,2610.629,2578.554,2549.9661666666666,2524.5405833333334,2593.6228333333333,54.93135894050234,27.001051875641224,25.56730640883865,1.4337454668025735,2578.554,2656.915237458177,2500.192762541823,0.06077920994338465,0.5964507484205293,31.24081682783672,2646.01,2476.14,2656.04,2284.72,-0.012153505130295006,-0.010563219092379561,0.04229591467678295,-0.022945249342645524
2025-05-23,2603.57,2604.14,2589.51,2592.09,434024.0,2603.3120000000004,2612.111,2583.8265,2549.0798333333337,2525.469416666667,2593.077416666667,54.58629247418373,24.58779962136805,25.37140505134453,-0.7836054299764825,2583.8265,2649.9800674848784,2517.672932515122,0.051205889780043895,0.5624569491425306,30.054329911562647,2646.01,2476.14,2654.63,2284.72,-0.0006091754155308493,-0.013240091820303168,0.042406620982530674,-0.020103807928869233
2025-05-26,2598.45,2644.4,2595.96,2644.4,380173.0,2611.508,2615.818,2589.7685,2549.315,2526.6624166666666,2592.750541666667,62.89646465817838,26.58974956891643,25.615073954858914,0.9746756140575172,2589.7685,2655.2658114789897,2524.2711885210106,0.05058159559743626,0.9170514694906586,31.64402063216531,2646.01,2507.1,2654.63,2284.72,0.020180626444297856,0.01574083321169839,0.04705491059408606,0.005364427496587831
2025-05-27,2630.29,2642.63,2625.66,2637.22,318286.0,2618.5919999999996,2618.698,2595.513,2549.2505,2527.51975,2592.583541666667,61.239998221490076,27.28244825068259,25.948548814023653,1.333899436658939,2595.513,2656.329440244191,2534.6965597558087,0.04686275140536087,0.8428924796694548,30.722304872724948,2646.01,2507.21,2654.63,2284.72,-0.0027151716835578377,0.013613652087016481,0.04554915494800427,-0.001465304097929443
2025-05-28,2648.86,2692.47,2643.5,2670.15,405474.0,2627.5060000000003,2621.656,2601.7055,2550.0571666666665,2528.7679999999996,2592.7281666666668,65.70152211066546,30.141144388810517,26.787067928981028,3.354076459829489,2601.7055,2666.319768230591,2537.091231769409,0.04967070118473503,1.029639210303676,32.474283096101736,2646.01,2534.94,2654.63,2284.72,0.012486633652103452,0.01697529688678312,0.04863920197934246,0.018460951654429403
2025-05-29,2691.06,2720.64,2686.64,2720.64,448341.0,2652.9,2631.584,2610.2945,2553.188166666667,2530.5811666666664,2593.078666666667,71.17927736042964,36.065067068098415,28.642667756804506,7.422399311293908,2610.2945,2688.719455587963,2531.869544412037,0.06008897125436445,1.2035101210623858,33.76112001780874,2692.47,2540.57,2692.47,2284.72,0.018909050053367737,0.048953799056934644,0.06739483533815105,0.07417146376708583
2025-05-30,2713.24,2717.54,2689.87,2697.67,525661.0,2674.016,2638.6639999999998,2616.907,2556.000666666667,2532.1895,2593.141791666667,66.01388432906514,38.46295444283305,30.606725094010216,7.856229348822836,2616.907,2701.166862829068,2532.647137170932,0.06439652829012874,0.9792495340506198,33.54746858796526,2720.64,2540.57,2720.64,2284.72,-0.008442866384380077,0.040731610399330265,0.05155101308947452,0.06672808946111375
2025-06-02,2692.91,2719.87,2685.14,2698.97,323604.0,2684.93,2648.219,2624.025,2558.348,2534.2149999999997,2593.295416666667,66.16354294376629,40.00702056898899,32.486784189005974,7.520236379983018,2624.025,2710.7243791210335,2537.3256208789667,0.06608121425751158,0.9322118610294519,33.63193511739632,2720.64,2540.57,2720.64,2284.72,0.00048189734103853965,0.02063606111027072,0.05568311162046613,0.05505584157177301
2025-06-04,2737.92,2771.03,2734.02,2770.84,489937.0,2711.654,2665.123,2634.5775000000003,2561.5926666666664,2536.851333333333,2593.6343333333334,73.19191774503827,46.49405789781167,35.288238930767115,11.205818967044557,2634.5775000000003,2737.325069873802,2531.8299301261986,0.07799927682810749,1.1630935416154484,36.37679689472518,2720.64,2540.57,2720.64,2284.72,0.026628676865619205,0.05066699023972232,0.08244816957641055,0.07556984038258507
2025-06-05,2790.33,2831.11,2787.76,2812.05,556013.0,2740.034,2683.77,2646.4900000000002,2565.7355000000002,2539.450916666667,2594.00675,76.23956109298942,54.33405514520473,39.09740217365464,15.236652971550086,2646.4900000000002,2771.1894356040584,2521.790564395942,0.0942376019588649,1.1638362042218098,38.08345425938767,2771.03,2559.17,2771.03,2284.72,0.014872746170836226,0.05314308184933436,0.09256741005517144,0.09696584330675484
2025-06-09,2841.56,2867.27,2841.39,2855.77,537617.0,2767.06,2709.98,2660.3044999999997,2570.491833333333,2542.7156666666665,2594.6509166666665,78.97093179386694,63.34494694706291,43.946911128336296,19.398035818726612,2660.3044999999997,2810.797500697605,2509.8114993023946,0.11313968058739526,1.1494172456324436,39.30749324085997,2831.11,2571.2,2831.11,2284.72,0.015547376469123853,0.049668460362267686,0.10711073549707684,0.11102595326001108
2025-06-10,2872.62,2885.67,2849.67,2871.85,508185.0,2801.8959999999997,2737.956,2675.0335,2576.0626666666662,2546.299,2595.344791666667,79.88672930888033,70.96561776678618,49.350652456026275,21.614965310759906,2675.0335,2846.356947230576,2503.710052769424,0.12809069286838928,1.0744003613676818,39.071243723655684,2867.27,2571.2,2867.27,2284.72,0.005630705554018789,0.06456682989394547,0.11429923911736051,0.13171894703657006
2025-06-11,2887.32,2908.16,2879.92,2907.04,393930.0,2843.51,2764.22,2690.019,2581.599666666667,2550.2896666666666,2596.0900833333335,81.75891141236244,78.9346833062641,55.26745862607385,23.66722468019026,2690.019,2885.728256694635,2494.3097433053645,0.14550771328725584,1.0544474586059502,38.87401202910885,2885.67,2585.6,2885.67,2284.72,0.012253425492278591,0.0770923722753496,0.11494900913961792,0.12902649505596497
2025-06-12,2909.99,2934.31,2909.99,2920.03,713706.0,2873.3480000000004,2792.501,2705.5995,2587.3728333333333,2554.9517499999997,2596.778166666666,82.40980589521138,85.31495193911678,61.27695728868244,24.037994650434342,2705.5995,2921.4245168515345,2489.774483148465,0.1595395156241969,0.9967693345473163,38.04515402702964,2908.16,2588.09,2908.16,2284.72,0.004468462766250347,0.05384287797202303,0.11946312327002562,0.13459147355496515
2025-06-13,2930.57,2932.38,2877.07,2894.62,931658.0,2889.862,2814.948,2718.302,2592.8438333333334,2558.9249166666673,2597.345666666667,76.64821916008182,87.3144791934701,66.48446166963997,20.830017523830136,2718.302,2946.851790163903,2489.7522098360973,0.16815629033411503,0.8857321415030716,39.278357310813234,2934.31,2588.09,2934.31,2284.72,-0.00870196539076662,0.02936292028946852,0.09621028793025732,0.12790878910207448
2025-06-16,2903.5,2947.07,2886.13,2946.66,726352.0,2908.04,2837.55,2734.567,2598.4433333333336,2563.126166666667,2598.1896666666667,79.76797043031871,92.03736260706955,71.59504185712589,20.44232074994366,2734.567,2978.9575289571644,2490.1764710428356,0.17874166473680433,0.9339222982678974,40.825617502898005,2934.31,2588.09,2934.31,2284.72,0.017978180210183048,0.03182679277392775,0.12409588915677339,0.12869011640600747
2025-06-17,2959.93,2998.62,2925.79,2950.3,939594.0,2923.7300000000005,2862.813,2750.7385,2604.076,2567.027666666667,2598.96625,79.96954675376071,94.97913892704537,76.27186127110978,18.707277655935584,2750.7385,3006.9982855516178,2494.478714448382,0.18632071754666452,0.8893734234781115,43.11164482411957,2947.07,2588.09,2947.07,2284.72,0.001235296912436512,0.02731688632762852,0.12312371758023821,0.12937060260149913
2025-06-18,2933.63,2979.32,2933.63,2972.19,576548.0,2936.7599999999998,2890.135,2769.177,2609.802166666667,2571.00875,2599.6948333333335,81.1836733529017,97.94777691076388,80.6070443990406,17.340732511723274,2769.177,3033.329928895289,2505.0240711047113,0.1907808196408455,0.884271718752123,43.29581305096818,2998.62,2588.09,2998.62,2284.72,0.007419584449039007,0.022411112334195682,0.14164829339868334,0.13070356308633424
2025-06-19,2989.56,2996.04,2954.47,2977.74,433311.0,2948.302,2910.825,2787.974,2615.4795000000004,2575.081833333333,2600.403625,81.49001855681729,99.6001539417598,84.40566630758445,15.194487634175346,2787.974,3055.2943209184778,2520.6536790815226,0.19176672445186188,0.8549412168666948,43.172540690184746,2998.62,2588.09,2998.62,2284.72,0.001867309963360153,0.019763495580524815,0.14449227457913727,0.1291721967312578
2025-06-20,2986.52,3022.06,2972.37,3021.84,484865.0,2973.746,2931.804,2807.7870000000003,2621.7913333333336,2579.790416666667,2601.393541666667,83.75345154717444,103.27765555930046,88.18006415792766,15.097591401372796,2807.7870000000003,3082.6583026926533,2532.9156973073473,0.19579213287379205,0.8893694938378908,43.638073498028696,2998.62,2588.09,2998.62,2284.72,0.014809889379193697,0.04395050127477873,0.1509228437145318,0.14328088289263108
2025-06-23,2992.2,3019.81,2971.36,3014.47,625651.0,2987.308,2947.674,2828.827,2628.1646666666666,2584.207416666666,2602.434125,81.94991987568457,104.39401545270903,91.42285441688394,12.97116103582509,2828.827,3099.3040992227516,2558.349900777249,0.19122915556359674,0.8431769279792396,44.12678253388379,3022.06,2588.09,3022.06,2284.72,-0.0024389113917349103,0.023012495503383468,0.16224114864265693,0.1452848898395558
2025-06-24,3061.14,3105.04,3061.14,3103.64,579201.0,3017.976,2970.853,2854.4044999999996,2636.2951666666663,2589.7716666666665,2603.806,85.9047640181937,111.19225735834061,95.37673500517528,15.815522353165335,2854.4044999999996,3127.2351851124918,2581.5738148875075,0.19116469660308633,0.9567585568632736,47.444155210034964,3022.06,2589.51,3022.06,2284.72,0.029580655969374314,0.05197437548723838,0.19735040064195286,0.18649290277199038
2025-06-25,3127.79,3129.09,3084.86,3108.25,644761.0,3045.188,2990.974,2877.5969999999998,2644.0336666666667,2595.639166666667,2605.1235,86.07463672790453,115.61911631735848,99.42521126761191,16.19390504974656,2877.5969999999998,3153.915917347238,2601.2780826527614,0.19204837741159608,0.9173673706714557,47.214572695032466,3105.04,2595.96,3105.04,2284.72,0.0014853526826565933,0.04577769254320896,0.1754084102253819,0.17561291103428966
2025-06-26,3108.34,3113.03,3036.55,3079.56,460612.0,3065.552,3006.9269999999997,2899.714,2651.9071666666664,2600.952083333333,2606.35475,79.64174370140762,115.48119537280127,102.6364080886498,12.844787284151465,2899.714,3166.166786767089,2633.261213232911,0.18377866697687362,0.8374819272526628,49.30496035967301,3129.09,2625.66,3129.09,2284.72,-0.009230274270087713,0.034193717382981825,0.16772965471215917,0.18119785973189106
2025-06-27,3077.87,3093.56,3041.85,3055.94,381634.0,3072.3720000000003,3023.059,2919.0035,2660.2065,2606.0805833333334,2607.43025,74.69246455727782,112.17289610999705,104.54370569291926,7.629190417077794,2919.0035,3171.6893423634892,2666.3176576365104,0.1731315788853898,0.7709619556029906,49.47674890541066,3129.09,2643.5,3129.09,2284.72,-0.007669926872670096,0.011284515394593964,0.14448251970863057,0.19466923119023605
2025-06-30,3072.75,3086.0,3063.42,3071.7,464163.0,3083.8179999999998,3035.563,2936.5564999999997,2670.0495,2611.4308333333333,2608.544375,75.77424592390959,109.55980812791358,105.54692617991813,4.012881947995453,2936.5564999999997,3180.300899506829,2692.8121004931704,0.16600695372748953,0.777223805497557,48.089838269309894,3129.09,2685.14,3129.09,2284.72,0.0051571693161514,0.01898509522403602,0.12903581510232875,0.23802959953569358
2025-07-01,3089.64,3133.52,3088.45,3089.65,576017.0,3081.0199999999995,3049.498,2956.1555,2679.5205,2617.1381666666666,2609.831,76.9811326644111,107.6958809837979,105.97671714069409,1.7191638431038143,2956.1555,3182.3169933160443,2729.9940066839554,0.1530105526018807,0.7951309218087167,49.07056410721634,3129.09,2685.14,3129.09,2284.72,0.005843669629195691,-0.004507610418734043,0.14530316903105267,0.2253756856337179
2025-07-02,3083.82,3090.61,3032.47,3075.06,696798.0,3074.382,3059.785,2974.96,2689.0071666666668,2622.7679166666667,2611.002041666667,73.76442427898633,103.84436107335114,105.5502459272255,-1.705884853874366,2974.96,3173.286407520385,2776.633592479615,0.13333047000321693,0.7523617536653838,49.71838095670091,3133.52,2685.14,3133.52,2284.72,-0.004722217726927047,-0.010678034263653213,0.13934575041589947,0.22714756610504971
2025-07-03,3100.33,3116.27,3085.98,3116.27,539120.0,3081.7239999999997,3073.638,2992.2315,2699.5,2628.7456666666667,2612.2159166666665,76.72302247220571,102.93078437914482,105.02635361760937,-2.095569238464549,2992.2315,3176.0815840656333,2808.3814159343665,0.12288493324506035,0.8373359893480362,49.11063945979371,3133.52,2734.02,3133.52,2284.72,0.013401364526220538,0.011920534102274338,0.12466616621674298,0.25317489041701857
2025-07-04,3122.28,3123.84,3052.91,3054.28,520763.0,3081.392,3076.882,3004.343,2709.3143333333337,2633.8486666666668,2613.016125,64.87198708516016,96.09694754603015,103.24047240329352,-7.1435248572633725,3004.343,3170.147186810646,2838.5388131893537,0.11037633639743939,0.6505902865318777,50.669165212665604,3133.52,2787.76,3133.52,2284.72,-0.01989237132854338,-0.0005432043822849453,0.0861400046229619,0.23884774196688596
2025-07-07,3044.78,3068.43,3032.99,3059.47,359405.0,3078.946,3081.382,3014.528,2721.502166666666,2638.605583333333,2613.856583333333,65.3544987812588,90.06169706372066,100.60471733537895,-10.543020271658293,3014.528,3167.0701299967286,2861.985870003271,0.10120465293188773,0.6473101234424999,49.58136769747521,3133.52,2841.39,3133.52,2284.72,0.0016992548161922638,-0.003981508610866991,0.07132927371602049,0.31409243192165626
2025-07-08,3071.74,3115.86,3066.03,3114.95,745793.0,3084.006,3082.513,3026.683,2734.514166666667,2643.7960000000003,2614.888125,70.08490489371611,88.73263532329293,98.23030093296174,-9.497665609668815,3026.683,3170.292326312527,2883.073673687473,0.09489551850162516,0.807316391861314,50.067698576227,3133.52,2849.67,3133.52,2284.72,0.018133859786172213,0.008188629780072176,0.08464926789351801,0.33446575530260514
2025-07-09,3123.22,3137.17,3111.02,3133.74,642961.0,3095.7419999999997,3085.062,3038.018,2748.514833333333,2648.9017499999995,2615.9954166666666,71.50399685405479,88.17906689049869,96.22005412446914,-8.040987233970455,3038.018,3177.8001893659457,2898.2358106340544,0.0920219625860977,0.8423969836006874,48.35929153506794,3133.52,2877.07,3133.52,2284.72,0.006032199553764883,0.019082554486741676,0.07798310308767675,0.3662379561407334
2025-07-10,3144.14,3183.23,3133.81,3183.23,596572.0,3109.1339999999996,3095.4289999999996,3051.1780000000003,2760.817666666667,2654.4128333333338,2617.2115833333332,74.88351216622672,90.68839000565458,95.11372130070625,-4.425331295051663,3051.1780000000003,3193.5837211769813,2908.7722788230194,0.09334474827557154,0.9636471024780188,48.44005642542025,3137.17,2877.07,3137.17,2391.39,0.01579263116914631,0.02148722671655534,0.09013606024595622,0.3019026117968475
2025-07-11,3186.35,3216.69,3170.46,3175.77,465292.0,3133.432,3107.412,3065.2355,2773.201833333333,2659.91275,2618.539791666667,73.46908318655305,91.02579825820521,94.29613669220603,-3.27033843400082,3065.2355,3198.244853125767,2932.2261468742327,0.08678573187982921,0.9155140123698076,48.28219525217595,3183.23,2877.07,3183.23,2394.25,-0.0023435315701347825,0.039776968712757155,0.09712846591262414,0.30544000131540017
2025-07-14,3175.59,3202.06,3170.72,3202.03,444036.0,3161.944,3120.4449999999997,3078.004,2785.6375,2665.85,2619.9610833333336,75.24185797996194,92.34763323375637,93.90643600051611,-1.5588027667597402,3078.004,3212.0557320139283,2943.9522679860715,0.08710302651583843,0.9626049888975461,47.07203844844911,3216.69,2886.13,3216.69,2442.72,0.008268860780220377,0.046596305896119405,0.08666422322222456,0.30381653901436967
2025-07-15,3194.82,3216.01,3183.83,3215.28,419652.0,3182.0099999999998,3133.0080000000003,3091.2529999999997,2797.9353333333333,2671.8323333333333,2621.4160416666664,76.10929145916472,93.3878443031058,93.80271766103405,-0.41487335792825775,3091.2529999999997,3224.5759183746477,2957.9300816253517,0.08625817322273396,0.9651375829153198,46.008321416417054,3216.69,2925.79,3216.69,2442.72,0.004137999956277838,0.032209184738117846,0.0898145951259195,0.29783927569518176
2025-07-16,3207.48,3209.2,3178.42,3186.38,531499.0,3192.538,3144.1400000000003,3101.9625,2810.2511666666664,2677.57875,2622.8455833333333,70.32199215627278,90.83316244230446,93.20880661728813,-2.3756441749836767,3101.9625,3229.5981401438576,2974.3268598561426,0.08229347720603164,0.8306972092781197,45.354869886672994,3216.69,2933.63,3216.69,2442.72,-0.00898833072080818,0.01679781985742279,0.07206470649588348,0.30192896221750987
2025-07-17,3201.42,3201.42,3152.42,3192.29,424788.0,3194.35,3151.7419999999997,3112.69,2822.2825000000003,2683.11875,2624.3786666666665,70.81079624961279,88.26794830700601,92.2206349552317,-3.9526866482256935,3112.69,3232.59039682975,2992.7896031702503,0.07703972887100852,0.8319421874517496,45.61523632333921,3216.69,2954.47,3216.69,2447.4,0.001854769362097386,0.002846165687053759,0.07205128721782295,0.29221060471743554
2025-07-18,3200.44,3204.75,3169.69,3188.07,393449.0,3196.8100000000004,3165.121,3121.0015,2834.0266666666666,2688.6564166666662,2626.0145416666664,69.92518451319951,84.91562443112298,90.75963285040997,-5.844008419286993,3121.0015,3237.558204701749,3004.4447952982505,0.07469186073877207,0.787707601941983,44.86129087167212,3216.69,2971.36,3216.69,2466.9,-0.0013219350372302152,0.0038730764507506343,0.05500953061710745,0.2837417754548164
2025-07-21,3191.11,3211.14,3188.87,3210.81,343911.0,3198.566,3180.255,3130.8185000000003,2846.0665,2694.41275,2627.878291666667,71.96026016312486,83.1354775263012,89.23480178558822,-6.099324259287016,3130.8185000000003,3242.815342325711,3018.82165767429,0.0715447684531764,0.8571149790427457,43.30477009512409,3216.69,2971.36,3216.69,2476.14,0.007132842127054895,0.0027420105370654646,0.06513251085597149,0.29030067271602045
2025-07-22,3210.12,3220.27,3155.25,3169.94,378486.0,3189.498,3185.754,3134.1335000000004,2857.4548333333337,2699.845333333333,2629.526833333333,63.62694989506236,77.53307778575618,86.89445698562182,-9.361379199865638,3134.1335000000004,3246.6399441306803,3021.6270558693204,0.07179428963742605,0.659130884798071,44.85585794547237,3216.69,3032.47,3216.69,2476.14,-0.012728875268234408,-0.014101415739842249,0.021362013635602084,0.2747884695814433
2025-07-23,3189.65,3199.86,3141.93,3183.77,664826.0,3188.976,3190.757,3137.9095,2868.425,2705.1512500000003,2631.297916666667,65.09978834594821,73.36341328492244,84.18824824548194,-10.8248349605595,3137.9095,3251.749003595762,3024.0699964042383,0.07255754418396192,0.7014261242865569,45.78972523508151,3220.27,3032.47,3220.27,2507.1,0.004362858603002007,-0.0008191113426522234,0.024296629936459313,0.2606194269785711
2025-07-24,3209.43,3237.97,3183.05,3190.45,425500.0,3188.6079999999997,3191.4790000000003,3143.454,2879.5603333333333,2710.7759166666665,2633.2970833333334,65.81971789833437,69.79340932233208,81.30928046085197,-11.515871138519884,3143.454,3256.182144914787,3030.7258550852134,0.0717224714691462,0.7084483872041217,46.441887718289955,3220.27,3032.47,3220.27,2507.21,0.0020981415114784685,-0.0005763887366123654,0.036008390809076474,0.2648820733210959
2025-07-25,3184.37,3205.82,3184.37,3196.05,389291.0,3190.204,3193.507,3150.4595,2890.3894999999998,2716.2696666666666,2635.2310416666664,66.4446318156763,66.64775482945015,78.37697533457161,-11.72922050512146,3150.4595,3257.8506278408445,3043.0683721591554,0.06817489819554548,0.7122638104125609,44.65675288126927,3237.97,3032.47,3237.97,2534.94,0.0017552382892696006,0.002503081801842555,0.04584841325418698,0.2551741742921101
2025-07-28,3228.61,3228.61,3180.18,3209.52,502720.0,3189.946,3194.2560000000003,3157.3505,2901.4005000000006,2722.0375833333333,2637.0809999999997,67.96194405679213,64.4982220520701,75.60122467807132,-11.103002626001214,3157.3505,3261.2732000175038,3053.4277999824963,0.06582905510015677,0.7510014654700707,44.9262705326072,3237.97,3032.47,3237.97,2540.57,0.004214577368939709,-0.0004017677782242046,0.04486766285770094,0.25919822979685025
2025-07-29,3192.17,3232.31,3169.03,3230.57,373203.0,3202.072,3195.785,3164.3965,2912.4863333333333,2728.5094166666668,2639.1325833333335,70.22760982429386,63.75829498088024,73.23263873863311,-9.474343757752877,3164.3965,3268.11193092003,3060.68106907997,0.06555147619461091,0.8190147281508358,46.23725120884952,3237.97,3032.47,3237.97,2540.57,0.006558613125950297,0.01912654498192401,0.04561034421374588,0.25927528435889635
2025-07-30,3233.31,3269.4,3227.28,3254.47,338074.0,3216.212,3202.594,3173.3669999999997,2924.1173333333336,2734.9492499999997,2641.148333333333,72.59710896421645,64.35854248942496,71.45781948879149,-7.0992769993665235,3173.3669999999997,3275.6482600818294,3071.08573991817,0.06446229514697148,0.8964704772658938,45.94316183678884,3237.97,3032.47,3237.97,2540.57,0.0073980752622602175,0.022206377973283287,0.0583435770358951,0.2729630252561006
2025-07-31,3275.78,3288.26,3227.46,3245.44,540324.0,3227.21,3207.909,3179.8255,2935.5448333333334,2741.0840000000003,2643.097333333333,70.31993684297142,63.37504931247895,69.84126545352899,-6.46621614105004,3179.8255,3283.1768292557304,3076.4741707442695,0.06500440307540803,0.8174342336596607,47.004364562732505,3269.4,3032.99,3269.4,2540.57,-0.002774645333955994,0.017235813129809374,0.04145019526549376,0.2678540036487369
2025-08-01,3210.32,3210.32,3117.92,3119.41,507776.0,3211.882,3201.043,3183.082,2944.6383333333333,2745.9395000000004,2644.9440833333333,47.78913771005163,51.82860822726525,66.23873400827625,-14.410125781011004,3183.082,3273.72829117579,3092.4357088242095,0.05695504619471967,0.1487887194605628,52.75548137968018,3288.26,3032.99,3288.26,2559.17,-0.03883294715046348,-0.023979599818526043,0.02132417460088787,0.2119861683114459
2025-08-04,3114.27,3157.45,3105.63,3147.75,293454.0,3199.528,3194.737,3187.496,2954.1095,2751.15475,2647.8865833333334,51.548514161248704,44.45235258241428,61.881457723103864,-17.429105140689586,3187.496,3260.5199772672363,3114.472022732764,0.04581902362684452,0.22785651037229246,52.68866128113157,3288.26,3032.99,3288.26,2571.2,0.009085051339836836,-0.019245868541090227,0.028854670907052515,0.22030409229767245
2025-08-05,3187.15,3212.31,3174.23,3198.0,273440.0,3193.014,3197.543,3191.6485000000002,2964.455,2756.794166666667,2650.702625,57.40496893322442,42.17520240388512,57.94020665926012,-15.765004255374997,3191.6485000000002,3256.7100909037395,3126.586909096261,0.04076989737669371,0.5488114409114051,53.53661404676503,3288.26,3066.03,3288.26,2571.2,0.015963783654991737,-0.01008181218794213,0.02666174416924827,0.24084787391309415
2025-08-06,3182.06,3200.15,3176.61,3198.14,327358.0,3181.748,3198.98,3194.8685,2974.3018333333334,2762.286583333333,2653.3265,57.420411013709455,39.92164938761471,54.33649520493104,-14.414845817316333,3194.8685,3254.276294530055,3135.460705469945,0.03718950844459174,0.5275342657127655,51.393998757710385,3288.26,3105.63,3288.26,2585.6,4.377736085059425e-05,-0.017308501845154534,0.020550524293655448,0.2265957895625026
2025-08-07,3214.81,3227.68,3200.28,3227.68,327048.0,3178.196,3202.703,3197.091,2984.6228333333333,2767.947333333333,2656.122125,60.66109220855559,40.057564837686186,51.48070913148207,-11.423144293795886,3197.091,3257.9001769055058,3136.281823094494,0.03804031659124239,0.7515163134631272,49.832998846445356,3288.26,3105.63,3288.26,2588.09,0.009236618784668638,-0.0054722934332479545,0.013963804060655338,0.2374080861211001
2025-08-08,3220.58,3227.28,3198.31,3210.01,341443.0,3196.316,3204.099,3198.803,2994.1135,2773.171,2658.7120416666667,57.82599035837524,38.29798218645783,48.84416374247723,-10.546181556019398,3198.803,3259.039992985415,3138.5660070145846,0.03766220863580241,0.5930242318263944,48.37135607169925,3288.26,3105.63,3288.26,2588.09,-0.0054745203985524515,0.029043953824601676,0.010781637209243744,0.2156504088132487
2025-08-11,3220.72,3223.23,3199.9,3206.77,304968.0,3208.12,3203.824,3199.04,3003.8703333333333,2778.302,2661.1639999999998,57.29719824412968,36.22448601029373,46.32022819604053,-10.0957421857468,3199.04,3259.363151110705,3138.716848889295,0.03771328342921946,0.5640715865937931,46.582687780863594,3288.26,3105.63,3288.26,2588.09,-0.0010093426500229485,0.01874990072273852,0.0014803109277552462,0.22332300790429382
2025-08-12,3209.75,3242.17,3189.58,3189.91,373217.0,3206.5019999999995,3199.7580000000003,3197.7715,3013.2543333333333,2783.131083333333,2663.5323750000002,54.50408718353424,32.84218004879449,43.62461856659132,-10.782438517796834,3197.7715,3257.7412427952213,3137.8017572047784,0.03750720950213076,0.4344544462459625,47.01178151080192,3288.26,3105.63,3288.26,2588.09,-0.005257626833230944,-0.0025297060662914372,-0.007890448110273507,0.21433873773730716
2025-08-13,3225.4,3226.37,3192.17,3224.37,320070.0,3211.748,3196.748,3199.671,3023.6034999999997,2788.11075,2665.9485,58.91272611785398,32.56690124649458,41.41307510257198,-8.8461738560774,3199.671,3260.4779110868567,3138.864088913143,0.03800822715013942,0.7030936908201101,46.25808283145893,3288.26,3105.63,3288.26,2588.09,0.010802812618537772,0.008201642204531456,0.011922620654159166,0.23851318650083342
2025-08-14,3226.52,3239.55,3210.83,3225.66,441468.0,3211.344,3194.77,3201.3394999999996,3034.001166666667,2792.728583333333,2668.150291666667,59.07261023263965,32.08300017635611,39.54706011732881,-7.464059940972703,3201.3394999999996,3263.069028257753,3139.609971742246,0.03856481217175085,0.6969924336571093,45.00536262921188,3288.26,3105.63,3288.26,2588.09,0.00040007815480236353,-0.0006258365141526001,0.010453310946060723,0.2397801522023213
2025-08-18,3202.63,3206.77,3177.28,3177.28,326133.0,3204.798,3200.557,3200.8,3043.196166666667,2797.08875,2670.2457916666667,51.049379298340675,27.478883951303487,37.13342488412375,-9.654540932820261,3200.8,3263.169274486119,3138.4307255138815,0.03897105379037658,0.3114456181045144,45.24640815569672,3288.26,3105.63,3288.26,2588.09,-0.014998480931034175,-0.010196229918286837,-0.003384492812265716,0.21012500095217068
2025-08-19,3185.04,3185.48,3142.48,3151.56,285291.0,3193.7560000000003,3200.938,3197.8375,3052.4943333333335,2801.2302499999996,2672.1413333333335,47.36621102878687,21.50678281827004,34.00809647095301,-12.501313652682967,3197.8375,3263.561896345079,3132.1131036549214,0.041105526059456575,0.14794275357794684,45.08595043028981,3288.26,3105.63,3288.26,2588.09,-0.008094974317655379,-0.01721670091712224,-0.018453287488203962,0.21509675479147305
2025-08-20,3121.52,3132.83,3079.27,3130.09,335285.0,3181.7920000000004,3194.147,3195.845,3061.4610000000002,2805.2704166666667,2673.9286666666667,44.48116334669456,14.8699881092748,30.180474798617364,-15.310486689342564,3195.845,3267.0215881447343,3124.6684118552653,0.044543204157106824,0.038085473651183616,47.02909682812625,3288.26,3105.63,3288.26,2589.51,-0.006812499206741984,-0.018752880175302633,-0.012571215858975249,0.2075545216408381
2025-08-21,3140.71,3166.54,3134.86,3141.74,276915.0,3165.266,3188.507,3193.7435,3069.75,2809.5325,2675.7372916666664,46.38932086521847,10.430106350269398,26.230401108947774,-15.800294758678376,3193.7435,3268.608382093845,3118.878617906155,0.04688221336112005,0.1526842857054629,46.273447054688646,3288.26,3079.27,3288.26,2595.96,0.0037219377078612226,-0.02562671157466423,-0.013201330498120223,0.1880729087883828
2025-08-22,3165.41,3181.95,3159.45,3168.73,236797.0,3153.88,3182.612,3192.6575,3078.6085000000003,2813.9294999999997,2677.6832916666667,50.623379519906926,8.985753332811782,22.781471553720575,-13.795718220908793,3192.6575,3268.3080029390117,3117.006997060988,0.04739030286775945,0.34185498396957303,45.84034369363946,3288.26,3079.27,3288.26,2625.66,0.008590780904848883,-0.01764910126919761,-0.006807817079095391,0.20154177505100068
2025-08-25,3195.14,3209.86,3180.12,3209.86,220165.0,3160.3959999999997,3182.5969999999998,3193.348,3087.603666666667,2818.8304166666667,2679.8160000000003,56.28887680423659,11.032761614486844,20.43172956587383,-9.398967951386986,3193.348,3269.3609911523376,3117.3350088476623,0.04760708269335988,0.6086130130500224,45.50389057266522,3288.26,3079.27,3288.26,2643.5,0.012979963581624121,0.01025405378185118,0.004320958683374787,0.20212722131715455
2025-08-26,3199.92,3199.92,3175.31,3179.36,325353.0,3165.9559999999997,3179.8559999999998,3191.8399999999997,3095.2490000000003,2824.2185833333333,2681.858125,51.564013977492564,10.077765121617176,18.3609366770225,-8.283171555405325,3191.8399999999997,3267.7063606608713,3115.973639339128,0.04753769653921975,0.41775010761498027,44.72146981747486,3288.26,3079.27,3288.26,2685.14,-0.009501972048625129,0.008821028316135626,-0.009397043794710735,0.1686073864972948
2025-08-27,3185.87,3189.31,3165.77,3187.16,281721.0,3177.37,3179.5809999999997,3189.6695,3103.4071666666664,2829.7039166666664,2683.930333333333,52.658445473664734,9.836924392199762,16.656134220057954,-6.819209827858192,3189.6695,3263.4342497042157,3115.904750295784,0.04625228394616795,0.4829898426412156,43.20850768765523,3288.26,3079.27,3288.26,2685.14,0.0024533239394091133,0.018232702574047188,-0.013437257202289499,0.1814491765115822
2025-08-28,3175.33,3211.34,3164.08,3196.32,312188.0,3188.286,3176.776,3186.762,3111.6963333333333,2835.0221666666666,2686.1555000000003,53.97370662744689,10.266842061263105,15.378275788298986,-5.11143372703588,3186.762,3254.411456346122,3119.112543653878,0.04245654764687287,0.5706435832321948,43.49789999567987,3288.26,3079.27,3288.26,2685.14,0.0028740320536151387,0.01737253878424072,-0.01786773268765718,0.1842740008225361
2025-08-29,3208.8,3212.69,3184.48,3186.01,245132.0,3191.742,3172.811,3183.7905,3118.615833333333,2840.10425,2688.2875833333333,52.21531637469516,9.66422095228154,14.235464821095498,-4.5712438688139585,3183.7905,3245.8599873422204,3121.7210126577797,0.03899093696159991,0.5178791552422766,42.4059071388456,3288.26,3079.27,3288.26,2734.02,-0.0032255844220854257,0.005453288857049987,-0.01831184677578379,0.14983542896738888
2025-09-01,3164.58,3177.4,3135.02,3142.93,260138.0,3178.3559999999998,3169.376,3184.9664999999995,3124.1304999999998,2844.9329999999995,2690.2122916666663,45.53925047996857,5.645367138095935,12.517445284495585,-6.87207814639965,3184.9664999999995,3242.8632675343442,3127.069732465655,0.036356280378047744,0.13697023348442194,43.01905662892807,3242.17,3079.27,3288.26,2787.76,-0.013521614809746452,-0.020851376695556922,0.007539887350492602,0.11766504863000282
2025-09-02,3155.73,3174.16,3151.93,3172.35,310678.0,3176.9539999999997,3171.455,3186.1965,3129.4068333333335,2849.9493333333335,2692.327791666667,50.220136433812975,4.779252416006784,10.969806710797824,-6.19055429479104,3186.1965,3241.881378835514,3130.511621164486,0.034953825877038124,0.3756709156097757,42.17698115543321,3242.17,3079.27,3288.26,2841.39,0.009360692093046907,-0.0022048462583664774,0.007815106028115304,0.11085626643602242
2025-09-03,3177.75,3187.48,3167.23,3184.42,335816.0,3176.406,3176.888,3185.5175,3134.6163333333334,2855.3395,2694.842875,52.04134920760378,5.009057093389856,9.77765678731623,-4.768599693926374,3185.5175,3240.9406741686266,3130.094325831373,0.0347969673176347,0.4900989070324565,40.61076821575941,3242.17,3079.27,3288.26,2849.67,0.00380475042161188,-0.000859699544421888,-0.004246404002501536,0.10883924996082661
2025-09-04,3188.84,3205.61,3185.49,3200.83,286256.0,3177.308,3182.797,3185.652,3139.512833333333,2860.55625,2697.4484166666666,54.47971018010207,6.441080050388791,9.110341439930743,-2.6692613895419512,3185.652,3241.209941861861,3130.094058138139,0.034880107344971045,0.6365961327161689,39.22357048606231,3242.17,3079.27,3288.26,2877.07,0.00515321471413932,0.0014109976472942432,0.0008411138974528942,0.10106156090043483
2025-09-05,3208.83,3214.64,3196.19,3205.12,323845.0,3181.13,3186.4359999999997,3184.524,3144.264333333333,2865.8185833333337,2700.201916666667,55.12209753973374,7.8318549591444935,8.854644143773493,-1.0227891846289996,3184.524,3237.4779933897908,3131.570006610209,0.03325708544811775,0.6944706969349242,37.73974402277213,3242.17,3079.27,3288.26,2877.07,0.0013402773655581957,0.005998097934406976,-0.006989540474892197,0.09763255856960362
2025-09-08,3209.81,3221.14,3206.34,3219.59,372300.0,3196.4620000000004,3187.409,3185.003,3149.6805000000004,2871.2621666666664,2703.0505,57.31041259318211,9.986543506356611,9.081024016290117,0.905519490066494,3185.003,3239.032855486814,3130.9731445131865,0.03392766379611801,0.8200730382153363,36.188333735431264,3242.17,3079.27,3288.26,2877.07,0.004514651557508076,0.02439125274823195,0.002984414378771394,0.11226689513649468
2025-09-09,3231.31,3260.05,3221.98,3260.05,439946.0,3214.002,3195.478,3187.667,3154.9036666666666,2876.6734999999994,2706.11975,62.77606061641675,14.788461388002816,10.222511490632657,4.565949897370158,3187.667,3250.2967667561184,3125.0372332438815,0.039295049800445556,1.0778641989987054,36.493452754329034,3242.17,3079.27,3288.26,2886.13,0.012566817514031214,0.027645121124718397,0.01661484920964096,0.10635431301880782
2025-09-10,3272.2,3317.77,3272.07,3314.53,564707.0,3240.0240000000003,3208.215,3193.898,3160.974166666667,2882.5250833333334,2709.4579166666667,68.60484780975582,22.72810119398764,12.723629431303653,10.004471762683988,3193.898,3277.474457115179,3110.321542884821,0.052335082156774564,1.2216864902143065,38.00963470044837,3260.05,3079.27,3288.26,2925.79,0.016711400131899756,0.04085830386695233,0.039066932922872555,0.12345524183981293
2025-09-11,3336.6,3344.7,3311.86,3344.2,435589.0,3268.6980000000003,3223.003,3199.8895,3167.174333333334,2888.4882500000003,2712.675041666667,71.24558696487418,31.05644461811835,16.39019246866659,14.666252149451758,3199.8895,3305.5959878752715,3094.183012124729,0.06606883636155014,1.1826000130203895,37.64037507898776,3317.77,3079.27,3317.77,2933.63,0.008951495385469244,0.044791507202819325,0.03716384906198722,0.1251635999044476
2025-09-12,3374.65,3395.54,3362.86,3395.54,448857.0,3306.782,3243.9559999999997,3208.3835000000004,3174.1376666666665,2894.808583333333,2716.09225,75.14190002324804,41.323078986105884,21.37676977215445,19.946309213951434,3208.3835000000004,3344.0605773967523,3072.7064226032485,0.08457659590678725,1.1897130436142491,38.61891971620293,3344.7,3079.27,3344.7,2954.47,0.015351952634411914,0.05941119209265189,0.052665190999671374,0.14030775017294994
2025-09-15,3407.78,3420.23,3391.33,3407.31,378854.0,3344.326,3270.394,3219.8849999999998,3180.562166666666,2901.1767499999996,2719.5360416666667,75.94659480751616,49.83473749109726,27.06836331594301,22.766374175154247,3219.8849999999998,3379.88498831226,3059.8850116877397,0.09938242410040113,1.0857031677846651,37.92471116504559,3395.54,3079.27,3395.54,2971.36,0.003466311691218582,0.05830556064592063,0.07239840366602879,0.1275613533476292
2025-09-16,3421.13,3452.5,3418.1,3449.62,406214.0,3382.2400000000002,3298.121,3234.788,3187.8146666666667,2907.989666666667,2723.10375,78.62524305428744,59.31065526576458,33.516821705907326,25.793833559857255,3234.788,3420.081204257259,3049.494795742741,0.11456281169415666,1.0797082544423209,38.44366036754234,3420.23,3079.27,3420.23,2971.36,0.012417420193642448,0.058149414886274675,0.09457538488875339,0.1443537338238563
2025-09-17,3433.83,3433.83,3406.75,3413.4,326610.0,3402.014,3321.0190000000002,3248.9535000000005,3192.9773333333337,2914.6362500000005,2726.4845416666667,71.30463760701421,63.16955773576592,39.447368911879046,23.722188823886874,3248.9535000000005,3443.167405400518,3054.739594599483,0.11955474610548744,0.9233643818161988,38.759827484146456,3452.5,3079.27,3452.5,3032.47,-0.010499707214127851,0.02982926689455212,0.09051177442182179,0.09980538980036346
2025-09-18,3432.77,3461.3,3422.77,3461.3,391177.0,3425.4339999999997,3347.0660000000003,3264.9314999999997,3198.8615,2921.4475833333336,2729.9412916666665,74.66425915818203,69.29411599305149,45.41671832811353,23.87739766493796,3264.9314999999997,3473.299240811575,3056.5637591884242,0.12763988513178637,0.9712065774557067,39.41269694956458,3452.5,3134.86,3452.5,3032.47,0.014032929044354603,0.03501584833442983,0.101714336641479,0.11358481460628966
2025-09-19,3461.23,3467.89,3434.61,3445.24,348845.0,3435.374,3371.078,3278.757,3204.9561666666664,2928.4316666666664,2733.478458333333,71.635922100073,72.0217429354484,50.737723249580505,21.284019685867896,3278.757,3496.2514204431895,3061.2625795568106,0.1326688256819212,0.8827293584376934,38.9746471674528,3461.3,3135.02,3461.3,3032.47,-0.004639875191402187,0.014636847158331134,0.08726208922817658,0.1187442361895854
2025-09-22,3463.84,3482.25,3458.87,3468.65,287867.0,3447.642,3395.9840000000004,3291.6965000000005,3211.834666666667,2936.0205833333334,2736.799625,73.33375105628758,75.20547637538448,55.631273874741304,19.574202500643175,3291.6965000000005,3521.689133036187,3061.703866963814,0.13974109279891772,0.8846938435896733,38.834315226920474,3467.89,3135.02,3467.89,3032.47,0.006794882214301579,0.018002471157599453,0.08062345398241666,0.13505173530893932
2025-09-23,3489.46,3494.49,3467.83,3486.19,358335.0,3454.9559999999997,3418.5979999999995,3307.0379999999996,3218.7428333333332,2944.396166666667,2740.284666666667,74.56236342646041,78.24201424000194,60.15342194779343,18.088592292208503,3307.0379999999996,3545.778049476238,3068.2979505237613,0.14438300949444083,0.8752030721134442,37.96472128214043,3482.25,3135.02,3482.25,3032.47,0.005056722355959886,0.010601167664844313,0.09650684414473343,0.13493830777745242
2025-09-24,3492.03,3497.95,3442.41,3472.14,287145.0,3466.704,3434.3589999999995,3321.2869999999994,3225.1176666666665,2952.3190833333338,2743.946625,71.71215167412147,78.60862351581318,63.84446226139738,14.764161254415797,3321.2869999999994,3563.696286793875,3078.8777132061236,0.14597310427787527,0.8111535081745302,39.22009833341611,3494.49,3135.02,3494.49,3032.47,-0.004030187683402242,0.017208648268588478,0.08941502779904376,0.12379719385690935
2025-09-25,3458.98,3479.42,3454.08,3471.11,293075.0,3468.666,3447.05,3335.0265,3231.7185000000004,2960.3628333333336,2747.735875,71.49638363237759,77.91786299383284,66.65914240788447,11.258720585948367,3335.0265,3578.692671084364,3091.360328915636,0.1461254782139597,0.7792416760077956,38.22866273817211,3497.95,3135.02,3497.95,3032.47,-0.00029664702460141523,0.0028341952445611884,0.08597074135255545,0.1287942349092377
2025-09-26,3440.39,3441.91,3365.73,3386.05,399150.0,3456.828,3446.1009999999997,3345.0285000000003,3236.2148333333334,2967.8574166666667,2751.1372916666664,56.40347164818574,69.70330289263666,67.26797450483491,2.4353283878017464,3345.0285000000003,3579.6612747159675,3110.3957252840332,0.14028745926437822,0.5874163893975556,43.02518682830268,3497.95,3135.02,3497.95,3032.99,-0.024505129483076038,-0.01718022547050413,0.06278699690208134,0.08657144599152189
2025-09-29,3414.43,3439.12,3413.33,3431.21,416480.0,3449.34,3448.4910000000004,3359.4425,3242.497,2975.9056666666665,2754.557416666667,61.0987925932463,66.07556146984598,67.02949189783713,-0.9539304279911534,3359.4425,3577.4750086653657,3141.4099913346345,0.12980279237722667,0.6645798152745838,43.7426734834239,3497.95,3135.02,3497.95,3032.99,0.013337074171970276,-0.010793824686837872,0.09172332823193652,0.12341042733475649
2025-09-30,3436.0,3443.38,3421.89,3424.6,526402.0,3437.022,3445.989,3372.0549999999994,3248.5825,2985.0423333333333,2758.0167500000002,60.0788697018188,61.9530226175757,66.01419804178485,-4.061175424209154,3372.0549999999994,3573.921920172453,3170.1880798275456,0.11972931649836899,0.6301476238779282,42.1531968060365,3497.95,3151.93,3497.95,3032.99,-0.0019264341150789788,-0.01766685120432343,0.07951518590319484,0.11934420013923974
2025-10-01,3444.06,3459.74,3440.42,3455.83,493641.0,3433.7599999999998,3450.232,3385.6254999999996,3254.2638333333334,2994.389,2761.586208333333,63.204148574247235,60.50837795989901,64.91303402540768,-4.404656065508675,3385.6254999999996,3571.0328651689993,3200.218134831,0.10952621024918416,0.6893250031788343,41.65225417703388,3497.95,3167.23,3497.95,3066.03,0.009119313204461799,-0.004697391234224413,0.08523059144208367,0.10943353825904101
2025-10-02,3525.48,3565.96,3512.16,3549.21,402107.0,3449.3799999999997,3459.023,3403.0445,3261.1883333333335,3004.8515833333336,2765.554125,70.6124125659286,66.13609649921318,65.15764652016878,0.9784499790443988,3403.0445,3581.045362860014,3225.043637139986,0.1046127153847174,0.9105752569158883,46.54352173581719,3497.95,3185.49,3497.95,3079.27,0.027021005084162164,0.022500007202306938,0.1088405194902573,0.13257960137088598
2025-10-10,3598.11,3617.86,3569.44,3610.6,407411.0,3494.29,3475.5589999999997,3423.3185,3268.311166666667,3014.564416666667,2769.6679166666668,74.27879195401158,74.68879795879866,67.06387680789476,7.624921150903901,3423.3185,3598.878183443859,3247.7588165561406,0.1025669586068952,1.0333841356004985,48.12255589754454,3565.96,3196.19,3565.96,3079.27,0.017296806895055417,0.06631620915225689,0.12651008386581464,0.1342567140922899
2025-10-13,3550.08,3584.55,3522.54,3584.55,408033.0,3524.958,3487.1490000000003,3441.5665,3275.124166666667,3024.163,2773.6308333333336,70.27240351513704,78.46041536492612,69.34318451930103,9.117230845625087,3441.5665,3604.0081923419193,3279.1248076580805,0.09439985677563947,0.9401071484130993,50.97523047629136,3617.86,3206.34,3617.86,3079.27,-0.007214867335068931,0.04468977416130171,0.1133560484409506,0.12871838955591874
2025-10-14,3604.12,3646.77,3535.52,3561.81,734085.0,3552.4,3494.7110000000002,3456.6544999999996,3281.1205,3033.379,2777.595208333333,66.88115658999945,78.7072333855117,71.21599429254317,7.491239092968527,3456.6544999999996,3604.2308000583275,3309.0781999416718,0.08538678080689169,0.8562750250495464,55.28057115655626,3617.86,3221.98,3617.86,3079.27,-0.006343892538812512,0.040065993108684195,0.09256299750003816,0.11235997164298883
2025-10-15,3580.64,3659.91,3577.06,3657.28,543607.0,3592.69,3513.225,3473.792,3288.487166666667,3043.2112500000003,2781.961791666667,72.81308252204289,85.61950125479598,74.09669568499373,11.522805569802244,3473.792,3630.6812356533887,3316.902764346611,0.09032736309680535,1.0847692457542957,58.33910178823081,3646.77,3272.07,3646.77,3079.27,0.026803787961738657,0.05829279796749276,0.10340832636904773,0.1374685874947128
2025-10-16,3675.82,3748.37,3675.82,3748.37,495791.0,3632.522,3540.951,3494.0004999999996,3297.853666666667,3054.052416666667,2786.7724166666667,77.03882584055263,97.32581367369676,78.74251928273435,18.583294390962408,3494.0004999999996,3680.2811933069097,3307.7198066930896,0.10662888760714835,1.182758624858963,60.67845166050002,3659.91,3311.86,3659.91,3079.27,0.024906487881704242,0.056113895768354016,0.12085700615991879,0.1763725607115283
2025-10-17,3732.76,3794.87,3722.07,3748.89,420770.0,3660.1800000000003,3577.2349999999997,3511.668,3307.1303333333335,3064.7064166666664,2791.538958333333,77.06074580086252,105.42978136743659,84.0799716996748,21.34980966776179,3511.668,3722.634281438295,3300.701718561705,0.120151609684227,1.0622272867083364,61.54427654189286,3748.37,3362.86,3748.37,3079.27,0.00013872696665484519,0.0383011133883564,0.10406297672829656,0.17435759282521324
2025-10-20,3775.4,3814.69,3728.38,3814.69,410147.0,3706.208,3615.583,3532.0369999999994,3317.574,3075.800333333333,2796.72225,79.7014401205171,115.82656766461287,90.42929089266241,25.39727677195046,3532.0369999999994,3775.005177595133,3289.068822404866,0.1375796332796817,1.0816667079567008,63.31325678890052,3794.87,3365.73,3794.87,3079.27,0.017551862017823883,0.06420331701329318,0.1195605917864826,0.19655151863039388
2025-10-21,3851.01,3893.06,3816.19,3823.84,526854.0,3758.614,3655.507,3550.7479999999996,3327.791166666667,3086.9288333333334,2801.8231666666666,80.04544201411888,123.38215159927086,97.01986303398411,26.362288565286747,3550.7479999999996,3821.4958809222685,3280.0001190777307,0.152501884629531,1.0043289703131686,64.38873844683619,3814.69,3365.73,3814.69,3079.27,0.0023986221685117215,0.07356652937691788,0.10848151390587946,0.19092690006571567
2025-10-22,3827.23,3883.68,3794.52,3883.68,597216.0,3803.8940000000002,3698.292,3574.262,3339.686833333333,3098.570833333333,2807.250875,82.17320850515183,132.66926548996616,104.14974352518053,28.51952196478564,3574.262,3873.40850414788,3275.11549585212,0.16738924239346753,1.0171680024832281,66.15811427206216,3893.06,3365.73,3893.06,3079.27,0.015649190342692076,0.06190392860267724,0.13777465283881174,0.22515883581392693
2025-10-23,3835.79,3902.21,3822.33,3845.56,423588.0,3823.332,3727.9269999999997,3593.475,3350.7166666666667,3109.570833333333,2812.5104166666665,76.57180657029804,135.39268217937115,110.39833125601865,24.9943509233525,3593.475,3909.988051452695,3276.961948547305,0.17615987391185134,0.8982221251904297,67.13824896691489,3893.06,3365.73,3893.06,3079.27,-0.009815432785399425,0.025928603633045944,0.11101609221968611,0.20786363336547553
2025-10-24,3893.23,3951.07,3886.64,3941.59,426897.0,3861.8720000000003,3761.0260000000003,3618.2924999999996,3363.2356666666665,3121.398,2818.0485833333337,80.22818935359913,143.6439894752939,117.04746289987371,26.596526575420185,3618.2924999999996,3961.1612301503224,3275.423769849677,0.18951963123507723,0.9714595872569924,69.87908832642098,3902.21,3365.73,3902.21,3079.27,0.024971655623628353,0.051401881623627244,0.14406833776456796,0.23543387296462903
2025-10-27,3999.79,4042.83,3999.79,4042.83,516999.0,3907.5,3806.8540000000003,3647.0015,3377.3486666666668,3133.869083333333,2823.9862083333337,83.20425215327622,156.5478457387635,124.94753946765167,31.600306271111833,3647.0015,4028.8784194529735,3265.124580547026,0.20941966678816756,1.0182671167545443,72.11915344596233,3951.07,3365.73,3951.07,3079.27,0.025685066178877003,0.05980564606822569,0.16553414152480062,0.2649457924625709
2025-10-28,4010.47,4018.22,3972.56,4010.41,408225.0,3944.814,3851.714,3673.2125,3390.6968333333334,3146.048666666667,2829.8887916666667,79.09834968857656,162.28747277437287,132.4155261289959,29.871946645376966,3673.2125,4078.5802286056346,3267.8447713943656,0.2207156425639053,0.9159155702402315,71.98707105696502,4042.83,3365.73,4042.83,3079.27,-0.008019135110801101,0.04879126741704676,0.15037046173616453,0.24953575612552648
2025-10-29,4061.54,4084.09,4014.84,4081.15,466898.0,3984.308,3894.101,3703.6629999999996,3404.8731666666667,3158.67975,2836.2429583333333,81.27021382861956,170.57797859686616,140.04801662256995,30.529961974296214,3703.6629999999996,4134.720576576366,3272.6054234236335,0.23277364953364607,0.9378614604087873,72.1079945528961,4042.83,3365.73,4042.83,3079.27,0.017639094257195786,0.050846104725415175,0.17539903344911223,0.2632909981829832
2025-10-30,4105.95,4146.72,4070.79,4086.89,566538.0,4032.5739999999996,3927.953,3734.4519999999998,3418.746833333333,3171.432083333333,2842.6785,81.43874911305878,175.58737229144754,147.15588775634546,28.431484535102072,3734.4519999999998,4182.308217310743,3286.595782689257,0.23985110388926847,0.8934722645096855,72.38099494197498,4084.09,3365.73,4084.09,3079.27,0.0014064663146415857,0.06275548944757059,0.1774014652373448,0.2557774384154716
2025-10-31,4083.25,4122.09,4059.74,4107.5,408275.0,4065.756,3963.814,3770.5244999999995,3433.1145,3184.3296666666665,2849.005708333333,82.06286033497214,179.15521780952258,153.5557537669809,25.599464042541683,3770.5244999999995,4216.536228207773,3324.5127717922255,0.23657808254940332,0.8777652903367389,71.6644953032625,4146.72,3365.73,4146.72,3079.27,0.00504295442255609,0.04209215062956817,0.21306537115518065,0.26562191875369745
2025-11-03,4123.36,4221.92,4123.36,4221.87,472676.0,4101.564,4004.532,3810.0575000000003,3451.4888333333333,3198.0635833333336,2855.8598333333334,85.06412464537189,189.03241623183658,160.65108625995205,28.381329971884526,3810.0575000000003,4268.741176878612,3351.373823121389,0.24077519926069973,0.9489068619167184,74.71845992445805,4146.72,3413.33,4146.72,3079.27,0.027844187461959713,0.04428580969271523,0.2304318301706978,0.3534193966166679
2025-11-04,4219.24,4226.75,4117.91,4121.74,423543.0,4123.83,4034.322,3844.9145,3467.722,3210.9157499999997,2862.3524583333333,73.47322984499985,186.62916808713362,165.84670262538836,20.78246546174526,3844.9145,4286.779154548064,3403.0498454519357,0.22984368289493262,0.8132469378922546,77.15571278699677,4221.92,3421.89,4221.92,3079.27,-0.02371697849531129,0.027760253939123514,0.20356829994743908,0.3094241918830911
2025-11-05,4055.47,4055.47,3867.81,4004.42,594163.0,4108.4839999999995,4046.3959999999997,3872.3439999999996,3481.162333333333,3222.808666666667,2868.3515833333336,62.69397256221176,173.26059283886661,167.32948066808402,5.931112170782598,3872.3439999999996,4281.056508171549,3463.6314918284506,0.2110930785960901,0.6615756764955236,89.78244758792556,4226.75,3440.42,4226.75,3079.27,-0.02846370707516721,-0.01880107322690905,0.1587433409629524,0.25216385240775496
2025-11-06,4092.46,4111.96,3985.29,4026.45,423421.0,4096.396,4064.4849999999997,3896.2060000000006,3494.9674999999997,3234.6346666666664,2874.457,63.76887404825989,162.56953709918253,166.3774919543037,-3.8079548551211815,3896.2060000000006,4281.738034487249,3510.6739655127526,0.1979012580378184,0.6689146275136664,92.4172727602166,4226.75,3512.16,4226.75,3079.27,0.005501420929872491,-0.01478875134882518,0.13446372573051457,0.2589974172487759
2025-11-07,3963.72,4037.61,3887.32,3953.76,377050.0,4065.6479999999997,4065.7019999999998,3913.364,3507.0688333333333,3245.8458333333333,2880.3824166666664,57.84630495632403,146.54207705129147,162.41040897370127,-15.868331922409794,3913.364,4276.414543169784,3550.3134568302157,0.18554396839638956,0.5556341269280357,96.55103899162971,4226.75,3522.54,4226.75,3079.27,-0.018053123719405373,-0.03742909312233711,0.0950423752284939,0.2249541466316365
2025-11-10,3991.87,4092.91,3984.24,4073.24,339514.0,4035.922,4068.743,3937.7985,3521.456,3257.78475,2887.010208333333,63.797982452277175,141.8461231442393,158.29755180780887,-16.451428663569573,3937.7985,4273.813165588979,3601.7838344110205,0.17066117811207424,0.7015410544099212,99.59382192079899,4226.75,3522.54,4226.75,3079.27,0.030219335518594903,-0.03520477892497875,0.13633231507441645,0.26891816536397073
2025-11-11,4124.3,4187.46,4066.58,4106.39,377554.0,4032.852,4078.3409999999994,3965.0275,3536.4496666666664,3270.1600000000003,2894.049,65.2634086213317,139.19492138635815,154.47702572351872,-15.282104337160575,3965.0275,4260.580084280483,3669.474915719518,0.1490797147210114,0.7391494906805577,101.1142632121705,4226.75,3535.52,4226.75,3079.27,0.008138484351523756,-0.0037241553324565135,0.15289417459100862,0.2805377373494202
2025-11-12,4097.44,4154.62,4088.86,4150.39,334584.0,4062.0460000000007,4085.2649999999994,3989.683,3552.4576666666667,3282.8559999999998,2901.263708333333,67.16336504464921,139.04147361153537,151.38991530112204,-12.348441689586679,3989.683,4259.590209766375,3719.775790233625,0.13530258407315818,0.7977078680838214,98.58895869701544,4226.75,3577.06,4226.75,3079.27,0.01071500758573829,0.036452220296572246,0.13482970951089346,0.30109940405842184
2025-11-13,4127.57,4188.54,4123.84,4170.63,424189.0,4090.882,4093.639,4010.796,3568.228666666667,3295.916083333333,2908.5710833333333,68.02962198427778,138.95131967272528,148.9021961754427,-9.95087650271742,4010.796,4267.639994237491,3753.952005762508,0.12807631913340464,0.8111499657107217,96.16831879008575,4226.75,3675.82,4226.75,3079.27,0.004876650146130812,0.03580821815743396,0.11265163257629318,0.2934712827622141
2025-11-14,4061.91,4092.76,4011.4,4011.57,399992.0,4102.444,4084.046,4023.9300000000003,3581.327166666667,3307.664166666667,2914.9981666666667,55.61309117332394,124.60864841385455,144.04348662312506,-19.43483820927051,4023.9300000000003,4250.998269029091,3796.8617309709093,0.11285895581140364,0.4727835156077743,100.6727245907939,4226.75,3722.07,4226.75,3079.27,-0.03813812301738584,0.014621524827000076,0.07006874034714294,0.24364316139952757
2025-11-17,4078.57,4089.88,4045.4,4089.25,344097.0,4105.646,4070.7840000000006,4037.6580000000004,3596.5266666666666,3319.8614166666666,2921.7369166666667,59.50070075364188,118.14816639150467,138.864422576801,-20.716256185296317,4037.6580000000004,4244.788953321484,3830.5270466785164,0.10259955316744693,0.6245395706742222,99.07538712002291,4226.75,3728.38,4226.75,3079.27,0.01936398965990871,0.003930531959815742,0.07197439372530923,0.2870285275455735
2025-11-18,4044.47,4072.41,3953.26,3953.62,319660.0,4075.0920000000006,4053.972,4044.147,3609.894333333333,3331.1943333333334,2927.8674583333336,51.08729425747695,100.92063014731002,131.2756640909028,-30.355033943592787,4044.147,4231.239632147463,3857.054367852536,0.0925251392431896,0.2580690405578138,101.7121451828784,4226.75,3794.52,4226.75,3079.27,-0.03316745124411569,-0.037202993383482874,0.033939704590150166,0.25449618601581436
2025-11-19,3966.64,3966.64,3854.95,3929.51,338242.0,4030.916,4046.4809999999998,4046.4385,3623.218,3342.3395,2933.9044583333334,49.740847742125936,84.34987519647575,121.89050631201741,-37.54063111554166,4046.4385,4226.607992009236,3866.2690079907643,0.08905089846749724,0.1755041636183168,102.4248490983871,4226.75,3794.52,4226.75,3079.27,-0.006098208730226928,-0.05321909507299316,0.011800663288427549,0.25539840707455697
2025-11-20,4030.97,4059.37,4001.31,4004.85,360282.0,3997.7599999999998,4044.321000000001,4054.403,3637.6031666666668,3353.6765833333334,2940.1695000000004,53.83533030918248,76.41586632962299,112.79557831553853,-36.37971198591555,4054.403,4210.872802594192,3897.9331974058073,0.07718512569874889,0.34165315230659427,104.38450273421657,4226.75,3822.33,4226.75,3134.86,0.019172873971563753,-0.039749390379870686,0.04142179552522918,0.27472356082934946
2025-11-21,3908.7,3911.55,3838.46,3853.26,319324.0,3966.0979999999995,4034.2709999999997,4049.9865000000004,3649.012,3363.81025,2945.665,45.75779956693418,57.236276860383896,101.68371802450761,-44.44744116412372,4049.9865000000004,4223.050430184386,3876.922569815615,0.08546395410670395,-0.06836366708650499,108.81346682462967,4226.75,3854.95,4226.75,3135.02,-0.03785160492902351,-0.03946335225360642,-0.02240973820209613,0.21602661002988577
2025-11-24,3915.16,3917.16,3838.2,3846.06,373120.0,3917.46,4011.553000000001,4040.148,3659.6153333333336,3373.6095,2951.18875,45.40929965854176,40.982908736502395,89.54355616690658,-48.56064743040419,4040.148,4234.752470616342,3845.5435293836586,0.09633531772417338,0.0013269752095253857,106.68107633715613,4226.75,3838.46,4226.75,3135.02,-0.0018685476713224958,-0.05947056306168619,-0.04867135150377333,0.19820179073230593
2025-11-25,3942.36,3946.61,3833.35,3857.78,279294.0,3898.292,3986.6920000000005,4032.5165,3670.9223333333334,3383.085666666667,2956.833416666667,46.12854333801939,28.716675491450133,77.3781800318153,-48.66150454036517,4032.5165,4242.546708710241,3822.4862912897597,0.10416830716513643,0.08402055334557133,107.15099945593072,4226.75,3838.2,4226.75,3135.02,0.003047274353494389,-0.02424107526772923,-0.03805845287638909,0.213382567560767
2025-11-26,3891.88,3960.87,3866.66,3960.87,295327.0,3904.564,3967.7399999999993,4026.5025,3683.8174999999997,3393.6123333333335,2962.9009166666665,52.105947057466416,27.002826932033713,67.30310941185898,-40.30028247982527,4026.5025,4237.503960930648,3815.501039069353,0.10480632307102626,0.3444738256538123,106.86092806622136,4226.75,3833.35,4226.75,3135.02,0.026722622855631872,0.00798063880738309,-0.029472085074060073,0.242758443253555
2025-11-27,3989.45,4023.42,3968.43,3986.91,257855.0,3900.976,3949.368,4021.5035000000003,3696.9939999999997,3404.3451666666665,2969.280083333333,53.50918134505115,27.429608523008937,59.32840923408897,-31.898800711080035,4021.5035000000003,4231.279188989139,3811.7278110108614,0.10432699560706021,0.4175464512434725,103.69586177577699,4226.75,3833.35,4226.75,3135.02,0.006574313219065431,-0.004479568523165667,-0.024463589673321295,0.24734382039345237
2025-11-28,3995.3,3995.3,3921.89,3926.59,241923.0,3915.642,3940.87,4012.458,3709.337,3413.976416666667,2975.4138749999997,49.86461309039359,22.639541581203048,51.99063570351179,-29.351094122308744,4012.458,4222.222606890363,3802.693393109637,0.10455666172224755,0.2953229544465524,101.5325859346501,4226.75,3833.35,4226.75,3135.02,-0.015129511325813638,0.01903063899139945,-0.04404382227632375,0.2324474813324502
2025-12-01,3967.92,3977.31,3892.08,3920.37,296915.0,3930.504,3923.982,3997.3830000000003,3722.2943333333333,3423.2124166666667,2981.3316666666665,49.49028581040595,18.13245732102814,45.21900002701506,-27.086542705986922,3997.3830000000003,4187.165851184899,3807.600148815101,0.09495354895185128,0.29710232110231877,100.36811551074653,4226.75,3833.35,4226.75,3135.02,-0.001584071675423293,0.019321071434142967,-0.0714138521555614,0.24736153843706354
2025-12-02,3939.09,3994.93,3935.14,3994.93,319035.0,3957.9339999999997,3928.113,3991.0425000000005,3736.0040000000004,3432.7054166666667,2987.710541666667,53.95263925613749,20.342434526634406,40.24368692693893,-19.90125240030452,3991.0425000000005,4172.053531693845,3810.031468306156,0.09070864652222792,0.5107382957923099,98.52467868855035,4226.75,3833.35,4226.75,3151.93,0.019018613039075483,0.035551534820544406,-0.030766132749761033,0.2592967358582754
2025-12-03,4010.26,4052.83,3987.76,4036.3,290896.0,3973.0200000000004,3938.7920000000004,3992.6365000000005,3750.2019999999998,3442.4091666666664,2994.354083333333,56.26159849870581,25.142246473742944,37.22339883629974,-12.081152362556793,3992.6365000000005,4174.649375948022,3810.623624051979,0.09117427842380414,0.6199461845008952,96.13505878222531,4188.54,3833.35,4226.75,3167.23,0.010355625755645415,0.01904379593372174,0.0079612028708278,0.26751496347843573
2025-12-04,4018.91,4028.53,3982.54,4028.51,352043.0,3981.34,3941.1580000000004,3992.7394999999997,3763.996666666667,3451.75475,3001.0222083333333,55.69527252906748,27.994837070779795,35.37768648319575,-7.382849412415958,3992.7394999999997,4174.831113257914,3810.647886742085,0.09121136666086747,0.5982211628531608,93.10826886920924,4188.54,3833.35,4226.75,3185.49,-0.0019299853826524327,0.01043414574194057,0.0005116169330303677,0.25858293005251776
2025-12-05,4023.5,4100.05,4003.29,4100.05,478513.0,4016.0320000000006,3965.8370000000004,4000.054,3778.912166666667,3461.5882500000002,3008.27,59.70656949954857,35.61763782833532,35.425676752223666,0.19196107611165303,4000.054,4186.983335246958,3813.1246647530425,0.0934634058674996,0.7674700572488865,93.36910680712289,4188.54,3833.35,4226.75,3196.19,0.017758426812891193,0.04417573517988882,0.03700022257294311,0.2792188748003195
2025-12-08,4109.25,4154.85,4081.26,4154.85,395583.0,4062.928,3996.7159999999994,4004.1345,3794.4998333333333,3472.0901666666664,3015.507541666667,62.506858671125705,45.555528589060486,37.45164711959103,8.103881469469457,4004.1345,4200.595938096308,3807.673061903693,0.09812929016061141,0.8835752742635371,91.95631346375698,4188.54,3833.35,4226.75,3206.34,0.013365690662308971,0.059810681134689014,0.020035647297974135,0.29049040405765947
2025-12-09,4129.77,4152.18,4121.21,4143.55,400643.0,4092.6520000000005,4025.293,4005.9924999999994,3809.224833333333,3482.0642500000004,3022.5952083333336,61.55684994803649,51.92104951453939,40.3455275985807,11.575521915958689,4005.9924999999994,4206.938728814747,3805.0462711852515,0.1003228182852304,0.8422744004984909,87.7908625020601,4188.54,3833.35,4226.75,3221.98,-0.002719713106369759,0.03720215372985258,0.00904931095195538,0.2710081133724942
2025-12-10,4159.05,4172.64,4123.6,4135.0,317902.0,4112.392000000001,4042.7060000000006,4005.2229999999995,3822.8993333333333,3491.9367500000003,3029.482208333334,60.80383560217999,55.6345368548491,43.40332944983439,12.231207405014715,4005.2229999999995,4204.058303112573,3806.387696887426,0.09928800624213618,0.8263429531085962,85.02294375191295,4188.54,3833.35,4226.75,3272.07,-0.002063448009557045,0.024453088224363873,-0.0037080852642764617,0.24753735823781953
2025-12-11,4163.32,4170.77,4103.2,4110.62,539843.0,4128.814,4055.077,4002.2225000000008,3835.6730000000002,3501.423666666667,3036.2162083333333,58.602455941625735,55.965109137372565,45.91568538734202,10.049423750030542,4002.2225000000008,4192.614926726667,3811.8300732733337,0.09514334933985644,0.7846686232841029,83.77630491249064,4188.54,3833.35,4226.75,3311.86,-0.005896009673518776,0.020382225686419897,-0.014388713455760982,0.2291788768614318
2025-12-12,4123.83,4168.17,4120.73,4167.16,426616.0,4142.236,4079.1340000000005,4010.0020000000004,3848.5333333333333,3511.3355,3043.2086666666664,62.03527576394231,60.09663888422256,48.751876086718134,11.344762797504423,4010.0020000000004,4213.547067009419,3806.4569329905817,0.10151868603029061,0.8860520972309469,81.90299741874132,4172.64,3833.35,4226.75,3362.86,0.013754616091976368,0.016368093072035572,0.038785313480756756,0.2272451509921838
2025-12-15,4053.74,4123.19,4052.65,4090.59,346845.0,4129.384,4096.156,4010.0690000000004,3859.9213333333337,3520.24175,3050.016083333334,55.34227373400004,56.540582259855,50.30961732134551,6.230964938509487,4010.0690000000004,4213.719220711564,3806.4187792884363,0.10156943469629268,0.6976943597670939,84.23206903168835,4172.64,3833.35,4226.75,3365.73,-0.018374624444465693,-0.015466262319939417,0.00032768845142761016,0.20053355873108125
2025-12-16,4093.32,4099.01,3996.23,3999.13,373990.0,4100.5,4096.576,4012.3445,3869.0798333333328,3528.44725,3056.3273333333336,48.59769070243227,45.81420647426967,49.41053515193035,-3.5963286776606793,4012.3445,4214.431944485967,3810.2570555140337,0.10073284808219556,0.46730499503912104,85.55692124371062,4172.64,3833.35,4226.75,3365.73,-0.022358632862252148,-0.03485417094037724,0.011510969693597328,0.15929580649462838
2025-12-17,4019.43,4060.24,3994.65,4056.41,360956.0,4084.782,4098.5869999999995,4018.6894999999995,3879.7966666666666,3536.387,3063.079333333333,52.50188130278644,41.45759631206738,47.819947383957754,-6.362351071890373,4018.6894999999995,4217.923889347994,3819.4551106520053,0.09915391042179024,0.5946636274075037,84.13071258344556,4172.64,3833.35,4226.75,3365.73,0.014323115277572906,-0.019006045949214068,0.032294102827070015,0.18837815667662738
2025-12-18,3989.6,4030.65,3975.5,3994.51,581445.0,4061.56,4095.1870000000004,4018.1725000000006,3888.6835,3543.7725,3069.7058333333334,48.237955880957635,32.63395477402128,44.78274886197046,-12.148794087949184,4018.1725000000006,4217.601424769875,3818.743575230126,0.09926349591505806,0.44067435296232715,83.900661684628,4172.64,3833.35,4226.75,3365.73,-0.015259798688988413,-0.028246347266349003,-0.0025818694832514533,0.15404905671279567
2025-12-19,4055.78,4055.78,3997.05,4020.55,442664.0,4032.2380000000003,4087.237,4026.5369999999994,3898.272,3551.6140833333334,3076.2830833333337,50.07487041059967,27.426213343655036,41.31144175830738,-13.885228414652346,4026.5369999999994,4211.074098069378,3841.99990193062,0.09166045068970137,0.48377832949950245,82.28418585001172,4172.64,3833.35,4226.75,3365.73,0.00651894725510771,-0.03518223442344415,0.043415186102157666,0.1669869152802128
2025-12-22,4096.26,4105.93,4083.13,4105.93,315627.0,4035.3059999999996,4082.3450000000003,4039.5305,3908.8933333333334,3560.364,3083.2222916666665,55.63423730563018,29.844464777485882,39.01804636214308,-9.1735815846572,4039.5305,4207.235230341355,3871.8257696586443,0.0830317930964282,0.6979654952631544,82.50531543215375,4172.64,3833.35,4226.75,3365.73,0.02123590056086866,0.0037500702832597987,0.06756784865550736,0.18372565695587628
2025-12-23,4127.4,4140.84,4110.25,4117.32,385848.0,4058.9440000000004,4079.722,4052.5074999999997,3919.4121666666665,3569.0775,3090.2541666666666,56.332813217893985,32.30760234213949,37.675957558142365,-5.368355216002875,4052.5074999999997,4201.016283830674,3903.9987161693252,0.07329229314476259,0.7182109984615367,79.10565004414276,4172.64,3833.35,4226.75,3365.73,0.0027740365763662123,0.029553927979335315,0.06727703497866644,0.18103717812282172
2025-12-24,4136.24,4137.2,4106.62,4108.62,363614.0,4069.386,4077.084,4059.8950000000004,3930.0201666666667,3577.568916666666,3097.3535416666664,55.612505074059975,33.1752160769297,36.77580926189983,-3.60059318497013,4059.8950000000004,4204.071261915288,3915.718738084713,0.07102462596460625,0.6689771927525356,75.63953218384685,4172.64,3866.66,4226.75,3365.73,-0.002113024977412392,0.012870986907141946,0.037302410833983446,0.1833105807945532
2025-12-26,4130.37,4143.14,4116.53,4129.68,510162.0,4096.42,4078.9900000000002,4067.0335,3940.9963333333335,3586.3574166666663,3104.5626666666662,57.04436592984649,35.15690528707046,36.45202846693396,-1.2951231798635021,4067.0335,4210.1823350314635,3923.8846649685365,0.07039471645928831,0.7188159616745426,72.70242274214354,4172.64,3892.08,4226.75,3365.73,0.005125808665683573,0.03383894395057219,0.03580968720136668,0.18972893397212998
2025-12-29,4146.48,4220.56,4146.48,4220.56,502394.0,4136.4220000000005,4084.3300000000004,4081.732,3954.9048333333335,3595.5598333333332,3112.15275,62.64439846236497,43.55854890997762,37.87333255554269,5.685216354434928,4081.732,4224.548691124897,3938.915308875103,0.06997847537510891,0.9860356268812844,74.00082111770473,4172.64,3892.08,4226.75,3365.73,0.022006547722825953,0.04974692517192936,0.07486648720645661,0.24645530928367876
2025-12-30,4193.75,4226.36,4186.95,4214.17,408198.0,4158.070000000001,4096.688,4096.4220000000005,3967.954166666667,3605.2255833333334,3119.5371250000003,62.03204282186763,49.13489592040332,40.12564522851482,9.009250691888504,4096.4220000000005,4229.965433473396,3962.8785665266046,0.06520003723903234,0.9408603138972662,71.53004818072581,4220.56,3892.08,4226.75,3413.33,-0.001514017097257292,0.026361871731860997,0.07494190599356698,0.2281877238641763
2026-01-02,4224.53,4313.55,4216.68,4309.63,406339.0,4196.532,4127.737999999999,4112.157,3982.7046666666665,3615.6435833333335,3127.1245833333332,67.19159338921813,60.558929664521656,44.21230211571619,16.346627548805465,4112.157,4266.672024395242,3957.641975604758,0.07515035267147734,1.1390090567984943,73.51933045353113,4226.36,3935.14,4226.75,3421.89,0.02265214739794552,0.046707567058183574,0.07877484711872307,0.25843310167610833
2026-01-05,4385.92,4457.52,4381.93,4457.52,513870.0,4266.312,4167.849,4133.218,3999.3995,3626.8316666666665,3135.313833333333,73.25525737700684,80.61674607755413,51.493190908083776,29.12355516947035,4133.218,4344.88966400787,3921.546335992129,0.10242463088463784,1.2660496304974067,78.83152113542178,4313.55,3975.5,4313.55,3440.42,0.03431617099379758,0.08491902390583705,0.10435795158932692,0.2898551144008821
2026-01-06,4446.08,4525.48,4395.0,4525.48,498391.0,4345.472,4220.946,4158.0665,4015.6706666666664,3638.4295,3143.665625,75.49644554168333,100.8341606908698,61.36138486464098,39.47277582622881,4158.0665,4424.36753982309,3891.76546017691,0.12808887968631089,1.189846161029039,82.52069819717734,4457.52,3975.5,4457.52,3512.16,0.015246145838941683,0.0958427771643322,0.12336322858823712,0.27506684586147334
2026-01-07,4566.34,4611.72,4488.2,4551.06,553654.0,4411.572,4273.997,4180.617,4031.345,3649.8280833333333,3152.1204583333333,76.30144146624028,117.56547800112185,72.60220349193716,44.963274509184686,4180.617,4495.414933544453,3865.8190664555477,0.15059879130016093,1.0883821977943355,85.44921975452185,4525.48,3975.5,4525.48,3522.54,0.00565243907828572,0.07830714407566775,0.11000109754759091,0.26047194372126525
2026-01-08,4531.46,4622.32,4527.5,4552.37,440086.0,4479.212,4318.641,4200.493,4047.4753333333333,3661.29975,3160.60625,76.34430182517272,129.43878383677657,83.96951956090504,45.469264275871524,4200.493,4554.0814449524,3846.904555047601,0.16835568822631017,0.9975798912876945,86.11856120062741,4611.72,3975.5,4611.72,3522.54,0.0002878450295094037,0.0802530510159769,0.09567613752602377,0.2699976287121115
2026-01-09,4530.03,4590.03,4500.48,4586.32,399220.0,4534.55,4365.540999999999,4222.6315,4064.5505,3672.8355,3169.3427500000003,77.4809775198871,139.97440768138677,95.17049718500138,44.803910496385384,4222.6315,4612.744726398253,3832.5182736017478,0.18477256487962665,0.9661319783461054,86.36366397201118,4622.32,3975.5,4622.32,3535.52,0.007457653925317942,0.06420272738030874,0.10685764622123539,0.28763746522133404
2026-01-12,4639.89,4652.54,4567.55,4624.79,394753.0,4568.003999999999,4417.158,4247.121000000001,4080.675666666667,3684.581416666667,3178.2068750000003,78.72827651720931,149.70249579119354,106.07689690623981,43.62559888495373,4247.121000000001,4672.091378774631,3822.150621225371,0.2001216253432054,0.9443474402721652,86.26554511686751,4622.32,3975.5,4622.32,3577.06,0.008387988627047482,0.037525350419066905,0.11844981862152348,0.26454359524017845
2026-01-13,4662.44,4693.07,4641.58,4692.64,429151.0,4601.436,4473.454,4276.222,4096.4135,3697.1335833333337,3187.3561666666665,80.7531295670795,161.03074150923294,117.06766582683844,43.9630756823945,4276.222,4737.939750691751,3814.5042493082483,0.21594657653028843,0.9509443262427292,84.98086332280553,4652.54,3975.5,4652.54,3675.82,0.014670936410085655,0.0369375182301106,0.14158934661924483,0.2519148323137792
2026-01-14,4685.11,4723.1,4669.32,4723.1,550416.0,4635.844,4523.7080000000005,4304.018999999999,4112.650333333333,3709.8903333333333,3196.5045416666667,81.59991875226329,170.50089708309042,127.75431207808884,42.74658500500158,4304.018999999999,4801.667142642818,3806.37085735718,0.23124811607142967,0.9210615534244959,82.75223022831948,4693.07,3975.5,4693.07,3722.07,0.006491015718231186,0.037802182348727564,0.13340980427917337,0.25986625374444183
2026-01-15,4710.28,4797.55,4705.44,4797.55,545175.0,4684.88,4582.046,4339.367,4129.031333333333,3723.302666666667,3205.9795416666666,83.50961959876419,181.91653581379705,138.5867568252305,43.329778988566545,4339.367,4870.64840513653,3808.0855948634708,0.24486585492148022,0.9312055678687413,83.42064235486814,4723.1,3975.5,4723.1,3728.38,0.015762952298278732,0.05385766095462374,0.172825924866584,0.2576513425730531
2026-01-16,4820.66,4855.61,4797.75,4840.74,720906.0,4735.764,4635.157000000001,4381.4475,4145.979666666667,3736.8854166666665,3215.6490833333332,84.51376071576117,192.23264552231376,149.31593456464716,42.916710957666595,4381.4475,4931.2652801006825,3831.6297198993184,0.25097540486365844,0.9176770164798,81.60916790094895,4797.55,3975.5,4797.55,3794.52,0.009002511698679383,0.05547366952153365,0.21044827249926845,0.2659368592828151
2026-01-19,4829.4,4917.37,4827.95,4904.66,570841.0,4791.737999999999,4679.871,4423.860000000001,4162.996,3751.341416666667,3225.593375,85.88376291991106,203.22341357858932,160.0974303674356,43.12598321115371,4423.860000000001,4997.20518349755,3850.5148165024516,0.2592058444424322,0.9192936592464235,82.1670844794526,4855.61,3975.5,4855.61,3794.52,0.0132045926862423,0.06051518014872026,0.2091134771879568,0.2628898364437853
2026-01-20,4900.28,4935.48,4823.88,4885.75,667709.0,4830.36,4715.898,4468.4220000000005,4180.3325,3765.5245833333333,3235.337916666667,83.52950176273899,208.00998782691386,169.67994185933128,38.33004596758258,4468.4220000000005,5039.8953606948235,3896.948639305178,0.2557830754099871,0.8651333804016633,84.26943558806309,4917.37,3975.5,4917.37,3822.33,-0.0038555169981201454,0.041151675815745525,0.22311622702158695,0.27049116383569616
2026-01-21,4808.94,4910.54,4807.13,4909.93,600101.0,4867.726000000001,4751.785,4512.8910000000005,4196.471500000001,3779.853583333333,3245.3147499999995,84.12861358461983,211.3185575334137,178.00766499414777,33.31089253926592,4512.8910000000005,5076.397726912672,3949.3842730873293,0.24973203514672573,0.8522930437541435,85.63661876034429,4935.48,3997.05,4935.48,3833.35,0.004949086629483679,0.0395566471173594,0.221208541119996,0.2456724316836607
2026-01-22,4987.06,5019.54,4934.17,4952.53,568624.0,4898.722,4791.801,4555.221,4211.6331666666665,3794.490916666667,3255.380291666667,85.15325164962839,214.90084368484895,185.38630073228802,29.51454295256093,4555.221,5117.275761242913,3993.1662387570864,0.24677387167073275,0.8534433185134853,87.3490031346054,4935.48,4083.13,4935.48,3833.35,0.008676294774059734,0.03230398849412719,0.2061895843329038,0.22501564498136206
2026-01-23,4984.08,5021.13,4926.22,4990.07,612602.0,4928.588,4832.176,4598.8585,4227.9608333333335,3809.328833333333,3265.6832083333334,86.0103521625683,218.25310954497763,191.95966249482595,26.293447050151684,4598.8585,5153.616016768205,4044.1009832317955,0.2412587892270243,0.8525968447250984,87.88907433927643,5019.54,4106.62,5019.54,3833.35,0.007579964179924126,0.03084858926527767,0.2119704079352589,0.2442792632174764
2026-01-26,4997.54,5023.76,4940.78,4949.59,446903.0,4937.574,4864.656000000001,4640.907,4242.434833333334,3823.654,3276.081708333333,80.60652412076021,215.16313995339806,196.60035798654036,18.5627819668577,4640.907,5167.423245375033,4114.3907546249675,0.22690230395697766,0.7931372039433731,87.5384261721853,5021.13,4106.62,5021.13,3833.35,-0.008112110651754323,0.009160675765496507,0.20468429789077613,0.21279296276784732
2026-01-27,4932.89,5084.85,4890.72,5084.85,476156.0,4977.394,4903.877,4688.6655,4259.0675,3838.9071666666664,3286.9282083333333,84.1825511729256,221.08019352177962,201.4963250935882,19.58386842819141,4688.6655,5193.880630116684,4183.450369883316,0.2155048723849821,0.8920948486919797,95.1521100170292,5023.76,4116.53,5023.76,3833.35,0.027327516016478093,0.040751164099677606,0.23129395013657228,0.24418567663920498
2026-01-28,5145.39,5183.44,5124.8,5170.81,593109.0,5029.57,4948.647999999999,4736.178000000001,4276.789333333333,3854.9519166666664,3298.017958333333,85.95501770790237,230.05383727453773,207.20782752977814,22.846009744759584,4736.178000000001,5235.057433354208,4237.2985666457935,0.21066751855787821,0.9356082561649803,95.39767358724136,5084.85,4146.48,5084.85,3833.35,0.016905120111704308,0.053133140391003586,0.225147847678981,0.25887035909920897
2026-01-29,5243.42,5252.61,5073.12,5221.25,699659.0,5083.314,4991.018,4786.532000000001,4293.445666666667,3872.4672499999997,3309.2033749999996,86.88379813111722,238.48647739678927,213.46355750318037,25.0229198936089,4786.532000000001,5267.467636425305,4305.5963635746975,0.20095369107541888,0.9519502892644525,101.40426833100982,5183.44,4186.95,5183.44,3833.35,0.009754757958617688,0.05425913623945755,0.23897469727134868,0.23671501017321717
2026-01-30,5210.35,5321.68,5199.78,5224.36,862541.0,5130.1720000000005,5029.38,4832.2685,4311.822666666666,3889.7723333333333,3320.4635416666665,86.94113937872723,242.62354327722187,219.2955546579887,23.327988619233167,4832.2685,5296.793359023507,4367.743640976493,0.19225953980972163,0.9220350024154015,102.86824916450917,5252.61,4216.68,5252.61,3833.35,0.0005956428058413454,0.04695124517291349,0.2122525599645444,0.2675132347018492
2026-02-02,5122.62,5196.71,4933.58,4949.67,572544.0,5130.188,5033.880999999999,4856.876,4327.5768333333335,3904.369583333333,3330.5818750000003,61.40605128668108,221.18730095246428,219.67390391688383,1.5133970355804536,4856.876,5290.500910741769,4423.251089258231,0.17856124419967437,0.6069980041520957,116.29051708132992,5321.68,4381.93,5321.68,3833.35,-0.052578689064306405,1.616295491135844e-05,0.11040892693695148,0.2360516629124818
2026-02-03,5114.81,5288.08,5101.31,5288.08,672610.0,5170.834,5074.114,4895.006,4348.604,3921.7857500000005,3342.0361666666668,72.22797740957743,228.86754071565974,221.512631276639,7.35490943902073,4895.006,5339.345613106692,4450.666386893308,0.18154813828897942,0.942312578493443,132.15619443266348,5321.68,4395.0,5321.68,3833.35,0.06837021457996184,0.03996774732784636,0.16851251138000833,0.31333556855294376
2026-02-04,5260.71,5376.92,5243.11,5371.1,789920.0,5210.892000000001,5120.231,4936.008,4372.226333333334,3939.6475833333334,3353.7974583333335,74.14346728486763,238.8993235419166,224.98996972969454,13.909353812222065,4936.008,5396.861951858723,4475.154048141277,0.1867314444622955,0.9720497657068806,132.27432340175898,5321.68,4488.2,5321.68,3833.35,0.015699459917399183,0.03873474368619223,0.18018659389241187,0.35847901744162525
2026-02-05,5251.03,5304.4,5142.2,5163.57,911910.0,5199.356,5141.335,4966.568,4390.398499999999,3955.92725,3364.5491249999995,62.53266726999901,227.48138332269446,225.48825244829453,1.9931308743999239,4966.568,5401.966645270975,4531.169354729025,0.1753317966333996,0.7262317558170089,139.1761574444905,5376.92,4500.48,5376.92,3833.35,-0.038638267766379464,-0.011047163035671548,0.13425973723576945,0.2676812561989963
2026-02-06,5013.15,5120.77,4899.3,5089.14,745764.0,5172.312,5151.242,4991.709000000001,4406.777666666667,3971.6136666666666,3374.9578333333334,58.96615378748432,210.0058873295984,222.39177942455532,-12.385892094956915,4991.709000000001,5393.119975828762,4590.298024171239,0.16083108042907202,0.6213606576138602,148.11143191274115,5376.92,4500.48,5376.92,3833.35,-0.014414445819462052,-0.025882596145747838,0.10963473983498773,0.23932212965646227
2026-02-09,5299.1,5322.35,5265.08,5298.04,617658.0,5241.986,5186.0869999999995,5025.371499999999,4425.905166666666,3989.181416666667,3386.15625,64.99983206223149,210.58541739392876,220.03050701843003,-9.445089624501264,5025.371499999999,5410.650543928937,4640.092456071062,0.15333355710276841,0.8538584621933043,154.18990106183108,5376.92,4567.55,5376.92,3833.35,0.04104819281843297,0.07038246994244068,0.14557417742210998,0.27651618281655455
2026-02-10,5350.21,5363.62,5286.67,5301.69,712268.0,5244.7080000000005,5207.771,5055.824,4444.756166666667,4006.492416666667,3397.3015833333334,65.09640361368497,208.9307994398414,217.81056550271234,-8.879766062870942,5055.824,5427.117489218157,4684.530510781842,0.14687753735816653,0.8310938747104434,148.67276527170029,5376.92,4641.58,5376.92,3833.35,0.000688934020883103,0.002573712954418106,0.1297883494152543,0.27119643794822346
2026-02-11,5293.75,5374.23,5257.53,5354.49,753767.0,5241.386,5226.139,5087.3935,4467.138166666667,4024.2326666666663,3408.4806249999997,66.5348624430113,209.46543438248136,216.14153927866616,-6.676104896184796,5087.3935,5447.353977956667,4727.433022043333,0.14151076694054315,0.8710080916607648,146.38899632372167,5376.92,4669.32,5376.92,3833.35,0.009959088517057735,-0.003092476401482136,0.13368126865829622,0.3347617017776081
2026-02-12,5425.39,5522.27,5399.52,5522.27,750615.0,5313.125999999999,5256.241,5123.6295,4491.021833333333,4043.7742500000004,3420.4314999999997,70.67117103518824,220.88139697990573,217.08951081891408,3.791886160991652,5123.6295,5504.865670973833,4742.393329026167,0.1488148863901394,1.022826177513153,147.91692515774162,5376.92,4705.44,5376.92,3833.35,0.031334450153049254,0.06946744209916789,0.15106043709810213,0.3504358990034848
2026-02-13,5513.71,5583.74,5480.92,5507.01,1290659.0,5396.7,5284.505999999999,5156.943,4516.911666666667,4063.4030000000002,3432.316625,69.82582326887088,226.09103836558097,218.8898163282475,7.20122203733348,5156.943,5549.744080247736,4764.141919752265,0.15233873255831434,0.9456034079376975,144.6957162179029,5522.27,4797.75,5522.27,3833.35,-0.0027633563733754363,0.08211014041665199,0.13763804707544725,0.3929032127518579
2026-02-19,5642.09,5681.65,5614.97,5677.25,1185838.0,5472.5419999999995,5357.264,5195.5725,4546.040666666667,4084.6293333333333,3444.949875,73.61726737717188,241.17652904249917,223.34715887109786,17.829370171401308,5195.5725,5631.162063689014,4759.982936310987,0.16767721504762512,1.0529029390886535,146.83459363090984,5583.74,4807.13,5583.74,3833.35,0.0309133268325279,0.07157552604359352,0.1575216222939002,0.4447730124112166
2026-02-20,5696.89,5809.91,5684.58,5808.53,1749303.0,5573.91,5409.309,5241.7115,4576.102,4106.852583333333,3458.1925416666663,76.11016279652254,260.71967382877483,230.82166186263328,29.898011966141553,5241.7115,5728.710906335144,4754.712093664857,0.18581694407833899,1.0819498880558451,145.8221226572734,5681.65,4807.13,5681.65,3833.35,0.023123871592760636,0.09559970499972659,0.18887171877398545,0.45037392162003576
2026-02-23,5903.11,5931.86,5792.57,5846.09,1477789.0,5672.23,5456.808,5288.5195,4609.315833333333,4129.163916666667,3471.5467083333333,76.78600584807234,276.05632944390436,239.8685953788875,36.187734065016855,5288.5195,5817.14351366073,4759.895486339271,0.19991379956554167,1.0273790875851587,145.35554246746815,5809.91,4807.13,5809.91,3833.35,0.006466352071866854,0.09181079804052317,0.19066666938225185,0.5171802577557705
2026-02-24,5853.48,5969.64,5775.61,5969.64,1602005.0,5761.704,5537.415,5339.375,4644.708833333334,4152.162083333334,3485.4962499999997,78.90050083119513,294.78212709742365,250.85130172259474,43.93082537482891,5339.375,5921.874320668939,4756.875679331061,0.21819007680447194,1.0410006309331037,148.83228943407764,5931.86,4890.72,5931.86,3833.35,0.02113378343474026,0.08101197514790104,0.20537179986794651,0.5521442723202448
2026-02-25,6022.7,6144.71,5984.28,6083.86,1415255.0,5877.074,5636.887,5394.0644999999995,4681.810166666666,4176.36625,3500.292416666666,80.6548386814113,315.2055625570474,263.7221538894853,51.48340866756212,5394.0644999999995,6037.329981258532,4750.799018741467,0.23850863528181113,1.0361670415226019,150.7064116173578,5969.64,4890.72,5969.64,3833.35,0.019133482086021836,0.10474831169727294,0.21919331792940788,0.57703653396513
2026-02-26,6121.03,6313.27,6107.41,6307.27,1409623.0,6003.0779999999995,5737.81,5461.9485,4720.916833333334,4202.367166666667,3516.0355416666666,83.53799930795468,345.43662381393733,280.06504787437575,65.37157593956158,5461.9485,6184.883400506793,4739.013599493208,0.26471684985927363,1.084645657172874,156.3280965018323,6144.71,4890.72,6144.71,3866.66,0.036721752308567446,0.11097274208463603,0.2743015078016564,0.5923951051157954
2026-02-27,6197.49,6347.41,6153.87,6244.13,1166058.0,6090.198,5832.054,5519.9125,4758.537166666666,4227.765583333333,3531.393875,79.91305875124895,360.14851939909204,296.081742179319,64.06677721977303,5519.9125,6296.518251481897,4743.306748518104,0.2813833557984467,0.9662710124268773,158.98608960884428,6313.27,4890.72,6313.27,3892.08,-0.010010670226579865,0.07499315661621786,0.22798705959861154,0.5661577512409361
2026-03-03,6165.15,6180.45,5791.65,5791.91,1227193.0,6079.362,5875.796,5550.9675,4789.6258333333335,4249.4814166666665,3544.7928333333334,59.87373569488696,331.4961467732246,303.16462309810015,28.33152367512446,5550.9675,6318.874302961634,4783.060697038365,0.27667494106626805,0.6568826445284388,179.94994035106973,6347.41,4899.3,6347.41,3892.08,-0.07242321988811895,-0.009267732792345051,0.12011657748012383,0.47504832437305633
2026-03-04,5592.59,5672.12,5059.45,5093.54,1637606.0,5904.142,5832.923,5544.582,4809.178666666666,4265.7365,3555.33475,42.25244744111486,249.5595454649456,292.4436075714693,-42.884062106523686,5544.582,6325.365591774162,4763.798408225839,0.28163839646493144,0.21116068219677536,219.41494461170763,6347.41,4899.3,6347.41,3892.08,-0.12057680454288822,-0.14675926856560872,-0.02445966004309319,0.2992498157061707
2026-03-05,5250.92,5715.3,5248.13,5583.9,1660710.0,5804.15,5840.612,5562.558999999999,4835.6615,4285.83275,3567.8910416666668,52.76442946879741,221.63725617253385,278.2823372916822,-56.64508111914836,5562.558999999999,6329.456048003027,4795.661951996972,0.275735339797035,0.5139138623988523,248.1538771394428,6347.41,4899.3,6347.41,3935.14,0.09627096282742453,-0.0821780908830907,0.06881991286971045,0.3977466438711066
2026-03-06,5491.02,5609.98,5381.27,5584.87,1223020.0,5659.67,5831.374,5594.3189999999995,4861.4710000000005,4305.8365,3580.588,52.782739673208596,197.31241691297964,262.0883532159417,-64.77593630296207,5594.3189999999995,6307.8098988317615,4880.8281011682375,0.2550769446046112,0.49337833179409085,246.7650287723397,6347.41,4899.3,6347.41,3975.5,0.00017371371263807944,-0.11453449749257616,0.1283317877757506,0.383660778435696
2026-03-09,5265.37,5327.42,5096.16,5251.87,1026238.0,5461.218,5775.708,5592.5085,4881.860333333333,4322.9285,3591.742375,46.16654088476453,149.44181730035962,239.5590460328253,-90.11722873246569,5592.5085,6309.274814478265,4875.742185521734,0.2563308806694761,0.2623782723048648,264.0468124314583,6347.41,4899.3,6347.41,3975.5,-0.05962538071611334,-0.15891084906944608,-0.006847475832438277,0.30367555249955935
2026-03-10,5523.21,5595.88,5427.88,5532.59,923210.0,5409.354,5744.358,5600.5830000000005,4905.736000000001,4342.324083333334,3604.0713333333338,51.66671838217891,132.62693934402978,218.17262469506622,-85.54568535103644,5600.5830000000005,6310.799065661539,4890.366934338462,0.25362219099745104,0.45213217266729416,269.75846868635415,6347.41,4899.3,6347.41,3975.5,0.05345143729757207,-0.044772795157383305,0.03006646683174763,0.3493957390763527
2026-03-11,5658.72,5746.36,5559.69,5609.95,1050946.0,5512.636,5708.389,5622.902,4929.987666666667,4362.24375,3616.752958333333,53.08913128435187,124.11263964212958,199.3606276844789,-75.24798804234933,5622.902,6304.250504499536,4941.553495500464,0.24234763632712641,0.49049531927165985,265.75929235161453,6347.41,4899.3,6347.41,3975.5,0.013982601277159556,0.10138528410496428,0.08644794202460693,0.35021721602464573
2026-03-12,5567.65,5629.07,5527.47,5583.25,801306.0,5512.505999999999,5658.3279999999995,5647.6075,4953.982666666666,4381.60375,3629.138625,52.514697790876355,113.8975884267702,182.2680198329372,-68.370431406167,5647.6075,6284.104490845009,5011.110509154991,0.2254041169982189,0.44944398722564305,254.03362861221345,6347.41,4899.3,6347.41,3975.5,-0.004759400707671113,-0.00011640609609764319,0.09709106057212025,0.34745568413558425
2026-03-13,5412.39,5537.59,5392.52,5487.24,907656.0,5492.98,5576.325,5657.0675,4976.5199999999995,4399.709666666667,3641.1173750000003,50.40277295527234,96.93744757796503,165.2019053819428,-68.26445780397776,5657.0675,6277.933437666701,5036.201562333299,0.21950098267934792,0.3632333570768633,249.5119408541982,6347.41,5059.45,6347.41,3975.5,-0.01719607755339636,-0.017481158916859307,0.03571131965783558,0.32702297460701324
2026-03-16,5510.82,5561.42,5448.75,5549.85,1073860.0,5552.575999999999,5506.897,5669.4755,5000.507166666666,4418.0900833333335,3653.289166666667,51.76506799387375,87.53941759581812,149.66940782471787,-62.12999022889974,5669.4755,6271.056054588286,5067.894945411713,0.2122173575274421,0.4005739970419513,239.73751650746976,6347.41,5059.45,6347.41,3975.5,0.011410107813764503,0.05673788574355432,0.04680771603017164,0.3501247986921683
2026-03-17,5711.8,5717.13,5632.86,5640.48,1135071.0,5574.1539999999995,5491.753999999999,5683.775,5025.0625,4436.797916666666,3665.8032499999995,53.745590926532266,86.40843208164824,137.01721267610395,-50.60878059445571,5683.775,6268.07478232047,5099.475217679529,0.20560271380217215,0.4629513810290502,234.56197961407904,6347.41,5059.45,6347.41,3975.5,0.016330171085704892,0.01950081245854096,0.0534112492506289,0.3535549390952111
2026-03-18,5767.1,5934.35,5766.14,5925.03,1143772.0,5637.17,5574.903,5703.9130000000005,5055.6365,4457.778916666666,3679.477833333333,59.384342785089046,107.23676614226588,131.06112336933634,-23.824357227070465,5703.9130000000005,6292.307511738297,5115.518488261704,0.2063125828666378,0.6878985914966749,238.79826678450203,6347.41,5059.45,6347.41,3975.5,0.05044783422687438,0.056164493444682995,0.07293377542206358,0.44845364605105864
2026-03-19,5761.4,5863.39,5738.95,5763.22,1184170.0,5673.164,5592.835,5716.7235,5085.038,4477.058916666666,3692.5242916666666,55.258962186359625,109.425269851954,126.73395266585987,-17.308682813905875,5716.7235,6298.5318632698545,5134.915136730146,0.2035460918373451,0.5399586040141143,235.03267629989475,6347.41,5059.45,6347.41,3975.5,-0.027309566365064764,0.03223391393901398,0.04652433897886521,0.4411184432614095
2026-03-20,5813.35,5833.68,5764.64,5781.2,1490805.0,5731.956,5612.468,5721.921,5113.7845,4496.790583333334,3705.713416666667,55.627830831298155,111.32719988260033,123.65260210920798,-12.32540222660765,5721.921,6304.083114806303,5139.758885193698,0.20348484881434128,0.5509127942993362,223.27748513561656,6347.41,5059.45,6347.41,3975.5,0.003119783732010939,0.0535715587435579,0.018309921176626,0.42520110146656775
2026-03-23,5580.15,5580.15,5397.94,5405.75,1125620.0,5703.136,5627.856000000001,5701.782,5137.305166666667,4512.994333333334,3717.2209583333333,46.927424921319414,81.59820261450022,115.24172221026643,-33.64351959576621,5701.782,6298.257487429071,5105.306512570929,0.20922423460913486,0.2518489810235477,234.7048076259297,6347.41,5059.45,6347.41,3975.5,-0.0649432643741783,-0.025964665711685986,-0.06934284578025762,0.3532948972464707
2026-03-24,5638.2,5643.0,5395.17,5553.92,1170518.0,5685.824,5629.989,5687.1735,5162.861333333333,4530.566666666667,3729.4991666666665,50.23538952708374,69.19618820086635,106.03261540838642,-36.836427207520074,5687.1735,6283.107261798028,5091.239738201972,0.20957115579400845,0.3881977255341663,235.64232136693474,6347.41,5059.45,6347.41,3997.05,0.027409702631457256,-0.015346211669928667,-0.04997699316979387,0.38138314409720064
2026-03-25,5680.33,5740.97,5630.07,5642.21,763224.0,5629.26,5633.215,5670.802000000001,5188.466,4548.679666666666,3742.350125,52.14927156598041,65.73402661524597,97.97289764975834,-32.23887103451237,5670.802000000001,6252.619688751168,5088.984311248833,0.20519767353935728,0.47542872917685663,232.17144126929657,6347.41,5059.45,6347.41,4083.13,0.015896880041484263,-0.04773309164679329,-0.05484920363707024,0.37416127405971356
2026-03-26,5594.06,5598.37,5448.12,5460.46,925093.0,5568.7080000000005,5620.936,5639.632,5210.851666666667,4565.131916666667,3754.764041666667,48.05235759820593,47.77382563944502,87.93308324769568,-40.159257608250655,5639.632,6195.825236621727,5083.438763378273,0.19724451404691903,0.33893008022870263,229.4513383214897,6347.41,5059.45,6347.41,4106.62,-0.03221255500947329,-0.05253313251966785,-0.10246784114032859,0.32621705381170285
2026-03-27,5300.61,5462.51,5220.1,5438.87,900081.0,5500.242,5616.099,5596.2119999999995,5233.022500000001,4581.521333333334,3766.9202083333334,47.57423058943009,31.435732844848644,76.63361316712627,-45.197880322277626,5596.2119999999995,6066.023352761675,5126.400647238324,0.16790334346221164,0.332547682090799,230.37695701281186,6347.41,5059.45,6347.41,4106.62,-0.003953879343498556,-0.059214349961945634,-0.13768238873553862,0.32377051175333804
2026-03-30,5181.8,5297.35,5151.22,5277.3,727391.0,5474.552000000001,5588.843999999999,5547.870499999999,5252.1495,4596.572916666667,3778.4678750000003,44.04245679535783,5.3882158935848565,62.38453371241799,-56.996317818833134,5547.870499999999,5932.261616571075,5163.479383428923,0.13857249067766672,0.14805313086629446,234.46788865475386,6347.41,5059.45,6347.41,4116.53,-0.02970653830667025,-0.023761735189381628,-0.15483822406003722,0.2778956238740047
2026-03-31,5143.75,5233.99,5042.99,5052.46,1163312.0,5374.26,5530.0419999999995,5510.898,5266.0145,4610.459666666667,3789.1585416666667,39.63308682339333,-33.016741443087085,43.30427868131698,-76.32102012440407,5510.898,5934.529826783306,5087.266173216694,0.1537433016482271,-0.04108068730456627,234.45661089370006,6180.45,5059.45,6347.41,4146.48,-0.04260512004244599,-0.09028938119382346,-0.12766945618975434,0.1971065451030194
2026-04-01,5330.04,5512.33,5272.45,5478.7,958953.0,5341.558,5485.409000000001,5530.156,5287.089999999999,4627.522083333333,3801.713875,49.8778124247714,-28.72778503799418,28.89786593745475,-57.625650975448934,5530.156,5908.772223392183,5151.539776607817,0.1369278636596086,0.4320472858519056,250.55756725843577,5934.35,5042.99,6347.41,4186.95,0.0843628648222845,-0.028979779199994393,0.07561735060488384,0.30006620520766836
2026-04-02,5551.69,5574.62,5170.27,5234.05,1428160.0,5296.276,5432.492,5512.663500000001,5302.496999999999,4642.600833333333,3813.8215833333334,45.14236154044747,-44.55634870878475,14.207023008206848,-58.7633717169916,5512.663500000001,5911.517312230448,5113.809687769553,0.14470457419737195,0.15073230911100718,261.5427410256903,5934.35,5042.99,6347.41,4216.68,-0.04465475386496787,-0.04146353970178329,-0.0626533426458209,0.21450101284797074
2026-04-03,5375.5,5419.45,5316.42,5377.3,1185178.0,5283.962,5392.102,5502.285000000001,5317.826666666667,4658.613083333333,3826.501041666667,48.24102021509052,-45.022529947052135,2.361112417155052,-47.38364236420719,5502.285000000001,5903.87609823272,5100.693901767281,0.14597248169904667,0.34438773599561645,256.10397380956954,5934.35,5042.99,6347.41,4381.93,0.02736886349958456,-0.011320366179004004,-0.03716648731304395,0.20634343760656138
2026-04-06,5423.35,5505.61,5404.91,5450.33,1110507.0,5318.568,5396.5599999999995,5512.208,5333.240833333332,4674.45575,3839.6536666666666,49.79788188644095,-39.04893940783768,-5.920897947843494,-33.128041459994186,5512.208,5898.057551540183,5126.358448459816,0.13999818277546267,0.41981589747480175,246.9758328231717,5934.35,5042.99,6347.41,4395.0,0.013581165268815143,0.03278759971955347,0.037788444877729255,0.20436506182769576
2026-04-07,5552.19,5594.9,5424.46,5494.78,990449.0,5407.032,5390.646,5510.3175,5348.9695,4690.15725,3852.3608333333336,50.76853099974012,-30.377904775599745,-10.812299313394746,-19.565605462205,5510.3175,5896.119576607632,5124.515423392369,0.14002898257954519,0.47986337951233693,241.50898762151652,5934.35,5042.99,6347.41,4488.2,0.008155469485333855,0.08754547289835046,-0.006834050598363617,0.2073626803426014
2026-04-08,5804.7,5919.6,5774.0,5872.34,932610.0,5485.76,5413.659,5523.437,5370.969,4709.222166666667,3866.692583333333,58.16723549919762,6.880574264194365,-7.2737245978769245,14.15429886207129,5523.437,5938.625497292206,5108.248502707794,0.1503370083852522,0.9201742127678036,254.6026313628368,5934.35,5042.99,6347.41,4500.48,0.06871248712414335,0.07184916129738816,0.04677225287212905,0.2899522666215619
2026-04-09,5826.45,5862.41,5757.49,5778.01,1026733.0,5594.552000000001,5445.414,5533.175,5390.830499999999,4727.6905,3880.53475,55.906630188761596,28.468378933386703,-0.12530389162419908,28.5936828250109,5533.175,5962.41635073378,5103.9336492662205,0.15515191575678688,0.7851950302335264,244.62030055120564,5934.35,5042.99,6347.41,4500.48,-0.016063443193003124,0.103927169209312,0.03488290870012989,0.2598357724711753
2026-04-10,5876.12,5918.59,5850.83,5858.87,1002354.0,5690.866,5487.414,5551.7564999999995,5411.398499999999,4746.037083333334,3894.624166666667,57.43377439290171,51.507845509724575,10.201325988645555,41.30651952107902,5551.7564999999995,6003.0440916428,5100.468908357199,0.16257470645292177,0.840263620900843,237.1888505118338,5934.35,5042.99,6347.41,4567.55,0.013994437531260617,0.08955609692596656,0.06772621572958348,0.26684022409666164
2026-04-13,5737.28,5827.73,5730.23,5808.62,1083211.0,5762.523999999999,5540.546,5564.695000000001,5429.998166666667,4763.205833333334,3908.629125,56.13267782645569,64.96317863352488,21.15369651762142,43.80948211590346,5564.695000000001,6029.652972100445,5099.737027899556,0.16710995736529843,0.762308654369415,229.43536118956,5934.35,5042.99,6347.41,4641.58,-0.008576739200562566,0.06573730397975908,0.04662648540050629,0.23781496130110114
2026-04-14,5960.0,6026.52,5938.33,5967.75,889491.0,5857.118,5632.075,5581.0585,5450.742333333334,4781.696333333334,3923.2013749999996,59.278718208598995,87.45891622472391,34.414740459041916,53.04417576568199,5581.0585,6077.502709001129,5084.614290998871,0.17790324505687546,0.8894611851531544,228.61140681887719,5934.35,5042.99,6347.41,4669.32,0.027395491528108273,0.08607623963106814,0.05802165773125689,0.2635239567233383
2026-04-15,6141.6,6183.21,6064.23,6091.39,923846.0,5900.928,5693.344,5589.3765,5472.306333333333,4800.668833333333,3938.2345833333334,61.58401456401871,113.95011899589463,50.32181616641246,63.628302829482166,5589.3765,6113.403661100221,5065.3493388997795,0.18750827077053078,0.978995686927752,227.67202061752883,6026.52,5042.99,6347.41,4705.44,0.020718026056721683,0.03730199545666646,0.028077494966270322,0.26968765307292264
2026-04-16,6149.49,6231.03,6126.06,6226.05,925695.0,5990.536,5792.544,5612.518,5495.394833333334,4820.68725,3953.808041666666,63.976015617296426,144.14886624970768,69.08722618307151,75.06164006663617,5612.518,6201.999692763868,5023.036307236132,0.21005961772019888,1.0203995370266457,221.38401914484817,6183.21,5042.99,6347.41,4797.75,0.022106612776394252,0.07754226801268937,0.08030753641193633,0.2861773199965296
2026-04-17,6227.33,6230.32,6159.88,6191.92,689740.0,6057.146,5874.005999999999,5633.054,5516.849166666667,4839.922583333333,3969.246708333333,62.906887024547615,163.44351020925114,87.95848298830744,75.4850272209437,5633.054,6271.217277708577,4994.890722291423,0.22657807921194328,0.937870698237835,210.6023034916447,6231.03,5042.99,6347.41,4807.13,-0.005481806281671386,0.05684543265168873,0.07104407389469314,0.262456520941309
2026-04-20,6213.92,6278.36,6176.75,6219.09,692878.0,6139.24,5950.882,5673.721,5539.0715,4859.702,3984.6364166666667,63.43080843720719,178.86519980479898,106.13982635160576,72.72537345319321,5673.721,6351.210015730699,4996.2319842693005,0.23881647184650043,0.9024928724577167,202.8171389565272,6231.03,5042.99,6347.41,4807.13,0.004387976588844822,0.07066566585522893,0.150458308282847,0.27290385304201004
2026-04-21,6302.54,6388.47,6302.54,6388.47,792022.0,6223.384,6040.251,5715.4485,5563.713833333333,4880.092666666666,4000.7453333333333,66.59818771207722,202.42116515966063,125.39609411321675,77.02507104644388,5715.4485,6457.96408912305,4972.932910876951,0.25982758452746085,0.9532036160984,200.42877188820384,6278.36,5042.99,6347.41,4807.13,0.02723549586836671,0.07049893175820032,0.15026323749711912,0.3011326027051302
2026-04-22,6387.57,6423.29,6318.51,6417.93,900140.0,6288.692000000001,6094.8099999999995,5754.2345000000005,5588.137166666666,4899.885166666666,4016.877125,67.13142545129338,220.91998513672115,144.50087231791764,76.41911281880351,5754.2345000000005,6556.066939415336,4952.402060584665,0.27869300057734353,0.9138617168469392,193.59671675333215,6388.47,5042.99,6388.47,4890.72,0.004611432784375591,0.053606812238257584,0.13748513437110632,0.29588917179704133
2026-04-23,6488.83,6557.76,6309.1,6475.81,1042392.0,6338.644,6164.59,5805.002,5612.8995,4920.430166666667,4033.239416666667,68.20537772211574,237.51296392060976,163.1032906384561,74.40967328215368,5805.002,6653.23513643346,4956.768863566541,0.29224215131483483,0.8954148754554239,197.5298084138084,6423.29,5042.99,6423.29,4890.72,0.009018484152990114,0.04011532191357281,0.18594587269204443,0.29773931027019684
2026-04-24,6496.1,6516.54,6403.74,6475.63,878201.0,6395.386,6226.2660000000005,5856.84,5638.3335,4940.384166666667,4049.5319583333335,68.19791488653783,247.79210155561486,180.04105282188786,67.751048733727,5856.84,6735.411906766738,4978.268093233262,0.3000156762919041,0.8521567188946605,191.47767924139356,6557.76,5042.99,6557.76,4890.72,-2.779575064748574e-05,0.04581939043140082,0.1906204781507923,0.30831644641273326
2026-04-27,6533.6,6657.22,6529.19,6615.03,842664.0,6474.5740000000005,6306.907000000001,5923.7265,5663.8365,4961.452,4066.4420416666667,70.85734915173593,264.1419432747143,196.86123091245315,67.28071236226117,5923.7265,6819.154036281265,5028.298963718735,0.30231900013657453,0.8860186737561155,190.77141643843692,6557.76,5042.99,6557.76,4890.72,0.02152686302336604,0.0636652629243184,0.2534875788755613,0.3009292309507654
2026-04-28,6646.8,6712.73,6621.73,6641.02,1139472.0,6525.084,6374.234,6003.1545,5688.34,4982.564666666667,4083.4471666666664,71.33858664529825,276.014760082845,212.69193674653155,63.322823336313434,6003.1545,6856.170428467184,5150.138571532815,0.28418923033454646,0.8738883874924849,184.12345812140572,6657.22,5042.99,6657.22,4899.3,0.003928931539237235,0.039532157151868974,0.3144131769474672,0.2843287608711207
2026-04-29,6619.0,6702.38,6596.03,6690.9,717859.0,6579.678,6434.1849999999995,6063.7645,5712.834166666667,5003.139916666667,4100.60175,72.28451392724504,286.15038852131966,227.3836271014892,58.76676141983046,6063.7645,6931.249460018748,5196.279539981252,0.28612092703097164,0.8614676501056835,178.5682111127339,6712.73,5170.27,6712.73,4899.3,0.007510894410798219,0.04253240530825342,0.221256867505065,0.2814747426382571
2026-04-30,6739.39,6750.27,6597.83,6598.87,685459.0,6604.290000000001,6471.467000000001,6132.0055,5735.742666666667,5023.782666666667,4117.349208333333,67.83606645889878,283.489010363186,238.60470375382857,44.88430660935745,6132.0055,6940.389795034685,5323.621204965315,0.263660655566824,0.7887639597080297,176.70191031896724,6712.73,5170.27,6712.73,4899.3,-0.013754502383834688,0.019003028192612126,0.26075792168588374,0.26309634098722157
2026-05-04,6782.93,6937.0,6741.63,6936.99,873009.0,6696.562,6545.974,6209.99,5768.864666666666,5048.2207499999995,4135.514708333333,74.13423934111972,305.14577664540957,251.91291833214478,53.232858313264785,6209.99,7013.01102724631,5406.96897275369,0.2586223253970812,0.9526656060881752,188.23248815332676,6750.27,5316.42,6750.27,4899.3,0.051239075781156496,0.07124557765035977,0.29005076897327653,0.4015055549157822
2026-05-06,7093.01,7426.6,7093.01,7384.56,995692.0,6850.468000000001,6662.521000000001,6306.701500000001,5803.806,5076.205,4155.419833333333,79.77876945115034,354.33947357142006,272.39822937999986,81.9412441914202,6306.701500000001,7183.021411408337,5430.381588591665,0.2779011854004304,1.1149914465984059,209.75945328523204,6937.0,5404.91,6937.0,4899.3,0.06451933763779394,0.11633053818350048,0.35488309882153923,0.39645391143855635
2026-05-07,7499.07,7531.88,7257.89,7490.05,767462.0,7020.273999999999,6772.678999999999,6406.464999999999,5839.121833333334,5105.674083333333,4175.759958333333,80.84005396706462,397.2586438288763,297.3703122697752,99.88833155910112,6406.464999999999,7342.597999877531,5470.332000122467,0.29224634798677024,1.0787559033501433,214.34734947914404,7426.6,5424.46,7426.6,4899.3,0.014285211305751444,0.12784632481155,0.3631209984749162,0.3945095045707583
2026-05-08,7353.94,7511.01,7318.96,7498.0,523091.0,7181.694,6880.686,6487.748,5878.0289999999995,5134.21375,4195.99925,80.92132075106409,426.991798374419,323.294609490704,103.697188883715,6487.748,7503.203128119259,5472.29287188074,0.3130377838717718,0.9974380314919005,212.7546816592052,7531.88,5730.23,7531.88,4899.3,0.0010614081347921633,0.12062652259038398,0.2768334258574945,0.45209612729177695
2026-05-11,7775.31,7899.32,7713.49,7822.24,731279.0,7426.368,7015.329000000001,6589.9595,5923.580666666666,5165.179166666667,4217.669583333333,83.91743431889662,471.28630067221457,352.8929477270061,118.39335294520845,6589.9595,7705.660413407663,5474.2585865923365,0.3386063035463764,1.0522449991710905,226.22363296926196,7531.88,5730.23,7531.88,4899.3,0.043243531608428976,0.18539083206670237,0.353794818631328,0.537045551900714
2026-05-12,7953.41,7999.67,7421.71,7643.15,1021136.0,7567.6,7132.081,6679.1735,5962.6658333333335,5194.2855,4238.57075,76.74827824636498,486.33280474402363,379.58091913040965,106.75188561361398,6679.1735,7831.51704749384,5526.829952506159,0.34505573107027104,0.9182678429954728,251.34765918574325,7899.32,5730.23,7899.32,5042.99,-0.022894976375053666,0.1017963122334038,0.30454336757770695,0.44263727718175017
2026-05-13,7513.65,7855.47,7402.36,7844.01,738739.0,7659.490000000001,7254.978999999999,6780.942999999999,6005.037833333334,5224.897,4260.406541666666,78.92312591811167,508.6021420681591,405.3851637179596,103.2169783501995,6780.942999999999,7966.80288295569,5595.083117044309,0.34976252800110263,0.9482262260826149,265.75925495819024,7999.67,5730.23,7999.67,5042.99,0.026279740682833674,0.062217654132405986,0.35040853076978706,0.4795301120963318
2026-05-14,7873.91,7991.04,7842.72,7981.41,849942.0,7757.762,7389.017999999999,6881.625999999999,6048.819833333333,5257.979000000001,4282.821583333333,80.28181071481568,531.2142765293111,430.55098628022995,100.66329024908111,6881.625999999999,8115.191169991304,5648.060830008694,0.3585097969553432,0.9457745836029695,257.37073674689094,7999.67,5938.33,7999.67,5042.99,0.017516550845804613,0.06560169825301565,0.33742365213019987,0.49060134578643355
2026-05-15,7951.75,8046.78,7371.68,7493.18,885627.0,7756.798,7469.246000000001,6951.715500000001,6081.668333333333,5286.345083333334,4303.103249999999,64.39645666502216,503.9294898361477,445.22668699141354,58.70280284473415,6951.715500000001,8156.679378470502,5746.7516215295,0.3466666259488039,0.7246808015055594,287.2085412649701,7999.67,6064.23,7999.67,5042.99,-0.061170895869276154,-0.000642838090157305,0.23012645717972413,0.3569021435025812
2026-05-18,7443.29,7636.2,7142.71,7516.04,566618.0,7695.558,7560.963000000001,7016.214999999999,6115.152166666667,5316.031916666668,4323.613125,64.7481772325049,478.63332373938283,451.9080143410074,26.72530939837543,7016.214999999999,8196.753669887466,5835.676330112533,0.33651724466467087,0.7116936161217173,301.94293117461507,8046.78,6126.06,8046.78,5042.99,0.003050774170645809,-0.03914479739818766,0.2071923611278419,0.3648132107986002
2026-05-19,7425.66,7446.57,7141.91,7271.66,533509.0,7621.26,7594.43,7070.202,6141.725666666666,5343.883166666667,4343.111333333333,58.13628266440876,433.8651785212405,448.29944717705405,-14.434268655813526,7070.202,8192.329954657429,5948.0740453425715,0.31742458126583334,0.5897660552719686,307.0991503764283,8046.78,6159.88,8046.78,5042.99,-0.032514462403073985,-0.04860430581631914,0.17437886794403035,0.28084195693337444
2026-05-20,7324.52,7324.52,7053.84,7208.95,492494.0,7494.248,7576.869000000001,7119.6950000000015,6165.066000000001,5370.584,4362.130291666666,56.5407140479698,388.8435812304306,436.4082739877294,-47.564692757298815,7119.6950000000015,8172.474555566912,6066.915444433091,0.29573726278075413,0.5423901658842223,304.49778249239773,8046.78,6176.75,8046.78,5042.99,-0.00862389055593904,-0.08096114104902985,0.15916476526308498,0.2410971450607986
2026-05-21,7486.37,7819.23,7486.37,7815.59,621082.0,7461.084,7609.423,7191.051000000001,6197.891,5403.603416666667,4383.706833333333,66.20378583362755,397.53191860964944,428.6330029121134,-31.10108430246396,7191.051000000001,8229.267763376349,6152.834236623654,0.2887524406032852,0.8007748584067156,326.33936945722644,8046.78,6302.54,8046.78,5042.99,0.08415095124810135,-0.02077577771346162,0.22338995095852376,0.336891837108221
2026-05-22,7873.12,7886.64,7780.13,7847.71,435533.0,7531.99,7644.394,7262.539999999999,6229.192166666666,5436.950500000001,4405.28,66.62690075032094,402.3710214724606,423.38060662418286,-21.009585151722263,7262.539999999999,8274.542140116142,6250.537859883856,0.27869096490102446,0.7891150012453747,310.6372716388531,8046.78,6309.1,8046.78,5042.99,0.004109734517803609,0.04731369058263635,0.22277899571980364,0.3146035606837263
2026-05-26,8070.91,8131.15,8008.19,8047.51,519551.0,7638.284,7666.920999999999,7341.125,6261.919666666667,5471.864916666666,4427.475291666666,69.20925111385132,417.51537817155804,422.2075609336579,-4.692182762099833,7341.125,8340.5711887964,6341.678811203599,0.27228692844663477,0.8533882103501119,308.694609378935,8046.78,6309.1,8046.78,5042.99,0.025459656383836737,0.07071143847025829,0.24270322940296274,0.32276383743215664
2026-05-27,8242.12,8457.09,8220.04,8228.7,619451.0,7829.692,7725.476,7428.7784999999985,6293.943499999999,5507.430166666667,4450.521250000001,71.37258792046242,439.07650802787066,425.58135035250046,13.495157675370194,7428.7784999999985,8416.655869500204,6440.901130499793,0.2659595704731823,0.9048688251684035,315.9007087090111,8131.15,6403.74,8131.15,5042.99,0.02251503881324779,0.13161231410709529,0.27071806140869703,0.304637347061407
2026-05-28,8165.73,8253.6,7841.01,8185.29,668951.0,8024.960000000001,7759.604000000001,7507.291499999999,6326.296166666667,5542.416666666667,4473.380916666666,70.10179935848504,447.5025042625557,429.9655811345115,17.53692312804418,7507.291499999999,8473.350058354843,6541.232941645155,0.2573654049146338,0.8509096286847265,322.80708665836744,8457.09,6529.19,8457.09,5042.99,-0.0052754384046083125,0.13543442526304106,0.23737760826481513,0.31087757621958545
2026-05-29,8384.31,8476.15,8273.74,8476.15,735127.0,8157.072,7809.0779999999995,7599.048,6371.0335000000005,5580.3296666666665,4497.1530416666665,73.50567447662672,472.20683174827536,438.41383125726435,33.793000491011014,7599.048,8567.161739838266,6630.934260161734,0.2547986905302523,0.9529953268437907,320.5251518970555,8457.09,6596.03,8457.09,5042.99,0.03553447709244262,0.08451825134122948,0.27633255132494683,0.4634464278623114
2026-06-01,8485.67,8874.16,8485.67,8788.38,636175.0,8345.206,7938.598,7703.9220000000005,6432.614166666667,5620.8964166666665,4522.054416666666,76.58714648348214,511.08803611175153,452.9486722281618,58.13936388358974,7703.9220000000005,8709.50916828708,6698.33483171292,0.2610585019648642,1.0392163077454872,326.05978390440873,8476.15,6596.03,8476.15,5042.99,0.03683629949918288,0.11986554039331199,0.31348249114468896,0.7253972679119038
2026-06-02,8883.19,8933.62,8503.12,8801.49,632553.0,8496.001999999999,8067.142999999999,7814.053,6486.240666666667,5660.951083333333,4546.8282500000005,76.70963472636754,536.7719650448253,469.7133307914945,67.05863425333075,7814.053,8793.539254504687,6834.566745495312,0.2506986462734992,1.0040586304599717,333.5197993398081,8874.16,6597.83,8874.16,5042.99,0.0014917425054448152,0.09369109202722337,0.33378745148790623,0.576226293450814
2026-06-04,8623.82,8759.05,8577.3,8639.41,437896.0,8578.144,8203.918,7899.173999999999,6537.149666666666,5699.310333333333,4570.8597500000005,71.7143790846763,537.8481832682328,483.3403012868422,54.5078819813906,7899.173999999999,8854.58277036775,6943.7652296322485,0.24190093049418854,0.887392298960723,325.7105279583933,8933.62,6741.63,8933.62,5042.99,-0.018415063813058907,0.049911893737771384,0.24541191496600123,0.5469312625002909
2026-06-05,8323.2,8382.16,8038.1,8160.59,463197.0,8573.204000000002,8299.082,7937.9755000000005,6585.628333333333,5733.744333333333,4592.749541666666,59.406826617754454,494.3655829216923,485.5453576138122,8.820225307880094,7937.9755000000005,8869.36470119283,7006.586298807172,0.23466668577972524,0.6195067001608442,345.3962045327937,8933.62,7053.84,8933.62,5042.99,-0.055422766137965374,-0.0030176084170505657,0.10508818399471331,0.5538446305792033
2026-06-08,8048.09,8048.09,7442.73,7484.41,452204.0,8374.856,8265.964,7937.693499999999,6618.158666666666,5761.947333333333,4611.767791666667,47.11089295416482,400.7239378305658,468.58107365716296,-67.85713582659719,7937.693499999999,8869.628265877212,7005.758734122786,0.234812484477314,0.25680513454537124,372.00076135187993,8933.62,7053.84,8933.62,5042.99,-0.08285920503296951,-0.11700359243288516,-0.0007529989786450031,0.3527859465458312
2026-06-09,7697.76,8119.09,7598.87,8096.93,448537.0,8236.566,8290.886,7967.640000000001,6659.608333333334,5794.798,4633.444083333334,55.99595378988232,371.65331631665595,449.1955221890616,-77.54220587240565,7967.640000000001,8879.407741368172,7055.872258631832,0.22886770520961533,0.5709007316962048,390.76356411245996,8933.62,7053.84,8933.62,5042.99,0.08183945027062922,-0.07867775403430433,0.07987863430248066,0.44331589408105243
2026-06-10,7899.77,7996.68,7541.11,7730.82,460877.0,8022.432000000001,8259.217,7963.068999999999,6695.4011666666665,5824.691916666667,4653.378083333333,50.53166345062444,315.436466796451,422.4437111105395,-107.0072443140885,7963.068999999999,8878.615475344432,7047.522524655566,0.2299481457072476,0.3731637299392007,402.5533095329986,8933.62,7053.84,8933.62,5042.99,-0.04521590281748766,-0.12164644849906092,-0.011687189347296956,0.38464514395737237
2026-06-11,7509.62,7800.62,7394.46,7763.95,478730.0,7847.339999999999,8212.742,7969.1089999999995,6733.346333333333,5854.933166666668,4673.434958333334,50.99766612959929,270.4400580065876,392.04298048974914,-121.60292248316154,7969.1089999999995,8877.701022876941,7060.516977123058,0.22802850930435056,0.38710059364686605,402.8109302806415,8933.62,7053.84,8933.62,5042.99,0.004285444493598467,-0.10133330864028911,0.01580500186441447,0.4149098636108499
2026-06-12,8263.85,8434.4,8079.77,8123.62,493406.0,7839.945999999999,8206.575,7983.0895,6776.242499999999,5888.374833333334,4694.8992499999995,55.859154151954634,260.7961473249961,365.7936138567986,-104.99746653180244,7983.0895,8892.156287633677,7074.0227123663235,0.22774811371804787,0.5772938258836866,421.9280066891671,8933.62,7053.84,8933.62,5042.99,0.046325646095093376,-0.004530309695745083,0.03564630845702643,0.46375487625791667
2026-06-15,8526.12,8603.48,8450.24,8545.98,516648.0,8052.26,8213.558,8011.318000000001,6824.6675,5924.865000000001,4718.1002499999995,60.77983422755812,283.96087659355,349.4270664041489,-65.4661898105989,8011.318000000001,8952.903689347291,7069.732310652711,0.23506386573277704,0.783915742374243,426.0660062113694,8933.62,7053.84,8933.62,5042.99,0.05199159980402812,0.14183749954906255,0.07073562190139326,0.5151157348310782
2026-06-16,8696.55,8753.82,8540.41,8726.6,586337.0,8178.194,8207.380000000001,8072.989,6871.360333333333,5963.498416666667,4741.870083333333,62.69505407453887,313.28229266898506,342.19811165711616,-28.915818988131093,8072.989,9032.156676642415,7113.821323357585,0.23762392755456865,0.8407177993570313,410.8762914819859,8933.62,7053.84,8933.62,5042.99,0.02113508339593606,0.07776651150497771,0.16460568143298304,0.47283642445692275
2026-06-17,8622.13,8872.18,8605.66,8864.24,571194.0,8404.878,8213.654999999999,8140.399,6923.044,6004.041,4766.244125,64.13244370223154,343.66457258371156,342.49140384243526,1.1731687412762994,8140.399,9122.74486108743,7158.053138912571,0.24135078909213908,0.868424721207013,400.56512780470126,8933.62,7053.84,8933.62,5042.99,0.01577246579423819,0.14661057947281142,0.17937637372871884,0.5380707312925759
2026-06-18,8884.92,9106.07,8867.34,9063.84,510940.0,8664.856,8256.098000000002,8230.008,6977.754666666667,6045.769583333333,4791.078291666667,66.16823522148779,379.4744548806193,349.88801405007206,29.586440830547247,8230.008,9205.964692350433,7254.051307649566,0.23717029007758766,0.927186988180721,389.22690439007977,8933.62,7053.84,8933.62,5042.99,0.022517440863514482,0.16742637446145325,0.24646091813973703,0.5678129108143639
2026-06-19,9288.89,9385.59,8831.72,9052.42,517248.0,8850.616,8345.281,8322.1815,7038.5325,6087.918833333333,4815.845666666666,65.93763742942892,402.29513810605386,360.36943886126846,41.92569924478539,8322.1815,9241.566109731202,7402.796890268799,0.22094798334576135,0.897134394175631,400.9871255050742,9106.07,7053.84,9106.07,5042.99,-0.0012599516319793391,0.1143332652192004,0.2557196262978658,0.6745909448272673
2026-06-22,8954.43,9253.0,8900.68,9114.55,381081.0,8964.33,8508.295,8387.1295,7097.876333333334,6130.368833333333,4840.991458333333,66.61922542982742,420.5462701133765,372.4048051116901,48.14146500168641,8387.1295,9337.201954173148,7437.05704582685,0.22655485507244139,0.8828236977110744,397.5109022547117,9385.59,7394.46,9385.59,5042.99,0.0068633580854622345,0.06653069630399311,0.16620114412347609,0.6411021404701542
2026-06-23,9083.54,9175.45,8203.84,8203.84,488742.0,8859.778,8518.986,8404.936,7140.570166666667,6164.518083333333,4862.441041666667,50.62745071009904,357.40380920614007,369.4046059305801,-12.000796724440022,8404.936,9326.832800718816,7483.039199281183,0.2193703320807717,0.3909335622798552,438.5179806650895,9385.59,7394.46,9385.59,5042.99,-0.09991826255821723,-0.059904200948823205,0.0453801172571362,0.454011814519488
2026-06-24,8356.79,8577.52,8080.99,8471.02,418169.0,8781.134,8593.006,8426.111499999999,7190.746166666666,6200.798916666667,4884.938208333333,54.10796129556845,325.1737465670667,360.55843405787743,-35.384687490810734,8426.111499999999,9333.538000544582,7518.684999455416,0.21538440371803372,0.5247449793305848,442.6616963318689,9385.59,7394.46,9385.59,5042.99,0.032567675625073234,-0.044360261003763335,0.05262621605937734,0.5513381656490479
2026-06-25,8703.42,9044.04,8693.62,8930.3,456880.0,8754.426000000001,8709.641,8461.1915,7248.936666666666,6240.979583333333,4909.2742499999995,59.40559427044434,332.8543100656043,355.01760925942284,-22.163299193818546,8461.1915,9389.38726433562,7532.99573566438,0.21940072254259232,0.752699116945322,451.9730037367354,9385.59,7394.46,9385.59,5042.99,0.0542177919542155,-0.01473326978410927,0.08526255666144089,0.6419403295169768
2026-06-26,8813.18,8861.7,8126.84,8411.21,518473.0,8626.184,8738.4,8472.4875,7301.1685,6276.659000000001,4931.508208333334,52.087059091736336,293.6697451705495,342.7480364416482,-49.07829127109869,8472.4875,9392.439825392237,7552.535174607761,0.21716227386401882,0.4666952850117133,477.07921775553996,9385.59,7394.46,9385.59,5042.99,-0.05812682664636126,-0.07083299272459753,0.027600732533605843,0.5938472324863091
2026-06-29,8334.28,8525.53,8127.99,8394.65,371223.0,8482.204000000002,8723.267,8468.4125,7356.871666666668,6311.443083333333,4953.501458333334,51.867528661309784,258.301898085585,325.85880877043553,-67.55691068485055,8468.4125,9388.98564266417,7547.83935733583,0.2174133918639817,0.459936643498783,471.39784505871575,9385.59,7394.46,9385.59,5042.99,-0.0019688011594051202,-0.07898360314003428,-0.009615214454675725,0.6614975675215637
2026-06-30,8416.7,8667.73,8220.8,8476.48,449824.0,8536.732,8698.255,8452.817500000001,7406.834666666667,6346.962333333333,4976.093958333334,52.92339020758035,234.17618429439608,307.5222838752277,-73.3460995808316,8452.817500000001,9361.673523578316,7543.961476421686,0.21504214981059633,0.5130177384459836,469.6501418402361,9385.59,7394.46,9385.59,5170.27,0.009747875134758388,0.03323321761516551,-0.0354900448091684,0.5471699490755106
2026-07-01,8591.5,8620.15,8143.33,8303.41,468193.0,8503.210000000001,8642.172,8427.913499999999,7457.990666666667,6380.243833333333,4997.943708333333,50.40492634853477,198.7994434688826,285.7777157939587,-86.97827232507609,8427.913499999999,9324.40022744809,7531.426772551908,0.21274227065764054,0.43056032164892927,470.16227456593344,9385.59,7394.46,9385.59,5170.27,-0.02041767337385325,-0.019786283115846848,-0.056590418213279814,0.5864216046847086
2026-07-02,7933.1,8136.28,7616.33,7648.09,505157.0,8246.768,8500.597,8378.3475,7495.837166666666,6406.831916666667,5016.831791666667,42.21355987532681,116.54086369426477,251.93034537401994,-135.38948167975516,8378.3475,9330.471485305796,7426.223514694205,0.22728204703989552,0.11651134134308046,485.65639781122394,9385.59,7394.46,9385.59,5316.42,-0.07892179237204955,-0.14357972296563382,-0.11474394663524479,0.4222918565079128
2026-07-03,7739.75,8136.28,7378.1,8088.34,465821.0,8182.194,8404.188999999998,8374.734999999999,7539.804000000001,6436.522416666668,5037.475958333334,48.29299690280597,85.88481556663828,218.7212394125436,-132.83642384590533,8374.734999999999,9330.676989358972,7418.793010641026,0.22829187773916979,0.3502027302974489,505.1223693961365,9385.59,7394.46,9385.59,5404.91,0.05756339164418822,-0.038385678160454795,-0.00885352652197946,0.48400922512948763
2026-07-06,8186.82,8327.26,7815.53,8051.33,448691.0,8113.530000000001,8297.867,8403.081,7582.413166666666,6465.691333333333,5057.759708333333,47.83737024658143,57.93543523226617,186.56407857648813,-128.62864334422196,8403.081,9282.281512872683,7523.880487127317,0.20925670307656996,0.29995973907550644,505.5943430106982,9385.59,7378.1,9385.59,5424.46,-0.004575722583373132,-0.04089747636887775,0.07574678565177484,0.46526885516799577
2026-07-07,7919.2,7954.55,7389.22,7656.31,516366.0,7949.496000000001,8243.114,8381.05,7612.145999999999,6491.5575,5076.4286250000005,43.15718775833766,3.8659727454260064,150.0244574102757,-146.15848466484968,8381.05,9310.479814628081,7451.620185371918,0.2217931678317351,0.11011579971210142,516.7740327956483,9385.59,7378.1,9385.59,5730.23,-0.049062701441873524,-0.09675832421004937,-0.05441815601715716,0.30379201476753726
2026-07-08,7452.48,7791.66,7186.21,7246.79,501071.0,7738.1720000000005,8120.691000000001,8356.8485,7636.625666666668,6513.728083333333,5093.281791666667,38.907389643186974,-71.20846051629178,105.7778738249622,-176.98633434125398,8356.8485,9373.827491351636,7339.869508648364,0.24338816034576577,-0.04576274900460572,523.108030453102,9385.59,7378.1,9385.59,5730.23,-0.05348790736007303,-0.12725133409045197,-0.06261043459814086,0.2542017061237345
2026-07-09,7486.64,7543.86,7063.76,7291.91,582791.0,7666.936,7956.852000000001,8333.2465,7660.509666666667,6535.954083333333,5110.26775,39.612955561489464,-125.61665226816422,59.498968606336916,-185.11562087450113,8333.2465,9423.444246617828,7243.048753382171,0.2616501855832127,0.022409350399692975,520.0360282778804,9385.59,7186.21,9385.59,5730.23,0.0062262049817918275,-0.04657110468103809,-0.060798948988594725,0.2445932406761031
2026-07-10,7552.49,7704.93,7429.51,7475.94,453242.0,7544.456,7863.325,8300.8625,7688.298333333333,6559.14825,5128.140916666666,42.528410540123986,-152.13216828723034,17.17274122762347,-169.30490951485382,8300.8625,9450.880963327694,7150.844036672304,0.27708408935281004,0.14134380172775537,512.3920262580318,9385.59,7063.76,9385.59,5730.23,0.02523755778664305,-0.07571392893968365,-0.07972800303313055,0.28704236118045245
2026-07-13,7412.03,7529.07,6783.43,6806.93,474085.0,7295.575999999999,7704.553,8213.91,7702.284666666667,6576.5135,5143.201916666667,35.767832179702864,-224.54105213935054,-31.170017445771336,-193.3710346935792,8213.91,9527.930495319459,6899.889504680541,0.31995005918483616,-0.03537216695312686,529.0525958110295,9385.59,7063.76,9385.59,5938.33,-0.08948841215954106,-0.1545583152100336,-0.2034933383883416,0.1406191613254577
2026-07-14,6769.06,6979.92,6448.86,6856.83,491599.0,7135.68,7542.588000000001,8120.4214999999995,7715.042,6593.674166666666,5158.488416666666,36.577672682628375,-274.73215997631905,-79.88244595188088,-194.84971402443819,8120.4214999999995,9537.267462569891,6703.575537430109,0.34895872401940986,0.05408296548056516,529.1959818245274,9385.59,6783.43,9385.59,6064.23,0.007330764382768695,-0.10442105923088285,-0.2142609951183737,0.1256593322706312
2026-07-15,7082.91,7424.18,7082.91,7284.41,397854.0,7143.204,7440.688,8041.43,7732.681333333333,6614.038083333333,5175.46175,43.187530287897964,-276.8158808175176,-119.26913292500824,-157.54674789250936,8041.43,9459.7472095126,6623.112790487402,0.35275248544415577,0.23312740093587775,531.9212688370611,9385.59,6448.86,9385.59,6126.06,0.06235826176235948,0.005191263994126949,-0.17822509318339752,0.16998899783972177
2026-07-16,6960.5,6995.93,6730.87,6820.6,424280.0,7048.942,7357.939,7929.267999999999,7743.159333333333,6630.00425,5190.672833333333,38.50025035576136,-312.29291702281625,-157.87388974456985,-154.4190272782464,7929.267999999999,9361.162963320845,6497.373036679153,0.3611669988505486,0.11286685532129404,533.4654639201282,9385.59,6448.86,9385.59,6159.88,-0.06367159454231697,-0.06463464304962618,-0.24749333615774327,0.1015323195390121
2026-07-20,6643.58,6814.86,6472.8,6516.27,345825.0,6857.008,7200.732000000001,7802.460499999999,7748.1123333333335,6643.591916666667,5204.55825,35.757894544224015,-360.80645915491186,-198.46040362663825,-162.3460555282736,7802.460499999999,9262.947132714798,6341.9738672852,0.3743656588110377,0.059670567607597085,520.2036450686905,9385.59,6448.86,9385.59,6176.75,-0.044619241708940605,-0.12836780391495906,-0.28016265263874185,0.04778512611973773
2026-07-21,6553.88,6836.86,6429.03,6747.95,391092.0,6845.2119999999995,7070.394,7684.130499999999,7754.103666666666,6658.9087500000005,5219.381166666667,39.3024353235489,-376.2222946241618,-234.012781826143,-142.2095127980188,7684.130499999999,9082.377958949457,6285.883041050542,0.36393121094168246,0.1652307522506145,512.1769561352127,9253.0,6448.86,9385.59,6302.54,0.035554082320100155,-0.008664699064042103,-0.25965077815141724,0.05627012414553079
2026-07-22,7052.09,7166.0,6791.06,6797.7,373810.0,6833.386,6984.533,7613.8235,7760.433166666667,6674.285166666667,5234.388041666667,40.067141202860235,-380.0441338707342,-263.21905223506127,-116.82508163567292,7613.8235,9041.56853075676,6186.078469243241,0.3750402227623899,0.21419144090194317,505.45360212555465,9175.45,6429.03,9385.59,6309.1,0.007372609459169066,-0.008623518448029222,-0.1714002223349066,0.05917328484417861
2026-07-23,6963.35,7108.44,6892.64,7096.89,397346.0,6795.8820000000005,6969.543,7545.117000000001,7770.7845,6691.842000000001,5250.585416666667,44.58843040067727,-354.8404565411747,-281.54333309628396,-73.29712344489076,7545.117000000001,8932.942789154973,6157.291210845029,0.36787389490579714,0.3385146739948823,491.545487688015,9044.04,6429.03,9385.59,6309.1,0.04401341630257294,-0.025742647654374173,-0.16221541207552337,0.09590769340051675
2026-07-24,7000.78,7000.78,6650.41,6690.62,397655.0,6769.886,6909.414,7433.133,7774.367666666667,6706.350583333333,5265.002291666667,40.15822221504754,-363.45922266142134,-297.92651100931147,-65.53271165210987,7433.133,8713.049165974799,6153.216834025202,0.344381343902981,0.2099368615933942,488.32652428172827,9044.04,6429.03,9385.59,6403.74,-0.057246202209700336,-0.019056974459724985,-0.25079560597068407,0.033199858546581584
2026-07-27,6806.27,6806.27,6557.39,6755.75,275718.0,6817.782000000001,6837.3949999999995,7350.360000000001,7776.713000000001,6720.27475,5279.590958333333,41.16740757979762,-360.8742762010852,-310.51606404766625,-50.35821215341895,7350.360000000001,8579.67791492666,6121.042085073341,0.334491892894133,0.25815450471350426,471.2232011187477,8861.7,6429.03,9385.59,6429.03,0.009734523855786215,0.036751086127493116,-0.19681591590270597,0.021272768226296757
2026-07-28,6400.27,6413.57,5992.91,6023.66,331261.0,6672.924000000001,6759.068000000001,7231.810500000001,7766.423666666667,6727.381833333334,5291.166875,34.18813785106353,-413.1368477640581,-331.04022079094466,-82.09662697311342,7231.810500000001,8492.336127402568,5971.284872597434,0.34860582350783864,0.020775114073043548,492.0529724674086,8667.73,6429.03,9385.59,6429.03,-0.10836546645450174,-0.10733482020465479,-0.28244060205011523,-0.09296162336508551
2026-07-29,6089.11,6228.52,5262.77,5663.24,457385.0,6446.032,6639.709,7091.1485,7749.295999999999,6731.065083333334,5301.766166666666,31.368583547973543,-478.1266477320378,-360.4575061791633,-117.66914155287446,7091.1485,8391.92669562393,5790.3703043760715,0.36687377104679986,-0.04886701852927841,525.8884744340223,8667.73,5992.91,9385.59,5992.91,-0.059834054378899215,-0.16688880062374034,-0.33188776473253045,-0.15359069781344814
2026-07-30,5681.77,5976.82,5547.41,5593.56,378859.0,6145.366,6470.624000000001,6955.656,7732.5408333333335,6734.14175,5311.957041666667,30.83905422967979,-529.154363972114,-394.1968777377535,-134.9574862343605,6955.656,8287.282718782575,5624.029281217424,0.38289033235185166,-0.011440624008085267,518.9971548315922,8620.15,5262.77,9385.59,5262.77,-0.012303910835493315,-0.21182940696558628,-0.32635387148171646,-0.15234578041391933
2026-07-31,5657.79,6630.77,5629.76,6595.45,434445.0,6126.332,6448.1089999999995,6903.024,7726.848499999999,6747.856583333333,5326.113083333333,45.1709176986796,-483.18024576736207,-411.9935513436752,-71.18669442368684,6903.024,8203.872151052095,5602.175848947906,0.3768922579588582,0.381779437611053,556.012358057907,8327.26,5262.77,9385.59,5262.77,0.17911491071875507,-0.014224391760404909,-0.13763436361235293,-0.04923461040018795
2026-08-03,6358.27,6393.0,6223.29,6257.45,272959.0,6026.6720000000005,6422.227000000001,6811.4794999999995,7708.0633333333335,6755.934666666667,5338.8602083333335,42.00822218351302,-468.61727286315636,-423.31829564757146,-45.2989772155849,6811.4794999999995,8020.215486102282,5602.743513897717,0.35491143623122773,0.270822782489278,542.8800467680566,8327.26,5262.77,9385.59,5262.77,-0.05124745089417704,-0.07375939014913224,-0.226361651463712,-0.15263062389634596
2026-08-04,6351.38,6389.4,6080.25,6358.95,312997.0,6093.7300000000005,6383.327,6726.8605,7689.211666666667,6764.166749999999,5351.907166666667,43.29225138240464,-443.7703023785143,-427.4086969937601,-16.361605384754228,6726.8605,7806.634513698544,5647.086486301456,0.3210335679470517,0.32963541660916706,526.1850434274811,8327.26,5262.77,9385.59,5262.77,0.016220664967358855,0.05566217216775193,-0.2101988118733178,-0.1510136781463408
2026-08-05,6603.48,6674.66,6540.27,6598.26,338500.0,6280.7339999999995,6363.383,6673.9580000000005,7674.216,6776.1224999999995,5366.024875,46.31064682584908,-400.155834877688,-421.9581245705457,21.8022896928577,6673.9580000000005,7666.555383506357,5681.360616493644,0.29745388973270637,0.46186872882306185,511.1511117540896,7954.55,5262.77,9385.59,5262.77,0.037633571580213854,0.16510336838982642,-0.13819320273081948,-0.1199973326220325
2026-08-06,6478.75,6550.94,6238.32,6296.38,284501.0,6421.298000000001,6283.332,6626.4375,7648.785000000001,6786.182833333333,5378.89825,43.187784525024036,-385.5063707687468,-414.66777381018596,29.161403041439144,6626.4375,7595.510512334296,5657.364487665704,0.29248687921203403,0.32970452391148547,500.35031805736895,7791.66,5262.77,9385.59,5262.77,-0.04575145568680228,0.1256480667052824,-0.13114910187821094,-0.19506688621162216
2026-08-07,6365.07,6415.6,6158.73,6258.77,299377.0,6353.962,6240.147,6574.780500000001,7625.7119999999995,6794.188916666666,5391.685166666667,42.80054916740589,-372.6358633242062,-406.2613917129901,33.62552838878389,6574.780500000001,7505.851855535478,5643.709144464524,0.28322507665023244,0.3302973783259304,482.95886676755697,7704.93,5262.77,9385.59,5262.77,-0.005973273531775347,-0.05104731292027065,-0.1416830432630133,-0.18112689139948834
2026-08-10,6306.33,6394.06,6232.45,6299.66,293734.0,6362.404,6194.538,6515.9665,7599.972833333333,6802.5053333333335,5404.498875,43.39479874049391,-355.04368953347876,-396.01785127708786,40.9741617436091,6515.9665,7356.072500294413,5675.860499705588,0.2578607487605752,0.37126237645952015,460.0053762841601,7704.93,5262.77,9385.59,5262.77,0.0065332325680604875,0.006745559293322323,-0.15734208674761962,-0.1968827168756797
2026-08-11,6240.06,6405.81,6213.78,6345.53,333481.0,6359.719999999999,6226.725,6492.8965,7572.708166666666,6810.764,5417.498333333334,44.096436294790955,-333.55542015859464,-383.52536505338924,49.969944894794594,6492.8965,7325.078547733953,5660.7144522660465,0.25633615066371485,0.4114577751338894,440.8642779781487,7529.07,5262.77,9385.59,5262.77,0.007281345342446954,-0.002110411310043303,-0.06778386144708415,-0.20496127877154535
2026-08-12,6438.5,6668.43,6413.5,6579.04,360651.0,6355.876,6318.305,6479.0070000000005,7557.472500000001,6819.5704166666665,5431.672333333334,47.65360675921759,-294.29110175766345,-365.6785123942441,71.38741063658063,6479.0070000000005,7295.554555114629,5662.459444885372,0.25205947612485313,0.5612536277730674,432.4382581225667,7424.18,5262.77,9385.59,5262.77,0.03679913261776413,-0.0029128891556259306,-0.040512890067275986,-0.12199626860691992
2026-08-13,6773.92,6895.63,6748.13,6813.34,418947.0,6459.268,6440.283,6455.4535000000005,7545.760833333333,6830.4565,5446.929749999999,51.02123760645293,-241.48411609587674,-340.8396331345706,99.35551703869385,6455.4535000000005,7201.879486157154,5709.027513842847,0.2312543917037443,0.739733414053895,424.16338254238343,7424.18,5262.77,9385.59,5262.77,0.03561309856757222,0.08210432026021297,-0.0646682435502669,-0.093493382153368
2026-08-14,6995.67,7010.86,6848.43,6977.94,332942.0,6603.102000000001,6478.532,6463.3205,7540.8655,6841.2955833333335,5462.962458333333,53.294492011091315,-184.22868156204459,-309.5174428200654,125.28876125802083,6463.3205,7228.066359288351,5698.5746407116485,0.23664178785141518,0.8364643912416136,407.97456950364176,7166.0,5262.77,9385.59,5262.77,0.024158489081713252,0.1149059639513832,0.023068351757909777,-0.040392427588748725
2026-08-18,7127.77,7216.62,6788.78,6869.83,402682.0,6717.136,6539.7699999999995,6480.9985,7535.2135,6850.139749999999,5478.496166666666,51.60048675909912,-145.89512252201075,-276.7929787604545,130.89785623844375,6480.9985,7265.903237768015,5696.093762231984,0.24221722556115863,0.7476934341775641,409.39352882481023,7166.0,5262.77,9385.59,5262.77,-0.015493111147415917,0.09050805916509774,0.05425803412074681,-0.0470415247712912
2026-08-19,6528.77,6614.39,6400.81,6471.17,305840.0,6742.264,6550.992,6467.1595,7512.806500000001,6855.34875,5492.256333333334,45.81710869600773,-146.0010221627599,-250.6345874409156,104.63356527815569,6467.1595,7242.450461445235,5691.868538554764,0.23976243710866743,0.5025864483138848,413.6525624801809,7216.62,5262.77,9385.59,5262.77,-0.05803054806305252,0.019799764558673605,-0.041016901429322905,-0.17201772354998157
2026-08-20,6680.34,6904.55,6600.09,6852.58,304468.0,6796.972,6576.423999999999,6469.903499999999,7496.2210000000005,6862.706583333333,5507.434333333334,51.42633259826048,-113.99429370850066,-223.30652869443264,109.31223498593198,6469.903499999999,7250.226730905422,5689.580269094577,0.2412163429965912,0.7452038365921607,415.061665160168,7216.62,5262.77,9385.59,5262.77,0.05893988258692007,0.041577494588876274,0.008073318916692385,-0.12680514443066837
2026-08-21,6759.95,6954.12,6742.44,6912.95,408037.0,6816.894,6638.081,6460.7065,7477.3116666666665,6869.615666666667,5522.990958333334,52.26861632098855,-82.80287633028092,-195.20579822160232,112.4029218913214,6460.7065,7215.1610257672455,5706.251974232755,0.2335517101008211,0.7997155458376295,400.53440336301315,7216.62,5262.77,9385.59,5262.77,0.008809820534747548,0.014619848708562921,-0.02591839524073225,-0.14098273876018796
2026-08-24,6881.07,6884.57,6656.07,6696.96,267733.0,6760.697999999999,6681.9,6461.0235,7451.782666666666,6872.863083333333,5537.615125,48.99515084959921,-74.65150514984907,-171.0949396072517,96.44343445740262,6461.0235,7215.869397684209,5706.177602315792,0.23366139983369769,0.6562812361594793,390.2733745513694,7216.62,5262.77,9385.59,5262.77,-0.031244258963250116,-0.04026689825363927,0.0009475952901225604,-0.18614604980130522
2026-08-25,6535.93,6747.16,6408.82,6742.74,286782.0,6735.280000000001,6726.2080000000005,6460.3730000000005,7427.740166666667,6877.018166666666,5552.391875,49.71400475765314,-63.762408012475134,-149.6284332882964,85.86602527582127,6460.3730000000005,7214.2236032123865,5706.5223967876145,0.2333768044700781,0.6872831293075498,386.5638477977002,7216.62,5262.77,9385.59,5262.77,0.0068359375,-0.018499729978762258,-0.0019257669392739318,-0.17623688348244226
2026-08-26,6727.25,6887.18,6704.1,6808.21,329362.0,6802.688,6772.476,6499.6005,7399.9411666666665,6885.487333333334,5567.484375,50.78232510443791,-49.2817489104018,-129.5590964127175,80.2773475023157,6499.6005,7239.999049281855,5759.201950718144,0.2278289409577883,0.7084076881966707,372.0292872407216,7216.62,5262.77,9385.59,5262.77,0.009709702583816204,0.05208331723629578,0.13024473492859823,-0.19678037788382696
2026-08-27,6996.12,6996.12,6841.88,6912.37,268465.0,6814.645999999999,6805.808999999999,6562.056999999999,7368.6743333333325,6900.64425,5583.190375,52.510913446289,-29.065827973900923,-109.4604427249542,80.39461475105328,6562.056999999999,7215.327777735902,5908.786222264096,0.19910548711658643,0.7681223559502471,358.87790958067006,7216.62,5262.77,9385.59,5262.77,0.015299175554220446,0.008725180880777783,0.22056808470063083,-0.2134648251441107
2026-08-28,6846.54,6901.78,6780.13,6788.88,292615.0,6789.832,6803.363,6621.822999999999,7335.130833333333,6910.685750000001,5598.25925,50.25727160665595,-22.7469631037211,-92.11774680070758,69.37078369698648,6621.822999999999,7106.7634673603425,6136.882532639656,0.14646736023005844,0.6722448540017039,342.68948746776505,7216.62,5547.41,9385.59,5262.77,-0.017865073773539297,-0.017947475390390433,0.21369575011262953,-0.22866696434353728
2026-08-31,6613.58,6820.1,6547.76,6820.02,364254.0,6814.444,6787.571000000001,6633.0515,7304.807666666667,6920.978666666666,5613.407583333334,50.830336835306525,-15.05295828402177,-76.70478909737042,61.65183081334865,6633.0515,7125.372780436533,6140.730219563467,0.14844488405872713,0.6898846418280142,337.66452407721044,7216.62,5629.76,9385.59,5262.77,0.004586912716088687,0.01837550172018365,0.034049230909187544,-0.2105919269950146
2026-09-01,6784.29,6857.35,6732.47,6835.8,273600.0,6833.056,6784.168,6661.969,7282.727833333333,6934.178083333333,5628.553291666667,51.13753801201408,-7.594544726888671,-62.88274022327407,55.2881954963854,6661.969,7129.987642188178,6193.950357811822,0.1405045992222954,0.6857094828394754,322.46562950026686,7216.62,6080.25,9385.59,5262.77,0.00231377620593487,0.013801510958453056,0.09242582841253233,-0.16233997786924714
2026-09-02,6625.47,6694.57,6558.3,6562.72,324053.0,6783.9580000000005,6793.322999999999,6672.157499999999,7267.366333333334,6942.7625,5642.543291666667,45.8042064482751,-23.448670347632287,-54.995926248145715,31.547255900513427,6672.157499999999,7121.859842927702,6222.455157072297,0.13479967849311184,0.37832229282203994,319.25379882167636,7216.62,6080.25,9385.59,5262.77,-0.03994850639281433,-0.036057935933233476,0.032044598557938064,-0.12314798360859436
2026-09-03,6650.33,6682.97,6439.49,6579.48,433473.0,6717.38,6766.013000000001,6671.2185,7242.075500000001,6950.841916666666,5656.542833333334,46.17523702212057,-34.26579246818528,-50.849899492153625,16.584107023968343,6671.2185,7121.612023544317,6220.824976455683,0.13502586477847092,0.3981573943625172,313.8413846201281,7216.62,6158.73,9385.59,5262.77,0.0025538191481579986,-0.04815859104764364,-0.0028462049085669072,-0.18741053708010325
2026-09-04,6654.36,6746.14,6632.77,6687.21,238152.0,6697.046,6743.439,6690.759999999999,7224.682,6960.041583333334,5670.822666666666,48.61060693142288,-33.756406181230886,-47.43120082996908,13.674794648738192,6690.759999999999,7107.025793165453,6274.494206834545,0.12443004775704225,0.4957358975223455,303.3284285758333,7216.62,6158.73,9385.59,5262.77,0.016373634390559832,-0.014975960688655587,0.06207217480520555,-0.13499344183411333
2026-09-07,6910.78,6995.4,6867.91,6995.39,240446.0,6732.12,6773.282000000001,6727.591,7211.872666666666,6972.6095000000005,5686.159583333332,54.89749778365117,-8.388466427278217,-39.62265394943091,31.234187522152695,6727.591,7113.710069298141,6341.4719307018595,0.11478672508425106,0.8467829243538599,303.6756836775595,7216.62,6158.73,9385.59,5262.77,0.04608498910606973,0.02571400083870712,0.11769405170664515,-0.0989908487303498
2026-09-08,7045.79,7171.52,6951.78,6954.52,335241.0,6755.864,6794.460000000001,6760.334,7192.3876666666665,6984.315083333333,5701.202583333333,53.95478953937784,8.322010205331026,-30.033721118478528,38.35573132380955,6760.334,7104.534356675673,6416.133643324327,0.10182939383636164,0.7820827989190243,297.68027770059103,7216.62,6213.78,9385.59,5262.77,-0.005842419078850525,0.017367389332631156,0.1039516418346389,-0.1439136739532375
2026-09-09,6972.87,7112.48,6968.06,7051.64,322211.0,6853.647999999999,6818.803,6795.6395,7167.482000000001,6996.07475,5716.436333333333,55.89308576396009,29.066890641644022,-18.21359876645402,47.28048940809804,6795.6395,7105.554549100005,6485.724450899996,0.0912099734248718,0.9130172134967749,287.7002578648345,7216.62,6213.78,9385.59,5262.77,0.013965018434054288,0.07449959772777137,0.11127675702423612,-0.17485882251070084
2026-09-10,7038.85,7072.79,6898.45,7033.92,422598.0,6944.536,6830.9580000000005,6818.383499999999,7139.270666666666,7005.3155,5731.547208333333,55.4345680876662,43.57519422403675,-5.855840168355865,49.43103439239262,6818.383499999999,7128.142487231455,6508.624512768543,0.09085994861728024,0.8479100024286779,279.6030965887749,7216.62,6400.81,9385.59,5262.77,-0.0025128906183526922,0.06906928815043134,0.06914078649772604,-0.19396786835651914
2026-09-11,6802.5,6948.83,6802.5,6909.91,265916.0,6989.075999999999,6843.061,6823.2119999999995,7106.6984999999995,7014.87125,5745.965083333333,52.20679706196681,44.55297971765958,4.225923808847225,40.327055908812355,6823.2119999999995,7135.506260567909,6510.9177394320905,0.09153878278086892,0.6388081866159491,276.1614468324339,7216.62,6400.81,9385.59,5262.77,-0.017630282971657363,0.033302378719974435,0.014173665192108276,-0.22047349800998173
