timestamp,open,high,low,close,volume,sma5,sma10,sma20,sma60,sma120,rsi14,macd,macd_signal,macd_hist,bb_mid,bb_upper,bb_lower,bb_width,bb_percent_b,atr14,prev20_high,prev20_low,prev60_high,prev60_low,return_1,return_5,return_20,return_60
2014-09-05,645.97998046875,651.280029296875,639.530029296875,651.239990234375,0.0,,,,,,,,,,,,,,,,,,,,,,,
2014-09-12,650.5800170898438,656.030029296875,638.469970703125,639.8900146484375,0.0,,,,,,,,,,,,,,,,,,,,-0.017428253418302453,,,
2014-09-19,640.3699951171875,659.5399780273438,630.989990234375,649.5399780273438,0.0,,,,,,,,,,,,,,,,,,,,0.015080659422710418,,,
2014-09-26,647.4000244140625,648.4500122070312,633.6099853515625,643.3400268554688,0.0,,,,,,,,,,,,,,,,,,,,-0.009545141764336518,,,
2014-10-03,637.2000122070312,646.2000122070312,608.1199951171875,623.1199951171875,0.0,641.4260009765625,,,,,,,,,,,,,,,,,,,-0.03142977413843373,,,
2014-10-10,624.5700073242188,625.489990234375,556.4500122070312,561.4000244140625,0.0,623.4580078125,,,,,,,,,,,,,,,,,,,-0.09904989598595304,-0.13795216382209574,,
2014-10-17,561.969970703125,584.8400268554688,545.27001953125,575.3300170898438,0.0,610.5460083007813,,,,,,,,,,,,,,,,,,,0.02481295345563983,-0.10089233474609494,,
2014-10-24,574.0,613.2999877929688,571.1900024414062,612.0499877929688,0.0,603.0480102539062,,,,,,,,,,,,,,,,,,,0.06382418718366778,-0.057717756416213684,,
2014-10-31,612.1500244140625,643.780029296875,606.469970703125,640.8599853515625,0.0,602.552001953125,,,,,,,,,,,,,,,,,,,0.04707131465271597,-0.0038549466850807956,,
2014-11-07,640.8400268554688,649.6300048828125,632.219970703125,637.47998046875,0.0,605.4239990234375,623.425,,,,,,,,,,,,,,,,,,-0.005274170583389304,0.023045296995904963,,
2014-11-14,637.72998046875,646.4000244140625,635.2100219726562,645.5599975585938,0.0,622.2559936523437,622.8570007324219,,,,,,,,,,,,,,,,,,0.012674934644853364,0.14991088258745555,,
2014-11-21,642.22998046875,665.27001953125,637.2999877929688,662.9500122070312,0.0,639.7799926757813,625.1630004882812,,,,,,,,,,,,,,,,,,0.026937875200142125,0.15229519148051818,,
2014-11-28,663.9000244140625,687.7100219726562,663.6099853515625,685.739990234375,0.0,654.5179931640625,628.7830017089843,,,,,,,,,,,,,,,,,,0.034376616046017494,0.12039866663036758,,
2014-12-05,683.97998046875,703.1199951171875,672.8800048828125,703.1199951171875,0.0,666.9699951171875,634.7609985351562,,,,,,,,,,,,,23.10568673289899,,,,,0.025344890381662433,0.09715072120077917,,
2014-12-12,700.5599975585938,704.4400024414062,671.1900024414062,671.3300170898438,0.0,673.7400024414062,639.5820007324219,,,,43.69127726415321,,,,,,,,,23.830280537691923,,,,,-0.04521273502120415,0.053099764162324314,,
2014-12-19,676.0599975585938,689.1900024414062,656.6599731445312,686.0900268554688,0.0,681.8460083007812,652.0510009765625,,,,47.1019718531252,,,,,,,,,24.45169116334786,,,,,0.02198622047262,0.0627827459107646,,
2014-12-26,689.4500122070312,702.1699829101562,688.8300170898438,697.0,0.0,688.656005859375,664.2179992675781,,,,49.535171141713434,,,,,,,,,23.853710084157836,,,,,0.01590166409288085,0.051361320108604724,,
2015-01-02,696.1900024414062,696.8200073242188,680.280029296875,686.72998046875,0.0,688.85400390625,671.6859985351563,,,,47.32823009318204,,,,,,,,,23.34415727122692,,,,,-0.014734604779411797,0.0014436816409622022,,
2015-01-09,683.5700073242188,688.22998046875,656.3699951171875,685.52001953125,0.0,685.3340087890625,676.152001953125,,,,47.06219799792929,,,,,,,,,23.952430705536607,,,,,-0.0017619165784404922,-0.02503125456274946,,
2015-01-16,680.9199829101562,685.2899780273438,651.5800170898438,663.8599853515625,0.0,683.8400024414062,678.7900024414063,651.1075012207032,,,42.460947059528635,,,,651.1075012207032,724.6033450021084,577.6116574392979,0.22575640318569354,0.5867564985632954,24.665828686670153,,,,,-0.031596501287443624,-0.01112721247094417,,
2015-01-23,666.739990234375,683.9299926757812,662.1900024414062,680.5399780273438,0.0,682.7299926757812,682.2880004882812,652.5725006103515,,,46.77642734671145,,,,652.5725006103515,727.1801730564276,577.9648281642754,0.22865711434758737,0.6874303037479568,24.45684022579193,704.4400024414062,545.27001953125,,,0.02512576905346675,-0.00808938858004149,0.044991075843521244,
2015-01-30,677.5599975585938,684.1599731445312,652.4500122070312,653.1400146484375,0.0,673.9579956054688,681.3070007324219,653.2350006103516,,,41.29712733072349,,,,653.2350006103516,727.615404529817,578.8545966908861,0.22772938942331014,0.4993614853045373,24.974920276628218,704.4400024414062,545.27001953125,,,-0.04026209225551969,-0.06292680825188302,0.020706683487285993,
2015-02-06,661.3200073242188,682.02001953125,652.4500122070312,671.8400268554688,0.0,670.9800048828125,679.9170043945312,654.3500030517578,,,45.950484897204824,,,,654.3500030517578,729.1428524919548,579.5571536115607,0.22860196864484805,0.6169231011695554,25.303140780027544,704.4400024414062,545.27001953125,,,0.02863093944274242,-0.021682399249727813,0.03433206512684617,
2015-02-13,669.510009765625,706.9400024414062,662.9500122070312,705.0800170898438,0.0,674.8920043945312,680.1130065917969,657.4370025634765,,,53.07157855430636,,,,657.4370025634765,735.19505689314,579.6789482338131,0.2365490656183617,0.8063542094583518,26.637915741052364,704.4400024414062,545.27001953125,,,0.04947604921658799,0.028533079999572664,0.09596789824527008,
2015-02-20,703.9199829101562,711.510009765625,702.239990234375,711.25,0.0,684.3700073242187,684.1050048828125,661.8435028076171,,,54.27580651391222,,,,661.8435028076171,741.2933761500925,582.3936294651418,0.24008658544033376,0.8109287347722506,25.397351726066482,706.9400024414062,545.27001953125,,,0.008750755603062377,0.07138555673504099,0.14143344070709563,
2015-02-27,710.4000244140625,718.8099975585938,702.0599975585938,714.6500244140625,0.0,691.1920166015625,686.9610046386719,669.5060028076172,,,54.96167017801311,14.408609439675047,,,669.5060028076172,737.457117762491,601.5548878527434,0.2029888146481625,0.8321801388867968,24.779683745633164,711.510009765625,545.27001953125,,,0.004780350670035238,0.050122031751304696,0.2729782567429493,
2015-03-06,720.9199829101562,734.530029296875,710.6300048828125,712.4199829101562,0.0,703.0480102539062,688.5030029296875,676.3605010986328,,,54.38544790036814,15.474103884598662,,,676.3605010986328,731.350646732098,621.3703554651676,0.1626060231020086,0.8278722159773556,24.71685093623526,718.8099975585938,545.27001953125,,,-0.0031204665608661752,0.09076150125884896,0.23828057245082768,
2015-03-13,713.3200073242188,716.52001953125,695.8300170898438,707.7899780273438,0.0,710.2380004882813,690.6090026855469,681.1475006103516,,,53.13977779021173,15.763204796555556,,,681.1475006103516,729.1334218702775,633.1615793504257,0.14089729821199515,0.7776072305945481,24.42921890089033,734.530029296875,571.1900024414062,,,-0.006498982333285275,0.053509689412430284,0.15642511583017926,
2015-03-20,711.8699951171875,732.72998046875,703.6599731445312,730.9099731445312,0.0,715.4039916992188,695.147998046875,685.65,,,58.27866939601767,17.654400793373725,,,685.65,734.5601481652452,636.7398518347547,0.14266797393785527,0.9626848909925434,24.76070378827093,734.530029296875,606.469970703125,,,0.03266505013482157,0.03663407759207016,0.14051429306132945,
2015-03-27,730.3099975585938,731.2999877929688,660.5800170898438,694.3200073242188,0.0,712.0179931640625,698.1940002441406,688.4920013427734,,,49.101320642286865,16.016059633780287,,,688.4920013427734,732.2053672174019,644.7786354681449,0.12698293019925821,0.5666616018331817,28.043508567903366,734.530029296875,632.219970703125,,,-0.050060838085017045,-0.023803153146968348,0.08916362646192177,
2015-04-03,699.3300170898438,705.27001953125,685.5700073242188,689.1699829101562,0.0,706.9219848632813,699.0570007324219,690.6725006103516,,,47.956629742281294,14.139111653674831,,,690.6725006103516,729.7019842077767,651.6430170129264,0.11301878549655461,0.4807515042257126,27.447544542126785,734.530029296875,635.2100219726562,,,-0.00741736426969708,-0.0356538734113907,0.06755372934582171,
2015-04-10,681.0900268554688,709.1099853515625,679.3300170898438,709.0499877929688,0.0,706.2479858398438,704.647998046875,692.9774993896484,,,52.55474375772335,14.093308222264568,,,692.9774993896484,730.60578192774,655.3492168515568,0.10859885803286075,0.713569253221296,27.614146236383355,734.530029296875,637.2999877929688,,,0.028846301167768873,-0.00473034894869373,0.06953763441751182,
2015-04-17,710.5700073242188,712.6599731445312,692.719970703125,696.0900268554688,0.0,703.9079956054687,707.072998046875,693.4950012207031,,,49.48528177003045,12.862971804096787,,,693.4950012207031,730.9953701772405,655.9946322641657,0.10814892361308595,0.5346000013729633,27.065993108170705,734.530029296875,651.5800170898438,,,-0.018277922798983437,-0.016530258318270485,0.015093237624301592,
2015-04-24,699.1900024414062,717.1500244140625,689.5700073242188,693.72998046875,0.0,696.4719970703125,705.9379943847656,693.0255004882813,,,48.92490278813379,11.564180633040905,13.98457491476786,-2.4203942817269546,693.0255004882813,730.2663233802823,655.7846775962803,0.10747316762734542,0.5094584373512866,27.10270910686164,734.530029296875,651.5800170898438,,,-0.003390432696443124,-0.05086808778354046,-0.013354782560084155,
2015-05-01,694.780029296875,707.0800170898438,682.1400146484375,705.5,0.0,698.7079956054688,705.3629943847657,694.733999633789,,,51.85319613482038,11.353742605412663,13.45840845289682,-2.104665847484158,694.733999633789,730.9581192226457,658.5098800449324,0.10428198305524486,0.6486026505047596,26.948230059329113,734.530029296875,651.5800170898438,,,0.016966283514656677,0.016102074775098174,0.05089893501005682,
2015-05-08,706.489990234375,708.5999755859375,682.6900024414062,702.1300048828125,0.0,701.3,704.1109924316406,695.5359985351563,,,50.95244018773193,10.790650607404928,12.924856883798443,-2.134206276393515,695.5359985351563,731.6692319455066,659.402765124806,0.10390039763994731,0.591245727621035,26.874068851129266,734.530029296875,651.5800170898438,,,-0.004776747154057404,0.018805261828047204,0.023378824060246384,
2015-05-15,700.989990234375,712.47998046875,692.760009765625,709.52001953125,0.0,701.3940063476563,703.82099609375,696.1619995117187,,,52.88525037532368,10.81602812385654,12.503091131810063,-1.6870630079535225,696.1619995117187,732.8052111119899,659.5187879114475,0.10527208214746689,0.6822714144880306,26.363061840557535,734.530029296875,651.5800170898438,,,0.01052513722109194,0.0006629035277812001,0.01796272529591114,
2015-05-22,710.8499755859375,722.8099975585938,708.6300048828125,720.2000122070312,0.0,706.2160034179688,705.0619995117188,697.8355010986328,,,55.6078768081174,11.564616441379712,12.315396193723995,-0.7507797523442825,697.8355010986328,735.6415209944014,660.0294812028642,0.10835224013753654,0.7957797616630571,25.492842614502084,734.530029296875,651.5800170898438,,,0.015052419074569778,0.0346363033823045,0.04873827077628845,
2015-05-29,718.6300048828125,749.22998046875,711.3900146484375,745.4099731445312,0.0,716.552001953125,706.5119995117187,700.8299987792968,,,61.29376139189351,14.03037777415284,12.658392509809765,1.371985264343074,700.8299987792968,743.4417217644465,658.2182757941472,0.12160359305215412,1.0230951865144098,26.374779986345686,734.530029296875,651.5800170898438,,,0.03500411067787246,0.07449583286116779,0.08736426640644757,
2015-06-05,748.8400268554688,751.2100219726562,719.510009765625,726.2899780273438,0.0,720.7099975585937,709.7089965820312,703.9514984130859,,,55.488819267728104,14.277109945476923,12.982135996943198,1.294973948533725,703.9514984130859,744.362754592534,663.5402422336379,0.11481261498994444,0.7763893247349548,26.755153716394656,749.22998046875,651.5800170898438,,,-0.025650307624043855,0.029468430938828893,0.09404090328282089,
2015-06-12,725.9600219726562,726.1300048828125,704.8300170898438,714.1300048828125,0.0,723.1099975585937,712.2049987792968,705.6309997558594,,,52.10877778902473,13.337690171360919,13.053246831826742,0.28444333953417633,705.6309997558594,744.7831040210956,666.4788954906232,0.11097047686051881,0.6085382929787951,26.376925660759326,751.2100219726562,652.4500122070312,,,-0.016742587000248332,0.017090852002547452,0.04935790392922246,
2015-06-19,706.75,728.5700073242188,703.1300048828125,723.3699951171875,0.0,725.8799926757813,713.6369995117187,709.1424987792968,,,54.3826705694239,13.186774296703334,13.079952324802061,0.1068219719012724,709.1424987792968,740.6930685777306,677.591928980863,0.08898231273049999,0.7254713057289529,26.31000257366268,751.2100219726562,652.4500122070312,,,0.012938806899580158,0.019520204088233628,0.10752668477455374,
2015-06-26,728.0800170898438,730.5700073242188,695.3699951171875,698.3599853515625,0.0,721.5119873046875,713.8639953613281,710.4684967041015,,,47.771077286116494,10.923158239281292,12.648593507697909,-1.725435268416616,710.4684967041015,737.5491726457718,683.3878207624313,0.07623329132058317,0.27643631609085656,26.945003261760434,751.2100219726562,652.4500122070312,,,-0.0345742979864313,-0.030324946522203855,0.039473620856172786,
2015-07-03,684.97998046875,692.989990234375,677.260009765625,685.510009765625,0.0,709.5319946289062,713.0419982910156,709.4899963378906,,,44.76008510767566,8.00012016191829,11.718898838541985,-3.718778676623696,709.4899963378906,738.6157792309224,680.3642134448588,0.08210343498391144,0.08833747644938482,26.52750128491594,751.2100219726562,660.5800170898438,,,-0.018400217445832978,-0.08035841421092971,-0.027755725378507012,
2015-07-10,678.1799926757812,685.280029296875,646.530029296875,658.8800048828125,0.0,696.05,708.3799987792969,706.8714965820312,,,39.24020676335617,3.494490279749357,10.074017126783462,-6.579526847034105,706.8714965820312,743.3754660878914,670.3675270761711,0.10328318423467205,-0.15734620575324615,27.41696408376123,751.2100219726562,660.5800170898438,,,-0.03884699640187206,-0.0928141309723447,-0.07363092459358522,
2015-07-17,664.969970703125,672.6699829101562,659.1400146484375,667.0499877929688,0.0,686.6339965820313,704.8719970703125,704.4914947509766,,,41.618936964391956,0.5763516551595558,8.17448403245868,-7.598132377299125,704.4914947509766,744.677705921255,664.3052835806982,0.11408572415621115,0.03414982567827317,26.443607936874265,751.2100219726562,646.530029296875,,,0.012399803984959767,-0.06592639542931611,-0.06660607989221123,
2015-07-24,669.6900024414062,670.75,638.9500122070312,642.47998046875,0.0,670.4559936523438,698.1679931640625,700.9944946289063,,,36.93571989024808,-3.6765079843303283,5.804285629100879,-9.480793613431207,700.9944946289063,749.1871177638227,652.8018714939899,0.13749786483110313,-0.1070899481477021,26.826206498023872,751.2100219726562,646.530029296875,,,-0.036833832207256556,-0.11182384560384362,-0.09817243215962179,
2015-07-31,637.8599853515625,656.239990234375,630.9000244140625,646.2899780273438,0.0,660.0419921875,690.7769897460937,697.9194946289062,,,38.09892313336055,-6.662691566329727,3.3108901900147583,-9.973581756344485,697.9194946289062,751.5290789681129,644.3099102896996,0.15362684307224186,0.01846747892238428,26.720046449615918,751.2100219726562,638.9500122070312,,,0.00593014206577136,-0.07456041069994312,-0.08689018198788923,
2015-08-07,645.8499755859375,649.219970703125,628.2899780273438,636.8200073242188,0.0,650.3039916992187,679.9179931640625,693.2149963378906,,,36.30640313787704,-9.681805237190133,0.7123511045737803,-10.394156341763914,693.2149963378906,750.7859391092487,635.6440535665325,0.16609837662339477,0.010213084075733255,26.3064711800563,751.2100219726562,630.9000244140625,,,-0.014652819980328302,-0.07102741279890767,-0.12872989735728646,
2015-08-14,642.1900024414062,653.6900024414062,625.22998046875,631.0399780273438,0.0,644.735986328125,670.3929931640625,690.0509948730469,,,35.21728919071741,-12.397958681208365,-1.909710852582649,-10.488247828625717,690.0509948730469,753.6691699571551,626.4328197889387,0.18438688026473304,0.03620944983343245,26.460296236670583,751.2100219726562,628.2899780273438,,,-0.009076394005209432,-0.04225356157290028,-0.09113957343782242,
2015-08-21,627.0800170898438,637.3800048828125,578.5800170898438,578.5900268554688,0.0,627.043994140625,656.8389953613281,684.5219970703125,,,27.233724259409016,-18.568753539307068,-5.241519389927532,-13.327234149379535,684.5219970703125,764.5816446843824,604.4623494562427,0.23391402455061291,-0.16158154183673357,28.770274204977596,751.2100219726562,625.22998046875,,,-0.08311668515176429,-0.1326136909621759,-0.16045381951741688,
2015-08-28,545.5399780273438,614.530029296875,543.030029296875,613.9099731445312,0.0,621.3299926757812,645.8929931640625,679.7649963378906,,,37.50746719201819,-20.37426657556398,-8.268068827054822,-12.106197748509157,679.7649963378906,764.5937536729881,594.9362390027931,0.24958259925738135,0.11183550683635851,31.822397476050625,751.2100219726562,578.5800170898438,,,0.06104485844842489,-0.04446832304934112,-0.1341795589681568,
2015-09-04,609.27001953125,617.510009765625,586.5599975585938,597.6199951171875,0.0,611.59599609375,635.818994140625,674.8414947509766,,,35.04955585213433,-22.856142368823384,-11.185683535408536,-11.670458833414848,674.8414947509766,766.4668925418805,583.2160969600727,0.27154642535641527,0.07860210435312691,31.760084242549244,751.2100219726562,543.030029296875,,,-0.026534799465635417,-0.07530672695669915,-0.14146163274757972,
2015-09-11,612.8599853515625,633.760009765625,606.6699829101562,615.8099975585938,0.0,607.393994140625,628.8489929199219,670.9454956054688,,,39.79399851379085,-23.0891087657227,-13.56636858147137,-9.52274018425133,670.9454956054688,765.6032308233945,576.287760387543,0.2821622198462053,0.20876390651044355,32.072936414398406,751.2100219726562,543.030029296875,,,0.03043740602728562,-0.03299206922518749,-0.11232033370895411,
2015-09-18,619.2899780273438,631.3699951171875,608.219970703125,610.75,0.0,603.3359985351562,624.0359924316406,666.2079956054688,,,38.94183732867288,-23.41215507832976,-15.53552588084305,-7.876629197486711,666.2079956054688,762.9354890860413,569.4805021248962,0.29038226535442235,0.2133286844830349,31.435585557231555,751.2100219726562,543.030029296875,,,-0.008216816191121135,-0.03215323709089091,-0.1343019135364989,
2015-09-25,614.02001953125,616.510009765625,574.3800048828125,592.8800048828125,0.0,606.193994140625,616.618994140625,660.7454956054687,,,36.0090870172769,-24.82397553113549,-17.393215810901538,-7.430759720233951,660.7454956054687,761.015995078715,560.4749961322224,0.30350717527439,0.16158794920153094,32.19947265191591,751.2100219726562,543.030029296875,,,-0.02925909965974216,0.02469793353509253,-0.1555979651065249,
2015-10-02,590.010009765625,608.469970703125,573.6400146484375,608.4600219726562,0.0,605.10400390625,613.2169982910157,655.692495727539,,,40.2351200013029,-24.40435799233626,-18.795444247188485,-5.608913745147774,655.692495727539,755.8074553854894,555.5775360695886,0.3053716805066238,0.2641088109296764,32.38736432354246,751.2100219726562,543.030029296875,,,0.026278533533818926,-0.008877443615974534,-0.1424343144332415,
2015-10-09,613.780029296875,636.25,610.739990234375,629.510009765625,0.0,611.4820068359375,611.5390014648438,651.1579956054687,,,45.474532324083896,-22.118284165150158,-19.46001223078082,-2.6582719343693384,651.1579956054687,747.3121372720844,555.003853938853,0.2953327527744118,0.3874308195953674,32.058979588099696,751.2100219726562,543.030029296875,,,0.0345955149604138,0.0533616928968117,-0.12592335587927783,
2015-10-16,630.530029296875,656.25,622.0800170898438,652.6300048828125,0.0,618.8460083007812,613.1200012207031,646.5189971923828,,,50.597333376335584,-18.230810369087635,-19.214171858442185,0.9833614893545501,646.5189971923828,732.4450354042943,560.5929589804713,0.26581133295405013,0.5355596965576294,32.20976553967517,751.2100219726562,543.030029296875,,,0.036726969799567355,0.05979118148486262,-0.12446837526243992,
2015-10-23,651.1799926757812,685.780029296875,647.8499755859375,683.7100219726562,0.0,633.4380126953125,618.3870056152343,644.3899993896484,666.4829996744792,,56.51230510417184,-12.497992665642528,-17.870936019882254,5.372943354239727,644.3899993896484,724.1966789621362,564.5833198171607,0.24769682846747715,0.7463454362068389,32.61835755190819,751.2100219726562,543.030029296875,,,0.047622721691173986,0.11945971669694022,-0.05862666062161248,
2015-10-30,679.760009765625,680.3200073242188,655.3300170898438,662.52001953125,0.0,647.366015625,626.7800048828125,641.8095001220703,666.6710001627604,,51.94576893245483,-9.554412122193526,-16.207631240344508,6.653219118150982,641.8095001220703,715.5351812063133,568.0838190378273,0.22974319037103866,0.6404566163689607,32.315618075544215,730.5700073242188,543.030029296875,751.2100219726562,543.030029296875,-0.030992674906634154,0.11746055538203293,-0.07226973380012458,0.0173208486364842
2015-11-06,662.8800048828125,676.8300170898438,658.22998046875,676.469970703125,0.0,660.9680053710938,633.0360046386719,639.4644989013672,667.2806660970052,,54.54957249244507,-6.026489242564708,-14.171402840788549,8.144913598223841,639.4644989013672,705.2165080253889,573.7124897773455,0.20564709764806968,0.7814018331512728,31.335933685940613,730.5700073242188,543.030029296875,751.2100219726562,543.030029296875,0.021055893800378866,0.11177389848880659,-0.0648354572772466,0.057166005434207134
2015-11-13,673.2000122070312,673.2100219726562,641.3900146484375,643.7100219726562,0.0,663.8080078125,637.6450073242188,636.7320007324219,667.1835001627604,,47.975276146685204,-5.807098403775399,-12.498541953385919,6.69144354961052,636.7320007324219,696.7597422130158,576.7042592518279,0.1885494726558271,0.5581233032271444,31.60336385513682,730.5700073242188,543.030029296875,751.2100219726562,543.030029296875,-0.048427794505671806,0.022557246091000405,-0.07825471751706226,-0.008975515367650067
2015-11-20,643.3900146484375,669.3699951171875,643.280029296875,665.760009765625,0.0,666.4340087890625,642.6400085449219,635.7445007324219,667.5571665445964,,52.15497094987522,-3.8100598496862403,-10.760845532645984,6.950785682959744,635.7445007324219,693.1212848083765,578.3677166564673,0.180502651646542,0.7615649301071754,31.209549709792224,692.989990234375,543.030029296875,751.2100219726562,543.030029296875,0.034254535490058524,0.020118604392346473,-0.02881066610063432,0.03484935178017934
2015-11-27,664.3900146484375,671.27001953125,655.7999877929688,670.510009765625,0.0,663.7940063476562,648.6160095214843,636.3260009765625,668.3470001220703,,53.03040125613549,-1.8230916395059467,-8.973294754017976,7.1502031145120295,636.3260009765625,694.853093796657,577.7989081564679,0.18395317095411381,0.7920357661890038,30.08529842611287,685.780029296875,543.030029296875,751.2100219726562,543.030029296875,0.007134703091692396,-0.01930644832285222,0.017651172894343592,0.07605279082646854
2015-12-04,670.8300170898438,693.1300048828125,669.510009765625,691.489990234375,0.0,669.5880004882813,658.4770080566407,637.5480010986328,670.5151662190755,,56.790985077689086,1.428042484376192,-6.8930273063391425,8.321069790715335,637.5480010986328,699.5098274578265,575.586174739439,0.1943754078200235,0.9352840474959502,29.623491046903915,685.780029296875,543.030029296875,751.2100219726562,543.030029296875,0.03128958578274399,0.04372693631751989,0.03663893694424547,0.231724189816501
2015-12-11,689.0800170898438,689.7999877929688,660.1199951171875,660.780029296875,0.0,666.4500122070312,663.7090087890625,638.463003540039,671.9393330891927,,50.42659311299119,1.5091558971398626,-5.212590665643342,6.7217465627832045,638.463003540039,701.2244530981483,575.7015539819298,0.19660168000376035,0.6777924658685042,29.748241337638458,693.1300048828125,543.030029296875,751.2100219726562,543.030029296875,-0.04441128775716785,-0.02319384759968257,0.028483453779794665,0.14852347290909274
2015-12-18,662.5,677.7000122070312,650.0999755859375,653.719970703125,0.0,668.452001953125,666.1300048828125,638.8345031738281,672.633832804362,,49.06525713980943,0.992312376616951,-3.9716100571912833,4.963922433808234,638.8345031738281,701.8642596877286,575.8047466599277,0.19732733971242605,0.6180828576262551,29.59479814359955,693.1300048828125,543.030029296875,751.2100219726562,543.030029296875,-0.010684430946350632,0.015550400628831618,0.011496376128962593,0.06808264641980766
2015-12-25,659.760009765625,676.7000122070312,657.52001953125,674.3900146484375,0.0,670.1780029296875,668.306005859375,640.713003540039,673.1926666259766,,53.060658929826054,2.224961985786422,-2.7322956485957426,4.957257634382165,640.713003540039,705.6026205233188,575.8233865567593,0.20255439369812864,0.759494605408721,29.1223155264786,693.1300048828125,543.030029296875,751.2100219726562,543.030029296875,0.03161911043207133,0.012962636319731269,0.0589962735029006,0.05232036648142602
2016-01-01,671.8499755859375,682.3599853515625,663.4400024414062,663.47998046875,0.0,668.7719970703125,666.2830017089843,642.3350036621093,673.6259999593099,,50.79578809550045,2.295041295037663,-1.7268282598690616,4.021869554906725,642.3350036621093,707.795620966206,576.8743863580127,0.20382080045736148,0.6615091460901742,28.39357748245558,693.1300048828125,543.030029296875,751.2100219726562,543.030029296875,-0.016177633035351136,-0.010484600072312555,0.05140720647020647,0.04078559452311237
2016-01-08,650.4400024414062,658.75,599.8699951171875,600.47998046875,0.0,650.5699951171875,660.0789978027344,643.4295013427734,672.8746663411458,,40.140742287038265,-2.70184860563495,-1.9218323290222394,-0.7800162766127108,643.4295013427734,705.2193459519726,581.6396567335742,0.1920640706720782,0.15245485608787976,30.90903518739179,693.1300048828125,543.030029296875,751.2100219726562,543.030029296875,-0.09495388233943447,-0.13161435602961924,0.03783327156924776,-0.06983087127506238
2016-01-15,606.25,613.989990234375,566.2999877929688,574.2899780273438,0.0,633.2719848632812,649.8609985351562,641.4485015869141,671.3969991048177,,36.69477231619589,-8.675231501993267,-3.2725121636164447,-5.402719338376822,641.4485015869141,709.1542006420582,573.7428025317699,0.2111025246380445,0.00404083779659489,32.10767570553568,693.1300048828125,543.030029296875,751.2100219726562,543.030029296875,-0.043615113398054794,-0.13089083724513262,-0.06453714200837701,-0.13373562492974211
2016-01-22,585.9199829101562,602.22998046875,562.75,598.4199829101562,0.0,622.2119873046875,645.3319946289063,641.4885009765625,669.9416656494141,,41.663793285437755,-11.33146863524621,-4.884303457942398,-6.4471651773038126,641.4885009765625,709.0914474565118,573.8855544966132,0.21076900482872182,0.18145975649759488,32.634268902908126,693.1300048828125,566.2999877929688,751.2100219726562,543.030029296875,0.04201710948482473,-0.08459277713894753,0.0013386228698921698,-0.12733690402739117
2016-01-29,597.25,613.7100219726562,582.3300170898438,613.6799926757812,0.0,610.0699829101562,640.1239929199219,641.3820007324218,668.4509989420573,,44.62408335117193,-12.066109842272112,-6.320664734808341,-5.745445107463771,641.3820007324218,709.1529275579308,573.6110739069129,0.21132781009793966,0.29562026554568555,32.54467861575844,693.1300048828125,562.75,751.2100219726562,543.030029296875,0.025500501656737118,-0.09002212466669546,-0.003458867006474353,-0.1272044644762228
2016-02-05,608.760009765625,619.4600219726562,584.219970703125,586.25,0.0,594.6239868164063,631.6979919433594,640.1570007324219,667.0329986572266,,40.632667483938214,-14.692325476132169,-7.994996883073107,-6.697328593059062,640.1570007324219,710.9181456494329,569.395855815411,0.22107434531232523,0.1190917996335111,32.73720523388507,693.1300048828125,562.75,751.2100219726562,543.030029296875,-0.04469755084597171,-0.11640137267470652,-0.04011461318051579,-0.12673352140376215
2016-02-12,576.7000122070312,578.6599731445312,552.260009765625,571.9000244140625,0.0,588.9079956054687,619.7389953613281,639.1080017089844,665.1298319498698,,38.683310155415825,-17.727195316056054,-9.941436569669696,-7.7857587463863585,639.1080017089844,713.1857860310992,565.0302173868696,0.23181616917337813,0.046368874893184614,32.82668987677721,693.1300048828125,562.75,751.2100219726562,543.030029296875,-0.024477570295842188,-0.04759518549207464,-0.0353865542706181,-0.16643588737875858
2016-02-19,578.780029296875,611.2000122070312,578.780029296875,605.4600219726562,0.0,595.1420043945312,614.2069946289063,638.9580017089844,663.6041656494141,,45.29345329389249,-17.225772219401392,-11.398303699616037,-5.827468519785356,638.9580017089844,713.2951102467621,564.6208931712067,0.23268229942798266,0.2746887093455843,33.28906829936232,693.1300048828125,552.260009765625,751.2100219726562,543.030029296875,0.05868158091613562,0.05427579295808016,-0.004930480050725161,-0.1313342582888719
2016-02-26,612.530029296875,626.9199829101562,594.1099853515625,624.6500244140625,0.0,600.3880126953125,611.3,638.7150024414062,662.5694997151693,,48.699065777385684,-15.105787863797332,-12.139800532452297,-2.965987331345035,638.7150024414062,713.2056746338574,564.2243302489551,0.23325167534102095,0.40559235395939236,33.254848960736,693.1300048828125,552.260009765625,751.2100219726562,543.030029296875,0.031694912537549635,0.04383216178100846,-0.007720266995233205,-0.09039936775777979
2016-03-04,624.8599853515625,655.6599731445312,622.0700073242188,650.6199951171875,0.0,607.7760131835937,608.922998046875,638.614501953125,661.9878326416016,,52.96629733647923,-11.201007154584204,-11.95204185687868,0.7510347022944757,638.614501953125,713.0351990327939,564.1938048734561,0.2330692361418735,0.5806596392883177,33.27878587927718,693.1300048828125,552.260009765625,751.2100219726562,543.030029296875,0.041575233631801156,0.06019424273608731,-0.0030798611013692634,-0.050910292069845986
2016-03-11,647.0700073242188,659.2000122070312,637.4500122070312,659.1400146484375,0.0,622.3540161132812,608.4890014648438,637.3860015869141,661.9091664632161,,54.30907677896396,-7.334399546245436,-11.02851339475203,3.6941138485065945,637.3860015869141,709.5659257371889,565.2060774366392,0.22648732156202633,0.6506929614960022,32.45530117361452,693.1300048828125,552.260009765625,751.2100219726562,543.030029296875,0.013095231617828551,0.12433264758795315,-0.035936298334970695,-0.007109888842939394
2016-03-18,655.9400024414062,675.3400268554688,649.8900146484375,675.030029296875,0.0,642.9800170898437,615.9440063476562,638.0115020751953,661.817333984375,,56.78694861286773,-2.9538437039819883,-9.413579456598022,6.459735752616034,638.0115020751953,711.2607153114922,564.7622888388984,0.22961721849228928,0.7526889067208171,31.95492339028715,693.1300048828125,552.260009765625,751.2100219726562,543.030029296875,0.02410719163653363,0.18032872963849567,0.018882463015194917,-0.008096436518601369
2016-03-25,672.780029296875,677.5599975585938,658.5800170898438,666.1400146484375,0.0,655.116015625,625.1290100097656,637.495004272461,662.0340006510417,,54.99016094247503,-0.19729720460281897,-7.570323006198982,7.373025801596163,637.495004272461,709.7916988157876,565.1983097291343,0.22681493677220277,0.6981073308877895,31.028141753034497,693.1300048828125,552.260009765625,751.2100219726562,543.030029296875,-0.013169806175434173,0.10022130359338854,-0.015270383759903638,0.019903848651804612
2016-04-01,667.25,684.7100219726562,659.8400268554688,681.5900268554688,0.0,666.5040161132813,633.4460144042969,639.3890045166015,662.1965006510417,,57.50656894894387,3.197118231136642,-5.4168347587318575,8.6139529898685,639.3890045166015,714.1794585097971,564.598550523406,0.23394351002247696,0.7821284006559626,30.588274136188282,693.1300048828125,552.260009765625,751.2100219726562,543.030029296875,0.023193340539954033,0.09115504717192224,0.05884638049712021,0.014512383320825162
2016-04-08,681.4099731445312,681.6900024414062,665.27001953125,671.3099975585938,0.0,670.6420166015625,639.2090148925781,639.66650390625,661.6336669921875,,55.291524862726455,5.000066811168836,-3.3334544447517187,8.333521255920555,639.66650390625,714.8862350986165,564.4467727138835,0.23518421156343905,0.7103403797829249,29.57625333432885,693.1300048828125,552.260009765625,751.2100219726562,543.030029296875,-0.015082423292344993,0.03180044049780495,0.008336318961126299,-0.04789530083497873
2016-04-15,674.5900268554688,685.4099731445312,661.260009765625,673.489990234375,0.0,673.51201171875,647.9330139160156,639.8155029296875,661.0043334960938,,55.6813739940369,6.5295550937502185,-1.3608525370513314,7.890407630801549,639.8155029296875,715.2904022840704,564.3406035753045,0.23592707275390065,0.7230840159625335,29.188661194655808,693.1300048828125,552.260009765625,751.2100219726562,543.030029296875,0.0032473710859504124,0.02177075472134904,0.004444348966231804,-0.053089644661687196
2016-04-22,671.0399780273438,675.719970703125,662.8599853515625,669.030029296875,0.0,672.31201171875,657.6460144042969,638.6925048828125,660.2440002441406,,54.6318003191688,7.297680880316761,0.3708541464222872,6.926826733894474,638.6925048828125,711.6860875913799,565.6989221742451,0.22857190948862086,0.7078095312514489,28.02232720586343,693.1300048828125,552.260009765625,751.2100219726562,543.030029296875,-0.006622163658212554,-0.00888849345894982,-0.03248052937091306,-0.06383543491038302
2016-04-29,667.6599731445312,682.1799926757812,640.510009765625,645.3400268554688,0.0,668.1520141601562,661.6340148925781,637.9205047607422,659.1260009765625,,49.31444292595291,5.92652361372177,1.4819880398821839,4.444535573839586,637.9205047607422,710.2872467255812,565.5537627959033,0.22688326029582878,0.5512633420634817,28.997159756170063,689.7999877929688,552.260009765625,751.2100219726562,543.030029296875,-0.03540947551532703,-0.03122464847566042,-0.023366327305375245,-0.09415788111483536
2016-05-06,647.0599975585938,651.1300048828125,628.780029296875,637.5,0.0,659.3340087890625,662.9190124511719,637.109506225586,657.9545013427735,,47.66114199109802,4.159301121637441,2.017450656233235,2.1418504654042057,637.109506225586,709.1124589993948,565.1065534517771,0.2260300688350245,0.5027116511154809,28.52236088686774,685.4099731445312,552.260009765625,751.2100219726562,543.030029296875,-0.012148675937041498,-0.06468701876240635,-0.02481180234662128,-0.09930908914992898
2016-05-13,638.780029296875,648.0800170898438,625.7999877929688,633.260009765625,0.0,651.7240112304687,661.1830139160156,635.0530059814453,656.327001953125,,46.74834126910269,2.3890928128845417,2.0917790875634963,0.2973137253210454,635.0530059814453,704.9994490509577,565.1065629119329,0.2202853696012772,0.487183077958386,28.076480059011118,685.4099731445312,552.260009765625,751.2100219726562,543.030029296875,-0.006650965073529358,-0.05668020427425202,-0.060988454736023545,-0.1336005349041759
2016-05-20,634.760009765625,665.4199829101562,634.510009765625,665.0800170898438,0.0,650.0420166015625,661.7770141601562,635.1330078125,655.839668782552,,53.88612309426529,3.5132995049630154,2.3760831710434003,1.137216333919615,635.1330078125,705.2128551327178,565.0531604922821,0.22067770516787993,0.7136634883100279,28.36815813654827,685.4099731445312,552.260009765625,751.2100219726562,543.030029296875,0.050247934234779246,-0.012487153879754853,0.0024115823660020297,-0.04211313216662227
2016-05-27,668.4400024414062,696.7100219726562,668.27001953125,695.7100219726562,0.0,655.3780151367188,663.8450134277343,639.8945098876953,655.9486694335938,,59.51197386159668,6.797469815562636,3.2603604999472475,3.537109315615388,639.8945098876953,712.7933840934833,566.9956356819074,0.22784653745062464,0.8828283542993957,28.60114718985286,685.4099731445312,552.260009765625,751.2100219726562,543.030029296875,0.04605461613000883,0.03987861756193656,0.1585898691069887,0.009489732902880244
2016-06-03,697.5499877929688,709.5900268554688,694.8099975585938,705.5999755859375,0.0,667.4300048828125,667.7910095214844,646.460009765625,655.8911692301432,,61.159649003805555,10.082015847826256,4.6246915695230495,5.457324278303206,646.460009765625,718.1849944661064,574.7350250651436,0.22190076297677064,0.9122689329755655,27.613924483211587,696.7100219726562,552.260009765625,751.2100219726562,543.030029296875,0.014215626196153908,0.09337705120213258,0.2286475519033726,-0.00486568262665088
2016-06-10,706.6300048828125,711.989990234375,696.719970703125,699.0399780273438,0.0,679.7380004882813,669.5360046386719,651.4910095214843,655.9403350830078,,59.431984835594996,12.017178707770881,6.103188997172616,5.9139897105982655,651.4910095214843,723.1470725764435,579.8349464665251,0.21997560060756657,0.8317860797724125,26.732216986642904,709.5900268554688,552.260009765625,751.2100219726562,543.030029296875,-0.009297049015834058,0.09653329886642159,0.16814277261909893,0.004237887425569298
2016-06-17,695.9299926757812,703.489990234375,683.1099853515625,689.0900268554688,0.0,690.90400390625,671.3140075683593,655.2615112304687,655.8630025227865,,56.810629482138545,12.60265574150651,7.403082346039395,5.199573395467115,655.2615112304687,726.4972274260789,584.0257950348586,0.2174268287537344,0.7374406928970041,26.27848755065502,711.989990234375,552.260009765625,751.2100219726562,543.030029296875,-0.01423373696015684,0.08816286553529085,0.12288168928382848,-0.006688414432004297
2016-06-24,700.4400024414062,716.6699829101562,674.3800048828125,675.4000244140625,0.0,692.9680053710938,671.5050109863281,659.7190124511719,655.3613362630208,,53.325583297229436,11.825662843933515,8.287598445618219,3.5380643983152957,659.7190124511719,723.9346195849346,595.5034053174093,0.19467562984177442,0.6220965794983971,27.422165441847074,711.989990234375,552.260009765625,751.2100219726562,543.030029296875,-0.01986678359557459,0.015516940907915888,0.15206827192164174,-0.04266474214874205
2016-07-01,664.8200073242188,691.6699829101562,644.4199829101562,685.010009765625,0.0,690.8280029296875,673.1030090332031,665.37451171875,655.0760030110677,,55.394173259903475,11.848750854290984,8.999828927352773,2.8489219269382104,665.37451171875,716.1799985164864,614.5690249210136,0.1527124526201016,0.6932419044132635,28.838439338858,716.6699829101562,552.260009765625,751.2100219726562,543.030029296875,0.014228583068085499,-0.015379988600267458,0.1977792979943458,-0.024382941902682087
2016-07-08,678.6900024414062,701.219970703125,661.3099975585938,701.0700073242188,0.0,689.9220092773437,678.6760070800781,670.1550109863281,654.9351694742838,,58.68925346192314,13.012950657914075,9.802453273465034,3.2104973844490416,670.1550109863281,715.1735545074455,625.1364674652107,0.1343526282221169,0.8433584687539812,29.629263182120376,716.6699829101562,578.780029296875,751.2100219726562,543.030029296875,0.02344490931466625,-0.006420023268789099,0.1579129618501558,-0.011909476793359297
2016-07-15,706.3900146484375,726.0900268554688,706.3699951171875,723.6400146484375,0.0,694.8420166015625,687.2900085449219,675.1045104980469,654.9925028483073,,62.84339535415117,15.577233701910814,10.957409359154191,4.619824342756623,675.1045104980469,720.7845656846978,629.4244553113961,0.13532735887944572,1.031254876467117,29.300031492772494,716.6699829101562,594.1099853515625,751.2100219726562,543.030029296875,0.03219365696496124,0.03519117274310091,0.15847272290948866,0.00477645429477902
2016-07-22,732.6300048828125,745.4600219726562,729.7999877929688,742.3699951171875,0.0,705.4980102539063,698.2010070800782,679.6920104980469,654.9418365478516,,65.90726596995923,18.90289853215711,12.546507193754774,6.356391338402336,679.6920104980469,732.4889574019912,626.8950635941026,0.15535550245840662,1.0935758438188978,28.765744052161512,726.0900268554688,622.0700073242188,751.2100219726562,543.030029296875,0.02588300824941192,0.07731931414658799,0.14101933646148446,-0.004078263152986206
2016-07-29,744.489990234375,782.1400146484375,743.8099975585938,766.780029296875,0.0,723.7740112304688,708.3710083007812,685.0740112304687,655.6166707356771,,69.44359308668425,23.240297937343257,14.685265342472471,8.555032594870786,685.0740112304687,749.1368052050003,621.0112172559371,0.18702444677318214,1.1377025805250456,29.551763729239262,745.4600219726562,625.7999877929688,751.2100219726562,543.030029296875,0.03288122410690142,0.13529760376021382,0.16330371735335913,0.055749153223214165
2016-08-05,768.1300048828125,774.0499877929688,751.1400146484375,773.780029296875,0.0,741.5280151367188,716.1780090332031,690.0115112304687,656.6108378092448,,70.3920408349468,26.93210319283287,17.13463291254455,9.79747028028832,690.0115112304687,764.5775970902368,615.4454253707006,0.21612997651821064,1.0617065526541423,29.07735011604583,782.1400146484375,625.7999877929688,782.1400146484375,543.030029296875,0.009129084916855268,0.12958937572550577,0.14628978817854965,0.08352824276561654
2016-08-12,775.2899780273438,781.2899780273438,769.9299926757812,779.8400268554688,0.0,757.2820190429687,723.6020141601563,695.6965118408203,657.5520050048829,,71.22474250589049,30.001043261576342,19.70791498235091,10.293128279225431,695.6965118408203,778.9472596257651,612.4457640558755,0.2393306459584293,1.0053619171806711,27.811824061439882,782.1400146484375,625.7999877929688,782.1400146484375,543.030029296875,0.007831679972537309,0.11235685267993767,0.17068485559606805,0.07806521160603719
2016-08-19,782.8200073242188,798.8499755859375,780.4000244140625,797.0599975585938,0.0,771.966015625,733.4040161132813,701.4700103759766,659.1970052083333,,73.5050272545047,33.43726413207662,22.453784812296053,10.983479319780567,701.4700103759766,795.3447488792274,607.5952718727258,0.2676514665336454,1.009135837322769,27.18311868065623,782.1400146484375,625.7999877929688,782.1400146484375,543.030029296875,0.02208141427743926,0.10145926347899037,0.16941264712432536,0.14133113906482553
2016-08-26,794.8099975585938,807.1099853515625,791.969970703125,801.4000244140625,0.0,783.772021484375,744.6350158691406,707.97451171875,661.128505452474,,74.06290104077758,36.094621496214586,25.181952149079763,10.912669347134823,707.97451171875,810.2413618935873,605.7076615439128,0.2888998077813959,0.9567731994071907,26.322896964069177,798.8499755859375,625.7999877929688,798.8499755859375,543.030029296875,0.005445044123105314,0.07951564541284672,0.1937853261959117,0.16905663374348112
2016-09-02,803.1900024414062,811.1900024414062,797.3499755859375,806.9500122070312,0.0,791.8060180664063,757.7900146484375,714.6475128173828,663.5963389078776,,74.7938111326408,38.20799599010695,27.7871609172852,10.420835072821752,714.6475128173828,824.2001776184411,605.0948480163245,0.3065921670087805,0.921269987166742,25.431263384883433,807.1099853515625,625.7999877929688,807.1099853515625,543.030029296875,0.006925365140868944,0.05238788358506352,0.1981618493338142,0.22472985403549206
2016-09-09,808.7899780273438,809.280029296875,767.0700073242188,768.3699951171875,0.0,790.7240112304687,766.1260131835937,719.6145111083985,665.2850056966146,,61.76412575740841,36.35074676886563,29.49987808760129,6.850868681264345,719.6145111083985,829.4513543681309,609.777667848666,0.3052657820658851,0.7219450348436198,26.62974614115292,811.1900024414062,625.7999877929688,811.1900024414062,543.030029296875,-0.04780967408913761,-0.00699169528141419,0.14848356795690476,0.15189267547916563
2016-09-16,760.2100219726562,808.8300170898438,760.0700073242188,801.5499877929688,0.0,795.0660034179688,776.1740112304688,727.4250091552734,667.9361724853516,,67.07633310566166,37.12822047828183,31.0255465657374,6.102673912544432,727.4250091552734,837.2405876676131,617.6094306429337,0.30192962059378103,0.8374975556376371,28.21047925718664,811.1900024414062,625.7999877929688,811.1900024414062,543.030029296875,0.04318231175948095,0.02783899285734348,0.24205837920616857,0.24758749246655465
2016-09-23,806.4299926757812,818.3800048828125,797.4000244140625,804.5900268554688,0.0,796.5720092773438,784.2690124511719,735.7795104980469,670.574506632487,,67.52156538624828,37.556748916818265,32.331787035953575,5.22496188086469,735.7795104980469,842.333989757594,629.2250312384997,0.28963698428465556,0.822888896063262,27.694015058012596,811.1900024414062,625.7999877929688,811.1900024414062,543.030029296875,0.0037927005287226034,0.009447255313200564,0.2621020029105392,0.24493656750070714
2016-09-30,798.6699829101562,840.489990234375,793.8499755859375,835.5999755859375,0.0,803.4119995117187,793.5920104980469,745.8965087890625,673.8875061035156,,71.7223324246554,39.93822153614428,33.853073935991716,6.085147600152567,745.8965087890625,849.9888614216123,641.8041561565127,0.2791066894830764,0.9308840396447365,29.047300743042946,818.3800048828125,625.7999877929688,818.3800048828125,543.030029296875,0.03854130388822119,0.04267525596456023,0.31952114881721383,0.31214466564414267
2016-10-07,836.739990234375,840.7999877929688,824.280029296875,837.02001953125,0.0,809.4260009765625,800.6160095214843,754.4935089111328,677.3205067952474,,71.90155848582876,41.462191093519664,35.37489736749731,6.087293726022352,754.4935089111328,858.8679406847519,650.1190771375137,0.2766741676127865,0.8953387300786051,28.152490582546577,840.489990234375,634.510009765625,840.489990234375,543.030029296875,0.001699430333655494,0.03726377950224746,0.25852528721845425,0.3264136166900362
2016-10-14,840.3800048828125,844.2999877929688,790.1699829101562,809.3900146484375,0.0,817.6300048828125,804.1770080566406,760.1775085449219,681.1671732584635,,63.47202071138078,39.97957778065768,36.295833450129386,3.6837443305282918,760.1775085449219,863.5042533974632,656.8507636923806,0.2718489923500159,0.7381402132320498,30.008027318279858,840.7999877929688,644.4199829101562,840.7999877929688,543.030029296875,-0.03300996898292341,0.05338576439986298,0.16340140156878347,0.39890073641145274
2016-10-21,808.969970703125,819.7000122070312,803.4600219726562,814.530029296875,0.0,820.2260131835938,807.6460083007812,765.6240112304688,684.5108408610026,,64.31027679760254,38.772408088340285,36.79114837777157,1.9812597105687146,765.6240112304688,868.351108519587,662.8969139413506,0.2683486823356568,0.7380385475546128,29.02459609800094,844.2999877929688,644.4199829101562,844.2999877929688,543.030029296875,0.00635047944181788,0.01619367687802753,0.15437933316321462,0.3267906776701155
2016-10-28,819.6900024414062,837.7999877929688,818.2000122070312,818.8800048828125,0.0,823.0840087890625,809.8280090332031,771.6160125732422,688.1985076904297,,65.04143574924518,37.73177566288609,36.979273834794476,0.7525018280916171,771.6160125732422,872.0639775777232,671.1680475687612,0.26035738856558904,0.7352660519676125,28.61355055500757,844.2999877929688,644.4199829101562,844.2999877929688,552.260009765625,0.00534047294694906,0.017760570663785558,0.17143515481568228,0.3702352859231861
2016-11-04,823.7999877929688,829.9000244140625,797.739990234375,802.8800048828125,0.0,816.5400146484375,809.9760070800781,777.3055114746094,691.3163411458333,,60.15951427616697,35.21012033624379,36.62544313508434,-1.415322798840549,777.3055114746094,871.080198154093,683.5308247951258,0.24128141456654711,0.6363613908709461,28.86687081391328,844.2999877929688,644.4199829101562,844.2999877929688,552.260009765625,-0.019538882259421797,-0.03915745770598089,0.16513078638883028,0.303778776028103
2016-11-11,816.6199951171875,838.02001953125,798.2000122070312,837.239990234375,0.0,816.5840087890625,813.0050048828125,785.397509765625,695.0911743164063,,66.05239303647546,35.57417701337238,36.415189910741944,-0.8410128973695663,785.397509765625,870.092567512223,700.7024520190271,0.2156743730238521,0.8060537524152781,29.64923770750653,844.2999877929688,644.4199829101562,844.2999877929688,552.260009765625,0.04279591613017897,0.000262802200654777,0.23962090608556808,0.37083911622492827
2016-11-18,837.6900024414062,874.219970703125,829.97998046875,872.6300048828125,0.0,829.2320068359375,823.431005859375,794.7785095214844,699.7536743164062,,70.83701199178412,38.277137948737504,36.78757951834106,1.4895584303964426,794.7785095214844,874.3247966167712,715.2322224261975,0.2001722143775116,0.9893471348830615,30.691434316568564,844.2999877929688,644.4199829101562,844.2999877929688,552.260009765625,0.04226985698393415,0.07813290143175733,0.2738938007364029,0.47184927421408784
2016-11-25,876.25,891.3900146484375,872.52001953125,890.969970703125,0.0,844.5199951171875,832.3730041503907,804.2735076904297,704.4621734619141,,72.96362794860326,41.4216529014418,37.71439419496121,3.7072587064805944,804.2735076904297,882.127824165327,726.4191912155325,0.19360159381219827,1.056786488779007,29.847045802327063,874.219970703125,661.3099975585938,874.219970703125,552.260009765625,0.021016886558668624,0.09384545524028765,0.2708716125279691,0.46430322211565866
2016-12-02,888.8699951171875,891.4600219726562,832.1300048828125,847.7000122070312,0.0,850.2839965820312,836.6840026855468,810.4765075683594,708.0986735026041,,61.55811101751269,39.96152800827144,38.16382095762326,1.7977070506481851,810.4765075683594,881.0754167858997,739.877598350819,0.1742158065243754,0.763626627176158,31.95297232286397,891.3900146484375,706.3699951171875,891.3900146484375,552.260009765625,-0.04856500209759762,0.03519442061397404,0.1714388301465961,0.3466029118784646
2016-12-09,854.8699951171875,903.6400146484375,849.4600219726562,892.510009765625,0.0,868.2099975585937,842.3750061035156,817.9835083007813,712.0966735839844,,67.26493956911662,41.936740184868995,38.918404803072406,3.0183353817965894,817.9835083007813,889.9347795308128,746.0322370707498,0.17592352535199088,1.0178956548702185,33.666331617045564,891.4600219726562,729.7999877929688,891.4600219726562,552.260009765625,0.05286067820375351,0.11163561720022508,0.20224418502358388,0.36755895850342624
2016-12-16,886.2899780273438,916.5700073242188,878.25,900.8499755859375,0.0,880.9319946289063,848.7580017089844,824.6870056152344,715.7156728108724,691.0993362426758,68.21083527921073,43.67165594211576,39.86905503088108,3.802600911234684,824.6870056152344,901.1477730340987,748.2262381963701,0.1854297858417762,0.9980526127436715,33.998737024700795,903.6400146484375,743.8099975585938,903.6400146484375,552.260009765625,0.009344394717211824,0.07597580872093279,0.17484798921015532,0.31759071336527134
2016-12-23,904.5700073242188,928.2899780273438,902.3900146484375,927.9199829101562,0.0,891.989990234375,860.6109985351562,832.3940032958984,720.1390055338542,693.4050028483073,71.1271143773844,46.69266851918849,41.23377772854256,5.458890790645924,832.3940032958984,917.3749610096222,747.4130455821746,0.20418445442239658,1.06204343999074,33.5302559830369,916.5700073242188,751.1400146484375,916.5700073242188,552.260009765625,0.030049406735690454,0.06336016148650403,0.19920384059710927,0.40059161316617065
2016-12-30,931.0999755859375,944.22998046875,904.22998046875,906.469970703125,0.0,895.089990234375,869.8049926757812,838.7255004882812,723.9723388671875,695.6265024820964,65.96323853415906,46.81633644745443,42.35028947232494,4.466046975129494,838.7255004882812,925.9406221626566,751.5103788139058,0.2079705973494339,0.8883757134902199,33.99238055567712,928.2899780273438,760.0700073242188,928.2899780273438,552.260009765625,-0.023116230496253998,0.017396770384716653,0.16237938485699854,0.3400003103773215
2017-01-06,910.7999877929688,919.8699951171875,898.5499877929688,908.6500244140625,0.0,907.2799926757813,878.7819946289062,844.3050018310547,728.3880055745443,697.7857528686524,66.23157257558478,46.55361518930499,43.190954615720955,3.362660573584037,844.3050018310547,934.375191628305,754.2348120338045,0.2133593656366216,0.8571937770301677,33.08721103914438,944.22998046875,760.0700073242188,944.22998046875,552.260009765625,0.002404992753644697,0.07190044983996713,0.14000204149909745,0.4115828453773249
2017-01-13,911.9199829101562,926.760009765625,904.6599731445312,924.6699829101562,0.0,913.7119873046875,890.9609924316406,850.4684997558594,732.7031717936198,700.1301691691081,68.21462311331001,47.09519932361377,43.97180355729952,3.123395766314246,850.4684997558594,944.7246554316278,756.212344080091,0.22165701775627455,0.8936161125090994,32.30241286642648,944.22998046875,760.0700073242188,944.22998046875,552.260009765625,0.01763050466699112,0.03603317922784588,0.15381826146838673,0.38889384965564133
2017-01-20,919.9000244140625,935.5800170898438,906.5599975585938,930.010009765625,0.0,919.543994140625,900.2379943847657,856.6214996337891,737.0281717936198,702.687585957845,68.87085432985637,47.40880499766945,44.65920384537351,2.749601152295938,856.6214996337891,954.6999573296697,758.5430419379085,0.22898901729132354,0.8741316485593467,32.06795619962816,944.22998046875,760.0700073242188,944.22998046875,552.260009765625,0.005775062405143139,0.03236946769157756,0.15250014957186897,0.38701883077138177
2017-01-27,924.1300048828125,962.3200073242188,916.8599853515625,962.260009765625,0.0,926.4119995117187,909.2009948730469,866.3160003662109,741.541005452474,706.0280858357747,72.55594937331017,49.68688573947759,45.664740224194325,4.022145515283263,866.3160003662109,965.9035690727763,766.7284316596455,0.22991049147070483,0.9817067564030653,33.024532326273025,944.22998046875,760.0700073242188,944.22998046875,552.260009765625,0.034677046119242716,0.03700753026976633,0.25233938842037484,0.3915747492447066
2017-02-03,956.6199951171875,965.3099975585938,938.760009765625,964.02001953125,0.0,937.9220092773437,916.5059997558594,874.439501953125,746.5950052897135,709.2671691894532,72.7455713266472,51.04587415679032,46.740967010713526,4.304907146076793,874.439501953125,977.996281180887,770.8827227253631,0.23685293035472488,0.9325188473711716,32.562064859608434,962.3200073242188,760.0700073242188,962.3200073242188,552.260009765625,0.001829037627837815,0.06348809192596305,0.2026948215489779,0.4589121595533805
2017-02-10,963.5,976.4299926757812,953.9099731445312,963.0499877929688,0.0,948.802001953125,928.0409973144531,882.3625,751.7505055745443,712.1921691894531,72.44845597745763,51.451507858961236,47.68307518036307,3.7684326785981668,882.3625,987.5646137510802,777.1603862489197,0.23845554123408513,0.8834879591102336,31.844775907582832,965.3099975585938,790.1699829101562,965.3099975585938,552.260009765625,-0.0010062360932637793,0.05986899457135397,0.19694497277924206,0.4731842852485233
2017-02-17,968.9099731445312,976.7999877929688,957.0,976.7999877929688,0.0,959.2280029296875,936.4699951171875,889.4225006103516,756.7906717936198,714.9916692097981,74.06541589571866,52.27983616853726,48.60242737799791,3.6774087905393458,889.4225006103516,999.9415097691237,778.9034914515794,0.24851858162556115,0.8953052413684339,30.984433899396112,976.4299926757812,790.1699829101562,976.4299926757812,552.260009765625,0.014277555863440705,0.056376875908469515,0.16898039293026468,0.4484200041161328
2017-02-24,981.2100219726562,991.239990234375,955.1099853515625,973.4400024414062,0.0,967.9140014648438,943.7289978027344,896.2434997558594,761.9566721598308,717.7913360595703,72.93891387895584,52.06499671160134,49.2949412447186,2.770055466882738,896.2434997558594,1009.7817373069231,782.7052622047956,0.253364710777801,0.8399581689421055,31.351974683925857,976.7999877929688,790.1699829101562,976.7999877929688,552.260009765625,-0.003439788486437445,0.046698414231827634,0.16298293914947748,0.4671731342273038
2017-03-03,972.6599731445312,988.0900268554688,967.3699951171875,973.969970703125,0.0,970.2559936523437,948.3339965820312,904.4724975585938,768.1815053304036,720.5280858357747,73.00864687516282,51.34561857434858,49.7050767106446,1.6405418637039801,904.4724975585938,1015.4663759887768,793.4786191284107,0.24543339621665522,0.8130689463574619,30.592550187808385,991.239990234375,790.1699829101562,991.239990234375,552.260009765625,0.0005444282753837015,0.012169227463117993,0.20333825853556342,0.6219857487052594
2017-03-10,968.1500244140625,994.2100219726562,963.030029296875,991.9299926757812,0.0,975.83798828125,956.8799987792969,913.342495727539,775.1421722412109,723.2695856730144,75.32884108419265,51.6295762757519,50.08997662366606,1.5395996520858404,913.342495727539,1022.506440095349,804.178551359729,0.23904273561880762,0.8599517102618358,30.634510365520732,991.239990234375,797.739990234375,991.239990234375,552.260009765625,0.01844001613282864,0.028951653056024984,0.21779425803618668,0.7272284570993373
2017-03-17,995.4000244140625,1007.4500122070312,988.4199829101562,1004.5999755859375,0.0,984.1479858398437,966.4749938964844,922.6284942626953,781.9118387858073,725.9267522176107,76.8412480904572,52.274389906142915,50.52685928016144,1.7475306259814758,922.6284942626953,1029.6462533751983,815.6107351501923,0.23198450899356757,0.8829807407809261,29.805618860617468,994.2100219726562,797.739990234375,994.2100219726562,552.260009765625,0.012773061610908965,0.043144165224682895,0.2267975400494764,0.6787540594826076
2017-03-24,1005.97998046875,1017.1400146484375,986.2999877929688,1004.3499755859375,0.0,989.6579833984375,974.4429931640625,932.7019927978515,788.4230051676433,728.4370020548503,76.7412810494246,52.163923207376456,50.85427206560445,1.309651141772008,932.7019927978515,1030.2450050267687,835.1589805689343,0.2091622254098863,0.867263534059929,29.87950514596399,1007.4500122070312,797.739990234375,1007.4500122070312,552.260009765625,-0.00024885527182516576,0.028204328559848335,0.25093409909059994,0.6366021176717009
2017-03-31,994.0900268554688,1016.6099853515625,990.6599731445312,1011.4000244140625,0.0,997.2499877929688,982.5819946289063,941.4099945068359,795.5088389078776,731.270918782552,77.62528996008294,52.04531161819466,51.0924799761225,0.9528316420721623,941.4099945068359,1034.2937891590964,848.5261998545755,0.19732910250420332,0.8767612540446703,29.598827078897365,1017.1400146484375,798.2000122070312,1017.1400146484375,552.260009765625,0.00701951411310775,0.03899574897009761,0.20801686041171252,0.7252026002798508
2017-04-07,1012.7899780273438,1014.739990234375,984.9400024414062,999.3499755859375,0.0,1002.3259887695312,986.2909912109375,947.7459930419922,802.6330047607422,733.881418355306,72.54968571007525,50.3980158897466,50.95358715884733,-0.5555712691007244,947.7459930419922,1038.25616200773,857.2358240762544,0.1910009003049987,0.7850728439335906,29.613195701331037,1017.1400146484375,829.97998046875,1017.1400146484375,552.260009765625,-0.011914226356782964,0.0260583032806343,0.14521615116837805,0.7474207604901169
2017-04-14,998.8300170898438,1000.239990234375,960.010009765625,960.010009765625,0.0,995.9419921875,985.889990234375,951.1979949951171,808.5421712239583,736.0731684366862,58.9889046636991,45.39483232321959,49.84183619172178,-4.447003868502193,951.1979949951171,1037.9724341750027,864.4235558152316,0.18245294804333775,0.5507754060630707,30.371537470432393,1017.1400146484375,832.1300048828125,1017.1400146484375,578.780029296875,-0.039365554391740276,-0.03217967310782743,0.07748862625304409,0.5855877761141113
2017-04-21,964.780029296875,999.1799926757812,964.6599731445312,992.9400024414062,0.0,993.6099975585937,988.8789916992188,958.459994506836,814.6803375244141,738.6249186197916,64.90268747452677,43.58453313471284,48.59037558031999,-5.005842445607151,958.459994506836,1032.7901317072972,884.1298573063747,0.15510326487587398,0.7319382772130573,30.9999978589841,1017.1400146484375,832.1300048828125,1017.1400146484375,594.1099853515625,0.0343017180454408,-0.011606583145426175,0.17133418443186654,0.5895941145168593
2017-04-28,1008.5599975585938,1024.6099853515625,1002.8900146484375,1005.530029296875,0.0,993.8460083007812,991.7519958496093,964.1109954833985,820.5955047607422,741.2916687011718,66.86970834018209,42.67385035002587,47.40707053426117,-4.7332201842353,964.1109954833985,1034.612566995279,893.6094239715179,0.14625198103156478,0.7937454649964567,31.047853934067824,1017.1400146484375,849.4600219726562,1017.1400146484375,622.0700073242188,0.01267954440803365,0.001174942738709328,0.1266316548773827,0.5454951228723954
2017-05-05,1007.7000122070312,1015.7999877929688,998.8699951171875,1011.030029296875,0.0,993.7720092773437,995.5109985351562,969.6199981689454,826.4603383382162,744.1847524007161,67.72080429287631,41.91278719564127,46.308213866537194,-4.395426670895922,969.6199981689454,1036.6197217683152,902.6202745695756,0.13819789964294005,0.8090313579168189,30.03943527276164,1024.6099853515625,878.25,1024.6099853515625,625.7999877929688,0.00546975211058176,-0.000365824706600959,0.12230677326629591,0.5338623157875242
2017-05-12,1011.5,1047.239990234375,1005.0399780273438,1045.239990234375,0.0,1002.9500122070312,1002.6380004882812,975.4859985351562,832.6305043538412,747.2239191691081,72.45988018515253,43.56787377687101,45.76014584860396,-2.192272071732951,975.4859985351562,1047.2301377151953,903.7418593551171,0.14709414443215807,0.986130243504448,30.908047910923756,1024.6099853515625,898.5499877929688,1024.6099853515625,625.7999877929688,0.03383674069630893,0.0459198636809206,0.1264333234383832,0.5484348027051749
2017-05-19,1048.4599609375,1077.050048828125,1027.3699951171875,1060.77001953125,0.0,1023.1020141601563,1009.5220031738281,983.2010009765625,839.207671101888,750.6208358764649,74.3042049523019,45.60695678269212,45.729508035421595,-0.12255125272947254,983.2010009765625,1056.7616350406543,909.6403669124707,0.1496349861137811,1.0272454454858513,32.2489054680676,1047.239990234375,898.5499877929688,1047.239990234375,625.7999877929688,0.014857859861822531,0.10495724913350046,0.17022080577963172,0.5924130005777879
2017-05-26,1066.4000244140625,1084.93994140625,1059.5799560546875,1084.8499755859375,0.0,1041.4840087890625,1017.5470031738281,992.0109985351562,845.9286702473959,754.0625854492188,76.88863760215047,48.60569971431971,46.30474637120122,2.3009533431184934,992.0109985351562,1069.828964600355,914.1930324699574,0.15688932114685816,1.0965137727513807,31.75683974546009,1077.050048828125,898.5499877929688,1077.050048828125,625.7999877929688,0.02270044930693671,0.09256347102397555,0.19391398936625404,0.5916459056640218
2017-06-02,1085.3199462890625,1104.9000244140625,1084.280029296875,1103.4000244140625,0.0,1061.0580078125,1027.4520080566406,1000.9475006103515,853.130170694987,757.3819188435872,78.66854606293197,51.88100704915678,47.41999850679234,4.461008542364439,1000.9475006103515,1086.4503198933057,915.4446813273975,0.17084376399524803,1.0991178107511588,30.961350843440623,1084.93994140625,904.6599731445312,1084.93994140625,625.7999877929688,0.017099183523607397,0.09733174770088548,0.19329062779933692,0.6436520064156421
2017-06-09,1102.47998046875,1149.8599853515625,1068.56005859375,1090.050048828125,0.0,1076.86201171875,1035.3170104980468,1008.9495025634766,860.0728383382161,760.5385859171549,74.23741054225567,52.79093916447664,48.494186638329204,4.296752526147436,1008.9495025634766,1096.333890543328,921.5651145836254,0.17321855604830652,0.9640448261956597,34.5569634087529,1104.9000244140625,906.5599975585938,1104.9000244140625,625.7999877929688,-0.012098944435882775,0.07815793521603398,0.17208421133320084,0.6185096506761545
2017-06-16,1074.93994140625,1101.969970703125,1053.3299560546875,1067.22998046875,0.0,1081.260009765625,1042.1050109863281,1014.1980010986329,866.7095041910808,763.4767522176106,67.26294489589361,51.08183848354406,49.011717007372184,2.0701214761718774,1014.1980010986329,1102.340983737912,926.0550184593537,0.17381809576393956,0.8008292763767023,35.56289564015895,1149.8599853515625,916.8599853515625,1149.8599853515625,625.7999877929688,-0.020934881278073525,0.021038221307858818,0.10908690960636735,0.5951899522213793
2017-06-23,1079.93994140625,1094.3699951171875,1074.6199951171875,1088.47998046875,0.0,1086.802001953125,1054.9520080566406,1020.4209991455078,874.0951700846355,766.610585530599,70.08166659493902,50.85582697018026,49.380538999933805,1.4752879702464554,1020.4209991455078,1111.0536593446643,929.7883389463515,0.1776377794558353,0.875466091217499,34.96126128360742,1149.8599853515625,938.760009765625,1149.8599853515625,625.7999877929688,0.019911359677758034,0.02612249632558905,0.1291051621500745,0.6866766900738477
2017-06-30,1095.6199951171875,1099.4100341796875,1026.050048828125,1034.9100341796875,0.0,1076.814013671875,1059.1490112304687,1024.0140014648437,880.7186706542968,769.3365859985352,56.80358594065084,45.825812810210095,48.66959376198907,-2.8437809517789745,1024.0140014648437,1110.8836755210436,937.1443274086438,0.16966501225946826,0.5627148244380119,37.704027288461354,1149.8599853515625,953.9099731445312,1149.8599853515625,625.7999877929688,-0.04921537120599384,-0.046033960944025454,0.07461715102805955,0.6233882889093136
2017-07-07,1040.9200439453125,1058.5999755859375,1020.4199829101562,1054.9000244140625,0.0,1067.114013671875,1064.0860107421875,1027.9190032958984,887.7460042317708,772.0365030924479,59.85981764553348,42.95733013593633,47.527141036778524,-4.569810900842192,1027.9190032958984,1112.9501786303047,942.8878279614921,0.16544333758158777,0.6586536997286849,37.738024816127066,1149.8599853515625,955.1099853515625,1149.8599853515625,625.7999877929688,0.0193156792128506,-0.043955047060792785,0.07995499344503165,0.6658244767492743
2017-07-14,1058.9599609375,1104.81005859375,1052.3800048828125,1104.3199462890625,0.0,1069.9679931640626,1073.4150024414062,1034.4630004882813,895.0666697184245,775.4531692504883,66.22249996855032,44.16273115169406,46.85425905976163,-2.6915279080675703,1034.4630004882813,1121.8290905516635,947.0969104248991,0.16891100024291672,0.8997943924816911,38.78745545147067,1149.8599853515625,955.1099853515625,1149.8599853515625,634.510009765625,0.04684796732510277,0.013091047953512458,0.1344509610447555,0.66043170432511
2017-07-21,1106.8499755859375,1117.8900146484375,1089.8599853515625,1107.5400390625,0.0,1078.0300048828126,1079.6450073242188,1041.14150390625,901.9305033365886,778.9395863850912,66.59406559978538,44.86072816702972,46.45555288121525,-1.5948247141855276,1041.14150390625,1129.4058423685399,952.8771654439599,0.16955301105782788,0.8761345539604207,38.01906786899955,1149.8599853515625,960.010009765625,1149.8599853515625,644.4199829101562,0.002915905652395523,0.03777073295490152,0.13713982194230123,0.5919564244915105
2017-07-28,1108.1300048828125,1120.510009765625,1084.2900390625,1092.989990234375,0.0,1078.9320068359375,1082.8670043945312,1046.1945037841797,908.3870035807291,782.1390864054362,63.210474799295916,43.735670900254036,45.911576485023005,-2.1759055847689694,1046.1945037841797,1134.1817798671818,958.2072277011775,0.16820443190008025,0.7659218953775268,37.890560928579944,1149.8599853515625,960.010009765625,1149.8599853515625,644.4199829101562,-0.013137266658495905,0.004143401667050295,0.10188218755839751,0.5490221486001963
2017-08-04,1096.9200439453125,1099.949951171875,1073.739990234375,1079.449951171875,0.0,1087.839990234375,1082.327001953125,1049.9370025634767,914.7271697998046,785.3337524414062,60.147791157500336,41.27568649650948,44.984398487320306,-3.7087119908108264,1049.9370025634767,1136.8904358771679,962.9835692497854,0.1656355249912896,0.6697054819096568,37.05623235778852,1149.8599853515625,960.010009765625,1149.8599853515625,644.4199829101562,-0.012388072336871558,0.04303747719239359,0.0745072440821839,0.5441891524116109
2017-08-11,1082.8499755859375,1107.22998046875,1052.719970703125,1066.219970703125,0.0,1090.1039794921876,1078.6089965820313,1053.030502319336,921.0126688639323,788.4378356933594,57.229957823846874,37.82258703741877,43.55203619734,-5.729449159921231,1053.030502319336,1137.6473576534695,968.4136469852024,0.16071111928431708,0.5779364130923249,38.30293074406255,1149.8599853515625,960.010009765625,1149.8599853515625,644.4199829101562,-0.01225622406521698,0.010730823800435552,0.06160202780021229,0.5472868988811477
2017-08-18,1078.9200439453125,1102.6199951171875,1066.760009765625,1071.8900146484375,0.0,1083.6179931640625,1076.7929931640624,1056.0550018310546,927.6208353678386,791.4910858154296,58.16660454996099,35.138451798299684,41.86931931753194,-6.730867519232255,1056.0550018310546,1138.8072750347928,973.3027286273165,0.15671962740625647,0.5956772074308861,38.16700886334826,1149.8599853515625,960.010009765625,1149.8599853515625,644.4199829101562,0.005317893212573477,-0.029366427501017256,0.05980817557268581,0.5870446785641539
2017-08-25,1073.5899658203125,1091.8399658203125,1057.1700439453125,1080.5,0.0,1078.2099853515624,1078.1199951171875,1060.1125030517578,934.2123352050781,794.6441691080729,59.612972218287034,33.32189508004535,40.159834470034625,-6.837939389989273,1060.1125030517578,1139.2232168809612,981.0017892225544,0.14924965718537703,0.6288542092557647,37.9172169356091,1149.8599853515625,960.010009765625,1149.8599853515625,644.4199829101562,0.008032526876730284,-0.024414502508991576,0.08120280822189718,0.5773492132906075
2017-09-01,1083.6700439453125,1124.6600341796875,1070.0799560546875,1119.3399658203125,0.0,1083.47998046875,1081.2059936523438,1068.0790008544923,941.183501180013,798.0593353271485,65.42100507927532,34.61727503767679,39.05132258356306,-4.434047545886273,1068.0790008544923,1136.6510165050636,999.5069852039209,0.12840251628524085,0.8737746694441317,39.107421306279875,1149.8599853515625,960.010009765625,1149.8599853515625,661.3099975585938,0.03594628951440315,0.024108158191171736,0.16596697371268654,0.5966165349057067
2017-09-08,1112.7900390625,1116.72998046875,1090.18994140625,1093.489990234375,0.0,1086.28798828125,1087.0639892578124,1073.1065002441405,947.3476674397787,801.170085144043,59.30785101287516,33.1755686895051,37.87617180475147,-4.700603115246373,1073.1065002441405,1133.1147345930951,1013.0982658951859,0.11184022151632152,0.6698391080105955,38.39617867112149,1149.8599853515625,964.6599731445312,1149.8599853515625,706.3699951171875,-0.023093944981222303,0.013006660519329971,0.1012649178658731,0.5110966338223017
2017-09-15,1103.949951171875,1147.6400146484375,1103.3299560546875,1146.6800537109375,0.0,1102.3800048828125,1096.2419921875,1080.1640014648438,954.0861684163411,804.5140024820963,66.28830638864952,35.911039506708676,37.483145345142916,-1.57210583843424,1080.1640014648438,1139.9222859496504,1020.4057169800373,0.11064668773217122,1.0565425180755088,39.52145336704585,1149.8599853515625,998.8699951171875,1149.8599853515625,729.7999877929688,0.048642478624940866,0.07546292999441073,0.14037375344499936,0.5446206894850691
2017-09-22,1153.77001953125,1169.010009765625,1133.280029296875,1149.5899658203125,0.0,1117.9199951171875,1100.768994140625,1087.0919982910157,960.4663340250651,808.0415023803711,66.62560963199968,37.8771017738502,37.561936630884375,0.31516514296582443,1087.0919982910157,1145.291273958899,1028.8927226231324,0.10707332177842648,1.0369308020768524,39.25063387431043,1149.8599853515625,998.8699951171875,1149.8599853515625,743.8099975585938,0.0025376844220477146,0.07248873495417274,0.13704828987107298,0.4992434882197807
2017-09-29,1144.469970703125,1172.8900146484375,1122.1600341796875,1171.739990234375,0.0,1136.1679931640624,1107.1889892578124,1093.4169982910157,967.0990000406902,811.8549189249675,69.15547308048158,40.75276958001041,38.20010322070958,2.5526663593008294,1093.4169982910157,1159.0666104802754,1027.767386101756,0.1200815650238992,1.0965228836201184,40.07058720248469,1169.010009765625,1005.0399780273438,1169.010009765625,751.1400146484375,0.019267760743072238,0.08444237874537253,0.12102483753193827,0.5143063220423532
2017-10-06,1176.6099853515625,1191.469970703125,1170.739990234375,1191.449951171875,0.0,1150.589990234375,1117.0349853515625,1099.950994873047,973.9591654459635,815.7555852254231,71.244306568999,44.11367121711601,39.382816819990865,4.730854397125142,1099.950994873047,1176.423382444929,1023.4786073011649,0.13904689923155772,1.0982483299139925,38.689115292932215,1172.8900146484375,1020.4199829101562,1172.8900146484375,760.0700073242188,0.016821104598092163,0.06442188035224539,0.12319346251732477,0.5278132823934822
2017-10-13,1194.949951171875,1223.31005859375,1194.1800537109375,1219.2099609375,0.0,1175.733984375,1131.010986328125,1106.668994140625,980.9949981689454,820.0960016886394,73.92288174007301,48.45861007401936,41.197975470796564,7.2606346032227975,1106.668994140625,1198.6822108269137,1014.6557774543364,0.1662885960905424,1.1115478343756526,38.201329016428126,1191.469970703125,1020.4199829101562,1191.469970703125,760.0700073242188,0.023299350290225007,0.11497130456235682,0.12385121295596058,0.529633860276463
2017-10-20,1224.510009765625,1237.6300048828125,1206.3399658203125,1231.3399658203125,0.0,1192.665966796875,1147.5229858398438,1113.0659912109375,988.1606638590495,824.6445846557617,75.01793289860153,52.278165293595066,43.41401343535627,8.864151858238799,1113.0659912109375,1219.8797485747918,1006.2522338470832,0.19192708825403693,1.0536457921168438,37.7076654482904,1223.31005859375,1020.4199829101562,1223.31005859375,760.0700073242188,0.009949069702059665,0.07383045674806565,0.11595064217457285,0.5364860597809407
2017-10-27,1237.3299560546875,1264.6600341796875,1216.989990234375,1263.550048828125,0.0,1215.4579833984376,1166.6889892578124,1121.7409912109374,995.770664469401,829.6835016886394,77.69628445778162,57.24439705549753,46.18009015938452,11.06430689611301,1121.7409912109374,1246.3656270612262,997.1163553606488,0.22219859455390753,1.0689447220834507,38.41926391236341,1237.6300048828125,1020.4199829101562,1237.6300048828125,760.0700073242188,0.02615856213710588,0.09913106968230534,0.15916700355779434,0.5658343512162292
2017-11-03,1261.510009765625,1300.02001953125,1258.9100341796875,1299.969970703125,0.0,1241.1039794921876,1188.635986328125,1133.3779907226562,1004.6306640625,834.9578348795573,80.27177034920965,63.38825448797934,49.621723025103485,13.766531462875854,1133.3779907226562,1277.4211946512426,989.3347867940699,0.2541838735314465,1.0782708778925165,38.61145830087763,1264.6600341796875,1020.4199829101562,1264.6600341796875,760.0700073242188,0.028823489745243958,0.10943552455105765,0.21807857209197845,0.6918541574555639
2017-11-10,1314.1300048828125,1321.9000244140625,1278.68994140625,1303.06005859375,0.0,1263.4260009765626,1207.0079956054688,1144.1069946289062,1012.989165242513,840.4626688639323,80.47775188473541,67.72594747065205,53.242567914213204,14.483379556438841,1144.1069946289062,1304.2420409653687,983.9719482924437,0.2799301937462635,0.9963094200842981,38.93993149423012,1300.02001953125,1020.4199829101562,1300.02001953125,760.0700073242188,0.0023770455935636647,0.09367586721716559,0.1971373676827679,0.6256753520534213
2017-11-17,1297.5,1320.1600341796875,1283.7099609375,1306.9300537109375,0.0,1280.97001953125,1228.352001953125,1157.7079956054688,1021.3614990234375,845.9680028279622,80.74884669110304,70.66133676875347,56.72632168512126,13.935015083632209,1157.7079956054688,1324.5035550020532,990.9124362088844,0.28814789226596316,0.9473202363579364,38.76208447622708,1321.9000244140625,1020.4199829101562,1321.9000244140625,790.1699829101562,0.0029699284324347097,0.07194830716932943,0.26284412223992426,0.6243428455343081
2017-11-24,1312.8399658203125,1342.050048828125,1311.3499755859375,1341.68994140625,0.0,1303.0400146484376,1247.8529907226562,1172.0474914550782,1029.7963317871095,851.8419189453125,83.02847882701948,74.92875433391464,60.366808214879946,14.561946119034694,1172.0474914550782,1349.9639031701452,994.1310797400113,0.30359932172063536,0.9767476151184246,38.50193523629568,1321.9000244140625,1020.4199829101562,1321.9000244140625,790.1699829101562,0.026596593747778785,0.08961779739880593,0.2718645467389036,0.605660579950871
2017-12-01,1329.5799560546875,1331.4599609375,1227.3199462890625,1258.6500244140625,0.0,1302.060009765625,1258.7589965820312,1179.7639953613282,1036.8234985351562,857.0720026652018,63.6404216601801,70.79401683335186,62.452249938574326,8.341766894777535,1179.7639953613282,1358.6457090594138,1000.8822816632425,0.30324999644238043,0.7204977451912085,43.921082370645095,1342.050048828125,1052.3800048828125,1342.050048828125,790.1699829101562,-0.06189203215248962,-0.0038779820542977905,0.13975123662631295,0.5037275035774351
2017-12-08,1268.1800537109375,1268.6600341796875,1211.489990234375,1238.239990234375,0.0,1289.714013671875,1265.4089965820312,1186.2989929199218,1043.9709981282551,862.5690856933594,59.9358709828988,65.11962983329659,62.985725917518785,2.1339039157778004,1186.2989929199218,1363.6925416915387,1008.9054441483049,0.2990705544392069,0.6464004685461362,44.867436768835624,1342.050048828125,1052.719970703125,1342.050048828125,790.1699829101562,-0.016215813596944018,-0.04748569725450014,0.11800923358266013,0.5298434226078395
2017-12-15,1238.5699462890625,1254.6099853515625,1229.300048828125,1250.8900146484375,0.0,1279.2800048828126,1271.3530029296876,1194.193994140625,1051.2436645507812,867.8772527058919,61.434299504408266,60.94089974567646,62.576760683150326,-1.6358609374738649,1194.193994140625,1368.2980807952488,1020.089907486001,0.29158426103107976,0.6628221990569423,43.470472465592906,1342.050048828125,1052.719970703125,1342.050048828125,797.739990234375,0.010216132990235716,-0.04003656132443656,0.14446612121324476,0.5357199485060613
2017-12-22,1262.8399658203125,1291.3299560546875,1259.780029296875,1271.1700439453125,0.0,1272.1280029296875,1276.5490112304688,1203.7799987792969,1058.7818318684897,873.4901697794596,63.773505831684254,58.59026284320976,61.77946111516221,-3.1891982719524563,1203.7799987792969,1372.589034140127,1034.9709634184667,0.2804649280300593,0.6996043784681579,43.254005961354125,1342.050048828125,1052.719970703125,1342.050048828125,797.739990234375,0.016212479961777104,-0.02736183903957745,0.1776090615088748,0.5523276137719664
2017-12-29,1256.0899658203125,1269.239990234375,1248.4599609375,1253.050048828125,0.0,1254.4000244140625,1278.72001953125,1213.1215026855468,1066.2846659342447,878.800503540039,60.25671193501529,54.63543075536836,60.350655043203446,-5.715224287835085,1213.1215026855468,1370.7552266789592,1055.4877786921345,0.2598811803178013,0.6266497584750546,41.78658289324401,1342.050048828125,1052.719970703125,1342.050048828125,797.739990234375,-0.014254580025303887,-0.06606585459321535,0.17522657918496298,0.5606940529189275
2018-01-05,1261.030029296875,1330.31005859375,1258.77001953125,1325.7099609375,0.0,1267.81201171875,1284.9360107421876,1225.8125,1074.4258321126301,884.7585032145182,67.90075205105538,56.71052190033879,59.62262841463052,-2.912106514291729,1225.8125,1376.643898695247,1074.981101304753,0.2460921204429664,0.83115605172946,44.32039909841408,1342.050048828125,1057.1700439453125,1342.050048828125,798.2000122070312,0.057986440507566295,0.05327925572849823,0.2367966328824429,0.5834288571982615
2018-01-12,1323.449951171875,1339.3699951171875,1296.0999755859375,1322.0999755859375,0.0,1284.5840087890624,1287.1490112304687,1237.8924987792968,1081.9169982910157,890.835336303711,67.20910815218772,57.402055767637194,59.17851388523186,-1.7764581175946645,1237.8924987792968,1378.5961462445478,1097.188851314046,0.2273277325842119,0.7992370074394735,44.245371986473785,1342.050048828125,1057.1700439453125,1342.050048828125,829.97998046875,-0.0027230581785849806,0.06772514699326537,0.22360016250433823,0.5150750812923117
2018-01-19,1334.530029296875,1378.1600341796875,1318.5400390625,1372.030029296875,0.0,1308.81201171875,1294.0460083007813,1250.527001953125,1089.9346659342448,897.1984196980794,71.52881941501954,61.272725552089696,59.59735621860342,1.6753693334862731,1250.527001953125,1391.759535502234,1109.2944684040158,0.22587682365678838,0.9301524028863409,45.343559352953335,1342.050048828125,1070.0799560546875,1342.050048828125,832.1300048828125,0.03776571714163235,0.09684305832634199,0.22574916575178094,0.5399284761686332
2018-01-26,1372.5799560546875,1393.4000244140625,1337.6199951171875,1381.27001953125,0.0,1330.8320068359376,1301.4800048828124,1264.9160034179688,1098.8274993896484,903.4630864461263,72.25717970651677,64.34413015345308,60.54671100557336,3.7974191478797223,1264.9160034179688,1397.600131328035,1132.2318755079025,0.20979120756087583,0.9384624519375305,46.089021491804885,1378.1600341796875,1090.18994140625,1378.1600341796875,832.1300048828125,0.006734539359251723,0.0866130979960964,0.26317573262393856,0.6294325818576332
2018-02-02,1372.719970703125,1388.2900390625,1317.7900390625,1317.97998046875,0.0,1343.8179931640625,1299.1090087890625,1273.4809997558593,1105.918665568034,909.0076695760091,60.78633769149838,60.9684567945103,60.63106016336074,0.3373966311495593,1273.4809997558593,1396.2769700547535,1150.6850294569651,0.19285088717057508,0.68119072069131,47.83266281381882,1393.4000244140625,1103.3299560546875,1393.4000244140625,849.4600219726562,-0.04582017865267085,0.05181750856747391,0.14938772694566715,0.476711707485336
2018-02-09,1303.050048828125,1328.0699462890625,1203.6600341796875,1255.81005859375,0.0,1329.8380126953125,1298.8250122070312,1278.7920043945312,1111.8346669514974,913.7751698811849,52.04594695743485,52.66947726919034,59.03874358452667,-6.369266315336333,1278.7920043945312,1388.147745052926,1169.4362637361364,0.17102975352144364,0.39492117349114686,53.302466334929974,1393.4000244140625,1122.1600341796875,1393.4000244140625,878.25,-0.0471706116908458,-0.0527263914456213,0.09239824279228293,0.3940279653967207
2018-02-16,1268.2900390625,1334.31005859375,1259.6400146484375,1318.3199462890625,0.0,1329.0820068359376,1306.8330078125,1286.1210021972656,1118.3413330078124,919.2401692708333,58.50634969471822,50.553749568133526,57.341744781248046,-6.78799521311452,1286.1210021972656,1384.9354043394146,1187.3066000551166,0.1536626833296869,0.6629263720357141,55.10229016814926,1393.4000244140625,1122.1600341796875,1393.4000244140625,898.5499877929688,0.04977654643514384,-0.0028591100269854675,0.12509597459874033,0.42072589293155227
2018-02-23,1314.010009765625,1353.3599853515625,1313.969970703125,1351.0899658203125,0.0,1324.893994140625,1316.8530029296876,1294.1030029296876,1125.7516662597657,924.8620025634766,61.439219308470605,50.9341496559166,56.06022575618176,-5.126076100265159,1294.1030029296876,1386.629260793825,1201.57674506555,0.14299674392945477,0.8079502197868127,53.97998477388414,1393.4000244140625,1170.739990234375,1393.4000244140625,898.5499877929688,0.024857410087357312,-0.015262102890921225,0.13398801560352602,0.4904961107231245
2018-03-02,1360.0899658203125,1397.989990234375,1322.5999755859375,1363.780029296875,0.0,1321.39599609375,1326.1140014648438,1301.3315063476562,1133.3371663411458,930.862585957845,62.54332861846241,51.66405051876677,55.180990708698765,-3.5169401899319936,1301.3315063476562,1391.8924659306492,1210.770546764663,0.13918199804008946,0.8447872197731571,55.509272622066526,1393.4000244140625,1194.1800537109375,1393.4000244140625,898.5499877929688,0.009392463712701637,-0.012662252844892974,0.11857684319459572,0.5008859215915393
2018-03-09,1354.3299560546875,1431.3900146484375,1349.9100341796875,1431.1600341796875,0.0,1344.0320068359374,1343.925,1311.322509765625,1141.778667195638,937.2409194946289,67.81315794393527,57.02218918522658,55.54923040400433,1.4729587812222533,1311.322509765625,1412.2845470971354,1210.3604724341146,0.15398505947946473,1.093478140801449,57.36432318254392,1397.989990234375,1203.6600341796875,1397.989990234375,904.6599731445312,0.04940679833649697,0.08587387926080958,0.16227855336950414,0.5477522366147181
2018-03-16,1441.4100341796875,1464.6099853515625,1410.5999755859375,1422.5400390625,0.0,1377.3780029296875,1353.6080078125,1319.2720092773438,1149.9875010172525,943.5078364054363,66.52370801417757,59.88270061899948,56.41592444700336,3.4667761719961163,1319.2720092773438,1428.6245628458694,1209.9194557088183,0.1657771146504131,0.9721793246485254,57.12472936704971,1431.3900146484375,1203.6600341796875,1431.3900146484375,906.5599975585938,-0.0060230826122309455,0.13276687770398454,0.12582801162631396,0.5295964818927048
2018-03-23,1409.4300537109375,1425.0699462890625,1323.9200439453125,1323.9200439453125,0.0,1378.4980224609376,1353.7900146484376,1320.4695129394531,1156.0151682535807,948.7780868530274,53.896820778583326,53.57429599942793,55.84759875748828,-2.273302758060346,1320.4695129394531,1429.4743386055904,1211.4646872733158,0.16510010204398481,0.5158274231657768,60.26938457967116,1464.6099853515625,1203.6600341796875,1464.6099853515625,916.8599853515625,-0.0693266919799187,0.004247904821597981,0.018423558837465714,0.3758443980933761
2018-03-30,1354.300048828125,1391.010009765625,1294.31005859375,1328.9000244140625,0.0,1374.0600341796876,1349.4770141601562,1321.7615112304688,1162.0965016682942,954.3457534790039,54.36783956616338,48.41854385910074,54.361787777810775,-5.9432439187100385,1321.7615112304688,1430.5225882056013,1213.0004342553364,0.16456989562948224,0.532817407578751,62.871567907685716,1464.6099853515625,1203.6600341796875,1464.6099853515625,938.760009765625,0.003761541712073102,-0.01642373340607073,0.01983021860726719,0.3784983687996786
2018-04-06,1316.760009765625,1329.3399658203125,1260.469970703125,1265.25,0.0,1354.3540283203124,1337.8750122070312,1319.677508544922,1167.1331685384114,959.4418370564779,47.66494930441889,38.74986380890073,51.23940298402877,-12.489539175128044,1319.677508544922,1431.0611489500407,1208.2938681398032,0.16880433239773932,0.25567548184382805,63.300026994078706,1464.6099853515625,1203.6600341796875,1464.6099853515625,953.9099731445312,-0.04789677420777161,-0.0722477431698968,-0.03189157185006941,0.31379473136133473
2018-04-13,1276.4599609375,1355.0,1272.9100341796875,1329.4000244140625,0.0,1334.0020263671875,1339.0170166015625,1319.0630126953124,1173.0098358154296,964.9002538045247,53.84160844386522,35.850474106772936,48.16161720857761,-12.311143101804674,1319.0630126953124,1430.0891400355483,1208.0368853550765,0.1683408999747029,0.5465521583359954,65.18931078021595,1464.6099853515625,1203.6600341796875,1464.6099853515625,955.1099853515625,0.05070146169852796,-0.07110316619758872,-0.009160027673238869,0.36097465297657916
2018-04-20,1336.6199951171875,1360.6199951171875,1265.4200439453125,1270.8299560546875,0.0,1303.660009765625,1340.5190063476562,1319.6720092773437,1177.9663350423177,969.9615036010742,48.24324503075209,28.498063911403506,44.22890654914279,-15.730842637739286,1319.6720092773437,1429.4930326052477,1209.8509859494397,0.16643684575539686,0.2776288558301654,67.33292795104875,1464.6099853515625,1203.6600341796875,1464.6099853515625,955.1099853515625,-0.0440575201472484,-0.10664732017511036,0.009676980418997116,0.30550414290292327
2018-04-27,1275.9300537109375,1285.010009765625,1223.0899658203125,1258.1099853515625,0.0,1290.497998046875,1334.4980102539062,1320.665509033203,1182.702001953125,975.4417536417643,47.09789142026571,21.398165794423903,39.66275839819901,-18.264592603775107,1320.665509033203,1427.849700081199,1213.4813179852072,0.16231845280257284,0.2081867994244184,66.94629337921045,1464.6099853515625,1203.6600341796875,1464.6099853515625,960.010009765625,-0.01000918387430394,-0.04970848420546192,0.016046966075959457,0.2917338554527633
2018-05-04,1260.02001953125,1297.81005859375,1239.780029296875,1296.72998046875,0.0,1284.0639892578124,1329.06201171875,1322.9575073242188,1187.7820017496745,981.4620869954427,50.9087102774413,18.672511144663986,35.46470894749201,-16.79219780282802,1322.9575073242188,1425.9540886662878,1219.9609259821498,0.1557065601455142,0.3726776825321864,66.30941737332934,1464.6099853515625,1203.6600341796875,1464.6099853515625,960.010009765625,0.0306968353854975,-0.024208024196174516,0.036645880359989835,0.3072797375253826
2018-05-11,1303.300048828125,1363.0400390625,1301.8699951171875,1350.4599609375,0.0,1301.1059814453124,1327.7300048828124,1326.9220031738282,1193.546334838867,987.7290868123372,55.690905979035634,20.610386870767343,32.49384453214707,-11.88345766137973,1326.9220031738282,1427.720393920372,1226.1236124272843,0.15192813218176648,0.6167576068890706,66.30946317478796,1464.6099853515625,1203.6600341796875,1464.6099853515625,960.010009765625,0.041434979739827904,0.06734634336099576,0.062375539267820246,0.3442763226724528
2018-05-18,1367.8299560546875,1382.68994140625,1341.0400390625,1345.199951171875,0.0,1304.265966796875,1319.1339965820312,1331.5294982910157,1199.2271677652996,993.8250864664714,55.12476549891664,21.474187451274247,30.28991311597251,-8.815725664698263,1331.5294982910157,1426.6652070491177,1236.3937895329136,0.14289688494352745,0.5718471174457672,64.54806597257097,1464.6099853515625,1203.6600341796875,1464.6099853515625,960.010009765625,-0.003894976465628419,0.01188500561730943,0.07354048023056237,0.3393737082405819
2018-05-25,1365.4200439453125,1392.0799560546875,1347.0999755859375,1390.8399658203125,0.0,1328.26796875,1315.9639892578125,1334.7859985351563,1205.551166788737,1000.5300028483073,59.017725092991206,25.54703309227284,29.341337111232576,-3.7943040189597355,1334.7859985351563,1433.300752832434,1236.2712442378786,0.14761130908683706,0.7844952905024155,63.28606160901679,1464.6099853515625,1203.6600341796875,1464.6099853515625,960.010009765625,0.0339280525610175,0.0944343570072883,0.049128396709605004,0.3751630732123743
2018-06-01,1383.1300048828125,1411.4300537109375,1371.3800048828125,1411.31005859375,0.0,1358.9079833984374,1324.7029907226563,1339.2465026855468,1212.4171681722005,1007.5250864664714,60.66589200106576,30.079816615241043,29.48903301203427,0.5907836032067735,1339.2465026855468,1442.9989568399762,1235.4940485311174,0.15494153458139043,0.8472860304631484,61.626346410381664,1464.6099853515625,1203.6600341796875,1464.6099853515625,960.010009765625,0.014717791605423303,0.12177001615592276,0.06747604920594275,0.41222804129881796
2018-06-08,1412.989990234375,1440.550048828125,1400.6099853515625,1412.2900390625,0.0,1382.0199951171876,1333.0419921875,1341.259503173828,1219.9551686604818,1014.2486699422201,60.747279402703505,33.36652788441552,30.26453198651052,3.101995897904999,1341.259503173828,1448.9650405295222,1233.553965818134,0.16060357760870292,0.829744122876876,60.07732620082315,1464.6099853515625,1203.6600341796875,1464.6099853515625,960.010009765625,0.0006943764502935768,0.08911651641768681,0.029343388195560927,0.4711201182238649
2018-06-15,1409.9000244140625,1429.989990234375,1404.1800537109375,1422.0400390625,0.0,1396.3360107421875,1348.72099609375,1343.2980041503906,1227.1068359375,1020.893586730957,61.59862622171946,36.33911901685224,31.479449392578864,4.859669624273373,1343.2980041503906,1455.4086260557556,1231.1873822450257,0.1669184671740396,0.8511800825553232,57.62965550958132,1464.6099853515625,1203.6600341796875,1464.6099853515625,964.6599731445312,0.006903681064317491,0.05300422092877799,0.029516328418599747,0.432151021779803
2018-06-22,1407.3499755859375,1409.9300537109375,1367.7900390625,1371.0,0.0,1401.4960205078125,1352.8809936523437,1345.9490051269531,1233.1980021158854,1026.896753438314,54.887419262500956,34.18238110119023,32.02003573430114,2.1623453668890917,1345.9490051269531,1458.04699783636,1233.8510124175461,0.16657093587113075,0.6117370359074443,57.38825154461123,1464.6099853515625,1203.6600341796875,1464.6099853515625,998.8699951171875,-0.03589212515854956,0.01917934118689879,0.04022824346117382,0.363460026110491
2018-06-29,1347.52001953125,1348.2900390625,1295.719970703125,1313.699951171875,0.0,1386.068017578125,1357.1679931640624,1348.8434997558593,1238.242500813802,1032.3514195760092,48.499030467443845,27.532142302331977,31.122457047907307,-3.5903147455753306,1348.8434997558593,1454.273295983622,1243.4137035280967,0.1563262101894629,0.3333319903793478,58.66623566977293,1464.6099853515625,1203.6600341796875,1464.6099853515625,998.8699951171875,-0.041794346337071464,-0.055462897633187125,0.046097650024359504,0.2993678853292745
2018-07-06,1297.8900146484375,1351.31005859375,1293.780029296875,1349.18994140625,0.0,1373.643994140625,1366.2759887695313,1350.3869995117188,1243.3083333333334,1037.9694188435872,52.20923682311823,24.83919497374859,29.865804633075566,-5.026609659326976,1350.3869995117188,1454.883884191395,1245.8901148320426,0.1547658333758557,0.4942722785031425,58.58507807170879,1464.6099853515625,1223.0899658203125,1464.6099853515625,1005.0399780273438,0.027015293867306944,-0.044015924643375226,0.023416163279698088,0.2907944146910415
2018-07-13,1359.8299560546875,1375.3299560546875,1324.969970703125,1340.8299560546875,0.0,1359.3519775390625,1370.685986328125,1349.8739990234376,1247.9759989420572,1043.5918350219727,51.272216368484266,21.77937478828062,28.248518664116578,-6.469143875835957,1349.8739990234376,1454.4527483626573,1245.2952496842179,0.1549459422359078,0.45675965229124066,57.99757144884121,1464.6099853515625,1223.0899658203125,1464.6099853515625,1020.4199829101562,-0.0061962997907092365,-0.05059873045288121,-0.007593876074266981,0.26401569743382725
2018-07-20,1341.0,1371.6400146484375,1328.8399658203125,1359.18994140625,0.0,1346.7819580078126,1371.558984375,1349.6444946289062,1252.5483317057292,1049.2385009765626,53.256371591858304,20.59849598396977,26.718514128087214,-6.120018144117445,1349.6444946289062,1454.1202618918928,1245.1687273659195,0.15481968426317033,0.5456825875866316,56.91203411879005,1464.6099853515625,1223.0899658203125,1464.6099853515625,1020.4199829101562,0.01369300056927858,-0.0441971364587489,-0.0033657098593763424,0.25288286121971737
2018-07-27,1352.0999755859375,1391.5699462890625,1328.5999755859375,1372.239990234375,0.0,1347.0299560546875,1374.26298828125,1346.6984924316407,1257.0289978027345,1055.0795842488608,54.6692865742091,20.479594878745274,25.470730278218827,-4.991135399473553,1346.6984924316407,1444.951354354767,1248.4456305085143,0.14591664351790867,0.6299783909740874,57.34474387481397,1464.6099853515625,1223.0899658203125,1464.6099853515625,1020.4199829101562,0.009601342998921236,0.0009044421840809225,-0.041169430768156046,0.24364687318461353
2018-08-03,1374.2900390625,1386.0699462890625,1348.1300048828125,1381.6400146484375,0.0,1360.61796875,1373.3429931640626,1344.6534912109375,1261.8888305664063,1060.9808344523112,55.707824006836155,20.90291254296767,24.557166731168596,-3.6542541882009267,1344.6534912109375,1438.0916563898807,1251.2153260319944,0.13897731391720358,0.6979197866667608,55.958686555630834,1464.6099853515625,1223.0899658203125,1464.6099853515625,1020.4199829101562,0.006850131522881053,0.0517165760841789,-0.028751404734461472,0.26750144741866744
2018-08-10,1376.1800537109375,1406.0400390625,1348.6199951171875,1354.800048828125,0.0,1361.739990234375,1367.6919921875,1346.197491455078,1266.6816650390624,1066.6955846150715,52.04160864159146,18.855281957555917,23.416789776446063,-4.561507818890146,1346.197491455078,1439.2338839269723,1253.1610989831838,0.13822101595410502,0.5462322170093047,56.06306922632238,1440.550048828125,1223.0899658203125,1464.6099853515625,1020.4199829101562,-0.01942616422204735,0.004158130185900832,0.023324675099554604,0.269454638289929
2018-08-17,1357.530029296875,1368.77001953125,1304.219970703125,1323.4100341796875,0.0,1358.256005859375,1358.8039916992188,1345.9229919433594,1270.5971659342447,1072.3461680094401,48.05812664092778,14.53209121973623,21.6398500651041,-7.107758845367869,1345.9229919433594,1439.194006159273,1252.651977727446,0.13859784664387195,0.37931428668955736,56.66928205502257,1440.550048828125,1223.0899658203125,1464.6099853515625,1020.4199829101562,-0.023169481485913135,-0.012991894905344359,-0.00413122893634954,0.21583314156110212
2018-08-24,1325.3199462890625,1376.239990234375,1307.4599609375,1375.8800048828125,0.0,1361.5940185546874,1354.18798828125,1351.4544921875,1276.2799987792969,1078.499334716797,54.34843332133613,15.165006780728163,20.34488140822891,-5.179874627500748,1351.4544921875,1437.796546321587,1265.112438053413,0.12777648767785213,0.6414462103101022,57.5343354294406,1440.550048828125,1223.0899658203125,1464.6099853515625,1020.4199829101562,0.039647553931120294,0.012279419504307443,0.08743726922174466,0.3294682237508615
2018-08-31,1386.6300048828125,1410.1300048828125,1383.6400146484375,1401.199951171875,0.0,1367.3860107421874,1357.2079833984376,1355.0444885253905,1282.0516642252603,1084.8988342285156,57.05139515314427,17.507884980852623,19.777482122753653,-2.2695971419010306,1355.0444885253905,1443.3679862223717,1266.7209908284094,0.13036250609468625,0.7612864291495447,55.871168613051985,1440.550048828125,1223.0899658203125,1464.6099853515625,1020.4199829101562,0.01840272858040337,0.021104151710775954,0.054009271430139005,0.3282774848262635
2018-09-07,1395.75,1413.550048828125,1357.81005859375,1360.77001953125,0.0,1363.21201171875,1361.914990234375,1359.5414916992188,1286.3258321126302,1090.6962509155273,51.779497520338786,15.918773525505912,19.005740403304106,-3.0869668777981936,1359.5414916992188,1438.9662166937374,1280.1167667047002,0.11684045757992984,0.5077339130359972,55.86179872886078,1440.550048828125,1223.0899658203125,1464.6099853515625,1052.3800048828125,-0.0288537917852566,-0.015105233560058662,0.07077269704578182,0.23222443287740835
2018-09-14,1371.239990234375,1382.3499755859375,1316.760009765625,1377.31005859375,0.0,1367.714013671875,1364.727001953125,1365.5014953613281,1290.8219991048177,1096.3762512207031,53.6658385632922,15.81176597401759,18.366945517446805,-2.5551795434292153,1365.5014953613281,1430.0899979275864,1300.9129927950698,0.09460041279437396,0.5914138179647997,56.556667806821615,1440.550048828125,1223.0899658203125,1464.6099853515625,1052.719970703125,0.012154911428896353,0.01661500513311598,0.09474535186117183,0.24357586183484825
2018-09-21,1370.1700439453125,1394.0999755859375,1356.0999755859375,1383.0899658203125,0.0,1379.65,1368.9530029296875,1369.8194946289063,1295.6569986979166,1102.0220011393228,54.338059243424205,16.00881230389905,17.895318874737256,-1.8865065708382076,1369.8194946289063,1426.5033618183068,1313.135627439506,0.08276107532658013,0.6170568615851925,55.23119153490579,1440.550048828125,1239.780029296875,1464.6099853515625,1052.719970703125,0.004196518562032292,0.04509557136433351,0.066598279250353,0.26541869383792793
2018-09-28,1375.300048828125,1389.06005859375,1350.56005859375,1366.739990234375,0.0,1377.8219970703126,1369.7080078125,1370.63349609375,1300.445166015625,1107.5861679077148,52.03813663304484,14.676485167419287,17.251552133273663,-2.5750669658543757,1370.63349609375,1426.6455373573922,1314.6214548301077,0.08173161012520748,0.46524402814522803,54.036106425269665,1440.550048828125,1293.780029296875,1464.6099853515625,1052.719970703125,-0.011821339168085365,-0.006643031816728762,0.01205517362067754,0.2661448441871821
2018-10-05,1370.9300537109375,1389.4599609375,1303.8900146484375,1315.8399658203125,0.0,1360.75,1364.0680053710937,1369.1654968261719,1304.6054992675781,1112.8090840657553,45.571375719183045,9.404984920138759,15.682238690646683,-6.277253770507924,1369.1654968261719,1429.164012054702,1309.1669815976418,0.0876424586620261,0.05560957798083666,56.28852355839773,1440.550048828125,1293.780029296875,1464.6099853515625,1052.719970703125,-0.03724192222204159,-0.06091920377257565,-0.021825740720541553,0.2341167882576558
2018-10-12,1306.31005859375,1317.0899658203125,1220.489990234375,1253.5799560546875,0.0,1339.3119873046876,1351.2619995117188,1362.3024963378907,1307.6336649576822,1117.6272501627604,39.16085751361797,0.20110235284505507,12.586011423086358,-12.384909070241303,1362.3024963378907,1439.6941344693537,1284.9108582064277,0.11361887442694311,-0.20241787684167725,59.16791298893628,1440.550048828125,1293.780029296875,1464.6099853515625,1057.1700439453125,-0.04731579172457445,-0.07877162337357102,-0.09868857175431356,0.1695042764866519
2018-10-19,1245.8800048828125,1295.050048828125,1221.75,1225.93994140625,0.0,1309.0379638671875,1338.3759887695312,1353.0339904785155,1310.0576639811197,1122.1349995930989,36.69311763404723,-9.217109970726142,8.225387144323857,-17.44249711505,1353.0339904785155,1447.2913291586144,1258.7766517984167,0.13932737735105047,-0.1741864922773364,60.17735126316405,1440.550048828125,1220.489990234375,1464.6099853515625,1057.1700439453125,-0.022048864545846092,-0.10990271670712304,-0.13134613195643596,0.13460429560967135
2018-10-26,1236.3699951171875,1241.489990234375,1134.1800537109375,1153.0,0.0,1263.019970703125,1321.3349853515624,1340.0694885253906,1310.6186645507812,1125.901082865397,31.119995762271827,-22.309583784042616,2.1183929586505634,-24.42797674269318,1340.0694885253906,1464.6190620376228,1215.5199150131584,0.18588524636776302,-0.25098405899807535,63.54396449604072,1440.550048828125,1220.489990234375,1464.6099853515625,1070.0799560546875,-0.05949715719563076,-0.16635936309742938,-0.183595459778659,0.030071323465181266
2018-11-02,1175.9300537109375,1261.530029296875,1119.3699951171875,1239.1600341796875,0.0,1237.5039794921875,1307.66298828125,1330.92548828125,1313.0464986165364,1130.1970830281575,42.273563557307554,-25.43981457177665,-3.3932485474348795,-22.04656602434177,1330.92548828125,1456.9050686282958,1204.9459079342041,0.18931124462833032,0.13579234885221497,69.15939804487263,1429.989990234375,1134.1800537109375,1464.6099853515625,1090.18994140625,0.07472682929721386,-0.09334617920472899,-0.12860397728560358,0.13321570864502386
2018-11-09,1233.9599609375,1260.9100341796875,1208.3699951171875,1229.050048828125,0.0,1220.14599609375,1290.447998046875,1323.8279907226563,1314.4193318684895,1134.2527501424154,41.42590299629965,-28.408856731843798,-8.396370184316662,-20.012486547527136,1323.8279907226563,1455.8275532707764,1191.8284281745362,0.19942101764454112,0.14099145457402476,67.97230097470316,1413.550048828125,1119.3699951171875,1464.6099853515625,1103.3299560546875,-0.008158740657138175,-0.06595780584767497,-0.10353752820705686,0.07183345942978425
2018-11-16,1207.0799560546875,1239.7099609375,1170.4599609375,1220.1400146484375,0.0,1213.4580078125,1276.3849975585938,1319.1499938964844,1315.595166015625,1138.030750020345,40.65224122285272,-31.122053666665124,-12.941506880786356,-18.180546785878768,1319.1499938964844,1458.670865937615,1179.6291218553538,0.21153147509634754,0.14517861091472087,68.0635651907958,1413.550048828125,1119.3699951171875,1464.6099853515625,1119.3699951171875,-0.007249529169445212,-0.026675555272511975,-0.07121864961628277,0.06136975002020195
2018-11-23,1213.4300537109375,1217.5400390625,1143.93994140625,1179.239990234375,0.0,1204.118017578125,1256.5779907226563,1310.6524963378906,1315.720166015625,1141.4095830281576,37.216332566626484,-36.155790492884535,-17.584363603205993,-18.57142688967854,1310.6524963378906,1462.0186947170293,1159.286297958752,0.23097838489160594,0.06591198196589283,68.64474433732377,1413.550048828125,1119.3699951171875,1464.6099853515625,1119.3699951171875,-0.033520763128030984,-0.03809318025669872,-0.12596443684922343,0.00640073741829017
2018-11-30,1199.780029296875,1239.6300048828125,1184.760009765625,1239.5999755859375,0.0,1221.4380126953124,1242.2289916992188,1305.590997314453,1316.522666422526,1145.2409159342449,44.65123528093713,-34.872528029622345,-21.041996488489264,-13.83053154113308,1305.590997314453,1459.333662987796,1151.84833164111,0.23551428585151915,0.2853848135145301,68.0551207881176,1413.550048828125,1119.3699951171875,1464.6099853515625,1119.3699951171875,0.05118549731303279,0.0751083916616977,-0.07549800033302745,0.04041296436052866
2018-12-07,1278.739990234375,1281.3499755859375,1152.3399658203125,1157.8599853515625,0.0,1205.1780029296874,1221.3409912109375,1295.5244995117187,1315.5001668294271,1148.2475824991861,38.07549945760435,-39.990284260525414,-24.831654042896496,-15.158630217628918,1295.5244995117187,1459.907560542533,1131.1414384809043,0.25377067140416115,0.08126916089501973,72.40904142936813,1413.550048828125,1119.3699951171875,1464.6099853515625,1119.3699951171875,-0.0659406194290525,-0.06560899850352653,-0.14812496025859845,-0.050319450752160044
2018-12-14,1157.5899658203125,1216.010009765625,1152.1800537109375,1177.5699462890625,0.0,1194.881982421875,1207.5139892578125,1285.790997314453,1314.6039998372396,1151.3823318481445,40.35642147380572,-41.97188802179653,-28.259700838676505,-13.712187183120026,1285.790997314453,1453.8636855049842,1117.718309123922,0.26143080569326355,0.17805283478684933,71.79624961689095,1413.550048828125,1119.3699951171875,1464.6099853515625,1119.3699951171875,0.017022749889327393,-0.041886091285011307,-0.14186297246159063,-0.043667891097345035
2018-12-21,1175.550048828125,1195.5899658203125,1097.2099609375,1101.2900390625,0.0,1171.1119873046875,1192.2849975585937,1271.7734985351562,1311.8996663411458,1153.8351654052735,34.98553984993849,-49.131121311272864,-32.433984933195774,-16.69713637807709,1271.7734985351562,1451.8656452875366,1091.681351782776,0.28321418390902564,0.026677141266286522,73.69508927874249,1413.550048828125,1119.3699951171875,1464.6099853515625,1119.3699951171875,-0.06477738962933566,-0.09740683377241921,-0.20291101344316043,-0.1284159736419721
2018-12-28,1091.6199951171875,1168.31005859375,1066.3900146484375,1147.3699951171875,0.0,1164.73798828125,1184.4280029296874,1261.4019958496094,1309.3563334147136,1156.9934987386068,40.16599137842712,-50.50441447318099,-36.04807084119282,-14.456343631988169,1261.4019958496094,1445.0306258937246,1077.7733658054942,0.2911500546983569,0.18950375356765795,75.71115746921177,1413.550048828125,1097.2099609375,1464.6099853515625,1097.2099609375,0.041841798636364835,-0.027025877159112754,-0.15310750386402805,-0.11738730818789567
2019-01-04,1160.1700439453125,1173.52001953125,1094.5899658203125,1143.9599609375,0.0,1145.6099853515625,1183.5239990234375,1252.4294921875,1306.7046651204428,1159.846915181478,39.91253784140599,-51.276833044870955,-39.09382328192845,-12.183009762942504,1252.4294921875,1440.5437591460773,1064.3152252289228,0.3003989735661939,0.21169243831493906,75.94107862933504,1413.550048828125,1066.3900146484375,1464.6099853515625,1066.3900146484375,-0.002972044060938872,-0.0771539339561782,-0.13559673011956508,-0.12209728677275955
2019-01-11,1147.219970703125,1224.02001953125,1143.239990234375,1213.0400390625,0.0,1156.64599609375,1180.9119995117187,1244.2874938964844,1305.1398315429688,1163.250665283203,47.183446594568785,-45.78699141391712,-40.43245690832619,-5.354534505590934,1244.2874938964844,1424.243346469357,1064.3316413236118,0.2892512437127228,0.41318022062847093,76.28671796273075,1413.550048828125,1066.3900146484375,1464.6099853515625,1066.3900146484375,0.06038679716411344,0.047656931243014844,-0.11835331950636352,-0.07184012211047053
2019-01-18,1196.0400390625,1236.1300048828125,1172.31005859375,1228.3299560546875,0.0,1166.797998046875,1180.839990234375,1235.643994140625,1303.2504984537761,1166.5234151204427,48.66413179346547,-39.744335886996396,-40.294832704060234,0.5504968170638378,1235.643994140625,1400.6042720146197,1070.6837162666302,0.26700292099703454,0.47783091123450855,75.39623427175444,1413.550048828125,1066.3900146484375,1464.6099853515625,1066.3900146484375,0.012604626805232444,0.043105727965958796,-0.12337282410880046,-0.08449044883853551
2019-01-25,1217.0699462890625,1285.3800048828125,1174.9599609375,1281.1600341796875,0.0,1202.7719970703124,1186.9419921875,1231.6634948730468,1303.625665283203,1170.2245819091797,53.51345120875344,-30.342769502520014,-38.30442006375219,7.961650561232176,1231.6634948730468,1387.969455452755,1075.3575342933386,0.253812768228256,0.6583322194594106,77.89793496272287,1413.550048828125,1066.3900146484375,1464.6099853515625,1066.3900146484375,0.04300967982144366,0.16332663398127734,-0.058503629716200045,0.017884248463828634
2019-02-01,1234.43994140625,1292.7099609375,1230.68994140625,1287.4000244140625,0.0,1230.7780029296875,1197.7579956054688,1227.1679931640624,1304.444999186198,1174.2079986572267,54.065385398298275,-22.133306367752084,-35.07019732455217,12.936890956800084,1227.1679931640624,1371.1452240396732,1083.1907622884517,0.23464958616527765,0.7091720714577349,76.7637981461891,1394.0999755859375,1066.3900146484375,1464.6099853515625,1066.3900146484375,0.004870578278981741,0.122044353515252,-0.06527944352013715,0.03970153973979018
2019-02-08,1285.3499755859375,1343.7099609375,1276.8199462890625,1302.4200439453125,0.0,1262.47001953125,1204.0400024414062,1223.1344970703126,1305.3038330078125,1178.273748779297,55.43691906289525,-14.250981198500767,-30.90635409934189,16.655372900841122,1223.1344970703126,1353.2675388606635,1093.0014552799616,0.21278615246655114,0.8046326504944524,76.05852789634972,1394.0999755859375,1066.3900146484375,1464.6099853515625,1066.3900146484375,0.011666940536284365,0.13851890662147914,-0.05832586734670908,0.041194692333808014
2019-02-15,1307.2900390625,1358.0699462890625,1297.52001953125,1351.1800537109375,0.0,1290.0980224609375,1223.3720092773438,1222.3565002441405,1306.637333170573,1182.7095825195313,59.64901720594709,-4.023278578057443,-25.529738995085,21.506460417027558,1222.3565002441405,1349.1903002781453,1095.5227002101358,0.20752341891857623,1.0078439399917796,74.95077067216849,1389.4599609375,1066.3900146484375,1464.6099853515625,1066.3900146484375,0.03743800626556726,0.11387918799052943,-0.01138470860194063,0.06294201955648604
2019-02-22,1345.989990234375,1368.3399658203125,1345.780029296875,1364.780029296875,0.0,1317.388037109375,1242.093017578125,1224.8035034179688,1308.4994995117188,1187.3920827229817,60.762999033877016,5.120626411516469,-19.399665913764707,24.520292325281176,1224.8035034179688,1360.3465673912897,1089.260439444648,0.2213303008932793,1.0163544403366076,71.20856823297342,1389.4599609375,1066.3900146484375,1464.6099853515625,1066.3900146484375,0.0100652578082292,0.11108584673816457,0.03719302099632804,0.08916641483972798
2019-03-01,1384.7099609375,1391.43994140625,1336.0899658203125,1363.1300048828125,0.0,1333.78203125,1268.2770141601563,1230.281005859375,1309.1231669108072,1191.7744995117187,60.54460720751311,12.094673941125848,-13.100797942786595,25.195471883912443,1230.281005859375,1378.311872287709,1082.250139431041,0.2406456179089454,0.9487206020906236,70.07581161532799,1368.3399658203125,1066.3900146484375,1464.6099853515625,1066.3900146484375,-0.0012090039263782382,0.06398105507217866,0.08738975786826142,0.028226418332747638
2019-03-08,1372.7099609375,1376.22998046875,1292.760009765625,1318.2099609375,0.0,1339.9440185546875,1285.3610107421875,1234.8945068359376,1309.0583333333334,1195.4876658121746,54.772982849652294,13.837474922349202,-7.713143369759438,21.550618292108638,1234.8945068359376,1387.768739820405,1082.0202738514702,0.24759075716704534,0.7724967199345738,71.03253726445635,1391.43994140625,1066.3900146484375,1464.6099853515625,1066.3900146484375,-0.03295360221285293,0.02393190612021323,0.07526471437532978,-0.00294229991700401
2019-03-15,1325.949951171875,1402.449951171875,1324.47998046875,1392.3599853515625,0.0,1357.9320068359375,1310.2010131835937,1246.8625061035157,1309.3971659342449,1199.6659159342448,61.32672502136422,20.960326927308643,-1.9784493103458223,22.938776237654466,1246.8625061035157,1409.3904496072864,1084.334562599745,0.2606990629811713,0.9476075809224498,71.97592676230768,1391.43994140625,1066.3900146484375,1464.6099853515625,1066.3900146484375,0.05625054172806254,0.06905601754546287,0.20759755884784248,0.014817427913808912
2019-03-22,1392.6600341796875,1450.760009765625,1380.8800048828125,1400.3699951171875,0.0,1367.7699951171876,1328.9340087890625,1254.9230041503906,1309.7154988606771,1204.2714991251628,61.96785873459088,26.9410199959475,3.805444550912842,23.135575445034657,1254.9230041503906,1430.583159354749,1079.2628489460324,0.27995367783266334,0.9140010886293132,71.82621805662946,1402.449951171875,1066.3900146484375,1464.6099853515625,1066.3900146484375,0.005752829620137678,0.036405171369391365,0.13009615908426198,0.013827836205711153
2019-03-29,1388.3900146484375,1408.739990234375,1365.1600341796875,1395.510009765625,0.0,1373.9159912109376,1345.6520141601563,1263.2460021972656,1311.007666015625,1208.4631657918294,61.303792189322074,30.932036873577317,9.230763015445739,21.70127385813158,1263.2460021972656,1448.7142210559587,1077.7777833385726,0.2936375314643279,0.8565678486111155,69.8086279136336,1450.760009765625,1066.3900146484375,1464.6099853515625,1066.3900146484375,-0.003470500916549435,0.02251643474339371,0.13543790270885747,0.05882489145950509
2019-04-05,1417.6600341796875,1478.0999755859375,1410.52001953125,1477.6500244140625,0.0,1396.8199951171875,1365.3010131835938,1276.1215026855468,1314.7049987792968,1213.2698328653971,67.61963546664197,40.25887990494539,15.436386393345668,24.82249351159972,1276.1215026855468,1482.4162866025363,1069.8267187685574,0.3233152697182052,0.988447933345732,70.72158062125352,1450.760009765625,1066.3900146484375,1464.6099853515625,1066.3900146484375,0.058860211731647016,0.08401254401343405,0.21104955716071827,0.1766508910342124
2019-04-12,1472.3299560546875,1497.1300048828125,1458.260009765625,1497.1199951171875,0.0,1432.602001953125,1386.2730102539062,1292.0155029296875,1317.684999593099,1218.0131663004556,68.91476239933041,48.6606049582042,22.081230106317378,26.579374851886826,1292.0155029296875,1514.3619041525556,1069.6691017068194,0.3441853456381759,0.9612273710288531,68.44646737096309,1478.0999755859375,1066.3900146484375,1478.0999755859375,1066.3900146484375,0.013176307232049433,0.13572195589574232,0.26956345401722137,0.1356272044062059
2019-04-19,1496.949951171875,1576.7900390625,1477.449951171875,1558.1300048828125,0.0,1465.756005859375,1411.8440063476562,1307.9420043945313,1321.1356669108072,1223.4436665852866,72.61150527826979,59.55551163413247,29.576086411880397,29.979425222252075,1307.9420043945313,1557.0147176124372,1058.8692911766254,0.38086201434169226,1.0022388788718892,70.65315455093895,1497.1300048828125,1066.3900146484375,1497.1300048828125,1066.3900146484375,0.04075158301579518,0.11905686839269092,0.2569619518960633,0.15323926925680031
2019-04-26,1553.18994140625,1604.5699462890625,1515.489990234375,1547.4000244140625,0.0,1495.16201171875,1431.4660034179688,1327.4190063476562,1324.1960001627604,1228.766583251953,71.0120229046683,66.55675903076713,36.972220935657745,29.58453809510938,1327.4190063476562,1587.1937322771296,1067.644280418183,0.3913982317372926,0.9234072758219929,71.96935465834956,1576.7900390625,1066.3900146484375,1576.7900390625,1066.3900146484375,-0.006886447494833359,0.10499370152855292,0.3364310400140682,0.13464047806291513
2019-05-03,1546.43994140625,1579.18994140625,1538.199951171875,1570.699951171875,0.0,1530.2,1452.0579956054687,1347.075506591797,1326.5216654459634,1234.1501663208007,72.43211893273248,73.14226885176527,44.20623051887925,28.936038332886014,1347.075506591797,1617.7848926262777,1076.3661205573162,0.4019216216311378,0.9130341541825864,69.75654291377995,1604.5699462890625,1066.3900146484375,1604.5699462890625,1066.3900146484375,0.015057468263020901,0.12553829078995493,0.33384853793331226,0.09750126726545227
2019-05-10,1514.0799560546875,1545.3399658203125,1443.97998046875,1478.8699951171875,0.0,1530.443994140625,1463.6319946289063,1365.9545043945313,1327.460498046875,1238.7239995320638,59.96390572990784,70.14285960913276,49.393556336929954,20.749303272202802,1365.9545043945313,1617.4495613766471,1114.4594474124156,0.36823343116188584,0.7244884891130997,73.82535918444745,1604.5699462890625,1066.3900146484375,1604.5699462890625,1066.3900146484375,-0.058464352778628825,0.0008256154589845188,0.34285242094454205,0.039598151551369254
2019-05-17,1431.1400146484375,1464.1300048828125,1396.800048828125,1402.010009765625,0.0,1511.4219970703125,1472.0119995117188,1378.686505126953,1328.7619974772135,1242.3885828653972,51.90970908239585,60.86226539259678,51.68729814806332,9.174967244533462,1378.686505126953,1609.566367111808,1147.8066431420982,0.3349272820561841,0.5505100454369681,74.41425826334853,1604.5699462890625,1066.3900146484375,1604.5699462890625,1066.3900146484375,-0.051972104110119544,-0.063528632081437,0.22193365325230574,0.05898389874633403
2019-05-24,1355.9100341796875,1380.5699462890625,1302.1300048828125,1311.969970703125,0.0,1462.189990234375,1463.972998046875,1387.0870056152344,1328.4798299153647,1245.2881657918294,44.38797893832974,45.714876318899314,50.49281378223053,-4.777937463331213,1387.0870056152344,1594.196025505754,1179.9779857247147,0.29862441080061547,0.31865339580135826,76.23324016473882,1604.5699462890625,1094.5899658203125,1604.5699462890625,1066.3900146484375,-0.06422210856936184,-0.15798427179264884,0.14686703687420777,-0.012739900218153966
2019-05-31,1317.8800048828125,1325.780029296875,1286.989990234375,1296.1800537109375,0.0,1411.94599609375,1453.55400390625,1391.2440063476563,1328.9953308105469,1248.0642496744792,43.20564938350912,32.06670202737905,46.807591431260235,-14.740889403881184,1391.2440063476563,1587.252600463625,1195.2354122316876,0.2817745747283217,0.257500549745094,73.55872580029319,1604.5699462890625,1143.239990234375,1604.5699462890625,1066.3900146484375,-0.012035273173002015,-0.16234972646989054,0.06853855764950056,0.024445804158022222
2019-06-07,1313.3199462890625,1382.6300048828125,1293.1099853515625,1378.81005859375,0.0,1373.568017578125,1451.8840087890626,1398.7680114746095,1329.8188313802084,1251.414333597819,50.61842310811494,27.5998228206588,42.966037709139954,-15.366214888481153,1398.7680114746095,1580.1947168117626,1217.3413061374563,0.2594092856697366,0.4449972019175161,74.69881820964724,1604.5699462890625,1172.31005859375,1604.5699462890625,1066.3900146484375,0.06374886316622796,-0.12216839532907542,0.1225078829978179,0.03716716810010978
2019-06-14,1399.1300048828125,1440.800048828125,1347.989990234375,1356.550048828125,0.0,1349.1040283203124,1439.7740112304687,1402.5375122070313,1331.247499593099,1254.6069173177084,48.771642758923385,22.009875964339017,38.77480536017977,-16.764929395840753,1402.5375122070313,1577.0338069405607,1228.041217473502,0.24882941556257154,0.3682279659601566,75.99247823708315,1604.5699462890625,1174.9599609375,1604.5699462890625,1066.3900146484375,-0.01614436276184994,-0.08271176418003512,0.058845118983678724,0.06745205553664868
2019-06-21,1357.3299560546875,1441.3900146484375,1346.9000244140625,1410.5,0.0,1350.8020263671874,1431.11201171875,1408.6925109863282,1333.787333170573,1258.244667561849,53.22577982670693,21.683162982764088,35.35647688469663,-13.673313901932545,1408.6925109863282,1575.0017796972256,1242.3832422754308,0.23611862406289388,0.5054341199010797,77.31372909403257,1604.5699462890625,1230.68994140625,1604.5699462890625,1066.3900146484375,0.039769967365730796,0.006055584607269848,0.09561905643272328,0.1211261466984177
2019-06-28,1412.739990234375,1471.8499755859375,1390.3299560546875,1458.9599609375,0.0,1380.2000244140625,1421.1950073242188,1416.5195068359376,1336.4911661783854,1262.13658396403,56.85459142708613,25.04584157075783,33.294349821908874,-8.248508251151044,1416.5195068359376,1576.7078998541467,1256.3311138177285,0.22617181372393522,0.6324704409037241,77.61417841097668,1604.5699462890625,1276.8199462890625,1604.5699462890625,1066.3900146484375,0.03435658343672454,0.11203761786986521,0.12019157545978354,0.12510698673759824
2019-07-05,1524.1400146484375,1531.3699951171875,1446.530029296875,1461.699951171875,0.0,1413.30400390625,1412.625,1422.0455017089844,1338.345166015625,1265.9457504272461,57.057451379946244,27.6135708356519,32.15819402465748,-4.544623189005584,1422.0455017089844,1580.4518793064542,1263.6391241115145,0.22278665121066854,0.6251668337611301,78.1303060830721,1604.5699462890625,1286.989990234375,1604.5699462890625,1066.3900146484375,0.001878043474623059,0.1276982291056381,0.08179509248778571,0.0823719276779975
2019-07-12,1448.8599853515625,1504.6600341796875,1440.1099853515625,1504.280029296875,0.0,1438.397998046875,1405.9830078125,1429.0205017089843,1340.9965006510417,1270.1118342081706,60.1899880562715,32.70734135417956,32.2680234905619,0.43931786361766,1429.0205017089843,1589.003671458044,1269.0373319599246,0.2239060525132197,0.735210765313434,77.16028770771874,1604.5699462890625,1286.989990234375,1604.5699462890625,1066.3900146484375,0.029130518948750517,0.09099873468510378,0.10221427409944539,0.11825757054660668
2019-07-19,1512.5699462890625,1538.8699951171875,1492.5799560546875,1523.9100341796875,0.0,1471.8699951171875,1410.48701171875,1437.059503173828,1343.214335123698,1274.3827509562175,61.58137771824817,37.89138028266143,33.39269484898181,4.4986854336796185,1437.059503173828,1599.1354285447824,1274.9835778028737,0.22556606043521565,0.7679316215751312,74.95526994734597,1604.5699462890625,1286.989990234375,1604.5699462890625,1066.3900146484375,0.013049435278342347,0.12337177348977191,0.117949152847455,0.09567604586404799
2019-07-26,1535.6800537109375,1625.1099853515625,1535.6800537109375,1593.8599853515625,0.0,1508.5419921875,1429.6720092773437,1450.8420043945312,1346.2568339029947,1279.3370010375977,66.12486383499834,47.1011917271469,36.13439422461483,10.966797502532067,1450.8420043945312,1616.977526573063,1284.7064822159994,0.22901945446205063,0.9304256521472332,76.82989003481232,1604.5699462890625,1286.989990234375,1604.5699462890625,1066.3900146484375,0.04590162778836793,0.12999644477246552,0.2091093472074983,0.12934785353950362
2019-08-02,1592.3499755859375,1600.530029296875,1476.4100341796875,1488.4300537109375,0.0,1514.4360107421876,1447.318017578125,1455.6455078125,1347.5258341471354,1283.7405014038086,55.47578447555561,45.36972532939035,37.98146044556994,7.388264883820412,1455.6455078125,1620.288333739419,1291.002681885581,0.22621280393237936,0.5995626311497769,80.2077546835534,1625.1099853515625,1286.989990234375,1625.1099853515625,1066.3900146484375,-0.06614754910066334,0.020199384193176018,0.06899801011957263,0.053912448960540926
2019-08-09,1443.239990234375,1491.5699462890625,1411.72998046875,1464.3399658203125,0.0,1514.964013671875,1464.1340087890626,1458.8440063476562,1348.2308329264322,1287.6688344319662,53.36116738546765,41.57441301703125,38.700050959862196,2.8743620571690514,1458.8440063476562,1621.5412122761788,1296.1468004191336,0.22304949017249534,0.5168901470719504,80.18148405046476,1625.1099853515625,1286.989990234375,1625.1099853515625,1066.3900146484375,-0.016184897523779385,0.0018061262479491802,0.04568076360260198,0.029745946383970434
2019-08-16,1453.2900390625,1489.6600341796875,1427.22998046875,1479.25,0.0,1509.9580078125,1474.1780029296874,1463.031005859375,1350.034999593099,1291.6165008544922,54.51675963668395,39.316499681032155,38.82334070409619,0.4931589769359661,1463.031005859375,1623.284863373261,1302.777148345489,0.219071033863365,0.5506040677966819,78.91352474049853,1625.1099853515625,1286.989990234375,1625.1099853515625,1066.3900146484375,0.010182085122108164,-0.016639208664210203,0.060006728470861415,0.07895696571845368
2019-08-23,1513.1199951171875,1520.199951171875,1441.969970703125,1446.3800048828125,0.0,1494.452001953125,1483.1609985351563,1461.4675048828126,1352.2463338216146,1295.2444173177084,51.48797466114315,34.477320110077244,37.9541365852924,-3.476816475215159,1461.4675048828126,1621.7305035221427,1301.2045062434825,0.219317909024848,0.4529289351625252,78.86470014965936,1625.1099853515625,1286.989990234375,1625.1099853515625,1066.3900146484375,-0.022220716658568507,-0.0508757259667294,-0.021161993039352844,0.10099722816658496
2019-08-30,1467.6800537109375,1517.3399658203125,1437.4000244140625,1504.9200439453125,0.0,1476.664013671875,1492.6030029296876,1461.8575073242187,1354.841835530599,1299.0750844319662,56.15943437930051,34.962896837419294,37.35588863571778,-2.392991798298489,1461.8575073242187,1622.5031575717926,1301.2118570766447,0.21978291241479403,0.6340295755120957,78.94150309655869,1625.1099853515625,1286.989990234375,1625.1099853515625,1066.3900146484375,0.040473484744586896,-0.05580160253953059,0.005210035837851734,0.11542489145505064
2019-09-06,1490.719970703125,1583.739990234375,1470.3599853515625,1568.3399658203125,0.0,1492.64599609375,1503.5410034179688,1462.3680053710937,1358.6336690266928,1303.304833984375,60.58732140588476,40.00403594046611,37.885518096667454,2.1185178437986565,1462.3680053710937,1624.2939345692396,1300.4420761729477,0.22145715524876414,0.8272235675101263,81.40139608129111,1625.1099853515625,1286.989990234375,1625.1099853515625,1066.3900146484375,0.04214172183442888,0.05368738148638186,0.006552701575288644,0.1696784955752777
2019-09-13,1578.68994140625,1625.1600341796875,1558.06005859375,1605.6500244140625,0.0,1520.9080078125,1517.9360107421876,1465.2805053710938,1362.741337076823,1307.644834391276,62.957625737566694,46.47406086981346,39.60322665129666,6.870834218516798,1465.2805053710938,1635.1214146520563,1295.4395960901313,0.23182033564003357,0.9132382464190645,80.37986604590871,1625.1099853515625,1286.989990234375,1625.1099853515625,1066.3900146484375,0.023789522301840504,0.09650085491902094,0.037643788988601656,0.18132865429596912
2019-09-20,1586.5799560546875,1608.31005859375,1556.969970703125,1563.0,0.0,1537.6580078125,1523.8080078125,1464.8955078125,1365.9206705729166,1311.4748341878255,58.61776819370876,47.61126864331095,41.20483504969952,6.406433593611432,1464.8955078125,1633.811195622782,1295.979820002218,0.23061807058514427,0.7903948515950937,78.30559617767416,1625.1600341796875,1286.989990234375,1625.1600341796875,1066.3900146484375,-0.026562466144903762,0.05661652864627342,-0.00490224193750699,0.1390135917355415
2019-09-27,1563.0999755859375,1590.219970703125,1531.7099609375,1542.8699951171875,0.0,1556.956005859375,1525.70400390625,1468.0955078125,1368.6078369140625,1315.2483337402343,56.63345831468486,46.35385247926479,42.234638535612575,4.119213943652213,1468.0955078125,1640.340961927901,1295.8500536970992,0.23465156483184263,0.7170579412057809,76.89162571967066,1625.1600341796875,1286.989990234375,1625.1600341796875,1066.3900146484375,-0.012879081818818028,0.06671136900996677,0.04327628541474904,0.11669463735803531
2019-10-04,1550.5899658203125,1587.969970703125,1502.72998046875,1574.3900146484375,0.0,1570.85,1523.7570068359375,1476.7145080566406,1372.2676696777344,1319.4746673583984,58.97527642329015,47.35486584634532,43.25868399775913,4.096181848586191,1476.7145080566406,1652.092937827422,1301.3360782858592,0.23752516659645984,0.7784706953969716,77.48793747072098,1625.1600341796875,1286.989990234375,1625.1600341796875,1066.3900146484375,0.020429472107827085,0.04616190141304899,0.12295205004394316,0.1620829332049798
2019-10-11,1572.68994140625,1609.469970703125,1514.219970703125,1591.1300048828125,0.0,1575.4080078125,1534.027001953125,1490.672509765625,1376.729669189453,1323.663417561849,60.20437606933469,48.934862823907224,44.393919762988745,4.5409430609184795,1490.672509765625,1655.5006598106459,1325.844359720604,0.22114602498564423,0.8047340369037351,78.75665622281234,1625.1600341796875,1286.989990234375,1625.1600341796875,1066.3900146484375,0.010632683184358838,0.014531313082096764,0.21277928642686628,0.20229555752844997
2019-10-18,1588.7099609375,1629.530029296875,1575.2900390625,1590.0899658203125,0.0,1572.29599609375,1546.602001953125,1505.3680053710937,1380.2998352050781,1328.2899169921875,60.083933801792,49.53212386032874,45.42156058245674,4.1105632778719965,1505.3680053710937,1649.2978205733048,1361.4381901688826,0.1912220994317339,0.7943169222102819,77.00546579506681,1625.1600341796875,1286.989990234375,1625.1600341796875,1066.3900146484375,-0.0006536480735755967,-0.009690815780000528,0.226750837021382,0.1556894207178663
2019-10-25,1606.1300048828125,1650.199951171875,1566.4599609375,1648.6700439453125,0.0,1589.4300048828125,1563.5440063476562,1518.8610046386718,1384.424336751302,1333.2380004882812,64.4035266671222,54.10864943603974,47.158978353173346,6.949671082866395,1518.8610046386718,1663.399095329704,1374.3229139476396,0.19032431572027492,0.9490478554339121,77.4865032550174,1629.530029296875,1293.1099853515625,1629.530029296875,1066.3900146484375,0.036840731898323265,0.054811288512675915,0.19571947830638337,0.17661297559029254
2019-11-01,1662.6400146484375,1691.1600341796875,1630.8699951171875,1689.9300537109375,0.0,1618.8420166015626,1587.8990112304687,1535.5300048828126,1389.9103373209634,1338.1180847167968,67.10378362487185,60.36902040189102,49.80098676291688,10.568033638974143,1535.5300048828126,1678.231763873105,1392.8282458925203,0.18586645462676313,1.0409885971995216,76.2581843841233,1650.199951171875,1346.9000244140625,1650.199951171875,1066.3900146484375,0.025026238523075728,0.09531591064649625,0.24575577227748258,0.24189247959260207
2019-11-08,1714.8599853515625,1745.68994140625,1699.489990234375,1736.780029296875,0.0,1651.32001953125,1611.085009765625,1551.8440063476562,1395.901503499349,1343.3617513020833,69.89622348022594,68.32322339450593,53.5054340892347,14.817789305271234,1551.8440063476562,1707.6420149513497,1396.0459977439627,0.20079081140426222,1.0935121527119267,74.79402033492252,1691.1600341796875,1346.9000244140625,1691.1600341796875,1066.3900146484375,0.027723026454887334,0.10314471835919226,0.23132224693149595,0.2609942245467576
2019-11-15,1722.300048828125,1758.260009765625,1714.81005859375,1742.9300537109375,0.0,1681.680029296875,1628.5440185546875,1566.0425109863281,1401.898838297526,1348.7779184977214,70.25319239355284,74.26713682181298,57.65777463575036,16.609362186062626,1566.0425109863281,1736.465266714582,1395.6197552580743,0.21764767499308538,1.0189669125133263,72.5551582518477,1745.68994140625,1390.3299560546875,1745.68994140625,1066.3900146484375,0.0035410497071135527,0.0954039257397481,0.1946387155072875,0.26017113621181065
2019-11-22,1738.9100341796875,1750.43994140625,1684.43994140625,1690.7900390625,0.0,1701.8200439453126,1637.0580200195313,1577.4970153808595,1407.2996724446614,1353.8724192301431,63.390242594581885,73.91838250576166,60.90989620975262,13.008486296009039,1577.4970153808595,1749.1187161672437,1405.8753145944752,0.21758735403369264,0.830066137214941,72.08693266243,1758.260009765625,1411.72998046875,1758.260009765625,1066.3900146484375,-0.029915150374178356,0.06332979605354416,0.15672853221822902,0.237097071237782
2019-11-29,1706.56005859375,1736.3199462890625,1706.56005859375,1716.8399658203125,0.0,1715.4540283203125,1652.4420166015625,1588.1250122070312,1413.9830057779948,1359.2942525227866,65.21840307764936,74.8808240507235,63.7040817779468,11.176742272776707,1588.1250122070312,1766.4879485807423,1409.76207583332,0.2246207760758564,0.860823151463469,70.19000227415376,1758.260009765625,1411.72998046875,1758.260009765625,1066.3900146484375,0.01540695542082604,0.04134843240789854,0.14130343578568372,0.3047483055813791
2019-12-06,1721.010009765625,1728.2099609375,1647.030029296875,1724.2099609375,0.0,1722.310009765625,1670.5760131835937,1598.1400085449218,1421.8268391927083,1364.7302520751953,65.73966316385614,75.36945080839564,66.03715558403657,9.332295224359072,1598.1400085449218,1783.3189664176914,1412.9610506721522,0.23174309745411076,0.8404003182672535,70.9749972289017,1758.260009765625,1411.72998046875,1758.260009765625,1066.3900146484375,0.004292767680105891,0.020284808327591275,0.1314381572831056,0.3754287890530703
2019-12-13,1724.739990234375,1824.239990234375,1714.75,1796.0400390625,0.0,1734.16201171875,1692.741015625,1608.2490112304688,1431.328507486979,1370.6930857340494,70.39632224419924,80.62340164208831,68.95440479564692,11.668996846441388,1608.2490112304688,1812.4834338769067,1404.014588584031,0.2539835824182208,0.9597438213369329,73.72606815786408,1758.260009765625,1411.72998046875,1758.260009765625,1066.3900146484375,0.0416597048806886,0.03412061905710417,0.12684931899230922,0.46503101693733884
2019-12-20,1817.6400146484375,1856.4100341796875,1813.0899658203125,1853.8699951171875,0.0,1756.35,1719.0150146484375,1626.5210083007812,1443.0096740722656,1376.8141693115235,73.51720749051103,88.43417555157112,72.85035894683176,15.583816604739354,1626.5210083007812,1849.1661360598591,1403.8758805417033,0.27376852388973966,1.0105635795956387,72.7720629406729,1824.239990234375,1411.72998046875,1824.239990234375,1066.3900146484375,0.032198589561997615,0.06365140194240371,0.24552039949417792,0.6078664311510733
2019-12-27,1862.31005859375,1871.2099609375,1851.5899658203125,1858.5899658203125,0.0,1789.9099853515625,1745.8650146484374,1646.2335083007813,1453.3335062662761,1383.1900024414062,73.76035022141195,93.92245276692438,77.06477771085028,16.8576750560741,1646.2335083007813,1877.5929351471625,1414.8740814544,0.2810772902869498,0.9589319320464351,68.9754866675668,1856.4100341796875,1411.72998046875,1856.4100341796875,1066.3900146484375,0.0025460095451983467,0.09924350326244724,0.2692339273681874,0.49987888130259295
2020-01-03,1856.6300048828125,1888.1400146484375,1832.0799560546875,1853.97998046875,0.0,1817.33798828125,1766.3960083007812,1664.9700073242188,1463.749005126953,1389.0841684977213,73.05485911110763,96.78429559686947,81.00868128805412,15.77561430881535,1664.9700073242188,1899.8699429113208,1430.070071737117,0.2821671676411886,0.9023201893864408,68.05295609086559,1871.2099609375,1427.22998046875,1871.2099609375,1066.3900146484375,-0.002480367071995837,0.07987932327921521,0.25332430655315186,0.5084658124675097
2020-01-10,1825.5899658203125,1891.06005859375,1821.8599853515625,1866.3499755859375,0.0,1845.7659912109375,1784.0380004882813,1685.968505859375,1474.5191711425782,1395.0571685791015,73.7795671820681,98.91030545193667,84.58900612083063,14.321299331106033,1685.968505859375,1913.934934233932,1458.002077484818,0.2704278609977444,0.895631652898885,68.13489303024573,1888.1400146484375,1437.4000244140625,1888.1400146484375,1066.3900146484375,0.00667212982205978,0.08243776446526963,0.29035935873377317,0.5296195134815691
2020-01-17,1879.9000244140625,1917.5699462890625,1865.8900146484375,1916.6199951171875,0.0,1869.881982421875,1802.0219970703124,1706.5535034179688,1486.808837890625,1401.264501953125,76.5408968172713,103.45894372889052,88.3629936424426,15.095950086447914,1706.5535034179688,1939.7016038927152,1473.4054029432225,0.2732385477604844,0.9505001140293918,66.95953864527283,1891.06005859375,1437.4000244140625,1891.06005859375,1066.3900146484375,0.02693493727802454,0.0671365634574761,0.2735693187344084,0.6253010506676062
2020-01-24,1909.47998046875,1974.989990234375,1908.4300537109375,1924.030029296875,0.0,1883.9139892578125,1820.1319946289063,1724.3380065917968,1498.216005452474,1407.3693359375,76.92662848690378,106.4347862026168,91.97735215447744,14.457434048139362,1724.3380065917968,1966.683821511392,1481.9921916722017,0.2810885267194203,0.9119980837534404,66.93099563657032,1917.5699462890625,1470.3599853515625,1917.5699462890625,1066.3900146484375,0.003866198932790832,0.03784517488522843,0.2267939804049568,0.5521378405863708
2020-01-31,1863.1800537109375,1899.47998046875,1782.18994140625,1789.9300537109375,0.0,1870.1820068359375,1830.04599609375,1733.5520080566407,1508.750506591797,1412.125336710612,58.2576672742545,96.85592072984787,92.95306586955154,3.9028548602963298,1733.5520080566407,1971.1125237646124,1495.991492348669,0.27407371062871494,0.6186603874096678,72.28164508328851,1974.989990234375,1502.72998046875,1974.989990234375,1066.3900146484375,-0.06969744418955015,-0.03694193629151066,0.1147697359292994,0.5458950791597299
2020-02-07,1794.7099609375,1913.9599609375,1794.300048828125,1864.3599853515625,0.0,1872.2580078125,1844.797998046875,1748.6200073242187,1520.1970072428385,1417.4005035400392,63.54571795438945,94.18477086661892,93.19940686896503,0.9853639976538915,1748.6200073242187,1979.122432712963,1518.1175819354744,0.26363924057058546,0.7510602173320895,75.9779495220938,1974.989990234375,1502.72998046875,1974.989990234375,1066.3900146484375,0.04158259228415906,0.00559876859090358,0.19280869184361005,0.5832265346333074
2020-02-14,1849.989990234375,1983.7099609375,1849.989990234375,1956.56005859375,0.0,1890.3000244140626,1868.0330078125,1769.304510498047,1534.4515075683594,1423.1755869547526,68.81584622703689,98.37365051028473,94.23425559722898,4.139394913055753,1769.304510498047,1996.4634260256075,1542.1455949704864,0.25677763683947985,0.9121686081763845,80.10237960645317,1974.989990234375,1502.72998046875,1974.989990234375,1066.3900146484375,0.04945400779174158,0.048335030507604015,0.26813021497974043,0.7766074232899804
2020-02-21,1920.1800537109375,1982.0899658203125,1883.9200439453125,1891.050048828125,0.0,1885.18603515625,1877.5340087890625,1785.1375122070312,1546.8461751302084,1428.101254272461,61.961647745486545,95.30859930381644,94.44912433854648,0.8594749652699534,1785.1375122070312,1999.530842824812,1570.7441815892505,0.24019811264031798,0.7470052037437537,81.3929183399208,1983.7099609375,1502.72998046875,1983.7099609375,1066.3900146484375,-0.03348223811371753,-0.013341166404506333,0.20113188678371907,0.6481606254963825
2020-02-28,1793.0699462890625,1827.8599853515625,1605.93994140625,1705.5400390625,0.0,1841.488037109375,1862.7010131835937,1790.8580139160156,1556.2058430989584,1431.4552541097005,47.52580682520864,77.02254872708818,90.96380921625483,-13.941260489166652,1790.8580139160156,1989.7875809007717,1591.9284469312595,0.22216118244881153,0.2855573302985839,95.94414613148895,1983.7099609375,1514.219970703125,1983.7099609375,1094.5899658203125,-0.09809894237362182,-0.11355851359254554,0.0719048938984177,0.49090885809042906
2020-03-06,1727.6099853515625,1797.010009765625,1657.6700439453125,1699.8900146484375,0.0,1823.480029296875,1846.8310180664062,1796.3480163574218,1564.320009358724,1434.7299204508463,47.16538574876744,61.36740688349164,85.0445287497022,-23.677121866210555,1796.3480163574218,1978.1332898655733,1614.5627428492703,0.20239427087939224,0.23469247577786057,99.04384753783349,1983.7099609375,1566.4599609375,1983.7099609375,1143.239990234375,-0.003312748035612323,-0.05030366347323256,0.06905272732255763,0.40134699590147105
2020-03-13,1560.739990234375,1656.8699951171875,1388.989990234375,1544.260009765625,0.0,1759.4600341796875,1815.8590209960937,1791.1275146484375,1569.5855102539062,1436.418004353841,38.5035630273325,35.987709529526455,75.23316490566705,-39.2454553761406,1791.1275146484375,1994.3140964357058,1587.9409328611691,0.22688120206466683,-0.107489684385943,114.17643160042127,1983.7099609375,1566.4599609375,1983.7099609375,1172.31005859375,-0.09155298492355646,-0.17169429622014565,-0.06332985460803997,0.2572029218644829
2020-03-20,1433.5699462890625,1446.800048828125,1233.969970703125,1298.5400390625,0.0,1627.8560302734375,1759.07802734375,1771.5580139160156,1569.875177001953,1436.750421142578,29.341391572507646,-3.9083781916874614,59.40485628619616,-63.31323447788362,1771.5580139160156,2065.212955273241,1477.9030725587904,0.33152167645710134,-0.30539760827334245,128.18454641914118,1983.7099609375,1388.989990234375,1983.7099609375,1174.9599609375,-0.15911826321295364,-0.3363147564221426,-0.23160131023705954,0.013565834415011802
2020-03-27,1315.199951171875,1574.6199951171875,1280.75,1488.75,0.0,1547.3960205078124,1716.2910278320312,1759.156512451172,1573.2310099283854,1438.8380045572917,41.03771311875335,-19.948012676921053,43.53428249357272,-63.48229517049377,1759.156512451172,2077.546538258162,1440.766486644182,0.36198032813277314,0.07535335510934944,140.0192213261445,1983.7099609375,1233.969970703125,1983.7099609375,1230.68994140625,0.14647985831443822,-0.21273897487664506,-0.14281027252327894,0.15640047519618339
2020-04-03,1506.4599609375,1568.050048828125,1414.260009765625,1443.0400390625,0.0,1494.8960205078124,1668.1920288085937,1744.16201171875,1575.5746765136719,1440.4392547607422,39.35188967826336,-35.933728742395715,27.64068024637903,-63.57440898877475,1744.16201171875,2091.157881552104,1397.166141885396,0.39789408036861634,0.06610150316650042,141.00285116445562,1983.7099609375,1233.969970703125,1983.7099609375,1233.969970703125,-0.030703584172963927,-0.15391019500444614,-0.17206084318181925,0.1079682363388843
2020-04-10,1514.0999755859375,1673.6500244140625,1508.739990234375,1601.72998046875,0.0,1475.264013671875,1649.372021484375,1739.7090087890624,1579.750508626302,1443.1939208984375,47.42645951270451,-35.38962231407936,15.034619734287354,-50.424242048366715,1739.7090087890624,2091.5818266553974,1387.8361909227272,0.4045191650887166,0.30393622167665424,147.40336074924898,1983.7099609375,1233.969970703125,1983.7099609375,1233.969970703125,0.10996918804092659,-0.05774493251552426,-0.05267363571832462,0.18543045101183342
2020-04-17,1591.260009765625,1724.760009765625,1585.699951171875,1705.6400146484375,0.0,1507.5400146484376,1633.5000244140624,1739.1490112304687,1585.4315083821614,1446.96550394694,51.938682602663576,-26.27090802896646,6.7735141816365925,-33.04442221060305,1739.1490112304687,2091.201232088713,1387.0967903722244,0.4048557295377043,0.45240905383249413,146.80741059528478,1983.7099609375,1233.969970703125,1983.7099609375,1233.969970703125,0.0648736275444366,0.10450313021270641,-0.0065235848389186835,0.24975452309862067
2020-04-24,1677.6300048828125,1704.3499755859375,1582.2099609375,1702.56005859375,0.0,1588.3440185546874,1608.1000244140625,1738.0665161132813,1591.0886759440104,1450.105921427409,51.79677757059969,-19.072927142953176,1.6042259167186388,-20.677153059671816,1738.0665161132813,2090.4288215246097,1385.704210701953,0.40546469556216064,0.44961654953687086,145.13759938925998,1983.7099609375,1233.969970703125,1983.7099609375,1233.969970703125,-0.0018057480055791997,0.31113404852956106,-0.012556418785551138,0.24900783673976723
2020-05-01,1720.1800537109375,1802.989990234375,1639.1700439453125,1644.4000244140625,0.0,1619.4740234375,1583.4350219726562,1730.4845153808594,1596.5251770019531,1452.7917551676433,49.07036859348063,-17.855675019892942,-2.2877542706036773,-15.567920749289264,1730.4845153808594,2084.054513818481,1376.9145169432377,0.4086369976674482,0.37826386380746,146.47205273924587,1983.7099609375,1233.969970703125,1983.7099609375,1233.969970703125,-0.03416034217772357,0.10455081404806887,-0.08443019718401756,0.2474492479518049
2020-05-08,1634.260009765625,1777.02001953125,1625.77001953125,1775.6099853515625,0.0,1685.9880126953126,1590.4420166015625,1726.571514892578,1602.9126770019532,1456.154921468099,54.844960811232504,-6.2316125122824815,-3.0765259189394385,-3.155086593343043,1726.571514892578,2076.3042182389445,1376.838811546212,0.40511812030922517,0.5701084999912317,146.81333468644257,1983.7099609375,1233.969970703125,1983.7099609375,1233.969970703125,0.07979199646646395,0.23046480851988238,-0.0422144001314817,0.2752520928725424
2020-05-15,1757.3800048828125,1790.68994140625,1650.75,1700.8900146484375,0.0,1705.82001953125,1590.5420166015624,1718.6865173339843,1607.9213439941407,1458.8184214274088,51.27924305176048,-3.013992968252751,-3.064019328802101,0.05002636054935028,1718.6865173339843,2063.2302803857156,1374.142754282253,0.40093846036121283,0.4741738139040486,146.32237802357167,1983.7099609375,1233.969970703125,1983.7099609375,1233.969970703125,-0.04208129674846972,0.06190808400219128,-0.08484924274422845,0.2146004417254752
2020-05-22,1746.719970703125,1850.739990234375,1746.1300048828125,1802.31005859375,0.0,1725.1540283203126,1616.347021484375,1716.1030212402343,1614.7013448079426,1462.8545054117837,55.50756629445356,7.631769359240025,-0.924861591193676,8.5566309504337,1716.1030212402343,2057.308856399522,1374.8971860809465,0.3976519252471183,0.6263270267832187,146.5743492780264,1983.7099609375,1233.969970703125,1983.7099609375,1233.969970703125,0.05962763204667021,0.05667669796386554,-0.027869730212478405,0.2915063639682862
2020-05-29,1851.56005859375,1857.6400146484375,1774.0999755859375,1852.489990234375,0.0,1755.1400146484375,1671.7420166015625,1715.4100219726563,1620.9486775716146,1467.8268381754558,57.474087997892155,19.88845211867283,3.237801150779626,16.650650967893206,1715.4100219726563,2055.4467149324855,1375.3733290128268,0.396449465264054,0.7015664354757046,142.07189854834593,1983.7099609375,1233.969970703125,1983.7099609375,1233.969970703125,0.027842008316692146,0.08806146419554883,-0.007426252060367844,0.2536730346341307
2020-06-05,1841.6400146484375,2030.469970703125,1828.43994140625,2003.760009765625,0.0,1827.01201171875,1723.243017578125,1719.767022705078,1629.3926778157552,1473.538838704427,62.810403827663976,41.331741284611326,10.856589177545967,30.47515210706536,1719.767022705078,2072.0184544566105,1367.5155909535458,0.4096501759842615,0.903111189141833,146.35462217324087,1983.7099609375,1233.969970703125,1983.7099609375,1233.969970703125,0.08165767174380867,0.21853562394564596,0.04546546256975126,0.3384097576018148
2020-06-12,2007.7900390625,2025.0999755859375,1862.699951171875,1903.8499755859375,0.0,1852.660009765625,1769.3240112304688,1718.7580200195312,1635.154677327474,1478.1451721191406,57.663676656321734,49.69099085288326,18.623469512613426,31.067521340269835,1718.7580200195312,2068.771777408023,1368.7442626310394,0.4072868353911906,0.7644066863934247,147.50072233329956,2030.469970703125,1233.969970703125,2030.469970703125,1233.969970703125,-0.04986127764440895,0.07222306209828178,-0.010488429704141433,0.2218813382835323
2020-06-19,1865.4300537109375,2008.510009765625,1857.1500244140625,1966.7900390625,0.0,1905.8400146484375,1805.8300170898438,1727.6010192871095,1642.144510904948,1483.170255533854,59.89324037593013,60.69484112412806,27.037743834916355,33.657097289211706,1727.6010192871095,2092.9607333158683,1362.2413052583506,0.42296769908080245,0.8273335983569374,147.77638397746122,2030.469970703125,1233.969970703125,2030.469970703125,1233.969970703125,0.03305936091796924,0.1563299344014446,0.0988083221380025,0.2710288277313706
2020-06-26,1960.719970703125,2009.8199462890625,1914.300048828125,1921.9200439453125,0.0,1929.76201171875,1827.4580200195312,1730.479022216797,1647.9981791178386,1487.259922281901,57.56576776167899,65.0450394056511,34.6392029490633,30.405836456587792,1730.479022216797,2100.9732363966446,1359.9848080369495,0.4281984461218525,0.7583589896974545,144.04377779770954,2030.469970703125,1233.969970703125,2030.469970703125,1233.969970703125,-0.022813820604143165,0.0663648215140562,0.030873897233369307,0.22360737485946802
2020-07-03,1924.800048828125,2011.1199951171875,1899.800048828125,1993.6099853515625,0.0,1957.9860107421875,1856.5630126953124,1732.3315185546876,1656.5771789550781,1492.0188385009765,60.225273077088666,73.43091612693661,42.39754558463797,31.03337054229864,1732.3315185546876,2107.6677538427366,1356.9952832666388,0.4333307236725659,0.8480592096262151,141.7063612613776,2030.469970703125,1233.969970703125,2030.469970703125,1233.969970703125,0.03730120908624546,0.07617854663783263,0.018936258355616964,0.34806304268387467
2020-07-10,2030.6800537109375,2088.510009765625,2016.5799560546875,2069.7900390625,0.0,1971.1920166015625,1899.1020141601562,1741.2685180664062,1667.706846110026,1498.2344217936197,62.887084697668264,85.24126922594519,50.96629031289941,34.27497891304578,1741.2685180664062,2139.1317432096052,1343.405292923207,0.45698089756427324,0.9128573593071492,138.36305148656936,2030.469970703125,1233.969970703125,2030.469970703125,1233.969970703125,0.03821211484226361,0.03295306272960219,0.09451891045672722,0.47630189844971804
2020-07-17,2099.280029296875,2121.889892578125,1994.300048828125,2068.989990234375,0.0,2004.22001953125,1928.4400146484375,1759.441015625,1680.3238464355468,1504.4018381754556,62.83952239328868,93.45916283886845,59.46486481809322,33.99429802077523,1759.441015625,2181.5774332353276,1337.3045980146724,0.4798528781146705,0.8666456644059533,137.59353664824297,2088.510009765625,1233.969970703125,2088.510009765625,1233.969970703125,-0.00038653622494355666,0.0867400355942507,0.21309962993988463,0.5770101728209067
2020-07-24,2070.22998046875,2126.639892578125,2010.6500244140625,2038.7099609375,0.0,2018.60400390625,1962.2220092773437,1776.382012939453,1692.699344889323,1510.847337849935,60.96032173026845,96.41712087842961,66.85531603016051,29.561804848269105,1776.382012939453,2214.4917365619453,1338.2722893169605,0.4932607067975588,0.7993861284668589,136.05041747080153,2121.889892578125,1233.969970703125,2121.889892578125,1233.969970703125,-0.014635174379671545,0.0365671578798934,0.19931874613613476,0.572860155578474
2020-07-31,2056.97998046875,2148.60009765625,2056.5,2136.409912109375,0.0,2061.5019775390624,1995.6319946289063,1805.9895080566407,1705.3260091145833,1517.572420247396,64.63513307669979,105.42956706127302,74.57016623638302,30.859400824890002,1805.9895080566407,2257.1896938154396,1354.7893222978419,0.4996708826335529,0.8661572119003619,134.18182598851214,2126.639892578125,1233.969970703125,2126.639892578125,1233.969970703125,0.04792243773947513,0.11160186857917265,0.38345220273729774,0.5494591867775478
2020-08-07,2156.6298828125,2215.510009765625,2151.239990234375,2178.860107421875,0.0,2098.552001953125,2028.2690063476562,1850.0055114746094,1719.0311767578125,1525.1393381754558,66.1270737857666,114.67546421451198,82.59122583200882,32.08423838250316,1850.0055114746094,2264.900049229594,1435.1109737196248,0.44853329915139434,0.8963110694668511,130.247416821922,2148.60009765625,1233.969970703125,2148.60009765625,1233.969970703125,0.01986987378774474,0.09292194733748027,0.6779306312302353,0.6061774567802449
2020-08-14,2181.3701171875,2232.010009765625,2148.110107421875,2200.81005859375,0.0,2124.756005859375,2047.9740112304687,1885.6085144042968,1732.2030110677083,1532.9951721191405,66.90454871345852,122.36355108942712,90.54569088349248,31.817860205934636,1885.6085144042968,2292.5223128066286,1478.694716001965,0.431599449508091,0.8873075150400784,126.93688007348115,2215.510009765625,1280.75,2215.510009765625,1233.969970703125,0.010074052527331512,0.06330111608353994,0.478293910054576,0.5603048979750089
2020-08-21,2215.340087890625,2240.989990234375,2166.7900390625,2198.330078125,0.0,2150.6240234375,2077.422021484375,1923.3730163574219,1744.5258463541666,1540.508506266276,66.71822097217505,126.79469135472323,97.79549097773864,28.99920037698459,1923.3730163574219,2297.8857572742763,1548.8602754405676,0.3894332900917212,0.8670863921671242,123.1699565805093,2232.010009765625,1414.260009765625,2232.010009765625,1233.969970703125,-0.0011268489341305088,0.06251363636417273,0.523401997600281,0.5067788952291705
2020-08-28,2224.909912109375,2264.590087890625,2202.77001953125,2264.139892578125,0.0,2195.710009765625,2107.1570068359374,1956.4935119628906,1757.8998453776042,1548.1225056966146,69.1717847190611,134.07121446647534,105.05063567548599,29.020578790989347,1956.4935119628906,2328.5223931954556,1584.4646307303256,0.38030167639995877,0.9134710987974568,119.10496037944614,2240.989990234375,1508.739990234375,2240.989990234375,1233.969970703125,0.029936275315513905,0.11057479286409189,0.41355903940533056,0.5489771965600172
2020-09-04,2259.139892578125,2382.320068359375,2137.010009765625,2212.72998046875,0.0,2210.9740234375,2136.238000488281,1981.8480102539063,1769.707344563802,1555.3519226074218,65.13228128707625,134.14324141463294,110.8691568233154,23.274084591317546,1981.8480102539063,2351.1446610270887,1612.5513594807242,0.3726790842309542,0.8125968915930525,128.11961025189643,2264.590087890625,1582.2099609375,2264.590087890625,1233.969970703125,-0.02270615533867726,0.03572351351057934,0.2973018699522201,0.4709561633301853
2020-09-11,2124.8798828125,2202.840087890625,2106.72998046875,2136.3701171875,0.0,2202.476025390625,2150.514013671875,2003.5385131835938,1779.9150126139323,1561.5646738688151,59.56793078542136,126.5795897713565,114.01124341292362,12.568346358432876,2003.5385131835938,2355.2104752741943,1651.8665510929934,0.3510508630371161,0.6888572566522734,126.53963809104668,2382.320068359375,1582.2099609375,2382.320068359375,1233.969970703125,-0.034509345448952455,-0.019501018027564432,0.2547986817875081,0.40190042015012817
2020-09-18,2184.010009765625,2235.7900390625,2133.6298828125,2160.969970703125,0.0,2194.5080078125,2159.6320068359373,2029.367010498047,1789.366845703125,1567.81183980306,60.7318183874279,121.17353090369534,115.44370091107797,5.729829992617368,2029.367010498047,2345.8564507117353,1712.8775702843586,0.31190951520988364,0.707910507403062,124.79824653097192,2382.320068359375,1625.77001953125,2382.320068359375,1233.969970703125,0.011514790118863028,-0.01810246537862592,0.31413885831893507,0.3558091617605128
2020-09-25,2123.419921875,2190.550048828125,2102.159912109375,2177.840087890625,0.0,2190.410009765625,2170.5170166015623,2049.478515625,1800.8570129394532,1574.1914235432944,61.549266074789244,116.90288409181039,115.73553754722445,1.1673465445859392,2049.478515625,2349.608488457994,1749.3485427920061,0.29288423425260224,0.7138433077076429,122.19766725867036,2382.320068359375,1625.77001953125,2382.320068359375,1233.969970703125,0.007806733742815819,-0.009320706857566807,0.2265306603687649,0.4631793294289228
2020-10-02,2206.8798828125,2297.409912109375,2193.510009765625,2221.1201171875,0.0,2181.8060546875,2188.7580322265626,2075.490020751953,1813.4700154622396,1580.850424194336,63.64044807110675,115.67724708519222,115.72387945481802,-0.04663236962579731,2075.490020751953,2338.0942596203045,1812.885781883602,0.25305275982315667,0.7772805516451584,122.00996418439034,2382.320068359375,1650.75,2382.320068359375,1233.969970703125,0.01987291424082227,-0.019000493534716778,0.30585757930185187,0.5168063216407843
2020-10-09,2245.169921875,2403.81005859375,2245.030029296875,2398.0400390625,0.0,2218.86806640625,2214.921044921875,2105.2765197753906,1828.783182779948,1589.4090911865235,70.6640674981158,127.51200106621582,118.08150377709758,9.430497289118236,2105.2765197753906,2372.286423510829,1838.266616039952,0.25365779860968146,1.048225955650672,126.34424827166603,2382.320068359375,1746.1300048828125,2382.320068359375,1233.969970703125,0.07965346876378088,0.08374725349655798,0.3305369004784713,0.6211188366148386
2020-10-16,2423.06005859375,2449.169921875,2369.169921875,2399.760009765625,0.0,2271.546044921875,2237.01103515625,2132.640020751953,1844.6728495279947,1598.4595916748046,70.72327734000294,135.46832163659792,121.55886734899765,13.90945428760027,2132.640020751953,2402.5717588301536,1862.7082826737528,0.2531432735497709,0.9947917405256842,123.03394482368988,2403.81005859375,1774.0999755859375,2403.81005859375,1233.969970703125,0.0007172401941202278,0.12328851188242318,0.29542400899127674,0.6591490491187042
2020-10-23,2418.929931640625,2432.889892578125,2338.25,2360.22998046875,0.0,2311.398046875,2252.95302734375,2150.463519287109,1858.9280151367188,1606.8849253336589,67.35834613931144,137.0047149414304,124.64803686748421,12.356678073946185,2150.463519287109,2430.8736855225698,1870.0533530516486,0.26079044235860194,0.8740350501513198,121.00579823472097,2449.169921875,1828.43994140625,2449.169921875,1233.969970703125,-0.016472492722610088,0.09220859728133601,0.1779005314837181,0.568342444480405
2020-10-30,2337.02001953125,2349.110107421875,2219.449951171875,2246.14990234375,0.0,2325.060009765625,2257.735009765625,2167.578515625,1870.2248474121093,1614.429258219401,58.68114355455849,127.54672950428858,125.22777539484508,2.318954109443496,2167.578515625,2426.664790295691,1908.4922409543087,0.2390559537318409,0.6516317041854444,122.41824331058912,2449.169921875,1857.1500244140625,2449.169921875,1233.969970703125,-0.04833430600790156,0.031365854101476964,0.17979354000961378,0.43218304149311937
2020-11-06,2269.39990234375,2537.510009765625,2238.7099609375,2529.27001953125,0.0,2386.689990234375,2284.2480224609376,2195.7025146484375,1885.618513997396,1624.1799255371093,69.26360786988745,141.26818354422812,128.43585702472168,12.832326519506438,2195.7025146484375,2482.168580307165,1909.23644898971,0.26093340399948917,1.0822112020768941,135.01694370469883,2449.169921875,1857.1500244140625,2449.169921875,1233.969970703125,0.12604684882877937,0.1387362619244319,0.28598882915680446,0.5752312029853686
2020-11-13,2587.300048828125,2604.5,2417.389892578125,2508.820068359375,0.0,2408.84599609375,2313.85703125,2225.0475158691406,1901.3821818033855,1633.651426188151,67.91065500070314,148.77738153281462,132.50416192634026,16.273219606474356,2225.0475158691406,2513.5530489580933,1936.541982780188,0.2593252782525479,0.9917974179766268,138.7378839702114,2537.510009765625,1899.800048828125,2537.510009765625,1233.969970703125,-0.00808531750819752,0.04619607158026584,0.3053717173422448,0.6051312017654351
2020-11-20,2529.2099609375,2591.929931640625,2511.5,2555.5,0.0,2439.993994140625,2355.77001953125,2253.1420166015623,1918.2593485514324,1643.4335927327475,69.38090932845536,156.68894280537233,137.34111810214668,19.347824703225655,2253.1420166015623,2555.1442375943234,1951.139795608801,0.2680720689309006,1.0005890062737075,134.7644539209999,2604.5,1899.800048828125,2604.5,1233.969970703125,0.018606329018705292,0.0648981521487999,0.2818455057794824,0.6563287950945595
2020-11-27,2568.5400390625,2647.639892578125,2561.35009765625,2631.56005859375,0.0,2494.260009765625,2402.8290283203123,2281.230517578125,1935.8788492838542,1654.0732594807944,71.65942198433683,167.1692995556764,143.30675439285264,23.86254516282375,2281.230517578125,2612.841644206382,1949.6193909498672,0.29073004597563723,1.0282234413810118,131.71984239650885,2604.5,1994.300048828125,2604.5,1233.969970703125,0.02976327865143813,0.11495916939039685,0.271414012498437,0.6714791342101971
2020-12-04,2638.110107421875,2793.739990234375,2604.5,2793.030029296875,0.0,2603.63603515625,2464.3480224609375,2317.43251953125,1955.9105163574218,1666.3200927734374,75.77995903808288,186.35613741265206,151.91663099681253,34.43950641583953,2317.43251953125,2702.2729270662244,1932.5921119962754,0.33212652734571674,1.1179152454545753,135.82842438492787,2647.639892578125,1994.300048828125,2647.639892578125,1233.969970703125,0.06135902928600112,0.2434744566168454,0.34994854614085447,0.7553751237961117
2020-12-11,2796.300048828125,2825.93994140625,2675.3701171875,2704.080078125,0.0,2638.598046875,2512.6440185546876,2350.701025390625,1974.4770182291666,1677.3884267171225,69.76259382751904,192.1691209687924,159.9671289912085,32.2019919775839,2350.701025390625,2748.239676747592,1953.1623740336581,0.33822987020725565,0.9444587356828616,136.88138151591517,2793.739990234375,2010.6500244140625,2793.739990234375,1233.969970703125,-0.03184711594177436,0.06911482650877576,0.32636820829654933,0.7005830715559485
2020-12-18,2723.889892578125,2792.070068359375,2723.889892578125,2764.739990234375,0.0,2689.78203125,2549.314013671875,2382.117529296875,1993.078184000651,1688.7512603759765,71.42877278609173,199.37245867000502,167.8481949269678,31.52426374303721,2382.117529296875,2805.4265288320416,1958.8085297617085,0.35540563748768,0.9519422707261783,133.38913928151945,2825.93994140625,2056.5,2825.93994140625,1233.969970703125,0.022432735110210267,0.10200808144936313,0.29410558084549465,0.676951674101069
2020-12-25,2718.719970703125,2754.89990234375,2703.77001953125,2750.239990234375,0.0,2728.730029296875,2584.36201171875,2410.6865234375,2010.7500162760416,1700.3301767985026,70.42973009960362,201.58735335135452,174.59602661184516,26.99132673950936,2410.6865234375,2852.009390194387,1969.363656680613,0.36613874302295096,0.8846996069930884,128.21634152591986,2825.93994140625,2102.159912109375,2825.93994140625,1233.969970703125,-0.005244616148794123,0.07620426148870085,0.26223798437825474,0.6274282975174565
2021-01-01,2780.97998046875,2798.139892578125,2709.02001953125,2795.5,0.0,2761.518017578125,2627.889013671875,2440.4210205078125,2028.3953491210937,1712.1484263102213,71.75756569889492,204.63586303056627,180.60399389558938,24.031869134976887,2440.4210205078125,2900.8946546153265,1979.9473864002987,0.377372289648363,0.8855584263585454,125.42373663455952,2825.93994140625,2102.159912109375,2825.93994140625,1233.969970703125,0.0164567492023735,0.06229762489017876,0.27021411460934464,0.6095878308387399
2021-01-08,2821.989990234375,2994.070068359375,2763.090087890625,2936.469970703125,0.0,2790.206005859375,2696.9210205078125,2477.328015136719,2048.2876810709636,1725.0932596842447,75.45461703725525,215.93773166118808,187.67074144870912,28.26699021247896,2477.328015136719,2971.371302733304,1983.2847275401336,0.39885173427009424,0.9646778603146632,132.9634683370017,2825.93994140625,2102.159912109375,2825.93994140625,1233.969970703125,0.05042746224400818,0.05135639069457487,0.3357730033006232,0.6847893376162613
2021-01-15,2915.139892578125,3089.7099609375,2914.080078125,2992.77001953125,0.0,2847.943994140625,2743.2710205078124,2513.759521484375,2069.9873474121096,1738.6435099283854,76.76290125704494,226.82281517675437,195.50115619431818,31.32165898243619,2513.759521484375,3045.564004597336,1981.955038371414,0.42311484337923494,0.950363350871873,136.01106937096586,2994.070068359375,2102.159912109375,2994.070068359375,1233.969970703125,0.019172696942187484,0.10676086989495759,0.32181321010313124,0.7700423768705573
2021-01-22,3041.8798828125,3141.02001953125,3034.989990234375,3074.39990234375,0.0,2909.8759765625,2799.82900390625,2556.843017578125,2092.613346354167,1753.2981760660807,78.54823876828448,239.27792464918684,204.25650988529193,35.02141476389491,2556.843017578125,3122.644244276703,1991.041790879547,0.4425779938844366,0.9573663508875225,136.88527870161116,3089.7099609375,2102.159912109375,3089.7099609375,1233.969970703125,0.02727569518532058,0.11200326728848164,0.38941485381440977,0.7907317883730591
2021-01-29,3102.929931640625,3107.820068359375,2862.239990234375,2887.080078125,0.0,2937.243994140625,2832.98701171875,2594.378515625,2111.9945149739583,1766.9106770833334,66.0141027523351,231.36649538479105,209.67850698519177,21.687988399599277,2594.378515625,3142.9650492897035,2045.7919819602967,0.42290400599663147,0.766777932502896,144.64919294613892,3141.02001953125,2102.159912109375,3141.02001953125,1233.969970703125,-0.06092890650820926,0.04975568982216849,0.35139508594409596,0.6744364918035943
2021-02-05,2938.699951171875,3063.280029296875,2924.669921875,2985.010009765625,0.0,2975.14599609375,2868.3320068359376,2635.580517578125,2131.810681152344,1781.5695943196615,68.81572747953986,230.34350124430557,213.81150583701455,16.53199540729102,2635.580517578125,3171.403962883686,2099.7570722725645,0.4066075323685705,0.8260677516530028,146.90281853369152,3141.02001953125,2102.159912109375,3141.02001953125,1233.969970703125,0.03392006075017684,0.06779109632109637,0.38132877838852064,0.6619952477917728
2021-02-12,3013.090087890625,3226.080078125,3010.7099609375,3219.8701171875,0.0,3031.826025390625,2911.016015625,2687.682019042969,2154.5773498535154,1798.7935119628905,74.28964014714614,245.65229216795706,220.17966310320304,25.472629064754017,2687.682019042969,3237.7930130867103,2137.5710249992276,0.4093572008489495,0.9837097457665196,153.6290506640975,3141.02001953125,2102.159912109375,3141.02001953125,1233.969970703125,0.0786798391474457,0.0965104868470752,0.47846948685114277,0.7368370628297289
2021-02-19,3250.56005859375,3269.02001953125,3108.469970703125,3223.4599609375,0.0,3077.964013671875,2962.95400390625,2737.7990112304688,2177.3251831054686,1815.3293446858725,74.36371457737009,255.13327211192427,227.1703849049473,27.962887206976973,2737.7990112304688,3291.3790443744165,2184.218978086521,0.4043978618394988,0.9386546846251087,154.12340767581375,3226.080078125,2193.510009765625,3226.080078125,1233.969970703125,0.001114903278501167,0.07708241525434101,0.4512767391523227,0.734357776711005
2021-02-26,3181.320068359375,3202.550048828125,2960.360107421875,3067.6201171875,0.0,3076.608056640625,2993.2420166015627,2771.2780151367188,2197.552518717448,1830.6507619222004,65.53636805507347,247.22222017785998,231.18075195952983,16.041468218330152,2771.2780151367188,3319.5814337277866,2222.974596545651,0.39570437581233997,0.7702355046520303,161.90743952151456,3269.02001953125,2219.449951171875,3269.02001953125,1233.969970703125,-0.04834551867822057,-0.0022052385413756648,0.2792197241155192,0.6546133990141036
2021-03-05,3118.429931640625,3172.419921875,2764.820068359375,2920.75,0.0,3083.342041015625,3010.293017578125,2797.3275146484375,2215.1258524576824,1844.8225118001303,58.489637720609316,226.49062062279063,230.24272569218198,-3.752105069391348,2797.3275146484375,3321.527459639104,2273.127569657771,0.37478625026612017,0.6177246263863687,179.456897663951,3269.02001953125,2219.449951171875,3269.02001953125,1233.969970703125,-0.04787754401681121,0.011662275019703294,0.21710087180145066,0.5649530035667802
2021-03-12,2905.780029296875,3015.0400390625,2759.199951171875,2965.090087890625,0.0,3079.358056640625,3027.2520263671877,2827.570520019531,2232.6003540039064,1859.7045959472657,59.89176246104606,211.2039257532815,226.4349657044019,-15.23103995112038,2827.570520019531,3315.981238730422,2339.1598013086405,0.3454631566236,0.6407827086945005,184.91283982299913,3269.02001953125,2219.449951171875,3269.02001953125,1233.969970703125,0.015181062360908992,-0.006673318283634155,0.2562716821780848,0.5470411951479881
2021-03-19,2983.52001953125,3130.02001953125,2945.4599609375,3011.3701171875,0.0,3037.658056640625,3034.742041015625,2865.8315307617186,2250.722688802083,1874.4693471272788,61.35886920966009,200.51214235779526,221.25040103508059,-20.73825867728533,2865.8315307617186,3280.3624485854166,2451.3006129380205,0.2892918954754598,0.6755461175126142,184.88764116376706,3269.02001953125,2219.449951171875,3269.02001953125,1233.969970703125,0.015608304613030644,-0.06475416473696805,0.34068083080531686,0.5651367553176843
2021-03-26,3055.409912109375,3112.43994140625,2881.010009765625,3106.280029296875,0.0,3014.2220703125,3046.0930419921874,2894.68203125,2272.661855061849,1890.706180826823,64.24716243534442,197.42151140586566,216.48462310923762,-19.06311170337196,2894.68203125,3291.4374247095907,2497.926637790409,0.27412709871160623,0.7666605187163337,188.21209048354262,3269.02001953125,2238.7099609375,3269.02001953125,1233.969970703125,0.03151718600369757,-0.036352221854973776,0.2281330207174015,0.7354197851792257
2021-04-02,3077.14990234375,3242.330078125,3013.27001953125,3240.169921875,0.0,3048.73203125,3062.6700439453125,2931.2495239257814,2295.5920206705728,1907.8945139567056,67.89311136856406,203.43093429698592,213.8738853467873,-10.442951049801366,2931.2495239257814,3313.559086701083,2548.93996115048,0.2608509167539443,0.904018664490984,191.12980249141458,3269.02001953125,2417.389892578125,3269.02001953125,1233.969970703125,0.04310296924789214,0.05624875248428718,0.29151148093051016,0.7379529422071354
2021-04-09,3282.909912109375,3314.159912109375,3236.860107421875,3294.530029296875,0.0,3123.488037109375,3103.4150390625,2968.201025390625,2317.8915201822915,1926.1715138753254,69.26358436446489,210.15728918497098,213.13056611442406,-2.9732769294530783,2968.201025390625,3340.834829705077,2595.567221076173,0.2510839401555776,0.9378682236124677,182.99908836256355,3269.02001953125,2511.5,3269.02001953125,1233.969970703125,0.016776931066139422,0.1279739893167422,0.28919195041943846,0.6838379250493196
2021-04-16,3273.60009765625,3284.85009765625,3200.4599609375,3253.080078125,0.0,3181.08603515625,3130.2220458984375,2999.2770263671873,2340.5920206705728,1943.7190979003906,66.91803884312493,209.72572167683256,212.44959722690575,-2.7238755500731884,2999.2770263671873,3357.828093306416,2640.7259594279585,0.23909166361569237,0.853928735904208,176.64701550519297,3314.159912109375,2561.35009765625,3314.159912109375,1233.969970703125,-0.012581445852148265,0.09712689385409257,0.2361793026541743,0.720250651293401
2021-04-23,3228.010009765625,3240.949951171875,3106.18994140625,3196.97998046875,0.0,3218.2080078125,3127.9330322265623,3019.4745239257813,2365.449353027344,1960.827598063151,63.770417778012614,202.52234080554945,210.4641459426345,-7.941805137085055,3019.4745239257813,3374.7727631906755,2664.176284660887,0.23533779566581792,0.7497978274677414,174.5215241633042,3314.159912109375,2604.5,3314.159912109375,1233.969970703125,-0.017245224928057912,0.06163635025195857,0.14462785825241076,0.8744678560733548
2021-04-30,3199.510009765625,3266.25,3101.3798828125,3108.989990234375,0.0,3218.75,3116.48603515625,3039.72001953125,2388.9343526204425,1976.6271809895834,59.076771797963794,187.55157490985812,205.88163173607924,-18.330056826221124,3039.72001953125,3365.7647877898157,2713.675251272684,0.21452289432159263,0.6062276985352384,173.83213795074676,3314.159912109375,2675.3701171875,3314.159912109375,1233.969970703125,-0.027522846802898515,0.0008724135982400849,0.14974035546689057,0.8289359684705015
2021-05-07,3130.06005859375,3134.06005859375,2969.1201171875,3112.030029296875,0.0,3193.122021484375,3120.9270263671874,3057.084521484375,2415.0638529459634,1992.3246815999348,59.18853628176072,173.92751272409078,199.49080793368154,-25.563295209590763,3057.084521484375,3358.783098538527,2755.3859444302225,0.197376667170237,0.5910602700698816,173.19698105471127,3314.159912109375,2703.77001953125,3314.159912109375,1233.969970703125,0.0009778220811418326,-0.03954727550337045,0.12561399635741477,1.0152241265181718
2021-05-14,3077.280029296875,3078.389892578125,2842.330078125,2981.419921875,0.0,3130.5,3126.9940185546875,3068.643518066406,2443.1118509928388,2006.493513997396,52.54841708496171,150.85227010359222,189.76310036766367,-38.91083026407145,3068.643518066406,3338.461795512115,2798.8252406206975,0.17585508115046533,0.33836603469355997,180.0900503487944,3314.159912109375,2703.77001953125,3314.159912109375,1233.969970703125,-0.041969423878401524,-0.09503938487053332,0.08405809400688846,1.295978431306192
2021-05-21,2946.81005859375,3086.830078125,2862.679931640625,3052.10009765625,0.0,3090.30400390625,3135.69501953125,3081.473522949219,2469.167685953776,2021.1993479410808,55.46040807364171,136.69256674411508,179.14899364295397,-42.456426898838885,3081.473522949219,3320.7990907476305,2842.1479551508073,0.15533189950589466,0.438632914228139,183.23720007276444,3314.159912109375,2709.02001953125,3314.159912109375,1280.75,0.02370688384506381,-0.06178144270724195,0.09179041232561258,1.0501092175692697
2021-05-28,3082.43994140625,3200.35009765625,3079.669921875,3186.56005859375,0.0,3088.22001953125,3153.214013671875,3093.97802734375,2498.2263529459638,2036.9005147298178,60.43472604082886,134.76718274245513,170.2726314628542,-35.50544872039907,3093.97802734375,3327.761488784839,2860.194565902661,0.15112160420983817,0.6980080855149151,180.73811435328128,3314.159912109375,2759.199951171875,3314.159912109375,1414.260009765625,0.0440548988025502,-0.003259301571688966,0.085166914828263,1.208227057001109
2021-06-04,3210.10009765625,3233.889892578125,3126.9599609375,3214.139892578125,0.0,3109.25,3164.0,3105.046520996094,2525.09985148112,2052.425180053711,61.38730454909819,133.92298336962358,163.00270184420808,-29.079718474584496,3105.046520996094,3339.5754600179016,2870.5175819742863,0.15106307582571818,0.7325797661411136,175.46610130237727,3314.159912109375,2759.199951171875,3314.159912109375,1508.739990234375,0.008655049168144746,0.03382124184189572,0.07396822061240371,1.0066677478544164
2021-06-11,3199.10009765625,3221.449951171875,3150.260009765625,3210.06005859375,0.0,3128.856005859375,3160.989013671875,3111.8295288085938,2550.173518880208,2067.802513631185,61.15275308817403,131.40992891785845,156.68414725893814,-25.27421834107969,3111.8295288085938,3350.2357200611436,2873.423337556044,0.15322574006412681,0.7060150562136578,168.0178041669396,3314.159912109375,2759.199951171875,3314.159912109375,1582.2099609375,-0.001269339269829528,0.03150034812454039,0.04412573528465846,0.8820267061191103
2021-06-18,3213.56005859375,3265.56005859375,3137.590087890625,3152.81005859375,0.0,3163.134033203125,3146.8170166015625,3125.1160278320312,2574.3443522135417,2082.716514078776,57.81453796475383,123.37651099789582,150.02262000672968,-26.64610900883386,3125.1160278320312,3340.4409113223674,2909.791144341695,0.13780280896624,0.5643075484653907,165.15724463381,3314.159912109375,2759.199951171875,3314.159912109375,1582.2099609375,-0.01783455728397798,0.05748607750999524,0.09204108416740797,0.8518054870838749
2021-06-25,3153.199951171875,3270.2099609375,3132.919921875,3241.47998046875,0.0,3201.010009765625,3145.6570068359374,3137.9395263671877,2600.9623514811196,2098.7437642415366,61.33501615290753,122.74990655492866,144.56807731636948,-21.818170761440825,3137.9395263671877,3348.864185016586,2927.0148677177895,0.1344351329125753,0.7454441665677142,163.166729950145,3314.159912109375,2759.199951171875,3314.159912109375,1625.77001953125,0.028124092548267754,0.06204904057960858,0.08591930005730952,0.971223505438565
2021-07-02,3274.389892578125,3350.969970703125,3274.06005859375,3315.830078125,0.0,3226.864013671875,3157.5420166015624,3142.7375244140626,2626.632686360677,2114.772681681315,64.04454359885648,126.79117973538314,141.01269780017222,-14.22151806478908,3142.7375244140626,3364.961766619634,2920.513282208491,0.14142080939260326,0.8894547057355152,159.33267711330427,3314.159912109375,2759.199951171875,3314.159912109375,1625.77001953125,0.022937083709984263,0.04056726286473866,0.02980243222398027,0.8674315336588294
2021-07-09,3327.010009765625,3335.929931640625,3172.409912109375,3278.389892578125,0.0,3239.714013671875,3174.4820068359377,3145.484020996094,2652.9243509928388,2130.4228474934894,61.69977268651909,125.5258242093746,137.91532308201272,-12.389498872638114,3145.484020996094,3372.9274897877644,2918.0405522044234,0.14461587931999415,0.7921734184940868,159.6317730003004,3350.969970703125,2759.199951171875,3350.969970703125,1650.75,-0.0112913462586256,0.01998979576102511,0.01704067440150525,0.9274555464162368
2021-07-16,3292.639892578125,3357.97998046875,3141.409912109375,3145.449951171875,0.0,3226.7919921875,3177.8239990234374,3149.3755126953124,2675.3100158691404,2145.005680338542,54.12272360875738,112.49905946332046,132.83207035827428,-20.333010894953816,3149.3755126953124,3374.0027581360537,2924.748267254571,0.14264875340222594,0.4912620539068289,163.69879409737717,3350.969970703125,2759.199951171875,3350.969970703125,1746.1300048828125,-0.04055037556918106,-0.02012738274129955,0.025371405523227697,0.7452324233412468
2021-07-23,3094.840087890625,3289.199951171875,3088.330078125,3280.06005859375,0.0,3252.2419921875,3207.6880126953124,3167.341015625,2699.102850341797,2160.0257639567058,59.54075131127906,111.74899241145249,128.61545476890993,-16.866462357457436,3167.341015625,3372.592391524226,2962.0896397257743,0.12960484828547858,0.7745877889366561,166.35387116519846,3357.97998046875,2759.199951171875,3357.97998046875,1774.0999755859375,0.04279518336374233,0.04036082023182752,0.12301979237995386,0.770622284538639
2021-07-30,3268.669921875,3361.169921875,3152.580078125,3356.530029296875,0.0,3275.252001953125,3238.131005859375,3186.9130126953123,2721.6490173339844,2175.52084757487,62.26698475735786,115.98800885241508,126.08996558561097,-10.101956733195891,3186.9130126953123,3385.8433624566997,2987.982662933925,0.1248420330074483,0.9263226219755172,169.37072634982712,3357.97998046875,2759.199951171875,3357.97998046875,1828.43994140625,0.023313588573713462,0.035493061663607106,0.1320162051753111,0.6751157887862431
2021-08-06,3388.5,3451.409912109375,3340.39990234375,3412.050048828125,0.0,3294.49599609375,3260.6800048828127,3206.9470092773436,2746.785685221354,2190.9701812744142,64.15546129340609,122.41632233597693,125.35523693568416,-2.938914599707232,3206.9470092773436,3411.7447518309964,3002.1492667236907,0.12772131373620804,1.0007453622127906,165.20210373666984,3361.169921875,2842.330078125,3361.169921875,1857.1500244140625,0.01654089760754518,0.029018365970530757,0.13305569094736325,0.792184306842779
2021-08-13,3424.419921875,3428.110107421875,3287.0400390625,3335.0400390625,0.0,3305.826025390625,3272.77001953125,3218.385009765625,2769.589851888021,2205.8671813964843,59.69279657295473,119.91444383226735,124.2670783150008,-4.35263448273345,3218.385009765625,3424.9609053067625,3011.8091142244875,0.12837239479696752,0.7823539237026915,163.47838692400595,3451.409912109375,2842.330078125,3451.409912109375,1857.1500244140625,-0.02257001177109763,0.01727986857592012,0.07364436161842303,0.695676697982565
2021-08-20,3323.77001953125,3331.739990234375,3166.830078125,3256.5,0.0,3328.03603515625,3277.414013671875,3219.201513671875,2791.8328511555987,2219.9155151367186,55.45599842027932,110.32243398155742,121.47814944831214,-11.155715466754714,3219.201513671875,3426.2439439152863,3012.159083428464,0.128629679977539,0.59007449894274,163.81635649639838,3451.409912109375,2842.330078125,3451.409912109375,1899.800048828125,-0.023549953866394358,0.03530498038500096,0.00503988325265059,0.6943993119063712
2021-08-27,3287.679931640625,3441.780029296875,3287.360107421875,3436.449951171875,0.0,3359.314013671875,3305.7780029296873,3226.297509765625,2815.8801839192706,2236.2286814371746,62.094413090602615,115.90507269364025,120.36353409737777,-4.458461403737516,3226.297509765625,3452.062110500179,3000.5329090310706,0.1399527477247162,0.9654238102928714,165.3494759821467,3451.409912109375,2842.330078125,3451.409912109375,1899.800048828125,0.05525869834849528,0.047678972270152054,0.04307744067073771,0.7237323129508078
2021-09-03,3460.800048828125,3477.929931640625,3391.1201171875,3430.889892578125,0.0,3374.185986328125,3324.718994140625,3235.1880004882814,2838.5651814778644,2253.1360137939455,61.78801102961627,118.5145419655014,119.9937356710025,-1.4791937055011033,3235.1880004882814,3477.84339208523,2992.532608891333,0.1500100714767271,0.9032506568304594,159.73950015864517,3451.409912109375,2842.330078125,3451.409912109375,1994.300048828125,-0.0016179658289083854,0.022153790561148856,0.05465891099600917,0.6576028620430157
2021-09-10,3432.199951171875,3468.679931640625,3350.260009765625,3416.659912109375,0.0,3375.107958984375,3334.8019775390626,3246.1719970703125,2861.0263468424478,2270.6750966389973,60.95895046880348,118.07324973978848,119.6096384847597,-1.5363887449712195,3246.1719970703125,3500.521140434571,2991.822853706054,0.15670712679045343,0.8351454476787904,156.78810170981336,3477.929931640625,2842.330078125,3477.929931640625,1994.300048828125,-0.004147606281254657,0.001351053828425819,0.06871482867666101,0.6513660908153238
2021-09-17,3450.580078125,3484.18994140625,3403.139892578125,3421.159912109375,0.0,3392.33193359375,3349.0789794921875,3261.7804931640626,2884.067179361979,2288.383262125651,61.13653960755011,116.7409182268816,119.03589443318408,-2.2949762063024792,3261.7804931640626,3518.83955176915,3004.721434558975,0.15761885825476232,0.8100054512962378,151.37824078969277,3477.929931640625,2842.330078125,3477.929931640625,2010.6500244140625,0.0013170757745162298,0.025822740368383723,0.10040878962478317,0.6781003564313561
2021-09-24,3341.280029296875,3468.739990234375,3289.409912109375,3453.919921875,0.0,3431.81591796875,3379.9259765625,3278.8749877929686,2906.0256795247396,2305.6758443196613,62.4747806602615,116.98002202882071,118.62471995231142,-1.6446979234907104,3278.8749877929686,3539.2764938405494,3018.4734817453877,0.15883588548940605,0.8361058404363588,153.37480059935757,3484.18994140625,2842.330078125,3484.18994140625,2056.5,0.009575702570835398,0.06062334465684027,0.10986073057121848,0.6166934548926462
2021-10-01,3418.1201171875,3458.22998046875,3208.550048828125,3261.179931640625,0.0,3396.7619140625,3378.0379638671875,3292.86298828125,2924.064343261719,2321.5477600097656,51.2855465078663,100.45897852698545,114.99157166724623,-14.532593140260786,3292.86298828125,3515.10836500617,3070.6176115563303,0.1349861063250151,0.4287205495396192,160.2537385308767,3484.18994140625,2842.330078125,3484.18994140625,2102.159912109375,-0.055803259656855064,-0.05100322193590523,0.09383448729009802,0.4967367205136448
2021-10-08,3240.89990234375,3319.3798828125,3170.469970703125,3246.27001953125,0.0,3359.837939453125,3367.011962890625,3302.571484375,2941.4886759440105,2336.845843505859,50.53158961375083,85.18091466323813,109.02944026644462,-23.848525603206497,3302.571484375,3497.1397627169704,3108.00320603303,0.11782835239903462,0.35531694754271403,159.44346521505514,3484.18994140625,2862.679931640625,3484.18994140625,2102.159912109375,-0.0045719378942314925,-0.05381107491856674,0.06361846455301579,0.4750341615602742
2021-10-15,3232.820068359375,3325.31005859375,3165.35009765625,3314.409912109375,0.0,3339.387939453125,3357.24794921875,3308.963977050781,2960.0900065104165,2352.307926432292,53.86932843854049,77.67585987977327,102.75872418911035,-25.082864309337083,3308.963977050781,3496.1260954893246,3121.8018586122375,0.11312430098157654,0.5145487107755252,159.48035776665836,3484.18994140625,3079.669921875,3484.18994140625,2102.159912109375,0.020990210970794232,-0.029926888432063148,0.040121589163471194,0.5076943836097179
2021-10-22,3287.419921875,3427.1298828125,3276.699951171875,3370.280029296875,0.0,3329.211962890625,3360.7719482421876,3316.7709838867186,2978.525675455729,2368.2127604166667,56.46317324619352,75.36751166404156,97.2804816840966,-21.91297002005504,3316.7709838867186,3500.454057164719,3133.087910608718,0.11076017860163113,0.6456558964722123,158.833898757656,3484.18994140625,3088.330078125,3484.18994140625,2102.159912109375,0.01685673126410081,-0.014872114756287136,0.04857913530126612,0.488547611543213
2021-10-29,3384.93994140625,3452.830078125,3353.780029296875,3451.27001953125,0.0,3328.681982421875,3380.2489501953123,3328.8314819335938,2999.168009440104,2384.437677001953,59.97640466351231,79.16082767709122,93.65655088269553,-14.495723205604307,3328.8314819335938,3514.568400069924,3143.0945637972636,0.11159286322805533,0.829602049033103,154.5636237626895,3484.18994140625,3088.330078125,3484.18994140625,2102.159912109375,0.024030641231693517,-0.0007672159180550642,0.07514188411888112,0.5597339259624099
2021-11-05,3459.570068359375,3789.590087890625,3451.679931640625,3756.550048828125,0.0,3427.756005859375,3412.2589599609373,3359.0184814453123,3026.171008300781,2403.0430104573566,69.85194755741875,105.58350406795307,96.04194151974704,9.54156254820603,3359.0184814453123,3606.4959737532886,3111.540989137336,0.14735107512804876,1.3031671156747051,167.68908409102417,3484.18994140625,3088.330078125,3484.18994140625,2102.159912109375,0.08845440303692542,0.15189904499942464,0.19149266178872248,0.7583797950579687
2021-11-12,3781.1298828125,3838.6201171875,3676.6201171875,3794.5,0.0,3537.402001953125,3448.619970703125,3386.669482421875,3053.3965087890624,2421.3816772460937,70.81597109482048,128.10914687145123,102.45538259008788,25.65376428136335,3386.669482421875,3692.2060081224795,3081.13295672127,0.18043480610461546,1.1674005941563896,167.28272094166533,3789.590087890625,3088.330078125,3789.590087890625,2102.159912109375,0.0101023414246042,0.1688799690630518,0.17060726053019692,0.7559244466341963
2021-11-19,3817.10009765625,3936.989990234375,3760.10009765625,3912.02001953125,0.0,3656.9240234375,3498.1559814453126,3416.4789794921876,3082.2995076497396,2441.5782602945965,73.62821637338911,153.67232559039985,112.69877119015028,40.97355440024957,3416.4789794921876,3795.9432560754385,3037.0147029089367,0.22213763284424073,1.1529482096456916,167.96894748712674,3838.6201171875,3088.330078125,3838.6201171875,2102.159912109375,0.030971147590262316,0.18030663776332378,0.17980111385664754,0.7962843283504288
2021-11-26,3928.0,3982.1201171875,3735.929931640625,3757.1298828125,0.0,3734.293994140625,3531.752978515625,3440.415979003906,3107.8996704101564,2460.684842936198,64.76942305237628,159.59329714944352,122.07767638200893,37.515620767434584,3440.415979003906,3841.783772706877,3039.0481853009355,0.23332515379095378,0.8945432453444131,173.55617877710878,3936.989990234375,3088.330078125,3936.989990234375,2193.510009765625,-0.03959339061289091,0.11478270355960052,0.14602899774617528,0.6915473655562479
2021-12-03,3827.409912109375,3958.719970703125,3742.5400390625,3804.5400390625,0.0,3804.947998046875,3566.814990234375,3473.3704833984375,3131.341337076823,2480.0622599283856,66.11339634820857,166.19551471394243,130.90124404839563,35.294270665546804,3473.3704833984375,3880.6399066186723,3066.1010601782027,0.23450963562156585,0.9065730653746862,176.60073255307424,3982.1201171875,3088.330078125,3982.1201171875,2219.449951171875,0.012618716341664005,0.10235942639435414,0.20953761723185993,0.5865206489837689
2021-12-10,3797.590087890625,4002.159912109375,3687.8701171875,3914.669921875,0.0,3836.57197265625,3632.1639892578123,3505.1009765625,3156.589835611979,2500.631342569987,69.06550531694177,178.25951611032906,140.37289846078232,37.886617649546736,3505.1009765625,3944.778518764413,3065.4234343605867,0.25087867376255213,0.9657605927077505,186.43566557941716,3982.1201171875,3088.330078125,3982.1201171875,2219.449951171875,0.028946963806862014,0.042091778624432585,0.19347507421962407,0.6312755883690762
2021-12-17,3931.030029296875,3961.989990234375,3721.169921875,3761.0400390625,0.0,3829.87998046875,3683.6409912109375,3525.3264770507812,3179.936669921875,2519.432342529297,61.07257904492779,173.42454631208102,146.98322803104207,26.441318281038946,3525.3264770507812,3972.949480375123,3077.7034737264394,0.25394697837961067,0.7632947371573348,190.32026577798558,4002.159912109375,3152.580078125,4002.159912109375,2219.449951171875,-0.039244658139380606,-0.008818015795888812,0.12051434256060012,0.593505747399897
2021-12-24,3707.39990234375,3955.5400390625,3689.3798828125,3932.389892578125,0.0,3833.953955078125,3745.4389892578124,3551.343469238281,3208.0406697591147,2539.132758585612,65.82337624906378,181.32905063877888,153.85239255258944,27.476658086189445,3551.343469238281,4029.080460258598,3073.606478217964,0.269045782340386,0.8988035577128242,195.7374008117009,4002.159912109375,3165.35009765625,4002.159912109375,2219.449951171875,0.0455591676068241,0.0052069961158622835,0.15250064808654007,0.7507246014501812
2021-12-31,3945.989990234375,4054.989990234375,3944.820068359375,3946.169921875,0.0,3871.761962890625,3803.027978515625,3581.8999633789062,3231.6556681315105,2558.637091064453,66.18083409968771,186.55487202795075,160.3928884476617,26.161983580289046,3581.8999633789062,4078.204291399183,3085.5956353586294,0.27711791680083614,0.8669824520260996,190.51330772916867,4002.159912109375,3165.35009765625,4002.159912109375,2238.7099609375,0.0035042377977023698,0.05031501304420938,0.18324514118405966,0.560201121826583
2022-01-07,3974.31005859375,4068.14990234375,3786.429931640625,3796.320068359375,0.0,3870.11796875,3837.5329833984374,3608.890966796875,3253.1140014648436,2577.2480916341146,58.959160750613016,176.56936061904116,163.62818288193762,12.941177737103544,3608.890966796875,4089.9544740391007,3127.8274595546495,0.2665990808080304,0.6948070252064718,197.02806937016555,4054.989990234375,3165.35009765625,4054.989990234375,2417.389892578125,-0.03797349239447467,-0.002160568851616196,0.16576694867476593,0.5131894535752624
2022-01-14,3738.18994140625,3992.22998046875,3676.77001953125,3900.610107421875,0.0,3867.306005859375,3851.9389892578124,3632.098974609375,3275.532503255208,2596.8959259033204,62.06194683918253,175.0532011142659,165.9131865284033,9.140014585862616,3632.098974609375,4122.344303114534,3141.853646104216,0.26995152496244085,0.7738538413320895,205.4874901964037,4068.14990234375,3165.35009765625,4068.14990234375,2511.5,0.027471350461651278,-0.003591570868991867,0.13506966865375558,0.5263588759232538
2022-01-21,3840.780029296875,3840.949951171875,3429.8798828125,3434.7900390625,0.0,3802.056005859375,3815.9679931640626,3632.293981933594,3288.919669596354,2612.3992594401043,45.51130224150491,134.71098293098157,159.67274580891893,-24.96176287793736,3632.293981933594,4122.222011628428,3142.3659522387597,0.269762322175271,0.2984357590296325,224.43339979733025,4068.14990234375,3165.35009765625,4068.14990234375,2561.35009765625,-0.11942236099758785,-0.08674462292651453,0.0011367740167971263,0.3052295834349983
2022-01-28,3363.39990234375,3540.52001953125,3147.47998046875,3303.39990234375,0.0,3676.2580078125,3755.1059814453124,3626.6309814453125,3297.4258341471354,2626.6681752522786,42.100866976938825,91.08739956843965,145.9556765608231,-54.86827699238344,3626.6309814453125,4128.861853342491,3124.4001095481344,0.2769682796329199,0.17820468912976567,236.4767311734138,4068.14990234375,3165.35009765625,4068.14990234375,2604.5,-0.038252741863258666,-0.15995107489761173,-0.033149336685283526,0.18272981947686295
2022-02-04,3332.1298828125,3601.219970703125,3304.8798828125,3453.070068359375,0.0,3577.638037109375,3724.7,3628.2264892578123,3309.909000651042,2642.193009440104,46.97531870620396,67.81084579483513,130.3267104076255,-62.51586461279038,3628.2264892578123,4128.033124017011,3128.419854498614,0.27551016246587107,0.324775814567942,240.8583981152682,4068.14990234375,3147.47998046875,4068.14990234375,2675.3701171875,0.04530791621972097,-0.12495656884469164,0.009327291640783164,0.27698513675442715
2022-02-11,3470.489990234375,3674.3701171875,3341.780029296875,3365.25,0.0,3491.4240234375,3680.77099609375,3623.7929931640624,3319.9175008138022,2656.4978424072265,44.60254372332465,41.79586692023895,112.6205417101482,-70.82467478990925,3623.7929931640624,4131.220642679517,3116.365343648608,0.28005333112165526,0.2452415202335282,247.41066167065082,4068.14990234375,3147.47998046875,4068.14990234375,2703.77001953125,-0.025432460570109505,-0.11354945331194566,-0.025672257574189672,0.21720306860201988
2022-02-18,3376.1201171875,3567.0,3324.550048828125,3384.300048828125,0.0,3388.16201171875,3627.7340087890625,3629.9489990234374,3330.4851684570312,2670.6175923665364,45.24859809406152,22.457116803409463,94.58785672880046,-72.130739925391,3629.9489990234374,4122.396926686937,3137.5010713599377,0.27132498434329666,0.2505838319181946,247.05632520645256,4068.14990234375,3147.47998046875,4068.14990234375,2703.77001953125,0.005660812369994828,-0.13236648738907342,0.037753242620244265,0.2305471743721228
2022-02-25,3347.219970703125,3454.919921875,3152.679931640625,3452.669921875,0.0,3391.73798828125,3596.8969970703124,3640.268994140625,3341.4380004882814,2684.9166748046873,47.610057742888976,12.503759811872897,78.17103734541494,-65.66727753354205,3640.268994140625,4108.160663911831,3172.3773243694195,0.2570643381158501,0.2995272363393868,250.99801556558987,4068.14990234375,3147.47998046875,4068.14990234375,2709.02001953125,0.020202071938198563,0.005205524241411963,0.06358063288079574,0.23508135284385623
2022-03-04,3415.39990234375,3460.800048828125,3220.409912109375,3258.919921875,0.0,3382.8419921875,3529.55,3637.494494628906,3346.8121663411457,2697.549923706055,42.07219624388265,-10.89278780043469,60.35827231624502,-71.25106011667971,3637.494494628906,4113.667171256036,3161.3218180017752,0.26181355178969656,0.10248183974408244,250.24030993367273,4068.14990234375,3147.47998046875,4068.14990234375,2759.199951171875,-0.056115992661928904,-0.013464909421711746,-0.016742042084667674,0.10980870037457446
2022-03-11,3273.070068359375,3303.6298828125,3067.52001953125,3144.14990234375,0.0,3321.057958984375,3449.347998046875,3626.18798828125,3349.335164388021,2709.661255900065,39.16600565702391,-38.254725091198,40.63567283475642,-78.89039792595442,3626.18798828125,4136.70354423812,3115.6724323243793,0.28157147815099676,0.027890893516451954,249.23099231564254,4068.14990234375,3147.47998046875,4068.14990234375,2759.199951171875,-0.03521719535385748,-0.08946246670354985,-0.06709535260792598,0.050581862897774554
2022-03-18,3140.22998046875,3443.679931640625,3030.070068359375,3432.300048828125,0.0,3334.46796875,3412.94599609375,3625.2394897460936,3355.300166829427,2723.956756591797,48.73980339898098,-36.26985259271578,25.25456774926198,-61.52442034197776,3625.2394897460936,4137.120122052902,3113.3588574392847,0.2823982436220565,0.31153863934206716,260.97234024175737,4068.14990234375,3067.52001953125,4068.14990234375,2759.199951171875,0.09164644035247127,0.019924240049959074,-0.005496518845460097,0.11641300997034643
2022-03-25,3413.659912109375,3535.409912109375,3359.3798828125,3525.340087890625,0.0,3362.6759765625,3375.418994140625,3613.678991699219,3365.9378336588543,2738.966174316406,51.39939709438793,-26.879423985298217,14.82776940234994,-41.70719338764816,3613.678991699219,4123.614955113627,3103.743028284811,0.2822253800549266,0.41338235568139,254.90503231712293,4068.14990234375,3030.070068359375,4068.14990234375,2759.199951171875,0.027107198595375248,0.04167480336483109,-0.06154848409636582,0.22107457794525032
2022-04-01,3501.7900390625,3633.139892578125,3317.8798828125,3366.639892578125,0.0,3345.469970703125,3368.6039794921876,3592.285986328125,3372.298331705729,2752.0545064290363,46.926908590773955,-31.875776993187174,5.487060123242518,-37.36283711642969,3592.285986328125,4105.969215525342,3078.6027571309082,0.2859923910024108,0.2803645506369368,259.2161021348731,4068.14990234375,3030.070068359375,4068.14990234375,2759.199951171875,-0.045016988816944936,-0.024916957381826865,-0.11275796743230337,0.1278487782499813
2022-04-08,3380.610107421875,3428.659912109375,3116.669921875,3120.159912109375,0.0,3317.71796875,3350.27998046875,3552.692980957031,3370.6364949544272,2762.6069224039716,40.964907398258916,-55.08926252686706,-6.628204406779397,-48.461058120087664,3552.692980957031,4083.479822594043,3021.906139320019,0.2988081686101835,0.09255483094336815,262.9856655705518,4068.14990234375,3030.070068359375,4068.14990234375,2759.199951171875,-0.07321245762343742,-0.04257852696355613,-0.2024171920052592,-0.0309671512977735
2022-04-15,3067.97998046875,3145.75,3026.77001953125,3028.219970703125,0.0,3294.531982421875,3307.794970703125,3516.2474853515623,3367.3824951171873,2772.353839111328,38.975738233214685,-79.98290876911597,-21.299145279246712,-58.68376348986925,3516.2474853515623,4084.6461772784423,2947.8487934246823,0.32329845626326853,0.07069965010473829,252.6995452061374,4068.14990234375,3030.070068359375,4068.14990234375,2759.199951171875,-0.029466419669527233,-0.03687162992903337,-0.19400711043924035,-0.060568455200415205
2022-04-22,3017.9599609375,3227.179931640625,2988.419921875,2989.830078125,0.0,3206.03798828125,3270.252978515625,3475.5119873046874,3366.0859944661456,2781.819256591797,38.142880944248375,-101.6374331956963,-37.36680286253663,-64.27063033315967,3475.5119873046874,4071.532194848756,2879.491779760619,0.3429826798015398,0.09256254818862229,251.70386410324366,4068.14990234375,3026.77001953125,4068.14990234375,2759.199951171875,-0.01267737910374167,-0.12891354613772643,-0.2141415131849309,-0.02535843295154183
2022-04-29,2964.60009765625,3087.0400390625,2875.3701171875,2919.739990234375,0.0,3084.91796875,3223.79697265625,3425.765490722656,3366.069160970052,2790.597506713867,36.60493771531473,-123.03619942209025,-54.500682174447356,-68.5355172476429,3425.765490722656,4032.845218895508,2818.685762549804,0.35441989816109104,0.08322978267510028,248.84429680122628,4068.14990234375,2988.419921875,4068.14990234375,2759.199951171875,-0.02344283322434848,-0.1717848725393778,-0.2541542330506593,-0.0003458049355902215
2022-05-06,2935.9599609375,3166.699951171875,2905.43994140625,2982.06005859375,0.0,3008.002001953125,3176.735986328125,3386.8164916992187,3366.3519938151044,2799.476173909505,38.961540445742926,-133.4280911614278,-70.28616397184345,-63.14192718958435,3386.8164916992187,4002.747328568064,2770.8856548303734,0.3637225922210053,0.17142704271546608,249.7311334415405,4068.14990234375,2875.3701171875,4068.14990234375,2759.199951171875,0.021344389763409133,-0.11423254231383484,-0.2071182365457942,0.005723256359875917
2022-05-13,2918.419921875,2988.330078125,2754.699951171875,2970.3701171875,0.0,2978.04404296875,3147.881005859375,3338.7155029296873,3365.668660481771,2808.195674641927,38.67114681156263,-140.98186957466714,-84.4253050924082,-56.55656448225895,3338.7155029296873,3926.3135158118,2751.117490047575,0.35199046601395145,0.1865668555144629,248.58106154951082,4068.14990234375,2875.3701171875,4068.14990234375,2842.330078125,-0.003920089192221865,-0.04800708910480489,-0.2446399776396314,-0.013615065038332874
2022-05-20,2929.860107421875,3071.56005859375,2758.75,2882.64990234375,0.0,2948.930029296875,3121.731005859375,3285.539501953125,3361.9414916992187,2817.301673380534,36.4742513361186,-152.29106501901833,-97.99845707773022,-54.29260794128811,3285.539501953125,3834.866061125259,2736.2129427809914,0.3343904761124196,0.13328771121447996,253.16884705267077,4068.14990234375,2754.699951171875,4068.14990234375,2754.699951171875,-0.029531745669057585,-0.04807116714363879,-0.2695068992431843,-0.07199290625570065
2022-05-27,2861.340087890625,3120.889892578125,2797.89990234375,3115.35009765625,0.0,2974.034033203125,3090.0360107421875,3251.491003417969,3359.861161295573,2827.726590983073,45.34453803288156,-140.85305652434772,-106.56937696705373,-34.28367955729399,3251.491003417969,3752.2264593877153,2750.7555474482224,0.3080035930859862,0.364059051402639,258.15607156564965,4068.14990234375,2754.699951171875,4068.14990234375,2754.699951171875,0.08072440400178404,0.04198232550057379,-0.17937633245908435,-0.038522616785023445
2022-06-03,3110.090087890625,3158.6201171875,3011.179931640625,3062.590087890625,0.0,3002.604052734375,3043.7610107421874,3209.5900024414063,3355.995495605469,2836.94350789388,43.84952306161225,-134.49526652806708,-112.15455487925641,-22.340711648810668,3209.5900024414063,3617.7306770558416,2801.449327826971,0.2543257389909484,0.3199151374833566,250.24779399288005,3992.22998046875,2754.699951171875,4068.14990234375,2754.699951171875,-0.016935499417968347,0.04892562287533786,-0.2148433184687466,-0.0704015259668922
2022-06-10,3121.93994140625,3132.419921875,2828.4599609375,2831.97998046875,0.0,2972.588037109375,2990.29501953125,3179.449499511719,3348.977160644531,2844.784590657552,37.95853483270351,-146.3776303249988,-118.99916996840489,-27.378460356593905,3179.449499511719,3605.266203091227,2753.6327959322107,0.26785561692041504,0.09199637294396366,254.08437734606719,3840.949951171875,2754.699951171875,4068.14990234375,2754.699951171875,-0.07529904453544056,-0.050327651078822755,-0.1755012829716609,-0.12944658217542626
2022-06-17,2742.14990234375,2780.639892578125,2523.199951171875,2578.5400390625,0.0,2894.222021484375,2936.1330322265626,3143.206506347656,3338.6698282877605,2852.0595906575522,32.751030342609994,-174.2364846903297,-130.04663291278985,-44.18985177753984,3143.206506347656,3638.3946951126836,2648.0183175826287,0.3150847313181636,-0.07015340843791505,257.99120962826777,3674.3701171875,2754.699951171875,4068.14990234375,2754.699951171875,-0.08949213735765904,-0.13191288043794525,-0.21942843273893808,-0.19344504663290785
2022-06-24,2638.469970703125,2719.530029296875,2563.679931640625,2718.469970703125,0.0,2861.38603515625,2905.1580322265627,3106.4765014648438,3332.161161295573,2860.547756958008,37.822930627327736,-182.915119806476,-140.6203302915271,-42.29478951494892,3106.4765014648438,3613.1244154913093,2599.8285874383782,0.3261881516165071,0.11708464594462867,250.6954159159808,3674.3701171875,2523.199951171875,4068.14990234375,2523.199951171875,0.05426711608926604,-0.05695451657419026,-0.2127382541082561,-0.12560993144330135
2022-07-01,2745.760009765625,2758.52001953125,2429.89990234375,2458.4599609375,0.0,2730.0080078125,2852.0210205078124,3061.136999511719,3321.2683268229166,2868.16608988444,32.86319046494371,-208.37165670434433,-154.17059557409056,-54.20106113025378,3061.136999511719,3625.9925294381956,2496.281469585242,0.36904949371202705,-0.0334789221702982,256.2614660068036,3674.3701171875,2523.199951171875,4068.14990234375,2523.199951171875,-0.09564571710106995,-0.21085596036636256,-0.26945696131416685,-0.21001406227016428
2022-07-08,2391.81005859375,2632.340087890625,2386.669921875,2618.02001953125,0.0,2641.093994140625,2821.8490234375,3022.822998046875,3315.211661783854,2879.1617563883465,38.21732477017524,-213.21319339799493,-165.97911513887144,-47.23407825912349,3022.822998046875,3598.647258699582,2446.998737394168,0.38098443807312704,0.14850128226902623,255.50494457886225,3633.139892578125,2429.89990234375,4068.14990234375,2429.89990234375,0.06490244345199914,-0.14516146647152994,-0.22642201289516672,-0.12188819819625063
2022-07-15,2575.739990234375,2694.969970703125,2504.989990234375,2693.77001953125,0.0,2613.452001953125,2793.02001953125,2984.8780029296877,3309.239493815104,2889.20358988444,40.637698474903836,-208.53390512780152,-174.49007313665746,-34.04383199114406,2984.8780029296877,3542.1174357479013,2427.638570111474,0.37337501383391714,0.23879452327505607,250.82458999956853,3633.139892578125,2386.669921875,4068.14990234375,2386.669921875,0.02893407973769535,-0.0488032973010718,-0.21980088439256984,-0.11740443191891592
2022-07-22,2731.56005859375,2918.22998046875,2665.179931640625,2842.409912109375,0.0,2666.2259765625,2780.2239990234375,2964.0525024414064,3303.5036580403644,2900.865005493164,45.17629452776838,-190.6340279568558,-177.71886410069712,-12.91516385615867,2964.0525024414064,3509.7819375260156,2418.3230673567973,0.36823196258170676,0.3885504587880878,250.98355134446544,3633.139892578125,2386.669921875,4068.14990234375,2386.669921875,0.055179132405664744,0.10233305244420876,-0.12780615042728283,-0.10800052098696389
2022-07-29,2822.22998046875,2975.330078125,2771.739990234375,2967.139892578125,0.0,2715.9599609375,2788.672998046875,2955.202001953125,3299.386991373698,2912.243421427409,48.71939979141387,-164.48747015924164,-175.07258531240603,10.585115153164395,2955.202001953125,3494.666720528352,2415.737283377898,0.36509498722502814,0.511064570317526,247.59830395490542,3633.139892578125,2386.669921875,4068.14990234375,2386.669921875,0.043881770865408676,0.09147422062958532,-0.056298209456768,-0.07684793078557528
2022-08-05,2942.760009765625,3087.449951171875,2929.39990234375,3053.389892578125,0.0,2834.945947265625,2782.4769775390623,2936.256494140625,3296.7758219401044,2923.4746704101562,51.07405759949818,-135.2474323387837,-167.10755471768158,31.86012237889787,2936.256494140625,3432.2304013464827,2440.282586934767,0.33782737182230943,0.6180842346096274,241.20200001727824,3633.139892578125,2386.669921875,4068.14990234375,2386.669921875,0.029068396881367864,0.2419929309785287,-0.11039540566372386,-0.04880599214840187
2022-08-12,3002.52001953125,3072.320068359375,2832.610107421875,3067.840087890625,0.0,2924.9099609375,2783.0019775390624,2913.381494140625,3295.359655761719,2934.8520039876303,51.47606129415754,-109.64456738513309,-155.6149572511719,45.9703898660388,2913.381494140625,3335.2298157833634,2491.5331724978864,0.2895936028228073,0.6830736141707474,241.09542579729407,3633.139892578125,2386.669921875,4068.14990234375,2386.669921875,0.004732509054157896,0.17181689406634648,-0.12977471352948067,-0.02695055176937111
2022-08-19,3052.860107421875,3084.860107421875,2931.860107421875,2953.340087890625,0.0,2976.823974609375,2795.13798828125,2892.71650390625,3290.55732421875,2945.7598378499347,48.10332493947264,-97.46973510081853,-143.98591282110124,46.51617772028271,2892.71650390625,3260.7906022605334,2524.642405551967,0.2544833535240978,0.5823524179715882,234.80289538320164,3633.139892578125,2386.669921875,4068.14990234375,2386.669921875,-0.037322675471891165,0.09635940205635807,-0.12276329452360912,-0.08889146140475535
2022-08-26,2891.659912109375,2973.1298828125,2797.590087890625,2798.43994140625,0.0,2968.02998046875,2817.127978515625,2876.630505371094,3281.9341552734377,2954.2834208170575,43.91164762285304,-99.17698946826249,-135.0241281505335,35.84713868227101,2876.630505371094,3231.4191998699175,2521.8418108722703,0.24666963229123845,0.38980685521096387,230.56981677882118,3428.659912109375,2386.669921875,4068.14990234375,2386.669921875,-0.052449139575730275,-0.015469257447985219,-0.10311009043303399,-0.15603638441307532
2022-09-02,2776.5400390625,2801.590087890625,2548.169921875,2599.260009765625,0.0,2894.45400390625,2805.206982421875,2855.182507324219,3270.6153238932293,2961.769837443034,39.18346717895303,-115.27335721501913,-131.07397396343063,15.8006167484115,2855.182507324219,3222.3690490572453,2487.9959655911925,0.2572070547442106,0.15150888108438654,232.20198458145003,3227.179931640625,2386.669921875,4068.14990234375,2386.669921875,-0.07117534619682941,-0.12398467754509945,-0.14165416154953214,-0.20715348236949094
2022-09-09,2596.1201171875,2732.52001953125,2550.989990234375,2721.77001953125,0.0,2828.130029296875,2831.53798828125,2841.779504394531,3263.553991699219,2969.43200378418,43.23226904159555,-116.7979367821431,-128.21876652717313,11.420829745030034,2841.779504394531,3207.8958509225695,2475.663157866493,0.2576669625225149,0.33610471643596707,228.5825592039804,3227.179931640625,2386.669921875,4068.14990234375,2386.669921875,0.04713264902523995,-0.10860711691387448,-0.08965728873858192,-0.13469612876300197
2022-09-16,2725.449951171875,2745.489990234375,2504.8701171875,2563.139892578125,0.0,2727.189990234375,2826.0499755859373,2823.949499511719,3251.605322265625,2975.354086303711,39.55980316117967,-129.31563247592612,-128.43813971692373,-0.8774927590023935,2823.949499511719,3207.462187806014,2440.436811217424,0.27161440979069,0.15997264902294817,229.44236733561573,3166.699951171875,2386.669921875,4068.14990234375,2386.669921875,-0.05828197305973881,-0.1645132017488956,-0.12213419648631962,-0.21856921922429307
2022-09-23,2533.60009765625,2625.4599609375,2369.4599609375,2408.89990234375,0.0,2618.301953125,2797.5629638671876,2795.2914916992186,3235.811486816406,2978.7302520751955,36.32839408626477,-149.95330630056833,-132.74117303365267,-17.212133266915657,2795.2914916992186,3211.5249601743094,2379.0580232241277,0.29781042135399505,0.03584752474248491,231.33934109735745,3166.699951171875,2386.669921875,4068.14990234375,2386.669921875,-0.0601761888537552,-0.18434727100316184,-0.1922027541324185,-0.2823243405189002
2022-09-30,2407.7099609375,2439.929931640625,2306.64990234375,2306.699951171875,0.0,2519.953955078125,2743.9919677734374,2762.1079833984377,3217.388985188802,2982.087335205078,34.32752491877011,-172.56625703956206,-140.70618983483456,-31.8600672047275,2762.1079833984377,3220.866692373664,2303.349274423211,0.33218014048153155,0.0036518944306784956,224.3351045401801,3158.6201171875,2369.4599609375,4068.14990234375,2369.4599609375,-0.04242598502014927,-0.17571932953017733,-0.22343012481017765,-0.3239548312123629
2022-10-07,2343.080078125,2563.280029296875,2321.18994140625,2356.75,0.0,2471.451953125,2682.952978515625,2735.81298828125,3201.084151204427,2985.3370015462237,36.181307905026316,-184.3237928169906,-149.42971043126576,-34.89408238572483,2735.81298828125,3223.3073924379864,2248.3185841245136,0.3563799179585008,0.11121298516549144,226.63831693909583,3158.6201171875,2306.64990234375,4068.14990234375,2306.64990234375,0.021697684955816587,-0.09329963484010673,-0.18243627223554448,-0.2933368198294565
2022-10-14,2346.7900390625,2347.219970703125,2089.820068359375,2162.320068359375,0.0,2359.561962890625,2593.84599609375,2688.161486816406,3182.8478190104165,2987.3403350830076,32.35987967939309,-206.9450613453737,-160.93278061408733,-46.01228073128635,2688.161486816406,3203.4645763455433,2172.858397287269,0.383387004133752,-0.010225369439879901,229.51628941777648,3158.6201171875,2306.64990234375,4068.14990234375,2306.64990234375,-0.08249917540707541,-0.20554637135294218,-0.3059142630595071,-0.33599875069572394
2022-10-21,2232.550048828125,2339.89990234375,2183.169921875,2336.68994140625,0.0,2314.27197265625,2520.7309814453124,2651.8664794921874,3164.518485514323,2990.199334716797,38.62102897879027,-208.40008172888156,-170.4262408370462,-37.97384089183535,2651.8664794921874,3158.754098040654,2144.978860943721,0.3822874360141478,0.18910609911080165,225.80654260110495,3158.6201171875,2089.820068359375,4068.14990234375,2089.820068359375,0.08064017700172177,-0.08834865074184506,-0.237021646923811,-0.3200279431948637
2022-10-28,2343.5,2436.64990234375,2294.31005859375,2433.659912109375,0.0,2319.223974609375,2468.7629638671874,2631.950476074219,3147.897985839844,2993.231583658854,41.84497267729372,-199.4296290190855,-176.22691847345408,-23.20271054563142,2631.950476074219,3140.264469224269,2123.636482924169,0.3862641016773569,0.3049526801967164,219.84463554031177,3132.419921875,2089.820068359375,4068.14990234375,2089.820068359375,0.04149886083934917,0.010278554846357313,-0.14065073591849508,-0.2906621931021478
2022-11-04,2409.43994140625,2462.139892578125,2259.8701171875,2398.239990234375,0.0,2337.531982421875,2428.74296875,2622.9354736328123,3130.9243204752606,2995.975333658854,40.997892735419235,-192.95431506247496,-179.57239779125825,-13.381917271216707,2622.9354736328123,3141.020039932579,2104.8509073330456,0.39504179306569853,0.2831478700444174,218.58928838676272,3087.449951171875,2089.820068359375,4068.14990234375,2089.820068359375,-0.014554178954404473,0.03968441539871481,-0.06992330780082756,-0.29807471275250474
2022-11-11,2413.169921875,2769.43994140625,2386.64990234375,2754.89990234375,0.0,2417.161962890625,2444.3069580078127,2624.756970214844,3119.8199869791665,3001.9435831705728,51.61854956203112,-157.23065085341477,-175.10404840368955,17.873397550274774,2624.756970214844,3144.425999984494,2105.087940445194,0.395974968857489,0.6252171330919928,230.31791343502965,3087.449951171875,2089.820068359375,4068.14990234375,2089.820068359375,0.14871735671229436,0.16894023648827838,0.013400895368802734,-0.19474681888074352
2022-11-18,2742.159912109375,2848.679931640625,2633.85009765625,2724.030029296875,0.0,2529.503955078125,2444.532958984375,2638.0354736328127,3107.655155436198,3006.8404174804687,50.76676730064347,-129.9127767349164,-166.06579406993492,36.15301733501852,2638.0354736328127,3153.5844188190367,2122.4865284465886,0.3908582354855651,0.5834009617001542,229.2116220456972,3087.449951171875,2089.820068359375,4068.14990234375,2089.820068359375,-0.011205442717033831,0.2597718853729587,0.10802293817227904,-0.21132218148876358
2022-11-25,2684.280029296875,2814.8701171875,2669.35009765625,2751.27001953125,0.0,2612.419970703125,2463.3459716796874,2644.6979736328126,3099.1566569010415,3011.61050008138,51.52688442472777,-104.85640574890749,-153.82391640572945,48.96751065682196,2644.6979736328126,3162.4792479697808,2126.9166992958444,0.3915617431549153,0.6029122248915872,223.2336504375224,3087.449951171875,2089.820068359375,4068.14990234375,2089.820068359375,0.009999886176514039,0.17742194665138178,0.05089724257488992,-0.15635749109152985
2022-12-02,2714.360107421875,2841.860107421875,2655.06005859375,2771.239990234375,0.0,2679.935986328125,2499.57998046875,2648.5714721679688,3091.2394897460936,3016.364082845052,52.110620504426336,-82.43735496874933,-139.54660411833345,57.109249149584116,2648.5714721679688,3168.9159689638836,2128.226975372054,0.3929246405195105,0.6178724083965073,220.63125032256548,3087.449951171875,2089.820068359375,4068.14990234375,2089.820068359375,0.007258455390186436,0.13871292223094667,0.028758940125336308,-0.14633102805338039
2022-12-09,2756.409912109375,2777.239990234375,2645.469970703125,2721.02001953125,0.0,2744.4919921875,2541.0119873046874,2642.5019775390624,3081.349658203125,3020.719832356771,50.46478017876098,-67.9392660663816,-125.22513650794308,57.28587044156147,2642.5019775390624,3156.453464090876,2128.550490987249,0.3889885350477216,0.5763866279665599,214.28401955175724,3087.449951171875,2089.820068359375,4068.14990234375,2089.820068359375,-0.018121841082005208,0.13459037903263815,-0.042706680715182466,-0.17903334479242994
2022-12-16,2710.10009765625,2913.1201171875,2612.43994140625,2636.10009765625,0.0,2720.73203125,2568.9469970703126,2625.949987792969,3069.1133260091146,3023.819500732422,47.720166526296914,-62.58036663641951,-112.69618253363838,50.115815897218866,2625.949987792969,3117.865121436593,2134.0348541493445,0.3746568944041955,0.5103169318944297,220.45517356814958,3087.449951171875,2089.820068359375,4068.14990234375,2089.820068359375,-0.031208855967781224,-0.04312309299747341,-0.11156865092539914,-0.2178394451673481
2022-12-23,2634.510009765625,2652.18994140625,2482.449951171875,2535.489990234375,0.0,2683.0240234375,2606.2639892578127,2600.0549926757812,3053.8503255208334,3026.509167480469,44.62364178591557,-65.69450965074202,-103.29584795705911,37.60133830631709,2600.0549926757812,3052.154454531533,2147.9555308200297,0.34776146129931257,0.42859424984008654,216.83266047287998,3087.449951171875,2089.820068359375,4068.14990234375,2089.820068359375,-0.03816626975255122,-0.06921364193300239,-0.16961473004237337,-0.2653458072287418
2022-12-30,2515.820068359375,2543.22998046875,2445.199951171875,2532.110107421875,0.0,2639.192041015625,2625.806005859375,2573.2684936523438,3033.4429931640625,3029.807000732422,44.5191303081139,-67.6553301894478,-96.16774440353686,28.512414214089063,2573.2684936523438,2971.6183144329375,2174.91867287175,0.3096061073791797,0.4483388919947095,208.3467582460225,3084.860107421875,2089.820068359375,4068.14990234375,2089.820068359375,-0.0013330294442170931,-0.07965772554258943,-0.17462773975194557,-0.32594799097331884
2023-01-06,2574.679931640625,2649.3798828125,2489.280029296875,2636.10009765625,0.0,2612.1640625,2646.0500244140626,2557.406494140625,3014.136328125,3033.7664184570312,48.51451297780945,-60.125086886951976,-88.9592129002199,28.83412601326792,2557.406494140625,2917.371556813195,2197.441431468055,0.28150789754956856,0.6093072796167526,204.9005507652798,3084.860107421875,2089.820068359375,4068.14990234375,2089.820068359375,0.041068510381744305,-0.04876513512158709,-0.10741735824300491,-0.30528393789530905
2023-01-13,2683.1298828125,2807.669921875,2663.39990234375,2800.659912109375,0.0,2628.092041015625,2686.2920166015624,2557.5174926757813,2995.613659667969,3038.956583658854,54.14237700153,-40.41285879458246,-79.2499420790924,38.837083284509944,2557.5174926757813,2917.781031758928,2197.253953592635,0.281729090897614,0.8374507729152657,202.51978458338482,2973.1298828125,2089.820068359375,4068.14990234375,2089.820068359375,0.06242548020063232,0.02926839641254997,0.0007932886714050458,-0.28408855319586057
2023-01-20,2791.3701171875,2854.489990234375,2704.2900390625,2794.68994140625,0.0,2659.810009765625,2690.2710205078124,2567.2889892578123,2979.5729939778644,3043.7363321940106,53.91213824989789,-24.98449702565813,-68.39685306840555,43.41235604274742,2567.2889892578123,2941.8681605309425,2192.709817984682,0.29180912070317316,0.8035419072762922,198.78265362541984,2913.1201171875,2089.820068359375,4068.14990234375,2089.820068359375,-0.0021316300052399706,0.06016078216870513,0.07518675734877589,-0.2561636066426828
2023-01-27,2822.139892578125,2971.050048828125,2818.43994140625,2945.27001953125,0.0,2741.766015625,2712.39501953125,2578.4639892578125,2965.251826985677,3048.29658203125,58.68450750214642,-0.5999395839003228,-54.8374703715045,54.23753078760418,2578.4639892578125,2982.9526629658785,2173.9753155497465,0.3137438997738296,0.9534194083987807,197.18104318230948,2913.1201171875,2089.820068359375,4068.14990234375,2089.820068359375,0.05388078151139375,0.16161768765610307,0.08211568148527548,-0.2258538511117859
2023-02-03,2903.60009765625,3168.699951171875,2859.179931640625,3082.110107421875,0.0,2851.766015625,2745.4790283203124,2604.4125,2951.375830078125,3053.982832845052,62.486136908044536,29.427625988055297,-37.98445109959255,67.41207708764784,2604.4125,3064.415438251155,2144.4095617488447,0.35324890987979457,1.0192332132029327,205.20525577866238,2971.050048828125,2089.820068359375,4068.14990234375,2089.820068359375,0.04646096520291332,0.21721014358257706,0.2024744011618287,-0.21267688746906044
2023-02-10,3027.5,3140.81005859375,2979.739990234375,3011.14990234375,0.0,2926.7759765625,2769.47001953125,2634.525,2938.8776611328126,3059.4071655273438,59.43216795464887,46.957495749160444,-20.99606172984195,67.9535574790024,2634.525,3117.6581910553296,2151.3918089446706,0.3667706254868179,0.889773368210401,202.05274239157043,3168.699951171875,2089.820068359375,4068.14990234375,2089.820068359375,-0.023023254395503012,0.14227449292269134,0.25001038831627587,-0.19938371538997823
2023-02-17,3022.780029296875,3134.489990234375,2980.139892578125,3005.8701171875,0.0,2967.818017578125,2797.955029296875,2669.483508300781,2923.435664876302,3065.7381673177083,59.20032648793894,59.73541659512193,-4.849766064849174,64.58518265997111,2669.483508300781,3153.854107917241,2185.112908684321,0.36289461846106597,0.8472409443854361,198.64541062476184,3168.699951171875,2089.820068359375,4068.14990234375,2089.820068359375,-0.0017534115960617935,0.07327208997809609,0.3031040797744089,-0.23561238857299238
2023-02-24,2961.1201171875,3002.969970703125,2875.56005859375,2935.110107421875,0.0,2995.90205078125,2827.8560302734377,2698.401513671875,2906.58466796875,3069.1201680501304,56.04487323215837,63.42118950914346,8.804425049949353,54.61676445919411,2698.401513671875,3173.607702839843,2223.1953245039067,0.3522131059890542,0.7490588287206968,193.76431405111813,3168.699951171875,2089.820068359375,4068.14990234375,2089.820068359375,-0.02354060787956902,0.05024534705448125,0.24540579502360238,-0.25621294431556707
2023-03-03,2983.389892578125,3031.909912109375,2892.219970703125,3028.340087890625,0.0,3012.516064453125,2877.1410400390623,2741.7025146484375,2893.7850016276043,3073.449501546224,59.13543165260608,73.02330417137728,21.648200874234938,51.37510329714234,2741.7025146484375,3169.0387345398544,2314.3662947570206,0.311730552536779,0.835377110457686,189.901858862199,3168.699951171875,2089.820068359375,4068.14990234375,2089.820068359375,0.03176370802342432,0.02820456793723647,0.4005050095050584,-0.20229589882832022
2023-03-10,3036.580078125,3083.679931640625,2909.52001953125,2923.929931640625,0.0,2980.880029296875,2916.3230224609374,2771.0645141601562,2877.5069986979165,3076.5197509765626,54.512717016165816,71.38513875949366,31.595588451286684,39.78955030820697,2771.0645141601562,3162.2192996014924,2379.90972871882,0.28231373426532136,0.6954027192943482,188.77743409414015,3168.699951171875,2183.169921875,3992.22998046875,2089.820068359375,-0.03447768520698957,-0.05132203920954814,0.2513127564887647,-0.2503916435849034
2023-03-17,2883.8798828125,3127.419921875,2861.449951171875,3083.52001953125,0.0,2995.354052734375,2961.0650146484377,2803.55751953125,2871.6524983723957,3080.286083984375,59.69854271571077,82.01900319719016,41.680271400467376,40.33873179672278,2803.55751953125,3185.049590290008,2422.065448772492,0.2721485598929626,0.8669309553972858,194.29118670906766,3168.699951171875,2259.8701171875,3840.949951171875,2089.820068359375,0.05458068135069105,0.024034046638186313,0.2670299593580472,-0.1022682654649617
2023-03-24,3083.93994140625,3216.320068359375,3060.340087890625,3121.260009765625,0.0,3018.43203125,2993.1250244140624,2839.7085205078124,2868.616833496094,3083.0213338216145,60.83564479257532,92.42628648533946,51.8294744174418,40.59681206789766,2839.7085205078124,3196.974716941977,2482.442324073648,0.25162173783263947,0.894036004620571,191.5546719776164,3168.699951171875,2259.8701171875,3674.3701171875,2089.820068359375,0.01223925578408025,0.03838818314814341,0.301479427611659,-0.05513710055173682
2023-03-31,3129.39990234375,3233.93994140625,3015.800048828125,3230.860107421875,0.0,3077.58203125,3036.742041015625,2863.5065307617188,2864.9133341471356,3087.4111673990888,64.01133601056124,108.26987763256102,63.11755506046565,45.15232257209537,2863.5065307617188,3256.6161419294604,2470.396919593977,0.27456519267177704,0.9672406451332028,193.45361630622418,3216.320068359375,2386.64990234375,3674.3701171875,2089.820068359375,0.03511405564206105,0.10076282973240103,0.17276860210899092,-0.06435141961746427
2023-04-07,3209.669921875,3222.340087890625,3034.820068359375,3071.77001953125,0.0,3086.268017578125,3049.392041015625,2880.8935302734376,2860.022001139323,3089.9697509765624,56.81035516589647,106.75815567819654,71.84567518401184,34.912480494184706,2880.8935302734376,3278.523927304509,2483.263133242366,0.27604657572564345,0.74001747688683,193.63836078881533,3233.93994140625,2445.199951171875,3674.3701171875,2089.820068359375,-0.04924078499256779,0.014341167233590246,0.12765644522800423,-0.08720896826944502
2023-04-14,3047.919921875,3146.0,3036.030029296875,3070.449951171875,0.0,3115.572021484375,3048.226025390625,2896.8525268554686,2854.7911661783855,3092.6381673177084,56.75330408228273,104.25183637840883,78.32690742289124,25.924928955517586,2896.8525268554686,3297.997202488594,2495.707851222343,0.2769520863863705,0.7163775750512181,187.66204721126604,3233.93994140625,2445.199951171875,3633.139892578125,2089.820068359375,-0.0004297419243568523,0.05011064661492659,0.11601185248077006,-0.09273707801556375
2023-04-21,3033.3701171875,3116.360107421875,2995.909912109375,3021.43994140625,0.0,3103.156005859375,3049.255029296875,2909.3625244140626,2847.6039998372394,3094.5210001627606,54.56249920626367,97.19051037728968,82.09962801377092,15.090882363518759,2909.3625244140626,3309.662104147484,2509.062944680641,0.2751802680994805,0.6399919243817657,182.86120064706847,3233.93994140625,2445.199951171875,3633.139892578125,2089.820068359375,-0.01596183313358346,-0.0201328604101092,0.09028447628266023,-0.12489754023013211
2023-04-28,3017.919921875,3031.860107421875,2867.510009765625,2994.969970703125,0.0,3077.897998046875,3048.1650146484376,2923.060021972656,2843.204833984375,3095.0085001627604,53.36433320907909,88.43898367784686,83.36749914658613,5.071484531260737,2923.060021972656,3315.3104712014665,2530.809572743846,0.2683834380958734,0.5916633095919309,181.53897900486714,3233.93994140625,2445.199951171875,3633.139892578125,2089.820068359375,-0.008760713837259071,-0.04046123638125976,0.10067913841334697,-0.0809930766939535
2023-05-05,3007.22998046875,3034.18994140625,2913.110107421875,3007.68994140625,0.0,3033.26396484375,3055.422998046875,2941.639514160156,2840.9305013020835,3095.1328328450522,53.88835659653362,81.58922129217581,83.01184357570406,-1.4226222835282556,2941.639514160156,3312.3723961929663,2570.906632127346,0.2520586769712707,0.5890808860599643,177.22046864626057,3233.93994140625,2445.199951171875,3633.139892578125,2089.820068359375,0.004247111265739623,-0.06907453699495136,0.1409619627419989,-0.043401226142487204
2023-05-12,3009.840087890625,3025.989990234375,2944.070068359375,2972.85009765625,0.0,3013.47998046875,3049.8739990234376,2963.50751953125,2833.2730021158854,3094.286584472656,52.15957051544511,72.51355984993006,80.91218683054926,-8.398626980619198,2963.50751953125,3284.027977742763,2642.987061319737,0.21631155385913173,0.5145740745803418,170.41328673402768,3233.93994140625,2445.199951171875,3633.139892578125,2089.820068359375,-0.011583588876754591,-0.0322029062221576,0.17249530035866822,-0.13386066038391453
2023-05-19,2979.510009765625,3229.6298828125,2971.760009765625,3203.489990234375,0.0,3040.08798828125,3077.8300048828123,2997.076513671875,2827.9088338216147,3096.9233337402343,61.0645751146243,82.97525744585573,81.32480095361055,1.6504564922451834,2997.076513671875,3266.378252388295,2727.774774955455,0.1797096186820298,0.8832382916395822,176.66018575637392,3233.93994140625,2445.199951171875,3633.139892578125,2089.820068359375,0.07758207948660378,0.04332916711823409,0.2651464013530125,-0.09129618409349771
2023-05-26,3180.570068359375,3563.330078125,3091.2900390625,3545.669921875,0.0,3144.933984375,3124.0449951171877,3042.5550048828127,2830.8926676432293,3101.595499674479,69.98969849368174,117.52256199011163,88.56435316091077,28.958208829200856,3042.5550048828127,3356.211512459621,2728.898497306004,0.20617967929811631,1.3020157478623078,197.75874670681148,3233.93994140625,2489.280029296875,3633.139892578125,2089.820068359375,0.10681473414424203,0.1735033595355071,0.34504373526158827,0.05317765933076268
2023-06-02,3628.469970703125,3643.93994140625,3437.889892578125,3501.39990234375,0.0,3246.219970703125,3162.058984375,3077.592004394531,2837.2466674804687,3103.941581217448,67.8235429212488,139.7187384996132,98.79523022865126,40.923508270961946,3077.592004394531,3429.5509795745334,2725.633029214529,0.22872360902773056,1.102070024968778,198.35098257261959,3563.330078125,2663.39990234375,3563.330078125,2089.820068359375,-0.012485657296559483,0.16909349228691295,0.25020531311372185,0.12218604205341466
2023-06-09,3488.590087890625,3580.429931640625,3417.510009765625,3524.969970703125,0.0,3349.6759765625,3191.469970703125,3114.106005859375,2845.5258341471354,3106.4541646321613,68.38457838109122,157.3969023177806,110.51556464647715,46.88133767130344,3114.106005859375,3491.6834475808528,2736.528564137897,0.2424949189340656,1.0440790675556648,195.82019252278963,3643.93994140625,2704.2900390625,3643.93994140625,2089.820068359375,0.006731612788244412,0.17198582279894836,0.2613098571247614,0.16404026286262785
2023-06-16,3567.820068359375,3743.72998046875,3565.97998046875,3673.139892578125,0.0,3489.733935546875,3251.6069580078124,3150.4994995117186,2856.9143310546874,3111.5001627604165,71.72250590269715,181.27344150075805,124.66714001733334,56.606301483424716,3150.4994995117186,3591.0326290492594,2709.9663699741777,0.2796592283895408,1.093190793181729,197.45875089727787,3643.93994140625,2818.43994140625,3643.93994140625,2089.820068359375,0.04203437847881708,0.23556175788142597,0.24713179715954126,0.22854469872804484
2023-06-23,3666.2099609375,3693.409912109375,3489.1298828125,3506.7099609375,0.0,3550.3779296875,3295.232958984375,3171.7294921875,2866.6971638997397,3116.383162434896,63.59998224146887,184.63787575539664,136.661287164946,47.97658859045063,3171.7294921875,3637.248927485141,2706.210056889859,0.2935429622509064,0.8597921411549899,197.94598506867766,3743.72998046875,2859.179931640625,3743.72998046875,2089.820068359375,-0.04530998995625246,0.09465301019434147,0.13776271408771779,0.20103501430482074
2023-06-30,3527.64990234375,3685.760009765625,3515.510009765625,3673.06005859375,0.0,3575.85595703125,3360.394970703125,3204.825,2878.213830566406,3122.2829121907553,67.5550907486143,198.43978644308572,149.01698702057396,49.42279942251176,3204.825,3712.206907953102,2697.4430920468976,0.31663626435334363,0.9614226988135233,196.59627533720962,3743.72998046875,2861.449951171875,3743.72998046875,2089.820068359375,0.04743765509816411,0.035928368834565516,0.21981972924522863,0.23171900847827143
2023-07-07,3691.280029296875,3713.909912109375,3532.68994140625,3577.72998046875,0.0,3591.12197265625,3418.6709716796877,3233.4179931640624,2888.336494954427,3127.002577718099,63.30969115273329,199.38714856799288,159.09101933005775,40.29612923793513,3233.4179931640624,3756.9265215554365,2709.9094647726884,0.323811229787272,0.8288504089538734,195.49796786334642,3743.72998046875,2861.449951171875,3743.72998046875,2089.820068359375,-0.02595385771108183,0.02179987440849196,0.19024769567100308,0.20447278935607183
2023-07-14,3587.050048828125,3828.159912109375,3586.409912109375,3750.409912109375,0.0,3636.2099609375,3492.94296875,3274.1829833984375,2902.7991617838543,3132.3703267415362,67.31639339846372,211.63220291561356,169.59925604716892,42.03294686844464,3274.1829833984375,3824.7033295211068,2723.6626372757682,0.3362795231140422,0.9325243672327622,199.42167956172347,3743.72998046875,2861.449951171875,3743.72998046875,2089.820068359375,0.048265221965689165,0.06395513813732756,0.27777486187856804,0.3010285810497102
2023-07-21,3756.360107421875,3855.47998046875,3647.9599609375,3698.85009765625,0.0,3641.352001953125,3565.54296875,3307.7084838867186,2912.524161783854,3136.1926615397138,65.03278203152823,214.70110983654195,178.61962680504354,36.08148303149841,3307.7084838867186,3875.6499425733887,2739.7670252000485,0.3434047839786118,0.8443502915547163,200.00013241668964,3828.159912109375,2861.449951171875,3828.159912109375,2089.820068359375,-0.013747781085648225,0.006999516988197119,0.22141172731780778,0.18729837151817397
2023-07-28,3702.409912109375,3862.25,3662.0,3851.760009765625,0.0,3710.36201171875,3630.369970703125,3354.099987792969,2925.676993815104,3140.8362447102863,68.45097285770507,226.85672950312755,188.26704734466034,38.58968215846721,3354.099987792969,3940.3508138783736,2767.8491617075642,0.34957265926420017,0.9244429174588125,200.0179801012118,3855.47998046875,2861.449951171875,3855.47998046875,2089.820068359375,0.04133985105432236,0.09839708806025049,0.31732295226527274,0.2576805577068084
2023-08-04,3867.639892578125,3875.169921875,3658.429931640625,3699.199951171875,0.0,3715.589990234375,3645.7229736328127,3384.883984375,2940.1306599934896,3144.5539103190104,61.944740719839146,221.62506810618652,194.93865149696558,26.68641660922094,3384.883984375,3975.710106346169,2794.057862403831,0.34909682263763714,0.7659970125797965,201.21240939643775,3862.25,2861.449951171875,3862.25,2089.820068359375,-0.039607882684007945,0.007116652644153287,0.19966788856270168,0.3062239057776046
2023-08-11,3730.93994140625,3740.409912109375,3504.639892578125,3514.550048828125,0.0,3702.95400390625,3647.03798828125,3404.548486328125,2955.7308268229167,3147.2003275553384,55.116280969183535,200.27063955288486,196.00504910814945,4.265590444735409,3404.548486328125,3985.0584978797056,2824.0384747765443,0.34102026385159373,0.594745620498421,203.68081012035293,3875.169921875,2867.510009765625,3875.169921875,2089.820068359375,-0.0499161723564725,-0.017659223022847392,0.1260036132305531,0.3629999905318273
2023-08-18,3492.1201171875,3616.0,3405.35009765625,3462.739990234375,0.0,3645.42001953125,3640.814990234375,3416.14248046875,2968.1353271484377,3150.1482442220054,53.33956712739806,177.1246792936422,192.22897514524803,-15.104295851605826,3416.14248046875,3991.55355990939,2840.7314010281098,0.33687768161337606,0.5404906261197845,204.17860242202414,3875.169921875,2867.510009765625,3875.169921875,2089.820068359375,-0.014741590779458469,-0.07670359470471944,0.07177032588932875,0.2737826893628501
2023-08-25,3481.22998046875,3663.949951171875,3425.7900390625,3495.64990234375,0.0,3604.77998046875,3623.0659912109377,3437.336474609375,2985.421826171875,3153.345076497396,54.34629236496612,159.5971572155686,185.70261155931215,-26.10545434374356,3437.336474609375,3991.2741754826075,2883.398773736142,0.322306358405709,0.5526353664342122,206.6058388282635,3875.169921875,2867.510009765625,3875.169921875,2089.820068359375,0.009504009022389015,-0.05493604497280291,0.13799206324605762,0.42188604162206156
2023-09-01,3528.409912109375,3705.580078125,3503.2900390625,3682.840087890625,0.0,3570.99599609375,3640.67900390625,3467.9559814453123,3003.168827311198,3159.190244547526,59.67560381221245,158.97854751465638,180.35779875038102,-21.379251235724638,3467.9559814453123,4004.8265619989847,2931.08540089164,0.30961787486698444,0.7001265428100973,206.84329146776255,3875.169921875,2867.510009765625,3875.169921875,2089.820068359375,0.05354946598667354,-0.04385525615477759,0.19944638292671857,0.40672724441199204
2023-09-08,3669.659912109375,3711.550048828125,3536.56005859375,3565.989990234375,0.0,3544.35400390625,3629.9719970703127,3495.183483886719,3017.7058268229166,3163.4726603190106,55.33337322026367,147.3607851437605,173.7583960290569,-26.397610885296416,3495.183483886719,3992.487707959537,2997.8792598139007,0.2845654463437812,0.5711903327180348,204.56805566537776,3875.169921875,2867.510009765625,3875.169921875,2089.820068359375,-0.03172825723290551,-0.03601047866993512,0.18022865236059538,0.32379155027306394
2023-09-15,3605.6298828125,3607.580078125,3461.159912109375,3476.389892578125,0.0,3536.72197265625,3619.83798828125,3519.2544799804687,3028.2721598307294,3165.887908935547,52.19701394336183,129.43163834334382,164.8930444919143,-35.46140614857049,3519.2544799804687,3960.8671699356446,3077.6417900252927,0.2509694553021507,0.4514681208473714,200.4146349761097,3875.169921875,2867.510009765625,3875.169921875,2089.820068359375,-0.025126289726450146,-0.010857764356698829,0.1607428209912829,0.22304312188324316
2023-09-22,3446.800048828125,3504.030029296875,3337.860107421875,3365.2900390625,0.0,3517.231982421875,3581.3260009765627,3537.134484863281,3034.907995605469,3167.147493489583,48.524295897180984,105.046915203955,152.92381863432246,-47.87690343036746,3537.134484863281,3919.4227844738166,3154.8461852527457,0.21615706230367535,0.27524234200229064,197.9685840403162,3875.169921875,2913.110107421875,3875.169921875,2089.820068359375,-0.031958398496329865,-0.02814243964222074,0.11889526667401551,0.13418650987110192
2023-09-29,3349.469970703125,3481.7900390625,3310.14990234375,3434.2900390625,0.0,3504.960009765625,3554.8699951171875,3560.2064819335938,3041.2563313802084,3169.016076660156,50.837918305858835,90.24923279897575,140.38890146725313,-50.13966866827738,3560.2064819335938,3847.3425087591304,3273.070455108057,0.1613030189583776,0.28073729677328096,196.08798066020432,3875.169921875,2944.070068359375,3875.169921875,2089.820068359375,0.020503433344253974,-0.017553206126308507,0.15521803193845596,0.12474664549398984
2023-10-06,3440.1201171875,3491.989990234375,3355.409912109375,3475.2099609375,0.0,3463.433984375,3517.214990234375,3573.79248046875,3048.045829264323,3171.702742513021,52.209747066934206,80.89139296972962,128.48939976774844,-47.598006798018815,3573.79248046875,3814.009738596917,3333.575222340583,0.13443268429321859,0.2948055016957781,191.837416193404,3875.169921875,2971.760009765625,3875.169921875,2089.820068359375,0.011915103677780925,-0.05637771991127827,0.08481998430819049,0.13278719274021
2023-10-13,3441.93994140625,3596.780029296875,3414.300048828125,3452.969970703125,0.0,3440.82998046875,3492.5919921875,3569.1574829101564,3056.3729939778646,3173.465159098307,51.37073178396332,70.86378256664148,116.96427632752705,-46.10049376088557,3569.1574829101564,3814.8805758541916,3323.434389966121,0.1376924913627974,0.2635803969114662,191.1690279273573,3875.169921875,3091.2900390625,3875.169921875,2089.820068359375,-0.006399610522633048,-0.03169386897909432,-0.0261445518659148,0.16917451696846486
2023-10-20,3462.010009765625,3512.989990234375,3312.25,3316.139892578125,0.0,3408.77998046875,3472.7509765625,3559.894482421875,3065.001326497396,3173.467740885417,46.42735317667975,51.284608268590546,103.82834271573975,-52.543734447149205,3559.894482421875,3828.077233456393,3291.7117313873573,0.15066893266570486,0.04554387091737966,191.85266809214426,3875.169921875,3310.14990234375,3875.169921875,2089.820068359375,-0.039626779058590356,-0.046096670670376705,-0.05291026873040594,0.18499591272690474
2023-10-27,3300.3701171875,3356.949951171875,3173.550048828125,3227.090087890625,0.0,3381.139990234375,3449.185986328125,3545.00048828125,3075.4651611328127,3173.040242513021,43.49394181149787,28.25667124212805,88.71400842101743,-60.457337178889375,3545.00048828125,3849.865167125327,3240.135809437173,0.1719969742468988,-0.021395921620064588,191.2488991101161,3875.169921875,3310.14990234375,3875.169921875,2089.820068359375,-0.026853452379015375,-0.04106628242074928,-0.08450565119369857,0.24154185259119632
2023-11-03,3204.85009765625,3477.449951171875,3151.0,3454.570068359375,0.0,3385.19599609375,3445.0780029296875,3534.0719970703126,3087.678495279948,3175.616243489583,51.86129896079107,28.03937803950521,76.57908234471498,-48.53970430520977,3534.0719970703126,3835.4294849627654,3232.71450917786,0.17054405690788033,0.3680936563631863,200.90611711452743,3875.169921875,3173.550048828125,3875.169921875,2089.820068359375,0.07049074375777398,0.005905159164253604,-0.05950490060571556,0.2692365789797073
2023-11-10,3459.449951171875,3600.39990234375,3413.320068359375,3591.739990234375,0.0,3408.502001953125,3435.9679931640626,3538.3234985351564,3104.8218302408854,3178.2135762532553,56.08423176630181,38.49192695580314,68.96165126693262,-30.469724311129482,3538.3234985351564,3840.4152358152,3236.231761255113,0.17075416501917232,0.5884110439103151,199.9185254623737,3875.169921875,3151.0,3875.169921875,2089.820068359375,0.039706799735037324,0.033531795375447926,0.024247807843835067,0.4013047046845486
2023-11-17,3562.5,3754.669921875,3535.1298828125,3748.64990234375,0.0,3467.63798828125,3454.233984375,3542.102990722656,3127.150996907552,3181.481241861979,60.367252310419154,58.75962149489487,66.92124531252507,-8.1616238176302,3542.102990722656,3852.6169688180394,3231.589012627273,0.17532747009822686,0.8325887499300387,201.320062148097,3875.169921875,3151.0,3875.169921875,2089.820068359375,0.043686322655871246,0.08563061195125776,0.02057952838890964,0.5561667376450488
2023-11-24,3747.52001953125,3817.830078125,3714.760009765625,3747.929931640625,0.0,3553.99599609375,3481.38798828125,3550.61298828125,3151.171496582031,3184.280240885417,60.33817387976683,73.91181047661348,68.31935834534275,5.592452131270733,3550.61298828125,3873.642924665925,3227.5830518965754,0.18195727749029855,0.8054158781191153,194.30220544890258,3875.169921875,3151.0,3875.169921875,2089.820068359375,-0.00019206133458204988,0.1302086320389837,0.04757205046244861,0.6248016694744198
2023-12-01,3734.530029296875,3809.7099609375,3675.2900390625,3738.27001953125,0.0,3656.231982421875,3518.685986328125,3550.005993652344,3174.1968302408854,3187.640490722656,59.921119670336964,84.17029249656707,71.48954517558761,12.680747320979464,3550.005993652344,3871.5742385896283,3228.4377487150596,0.1811649025451059,0.7927279494211614,190.0248994793381,3875.169921875,3151.0,3875.169921875,2089.820068359375,-0.0025773993339162082,0.1584027460400883,-0.0032369508567390293,0.5861971017423357
2023-12-08,3699.6298828125,3791.60009765625,3638.72998046875,3774.169921875,0.0,3720.151953125,3552.673974609375,3553.7719848632814,3201.060994466146,3191.9544067382812,60.9999914289186,94.11216899550163,76.01406993957042,18.098099055931215,3553.7719848632814,3883.8755826575784,3223.6683870689844,0.18577646466926975,0.8338314675822752,187.37098645849252,3875.169921875,3151.0,3875.169921875,2089.820068359375,0.009603346509531097,0.09251508789555607,0.020363037763134972,0.7454261175768442
2023-12-15,3812.5400390625,4161.919921875,3809.31005859375,4117.0,0.0,3825.203955078125,3616.852978515625,3567.033984375,3230.7328287760415,3197.6256571451822,69.45577240877319,128.17715346480327,86.44668664461699,41.73046682018628,3567.033984375,3959.3994384640077,3174.668530285992,0.21999535513691298,1.2008338908198588,201.6837731400288,3875.169921875,3151.0,3875.169921875,2183.169921875,0.0908358884792031,0.14624110074608976,0.06886202399991026,0.761894005296371
2023-12-22,4114.10986328125,4153.25,4006.68994140625,4132.85009765625,0.0,3902.043994140625,3684.8409912109373,3588.7164916992188,3259.052665201823,3203.4753255208334,69.78197901314383,154.66993081401642,100.09133547849689,54.57859533551954,3588.7164916992188,4049.8088157742172,3127.6241676242203,0.25696781851757605,1.0900484323271078,197.74636495815173,4161.919921875,3151.0,4161.919921875,2259.8701171875,0.0038499144173549382,0.10249028458813614,0.11722809045426108,0.6982036302985744
2023-12-29,4155.72998046875,4233.72998046875,4155.2001953125,4175.47021484375,0.0,3987.55205078125,3770.7740234375,3621.7625,3288.6731689453127,3209.7987447102864,70.68848210941954,177.06365539813987,115.48579946242549,61.57785593571438,3621.7625,4147.113649934579,3096.41135006542,0.29010800676995235,1.0269882010467681,190.82733051917663,4161.919921875,3151.0,4161.919921875,2259.8701171875,0.01031252433076868,0.1140737129565208,0.1880525691292969,0.7410560376969153
2024-01-05,4100.169921875,4105.759765625,3875.179931640625,3933.489990234375,0.0,4026.596044921875,3841.414013671875,3645.3,3308.316337076823,3214.0681620279947,59.73223203920003,173.28751109608584,127.04614178915756,46.24136930692828,3645.3,4182.100660416619,3108.4993395833812,0.2945165887123796,0.7684329691497647,198.64611285374437,4233.72998046875,3151.0,4233.72998046875,2386.64990234375,-0.057952808224840835,0.05222200902641161,0.1359472560248849,0.4278159387525955
2024-01-12,3956.159912109375,4094.780029296875,3956.050048828125,4052.429931640625,0.0,4082.248046875,3901.2,3673.1390014648437,3330.456335449219,3219.0557454427085,62.78545501252528,177.84229352322473,137.205372135971,40.63692138725372,3673.1390014648437,4233.252235476784,3113.0257674529034,0.3049779677755554,0.838584153296131,195.9778218686555,4233.72998046875,3151.0,4233.72998046875,2445.199951171875,0.03023776384369614,0.07372747266964219,0.15927797258059728,0.487659786440253
2024-01-19,4050.0400390625,4380.7900390625,4001.35009765625,4375.64990234375,0.0,4133.97802734375,3979.5909912109373,3707.7794921875,3357.529333496094,3228.3429951985677,69.54369139809526,205.16809173706451,150.7979160561897,54.37017568087481,3707.7794921875,4346.224847312321,3069.334137062679,0.3443815126924679,1.0230443019087172,209.08225897848368,4233.72998046875,3151.0,4233.72998046875,2445.199951171875,0.07975954579238564,0.06282484875971583,0.18811835374854335,0.5904109270558819
2024-01-26,4410.06005859375,4566.56005859375,4330.9599609375,4342.10009765625,0.0,4175.82802734375,4038.9360107421876,3746.584997558594,3383.7103352864583,3237.474912516276,68.16003903742899,221.5627572943513,164.95088430382202,56.611872990529264,3746.584997558594,4437.9898543709105,3055.180140746277,0.36908537095133853,0.9306558554153388,210.97639031260985,4380.7900390625,3151.0,4380.7900390625,2445.199951171875,-0.007667387802102188,0.05063091935482156,0.21764225630113598,0.5668437641479838
2024-02-02,4354.990234375,4388.35009765625,4220.9501953125,4336.72998046875,0.0,4208.07998046875,4097.816015625,3789.602001953125,3410.6388346354165,3245.994246419271,67.92707407586332,231.45426361294494,178.25156016564662,53.20270344729832,3789.602001953125,4514.648184327095,3064.5558195791555,0.38265030575785414,0.8773056060540866,207.86378402911987,4566.56005859375,3151.0,4566.56005859375,2445.199951171875,-0.0012367557326462553,0.038620743851009554,0.24748089669901452,0.5937883401592312
2024-02-09,4370.759765625,4574.93017578125,4291.8798828125,4567.2998046875,0.0,4334.841943359375,4180.718994140625,3849.702490234375,3442.8254964192706,3255.969411214193,72.30410460407649,254.95939826048516,193.59312778461432,61.366270475870834,3849.702490234375,4621.841297647682,3077.563682821068,0.40114206714519285,0.964681549200397,213.23424895337916,4566.56005859375,3151.0,4566.56005859375,2445.199951171875,0.05316674666330701,0.16113167086395963,0.35717865374832747,0.7325972593940098
2024-02-16,4566.18017578125,4644.0400390625,4408.4599609375,4527.68017578125,0.0,4429.8919921875,4256.07001953125,3904.3719970703123,3476.0286661783853,3264.9394958496096,70.52310013974223,267.30904163842433,208.33631055537634,58.97273108304799,3904.3719970703123,4705.40917817059,3103.3348159700345,0.4103283097519113,0.8890632004464403,214.83037960849495,4574.93017578125,3151.0,4574.93017578125,2445.199951171875,-0.008674628467697176,0.11727537604782712,0.31837443089612383,0.7857219682270256
2024-02-23,4489.8798828125,4709.52001953125,4383.91015625,4615.02978515625,0.0,4477.76796875,4305.872998046875,3961.36298828125,3510.743994140625,3272.0934936523436,72.15177652093476,280.9064912819563,222.85034670069234,58.056144581263936,3961.36298828125,4793.732834497561,3128.993142064939,0.42024416781732915,0.8926540586773785,222.7431998708346,4644.0400390625,3151.0,4644.0400390625,2445.199951171875,0.01929235413804986,0.05470727506884865,0.32798588776813453,0.8226023314030158
2024-03-01,4658.91015625,4950.259765625,4583.81982421875,4929.580078125,0.0,4595.26396484375,4385.54599609375,4035.193493652344,3548.9686604817707,3281.5524943033856,77.06592273162576,313.4508812818658,240.97045361692705,72.48042766493876,4035.193493652344,4933.431747873028,3136.9552394316597,0.4452020730275656,0.9978559865770971,233.00725283765,4709.52001953125,3151.0,4709.52001953125,2489.280029296875,0.0681578034405037,0.13529858069966094,0.42763479553840256,0.8700276527844588
2024-03-08,4973.52001953125,5217.830078125,4829.35986328125,4957.77978515625,0.0,4719.47392578125,4463.776953125,4117.27548828125,3584.9206583658856,3290.267159016927,77.45010236605863,337.62608219845424,260.3015793332325,77.32450286522175,4117.27548828125,5037.442659390395,3197.108317172104,0.446978674965113,0.9567128252694986,244.1117501238,4950.259765625,3151.0,4950.259765625,2663.39990234375,0.005720508965131987,0.14320693413805108,0.4950454280449055,0.7702184273499297
2024-03-15,4888.3701171875,4993.0,4719.72021484375,4757.7099609375,0.0,4757.55595703125,4546.198950195312,4193.806481933594,3617.637658691406,3298.6053263346353,68.66207018678455,336.7591900193747,275.59310147046097,61.16608854891376,4193.806481933594,5057.996799033318,3329.6161648338702,0.4121269404406475,0.8262611648417914,246.19518119754645,5217.830078125,3151.0,5217.830078125,2704.2900390625,-0.04035472184903521,0.041689874628895396,0.4743034223898468,0.7024106647564219
2024-03-22,4834.080078125,4983.4599609375,4620.52001953125,4908.259765625,0.0,4833.671875,4631.78193359375,4266.490966796875,3650.3541544596355,3307.8029907226564,71.30095468339576,344.2519604522122,289.3248732668112,54.92708718540098,4266.490966796875,5114.127310221477,3418.8546233722727,0.3973458985480879,0.8785637577992848,254.5340926410253,5217.830078125,3151.0,5217.830078125,2818.43994140625,0.03164333385674367,0.08405619987902102,0.4208019141310986,0.6664888900088579
2024-03-29,4838.31005859375,4943.25,4815.06005859375,4905.2099609375,0.0,4891.70791015625,4684.737939453125,4332.164465332031,3680.739152018229,3316.057491048177,71.17020975893814,345.95597611025005,300.651093835499,45.30488227475104,4332.164465332031,5163.891554992837,3500.437375671225,0.3839776150313166,0.8444913017316581,245.50951040996992,5217.830078125,3413.320068359375,5217.830078125,2859.179931640625,-0.0006213617113053349,0.06287720541145436,0.3656918302199865,0.5915102932648348
2024-04-05,4921.52978515625,5030.52001953125,4750.990234375,4819.1298828125,0.0,4869.61787109375,4732.44091796875,4385.688464355469,3710.8721516927085,3324.8749064127605,67.41281140043843,336.4817260077407,307.81722026994737,28.66450573779332,4385.688464355469,5197.870643617175,3573.506285093762,0.3703784187420922,0.7668375578315695,247.9395300347042,5217.830078125,3535.1298828125,5217.830078125,2861.449951171875,-0.01754870409431941,-0.022405599171138824,0.28556413865148067,0.6004284207377042
2024-04-12,4848.669921875,4911.5400390625,4735.490234375,4745.0498046875,0.0,4827.071875,4773.272900390625,4435.544458007813,3739.8584798177085,3331.647072347005,64.2681888861679,319.3148089999886,310.11673801595566,9.198070984032938,4435.544458007813,5206.374100194057,3664.714815821569,0.34756934553755126,0.7007611862212908,242.80454965276104,5217.830078125,3638.72998046875,5217.830078125,2861.449951171875,-0.015372085817650927,-0.04290831575570786,0.2660454947754036,0.5785944234767193
2024-04-19,4804.240234375,4827.89013671875,4288.0,4306.8701171875,0.0,4736.90390625,4747.229931640625,4463.974462890625,3762.7211466471354,3334.6529073079428,49.54605786267251,267.27152505944287,301.5476954246531,-34.27617036521025,4463.974462890625,5168.969757377739,3758.9791684035104,0.3158599137821224,0.3885777345383428,264.0249487289031,5217.830078125,3638.72998046875,5217.830078125,2861.449951171875,-0.092344591845408,-0.09475984190956499,0.15210246843740527,0.46736236787060226
2024-04-26,4351.22998046875,4756.91015625,4299.72021484375,4735.2900390625,0.0,4702.3099609375,4767.99091796875,4512.03046875,3791.1703125,3342.477657063802,59.350664372796786,257.62699123782477,292.76355458728744,-35.136563349462676,4512.03046875,5150.26021881332,3873.8007186866803,0.2829013476232721,0.6749053301654695,277.82244820585646,5217.830078125,3638.72998046875,5217.830078125,2861.449951171875,0.09947361081665718,-0.035240540399653186,0.25465735170450876,0.5636586055831141
2024-05-03,4735.3701171875,4803.0498046875,4482.1201171875,4716.18994140625,0.0,4664.50595703125,4778.10693359375,4541.989965820312,3821.0413126627604,3349.2741556803385,58.80203627879545,245.61115790371787,283.33307525057353,-37.72191734685566,4541.989965820312,5159.13932522527,3924.840606415354,0.2717528502040611,0.6411327524943862,280.9015367268667,5217.830078125,3809.31005859375,5217.830078125,2861.449951171875,-0.004033564469903439,-0.03853454205559104,0.1455404278373209,0.6129627082958118
2024-05-10,4749.89013671875,4857.83984375,4737.27978515625,4808.02978515625,0.0,4662.2859375,4765.951904296875,4575.748950195312,3849.7831420898438,3360.7178202311197,60.6839618271278,240.72431125558614,274.8113224515761,-34.08701119598993,4575.748950195312,5173.2361939587445,3978.2617064318806,0.26115385711356764,0.6943814176666392,270.95499141378696,5217.830078125,3875.179931640625,5217.830078125,2861.449951171875,0.019473313180981666,-0.002303340629153494,0.16336902417121202,0.5592666026819428
2024-05-17,4828.58984375,5084.56982421875,4811.0,4983.02001953125,0.0,4709.87998046875,4768.475927734375,4616.126440429687,3880.8124755859376,3374.7146545410155,64.05336009638589,248.1116231907472,269.47138259941033,-21.359759408663137,4616.126440429687,5209.084256111539,4023.1686247478356,0.2569070944368052,0.8093757847509491,271.353923388695,5217.830078125,3875.179931640625,5217.830078125,2867.510009765625,0.03639541396254331,0.05015125755027183,0.19340332061684196,0.596477065012416
2024-05-24,5002.0498046875,5255.64013671875,4999.41015625,5220.919921875,0.0,4892.68994140625,4814.796923828125,4680.497937011719,3913.9801391601563,3389.446736653646,68.0608389466925,270.049690299099,269.5870441393481,0.4626461597508751,4680.497937011719,5241.729385971992,4119.266488051446,0.23981698379664,0.9814608891433799,271.4443658028954,5217.830078125,3875.179931640625,5217.830078125,2867.510009765625,0.0477421124962949,0.2122306407708432,0.3272996587856867,0.6159535691073701
2024-05-31,5286.02001953125,5343.68017578125,4988.0498046875,5123.35986328125,0.0,4970.30390625,4836.30693359375,4734.04443359375,3948.173303222656,3404.0976521809894,64.86709664976449,276.3775764899119,270.9451506094609,5.432425880451035,4734.04443359375,5247.70120945763,4220.38765772987,0.2170054730449366,0.8789645615330781,277.45765189509933,5255.64013671875,3956.050048828125,5255.64013671875,2867.510009765625,-0.01868637329314049,0.08195270427312207,0.26426858692336697,0.6678852357778631
2024-06-07,5215.08984375,5353.47998046875,5059.91015625,5287.240234375,0.0,5084.51396484375,4874.5099609375,4779.623950195312,3985.119807942708,3419.955487060547,67.61607679106547,291.2587981056913,275.007880108707,16.2509179969843,4779.623950195312,5319.113620949784,4240.134279440841,0.22574565546413994,0.9704596878284908,278.6085213467887,5343.68017578125,4001.35009765625,5343.68017578125,2867.510009765625,0.03198689443391811,0.1210829716494577,0.2083325568489771,0.7219757098978472
2024-06-14,5243.72021484375,5624.009765625,5238.83984375,5598.31005859375,0.0,5242.57001953125,4952.427978515625,4842.4344482421875,4028.0676432291666,3437.835821533203,72.08152345112264,324.41337312005453,284.8889787109765,39.52439440907801,4842.4344482421875,5451.558766177346,4233.310130307029,0.2515777237444161,1.1204608715293696,286.22004995594665,5353.47998046875,4220.9501953125,5353.47998046875,2867.510009765625,0.05883406284366077,0.16436675909898035,0.28930930487198325,0.8528616047844271
2024-06-21,5639.9599609375,5792.85986328125,5482.4501953125,5538.5400390625,0.0,5353.6740234375,5031.777001953125,4902.524951171875,4070.460477701823,3456.832655843099,70.08188527859011,341.92418249212005,296.2960194672052,45.62816302491484,4902.524951171875,5536.8388777883865,4268.211024555363,0.2587703001755814,1.0013409458650764,287.94787981400407,5624.009765625,4220.9501953125,5624.009765625,2867.510009765625,-0.01067643965869658,0.1114825983748522,0.27712356176343,0.8492806583173269
2024-06-28,5485.18017578125,5583.1298828125,5361.81005859375,5472.259765625,0.0,5403.9419921875,5148.315966796875,4947.77294921875,4111.536641438802,3476.233571370443,67.83456944497479,346.4595904439702,306.32873366255825,40.13085678141198,4947.77294921875,5608.536904185688,4287.008994251812,0.2670955040777579,0.8968791067246494,283.1887329857716,5792.85986328125,4288.0,5792.85986328125,2913.110107421875,-0.011967101974533878,0.04814091146981925,0.19813894415442657,0.8194228368720868
2024-07-05,5472.0,5703.52978515625,5371.10986328125,5656.31005859375,0.0,5510.53203125,5240.41796875,5004.204443359375,4156.260974121094,3494.7669881184897,70.64916324886843,360.74678995424983,317.21234492089656,43.53444503335328,5004.204443359375,5703.475727964419,4304.93315875433,0.279473507735274,0.9662751278301749,286.7052464778593,5792.85986328125,4288.0,5792.85986328125,2944.070068359375,0.033633325326567265,0.10402357233035997,0.2492733229810684,0.9026556579671134
2024-07-12,5701.2998046875,5931.830078125,5682.10986328125,5775.18994140625,0.0,5608.12197265625,5346.31796875,5062.212451171875,4199.122639973958,3513.5157368977866,72.3331644080252,377.3126857498628,329.2324130866898,48.08027266317299,5062.212451171875,5813.286986963031,4311.137915380718,0.2967376588935088,0.9746383056931552,285.90630169595863,5792.85986328125,4288.0,5792.85986328125,2971.760009765625,0.02101721468254447,0.09228816649163107,0.2513873604849812,0.8027807044852739
2024-07-19,5802.58984375,5854.1201171875,5261.64990234375,5267.16015625,0.0,5541.8919921875,5392.231005859375,5079.091455078125,4227.814143880209,3529.353405761719,57.223307657433686,345.465211722566,332.4789728138651,12.986238908700898,5079.091455078125,5832.65352837387,4325.52938178238,0.2967310511970901,0.6247864693809136,307.803724063658,5931.830078125,4288.0,5931.830078125,3091.2900390625,-0.08796763228752702,-0.05915176167054459,0.06848049383009536,0.48551903372456384
2024-07-26,5382.490234375,5481.97021484375,4906.72998046875,5103.1298828125,0.0,5454.8099609375,5404.2419921875,5086.358959960938,4254.5096435546875,3545.8781555175783,53.34837969829378,303.49152550989766,326.6814833530716,-23.189957843173943,5086.358959960938,5837.901904010469,4334.816015911407,0.29551313620040004,0.5111576610387663,326.90633194303956,5931.830078125,4288.0,5931.830078125,3151.0,-0.031142070598112026,-0.0786146083948327,0.029317578423195156,0.4574541683732245
2024-08-02,5156.0,5240.580078125,4540.68017578125,4607.759765625,0.0,5281.9099609375,5342.9259765625,5078.8614501953125,4272.556140136719,3559.040987141927,43.71985284895024,227.6308614307709,306.87135896861145,-79.24049753784055,5078.8614501953125,5846.195374241339,4311.527526149286,0.30216769312205505,0.19302694054873118,353.5487298288046,5931.830078125,4288.0,5931.830078125,3151.0,-0.09707182230574263,-0.1579786115839228,-0.03151730486802362,0.30717702673248337
2024-08-09,4330.259765625,4746.27001953125,4290.35009765625,4709.4501953125,0.0,5092.53798828125,5301.535009765625,5068.920971679688,4289.827978515625,3573.3711547851562,45.87927321772196,173.71384138452322,280.2398554517938,-106.52601406727058,5068.920971679688,5849.867862723227,4287.974080636149,0.3081314131377182,0.269849409422166,360.8609578321043,5931.830078125,4288.0,5931.830078125,3151.0,0.02206938617897025,-0.16739886135532223,-0.040505103602067494,0.28213199960837954
2024-08-16,4729.27001953125,5190.169921875,4690.2099609375,5170.25,0.0,4971.55,5289.835986328125,5082.1729736328125,4317.553645833334,3592.1254048665364,54.41467405239996,166.2504757235356,257.44197950614216,-91.19150378260656,5082.1729736328125,5860.548743936544,4303.797203329081,0.3063161267206288,0.5565774460918913,370.79660091106115,5931.830078125,4288.0,5931.830078125,3151.0,0.09784577510685888,-0.10474805981168267,0.05403235359406411,0.47438769034031014
2024-08-23,5159.5400390625,5315.72021484375,5072.43017578125,5228.64990234375,0.0,4963.84794921875,5252.869970703125,5102.648974609375,4343.480143229167,3610.8469868977863,55.37522598188064,163.16719881743757,238.58702336840128,-75.41982455096371,5102.648974609375,5873.780959379307,4331.516989839442,0.3022477103978979,0.5816986781918841,361.6889893504497,5931.830078125,4288.0,5931.830078125,3151.0,0.011295373017504051,-0.007311388445356837,0.08497800007254619,0.42351331558285654
2024-08-30,5199.02001953125,5229.10009765625,5005.5,5158.81982421875,0.0,4974.9859375,5214.89794921875,5123.337475585938,4369.831640625,3629.0840677897136,53.91237745519047,153.32158020790212,221.53393473630146,-68.21235452839935,5123.337475585938,5876.987315530187,4369.687635641689,0.2942026924970648,0.5235403411187861,351.82549708657825,5931.830078125,4288.0,5931.830078125,3151.0,-0.013355278978173457,0.010912899080584904,0.08720035332874665,0.44192542544612246
2024-09-06,5058.7099609375,5058.7099609375,4507.68017578125,4528.22021484375,0.0,4959.07802734375,5120.493994140625,5134.40498046875,4382.795145670573,3642.7971537272138,42.89281704696547,93.55627963538336,195.93840371611785,-102.38212408073449,5134.40498046875,5845.043597440344,4423.766363497157,0.2768143999839744,0.07349294624019043,373.2050793259298,5931.830078125,4288.0,5931.830078125,3151.0,-0.12223718425182606,-0.017262087180550112,0.0513946535728822,0.20739341057706007
2024-09-13,4598.27978515625,4991.33984375,4547.18017578125,4980.490234375,0.0,5013.28603515625,5052.91201171875,5146.664990234375,4404.155814615885,3658.33998819987,50.67918334886123,81.74396559233719,173.09951609136172,-91.35555049902453,5146.664990234375,5837.523452653245,4455.806527815505,0.2684684018601368,0.379733140072168,379.6275471530955,5931.830078125,4290.35009765625,5931.830078125,3151.0,0.09987809737006259,0.057552374018580155,0.051781452305938336,0.3464969119810646
2024-09-20,4905.68994140625,5135.89013671875,4850.35986328125,5000.06005859375,0.0,4979.248046875,4975.3990234375,5160.85849609375,4423.2941487630205,3674.4855712890626,50.99056826334558,73.11887400805881,153.10338767470117,-79.98451366664236,5160.85849609375,5826.978935897993,4494.738056289506,0.25814326833740153,0.3793022793691376,372.9063133162673,5931.830078125,4290.35009765625,5931.830078125,3151.0,0.003929296775582625,-0.03291715901673031,0.06019056075227902,0.2981234671726076
2024-09-27,5027.3798828125,5355.97021484375,4984.68017578125,5217.22998046875,0.0,4976.9640625,4970.406005859375,5181.318505859375,4448.594649251302,3694.362654622396,54.42894769827437,82.85215643196534,139.053141426154,-56.20098499418867,5181.318505859375,5827.677478354014,4534.959533364737,0.24949594268860079,0.52777982215577,372.7908651552839,5931.830078125,4290.35009765625,5931.830078125,3151.0,0.04343346266446213,-0.0021841052830637864,0.08510766646575618,0.4103671197378709
2024-10-04,5154.47021484375,5237.0400390625,4987.669921875,5206.83984375,0.0,4986.56806640625,4980.777001953125,5192.509497070312,4476.799479166667,3716.2651529947916,54.232908327881546,88.70492057077354,128.98349725507794,-40.2785766843044,5192.509497070312,5832.46635341981,4552.552640720814,0.2464923200277517,0.5111963381105348,363.9750974432993,5931.830078125,4290.35009765625,5931.830078125,3151.0,-0.001991504449228132,0.009308334302704946,0.044916501106051054,0.4815096588213743
2024-10-11,5169.5,5351.7099609375,5162.72021484375,5335.93994140625,0.0,5148.11201171875,5053.59501953125,5198.260498046875,4508.019478352865,3738.077402750651,56.33724159926281,102.57812054303486,123.70242191266932,-21.124301369634466,5198.260498046875,5841.195572502116,4555.325423591634,0.2473654695438249,0.607071031609242,351.4761437754744,5931.830078125,4290.35009765625,5931.830078125,3151.0,0.024794328523704223,0.17837465676133668,0.02203060404150814,0.540958881248571
2024-10-18,5377.8798828125,5445.080078125,5112.27978515625,5208.6201171875,0.0,5193.73798828125,5103.51201171875,5202.523510742188,4536.568981933594,3760.9954040527346,53.7142041292085,102.12188815578429,119.38631516129232,-17.264427005508026,5202.523510742188,5844.545519850827,4560.501501633548,0.24681176655251638,0.5047479730903436,350.1421544321369,5931.830078125,4290.35009765625,5931.830078125,3151.0,-0.02386080533455104,0.04580470437186346,0.01664147281890238,0.4900291112377255
2024-10-25,5195.18017578125,5287.77001953125,5061.39990234375,5212.830078125,0.0,5236.2919921875,5107.77001953125,5198.803002929688,4562.068815104167,3782.6188212076822,53.79081738541871,100.93649626727438,115.69635138248874,-14.759855115214364,5198.803002929688,5839.679552570873,4557.926453288503,0.2465477338841388,0.5109436639577198,341.3012946289486,5931.830078125,4290.35009765625,5931.830078125,3151.0,0.00080826799474365,0.042553492765663004,-0.014073534197712845,0.41543753019987584
2024-11-01,5199.58984375,5358.0400390625,4911.60986328125,5001.43017578125,0.0,5193.13203125,5085.048046875,5168.959008789063,4585.992818196614,3801.8493225097654,49.37160540570129,81.99368709338705,108.95581852466842,-26.962131431281364,5168.959008789063,5787.853284905079,4550.064732673047,0.23946573190604775,0.3646547241807029,348.8105004255416,5931.830078125,4290.35009765625,5931.830078125,3151.0,-0.04055376814043177,-0.04136290818985733,-0.10661786799326212,0.40253623523282256
2024-11-08,4996.9599609375,5337.91015625,4960.64013671875,5290.52001953125,0.0,5209.86806640625,5098.21806640625,5156.5580078125,4616.2283203125,3822.2502400716144,54.835997436305504,89.27935191904908,105.02052520354455,-15.741173284495474,5156.5580078125,5754.93278501089,4558.1832306141105,0.2320830198329256,0.6119382173376058,350.8433232188065,5931.830078125,4290.35009765625,5931.830078125,3151.0,0.057801435507363275,0.016071202167221355,-0.04478075770546053,0.5218431139804482
2024-11-15,5240.6298828125,5242.6298828125,4816.52978515625,4833.58984375,0.0,5109.398046875,5128.755029296875,5124.62451171875,4640.699983723958,3837.8039896647138,46.32525908963635,57.51979493188719,95.52037914921308,-38.000584217325894,5124.62451171875,5720.3606515646925,4528.8883718728075,0.2324994303421221,0.25573525886476217,359.6395311585346,5931.830078125,4290.35009765625,5931.830078125,3151.0,-0.08636772455153374,-0.09414463115637306,-0.11671045404074598,0.43630706050422274
2024-11-22,4833.4599609375,4989.91015625,4806.0,4955.7998046875,0.0,5058.833984375,5126.285986328125,5089.5989990234375,4666.058479817709,3853.657405598958,48.62204114664551,41.73039765283556,84.76238284993758,-43.03198519710202,5089.5989990234375,5636.551331818491,4542.646666228384,0.21492944057085822,0.3776866041943797,347.08743295078216,5931.830078125,4290.35009765625,5931.830078125,3151.0,0.025283477681814936,-0.048538827330820045,-0.12384580170635273,0.4430347315803138
2024-11-29,5001.14990234375,5036.27978515625,4770.2998046875,4926.56005859375,0.0,5001.57998046875,5118.935986328125,5047.167504882813,4690.247648111979,3869.146738688151,48.0918010729425,26.551711803901526,73.12024864073038,-46.568536836828855,5047.167504882813,5498.016125523649,4596.318884241977,0.1786541144927997,0.3662439666360391,341.2940434877799,5931.830078125,4290.35009765625,5931.830078125,3151.0,-0.005900106389707949,-0.05491643027700954,-0.14694406442428798,0.4176294710161117
2024-12-06,4957.02001953125,5143.8798828125,4956.41015625,5061.2998046875,0.0,5013.55390625,5103.34296875,5036.874487304687,4717.053145345052,3886.713069661458,50.75677322314621,25.105465179834937,63.51729194855129,-38.41182676871635,5036.874487304687,5476.421168487393,4597.327806121982,0.1745315204063836,0.527784668191659,332.4387421114206,5854.1201171875,4290.35009765625,5931.830078125,3151.0,0.027349660714825585,0.01197050179689807,-0.039083746355847326,0.4657815873379496
2024-12-13,5023.7099609375,5184.83984375,4863.39990234375,5149.77978515625,0.0,4985.405859375,5097.636962890625,5039.206982421875,4747.6138102213545,3906.307568359375,52.48201017552468,30.74449586583978,56.96273273200899,-26.218236866169207,5039.206982421875,5480.626384549438,4597.787580294313,0.1751939952724123,0.625246876554852,331.65311348962274,5481.97021484375,4290.35009765625,5931.830078125,3151.0,0.017481671484231187,-0.026602344165681857,0.00914142955696029,0.5529440711117184
2024-12-20,5175.85009765625,5280.7900390625,4853.2001953125,4964.91015625,0.0,5011.669921875,5060.533984375,5057.064501953125,4776.577478027344,3926.021319580078,48.64702434746434,20.0647404408046,49.58313427376811,-29.51839383296351,5057.064501953125,5453.864436503154,4660.2645674030955,0.1569289592398034,0.3838780734583188,338.5057370796497,5445.080078125,4290.35009765625,5931.830078125,3151.0,-0.035898550349496294,0.027168277976626687,0.07751063614241094,0.5385099334166077
2024-12-27,5013.75,5207.3701171875,5013.75,5122.97021484375,0.0,5045.10400390625,5051.968994140625,5077.740502929688,4804.384147135416,3946.031321207682,51.88431174913332,24.077532284044537,44.4820138758234,-20.40448159177886,5077.740502929688,5441.666005409868,4713.815000449507,0.14334151273394438,0.5621414432429414,331.64532449806757,5445.080078125,4290.35009765625,5931.830078125,3151.0,0.031835431784154045,0.03373227667472167,0.0878064322546277,0.4829544960646064
2025-01-03,5032.4501953125,5173.39013671875,4962.419921875,5163.64990234375,0.0,5092.52197265625,5047.0509765625,5077.410498046875,4830.582645670573,3967.7022379557293,52.710577602992686,30.192172961407778,41.62404569294027,-11.431872731532494,5077.410498046875,5441.011679720501,4713.809316373248,0.1432230786986763,0.6185906546011793,323.0256738084734,5445.080078125,4507.68017578125,5931.830078125,3413.320068359375,0.00794064493721458,0.04812482562481457,-0.0012765529048401891,0.43764579740829235
2025-01-10,5284.509765625,5381.0400390625,5001.27001953125,5037.47021484375,0.0,5087.7560546875,5050.65498046875,5067.851513671875,4852.06298421224,3989.6069905598956,49.85098995112152,24.573159412774658,38.21386843690715,-13.64070902413249,5067.851513671875,5425.04151401817,4710.66151332558,0.140963088355166,0.45747179540486776,327.0788413601003,5445.080078125,4507.68017578125,5931.830078125,3535.1298828125,-0.024436143016343448,-0.004708195673704285,-0.036563872332378455,0.34380919693092626
2025-01-17,4945.97021484375,5319.68017578125,4929.93017578125,5309.740234375,0.0,5119.74814453125,5052.577001953125,5075.397534179688,4878.093155924479,4014.632326253255,55.465332541128156,41.61030808328633,38.893156366182986,2.7171517171033415,5075.397534179688,5446.077868944424,4704.717199414951,0.1460694782106946,0.8160981015408398,331.5553526915217,5445.080078125,4507.68017578125,5931.830078125,3638.72998046875,0.054048958687430204,0.031061609601214624,0.02925483255835659,0.4167127804469668
2025-01-24,5356.91015625,5525.14990234375,5307.52001953125,5341.93994140625,0.0,5195.1541015625,5103.41201171875,5116.083520507813,4904.820987955729,4039.5089090983074,56.09140253819527,57.05294753893395,42.52511460073318,14.527832938200767,5116.083520507813,5407.821210664948,4824.345830350678,0.11404727424316083,0.8870881763285142,323.41781912873444,5445.080078125,4507.68017578125,5931.830078125,3638.72998046875,0.006064271623457351,0.075938893814953,0.17969968065932007,0.4289871821715243
2025-01-31,5007.83984375,5161.93017578125,4776.81982421875,5015.85009765625,0.0,5173.730078125,5109.417041015625,5117.851513671875,4925.515657552083,4063.2883260091144,48.63478729200729,42.48884051656205,42.517859783898956,-0.029019267336906296,5117.851513671875,5406.695098716371,4829.007928627379,0.11287689151311887,0.3234313980005613,340.6822689900748,5525.14990234375,4547.18017578125,5931.830078125,3638.72998046875,-0.06104333768757386,-0.02090976771192632,0.00709967525630284,0.3289942428358885
2025-02-07,4866.4501953125,5129.64013671875,4848.72021484375,5009.33984375,0.0,5142.86806640625,5117.69501953125,5118.315502929688,4940.38798828125,4085.560408528646,48.49617610946034,30.074675551907603,40.02922293750069,-9.954547385593088,5118.315502929688,5406.429623724199,4830.201382135177,0.11258161816308378,0.31088108614882615,336.41352991042663,5525.14990234375,4770.2998046875,5931.830078125,3809.31005859375,-0.001297936297835589,-0.02988391186701278,0.0018559347382838265,0.21674516486519302
2025-02-14,5058.0,5176.330078125,4992.52001953125,5160.93994140625,0.0,5167.56201171875,5127.659033203125,5115.501000976563,4957.522819010416,4108.287742106119,51.931724183087155,32.099201668397654,38.44321868368009,-6.344017015282432,5115.501000976563,5400.780889321221,4830.221112631904,0.1115354637953146,0.5796392285017836,325.5132819592354,5525.14990234375,4770.2998046875,5931.830078125,3875.179931640625,0.03026348828087544,0.024510264338372778,-0.010789257761921078,0.24876049686220947
2025-02-21,5209.97998046875,5366.31982421875,5120.02978515625,5136.58984375,0.0,5132.93193359375,5126.3400390625,5111.988500976562,4973.541479492187,4131.10732421875,51.33935443860772,31.37710805297229,37.02999655753853,-5.652888504566242,5111.988500976562,5394.3989382606815,4829.578063692443,0.11048946500179702,0.5435560084287672,319.8544788951829,5525.14990234375,4770.2998046875,5931.830078125,3875.179931640625,-0.004718151719009356,-0.03260995509799758,-0.013491868793376494,0.23018236975789708
2025-02-28,5155.3701171875,5167.43994140625,4634.9501953125,4766.75,0.0,5017.8939453125,5106.5240234375,5083.52900390625,4987.429146321615,4147.872741699219,43.26677503766476,0.9508977924215287,29.81417680451513,-28.863279012093603,5083.52900390625,5384.066785508214,4782.991222304287,0.11823982173447872,-0.027020267165272192,335.04271226650917,5525.14990234375,4770.2998046875,5931.830078125,3875.179931640625,-0.07200104641409255,-0.10767435570509853,-0.10667097974424422,0.21183732813210376
2025-03-07,4817.669921875,4827.56982421875,4455.759765625,4629.58984375,0.0,4940.64189453125,5057.185986328125,5054.577490234375,4997.048478190104,4163.752406819662,40.71016914034839,-33.83968849766825,17.083403744078456,-50.9230922417467,5054.577490234375,5408.205532808691,4700.9494476600585,0.13992387821040958,-0.10089641561028351,337.6689512898835,5525.14990234375,4634.9501953125,5931.830078125,3956.050048828125,-0.028774354906382804,-0.07700793412600937,-0.11116769132899618,0.14242316877659422
2025-03-14,4508.64013671875,4608.68994140625,4300.490234375,4598.7900390625,0.0,4858.53193359375,5000.7,5023.87548828125,5000.76748046875,4179.148406982422,40.136640703260845,-63.1685973496169,1.0330035253393852,-64.20160087495628,5023.87548828125,5421.143665478417,4626.607311084083,0.1581520792558808,-0.035010697581973164,337.05685543882043,5525.14990234375,4455.759765625,5931.830078125,4001.35009765625,-0.006652814985128819,-0.08195686806909908,-0.11779398711637346,0.0509958844283287
2025-03-21,4587.10986328125,4709.3798828125,4484.47998046875,4557.9501953125,0.0,4737.933984375,4952.747998046875,5001.701489257813,5004.364982096354,4194.037658691406,39.34511743167206,-88.68509640912453,-16.9106164615534,-71.77447994757112,5001.701489257813,5447.988142651965,4555.41483586366,0.178453933867363,0.0028405055691868466,329.0456445034583,5525.14990234375,4300.490234375,5931.830078125,4220.9501953125,-0.008880562800889558,-0.11683719495667055,-0.08867063317533486,0.049710990719159076
2025-03-28,4662.89990234375,4722.47998046875,4259.93017578125,4284.91015625,0.0,4567.598046875,4850.264990234375,4951.42099609375,5003.501318359375,4207.070076497396,34.453199375422855,-129.44697090906357,-39.417887351055434,-90.02908355800813,4951.42099609375,5475.953167991365,4426.888824196134,0.21187136876925913,-0.13533837918129366,338.58165594517556,5525.14990234375,4300.490234375,5931.830078125,4220.9501953125,-0.05990412956756319,-0.1658064422909472,-0.19007769738490643,-0.011949054806762227
2025-04-04,4193.5,4374.509765625,3529.60009765625,3597.659912109375,0.0,4333.780029296875,4675.836987304688,4889.624499511719,4987.340653483073,4215.0830749511715,25.76856093998218,-214.73111461215285,-74.48053280327491,-140.25058180887794,4889.624499511719,5679.3179525718015,4099.931046451636,0.32300781098382597,-0.3180165242575754,374.747942518288,5525.14990234375,4259.93017578125,5931.830078125,4259.93017578125,-0.16038848402415085,-0.24525936705105678,-0.2556960709520535,-0.21230046943337644
2025-04-11,3460.449951171875,4265.02001953125,3388.6201171875,3990.89990234375,0.0,4206.042041015625,4573.341967773437,4841.379504394531,4978.394315592448,4227.211490885416,35.748599926138695,-247.73252581824545,-109.13093140626903,-138.6015944119764,4841.379504394531,5721.7037501690365,3961.0552586200256,0.3636666966410847,0.016950938172483943,410.58022536296386,5525.14990234375,3529.60009765625,5931.830078125,3529.60009765625,0.10930438113696272,-0.13795821292214228,-0.19470114620673107,-0.11855525403688183
2025-04-18,4094.639892578125,4098.43994140625,3733.989990234375,3832.469970703125,0.0,4052.77802734375,4455.65498046875,4786.675,4965.351652018229,4238.047823079427,33.778239783666805,-283.4034547764786,-143.98543608031096,-139.41801869616765,4786.675,5769.084787495112,3804.2652125048876,0.4104769124685141,0.014354884569173602,407.2852057778861,5525.14990234375,3388.6201171875,5931.830078125,3388.6201171875,-0.03969779636607351,-0.16663515008299778,-0.2220799249127443,-0.16956766280688917
2025-04-25,3761.860107421875,4279.56005859375,3681.14990234375,4251.60986328125,0.0,3991.5099609375,4364.72197265625,4746.190502929688,4954.0521484375,4251.5104044596355,42.76592209255644,-274.68543384263467,-170.12543563277572,-104.55999820985895,4746.190502929688,5746.564530976442,3745.816474882933,0.4215481984674877,0.2528021391088522,420.9369879544657,5525.14990234375,3388.6201171875,5931.830078125,3388.6201171875,0.10936547338457747,-0.06721010956773887,-0.15997668042828828,-0.13753102781558235
2025-05-02,4227.330078125,4430.9501953125,4066.800048828125,4397.0498046875,0.0,4013.937890625,4290.76796875,4708.55400390625,4944.706648763021,4264.8136535644535,45.528567620302354,-253.12271061883712,-186.724890629988,-66.39781998884911,4708.55400390625,5701.974939584426,3715.1330682280736,0.42196433760939217,0.34321641107447776,416.88078499231636,5525.14990234375,3388.6201171875,5931.830078125,3388.6201171875,0.0342082049113519,0.026170828406736124,-0.14616741139852674,-0.11310102601724936
2025-05-09,4351.35986328125,4515.759765625,4252.669921875,4466.5,0.0,4187.705908203125,4260.74296875,4683.63349609375,4939.8531494140625,4278.745404052735,46.84793303680026,-227.80406333174506,-194.94072517033945,-32.86333816140561,4683.63349609375,5675.084635282002,3692.182356905498,0.42336836988425464,0.3904971271345114,405.89571776072233,5525.14990234375,3388.6201171875,5931.830078125,3388.6201171875,0.01579472564501372,0.24150145069749174,-0.10038654085665255,-0.0612080104353645
2025-05-16,4769.75,4996.10009765625,4708.14990234375,4922.18994140625,0.0,4373.963916015625,4290.002978515625,4673.594482421875,4940.085319010416,4295.219736735026,54.615492425374185,-169.0201242529629,-189.75660498686415,20.73648073390126,4673.594482421875,5651.014923812012,3696.174041031738,0.4182735344567738,0.6271691528319225,414.73174489611716,5525.14990234375,3388.6201171875,5931.830078125,3388.6201171875,0.10202394299927242,0.2333533944350692,-0.03919216099592793,0.0028381089115963043
2025-05-23,4812.77978515625,4949.27001953125,4647.31982421875,4702.3798828125,0.0,4547.9458984375,4300.361962890625,4650.530981445312,4936.704817708333,4308.721984863281,50.76190563186932,-138.57288179412535,-179.5198603483164,40.94697855419105,4650.530981445312,5602.033937759308,3699.0280251313156,0.40920185678164606,0.5272457909999798,406.6759199258588,5525.14990234375,3388.6201171875,5931.830078125,3388.6201171875,-0.04465696391451146,0.22698414306160286,-0.08933022731108908,-0.04134992788081071
2025-05-30,4795.0400390625,4956.240234375,4673.41015625,4758.06005859375,0.0,4649.2359375,4320.37294921875,4636.560473632812,4935.686987304687,4323.279569498698,51.691745904706444,-108.6973030897625,-165.35534889660562,56.65804580684312,4636.560473632812,5573.014039987281,3700.106907278344,0.4039432125084496,0.5648721887161607,397.82978836865465,5525.14990234375,3388.6201171875,5931.830078125,3388.6201171875,0.011840850201142672,0.11911963035141682,-0.055466363935348206,-0.012672375657804213
2025-06-06,4762.64990234375,5112.16015625,4759.02001953125,5038.06005859375,0.0,4777.43798828125,4395.687939453125,4622.97646484375,4940.570491536459,4340.214485677084,56.173855759061524,-61.71561261666011,-144.62740164061654,82.91178902395643,4622.97646484375,5527.306806062631,3718.6461236248697,0.3912329418486216,0.7294977702454055,394.7062390320543,5525.14990234375,3388.6201171875,5931.830078125,3388.6201171875,0.05884751275770039,0.14578189522049478,-0.05116637797502899,0.0617507225354712
2025-06-13,5083.75,5302.64013671875,5083.27978515625,5112.240234375,0.0,4906.58603515625,4547.145971679687,4611.491479492188,4953.993326822917,4358.357236735026,57.304073466856266,-18.28577713960931,-119.3590767404151,101.0732996008058,4611.491479492188,5484.291489576957,3738.691469407419,0.37853263481726346,0.7868633988868639,385.41151325297903,5525.14990234375,3388.6201171875,5931.830078125,3388.6201171875,0.014723956228889223,0.14457410374454271,-0.04299930541165575,0.18699661129168854
2025-06-20,5178.41015625,5311.759765625,5143.64990234375,5211.47998046875,0.0,4964.44404296875,4669.2039794921875,4621.272973632813,4961.929825846354,4376.550069173177,58.83359045038051,23.865393103616952,-90.71418277160869,114.57957587522564,4621.272973632813,5516.087596299201,3726.4583509664244,0.3872589339655341,0.8297928933465711,372.13351453848054,5366.31982421875,3388.6201171875,5931.830078125,3388.6201171875,0.019412183611101863,0.05877262814036199,0.039002338388045565,0.10056193759580712
2025-06-27,5209.27001953125,5588.52001953125,5140.3798828125,5544.990234375,0.0,5132.96611328125,4840.456005859375,4648.055493164063,4975.7431640625,4398.39223836263,63.558296187748624,83.2226505219869,-55.926816112889576,139.1494666348765,4648.055493164063,5616.743023769223,3679.367962558902,0.4168140987257223,0.9629639139932988,377.5625589799284,5366.31982421875,3388.6201171875,5931.830078125,3388.6201171875,0.06399530558615951,0.17918806488652583,0.10693033559967269,0.17573513858977918
2025-07-04,5564.169921875,5668.14013671875,5429.16015625,5647.1201171875,0.0,5310.778125,4980.00703125,4672.364501953125,4989.728002929687,4419.755572509765,64.88729439742514,136.9263311678951,-17.35618665673264,154.28251782462775,4672.364501953125,5713.041086422083,3631.6879174841665,0.4454603591110832,0.9683278310387748,367.6638033719871,5588.52001953125,3388.6201171875,5931.830078125,3388.6201171875,0.01841840625423785,0.186853475501634,0.0942038042102804,0.17451853867914036
2025-07-11,5596.47021484375,5724.0498046875,5519.47998046875,5696.2900390625,0.0,5442.42412109375,5109.9310546875,4700.34951171875,5001.615836588541,4441.21415608724,65.53890208544198,181.36383733727598,22.387818142069086,158.9760191952069,4700.34951171875,5816.7986945709345,3583.9003288665667,0.47504943199168104,0.9460303893095376,356.0142334324702,5668.14013671875,3388.6201171875,5931.830078125,3388.6201171875,0.008707079157984854,0.13065147553093648,0.10896338083008916,0.14314010715099368
2025-07-18,5651.77978515625,5791.81005859375,5560.06982421875,5732.6201171875,0.0,5566.50009765625,5236.54306640625,4748.643017578125,5010.144173177084,4462.062156168619,66.04036226305115,217.01084883223666,61.312424280102604,155.69842455213404,4748.643017578125,5952.538545716974,3544.7474894392763,0.5070482340670251,0.9086638236502734,347.1375192140794,5724.0498046875,3388.6201171875,5931.830078125,3388.6201171875,0.0063778490694583745,0.12135186422598632,0.2026265520926207,0.09800958508644042
2025-07-25,5754.740234375,5808.60009765625,5564.60986328125,5645.85986328125,0.0,5653.37607421875,5308.91005859375,4799.456518554687,5018.852506510417,4483.512904866537,63.658043913884796,235.54531508981472,96.15900244204502,139.3863126477697,4799.456518554687,6063.26080607302,3535.6522310363544,0.5266447493096222,0.8348632984892785,339.769856011288,5791.81005859375,3388.6201171875,5931.830078125,3388.6201171875,-0.015134485127686337,0.08335058072571333,0.21951621068618565,0.10198385706706259
2025-08-01,5704.89013671875,5820.5400390625,5418.31982421875,5527.60986328125,0.0,5649.9,5391.433056640625,4845.897509765625,5022.858666992188,4503.989237467448,60.45692770255455,237.94929503418825,124.51706096047369,113.43223407371457,4845.897509765625,6144.574631293544,3547.2203882377057,0.5359903377695376,0.7624641422471418,344.23059592789247,5808.60009765625,3388.6201171875,5931.830078125,3388.6201171875,-0.020944551027392233,-0.0031344277192778547,0.20197047839307247,0.04546221057698241
2025-08-08,5575.830078125,5701.509765625,5474.509765625,5678.02001953125,0.0,5656.07998046875,5483.429052734375,4901.9010009765625,5024.187166341146,4526.127404785157,63.00522030291518,249.11961320958926,149.4375714102968,99.68204179929245,4901.9010009765625,6242.0202288590535,3561.781773094072,0.5467753133388499,0.7895708838462923,335.856981933043,5820.5400390625,3388.6201171875,5931.830078125,3388.6201171875,0.027210704078292958,0.0054717983153400596,0.2457398120257337,0.014238218337896402
2025-08-15,5722.080078125,5907.9599609375,5660.22998046875,5752.740234375,0.0,5667.37001953125,5554.8970703125,4975.292504882813,5027.757169596354,4549.108823649089,64.23816696304394,260.9929039817307,171.7486379245836,89.24426605714712,4975.292504882813,6332.872791009791,3617.712218755835,0.545728832945855,0.7863358202225212,329.562196114165,5820.5400390625,3388.6201171875,5931.830078125,3388.6201171875,0.013159554666367423,0.009909993157895869,0.34255795911706866,0.03867448710342036
2025-08-22,5742.490234375,5818.22998046875,5480.0498046875,5754.4599609375,0.0,5671.73798828125,5619.11904296875,5083.132507324219,5032.460506184896,4571.998573811849,64.26768387917534,267.45824782834734,190.89055990533635,76.567687923011,5083.132507324219,6323.4358740676025,3842.829140580835,0.48800748945900857,0.7706303440004196,330.1777660903853,5907.9599609375,3388.6201171875,5931.830078125,3388.6201171875,0.00029894041664246807,0.003809748998458762,0.5995008148403758,0.05156922503664618
2025-08-29,5758.77001953125,5889.06005859375,5646.169921875,5668.93994140625,0.0,5676.35400390625,5664.8650390625,5167.034509277344,5032.671004231771,4594.465989176432,61.547161433056736,262.65362110365004,205.24317214499908,57.41044895865096,5167.034509277344,6324.719231089235,4009.349787465453,0.4481041184196788,0.7167712083750117,323.9429354209828,5907.9599609375,3388.6201171875,5931.830078125,3388.6201171875,-0.014861519605971374,0.004087965107866909,0.42046658150384375,0.0022328837495941833
2025-09-05,5509.41015625,5792.97021484375,5503.1201171875,5761.39990234375,0.0,5723.11201171875,5686.506005859375,5263.481005859375,5032.441170247396,4615.781905110677,63.3533557621393,263.27183213653734,216.84890414330675,46.42292799323059,5263.481005859375,6272.177070526983,4254.784941191767,0.3832809745279652,0.7468131451709652,321.5077327235019,5907.9599609375,3681.14990234375,5931.830078125,3388.6201171875,0.01630992070707382,0.04229496018080403,0.5033124711703176,-0.0023878070162904885
2025-09-12,5804.02978515625,6033.52978515625,5776.009765625,6001.740234375,0.0,5787.8560546875,5721.968017578125,5350.987524414062,5044.684171549479,4636.249157714844,67.61205610397934,279.9283848498508,229.4648002846156,50.46358456523518,5350.987524414062,6294.950915430312,4407.024133397812,0.35281838603038607,0.844691709527184,317.98074344414465,5907.9599609375,3681.14990234375,5907.9599609375,3388.6201171875,0.04171561358437881,0.057012869579574854,0.41163945596434814,0.1394641621545054
2025-09-19,5993.8798828125,6311.58984375,5979.990234375,6232.25,0.0,5883.7580078125,5775.564013671875,5442.747534179687,5063.502840169271,4659.006241861979,71.08297051067973,308.17656688478473,245.20715360464945,62.969413280135285,5442.747534179687,6354.181877158871,4531.313191200503,0.33491700184713885,0.9331098953544391,318.9535195820629,6033.52978515625,4066.800048828125,6033.52978515625,3388.6201171875,0.038407154695692114,0.08335327967004846,0.4173708001569767,0.22126031339911845
2025-09-26,6247.830078125,6374.6201171875,6125.009765625,6305.0498046875,0.0,5993.8759765625,5832.806982421875,5534.675024414062,5091.791007486979,4682.173573811849,72.0999022877739,332.6037415950914,262.68647120273783,69.91727039235354,5534.675024414062,6403.588771148992,4665.761277679132,0.313989075384573,0.9432976133524376,314.0004361520941,6311.58984375,4252.669921875,6311.58984375,3388.6201171875,0.011681143196678567,0.09568054126495285,0.411630987280309,0.36835471582626633
2025-10-03,6380.02001953125,6683.43994140625,6289.4501953125,6583.740234375,0.0,6176.83603515625,5926.59501953125,5617.7525390625,5123.0291748046875,4706.428576660156,75.63272347770669,370.18320059852067,284.1858170818944,85.99738351662626,5617.7525390625,6551.82083050213,4683.684247622869,0.33254162939527027,1.0170862260101317,319.71395829078386,6374.6201171875,4647.31982421875,6374.6201171875,3388.6201171875,0.04420114643349948,0.16137060939506487,0.3375632214010116,0.3979848944847222
2025-10-10,6852.72021484375,6881.91015625,6403.240234375,6407.60009765625,0.0,6306.07607421875,6014.59404296875,5703.0135498046875,5143.651676432291,4730.6026611328125,69.63146385858337,381.35611967380373,303.6198776002763,77.73624207352742,5703.0135498046875,6597.773979452254,4808.253120157121,0.3137851319600002,0.8937291617428194,331.0679556896564,6683.43994140625,4647.31982421875,6683.43994140625,3388.6201171875,-0.02675381021248191,0.11216027463214706,0.3626291914603581,0.2393211348883033
2025-10-17,6662.89013671875,6880.56982421875,6532.740234375,6777.97998046875,0.0,6461.3240234375,6124.5900390625,5804.009545898438,5169.473844401042,4756.476993815104,74.25703158200038,415.30986607197246,325.9578752946155,89.35199077735695,5804.009545898438,6705.296740335262,4902.7223514616135,0.3105739876233469,1.0403219088111555,341.2037964662881,6881.91015625,4673.41015625,6881.91015625,3388.6201171875,0.05780321449023895,0.12933577858765566,0.4245259406145432,0.2963155130027946
2025-10-24,6858.6298828125,7021.3798828125,6547.3701171875,6976.93994140625,0.0,6610.26201171875,6247.010009765625,5900.953540039062,5199.775846354167,4784.803743489583,76.34165903506397,453.05037804194035,351.3763758440805,101.67400219785986,5900.953540039062,6866.636445540042,4935.270634538083,0.32729724067428834,1.0571116539590109,350.68993712048183,6881.91015625,4759.02001953125,6881.91015625,3388.6201171875,0.02935387261556066,0.11948974149083402,0.38484652033975353,0.35242946626127525
2025-10-31,7103.56005859375,7392.64013671875,7083.10009765625,7228.66015625,0.0,6794.98408203125,6394.430029296875,6006.7745361328125,5244.783178710937,4813.789162190756,78.69257881363801,497.53643301401553,380.6083872780675,116.92804573594805,6006.7745361328125,7063.135448491592,4950.413623774033,0.3517231772241177,1.0783466643937076,355.3335269913403,7021.3798828125,5083.27978515625,7021.3798828125,3388.6201171875,0.03607888514990054,0.14648739981020298,0.41399070169748087,0.5963579095720792
2025-11-07,7342.7998046875,7353.6298828125,6688.83984375,6947.35986328125,0.0,6867.7080078125,6522.272021484375,6093.568530273437,5277.564339192709,4840.860076904297,70.2870401100536,504.280339515838,405.3427777256216,98.93756179021642,6093.568530273437,7159.49866539466,5027.638395152215,0.349854155188566,0.900491225867592,377.4375635678517,7392.64013671875,5140.3798828125,7392.64013671875,3388.6201171875,-0.03891458263196035,0.05522994771387246,0.33308770048395453,0.3949148650731311
2025-11-14,7136.66015625,7178.35009765625,6587.83984375,6811.2001953125,0.0,6948.42802734375,6627.25205078125,6156.8790283203125,5307.750008138021,4865.522078450521,66.5799089323412,492.95550255519083,422.8653226915355,70.09017986365535,6156.8790283203125,7235.297123631661,5078.460933008964,0.35031323186661883,0.8033708215009502,392.6570414491659,7392.64013671875,5140.3798828125,7392.64013671875,3388.6201171875,-0.01959876422817708,0.06298771638446632,0.2283520632891105,0.36222367641482434
2025-11-21,6756.56005859375,6886.6298828125,6160.0498046875,6406.43017578125,0.0,6874.11806640625,6667.721044921875,6194.84453125,5327.570011393229,4888.082330322266,56.96177632484479,446.1756942324737,427.5273969997232,18.648297232750508,6194.84453125,7252.0599285026565,5137.629133997343,0.34132104265716934,0.6000674248034455,416.5086869260112,7392.64013671875,5418.31982421875,7392.64013671875,3388.6201171875,-0.05942712120102045,-0.05481718827115867,0.13445969677229352,0.22793708534306445
2025-11-28,6494.85986328125,7028.14013671875,6457.2998046875,7025.14990234375,0.0,6883.76005859375,6747.01103515625,6261.287524414062,5357.875179036459,4917.337329101562,65.23015913072624,453.7967833437924,432.78127426853706,21.015509075255352,6261.287524414062,7351.340640708426,5171.234408119699,0.3481881680226374,0.8503785120703286,431.1659207839747,7392.64013671875,5418.31982421875,7392.64013671875,3388.6201171875,0.09657792398979015,0.006909900521199441,0.23328514773098785,0.3492156688430408
2025-12-05,6945.2001953125,7377.2998046875,6920.669921875,7294.83984375,0.0,6896.99599609375,6845.9900390625,6339.398510742188,5390.523510742188,4949.271494547526,68.10639997886713,476.1099763113489,441.44701467709945,34.66296163424943,6339.398510742188,7488.989188101157,5189.807833383218,0.36268130972078005,0.9155571856248916,432.98477521458364,7392.64013671875,5418.31982421875,7392.64013671875,3388.6201171875,0.03838920808170587,0.009155180361160031,0.2725140851176697,0.3671143086043609
2025-12-12,7358.16015625,7490.27978515625,7003.39990234375,7033.56982421875,0.0,6914.23798828125,6890.972998046875,6408.784008789063,5420.939339192709,4978.754160563151,62.69551235048302,467.32401509755255,446.6224147611901,20.701600336362446,6408.784008789063,7550.045121549928,5267.5228960281975,0.3561552741349154,0.7737260599015092,436.8344257572919,7392.64013671875,5418.31982421875,7392.64013671875,3388.6201171875,-0.035815730725753836,0.01240902481432471,0.24579249123108649,0.35037105144397995
2025-12-19,7096.27001953125,7125.9599609375,6680.68017578125,7067.8701171875,0.0,6965.57197265625,6957.0,6485.797021484375,5451.856673177083,5006.962744140625,63.1098778783579,457.8510031572132,448.8681324403948,8.982870716818411,6485.797021484375,7585.950754249488,5385.643288719262,0.3392501273539164,0.7645417082938715,437.4376657143604,7490.27978515625,5418.31982421875,7490.27978515625,3388.6201171875,0.00487665493141809,0.03768350870844195,0.2786485102969867,0.3558604464870143
2025-12-26,7204.02001953125,7233.06005859375,7091.4599609375,7207.64013671875,0.0,7125.81396484375,6999.966015625,6562.27802734375,5488.626839192709,5037.3098286946615,64.82448221283485,456.3611976035181,450.3667454730195,5.994452130498644,6562.27802734375,7639.613452507772,5484.942602179728,0.32834190220986453,0.7995177241464722,417.9913996923525,7490.27978515625,5474.509765625,7490.27978515625,3388.6201171875,0.019775408604546962,0.12506340332348875,0.26939322368112717,0.44111581755570106
2026-01-02,7116.14990234375,7418.25,7082.64990234375,7367.47021484375,0.0,7194.27802734375,7039.01904296875,6643.0145263671875,5523.24267578125,5069.735498046875,66.72884991385462,462.7432513636886,452.84204665115334,9.901204712535275,6643.0145263671875,7707.521310435924,5578.507742298451,0.32048907309882835,0.8402776287190781,412.10630668977376,7490.27978515625,5480.0498046875,7490.27978515625,3388.6201171875,0.02217509130495543,0.048727830332245814,0.2806888395238274,0.39257959286514943
2026-01-09,7570.43994140625,7678.89013671875,7372.7900390625,7638.77978515625,0.0,7263.066015625,7080.031005859375,6737.230517578125,5569.995841471354,5105.347912597656,69.72513924278459,484.11293725355245,459.0962247716332,25.016712481919228,6737.230517578125,7804.035058392415,5670.425976763835,0.31668933934526583,0.9225466020654423,404.91442206014705,7490.27978515625,5480.0498046875,7490.27978515625,3388.6201171875,0.03682533656747933,0.04714838828174228,0.3274538074832243,0.5803533258067932
2026-01-16,7574.240234375,8008.4599609375,7568.06982421875,7927.41015625,0.0,7441.83408203125,7178.03603515625,6850.154028320312,5619.522680664062,5142.790580240885,72.55662896196192,518.363257086382,470.94963123458297,47.413625851799,6850.154028320312,7918.854928770443,5781.453127870182,0.31202244388428174,1.00400262948967,407.44840167861867,7678.89013671875,5503.1201171875,7678.89013671875,3388.6201171875,0.03778487915761364,0.12708203008854513,0.3983937452481652,0.5996227589241536
2026-01-23,7807.89013671875,8188.16015625,7767.47998046875,7957.93017578125,0.0,7619.84609375,7292.709033203125,6959.980541992188,5670.045515950521,5180.14658203125,72.84582801192897,541.7249250993664,485.10469000753966,56.620235091826714,6959.980541992188,8009.852272925129,5910.108811059246,0.30168812243042037,0.9752721710595351,408.3935284002352,8008.4599609375,5503.1201171875,8008.4599609375,3388.6201171875,0.003849935720455777,0.12593044917864593,0.3812494030389988,0.6153117146922151
2026-01-30,7917.22998046875,8386.98046875,7881.43994140625,7998.47021484375,0.0,7778.012109375,7451.913037109375,7059.817041015625,5718.998356119791,5218.025750732422,73.24908516732475,557.0886860592618,499.5014892178841,57.587196841377704,7059.817041015625,8105.956901626297,6013.677180404954,0.2963645812725406,0.9486269996825268,415.3325997533434,8188.16015625,5776.009765625,8188.16015625,3388.6201171875,0.005094294391508658,0.10972108250746015,0.33269183644977973,0.580319388990947
2026-02-06,7955.1201171875,8239.6396484375,7461.740234375,8048.6201171875,0.0,7914.24208984375,7554.26005859375,7150.635546875,5767.312361653646,5257.4630859375,73.76806028454254,566.7777937098581,512.956750116279,53.821043593579134,7150.635546875,8208.931094983713,6092.339998766288,0.2960004159549743,0.9242598260558189,441.23022934685457,8386.98046875,5979.990234375,8386.98046875,3388.6201171875,0.0062699367499901015,0.09245370289674071,0.2914469280255927,0.56290568780958
2026-02-13,7991.18017578125,8400.01953125,7948.52978515625,8137.85986328125,0.0,8014.05810546875,7638.562060546875,7242.276049804687,5820.194856770833,5298.386167399089,74.70834225925518,575.0288088656971,525.3711618661627,49.65764699953445,7242.276049804687,8309.195381685264,6175.356717924111,0.2946364718890685,0.9197054953995379,441.9630519716328,8386.98046875,6125.009765625,8386.98046875,3388.6201171875,0.01108758331172588,0.06533505247720539,0.29068922774109485,0.6390749494302594
2026-02-20,8021.990234375,8308.26953125,7926.97998046875,8260.419921875,0.0,8080.66005859375,7761.2470703125,7326.110034179687,5872.485685221354,5338.434916178386,75.98168567382888,584.7171153415311,537.2403525612364,47.476762780294735,7326.110034179687,8435.521507800671,6216.698560558703,0.30286508623131975,0.9210835699426467,437.62923045803404,8400.01953125,6160.0498046875,8400.01953125,3388.6201171875,0.015060477896252866,0.04200738438674745,0.25466978158490017,0.612427864198883
2026-02-27,8248.4404296875,8498.099609375,8009.25,8098.3701171875,0.0,8108.748046875,7864.2970703125,7410.64853515625,5921.397688802083,5375.9901672363285,70.89900717585957,572.7171759917828,544.3357172473457,28.381458744437168,7410.64853515625,8484.311336819517,6336.985733492983,0.28976217036060786,0.8202688874783891,441.2878289521031,8400.01953125,6160.0498046875,8400.01953125,3388.6201171875,-0.019617623101504167,0.017647797643872032,0.2638694665339203,0.5683422134238221
2026-03-06,7919.8701171875,8144.2998046875,7466.47021484375,7514.740234375,0.0,8012.00205078125,7895.007080078125,7447.486547851562,5962.685522460937,5407.3742533365885,56.29352627447908,510.2314530746944,537.5148644128154,-27.283411338121027,7447.486547851562,8481.62230843101,6413.350787272115,0.277714032495372,0.532516855662043,458.18366901579213,8498.099609375,6160.0498046875,8498.099609375,3388.6201171875,-0.07206757339650838,-0.060477812316039214,0.10869908970361064,0.49176866837476463
2026-03-13,7388.330078125,8017.06005859375,7363.169921875,7646.64013671875,0.0,7931.6060546875,7922.924072265625,7480.9715576171875,6001.633854166666,5439.863505045573,58.38025850027547,465.98272843403083,523.2084372170585,-57.2257087830277,7480.9715576171875,8495.171437531159,6466.771677703217,0.2711412206563742,0.5816745211583021,472.16270242314624,8498.099609375,6160.0498046875,8498.099609375,3388.6201171875,0.017552157257598067,-0.04994396239553389,0.09598766808038728,0.44011567406156216
2026-03-20,7846.2900390625,7913.7001953125,7548.5,7670.60986328125,0.0,7838.1560546875,7926.107080078125,7503.06904296875,6040.44501953125,5472.63300374349,58.7655456245126,427.91669468426244,504.15008871049935,-76.23339402623691,7503.06904296875,8513.568191768547,6492.569894168953,0.2693562175725285,0.5829000304015562,464.5225233438144,8498.099609375,6160.0498046875,8498.099609375,3388.6201171875,0.00313467433198511,-0.057416815704614654,0.06113853708410044,0.43592214577799693
2026-03-27,7825.83984375,8025.64990234375,7427.10009765625,7457.669921875,0.0,7677.6060546875,7879.133056640625,7528.584545898438,6081.142016601562,5503.328837076823,53.984398399755264,376.2296735466607,478.5660056777316,-102.33633213107089,7528.584545898438,8506.927044069462,6550.242047727414,0.259900780075326,0.46375777186618694,474.09590058264905,8498.099609375,6160.0498046875,8498.099609375,3388.6201171875,-0.02776049690984561,-0.09718028957271063,0.07345381103559667,0.4868207336099888
2026-04-03,7517.47021484375,7893.75,7084.1298828125,7833.39013671875,0.0,7624.61005859375,7866.679052734375,7579.69404296875,6128.209521484375,5534.298754882812,60.145751319428626,361.41860946859197,455.1365264359037,-93.71791696731174,7579.69404296875,8508.326666405135,6651.061419532365,0.24503169077063858,0.6365965869318714,498.06191605442416,8498.099609375,6160.0498046875,8498.099609375,3388.6201171875,0.050380376012845396,-0.03272016178988557,0.15007486376772872,0.5637569781759229
2026-04-10,7917.85986328125,8962.9501953125,7790.06982421875,8889.830078125,0.0,7899.62802734375,7955.8150390625,7703.864038085938,6190.357690429688,5573.9402547200525,71.64304282194476,429.97018012395347,450.1032571735137,-20.133077049560256,7703.864038085938,8635.887355537903,6771.8407206339725,0.24196255615215426,1.136231957844866,546.2632342715189,8498.099609375,6160.0498046875,8498.099609375,3388.6201171875,0.13486369540746135,0.18298567892737894,0.38764176525827887,0.7225215133394294
2026-04-17,8873.3095703125,9556.419921875,8837.9599609375,9555.8798828125,0.0,8281.4759765625,8106.541015625,7830.400537109375,6264.012524414063,5618.777001953125,76.28758829466241,531.9109087307297,466.46478748495696,65.44612124577276,7830.400537109375,9012.975475177203,6647.825599041547,0.30204711303424087,1.2295433423112834,558.5630004619461,8962.9501953125,6457.2998046875,8962.9501953125,3388.6201171875,0.0749226699311647,0.24968348345905333,0.360238573645872,0.8603548606162741
2026-04-24,9604.900390625,10564.009765625,9462.9404296875,10513.66015625,0.0,8850.08603515625,8344.121044921874,7991.341552734375,6359.794360351562,5673.611753336589,81.08523627020469,682.1214625432376,509.59612249661313,172.52534004662448,7991.341552734375,9627.644344882676,6355.038760586074,0.40951892278672825,1.2707371201769064,597.3134529959143,9556.419921875,6680.68017578125,9556.419921875,3388.6201171875,0.10022941740406277,0.37064201460411406,0.4412461933976233,1.20562440997535
2026-05-01,10533.3203125,10624.2099609375,9865.3798828125,10595.33984375,0.0,9477.62001953125,8577.613037109375,8169.4300537109375,6459.223527018229,5728.136002604167,81.43029304996942,798.5500884642261,567.3869156901358,231.1631727740903,8169.4300537109375,10099.020905162537,6239.839202259339,0.472393016101555,1.1286072998879764,608.850354790849,10564.009765625,6680.68017578125,10564.009765625,3388.6201171875,0.007768910758585212,0.4207305974579967,0.5063957717839065,1.2886130740186048
2026-05-08,10656.0703125,11776.740234375,10430.2099609375,11775.5,0.0,10266.0419921875,8945.326025390625,8404.811547851563,6578.835359700521,5789.8014200846355,85.53601232342197,974.8126415964616,648.872060871401,325.9405807250606,8404.811547851563,10825.506550454194,5984.116545248931,0.5760260033959737,1.1962232847435161,661.541777551324,10624.2099609375,6680.68017578125,10624.2099609375,3388.6201171875,0.11138483273343569,0.5032444183780334,0.6660606101638149,1.5605648224811173
2026-05-15,11875.2900390625,12141.5400390625,11263.580078125,11588.4599609375,0.0,10805.76796875,9352.697998046875,8623.8525390625,6696.010522460938,5850.187752278646,82.42555393754388,1086.8805346199078,736.4737556211023,350.4067789988055,8623.8525390625,11345.676934280687,5902.028143844313,0.6312316642450562,1.0445993185826654,677.0002192217652,11776.740234375,7082.64990234375,11776.740234375,3388.6201171875,-0.01588382990637338,0.3035637193395806,0.6078022405559638,1.5424718271066973
2026-05-22,11825.8798828125,12304.51953125,10895.75,12202.5400390625,0.0,11335.1,9808.28798828125,8865.606030273437,6827.971020507813,5915.736169433594,84.42773066702638,1211.2833569289323,831.4356758826684,379.8476810462639,8865.606030273437,11934.84870102522,5796.363359521654,0.692393201383238,1.0436086954916002,729.2694557952105,12141.5400390625,7082.64990234375,12141.5400390625,3388.6201171875,0.05299065451276075,0.276966662275691,0.6562727344967343,1.8477936745683663
2026-05-29,12616.6298828125,13115.2802734375,12452.3603515625,12829.3798828125,0.0,11798.2439453125,10324.164990234374,9125.13603515625,6981.833020019531,5984.586836751302,86.16091377711751,1344.950474684676,934.1386356430701,410.81183904160594,9125.13603515625,12588.098261617644,5662.173808694856,0.7589941044428709,1.0348374607368167,742.3745114080526,12304.51953125,7084.1298828125,12304.51953125,3388.6201171875,0.05136961991055755,0.2202581871724174,0.6795064452234469,2.5660346436943775
2026-06-05,12706.6201171875,13998.1396484375,12217.3203125,12220.759765625,0.0,12123.3279296875,10800.473974609375,9339.803515625,7118.997351074218,6048.695833333333,77.17905186917739,1385.7974610175552,1024.470400717967,361.3270602995881,9339.803515625,13005.515816548677,5674.091214701324,0.7849656140605383,0.8929599506859913,816.5491417315847,13115.2802734375,7084.1298828125,13115.2802734375,3388.6201171875,-0.0474395584780265,0.1534089463712489,0.5415828782354735,2.0621564220260375
2026-06-12,12838.8798828125,13513.4404296875,11794.150390625,13371.4697265625,0.0,12442.521875,11354.28193359375,9610.480493164063,7277.980680338542,6121.6661661783855,81.17481384299764,1493.8020487774465,1118.336730329863,375.4653184475835,9610.480493164063,13612.14692982183,5608.814056506295,0.8327713561260863,0.9699278779142388,881.0306343980786,13998.1396484375,7084.1298828125,13998.1396484375,3681.14990234375,0.0941602636011436,0.13553307516135193,0.6802697976989713,2.4889953029714933
2026-06-19,13901.240234375,14461.7900390625,13291.75,14341.7802734375,0.0,12993.1859375,11899.476953125,9927.64599609375,7446.1501871744795,6200.1011678059895,83.75738060024212,1638.801332969355,1222.4296508577615,416.3716821115934,9927.64599609375,14351.25114799867,5504.04084418883,0.8911689948746127,0.9989295072417244,901.6741633026802,13998.1396484375,7084.1298828125,13998.1396484375,3681.14990234375,0.07256573635637609,0.2375915627944456,0.7930654097856968,2.3732587736469766
2026-06-26,14607.0498046875,14655.2900390625,13115.830078125,13203.5703125,0.0,13193.3919921875,12264.24599609375,10185.393505859374,7592.925528971354,6268.816088867187,71.38591575345443,1642.9315862874391,1306.5300379436972,336.401548343742,10185.393505859374,14739.81287603629,5630.974135682458,0.8943040575814544,0.8313459478944936,947.2302917051674,14461.7900390625,7084.1298828125,14461.7900390625,4066.800048828125,-0.07936322682655972,0.0820345821634696,0.6404762704981335,2.0028248255055603
2026-07-03,13241.9697265625,14332.759765625,12374.41015625,12626.2197265625,0.0,13152.7599609375,12475.501953125,10409.811499023437,7728.9208577473955,6334.3870035807295,66.05609223549041,1581.3882156637192,1361.5016734877015,219.88654217601766,10409.811499023437,14980.84308732559,5838.779910721286,0.8782160154832714,0.7424407034520535,1019.4531001101554,14655.2900390625,7084.1298828125,14655.2900390625,4252.669921875,-0.04372685359132855,-0.015835539839472168,0.5515405694724642,1.8268710906890182
2026-07-10,12914.4697265625,13252.5400390625,11960.83984375,12967.16015625,0.0,13302.0400390625,12712.683984375,10645.148510742187,7863.003694661458,6401.544506835938,67.59474057658852,1542.346484173895,1397.6706356249404,144.67584854895472,10645.148510742187,15233.920170506663,6056.376850977711,0.8621338922860258,0.7530101536613606,1038.8993211960374,14655.2900390625,7084.1298828125,14655.2900390625,4647.31982421875,0.027002573776713668,0.061076431002637266,0.5697943057241859,1.6344290469508649
2026-07-17,12563.6298828125,12846.2900390625,11194.599609375,11673.8896484375,0.0,12962.5240234375,12702.52294921875,10823.924487304688,7979.195524088542,6457.950170898437,57.03374261567207,1391.0147567803142,1396.339459856015,-5.3247030757008815,10823.924487304688,15278.520717579217,6369.328257030159,0.8231018676265334,0.5954031653145397,1091.3036944588205,14655.2900390625,7084.1298828125,14655.2900390625,4647.31982421875,-0.0997342897156368,-0.1269553843249368,0.4415110052406137,1.4825492493931245
2026-07-24,11952.7001953125,12525.7099609375,11711.3896484375,11818.8798828125,0.0,12457.9439453125,12725.56494140625,11039.131469726562,8096.8758544921875,6516.281420898437,57.829237818378914,1268.1641656183292,1370.704401008478,-102.54023539014884,11039.131469726562,15242.227775723606,6836.035163729519,0.7614903975957727,0.5927588087826325,1074.197738604619,14655.2900390625,7084.1298828125,14655.2900390625,4673.41015625,0.012420044967137889,-0.17591263724055783,0.5727596050158712,1.4839703024483435
2026-07-31,11888.900390625,11949.4599609375,10445.4404296875,11311.080078125,0.0,12079.4458984375,12636.4189453125,11222.353466796874,8201.426188151041,6570.99833984375,54.05455230023017,1116.953442646054,1319.9542093359933,-203.00076668993916,11222.353466796874,15126.803373872082,7317.903559721666,0.6958344198705105,0.5113622422415185,1104.8992952221463,14655.2900390625,7084.1298828125,14655.2900390625,4759.02001953125,-0.04296513795913637,-0.14333170419695906,0.47922223040284173,1.245126089521491
2026-08-07,11046.08984375,12425.740234375,10922.3095703125,12356.7900390625,0.0,12025.5599609375,12589.1599609375,11456.662475585938,8322.168684895832,6638.081005859375,59.86442006749574,1069.173147256568,1269.7979969201083,-200.62484966354032,11456.662475585938,15028.712163473367,7884.612787698508,0.6235759664735591,0.6259959466029871,1133.3658215678859,14655.2900390625,7084.1298828125,14655.2900390625,5083.27978515625,0.0924500537273929,-0.021338903752259664,0.6109266745808197,1.4170988593170422
2026-08-14,12424.669921875,12704.3798828125,11992.9501953125,12417.0498046875,0.0,11915.537890625,12608.78896484375,11704.631469726562,8442.261515299479,6702.095670572917,60.176926822075565,1024.361180351625,1220.7106336064116,-196.34945325478657,11704.631469726562,14786.784120061857,8622.478819391268,0.5266552233288381,0.6155715527073969,1103.2275262773226,14655.2900390625,7084.1298828125,14655.2900390625,5140.3798828125,0.004876652062105524,-0.042423348283961326,0.6650039402073211,1.3826340792295704
2026-08-21,12615.7099609375,12770.7099609375,11631.7197265625,11740.3701171875,0.0,11928.833984375,12445.67900390625,11899.98046875,8545.517846679688,6760.630505371094,54.998246592716335,923.5983117753658,1161.2881692402025,-237.68985746483668,11899.98046875,14419.895862726135,9380.065074773865,0.4235158873736928,0.4683302161762952,1105.7820054271567,14655.2900390625,7084.1298828125,14655.2900390625,5140.3798828125,-0.05449601138303806,0.005694800169615988,0.49875978500737683,1.1172931999781617
2026-08-28,11513.8798828125,11910.0302734375,11263.33984375,11469.66015625,0.0,11858.9900390625,12158.4669921875,12028.97197265625,8642.560180664062,6816.144091796875,53.032022296137974,812.5326108869849,1091.537057569559,-279.0044466825741,12028.97197265625,14152.236534577813,9905.707410734689,0.3530251075067889,0.36828965489348353,1072.9897500171812,14655.2900390625,7790.06982421875,14655.2900390625,5418.31982421875,-0.023058043165197106,-0.02954761618910684,0.2902001562969272,1.0310636073316548
2026-09-04,11529.16015625,11750.25,11056.3798828125,11735.259765625,0.0,11943.8259765625,12011.6359375,12137.940966796876,8743.209676106771,6872.412756347656,54.741609273948114,737.4431261993705,1020.7182712955213,-283.2751450961508,12137.940966796876,13942.039608312403,10333.842325281348,0.297266010182552,0.3883982305885435,1045.9097762436327,14655.2900390625,8837.9599609375,14655.2900390625,5418.31982421875,0.023156711337281477,0.037501254042073384,0.2280668980291809,1.060158398738488
2026-09-11,11987.2900390625,12023.8603515625,11561.0400390625,11614.169921875,0.0,11795.301953125,11910.43095703125,12192.966455078125,8841.235506184896,6925.689839680989,53.78048613347907,660.5488344076566,948.6843839179484,-288.13554951029175,12192.966455078125,13857.259182357002,10528.673727799249,0.2729922588421019,0.32611336223602344,1004.2605288333732,14655.2900390625,9462.9404296875,14655.2900390625,5418.31982421875,-0.010318463005369316,-0.060098141575596564,0.10467427606272639,1.0259793400671153
