timestamp,open,high,low,close,volume,sma5,sma10,sma20,sma60,sma120,sma240,rsi14,macd,macd_signal,macd_hist,bb_mid,bb_upper,bb_lower,bb_width,bb_percent_b,atr14,prev20_high,prev20_low,prev60_high,prev60_low,return_1,return_5,return_20,return_60
2023-12-15,351.9,352.7,351.85,352.25,5,,,,,,,,,,,,,,,,,,,,,,,,
2023-12-18,352.25,352.25,352.25,352.25,0,,,,,,,,,,,,,,,,,,,,,0.0,,,
2023-12-19,361.8,361.8,361.8,361.8,0,,,,,,,,,,,,,,,,,,,,,0.027111426543648065,,,
2023-12-20,362.15,362.15,362.15,362.15,0,,,,,,,,,,,,,,,,,,,,,0.0009673852957434725,,,
2023-12-21,369.7,369.7,369.7,369.7,0,359.63,,,,,,,,,,,,,,,,,,,,0.020847715035206438,,,
2023-12-22,366.8,366.8,366.8,366.8,0,362.54,,,,,,,,,,,,,,,,,,,,-0.00784419799837699,0.041305890702626025,,
2023-12-26,368.65,368.65,368.65,368.65,0,365.82,,,,,,,,,,,,,,,,,,,,0.005043620501635759,0.04655784244144767,,
2023-12-27,370.1,370.1,370.1,370.1,0,367.48,,,,,,,,,,,,,,,,,,,,0.003933270039332859,0.022940851299060316,,
2023-12-28,374.65,374.65,374.65,374.65,0,369.97999999999996,,,,,,,,,,,,,,,,,,,,0.012293974601458979,0.03451608449537491,,
2024-01-02,382.05,382.05,382.05,382.05,0,372.45,366.04,,,,,,,,,,,,,,,,,,,0.01975176831709602,0.033405463889640385,,
2024-01-03,383.4,383.4,383.4,383.4,0,375.77,369.15500000000003,,,,,,,,,,,,,,,,,,,0.0035335689045934426,0.04525627044711,,
2024-01-04,372.2,372.2,372.2,372.2,0,376.48,371.15,,,,,,,,,,,,,,,,,,,-0.029212310902451688,0.009629730096297306,,
2024-01-05,368.6,368.6,368.6,368.6,0,376.17999999999995,371.83,,,,,,,,,,,,,,,,,,,-0.00967221923696926,-0.004052958659821693,,
2024-01-08,356.7,356.7,356.7,356.7,1,372.59000000000003,371.285,,,,,,,,,,,,,,3.6476192680527073,,,,,-0.03228431904503537,-0.04791138395836114,,
2024-01-09,356.7,356.7,356.7,356.7,1,367.52000000000004,369.985,,,,,43.0359199953828,,,,,,,,,3.3870750346203713,,,,,0.0,-0.06635257165292507,,
2024-01-10,356.7,356.7,356.7,356.7,0,362.18,368.975,,,,,43.0359199953828,,,,,,,,,3.145141103576059,,,,,0.0,-0.06964006259780908,,
2024-01-11,359.95,359.95,359.95,359.95,0,359.72999999999996,368.105,,,,,47.60698733910585,,,,,,,,,3.1526310247491978,,,,,0.00911129800953181,-0.03291241268135414,,
2024-01-12,360.65,360.65,360.65,360.65,0,358.14,367.15999999999997,,,,,48.56435788104713,,,,,,,,,2.977443094409969,,,,,0.0019447145436866098,-0.021568095496473316,,
2024-01-15,356.8,356.8,356.8,356.8,0,358.15999999999997,365.375,,,,,43.82148827870474,,,,,,,,,3.0397685876663973,,,,,-0.010675169832247255,0.0002803476310626607,,
2024-01-16,358.1,358.1,358.1,358.1,0,358.43999999999994,362.97999999999996,364.51,,,,45.74814967118752,,,,364.51,382.1535710671054,346.86642893289456,0.09680706190285823,0.31834743160496753,2.9154994028330843,,,,,0.003643497757847669,0.003924866834875251,,
2024-01-17,352.05,352.05,352.05,352.05,0,357.51000000000005,359.84499999999997,364.5,,,,39.038168452301264,,,,364.5,382.1715590710045,346.8284409289955,0.09696328708370086,0.14773906054424008,3.1393923026307218,383.4,351.85,,,-0.016894722144652374,-0.01303616484440695,-0.000567778566359034,
2024-01-18,342.3,342.3,342.3,342.3,0,353.98,356.855,364.0025,,,,31.11714296207819,,,,364.0025,383.4922274224141,344.5127725775859,0.10708567893030456,-0.0567676635395399,3.611578566728528,383.4,352.05,,,-0.027694929697486104,-0.049034588137241264,-0.028246983676366133,
2024-01-19,344.15,344.15,344.15,344.15,0,350.68,354.40999999999997,363.12,,,,33.85942269825064,,,,363.12,384.4410787719571,341.7989212280429,0.11743268766224446,0.055135080103202186,3.4857515262479164,383.4,342.3,,,0.0054046158340634864,-0.04575072785248857,-0.04878385848535116,
2024-01-22,349.1,349.1,349.1,349.1,0,349.14,353.65,362.46750000000003,,,,40.66591005406802,,,,362.46750000000003,384.6487820864801,340.28621791352,0.12239046031150407,0.19867611917374756,3.590340702944497,383.4,342.3,,,0.014383263112015321,-0.021580717488789203,-0.036034792213171185,
2024-01-23,349.85,349.85,349.85,349.85,0,347.48999999999995,352.96500000000003,361.475,,,,41.64577920023388,,,,361.475,384.0459437108864,338.90405628911367,0.12488246053467793,0.24247864535692712,3.3874592241627473,383.4,342.3,,,0.002148381552563805,-0.02303825746998045,-0.05369218285096011,
2024-01-24,352.0,352.0,352.0,352.0,0,347.48,352.495,360.735,,,,44.476533960039305,-3.0365216019775403,,,360.735,383.5284442329368,337.9415557670632,0.1263722357572001,0.3083878875273743,3.2990692795796925,383.4,342.3,,,0.006145490924681862,-0.00014202528050000218,-0.040348964013086186,
2024-01-25,350.25,350.25,350.25,350.25,0,349.07,351.525,359.81499999999994,,,,42.66243937017712,-3.0662845926889304,,,359.81499999999994,382.74125350989556,336.8887464901043,0.1274335617464287,0.2913963571092979,3.188421473895429,383.4,342.3,,,-0.004971590909090939,0.02322524101665202,-0.04991184049911834,
2024-01-26,350.5,350.5,350.5,350.5,0,350.34,350.51000000000005,358.835,,,,43.01999049887295,-3.0347167410503744,,,358.835,381.5939345093306,336.07606549066935,0.1268490225832521,0.3168851007374088,2.978534225760041,383.4,342.3,,,0.0007137758743753775,0.01845125671945369,-0.05295865982166992,
2024-01-29,350.65,350.65,350.65,350.65,0,350.65,349.895,357.635,,,,43.24866144261212,-2.963434615224685,,,357.635,379.44291370122323,335.82708629877675,0.12195626099919327,0.3398517140223227,2.776496066777179,383.4,342.3,,,0.00042796005706136064,0.004439988541964812,-0.06405978913652743,
2024-01-30,355.1,355.1,355.1,355.1,0,351.7,349.595,356.2875,,,,49.69815767857534,-2.5188297062134097,,,356.2875,375.00617717014217,337.5688228298579,0.10507624977099754,0.4682803440326926,2.896032062007384,383.4,342.3,,,0.012690717239412619,0.015006431327711844,-0.0705405051694804,
2024-01-31,345.0,345.0,345.0,345.0,1,350.3,348.89,354.36749999999995,,,,38.89424479460477,-2.947485920449992,,,354.36749999999995,368.99990496295806,339.73509503704184,0.08258322201081142,0.17990566063084806,3.4106012004354294,383.4,342.3,,,-0.02844269219938056,-0.019886363636363646,-0.1001564945226916,
2024-02-01,345.0,345.0,345.0,345.0,0,349.25,349.16,353.0075,,,,38.89424479460477,-3.2497381006016894,,,353.0075,365.6826439834032,340.3323560165968,0.0718123211739308,0.18412587618393134,3.166986828975756,372.2,342.3,,,0.0,-0.01498929336188437,-0.07307898979043526,
2024-02-02,358.5,358.5,358.5,358.5,0,350.85,350.595,352.50249999999994,,,,54.2961734766896,-2.372588234901798,,,352.50249999999994,363.32134813646996,341.6836518635299,0.061383100184935,0.7771783060611905,3.905059198334631,368.6,342.3,,,0.03913043478260869,0.022824536376604865,-0.027400976668475407,
2024-02-05,371.5,371.5,371.5,371.5,0,355.02,352.83500000000004,353.24249999999995,,,,63.76706347665204,-0.621287477046792,-2.4193744710472593,1.7980869940004673,353.24249999999995,366.7892440737618,339.6957559262381,0.07669940097107132,1.1738704112437728,4.554697827025015,360.65,342.3,,,0.036262203626220346,0.05946100099814644,0.04149144939725269,
2024-02-06,366.25,366.25,366.25,366.25,0,357.25,354.475,353.71999999999997,,,,58.49525634919197,0.33909103668054286,-1.867681369501699,2.2067724061822416,353.71999999999997,368.3504613734496,339.08953862655034,0.08272340480294943,0.9282161607951278,4.6043622679517995,371.5,342.3,,,-0.014131897711978425,0.03139960574486045,0.026773198766470552,
2024-02-07,364.85,364.85,364.85,364.85,0,361.22,355.76,354.1275,,,,57.13867245521227,0.9759791481571938,-1.2989492659699207,2.2749284141271144,354.1275,369.5023325194131,338.7526674805869,0.08683218625728346,0.8487029854296374,4.375479248812384,371.5,342.3,,,-0.003822525597269588,0.05753623188405799,0.0228483319315953,
2024-02-08,369.95,369.95,369.95,369.95,0,366.21,357.72999999999996,354.6275,,,,60.7130554533949,1.870680897625732,-0.66502323325079,2.535704130876522,354.6275,371.3210758601925,337.9339241398075,0.09414710286253876,0.958934027326585,4.427230731040069,371.5,342.3,,,0.013978347265999558,0.07231884057971016,0.027781636338380267,
2024-02-13,370.75,370.75,370.75,370.75,0,368.66,359.755,355.1325,,,,61.25882927697937,2.6141574147577558,-0.00918710364908093,2.623344518406837,355.1325,373.08767404538315,337.17732595461683,0.1011181688264699,0.9349024955292973,4.168142821680065,371.5,342.3,,,0.00216245438572793,0.03417015341701535,0.02800499098849296,
2024-02-14,375.0,375.0,375.0,375.0,0,369.36,362.18999999999994,356.0425,,,,64.1112063388662,3.5058936328553614,0.6938290436518075,2.812064589203554,356.0425,375.9789810084428,336.1060189915572,0.1119893327815797,0.9754474972782752,4.173989762988632,371.5,342.3,,,0.011463250168577188,0.009421265141319024,0.05100896860986537,
2024-02-15,369.75,369.75,369.75,369.75,0,370.06000000000006,363.655,356.625,,,,58.391917998848676,3.745790742386589,1.304221383398764,2.441569358987825,356.625,377.4297710874213,335.8202289125787,0.11667589814186483,0.815432454047415,4.250847637060873,375.0,342.3,,,-0.014000000000000012,0.009556313993174026,0.0325328120636692,
2024-02-16,369.35,369.35,369.35,369.35,0,370.96,366.09000000000003,357.49,,,,57.967612336913916,3.859148412333923,1.8152067891857957,2.043941623148127,357.49,378.8919765442353,336.0880234557647,0.11973468653240824,0.7770772123660359,3.975787091556523,375.0,342.3,,,-0.00108181203515878,0.012333835822941008,0.04914074705297544,
2024-02-19,373.45,373.45,373.45,373.45,0,371.65999999999997,368.935,359.0475,,,,61.08872932993664,4.231048029388546,2.298375037226346,1.9326729921622001,359.0475,380.33454946675323,337.7604505332468,0.11857511592061339,0.8382925384397272,3.9846594421596264,375.0,342.3,,,0.011100582103695578,0.009460737937559083,0.09100204498977504,
2024-02-20,379.3,379.3,379.3,379.3,0,373.37,371.015,360.805,,,,65.07378343830825,4.940871968341469,2.826874423449371,2.113997544892098,360.805,382.67801762446135,338.93198237553867,0.12124564584449406,0.9227811707909113,4.11789805343394,375.0,344.15,,,0.015664747623510555,0.023061362103843575,0.10213569664390532,
2024-02-21,374.55,374.55,374.55,374.55,0,373.28000000000003,371.32,362.0775,,,,59.72519916579666,5.061778222867588,3.2738551833330143,1.7879230395345735,362.0775,384.03963730491625,340.1153626950837,0.12131180371559276,0.7839546039357479,4.163048192474373,379.3,345.0,,,-0.012523068810967541,-0.0011999999999999789,0.07290174735032928,
2024-02-22,373.75,373.75,373.75,373.75,0,374.08000000000004,372.07,363.27250000000004,,,,58.847905773712526,5.0350035992300946,3.6260848665124303,1.4089187327176642,363.27250000000004,385.04336298243584,341.50163701756424,0.11985968099669421,0.740631251238248,3.9228304644404903,379.3,345.0,,,-0.0021358964090242294,0.010818120351588911,0.06831499213948833,
2024-02-23,375.95,375.95,375.95,375.95,0,375.4,373.18,364.47,,,,60.56345615163516,5.132145947101208,3.927297082630186,1.2048488644710216,364.47,386.2636779823873,342.67632201761273,0.11959106638344606,0.7633791324547788,3.799771145551883,379.3,345.0,,,0.005886287625417985,0.01786922972790017,0.0680397727272728,
2024-02-26,377.2,377.2,377.2,377.2,0,376.15,373.90500000000003,365.8175,,,,61.544397783936695,5.249483730224142,4.1917344121489775,1.0577493180751647,365.8175,387.257422457882,344.377577542118,0.11721649433327824,0.7654510533412732,3.6176446351553198,379.3,345.0,,,0.0033249102274237607,0.010041504886865615,0.07694503925767315,
2024-02-27,373.1,373.1,373.1,373.1,0,374.91,374.14,366.94750000000005,,,,56.57369925340274,4.9545263383093925,4.34429279738106,0.6102335409283324,366.94750000000005,387.3985262578677,346.4964737421324,0.11146567973820572,0.6504203242033655,3.6520985897870806,379.3,345.0,,,-0.010869565217391242,-0.01634590034273664,0.06447931526390871,
2024-02-28,370.15,370.15,370.15,370.15,0,374.03,373.65500000000003,367.9225,,,,53.24170896025967,4.431644890646112,4.3617632160340705,0.06988167461204142,367.9225,386.98480508097043,348.8601949190296,0.10362130655760611,0.5584268269377254,3.6019486905165783,379.3,345.0,,,-0.007906727418922621,-0.011747430249632984,0.05561100812776276,
2024-02-29,375.15,375.15,375.15,375.15,0,374.31000000000006,374.19500000000005,368.925,,,,57.78045016366025,4.370337261956649,4.363478025218587,0.006859236738062435,368.925,387.2802581022439,350.5697418977561,0.09950671872192943,0.6695699391783264,3.701809498336823,379.3,345.0,,,0.013508037282182972,0.003745819397993344,0.0564629681779778,
2024-03-04,373.6,373.6,373.6,373.6,0,373.84000000000003,374.62,370.355,,,,55.96679949745539,4.148853082647747,4.320553036704419,-0.17169995405667215,370.355,385.14100351683953,355.5689964831605,0.07984773267183926,0.6097321529886129,3.5481088198841895,379.3,345.0,,,-0.004131680661068837,-0.0062508312275567635,0.08289855072463781,
2024-03-05,379.7,379.7,379.7,379.7,0,374.34000000000003,375.245,372.09000000000003,,,,61.13683689071691,4.414654901335723,4.339373409630681,0.07528149170504239,372.09000000000003,381.8611616504892,362.3188383495109,0.05252042059979654,0.8894112221354458,3.730386761321031,379.3,345.0,,,0.016327623126338286,0.006627783669141074,0.1005797101449275,
2024-03-06,375.5,375.5,375.5,375.5,0,374.82,374.86499999999995,372.94,,,,56.240547172491354,4.237551996873719,4.319009127079289,-0.08145713020556933,372.94,380.5540396636733,365.3259603363267,0.04083251817275316,0.6681104980457225,3.7639305640838137,379.7,358.5,,,-0.011061364234922322,0.006432591798445353,0.04741980474198049,
2024-03-07,374.3,374.3,374.3,374.3,0,375.65,374.84000000000003,373.08000000000004,,,,54.88798247235349,3.954778473470469,4.246162996357525,-0.2913845228870562,373.08000000000004,380.6859450431876,365.4740549568125,0.04077380209707058,0.5802004217143729,3.580792666649255,379.7,364.85,,,-0.003195739014647092,0.011211670944211827,0.00753701211305513,
2024-03-08,374.9,374.9,374.9,374.9,0,375.6,374.95500000000004,373.5125,,,,55.46470580841819,3.736026812986779,4.144135759683376,-0.40810894669659703,373.5125,380.4720168654145,366.5529831345855,0.037265242075778,0.5996836437666531,3.3678789047457345,379.7,364.85,,,0.0016029922522040607,-0.0006664001066239988,0.023617747440273007,
2024-03-11,380.4,380.4,380.4,380.4,0,376.96,375.4,374.29,,,,60.455375764508354,3.960810819012579,4.107470771549217,-0.14665995253663766,374.29,380.653693895843,367.92630610415705,0.03400408183944519,0.9800670883927386,3.5201732686924676,379.7,364.85,,,0.014670578821018854,0.01820128479657379,0.04262025489927357,
2024-03-12,367.0,367.0,366.6,366.6,2,374.34,374.34000000000003,374.1225,,,,46.404194330710006,2.990931498160819,3.8841629168715377,-0.8932314187107186,374.1225,381.08270653429116,367.16229346570884,0.03720816863081563,-0.0403934468710478,4.254446606643002,380.4,369.35,,,-0.03627760252365919,-0.0345009217803528,-0.009055277740235068,
2024-03-13,366.6,366.6,366.6,366.6,0,372.56,373.69,373.915,,,,46.404194330710006,2.196969847941716,3.5467243030855737,-1.3497544551438576,373.915,381.48567368204374,366.3443263179563,0.04049408920232522,0.016885794632129834,3.950557563311359,380.4,366.6,,,0.0,-0.02370173102529949,-0.011193526635198903,
2024-03-14,381.75,381.75,381.75,381.75,0,374.05,374.85,374.2525,,,,58.642800348548164,2.758430437109837,3.3890655298904266,-0.6306350927805897,374.2525,382.553191236276,365.951808763724,0.044358775085141765,0.9516190150064932,4.750517737360546,380.4,366.6,,,0.04132569558101462,0.019903820464867827,0.018000000000000016,
2024-03-15,384.4,384.4,384.4,384.4,0,375.95,375.775,374.985,365.37333333333333,,,60.34841013947068,3.3782821187987224,3.3869088476720863,-0.00862672887336391,374.985,384.11161492558927,365.85838507441076,0.04867722669221036,1.0157991257855163,4.600480756120505,381.75,366.6,,,0.006941715782580182,0.02534009069085097,0.03962136578769426,
2024-03-18,376.4,376.4,376.4,376.4,0,375.15,376.055,375.3375,365.7758333333333,,,53.21363516826984,3.1872453210472145,3.346976142347112,-0.15973082129989757,375.3375,384.10379197551555,366.5712080244844,0.04671151683759588,0.5606014494479299,4.843303559254754,384.4,366.6,384.4,342.3,-0.020811654526534884,-0.01051524710830709,0.019087586300257087,0.06855926188786365
2024-03-19,378.4,378.4,378.4,378.4,0,377.51000000000005,375.925,375.585,366.2116666666667,,,54.65691390785317,3.1607948917997533,3.3097398922376406,-0.1489450004378874,375.585,384.4035089442597,366.76649105574023,0.04695879198721859,0.6596074811395622,4.640210447879415,384.4,366.6,384.4,342.3,0.005313496280552554,0.03218767048554261,0.013254786450662692,0.07423704755145488
2024-03-20,374.05,374.05,374.05,374.05,0,379.0,375.78000000000003,375.3225,366.41583333333335,,,50.97374688174228,2.7570426194059223,3.1992004376712972,-0.4421578182653749,375.3225,383.99437840089956,366.6506215991004,0.04621027729965335,0.42663065940431216,4.619481130173741,384.4,366.6,384.4,342.3,-0.011495771670190225,0.020321876704855413,-0.013841286580543066,0.03385848535102265
2024-03-21,380.8,380.8,380.8,380.8,0,378.81,376.43,375.635,366.72666666666663,,,55.93579987058822,2.9477547408135933,3.1489112982997565,-0.20115655748616312,375.635,384.61787815791735,366.65212184208264,0.04782769527822144,0.7874913757706753,4.771661049447045,384.4,366.6,384.4,342.3,0.01804571581339398,-0.0024885396201702603,0.016686690695501216,0.051497998067099315
2024-03-22,391.8,391.8,391.8,391.8,0,380.29,378.12,376.5375,367.09499999999997,,,62.5821747408487,3.9410733004256713,3.3073436987249396,0.6337296017007317,376.5375,387.8946508310839,365.18034916891617,0.06032414211643651,1.1719334904942629,5.21654240305797,384.4,366.6,384.4,342.3,0.028886554621848637,0.019250780437044757,0.04829431438127085,0.0597781985393564
2024-03-25,389.55,389.55,389.55,389.55,0,382.91999999999996,379.035,377.2175,367.4741666666667,,,60.56970698481435,4.4949146414273855,3.544857887265429,0.9500567541619565,377.2175,389.903369107002,364.53163089299795,0.06726023637292554,0.9860723335539172,5.004646517125257,391.8,366.6,391.8,342.3,-0.005742725880551247,0.034936238044633416,0.03617502327437161,0.06202290076335881
2024-03-26,389.0,389.0,389.0,389.0,0,385.03999999999996,381.275,377.8075,367.8133333333334,,,60.061269406490155,4.833737177637602,3.8026337453398638,1.031103432297738,377.8075,391.4934152050562,364.12158479494383,0.07244914516020023,0.908905792279971,4.68645748018774,391.8,366.6,391.8,342.3,-0.001411885508920574,0.028012684989429326,0.031283138918345665,0.05520141055201422
2024-03-27,392.75,392.75,392.75,392.75,0,388.78000000000003,383.89,378.78999999999996,368.19083333333333,,,62.380019761766974,5.343256404837689,4.110758277239429,1.2324981275982596,378.78999999999996,393.7454872872798,363.83451271272014,0.07896453067546569,0.9667183265861727,4.61956766017433,391.8,366.6,391.8,342.3,0.009640102827763508,0.04999331640155047,0.05266684534977206,0.06119967576330709
2024-03-28,392.85,392.85,392.85,392.85,0,391.19,385.0,379.925,368.4941666666667,,,62.4426390633998,5.689537777660178,4.426514177323579,1.2630236003365987,379.925,395.51732182838686,364.33267817161317,0.08208105193597075,0.9144668171378172,4.2967413987333085,392.75,366.6,392.75,342.3,0.00025461489497136114,0.031643907563025264,0.061326489261110506,0.04857867342853339
2024-03-29,392.2,392.2,392.2,392.2,0,391.27000000000004,385.78,380.77750000000003,368.6633333333333,,,61.723458487477025,5.844150958331227,4.710041533525109,1.1341094248061179,380.77750000000003,397.08052042567545,364.4744795743246,0.0856301668332578,0.850318520794184,4.03625987025236,392.85,366.6,392.85,342.3,-0.0016545755377371796,0.0010209290454312736,0.04544848727175799,0.02656720324564832
2024-04-01,393.6,393.6,393.6,393.6,0,392.08000000000004,387.5,381.77750000000003,368.8333333333333,,,62.719411436724215,6.010367541952917,4.9701067352106705,1.0402608067422463,381.77750000000003,398.6407284868584,364.91427151314167,0.08834060931751274,0.8505408234613364,3.8479555938057657,392.85,366.6,392.85,342.3,0.003569607343192338,0.010396611474778661,0.05353319057815842,0.026604068857590146
2024-04-02,393.65,393.65,393.65,393.65,0,393.01000000000005,389.025,382.475,369.19083333333333,,,62.75668330254675,6.076088597018838,5.191303107572304,0.8847854894465339,382.475,400.0747301115668,364.87526988843325,0.09203074769104788,0.8174764592740998,3.576673051391065,393.6,366.6,393.6,342.3,0.00012703252032508772,0.011953727506426759,0.036739531208848986,0.057630306286942545
2024-04-03,395.3,395.3,395.3,395.3,0,393.52000000000004,391.15,383.46500000000003,369.6358333333334,,,64.03454131540758,6.189960208856689,5.391034527829182,0.7989256810275078,383.46500000000003,401.6032496399182,365.32675036008186,0.0946018522677072,0.8262442692913937,3.439053547720277,393.65,366.6,393.65,342.3,0.0041915407087516066,0.006492679821769709,0.052729693741677686,0.07243624525230596
2024-04-04,389.15,389.15,389.15,389.15,0,392.78000000000003,391.985,384.2075,370.1766666666667,,,56.28301133500487,5.71803671147768,5.456434964558881,0.26160174691879856,384.2075,401.99668983540255,366.4183101645974,0.09260199155613864,0.6389186367038436,3.632692580025974,395.3,366.6,395.3,342.3,-0.015557804199342384,-0.009418353060964835,0.039674058242051835,0.09097280627978699
2024-04-05,394.8,394.8,394.8,394.8,0,393.3,392.28499999999997,385.2025,370.81166666666667,,,60.9587944974851,5.733845518813439,5.5119170754097935,0.22192844340364548,385.2025,403.0241013590247,367.38089864097526,0.09253107837578793,0.7692659264073349,3.7767859671669783,395.3,366.6,395.3,342.3,0.014518823075934773,0.006629270780214247,0.053080821552414115,0.10681244743481932
2024-04-08,389.95,389.95,389.95,389.95,0,392.57,392.325,385.67999999999995,371.36583333333334,,,55.473871050367755,5.293993780756637,5.4683324164791625,-0.17433863572252584,385.67999999999995,403.473043584502,367.8869564154979,0.09226842763172617,0.6199907137787054,3.8534441123693384,395.3,366.6,395.3,342.3,-0.012284701114488428,-0.009273373983739952,0.025105152471083025,0.09321558732828716
2024-04-09,391.1,391.1,391.1,391.1,0,392.06,392.53499999999997,386.90500000000003,371.885,,,56.47392739137244,4.980788073951487,5.370823547973627,-0.3900354740221399,386.90500000000003,402.5144810932328,371.29551890676726,0.08068896030411998,0.6343734610697169,3.660340961485817,395.3,366.6,395.3,342.3,0.00294909603795368,-0.0064778356407975135,0.0668303327877795,0.08653979719405491
2024-04-11,388.3,388.3,388.3,388.3,0,390.65999999999997,392.09000000000003,387.99,372.34583333333336,,,53.33305109371808,4.455276046409551,5.187714047660813,-0.7324380012512615,387.99,400.51507884206694,375.4649211579331,0.06456392609122365,0.5123751716020674,3.5988880356654023,395.3,366.6,395.3,342.3,-0.007159294298133445,-0.017708069820389527,0.05919258046917619,0.07666712879523097
2024-04-12,388.45,388.45,388.45,388.45,0,390.52000000000004,391.65,388.325,372.87333333333333,,,53.48230953319528,4.0047435342737,4.9511199449833905,-0.9463764107096901,388.325,400.51858437868015,376.13141562131983,0.06280092385852137,0.505125646246339,3.352538890260729,395.3,374.05,395.3,342.3,0.00038629925315469826,-0.0017987922394963052,0.017550753110674444,0.08870515695067249
2024-04-15,384.7,384.7,384.7,384.7,0,388.5,390.9,388.34000000000003,373.31666666666666,,,49.242069176988366,3.3069788192467513,4.622291719836063,-1.315312900589312,388.34000000000003,400.51495790547114,376.1650420945289,0.06270256942612712,0.35051283017724755,3.38092896952782,395.3,374.05,395.3,342.3,-0.009653752091646317,-0.025582573454913993,0.0007804370447450637,0.07428092711533085
2024-04-16,382.25,382.25,382.25,382.25,0,386.96000000000004,389.765,388.6325,373.82,,,46.64034316481659,2.527169098707134,4.203267195610278,-1.6760980969031438,388.6325,399.89270759133655,377.37229240866344,0.05794784322637223,0.21659048253645874,3.3144340431329753,395.3,374.05,395.3,342.3,-0.006368598908240153,-0.019746121297602226,0.015541976620616405,0.08578326942195713
2024-04-17,372.45,372.45,372.45,372.45,0,383.23,387.64500000000004,388.335,374.32250000000005,,,37.99314867697527,1.1056410373304857,3.5837419639543193,-2.4781009266238336,388.335,400.89971647113424,375.7702835288657,0.06471070838906749,-0.1321272762697683,3.7776887543377633,395.3,374.05,395.3,342.3,-0.025637671680837193,-0.04768601380721049,-0.01572410147991543,0.0880806310254163
2024-04-18,368.65,368.65,368.65,368.65,0,379.3,384.98,388.065,374.7308333333333,,,35.26306620517521,-0.3238255752846726,2.802228456106521,-3.1260540313911935,388.065,402.0030091835238,374.1269908164762,0.07183337422093605,-0.1964767975239476,3.7792824147422097,395.3,372.45,395.3,344.15,-0.010202711773392381,-0.05060520216327591,-0.014436572650715185,0.0711898881301758
2024-04-19,374.75,374.75,374.75,374.75,0,376.56,383.53999999999996,387.7625,375.15833333333336,,,42.41627873154587,-0.9534780429998477,2.0510871562852473,-3.004565199285095,387.7625,402.55452065304104,372.97047934695894,0.07629422985998414,0.0601513712960918,3.945047956546339,395.3,368.65,395.3,345.0,0.01654686016546858,-0.035268374308147776,-0.015887605042016806,0.07347464909767965
2024-04-22,367.9,367.9,367.9,367.9,0,373.2,380.85,386.5675,375.45916666666665,,,37.416430959833406,-1.9823684032552364,1.2443960443771505,-3.226764447632387,386.5675,403.5597121867635,369.5752878132365,0.08791329941996408,-0.04929575369066851,4.152544531078745,395.3,368.65,395.3,345.0,-0.018278852568379023,-0.043670392513647016,-0.06100051046452282,0.05159354008860917
2024-04-23,373.05,373.05,373.05,373.05,0,371.36,379.15999999999997,385.7425,375.81,,,42.868956573129104,-2.355061780626329,0.5245044793764546,-2.8795662600027834,385.7425,403.65278405693203,367.832215943068,0.0928613469189007,0.14566446965179572,4.223791350287409,395.3,367.9,395.3,345.0,0.013998369122044219,-0.02406801831262262,-0.04235656526761644,0.059801136363636376
2024-04-24,372.75,372.75,372.75,372.75,0,371.41999999999996,377.325,384.93,376.185,,,42.635926590628216,-2.644151329499607,-0.10922668239875771,-2.5349246471008495,384.93,403.632310017749,366.22768998225104,0.09717252496687175,0.17437177577419916,3.943520539552595,395.3,367.9,395.3,345.0,-0.0008041817450744615,0.000805477245267916,-0.041773778920308535,0.06423982869379019
2024-04-25,379.45,379.45,379.45,379.45,0,373.58000000000004,376.43999999999994,384.265,376.66749999999996,,,49.26853726370568,-2.3060402771411077,-0.5485894013472278,-1.75745087579388,384.265,402.752376774437,365.777623225563,0.09622201748500121,0.36977600827993534,4.140411929584552,395.3,367.9,395.3,345.0,0.01797451374916159,0.029296080292960935,-0.033863781031190365,0.08259629101283883
2024-04-26,372.7,372.7,372.7,372.7,0,373.16999999999996,374.865,383.2575,377.035,,,43.77688497675572,-2.5533203326762646,-0.9495355876130352,-1.6037847450632294,383.2575,401.95863031343276,364.5563696865672,0.09759042060981335,0.21773096537334177,4.32681107747137,395.3,367.9,395.3,345.0,-0.017788904994070376,-0.0054703135423616045,-0.05129184166984868,0.06288321688293164
2024-04-29,376.4,376.4,376.4,376.4,0,374.87,374.03499999999997,382.46750000000003,377.39,,,47.24789442818527,-2.422803905159128,-1.2441892511222539,-1.1786146540368743,382.46750000000003,400.9241322767723,364.01086772322776,0.09651346729733777,0.33562819291697055,4.282038857651986,395.3,367.9,395.3,345.0,0.009927555674805522,0.02310410437618926,-0.040285568587455356,0.05998310335116863
2024-04-30,380.4,380.4,380.4,380.4,0,376.34,373.85,381.8075,377.97999999999996,,,50.78525311112298,-1.9738488248518138,-1.390121165868166,-0.5837276589836478,381.8075,399.55498644174696,364.06001355825305,0.09296562504270847,0.4603464973865482,4.2618932249625585,395.3,367.9,395.3,345.0,0.010626992561105109,0.019702452754322364,-0.0335365853658538,0.1026086956521739
2024-05-02,382.25,382.25,382.25,382.25,0,378.23999999999995,374.83,381.2375,378.6008333333333,,,52.3758600268024,-1.452031040282293,-1.4025031407509916,-0.04952789953130132,381.2375,398.1390938597516,364.3359061402484,0.08866700605135426,0.5299527964167656,4.089615137465235,395.3,367.9,395.3,345.0,0.004863301787592089,0.025486250838363533,-0.02895973580591893,0.1079710144927537
2024-05-03,380.0,380.0,380.0,380.0,0,378.35,375.965,380.47249999999997,378.95916666666665,,,50.24875755872656,-1.2061392598898237,-1.363230364578758,0.15709110468893428,380.47249999999997,396.0955110734132,364.84948892658673,0.0821242590379764,0.48487807511049985,3.9582140562177184,395.3,367.9,395.3,358.5,-0.005886200130804431,0.0014494663328501467,-0.038704781178851566,0.0599721059972107
2024-05-07,379.1,379.1,379.1,379.1,0,379.63,376.4,379.97,379.0858333333333,,,49.38479450682281,-1.0715386996405414,-1.3048920315911148,0.2333533319505734,379.97,395.0824253513456,364.85757464865446,0.07954536069345244,0.471215738712564,3.7397701950593083,394.8,367.9,395.3,364.85,-0.002368421052631464,0.017171988194258248,-0.025825517152768707,0.020457604306864052
2024-05-08,389.2,389.2,389.2,389.2,0,382.18999999999994,378.53000000000003,379.69,379.4683333333333,,,58.09285544977414,-0.14817314731254783,-1.0735482547354014,0.9253751074228536,379.69,393.87184050114763,365.50815949885236,0.0747022070697023,0.8352879338626893,4.194072323983641,394.8,367.9,395.3,364.85,0.026642046953310405,0.0340063761955367,-0.014184397163120588,0.0626621160409555
2024-05-09,390.9,390.9,390.9,390.9,0,384.29,380.31499999999994,379.7375,379.90250000000003,,,59.3602270166789,0.7125625207200414,-0.7163260996443128,1.4288886203643543,379.7375,394.06212477693543,365.4128752230646,0.07544487851178998,0.8896262615539186,4.015924300841952,391.1,367.9,395.3,364.85,0.004367934224049241,0.027602523659306044,0.0024362097704833108,0.07139920515280229
2024-05-10,386.1,386.1,386.1,386.1,0,385.06000000000006,381.65,379.4875,380.1716666666667,,,54.36123752595589,0.995901719084884,-0.3738805358984735,1.3697822549833574,379.4875,393.17033139558447,365.80466860441555,0.07211215861173007,0.7416349295268635,4.071929707924667,391.1,367.9,395.3,366.6,-0.012279355333844832,0.010071942446043147,-0.012784454103809795,0.04365454791188017
2024-05-13,387.75,387.75,387.75,387.75,0,386.61,382.48,379.46,380.455,,,55.7410349041833,1.3381657437971626,-0.03147127995934629,1.3696370237565088,379.46,393.0739120020658,365.84608799793415,0.07175413483405804,0.8044679589063769,3.8989347287871894,390.9,367.9,395.3,366.6,0.004273504273504258,0.020394736842105354,-0.0014164305949009304,0.04585300067430875
2024-05-14,386.95,386.95,386.95,386.95,0,388.17999999999995,383.905,379.385,380.65416666666664,,,54.874781438118404,1.5272539028304664,0.2802737565986163,1.24698014623185,379.385,392.8152680539143,365.9547319460857,0.07080020588011804,0.7816399482732274,3.677582248159534,390.9,367.9,395.3,366.6,-0.0020631850419084996,0.0207069374835136,-0.0038615008366584824,0.03186666666666671
2024-05-16,387.25,387.25,387.25,387.25,0,387.78999999999996,384.99,379.5125,380.9458333333333,,,55.15622291029199,1.6819269174254714,0.5606043887639873,1.121322528661484,379.5125,393.1883500649865,365.8366499350135,0.07207061725232498,0.7828891792185517,3.4363263732909965,390.9,367.9,395.3,366.6,0.0007752939656286983,-0.005010277492291881,0.00662854172082139,0.047329276538201404
2024-05-17,391.85,391.85,391.85,391.85,0,387.98,386.135,379.9925,381.3208333333333,,,59.34339793439672,2.1508937873510945,0.8786622684814088,1.2722315188696856,379.9925,394.6571266573681,365.3278733426319,0.07718376892895572,0.9042891877524317,3.519445918055927,390.9,367.9,395.3,366.6,0.011878631375080717,0.002430289076490233,0.025114453891432298,0.06091782861784223
2024-05-20,386.85,386.85,386.85,386.85,0,388.13,386.595,380.7125,381.5441666666667,,,53.49631015385651,2.0949459642176294,1.121919007628653,0.9730269565889764,380.7125,395.2385068497847,366.18649315021526,0.07630958715453116,0.7112590219551977,3.6251997810519323,391.85,367.9,395.3,366.6,-0.012759984688018422,0.0019425019425018952,0.038662907772855526,0.0358816441290668
2024-05-21,390.4,390.4,390.4,390.4,0,388.66,387.635,381.8,381.7291666666667,,,56.754324003940354,2.3104290547630058,1.3596210170555234,0.9508080377074823,381.8,395.7979641376878,367.8020358623122,0.07332616101460347,0.8071875279650674,3.6198283681196486,391.85,367.9,395.3,366.6,0.009176683469044766,0.006834300451321607,0.05899905058999044,0.029264434484576718
2024-05-22,388.8,388.8,388.8,388.8,0,389.03000000000003,388.605,382.50249999999994,381.96666666666664,,,54.88786621112713,2.3252898344807136,1.5527547805405615,0.7725350539401521,382.50249999999994,396.424729526911,368.5802704730889,0.07279549559498856,0.7261670800580927,3.4755549132539567,391.85,367.9,395.3,366.6,-0.004098360655737654,0.00478097945471001,0.03749166110740498,0.038045654785742844
2024-05-23,388.4,388.4,388.4,388.4,0,389.26000000000005,388.525,383.52750000000003,382.21083333333337,,,54.40614929300974,2.278525034151528,1.697908831262755,0.5806162028887729,383.52750000000003,395.9345735872725,371.12042641272757,0.0646997859985136,0.6963597606529189,3.2558724194501054,391.85,367.9,395.3,366.6,-0.0010288065843622185,0.0029696578437701238,0.055721663495515106,0.039197324414715684
2024-05-24,388.35,388.35,388.35,388.35,0,388.56,388.27000000000004,384.2925,382.41749999999996,,,54.341947752592326,2.2119312443306285,1.8007133138763298,0.41121793045429866,384.2925,395.8808680904602,372.70413190953985,0.060310144436647416,0.6750677907504612,3.0268815323465232,391.85,372.7,395.3,366.6,-0.00012873326467544022,-0.008931989281612873,0.04101326899879365,0.03298310945604488
2024-05-27,381.65,381.65,381.65,381.65,0,387.52,387.825,384.7375,382.4916666666667,,,46.434634052865206,1.6000764945355854,1.7605859500081809,-0.16050945547259543,384.7375,395.141771959152,374.33322804084804,0.054085042186695964,0.3516234479393746,3.2892471371789176,391.85,372.7,395.3,366.6,-0.01725247843440203,-0.013441902546206697,0.02387659289067723,0.011797454931071094
2024-05-28,387.3,387.3,387.3,387.3,0,386.9,387.78,385.13,382.72833333333335,,,52.68684987197547,1.5531808758125862,1.7191049351690622,-0.16592405935647592,385.13,395.296336606664,374.963663393336,0.05279431156577781,0.6067247762865527,3.4578723416661403,391.85,372.7,395.3,366.6,0.01480413991877394,-0.007940573770491732,0.02068783765977078,0.038059501474135615
2024-05-29,387.7,387.7,387.7,387.7,0,386.68,387.855,385.88,383.0208333333333,,,53.10418048302836,1.530648059139935,1.681413559963237,-0.15076550082330198,385.88,394.3372099418187,377.4227900581813,0.04383336758483824,0.6076004978308844,3.239452888689986,391.85,372.7,395.3,366.6,0.0010327911179963678,-0.00282921810699599,0.04024684733029238,0.04741321086046191
2024-05-30,381.5,381.5,381.5,381.5,0,385.3,387.28000000000003,386.135,383.12666666666667,,,46.28879214555977,1.0009639656313425,1.5453236410968583,-0.5443596754655158,386.135,393.6932471512909,378.5767528487091,0.03914821060660605,0.1933812888608469,3.4509205394978437,391.85,376.4,395.3,366.6,-0.015991746195511913,-0.017765190525231622,0.013549415515409224,0.016926562708249993
2024-05-31,374.6,374.6,374.6,374.6,0,382.55,385.555,385.84499999999997,383.1433333333333,,,40.11797122989642,0.02413495828835721,1.2410859045351583,-1.2169509462468011,385.84499999999997,394.60992441496194,377.080075585038,0.04543235970382909,-0.14147729447640317,3.697283358105139,391.85,379.1,395.3,366.6,-0.018086500655307924,-0.03540620574224285,-0.01524710830704512,0.002676659528907832
2024-06-03,374.4,374.4,374.4,374.4,0,381.1,384.31,385.4525,383.055,,,39.95171874305826,-0.7574163717757187,0.841385449272983,-1.5988018210487018,385.4525,395.4435197177263,375.46148028227367,0.05184047174542294,-0.05312171891675817,3.447477403954775,391.85,374.6,395.3,366.6,-0.0005339028296851289,-0.018996462727630004,-0.02053629823414005,-0.013958388201211536
2024-06-04,381.2,381.2,381.2,381.2,0,379.88,383.39,385.5125,383.15,,,47.862873493292334,-0.8186612443697641,0.5093761105444337,-1.3280373549141977,385.5125,395.385537779731,375.63946222026897,0.05122032504643051,0.2816021726943352,3.686943303672292,391.85,374.4,395.3,366.6,0.018162393162393098,-0.015750064549444942,0.0031578947368420263,0.015179760319573798
2024-06-05,378.15,378.15,378.15,378.15,0,377.96999999999997,382.325,385.465,383.21416666666664,,,44.9992235455808,-1.1006204893438394,0.18737679056677906,-1.2879972799106185,385.465,395.4692540951335,375.4607459048664,0.05190745772058966,0.1344055273666882,3.6414473534099865,391.85,374.4,395.3,366.6,-0.00800104931794332,-0.024632447768893506,-0.002505935109469948,0.010285866951643019
2024-06-07,381.6,381.6,381.6,381.6,0,377.98999999999995,381.645,385.085,383.3258333333333,,,48.73552263182817,-1.0337723708552176,-0.05685304171762029,-0.9769193291375973,385.085,395.07024411319003,375.09975588680993,0.051859948391602115,0.3254924987063445,3.6277725424521337,391.85,374.4,395.3,366.6,0.009123363744546031,0.0002621231979029748,-0.019527235354573347,0.017871432381968644
2024-06-10,387.45,387.45,387.45,387.45,0,380.56,381.555,384.9125,383.4433333333334,,,54.39303416269754,-0.5029509404625969,-0.14607262146661562,-0.3568783189959813,384.9125,394.6048616833049,375.22013831669517,0.050361376589769635,0.6309020485879527,3.7865030751341218,391.85,374.4,395.3,366.6,0.015330188679245182,0.034303256807260984,-0.00882578664620104,0.018533123028391163
2024-06-11,383.2,383.2,383.2,383.2,0,382.32000000000005,381.71,384.7675,383.71999999999997,,,50.069857194073975,-0.4203649087822896,-0.20093107892975043,-0.21943382985253918,384.7675,394.47122480030197,375.063775199698,0.05043942017089273,0.4192320458247531,3.8196099983388274,391.85,374.4,395.3,366.6,-0.010969157310620758,0.023504273504273643,-0.007511007511007639,0.04528096017457717
2024-06-12,384.1,384.1,384.1,384.1,0,382.9,381.39,384.585,384.01166666666666,,,50.95877036668467,-0.27907539782154345,-0.21655994270810905,-0.0625154551134344,384.585,394.19432359742325,374.9756764025767,0.04997243052861276,0.4747640926500795,3.6110664270289137,391.85,374.4,395.3,366.6,0.0023486430062631403,0.007607555089192086,-0.009413281753707259,0.04773595199127123
2024-06-13,387.2,387.2,387.2,387.2,0,384.71,381.34,384.59749999999997,384.1025,,,53.996776627990926,0.08209530618279359,-0.15682889292992852,0.2389241991127221,384.59749999999997,394.21973856490763,374.9752614350923,0.050037967302999434,0.6352336040332313,3.5745616822411317,391.85,374.4,395.3,367.9,0.008070814891955047,0.023932301996562266,0.0006460783046904339,0.014276358873608341
2024-06-14,384.4,384.4,384.4,384.4,1,385.27,381.63,384.45500000000004,384.10249999999996,374.7379166666667,,50.92800214623281,0.14076642406445217,-0.0973098295310524,0.23807625359550455,384.45500000000004,393.99999345206675,374.91000654793334,0.049654671948949576,0.49711890844785467,3.519235847795337,391.85,374.4,395.3,367.9,-0.00723140495867769,0.007337526205450695,-0.007359586830213094,0.0
2024-06-17,384.4,384.4,384.4,384.4,0,384.65999999999997,382.61,384.0825,384.23583333333335,375.0058333333333,,50.92800214623281,0.18512964834138756,-0.0408219339565644,0.22595158229795198,384.0825,393.0052392094578,375.1597607905422,0.04646261784620649,0.5177916216392079,3.267861858667099,391.85,374.4,395.3,367.9,0.0,-0.007871983481739564,-0.019012377185147478,0.02125398512221044
2024-06-18,389.7,389.7,389.7,389.7,0,385.96,384.14,384.225,384.4241666666667,375.3179166666667,,56.3712389046858,0.6405694434489533,0.09545634152453913,0.5451131019244142,384.225,393.4072382892188,375.04276171078124,0.04779615219841909,0.7981299236390091,3.4130145830480214,390.4,374.4,395.3,367.9,0.01378772112382931,0.016962421711899767,0.007367196587824587,0.029862579281183965
2024-06-19,395.65,395.65,390.75,390.75,2,387.29,385.09499999999997,384.24249999999995,384.70250000000004,375.55916666666667,,57.37987910919975,1.073856240830196,0.2911363213856705,0.7827199194445253,384.24249999999995,393.4729536724906,375.0120463275093,0.048044938664986964,0.8525016337709516,3.5942278271160193,390.4,374.4,395.3,367.9,0.002694380292532772,0.01731319968758127,0.0008965163934426812,0.04464643764202636
2024-06-20,390.75,390.75,390.75,390.75,0,388.0,386.35499999999996,384.34,384.8683333333334,375.7975,,57.37987910919975,1.4010882759199603,0.5131267122925285,0.8879615636274318,384.34,393.7993128714508,374.88068712854914,0.04922367108003765,0.8388195362131459,3.3374972680363038,395.65,374.4,395.65,367.9,0.0,0.009168388429752206,0.005015432098765427,0.02612920168067223
2024-06-21,389.05,389.05,389.05,389.05,1,388.92999999999995,387.1,384.3725,384.82250000000005,375.95874999999995,,54.992634563731635,1.5058872974184965,0.7116788293177221,0.7942084681007744,384.3725,393.89166356619614,374.85333643380386,0.04953092932608936,0.7456886031778283,3.2205331774622814,395.65,374.4,395.65,367.9,-0.004350607805502227,0.012096774193548487,0.0016735324407828323,-0.00701888718734045
2024-06-24,389.05,389.05,389.05,389.05,0,389.86,387.26000000000005,384.4075,384.81416666666667,376.1441666666667,,54.99263456373163,1.570833684092122,0.8835098002726022,0.6873238838195198,384.4075,393.98984183276696,374.8251581672331,0.049855124225031654,0.7422424539335939,2.9904950933578327,395.65,374.4,395.65,367.9,0.0,0.012096774193548487,0.0018024977468777958,-0.0012835322808368854
2024-06-25,394.8,394.8,394.8,394.8,0,390.88,388.41999999999996,385.065,384.9108333333333,376.3620833333334,,61.307353266047514,2.0625058253994553,1.1193090052979728,0.9431968201014824,385.065,395.56128982069356,374.56871017930644,0.05451697672181872,0.9637352896262136,3.187602586689416,395.65,374.4,395.65,367.9,0.014779591312170659,0.013086989992301845,0.03445565308528775,0.014910025706941
2024-06-26,396.15,396.15,396.15,396.15,0,391.96,389.625,385.5075,384.9675,376.57916666666665,,62.63294531998475,2.5319070093251526,1.4018286061034089,1.1300784032217437,385.5075,397.03855697670406,373.97644302329593,0.05982273743937052,0.9614711392676659,3.056345259068741,395.65,374.4,395.65,367.9,0.003419452887537977,0.013819577735124655,0.02285050348566986,0.008656906429026057
2024-06-27,389.95,389.95,389.6,389.6,2,391.73,389.865,385.6025,384.9133333333333,376.70375,,53.123404101430715,2.34831070602678,1.5911250260880831,0.7571856799386967,385.6025,397.235103964719,373.96989603528107,0.06033469163046896,0.6718230936136139,3.3058920262781135,396.15,374.4,396.15,367.9,-0.01653414110816598,-0.002943058221369088,0.004900696414753769,-0.008272877688685232
2024-06-28,389.6,389.6,389.6,389.6,0,391.84000000000003,390.38500000000005,386.0075,384.87,376.76666666666665,,53.123404101430715,2.1777060728895776,1.7084412354483822,0.4692648374411954,386.0075,397.6045373371821,374.4104626628179,0.06008710886281789,0.6548886968088763,3.0697568815439626,396.15,374.4,396.15,367.9,0.0,0.0014137000385554543,0.021231979030144288,-0.006629270780214136
2024-07-01,401.0,401.0,401.0,401.0,0,394.23,392.04499999999996,387.3275,384.9933333333334,376.9133333333333,,64.11968636043618,2.928626020455681,1.9524781924498422,0.9761478280058389,387.3275,399.42917240508496,375.225827594915,0.06248806193768823,1.0649012608478396,3.664774247147964,396.15,374.4,396.15,367.9,0.029260780287474253,0.030715846292250326,0.07047517351841948,0.01880081300813008
2024-07-02,401.35,401.35,401.35,401.35,0,395.53999999999996,393.21000000000004,388.675,385.12166666666667,377.15625,,64.39583221495295,3.511499187119057,2.264282391383685,1.2472167957353717,388.675,400.72031029073116,376.62968970926886,0.06198139983652744,1.02613837643325,3.4280046580659684,401.0,374.4,401.0,367.9,0.0008728179551122928,0.016590678824721428,0.07198183760683774,0.019560523307506683
2024-07-03,397.9,397.9,397.9,397.9,0,395.89,393.925,389.51,385.165,377.4004166666667,,59.53210436617731,3.6529354380705854,2.5420130007210653,1.1109224373495201,389.51,401.6815077126867,377.3384922873133,0.06249650952574629,0.8446573833763767,3.4295757539184026,401.35,378.15,401.35,367.9,-0.008595988538682042,0.00441751861668549,0.04380902413431276,0.00657728307614458
2024-07-04,399.9,399.9,399.9,399.9,0,397.95,394.84000000000003,390.5975,385.34416666666664,377.7604166666667,,61.35435315621293,3.881662581259718,2.8099429168287964,1.0717196644309217,390.5975,402.3956131966087,378.79938680339137,0.060410592472346356,0.8942367667176621,3.327463200067088,401.35,378.15,401.35,367.9,0.005026388539834059,0.026437371663244225,0.057516858389528025,0.027624309392265234
2024-07-05,405.9,405.9,405.9,405.9,0,401.21,396.525,391.8125,385.52916666666664,378.17041666666665,,66.26248359534196,4.495261766592932,3.1470066867816238,1.3482550798113087,391.8125,404.61612741569706,379.00887258430294,0.06535589046136642,1.050137064388835,3.518358685776582,401.35,381.6,401.35,367.9,0.015003750937734539,0.04183778234086222,0.06367924528301883,0.028115501519756725
2024-07-08,413.4,413.4,413.4,413.4,0,403.68999999999994,398.96,393.11,385.91999999999996,378.6429166666667,,71.18830847468465,5.5230644130324436,3.6222182320317877,1.9008461810006558,393.11,408.81339453748734,377.4066054625127,0.07989313188414096,1.146038662263864,3.8027616367925403,405.9,383.2,405.9,367.9,0.018477457501847816,0.030922693266832946,0.06697638404955475,0.06013591486087955
2024-07-09,402.4,402.4,402.4,402.4,4,403.9,399.71999999999997,394.07000000000005,386.10833333333335,378.99666666666667,,57.84788915404604,5.387889114225345,3.975352408470499,1.412536705754846,394.07000000000005,409.5790102843472,378.5609897156529,0.07871195617198538,0.7685535649043701,4.316850091307359,413.4,383.2,413.4,367.9,-0.02660861151427185,0.002616170424816211,0.050104384133611735,0.028892866274609963
2024-07-10,402.4,402.4,402.4,402.4,0,404.8,400.34499999999997,394.985,386.34333333333336,379.34458333333333,,57.84788915404604,5.220582095339751,4.2243983458443495,0.9961837494954011,394.985,410.1895420845215,379.7804579154785,0.07698794680568379,0.7438416086055155,4.008503656213976,413.4,384.1,413.4,367.9,0.0,0.011309374214626855,0.047643842749284016,0.036312129796548964
2024-07-11,413.6,413.6,413.6,413.6,0,407.53999999999996,402.745,396.305,386.7625,379.8179166666667,,65.48549382654559,5.92345457803242,4.564209592281964,1.3592449857504558,396.305,413.07971013162324,379.53028986837677,0.08465555635999161,1.0155081627132245,4.52218196648441,413.4,384.4,413.4,367.9,0.027833001988071704,0.034258564641160394,0.06818181818181834,0.06474449736130783
2024-07-12,401.0,401.5,401.0,401.0,3,406.56,403.88499999999993,397.135,387.03416666666664,380.1754166666667,,53.697739918644835,5.40150618609033,4.731668911043638,0.6698372750466923,397.135,413.09426376747945,381.17573623252053,0.0803719831668297,0.6210895457432004,5.099168968878382,413.6,384.4,413.6,367.9,-0.030464216634429442,-0.012071938901207169,0.043184183142559895,0.04237067845074094
2024-07-15,401.0,401.0,401.0,401.0,0,404.08000000000004,403.88499999999993,397.96500000000003,387.34666666666664,380.5833333333333,,53.697739918644835,4.931016634727314,4.771538455780373,0.15947817894694083,397.96500000000003,412.88123612041534,383.0487638795847,0.07496255258836985,0.6017347799907135,4.734942613958498,413.6,384.4,413.6,367.9,0.0,-0.029995162070633685,0.043184183142559895,0.049051667756703665
2024-07-16,412.25,412.25,412.25,412.25,0,406.05,404.975,399.09250000000003,388.01,381.16625,,60.97234970615087,5.403641440528645,4.897959052730028,0.5056823877986174,399.09250000000003,414.7308910617423,383.4541089382578,0.07836975669421126,0.9206794659390654,5.200303855818605,413.6,389.05,413.6,367.9,0.028054862842892714,0.024478131212723797,0.05786502437772656,0.10685998120553108
2024-07-17,412.15,412.15,412.15,412.15,0,408.0,406.4,400.1625,388.735,381.7329166666667,,60.880786723917865,5.704374363130455,5.059242114810113,0.6451322483203423,400.1625,416.2919722480303,384.03302775196977,0.08061461155420736,0.8716023629187211,4.83599643754585,413.6,389.05,413.6,367.9,-0.00024257125530635637,0.024229622266401574,0.054766474728086934,0.11799810117998111
2024-07-18,395.0,395.0,394.0,394.0,3,404.08000000000004,405.81,400.325,389.0558333333334,382.1070833333333,,47.065719256952754,4.4271209621703065,4.9328178842821515,-0.505696922111845,400.325,416.13419036510027,384.5158096348997,0.0789817791299583,0.2999581302416726,5.786996692006859,413.6,389.05,413.6,367.9,-0.044037365037001064,-0.047388781431334626,0.008317338451695466,0.05136757838559047
2024-07-19,394.0,394.0,394.0,394.0,0,402.68,404.62,400.5725,389.49083333333334,382.475,,47.06571925695276,3.3759723322195327,4.621448773869628,-1.2454764416500952,400.5725,415.81262713201494,385.33237286798504,0.07609172937241047,0.2843685966965087,5.373639785434941,413.6,389.05,413.6,367.9,0.0,-0.017456359102244412,0.012723300346999089,0.07094319108453395
2024-07-22,399.9,399.9,399.9,399.9,0,402.46,403.27,401.11499999999995,389.93833333333333,382.87416666666667,,51.237340648714394,2.984605487304009,4.294080116556504,-1.3094746292524952,401.11499999999995,415.4195831816232,386.8104168183767,0.07132409997942352,0.45753109389580615,5.411236943618158,413.6,389.05,413.6,372.7,0.014974619289340074,-0.002743142144638444,0.027888446215139417,0.07197426618415759
2024-07-23,393.0,393.0,389.05,389.05,6,397.82,401.93500000000006,400.8275,390.21,383.1975,,44.320125817607824,1.77843937818443,3.79095196888209,-2.0125125906976598,400.8275,415.84174240512914,385.81325759487083,0.07491622907674325,0.10778906846553392,5.799720019074002,413.6,389.6,413.6,372.7,-0.02713178294573637,-0.05627653123104914,-0.014564336372847042,0.04372904091213958
2024-07-24,387.4,387.4,386.4,386.4,2,392.66999999999996,400.335,400.34000000000003,390.3258333333333,383.49666666666667,,42.80030507643212,0.6017743140230891,3.15311643791029,-2.551342123887201,400.34000000000003,416.51812102810396,384.1618789718961,0.08082190651997767,0.06917122897695935,5.574740017711576,413.6,389.05,413.6,372.7,-0.0068114638221309365,-0.06247725342715027,-0.02461188943581971,0.018315983660561308
2024-07-25,378.4,378.95,377.8,378.95,6,389.65999999999997,396.87,399.8075,390.43,383.73249999999996,,38.774668560408756,-0.9212740902516998,2.3382383322778924,-3.259512422529592,399.8075,417.94680194356937,381.66819805643064,0.09074017842871564,-0.07492565218019016,5.790830016446461,413.6,386.4,413.6,372.7,-0.019280538302277384,-0.03819796954314725,-0.027335728952772143,0.016769519720955195
2024-07-26,378.95,378.95,378.95,378.95,0,386.65,394.66499999999996,399.275,390.4725,383.93125,,38.774668560408756,-2.104046782031105,1.449781309416093,-3.553828091447198,399.275,419.1261586563601,379.4238413436399,0.09943602106998986,-0.011934853573095502,5.377199300986,413.6,377.8,413.6,374.4,0.0,-0.03819796954314725,-0.027335728952772143,0.006774707757704501
2024-07-29,386.0,387.0,385.15,385.15,8,383.7,393.08,398.48249999999996,390.5516666666666,384.2658333333333,,43.87016221228284,-2.5121559077040843,0.6573938659920575,-3.1695497736961418,398.48249999999996,419.23977041303795,377.725229586962,0.10418159097595497,0.17884746561798373,5.5681136366298585,413.6,377.8,413.6,374.4,0.01636099749307296,-0.03688422105526379,-0.03952618453865342,0.01248685594111465
2024-07-30,385.15,385.15,385.15,385.15,0,382.91999999999996,390.37,397.6725,390.6,384.6004166666666,,43.87016221228284,-2.803270967331514,-0.03473910067265684,-2.768531866658857,397.6725,419.17009230704645,376.1749076929536,0.10811706772304562,0.20874645352969504,5.17039123401344,413.6,377.8,413.6,374.4,0.0,-0.010024418455211515,-0.040363772268593556,0.007586657946370146
2024-07-31,389.8,389.8,389.8,389.8,0,383.6,388.135,397.26750000000004,390.7633333333333,384.86125,,47.659176976252716,-2.628466287924823,-0.5534845381230902,-2.074981749801733,397.26750000000004,419.0361764641304,375.4988235358697,0.10959203289536823,0.3284806149720515,5.133220431583911,413.6,377.8,413.6,374.4,0.012073218226664961,0.008799171842650111,-0.020356873586328095,0.025789473684210584
2024-08-01,387.4,388.5,387.4,388.5,2,385.51000000000005,387.585,396.6975,390.92,385.00291666666664,,46.70984947777195,-2.5652607267038547,-0.9558397758392431,-1.6094209508646116,396.6975,418.7556838554307,374.6393161445693,0.11120908932085877,0.3141846116224618,4.937990400756491,413.6,377.8,413.6,374.4,-0.00333504361210879,0.02520121388045915,-0.028507126781695313,0.024795568451595917
2024-08-02,377.4,377.4,370.0,370.0,2,383.71999999999997,385.185,394.90250000000003,390.6,385.03416666666664,,35.785613956605445,-3.9622904354144453,-1.5571299077542835,-2.4051605276601618,394.90250000000003,419.3828896006576,370.42211039934244,0.12398194288796645,-0.008621398724207904,5.906705372131028,413.6,377.8,413.6,374.4,-0.04761904761904767,-0.023617891542419778,-0.08844542990884452,-0.04933196300102771
2024-08-05,358.5,358.5,332.95,338.9,10,374.46999999999997,379.085,391.1775,389.73333333333335,384.8179166666667,,25.140852543812116,-7.492586754940817,-2.74422127719159,-4.748365477749227,391.1775,424.38309403172894,357.9719059682711,0.16977251519695757,-0.28717911129744167,8.131226416978812,413.6,370.0,413.6,370.0,-0.08405405405405408,-0.12008308451252758,-0.1802128688921142,-0.13302634944998726
2024-08-06,353.05,354.8,348.85,354.8,6,368.4,375.65999999999997,388.7975,389.2116666666667,384.69166666666666,,35.675610272114014,-8.904726757362425,-3.9763223732257575,-4.928404384136668,388.7975,425.12145180868947,352.47354819131056,0.18685280542539218,0.032023660599242935,8.686138815766043,413.6,332.95,413.6,332.95,0.046916494541162646,-0.07880046735038293,-0.11829025844930408,-0.08106708106708105
2024-08-07,354.8,354.8,354.8,354.8,0,361.4,372.5,386.4175,388.6625,384.55875000000003,,35.675610272114014,-9.90962588453192,-5.1629830754869905,-4.746642809044929,386.4175,425.03009218182586,347.8049078181742,0.19984908645092855,0.09058045298909362,8.065700328925612,413.6,332.95,413.6,332.95,0.0,-0.08978963571062082,-0.11829025844930408,-0.08497743391360413
2024-08-08,361.15,361.15,361.15,361.15,0,355.92999999999995,370.71999999999997,383.79499999999996,388.23249999999996,384.4433333333334,,39.61181450269624,-10.077457099442142,-6.145877880278022,-3.931579219164121,383.79499999999996,421.78623451534577,345.80376548465415,0.19797670378898014,0.2019707270784662,7.943150305430923,413.6,332.95,413.6,332.95,0.017897406989853426,-0.07039897039897047,-0.12681334622823992,-0.06667528104406262
2024-08-09,356.6,356.6,356.6,356.6,0,353.25,368.485,381.575,387.72166666666664,384.33375,,37.82569222043602,-10.457068939050487,-7.008116092032515,-3.4489528470179716,381.575,420.46370658687437,342.6862934131256,0.20383257072331457,0.17889135186062646,7.7007824264715685,412.25,332.95,413.6,332.95,-0.012598643223037387,-0.03621621621621618,-0.11072319201995007,-0.07914783731439634
2024-08-12,363.8,363.8,363.8,363.8,290,358.23,366.35,379.715,387.25416666666666,384.2875,,42.26230643350676,-10.060957771347148,-7.618684427895442,-2.4422733434517063,379.715,418.2664863526688,341.1635136473312,0.20305485088905526,0.29358772506966885,7.66501225315217,412.25,332.95,413.6,332.95,0.020190689848569754,0.07347300088521691,-0.09276807980049873,-0.07158351409978314
2024-08-13,366.95,366.95,366.95,366.95,0,360.66,364.53,377.45,386.92249999999996,384.23333333333335,,44.14033324710655,-9.384677423188066,-7.971883026953967,-1.4127943962340987,377.45,413.3189280575822,341.5810719424178,0.1900592293420702,0.35363376369731736,7.342511377927014,412.25,332.95,413.6,332.95,0.008658603628367123,0.034244644870349505,-0.10988477865372959,-0.051441127051828905
2024-08-14,368.5,368.5,368.5,368.5,0,363.4,362.4,375.26750000000004,386.5575,384.1433333333333,,45.08684193771355,-8.624233533055644,-8.102353128174304,-0.5218804048813404,375.26750000000004,407.55881887984776,342.9761811201523,0.17209760440138153,0.3952117746385471,6.928760565217943,412.15,332.95,413.6,332.95,0.004224008720534078,0.03861330326944756,-0.1059080431881596,-0.05609631147540983
2024-08-16,372.6,372.6,372.6,372.6,0,365.69,360.81000000000006,374.1975,386.2875,384.12708333333336,,47.615365613527246,-7.603096769754643,-8.002501856490372,0.3994050867357295,374.1975,405.3325521920233,343.0624478079767,0.16640972850980187,0.4743456347825034,6.726706239130949,399.9,332.95,413.6,332.95,0.011126187245590335,0.031704278000830755,-0.05431472081218269,-0.04166666666666663
2024-08-19,381.6,381.6,381.6,381.6,0,370.68999999999994,361.97,373.5775,386.1741666666667,384.1925,,52.75774975323509,-5.998467148709665,-7.601694914934232,1.6032277662245669,373.5775,403.5839238955597,343.5710761044403,0.16064363563415726,0.6336797085171352,6.88908436490731,399.9,332.95,413.6,332.95,0.024154589371980784,0.07010656197420073,-0.03147208121827405,-0.01750772399588041
2024-08-20,374.4,374.75,374.4,374.75,2,372.88,365.555,372.32,385.94750000000005,384.18249999999995,,48.828859276122635,-5.2193588456263456,-7.125227701072655,1.9058688554463092,372.32,399.8110967405816,344.8289032594184,0.14767456349689306,0.5441961268939283,6.911292624556792,399.9,332.95,413.6,332.95,-0.017950733752620573,0.03009895547003838,-0.06289072268067009,-0.03501995622505483
2024-08-21,374.75,374.75,374.75,374.75,0,374.44000000000005,367.55,371.605,385.83250000000004,384.1620833333333,,48.82885927612263,-4.549466484571099,-6.610075457772344,2.060608973201245,371.605,398.04205543361473,345.1679445663853,0.14228578966168223,0.5594809056533792,6.417628865659879,393.0,332.95,413.6,332.95,0.0,0.02125630194849437,-0.036756201002441924,-0.01807939211319265
2024-08-22,381.65,381.65,381.65,381.65,0,377.07000000000005,370.235,371.36749999999995,385.73833333333334,384.23333333333335,,52.924366687881474,-3.4223489198176367,-5.972530150181402,2.5501812303637656,371.36749999999995,397.3500763734087,345.3849236265912,0.13992918805985305,0.6978729871169245,6.452083946684171,389.8,332.95,413.6,332.95,0.018412274849899823,0.03568521031207594,-0.012292960662525831,-0.014588174541699028
2024-08-23,382.05,382.05,382.05,382.05,0,378.96,372.325,371.5225,385.6441666666667,384.33250000000004,,53.158417289880774,-2.4683696435028537,-5.271698048845693,2.803328405342839,371.5225,397.72025706048163,345.32474293951833,0.1410291815999389,0.7009236893008749,6.019792236206733,389.8,332.95,413.6,332.95,0.0010480807022141825,0.0253623188405796,0.00818049874653659,-0.014573123549135869
2024-08-26,371.55,372.5,371.45,372.0,4,377.03999999999996,373.865,371.175,385.48583333333335,384.30625,,46.85520176254688,-2.494529815694989,-4.716264402215552,2.2217345865205633,371.175,397.1529040725001,345.1970959274999,0.13997658286522588,0.5158788791755013,6.3469499336205395,389.8,332.95,413.6,332.95,-0.026305457400863763,-0.02515723270440262,-0.018340150415622092,-0.02490170380078638
2024-08-27,372.0,372.0,372.0,372.0,0,376.48999999999995,374.685,370.51750000000004,385.44250000000005,384.29291666666666,,46.85520176254688,-2.486597986891695,-4.270331119150781,1.7837331322590861,370.51750000000004,395.7007935693491,345.33420643065097,0.13593578478397955,0.5294341960458328,5.893596366933358,389.8,332.95,413.6,332.95,0.0,-0.007338225483655814,-0.0341425418668051,-0.006940736785905011
2024-08-28,378.5,378.5,378.5,378.5,0,377.23999999999995,375.84000000000003,370.185,385.5108333333334,384.2829166666667,,51.1959320352108,-1.9335277735911518,-3.8029704500388557,1.869442676447704,370.185,394.7548616194723,345.6151383805277,0.13274369096247718,0.6692113722246227,5.936910912152404,389.8,332.95,413.6,332.95,0.017473118279569988,0.010006671114076049,-0.01726600025963909,0.010950854700854773
2024-08-29,365.2,367.0,365.2,366.7,5,374.25,375.66,369.03,385.26916666666665,384.20958333333334,,44.14653468983156,-2.4194866916766955,-3.526273698366424,1.1067870066897285,369.03,391.91714486343847,346.1428551365615,0.12403948114483102,0.4490980632599113,6.462845846998662,389.8,332.95,413.6,332.95,-0.031175693527080606,-0.03917201624525091,-0.05926115956900979,-0.0380377754459601
2024-08-30,366.7,366.7,366.7,366.7,0,371.18,375.07,367.93999999999994,385.0783333333333,384.14625,,44.146534689831554,-2.7726512378499137,-3.3755492062631225,0.6028979684132088,367.93999999999994,389.0193405968977,346.8606594031022,0.11458031525193096,0.47058731523645375,6.001214000784472,388.5,332.95,413.6,332.95,0.0,-0.040177987174453644,-0.05611325611325613,-0.030278989818854907
2024-09-02,374.8,374.8,374.8,374.8,0,371.74,374.39,368.17999999999995,384.965,384.1454166666666,,49.664320646590554,-2.371596096101257,-3.1747585842307497,0.8031624881294928,368.17999999999995,389.456075765987,346.9039242340129,0.11557431563901929,0.6555738020679337,6.151127286442726,382.05,332.95,413.6,332.95,0.022088901008999295,0.007526881720430145,0.012972972972973063,-0.017819706498951815
2024-09-03,374.7,374.7,374.7,374.7,0,372.28000000000003,374.385,369.96999999999997,384.75249999999994,384.09791666666666,,49.59917448396044,-2.0383295765420826,-2.9474727826930165,0.9091432061509339,369.96999999999997,386.61011418230106,353.3298858176989,0.0899538567035224,0.642126428586379,5.7189039088396765,382.05,332.95,413.6,332.95,-0.00026680896478126215,0.007258064516129092,0.10563588079079378,-0.032907471931862164
2024-09-04,371.0,371.0,371.0,371.0,0,370.78000000000003,374.01,370.78,384.5491666666667,384.13458333333335,,47.135524043358025,-2.0491511970977854,-2.76780846557397,0.7186572684761847,370.78,385.8947411489584,355.66525885104153,0.0815294306540722,0.5072776635018718,5.574696486779699,382.05,348.85,413.6,332.95,-0.009874566319722389,-0.019815059445178362,0.04565952649379934,-0.03183716075156573
2024-09-05,357.5,357.5,357.5,357.5,0,368.94,371.59499999999997,370.91499999999996,384.1058333333333,384.05875000000003,,39.43821954692194,-3.1112006012699,-2.8364868927131566,-0.27471370855674326,370.91499999999996,385.49519547194126,356.33480452805867,0.07861744859033092,0.03995815674020555,6.140789594866863,382.05,354.8,413.6,332.95,-0.03638814016172509,-0.02508862830651759,0.007609921082299964,-0.06925279875032553
2024-09-06,347.85,347.85,346.45,346.45,8,364.89,368.03499999999997,370.18,383.4266666666666,383.76458333333335,,34.475556332798746,-4.789316794267847,-3.227052873024095,-1.5622639212437526,370.18,387.81681944115826,352.54318055884175,0.09528780291295182,-0.17274034525245477,6.491447480947803,382.05,356.6,413.6,332.95,-0.030909090909090886,-0.055222252522497906,-0.040703308874428856,-0.10524276859504134
2024-09-09,338.55,343.9,338.55,343.9,4,358.71,365.225,369.54499999999996,382.75166666666667,383.4270833333333,,33.43011898490185,-6.252919887992505,-3.832226276017777,-2.4206936119747278,369.54499999999996,389.8104607645624,349.27953923543754,0.1096779053406888,-0.13272679308739416,6.5920583751658155,382.05,346.45,413.6,332.95,-0.007360369461682836,-0.08244397011739601,-0.035614133482894106,-0.10535900104058271
2024-09-10,343.9,343.9,343.9,343.9,0,352.55,362.415,368.55,382.07666666666665,383.15625,,33.43011898490185,-7.3283591222440805,-4.531452845263038,-2.7969062769810424,368.55,391.60777526128703,345.492224738713,0.1251269855449031,-0.034526850935751134,6.121197062653971,382.05,338.55,413.6,332.95,0.0,-0.08219909260741931,-0.05470038482682804,-0.10535900104058271
2024-09-11,349.2,349.2,349.2,349.2,0,348.18999999999994,359.485,367.6625,381.40166666666664,382.9129166666667,,37.96463680596282,-7.66463363201683,-5.158089002613797,-2.5065446294030336,367.6625,392.2161733504383,343.10882664956176,0.1335663732387081,0.12403792425481427,6.062540129607259,382.05,338.55,413.6,332.95,0.015411456818842817,-0.05876010781671159,-0.04837171276740704,-0.10392609699769051
2024-09-12,345.7,345.7,345.7,345.7,0,345.83,357.38499999999993,366.5225,380.6508333333333,382.6766666666666,,36.210495180825035,-8.119952594009476,-5.7504617208929325,-2.3694908731165434,366.5225,392.8666544749499,340.1783455250501,0.143751908682004,0.10479847588580488,5.879501548921027,382.05,338.55,413.6,332.95,-0.010022909507445554,-0.03300699300699306,-0.06187245590230672,-0.11529110684580934
2024-09-13,354.45,354.45,354.45,354.45,0,347.42999999999995,356.15999999999997,365.615,380.0458333333333,382.45708333333334,,43.26781223014992,-7.686143204185953,-6.137598017551538,-1.5485451866344153,365.615,392.3073603302523,338.9226396697477,0.14601348593603825,0.2908577611372579,6.084537152569525,382.05,338.55,413.6,332.95,0.025310963262944686,0.023091355173906702,-0.04871175523349447,-0.09289827255278316
2024-09-19,354.35,354.35,354.35,354.35,0,349.52,354.115,364.2525,379.4675,382.14500000000004,,43.20897651896602,-7.266649885045808,-6.363408391050392,-0.9032414939954165,364.2525,390.3165072705643,338.1884927294357,0.14310955872953116,0.31003496704853417,5.657070213100271,382.05,338.55,413.6,332.95,-0.0002821272393849217,0.030386740331491913,-0.07140985324947591,-0.08919162061431685
2024-09-20,354.3,354.3,354.3,354.3,0,351.6,352.075,363.22999999999996,378.8883333333333,381.85125,,43.17736197923687,-6.8591648072574,-6.462559674291795,-0.39660513296560573,363.22999999999996,389.17072859424013,337.2892714057598,0.14283362384296547,0.32787684687501895,5.256565197878824,382.05,338.55,413.6,332.95,-0.00014110342881334947,0.03024134922942734,-0.05456971314209469,-0.08932013879964018
2024-09-23,355.25,355.25,355.25,355.25,0,352.81000000000006,350.5,362.255,378.2291666666667,381.57,,44.01550652187837,-6.385959520588301,-6.447239643551096,0.061280122962794614,362.255,387.85408006159656,336.65591993840343,0.1413318246075089,0.363178677062915,4.948953398030336,382.05,338.55,413.6,332.95,0.0026813434942138947,0.017325315005727315,-0.05203468979319548,-0.10017730496453903
2024-09-24,356.15,356.15,356.15,356.15,0,354.9,350.36499999999995,360.98,377.5625,381.265,,44.8455139119886,-5.8706452986044155,-6.33192077456176,0.4612754759573443,360.98,385.0845929233421,336.87540707665795,0.1335508500379083,0.3998116247936543,4.659742441028167,382.05,338.55,413.6,332.95,0.002533427163968982,0.030228521839745337,-0.06681514476614703,-0.10097185409567089
2024-09-25,354.7,354.7,354.6,354.6,4,354.93,351.18,359.60749999999996,376.9791666666667,380.94625,,43.64538901131678,-5.523653867721237,-6.170267393193655,0.6466135254724188,359.60749999999996,381.8076863730923,337.40731362690764,0.12346898422915165,0.38721941528226844,4.437617980954723,382.05,338.55,413.6,332.95,-0.004352098834760509,0.00042319085907749354,-0.07184923439340396,-0.08983572895277203
2024-09-26,354.6,354.6,354.6,354.6,0,354.98,352.25,358.7375,376.3958333333333,380.6329166666667,,43.64538901131678,-5.188846862126411,-5.973983286980207,0.7851364248537962,358.7375,380.28096478633455,337.1940352136655,0.12010712449261389,0.40397319927330144,4.120645268029386,378.5,338.55,413.6,332.95,0.0,0.0007055171440666363,-0.04677419354838708,-0.08983572895277203
2024-09-27,367.95,367.95,367.95,367.95,0,357.71,354.655,358.53499999999997,375.84499999999997,380.4191666666666,,55.5323438902638,-3.802444258174603,-5.539675481219087,1.7372312230444837,358.53499999999997,379.6478420635412,337.42215793645875,0.1177728370370604,0.7229685603592503,4.77988489174157,378.5,338.55,413.6,332.95,0.037648054145515975,0.03852667231160023,-0.010887096774193528,-0.08241895261845389
2024-09-30,349.4,349.4,349.4,349.4,1,356.54,354.675,357.08000000000004,374.9791666666667,380.0504166666667,,42.209459004545145,-4.152670773503871,-5.262274539676044,1.1096037661721727,357.08000000000004,376.42562999749657,337.7343700025035,0.10835459839529812,0.3015055596278355,5.76346454233146,378.5,338.55,413.6,332.95,-0.0504144584862074,-0.016467276565798827,-0.07688243064729205,-0.12943814625638483
2024-10-02,341.4,347.6,341.4,347.6,3,354.83000000000004,354.865,356.125,374.14083333333326,379.65291666666667,,41.1771219081633,-4.523330627126484,-5.114485757166132,0.591155130039648,356.125,375.36221653462474,336.88778346537526,0.10803631609476862,0.27842428542986,5.92321707502207,374.8,338.55,413.6,332.95,-0.005151688609043914,-0.024006738733679533,-0.05208617398418314,-0.12641367177682827
2024-10-04,347.6,347.6,347.6,347.6,0,353.43,354.18,355.17,373.2691666666667,379.3066666666666,,41.1771219081633,-4.762185718971807,-5.0440257495272665,0.28184003055545936,355.17,374.1065097100823,336.2334902899177,0.10663349781840979,0.30012156105067445,5.500130141091922,374.8,338.55,413.6,332.95,0.0,-0.01974055273547659,-0.05208617398418314,-0.13078269567391843
2024-10-07,352.55,352.55,352.55,352.55,0,353.02,354.0,354.0575,372.38,378.95458333333335,,45.43349734041743,-4.500181181597384,-4.93525683594129,0.4350756543439065,354.0575,370.72922081700153,337.3857791829985,0.09417521626855259,0.45478871027930506,5.460835131013926,374.8,338.55,413.6,332.95,0.014240506329114,-0.005781161872532414,-0.059364994663820725,-0.1314363143631435
2024-10-08,358.05,358.05,358.05,358.05,0,351.04,354.375,353.225,371.45750000000004,378.68875,,49.78158999460628,-3.804876416627735,-4.70918075207858,0.9043043354508447,353.225,367.12246379740003,339.3275362026,0.0786890157684196,0.6735928249333762,5.46363262165579,374.7,338.55,413.6,332.95,0.015600624024961096,-0.026905829596412523,-0.04443554843875097,-0.1338896952104498
2024-10-10,354.7,354.7,354.7,354.7,0,352.1,354.32,352.41,370.6625,378.3854166666667,,47.30883155183414,-3.483998023370816,-4.464144206337028,0.9801461829662115,352.41,363.71166359435836,341.1083364056417,0.06413928999947975,0.6013125183244309,5.312658862966092,371.0,338.55,413.6,332.95,-0.009356235162686799,0.01516886090440761,-0.043935309973045844,-0.11853876739562619
2024-10-11,355.45,355.45,355.45,355.45,0,353.66999999999996,354.25000000000006,352.3075,369.88,378.1116666666666,,47.932396448682,-3.1330648318063368,-4.19792833143089,1.0648634996245532,352.3075,363.4588351218608,341.15616487813924,0.06330455708073639,0.6409024105929484,4.986754658468515,367.95,338.55,413.6,332.95,0.0021144629264167047,0.022583429228998808,-0.00573426573426572,-0.11667495029821073
2024-10-14,355.8,355.8,355.8,355.8,0,355.31000000000006,354.37,352.775,368.9166666666667,377.83958333333334,,48.24023822948647,-2.794492504149787,-3.9172411659746693,1.1227486618248825,352.775,363.6862556564331,341.86374434356685,0.06185957426933954,0.6386183265817136,4.655557897149336,367.95,338.55,413.6,332.95,0.0009846673231115322,0.02359033371691588,0.02698802135950351,-0.1397485493230174
2024-10-15,359.2,359.2,359.2,359.2,0,356.64,354.83000000000004,353.54,368.22,377.62708333333336,,51.25521315704262,-2.226158144827366,-3.579024561745209,1.352866416917843,353.54,363.99072246306656,343.0892775369335,0.059120452922252306,0.7707946756792526,4.565875190210096,367.95,338.55,412.25,332.95,0.009555930297920012,0.018862572684725576,0.044489677231753344,-0.10423940149625943
2024-10-16,360.9,360.9,360.9,360.9,0,357.21,354.125,354.39,367.5516666666666,377.44916666666666,,52.737601137135236,-1.6199000781807626,-3.18719966503232,1.5672995868515573,354.39,364.31852456309804,344.46147543690194,0.05603162935239737,0.827843274125347,4.361169819480803,367.95,341.4,412.25,332.95,0.004732739420935328,0.007959782153330375,0.049432974701948185,-0.10000000000000009
2024-10-17,357.25,357.25,357.25,357.25,0,357.71999999999997,354.90999999999997,354.79249999999996,366.635,377.3225,,49.27286510987464,-1.4176192558430785,-2.833283583194472,1.4156643273513936,354.79249999999996,364.4969461459704,345.0880538540295,0.05470491143961866,0.6266172207581604,4.310371975232172,367.95,341.4,412.25,332.95,-0.010113604876697102,0.007189173949816885,0.023052691867124997,-0.13341419041843539
2024-10-18,358.05,358.05,358.05,358.05,0,358.24,355.95500000000004,355.40999999999997,365.73333333333335,377.2341666666667,,50.04748552911713,-1.1791642610674558,-2.5024597187690687,1.323295457701613,355.40999999999997,364.255258616911,346.5647413830889,0.04977495634287754,0.6492324936069527,4.059631119858446,367.95,341.4,412.15,332.95,0.002239328201539603,0.007314671543114493,0.035724616719699176,-0.13126288972461475
2024-10-21,355.85,355.85,355.85,355.85,260,358.25,356.78,355.48,365.09749999999997,377.07666666666665,,47.88208118783995,-1.1544013533535917,-2.2328480456859734,1.0784466923323817,355.48,364.3159153459073,346.64408465409275,0.04971258774562432,0.5209372761912768,3.926800325582842,367.95,341.4,399.9,332.95,-0.006144393241167445,0.00014052838673417334,0.00394978135138957,-0.09682741116751259
2024-10-22,356.15,356.15,356.15,356.15,0,357.64,357.14,355.57,364.46666666666664,376.97875000000005,,48.21114212568672,-1.09791301992135,-2.005861040533049,0.9079480206116988,355.57,364.39470396104247,346.7452960389575,0.049636943280043165,0.5328622921834234,3.667743159469779,367.95,341.4,399.9,332.95,0.000843051847688514,-0.008491091314031252,0.005079723437279471,-0.09606598984771575
2024-10-23,351.4,351.4,351.4,351.4,0,355.73999999999995,356.475,355.425,363.65833333333336,376.79833333333335,,43.52529585779547,-1.4200613282587824,-1.8887010980781958,0.46863976981941335,355.425,364.42202728683424,346.4279727131658,0.05062686804155152,0.27631500540795256,3.745047219507652,367.95,341.4,399.9,332.95,-0.013337077074266457,-0.02632308118592408,-0.008185153824442626,-0.12128032008001999
2024-10-24,355.8,355.8,355.8,355.8,0,355.45,356.585,355.4525,363.1041666666667,376.65708333333333,,48.51699345768681,-1.305276540451814,-1.7720161865529196,0.4667396461011055,355.4525,364.45058174001764,346.45441825998233,0.050628884253269585,0.5193096712188426,3.7918295609713937,367.95,341.4,393.0,332.95,0.012521343198634183,-0.0040587823652903365,0.0015482054890922914,-0.08546459323994349
2024-10-25,352.5,352.5,352.5,352.5,0,354.34000000000003,356.28999999999996,355.27,362.53916666666663,376.4325,,45.28413753016398,-1.4637183558115794,-1.7103566204046516,0.24663826459307225,355.27,364.35176194359,346.18823805640994,0.05112597147853767,0.3474965531355364,3.7566988780448667,367.95,341.4,389.8,332.95,-0.009274873524451999,-0.015500628403854244,-0.010248490804436239,-0.08773291925465831
2024-10-28,352.8,352.8,352.8,352.8,0,353.72999999999996,355.99,355.18,362.1033333333333,376.26666666666665,,45.6387661436759,-1.54724150624088,-1.6777335975718972,0.13049209133101725,355.18,364.3220129074532,346.0379870925468,0.05147819644942391,0.36983173049013873,3.509791815327377,367.95,341.4,389.8,332.95,0.0008510638297871687,-0.008571027118167818,-0.005076142131979711,-0.06900646523288023
2024-10-29,356.05,356.05,356.05,356.05,0,353.71,355.675,355.2525,361.72166666666664,376.0970833333333,,49.460318510019405,-1.3357882308650915,-1.6093445242305362,0.27355629336544474,355.2525,364.3979619894262,346.1070380105738,0.051487108405577575,0.5436008591431502,3.4912352570897074,367.95,341.4,389.8,332.95,0.009212018140589473,-0.00028078056998448453,0.00408911449520577,-0.06043013590183399
2024-10-30,357.5,357.5,357.5,357.5,0,354.93,355.33500000000004,354.73,361.2608333333334,375.90625,,51.111616718534826,-1.0392275367003663,-1.4953211267245023,0.4560935900241361,354.73,361.8932674108986,347.56673258910143,0.040387153107425834,0.6933475215364397,3.345432738726156,367.95,341.4,389.8,332.95,0.004072461732902655,0.017359134889015415,-0.0284005979073243,-0.07179021160586774
2024-10-31,354.35,354.35,354.35,354.35,0,354.64,355.045,354.97749999999996,360.7475,375.67375000000004,,47.48208943202946,-1.046318416922361,-1.4055205847640742,0.3592021678417132,354.97749999999996,361.71652626497627,348.23847373502366,0.03796875162496949,0.4534428287317153,3.3314732573885717,360.9,341.4,389.8,332.95,-0.008811188811188697,-0.0040753232152894725,0.014167143674871374,-0.07996884330780207
2024-11-01,348.45,348.45,348.45,348.45,0,353.83000000000004,354.085,355.02000000000004,360.05833333333334,375.41083333333336,,41.533007273430734,-1.5106053639119637,-1.4265375405936522,-0.08406782331831142,355.02000000000004,361.5807469087019,348.4592530912982,0.03695987216890228,-0.0007051858139759045,3.5149394532893905,360.9,341.4,389.8,332.95,-0.016650204599971907,-0.011489361702127665,0.0024453394706558385,-0.10608004104669067
2024-11-04,345.65,345.65,345.65,345.65,0,352.4,353.065,354.9225,359.3441666666667,375.1320833333333,,39.033532789163345,-2.0805098908820696,-1.5573320106513358,-0.5231778802307339,354.9225,361.9619229166915,347.88307708330854,0.039667380437653166,-0.15861222643788123,3.4638723494830064,360.9,347.6,388.5,332.95,-0.00803558616731237,-0.020266439909297107,-0.005609896432681394,-0.11029601029601033
2024-11-05,348.4,348.4,348.4,348.4,0,350.87,352.29,354.715,358.9841666666667,374.7920833333334,,42.68196253082102,-2.2839335528571496,-1.7026523190924987,-0.5812812337646509,354.715,362.2491953784091,347.1808046215908,0.0424802750287366,0.0809107885563347,3.4128814673770775,360.9,345.65,382.05,332.95,0.007956024880659607,-0.021485746383934967,-0.011771379946106997,-0.05837837837837845
2024-11-06,347.6,347.6,347.6,347.6,0,348.89,351.90999999999997,354.1925,359.12916666666666,374.43125,,41.896483657583666,-2.4811009968221356,-1.8583420546384262,-0.6227589421837094,354.1925,362.165722372419,346.219277627581,0.045021971794541114,0.0865849657721343,3.2262470768501403,360.9,345.65,382.05,332.95,-0.0022962112514349764,-0.027692307692307683,-0.029185867895545337,0.025671289465919234
2024-11-07,346.8,346.8,346.8,346.8,0,347.38,351.01000000000005,353.7975,358.99583333333334,374.10375,,41.08228680025758,-2.671119923041715,-2.020897628319084,-0.650222294722631,353.7975,362.3897334116366,345.20526658836343,0.04857147612199964,0.09280086650560564,3.0529437142179883,360.9,345.65,382.05,338.55,-0.0023014959723820505,-0.02130661775081133,-0.02227234282492241,-0.022547914317925577
2024-11-08,346.0,346.0,346.0,346.0,0,346.89,350.36,353.325,358.8491666666667,373.7558333333333,,40.24012440461112,-2.8533727008714322,-2.1873926428295536,-0.6659800580418787,353.325,362.5199714518342,344.1300285481658,0.05204823577065983,0.10168446207960688,2.8920191632024186,360.9,345.65,382.05,338.55,-0.0023068050749711633,-0.0070311378963983096,-0.026586017724011812,-0.024802705749718212
2024-11-11,345.0,345.0,345.0,345.0,120,346.76,349.58000000000004,352.78499999999997,358.58000000000004,373.40625,,39.1595041206814,-3.043418350728075,-2.358597784409258,-0.6848205663188169,352.78499999999997,362.58383156300005,342.9861684369999,0.05555129363776849,0.1027587600650389,2.756874937259389,360.9,345.65,382.05,338.55,-0.0028901734104046506,-0.001880514971792202,-0.030354131534570006,-0.04471826111034194
2024-11-12,339.95,339.95,339.95,339.95,0,345.07000000000005,347.96999999999997,351.8225,358.3025,373.01208333333335,,34.16922346606573,-3.560480687786935,-2.5989743650847936,-0.9615063227021414,351.8225,362.6404700036582,341.0045299963418,0.061496749091705154,-0.04873973564287863,2.9206695845980053,360.9,345.0,382.05,338.55,-0.014637681159420324,-0.02425373134328357,-0.05359131403118045,-0.04669097027481783
2024-11-13,331.55,331.55,331.55,331.55,993,341.86,345.375,350.355,357.76500000000004,372.5095833333333,,27.818846611616536,-4.595096699012117,-2.9981988318702584,-1.596897867141859,350.355,363.55079099561874,337.1592090043813,0.07532811574328165,-0.21253780869383498,3.312050328555289,360.9,339.95,382.05,338.55,-0.02470951610530958,-0.04617376294591491,-0.08132446661124959,-0.08864760857614074
2024-11-14,322.2,322.2,322.2,322.2,312,336.94,342.15999999999997,348.6025,357.0191666666667,371.97083333333336,,22.750442391270568,-6.099196460524581,-3.618398357601123,-2.4807981029234583,348.6025,366.2341895106526,330.97081048934746,0.10115641460203276,-0.248722916883501,3.7433324479441987,358.05,331.55,382.05,331.55,-0.02820087467953558,-0.07093425605536341,-0.09811056682995101,-0.12195121951219512
2024-11-15,321.4,321.4,321.4,321.4,0,332.02,339.45500000000004,346.77,356.2341666666667,371.3958333333333,,22.374817226498948,-7.271933351048347,-4.349105356290568,-2.922827994757778,346.77,367.44821075431963,326.09178924568033,0.11926182053995242,-0.1134476599891566,3.5330944159481854,358.05,322.2,382.05,322.2,-0.0024829298572315306,-0.0710982658959538,-0.10236000558581215,-0.1278154681139756
2024-11-18,324.05,324.05,324.05,324.05,0,327.83000000000004,337.29499999999996,345.17999999999995,355.425,370.85625,,26.69252893839061,-7.896477258426785,-5.058579736717812,-2.837897521708973,345.17999999999995,367.6349860832747,322.7250139167252,0.1301059510010706,0.02950315975171614,3.4700162433804604,357.5,321.4,382.05,321.4,0.00824517734909791,-0.06072463768115943,-0.08936349585499515,-0.130300590445518
2024-11-19,331.55,331.55,331.55,331.55,0,326.15,335.61,343.95,354.5908333333333,370.3825,,37.31895672125347,-7.69751334245916,-5.586366457866082,-2.1111468845930785,343.95,366.56110346710364,321.33889653289634,0.13147901420034103,0.2257984331007896,3.7578722259961417,357.5,321.4,382.05,321.4,0.02314457645425083,-0.02470951610530958,-0.06907202021620096,-0.13115828092243187
2024-11-20,333.15,333.15,333.15,333.15,0,326.46999999999997,334.165,343.0375,353.8975,369.9225,,39.339141130530244,-7.326273655106036,-5.934347897314073,-1.391925757791963,343.0375,365.84449180076297,320.2305081992371,0.13297083730357726,0.28323533225303993,3.6037384955678435,357.5,321.4,382.05,321.4,0.004825818126979131,0.004825818126979131,-0.05193511667615258,-0.1110073382254837
2024-11-21,333.6,333.6,333.6,333.6,0,328.75,332.84499999999997,341.9275,353.21166666666664,369.52208333333334,,39.925578464715365,-6.916028616238464,-6.130684041098951,-0.7853445751395123,341.9275,364.298630391647,319.556369608353,0.13085306324672336,0.31387842602917077,3.378471460170144,357.5,321.4,382.05,321.4,0.0013507429085999334,0.035381750465549366,-0.062394603709949426,-0.10980653769179449
2024-11-22,333.75,333.75,333.75,333.75,0,331.21999999999997,331.62,340.99,352.41333333333336,369.0758333333333,,40.13333826844281,-6.503830610103023,-6.205313354899766,-0.2985172552032571,340.99,363.08005658662,318.89994341338,0.12956424872647287,0.33612536320107717,3.147866355872275,357.5,321.4,382.05,321.4,0.00044964028776961484,0.03842563783447428,-0.05319148936170215,-0.12550766409013492
2024-11-25,336.1,336.1,336.1,336.1,0,333.63,330.72999999999996,340.15500000000003,351.6475,368.6458333333333,,43.433911434346236,-5.919301339084029,-6.148110951736619,0.22880961265259003,340.15500000000003,361.6507879595068,318.6592120404933,0.1263881933795284,0.4056791961374312,3.0908759018814,357.5,321.4,382.05,321.4,0.007041198501872792,0.037185619503163236,-0.047335600907029485,-0.12027221567857604
2024-11-26,340.35,340.35,340.35,340.35,0,335.39,330.77,339.37,351.11999999999995,368.30291666666665,,48.91883827889464,-5.054849045959941,-5.929458570581284,0.8746095246213432,339.37,359.5957608015144,319.1442391984856,0.11919592657874539,0.5242265299589284,3.173670480318443,357.5,321.4,378.5,321.4,0.012645046117226943,0.026541999698386443,-0.04409493048729107,-0.08508064516129021
2024-11-27,339.2,339.2,339.2,339.2,0,336.6,331.53499999999997,338.455,350.5733333333333,368.0079166666667,,47.57457841329962,-4.411704382732125,-5.625907733011452,1.2142033502793268,338.455,356.8940590866258,320.01594091337415,0.10896018133356478,0.5202016815635774,3.029122588867128,357.5,321.4,378.5,321.4,-0.003378874687821498,0.018159987993396465,-0.051188811188811245,-0.08817204301075277
2024-11-28,336.6,336.6,336.6,336.6,0,337.2,332.975,337.5675,349.875,367.6929166666667,,44.59114781109895,-4.064947687807432,-5.313715723970649,1.2487680361632165,337.5675,354.5087595458567,320.62624045414327,0.1003725746457033,0.4714454525243198,2.9984709753766166,354.35,321.4,378.5,321.4,-0.007665094339622591,0.008992805755395628,-0.05009171722872863,-0.1107001321003962
2024-11-29,334.3,334.3,334.3,334.3,400,337.31000000000006,334.265,336.86,349.33500000000004,367.3020833333333,,42.077359832223486,-3.930423807877162,-5.037057340751952,1.10663353287479,336.86,353.0912538024665,320.62874619753353,0.09636794990480604,0.421139795139825,2.948580191421145,348.45,321.4,374.8,321.4,-0.006833036244801027,0.0016479400749063178,-0.04060840866695359,-0.08835560403599663
2024-12-02,328.1,328.1,328.1,328.1,300,335.71000000000004,334.67,335.98249999999996,348.69166666666666,366.88500000000005,,36.15966074631697,-4.274823345733751,-4.884610541748312,0.6097871960145618,335.98249999999996,352.11533220640706,319.84966779359286,0.09603376489196375,0.25570005628430736,3.180824463462491,348.4,321.4,374.8,321.4,-0.01854621597367634,-0.023802439750074345,-0.05077390423839134,-0.10526315789473673
2024-12-03,327.5,327.5,327.5,327.5,0,333.14,334.265,334.9375,347.90333333333336,366.4341666666667,,35.63732027097008,-4.54379935578396,-4.8164483045554425,0.27264894877148205,334.9375,350.4117326142555,319.4632673857445,0.09240071723384528,0.25968113620224836,2.9964798589294577,348.4,321.4,374.8,321.4,-0.0018287107589149976,-0.037755251946525736,-0.0599885189437428,-0.12620064034151546
2024-12-04,332.55,332.55,332.55,332.55,200,331.81,334.20500000000004,334.185,347.2008333333333,365.97666666666663,,43.088942042104264,-4.299905353905558,-4.713139714425466,0.41323436051990825,334.185,348.5467234341875,319.8232765658125,0.08595073647343551,0.44307786222550644,3.143159869005926,347.6,321.4,374.7,321.4,0.015419847328244307,-0.019604952830188593,-0.04329689298043726,-0.11248999199359477
2024-12-05,324.3,324.3,324.3,324.3,601,329.35,333.275,333.06,346.4225,365.48583333333335,,35.79745524264102,-4.717938197403612,-4.714099411021095,-0.003838786382516446,333.06,346.804511631924,319.315488368076,0.08253474828513789,0.18132734597665257,3.5079341640769317,346.8,321.4,371.0,321.4,-0.024808299503834008,-0.036541889483066026,-0.06487889273356406,-0.1258760107816711
2024-12-06,324.3,324.3,324.3,324.3,2,327.35,332.33000000000004,331.975,345.8691666666667,364.9875,,35.79745524264102,-4.9916911295185855,-4.769617754720594,-0.22207337479799172,331.975,344.86148516858253,319.0885148314175,0.07763527475612628,0.20220739404132465,3.257367438071437,346.0,321.4,367.95,321.4,0.0,-0.029913251570445665,-0.06271676300578033,-0.09286713286713288
2024-12-09,324.3,324.3,324.3,324.3,0,326.59000000000003,331.15,330.94,345.5,364.4633333333333,,35.79745524264102,-5.149284553488826,-4.84555111447424,-0.3037334390145858,330.94,342.7564123150853,319.1235876849147,0.07141120635212003,0.21903485495664796,3.0246983353520487,345.0,321.4,367.95,321.4,0.0,-0.011581834806461466,-0.05999999999999994,-0.06393418963775432
2024-12-10,315.1,315.1,315.1,315.1,600,324.11,328.625,329.6975,345.0199999999999,363.8858333333333,369.31187500000004,28.96964598873329,-5.947977013254786,-5.066036294230349,-0.8819407190244366,329.6975,342.6357176129521,316.7592823870479,0.07848538501476103,-0.06412329876824842,3.46579131139833,340.35,321.4,367.95,321.4,-0.028368794326241065,-0.03786259541984727,-0.07309898514487412,-0.08374527478918281
2024-12-11,321.8,321.8,321.8,321.8,200,321.96000000000004,326.885,329.21,344.6516666666667,363.3641666666667,369.185,38.212415095762935,-5.971477065626914,-5.247124448509663,-0.7243526171172512,329.21,342.5604531758328,315.8595468241672,0.0811060002784411,0.2224813306931907,3.69680621772702,340.35,315.1,367.95,315.1,0.02126309108219604,-0.03232596602014737,-0.02940732921128031,-0.0642628671125326
2024-12-12,325.3,325.3,325.3,325.3,0,322.15999999999997,325.755,329.365,344.25333333333333,362.8275,369.0727083333333,42.427000929777385,-5.642635487677751,-5.32622665634328,-0.3164088313344706,329.365,342.4557639196536,316.27423608034644,0.07949092295570913,0.34473786155836605,3.6827486307465187,340.35,315.1,367.95,315.1,0.010876320696084463,0.003083564600678379,0.009621353196772153,-0.06844215349369986
2024-12-13,330.95,330.95,330.95,330.95,0,323.49,325.41999999999996,329.84250000000003,344.0075,362.32916666666665,368.9441666666666,48.53037230440368,-4.869980285721226,-5.23497738221887,0.36499709649764345,329.84250000000003,342.4230514585054,317.26194854149463,0.07628217381632382,0.5440163534823113,3.8232665856931947,340.35,315.1,367.95,315.1,0.01736858284660303,0.020505704594511176,0.0297137523335409,-0.04266705235753543
2024-12-16,332.1,332.1,332.1,332.1,0,325.05,325.82000000000005,330.245,343.63500000000005,361.84041666666667,368.81895833333334,49.69922477094149,-4.117387403439352,-5.011459386462966,0.8940719830236139,330.245,342.571025312326,317.918974687674,0.07464776340187443,0.5752472899007038,3.6323189724293976,340.35,315.1,367.95,315.1,0.003474845142770855,0.02405180388529149,0.0248418453942294,-0.0630554380025391
2024-12-17,330.35,330.35,330.35,330.35,0,328.1,326.105,330.185,343.23499999999996,361.35125,368.65500000000003,47.91596820961315,-3.620428451184978,-4.733253199407368,1.1128247482223905,330.185,342.496705811954,317.87329418804603,0.07457459189214513,0.5067009398421385,3.4978676172558694,340.35,315.1,367.95,315.1,-0.005269497139415824,0.04839733417962555,-0.003619363595234515,-0.06772964583039365
2024-12-18,329.35,329.35,329.35,329.35,3,329.61,325.78499999999997,329.995,342.8191666666667,360.85375,368.49895833333335,46.880811803067715,-3.26958678259615,-4.440519916045124,1.1709331334489743,329.995,342.2348897053896,317.7551102946104,0.07418227370347794,0.4736517233600574,3.319448501737593,340.35,315.1,367.95,315.1,-0.003027092477675186,0.02346177750155376,-0.011406273450397575,-0.0704205475585662
2024-12-19,324.1,324.1,324.1,324.1,1,329.37,325.765,329.52000000000004,342.3,360.26458333333335,368.31333333333333,41.77791846230921,-3.376254001991242,-4.227666733234348,0.8514127312431059,329.52000000000004,341.8999596122162,317.14004038778387,0.07513935185855891,0.28109783190844484,3.4573450373277654,340.35,315.1,367.95,315.1,-0.015940488841657774,-0.0036889025514909024,-0.02847721822541971,-0.08768472906403935
2024-12-20,317.65,317.65,317.65,317.65,3,326.71,325.1,328.71500000000003,341.65833333333336,359.61041666666665,368.09479166666665,36.5186940744315,-3.9358792707254224,-4.169309240732563,0.2334299700071405,328.71500000000003,341.95403697404413,315.47596302595593,0.0805502454956062,0.08210706633369062,3.6711061060900714,340.35,315.1,367.95,315.1,-0.019901265041653904,-0.040187339477262496,-0.04823970037453196,-0.10810051944405452
2024-12-23,317.65,317.65,317.65,317.65,700,323.82000000000005,324.435,327.79249999999996,341.04249999999996,359.0108333333333,367.85729166666664,36.51869407443151,-4.32947879157723,-4.201343150901497,-0.12813564067573324,327.79249999999996,341.41040273867856,314.17459726132137,0.08308855595340708,0.12760418418937264,3.408884241369352,340.35,315.1,367.95,315.1,0.0,-0.04351099066546238,-0.05489437667360919,-0.10420191765369446
2024-12-24,324.95,324.95,324.95,324.95,1,322.73999999999995,325.41999999999996,327.02250000000004,340.5483333333333,358.47208333333333,367.61937500000005,45.5206935812506,-4.006179512568565,-4.162310423234911,0.156130910666346,327.02250000000004,339.3980191810329,314.64698081896717,0.07568604105853799,0.4162661392349329,3.686821081271542,340.35,315.1,367.95,315.1,0.022981268691956602,-0.016346299379446094,-0.0452475392977818,-0.0836153412295545
2024-12-26,325.3,325.3,325.3,325.3,1,321.93,325.77000000000004,326.3275,339.8375,357.84125,367.3772916666667,45.91668547866381,-3.679307661350151,-4.065709870857959,0.3864022095078079,326.3275,337.37994203785365,315.2750579621463,0.06773834284792833,0.45351706000896114,3.4484767183235765,339.2,315.1,367.95,315.1,0.0010770887828897013,-0.01229694853499319,-0.04097877358490565,-0.11591248810979748
2024-12-27,325.3,325.3,325.3,325.3,0,322.16999999999996,325.77,325.7625,339.43583333333333,357.20750000000004,367.181875,45.91668547866381,-3.3812820495824667,-3.928824306602861,0.5475422570203943,325.7625,335.7617937250646,315.7632062749354,0.061390084647954285,0.47687336662385177,3.202156952729035,336.6,315.1,360.9,315.1,0.0,0.003702560937982158,-0.033571004159239526,-0.06897538637664558
2024-12-30,322.35,322.35,322.35,322.35,0,323.11,324.91,325.165,339.01500000000004,356.5779166666667,366.9891666666666,42.87062918238356,-3.3445807064643986,-3.8119755865751688,0.46739488011077013,325.165,334.455269102675,315.87473089732504,0.057141876294650305,0.3484973917930179,3.1841457418198176,334.3,315.1,360.9,315.1,-0.009068552105748529,0.014796159294821587,-0.03574633562668261,-0.07264096662830843
2025-01-02,321.55,321.55,321.55,321.55,400,323.89,323.85499999999996,324.83750000000003,338.5808333333333,355.925,366.84270833333335,42.05583796341588,-3.3415288768822506,-3.7178862446365857,0.37635736775433504,324.83750000000003,334.15258856641304,315.522411433587,0.05735229809620508,0.3235389832012112,3.013849617404117,332.55,315.1,360.9,315.1,-0.0024817744687452015,0.012277664095702967,-0.019963425784821687,-0.07494246260069048
2025-01-03,319.85,319.85,319.85,319.85,0,322.87,322.805,324.455,338.03583333333336,355.2079166666667,366.68916666666667,40.30290057777192,-3.4366702767608217,-3.661643051061433,0.22497277430061136,324.455,333.9282729296753,314.98172707032467,0.05839498808571492,0.2569477817125559,2.920003216160965,332.55,315.1,360.9,315.1,-0.005286891618721756,-0.015694722264963712,-0.023358778625954146,-0.0927528010211317
2025-01-06,327.15,327.15,327.15,327.15,0,323.24,322.585,324.18500000000006,337.5208333333333,354.4891666666667,366.5660416666667,49.950112903527845,-2.8897107435972202,-3.5072565895685908,0.6175458459713705,324.18500000000006,333.0053231233397,315.36467687666044,0.054415368529325034,0.6680777426483491,3.2328601292923214,332.55,315.1,360.9,315.1,0.02282319837423774,0.005687058100215081,-0.016238159675236896,-0.08630079597821538
2025-01-07,333.6,333.6,333.6,333.6,0,324.9,323.535,324.65,337.1691666666667,353.91583333333335,366.45625,56.62054857845028,-1.9137201037271439,-3.1885492924003014,1.2748291886731575,324.65,334.37928568807183,314.9207143119281,0.0599370749303672,0.9599515466470875,3.4626558343428733,332.1,315.1,360.9,315.1,0.01971572673085764,0.025514909314479084,0.028677150786309058,-0.0594868903298561
2025-01-08,334.2,334.2,334.2,334.2,0,327.27000000000004,325.19,325.145,336.81499999999994,353.34749999999997,366.3460416666667,57.192094716464794,-1.0793830485158082,-2.766716043623403,1.6873329951075946,325.145,335.7230385705535,314.56696142944645,0.06506659226224319,0.9280094055057966,3.2581804176040943,333.6,315.1,360.9,315.1,0.0017985611510791255,0.0367612843182874,0.030527289546715908,-0.05978337318891547
2025-01-09,337.1,337.1,337.1,337.1,400,330.38,327.135,325.78499999999997,336.50333333333333,352.71,366.2639583333333,59.9394544520031,-0.1820604776406185,-2.249784930426846,2.0677244527862273,325.78499999999997,337.5620157510346,314.00798424896533,0.0722993124363285,0.9803848546694015,3.2325961020609473,334.2,315.1,360.9,315.1,0.008677438659485448,0.04835950863007321,0.039469626888683385,-0.052557616638560956
2025-01-10,336.65,336.65,336.65,336.65,400,333.74,328.305,326.8625,336.12749999999994,352.17375,366.1745833333334,59.303434706650144,0.48714735398675657,-1.7023984735441253,2.189545827530882,326.8625,338.4741267163613,315.2508732836387,0.0710489989910821,0.9214525767612282,3.033839237628026,337.1,315.1,360.9,315.1,-0.0013349154553545794,0.052524620916054365,0.06839098698825752,-0.06277839643652561
2025-01-13,330.7,330.8,330.7,330.8,102,334.46999999999997,328.855,327.3125,335.6258333333334,351.58875,366.08604166666663,51.63310409896363,0.5392372807149286,-1.2540713226923148,1.7933086034072434,327.3125,338.80140225391943,315.82359774608057,0.07020142679500131,0.651776902741524,3.242136434940309,337.1,317.65,360.9,315.1,-0.017377097876132397,0.011156961638392193,0.027967681789931698,-0.08340260459961202
2025-01-14,330.8,330.8,330.8,330.8,200,333.91,329.405,327.5875,335.18500000000006,350.90999999999997,366.038125,51.63310409896363,0.5739033226733454,-0.8884763936191827,1.4623797162925283,327.5875,339.13370608685443,316.0412939131455,0.07049234837626256,0.6391149601797563,3.0105552610160013,337.1,317.65,358.05,315.1,0.0,-0.008393285371702697,0.016907470027666793,-0.07403778866340094
2025-01-15,334.05,334.05,334.05,334.05,200,333.88,330.575,327.7425,334.785,350.25916666666666,365.99604166666666,55.35373216634878,0.8537823775105267,-0.5400246393932409,1.3938070169037675,327.7425,339.5454773786157,315.9395226213843,0.0720259189980897,0.7671995293080773,3.027658456657716,337.1,317.65,358.05,315.1,0.009824667472793314,-0.0004488330341112512,0.009366973863121464,-0.06702974444909926
2025-01-16,333.45,333.45,333.45,333.45,0,333.15,331.765,327.81,334.4116666666667,349.7545833333333,365.9308333333333,54.51990563425034,1.0154678777105346,-0.2289261359724858,1.2443940136830203,327.81,339.72677808806196,315.89322191193804,0.07270539695593155,0.7366411440374999,2.8542542811821665,337.1,317.65,357.5,315.1,-0.0017961383026493527,-0.01082764758231991,0.00406504065040636,-0.06294787129408463
2025-01-17,336.4,336.4,336.4,336.4,1,333.1,333.41999999999996,328.1125,334.08250000000004,349.2745833333333,365.87479166666674,57.87943498242368,1.3658999034773842,0.0900390719174882,1.275860831559896,328.1125,340.56685164912705,315.658148350873,0.0759151306282268,0.8327150313995214,2.8610932610977255,337.1,317.65,357.5,315.1,0.008846903583745735,-0.0007426110203475611,0.01831390948993472,-0.055454162571950016
2025-01-20,336.4,336.4,336.4,336.4,0,334.21999999999997,334.345,328.46500000000003,333.83250000000004,348.74541666666664,365.8097916666667,57.87943498242368,1.6248890985542062,0.3970090772448318,1.2278800213093743,328.46500000000003,341.4281824796272,315.50181752037287,0.07893189520726508,0.8060591028657712,2.6567294567336024,337.1,317.65,357.5,315.1,0.0,0.016928657799274438,0.021405799301654538,-0.04268639726807055
2025-01-21,336.75,336.75,336.75,336.75,0,335.40999999999997,334.65999999999997,329.09749999999997,333.51500000000004,348.30958333333336,365.7535416666667,58.30324839785419,1.8372038343146642,0.6850480286587983,1.1521558056558658,329.09749999999997,342.37761577510196,315.817384224898,0.08070626957118782,0.7881187231193871,2.4919630669669184,337.1,317.65,357.5,315.1,0.0010404280618312445,0.017986698911729215,0.039031163221227905,-0.053541315345699836
2025-01-22,336.75,336.75,336.75,336.75,0,335.95,334.915,330.0525,333.2525,347.8958333333333,365.69625,58.30324839785419,1.9826104924253514,0.9445605214121089,1.0380499710132425,330.0525,342.6309130557122,317.4740869442878,0.07622068038092236,0.7662299278269638,2.31396570504071,337.1,317.65,357.5,315.1,0.0,0.00808262236192192,0.06012907287895497,-0.044680851063829796
2025-01-23,341.05,341.05,341.05,341.05,0,337.47,335.31,331.2225,333.0566666666666,347.58000000000004,365.65625,63.531623304368985,2.416959179065657,1.2390402529428184,1.1779189261228384,331.2225,343.31239143872307,319.132608561277,0.07300163146358138,0.9064345842065719,2.4558252975378028,337.1,317.65,357.5,315.1,0.012769116555308102,0.02279202279202286,0.07366598457421691,-0.033304988662131496
2025-01-24,336.75,336.75,336.75,336.75,0,337.54,335.32,331.8125,332.73499999999996,347.22833333333335,365.5797916666667,55.97322900731668,2.3866972192645335,1.4685716462071614,0.9181255730573721,331.8125,343.7713826819276,319.8536173180724,0.07208217099673825,0.7064365096357038,2.5875520619993893,341.05,319.85,357.5,315.1,-0.012608121976249831,0.0010404280618312445,0.03631327896599479,-0.054205869962083986
2025-01-31,338.6,338.6,338.6,338.6,0,337.98,336.1,332.4775,332.42,346.84041666666667,365.553125,58.27330173894385,2.483367225468669,1.671530762059463,0.8118364634092059,332.4775,344.39293012232906,320.562069877671,0.07167661043125649,0.7569147708955416,2.5348697718565774,341.05,319.85,357.5,315.1,0.00549368968077224,0.006539833531510331,0.040885336612357825,-0.05286713286713285
2025-02-03,325.8,325.8,323.5,323.5,2,335.33000000000004,335.37,332.3875,331.90583333333336,346.3266666666667,365.4635416666667,39.9347334483881,1.3262469485576958,1.6024739993591097,-0.27622705080141396,332.3875,344.5431931106419,320.2318068893581,0.07314169823258632,0.13443055368766724,3.4323790738668234,341.05,319.85,354.35,315.1,-0.04459539279385716,-0.039346696362286604,-0.005533353827236409,-0.08706081557781864
2025-02-04,323.5,323.5,323.5,323.5,0,332.68,334.315,332.445,331.49,345.7741666666667,365.3177083333333,39.934733448388094,0.40455730768951526,1.3628906610251907,-0.9583333533356755,332.445,344.41976095795263,320.47023904204735,0.07204055382365589,0.1265061143429561,3.1872091400191933,341.05,319.85,348.45,315.1,0.0,-0.039346696362286604,0.0035675507988210953,-0.07160281245515854
2025-02-05,332.5,332.5,332.5,332.5,1,330.96999999999997,334.22,332.99249999999995,331.2708333333333,345.3075,365.15520833333335,50.66652924719056,0.3957741724486823,1.169467363309889,-0.7736931908612068,332.99249999999995,343.87626198747955,322.10873801252035,0.06536941214879977,0.4773745511631682,3.6024084871606794,341.05,319.85,348.4,315.1,0.02782071097372496,-0.025069637883008422,0.03405380189706109,-0.03804426442933595
2025-02-06,332.5,332.5,332.5,332.5,0,330.12,333.83000000000004,333.625,331.0058333333334,344.995,365.01458333333335,50.66652924719056,0.38438255170501634,1.0124504009889146,-0.6280678492838982,333.625,342.7002134961171,324.5497865038829,0.054403677758663775,0.4380179870985217,3.345093595220631,341.05,319.85,348.4,315.1,0.0,-0.012620638455827726,0.039549788963576527,-0.04563719862227322
2025-02-07,337.4,337.4,337.4,337.4,0,329.88,333.92999999999995,334.1375,330.8358333333333,344.9825,364.90020833333335,55.66791224466331,0.7619602556613359,0.9623523719233988,-0.200392116262063,334.1375,342.84231906762597,325.432680932374,0.05210321539860672,0.6873961982813362,3.4561583384191557,341.05,323.5,347.6,315.1,0.01473684210526316,-0.0035440047253397777,0.03133119364206016,-0.029344073647871283
2025-02-10,335.8,335.8,335.8,335.8,0,332.34000000000003,333.835,334.24750000000006,330.6525,344.82416666666666,364.7579166666667,53.75167604747871,0.9214646076993631,0.9541748190785918,-0.03271021137922869,334.24750000000006,342.9779338380235,325.51706616197663,0.052239336647385115,0.5889131072294707,3.323575599960642,341.05,323.5,346.8,315.1,-0.004742145820983867,0.038021638330757446,0.00659472422062346,-0.03171856978085352
2025-02-11,336.4,336.4,336.4,336.4,1,334.91999999999996,333.8,334.35749999999996,330.4925,344.67083333333335,364.6147916666667,54.385779783086114,1.0837946315730278,0.9800987815774791,0.1036958499955487,334.35749999999996,343.1380623396286,325.5769376603713,0.052522000192181485,0.6163080404760498,3.1290344856777366,341.05,323.5,346.0,315.1,0.0017867778439546456,0.03987635239567222,0.006582884500299091,-0.02774566473988449
2025-02-12,336.4,336.4,336.4,336.4,0,335.7,333.33500000000004,334.3225,330.3491666666667,344.46458333333334,364.45395833333333,54.385779783086114,1.1986253382367522,1.0238040929093337,0.1748212453274185,334.3225,343.06455210463224,325.58044789536774,0.05229712092145908,0.6188222156042262,2.9055320224150414,341.05,323.5,345.0,315.1,0.0,0.0117293233082707,-0.0020765351527738396,-0.02492753623188415
2025-02-13,340.3,340.4,340.3,340.4,2,337.28000000000003,333.7,334.51,330.3566666666666,344.32958333333335,364.3316666666667,58.75781896310262,1.594021187181454,1.1378475117637579,0.45617367541769616,334.51,343.5977169850356,325.42228301496436,0.05433450112125573,0.8240637890516842,2.9837083065282526,341.05,323.5,341.05,315.1,0.01189060642092743,0.023759398496240536,0.011139165305213083,0.0013237240770700431
2025-02-14,343.05,343.05,343.05,343.05,3,338.40999999999997,334.145,335.1225,330.5483333333333,344.15666666666664,364.22208333333333,61.3976043132335,2.0970347874979325,1.3296849669105928,0.7673498205873397,335.1225,344.7619748300986,325.4830251699014,0.05752806708053686,0.9111997873186477,2.9598719989190942,341.05,323.5,341.05,315.1,0.007784958871915437,0.016745702430349896,0.037031438935912986,0.03468556778766407
2025-02-17,343.05,343.05,343.05,343.05,0,339.86,336.1,335.735,330.8958333333333,343.95750000000004,364.09541666666667,61.3976043132335,2.4672359297686626,1.5571951594822069,0.9100407702864557,335.735,345.7475471284836,325.72245287151645,0.059645536679128246,0.8652916638559625,2.7484525704248735,343.05,323.5,343.05,315.1,0.0,0.02159023228111967,0.037031438935912986,0.06471135940409689
2025-02-18,347.45,347.45,347.45,347.45,0,342.07000000000005,338.495,336.405,331.33,343.78208333333333,363.96270833333335,65.6334410159937,3.080160061977665,1.8617881399812988,1.2183719219963662,336.405,347.6003517139973,325.2096482860026,0.06655877120730878,0.9932850830488266,2.8664202439659525,343.05,323.5,343.05,315.1,0.01282611864159744,0.032847800237812086,0.040113755425834396,0.0810516490354698
2025-02-19,356.0,356.5,356.0,356.5,2,346.09000000000003,340.895,337.5575,331.87083333333334,343.6479166666667,363.8875,72.35315906489973,4.247207059440882,2.3388719238732154,1.9083351355676665,337.5575,351.6655925358499,323.4494074641501,0.08358927018863388,1.171334553266696,3.3081045122540997,347.45,323.5,347.45,315.1,0.026046913224924584,0.05975029726516068,0.06912580596791118,0.10013886745872536
2025-02-20,352.45,352.5,352.3,352.3,5,348.47,342.875,338.3525,332.21666666666664,343.40375000000006,363.79812499999997,65.91198836165378,4.778116165038057,2.8267207721061838,1.951395392931873,338.3525,353.8350861857799,322.8699138142201,0.09151749247178545,0.9504253951064773,3.3718113328073773,356.5,323.5,356.5,315.1,-0.011781206171108005,0.03495887191539371,0.047265160523186855,0.06258482883426342
2025-02-21,352.3,352.3,352.3,352.3,0,350.32,344.365,339.1475,332.53583333333336,343.21666666666664,363.6995833333333,65.9119883616538,5.139619126231935,3.289300442931334,1.8503186833006007,339.1475,355.74046462360184,322.5545353763981,0.09785102130254157,0.8963276092715794,3.1309676661782793,356.5,323.5,356.5,315.1,0.0,0.026963999416994566,0.047265160523186855,0.0574816148881887
2025-02-24,354.85,354.85,354.85,354.85,0,352.68,346.27,340.0525,332.89000000000004,343.0508333333334,363.60645833333336,67.92276788756199,5.5676955872673375,3.744979471798535,1.8227161154688023,340.0525,357.9470375743578,322.1579624256422,0.10524573455191653,0.9134641629746353,3.0894699757369746,356.5,323.5,356.5,315.1,0.007238149304569896,0.03439731817519309,0.053749072011878285,0.06369904076738608
2025-02-25,351.2,351.2,351.2,351.2,0,353.43,347.75,340.775,333.1808333333334,342.7970833333333,363.5152083333333,62.261427994520545,5.548465514434383,4.105676680325705,1.4427888341086783,340.775,359.23572858800816,322.3142714119918,0.10834555696872236,0.782356136441222,3.129507834612907,356.5,323.5,356.5,315.1,-0.010286036353388872,0.010792919844581972,0.04291017074981429,0.052284644194756424
2025-02-26,350.05,350.05,350.05,350.05,0,352.14,349.115,341.225,333.4133333333333,342.53041666666667,363.43145833333335,60.549045364130905,5.378430950084578,4.360227534277479,1.0182034158070987,341.225,360.12416664829703,322.325833351703,0.1107724618553565,0.7334759030445187,2.988114417854841,356.5,323.5,356.5,315.1,-0.003274487471526144,-0.018092566619915762,0.0263890925084298,0.04150550431419209
2025-02-27,351.4,351.4,351.4,351.4,0,351.96,350.21500000000003,341.9575,333.5975,342.35875,363.33250000000004,61.874656410711246,5.291612633855095,4.546504554193002,0.745108079662093,341.9575,361.2378857585916,322.6771142414084,0.11276480708036286,0.744873212554689,2.871106245150921,356.5,323.5,356.5,315.1,0.0038565919154405215,-0.002554640931024754,0.04350408314773557,0.032466578522109435
2025-02-28,350.0,350.0,350.0,350.0,0,351.5,350.90999999999997,342.52750000000003,333.77750000000003,342.17541666666665,363.2341666666667,59.63670234115638,5.051608395967605,4.647525322547923,0.40408307341968186,342.52750000000003,362.04967905358166,323.0053209464184,0.11398897346100166,0.6913848853524636,2.7660272276401394,356.5,323.5,356.5,315.1,-0.003984063745019806,-0.006528526823729841,0.0336680448907265,0.03183962264150941
2025-03-04,336.4,336.4,336.4,336.4,0,347.81,350.245,343.1725,333.77416666666664,341.8245833333333,363.05375000000004,43.26563467115719,3.7211024159022372,4.462240741218786,-0.7411383253165491,343.1725,360.9080990877135,325.43690091228655,0.10336258929671502,0.30907044733854633,3.539882425665845,356.5,323.5,356.5,315.1,-0.03885714285714292,-0.051993800197266626,0.03987635239567222,-0.0005941770647653888
2025-03-05,338.2,338.2,338.2,338.2,1,345.2099999999999,349.32,343.9075,333.83916666666664,341.5870833333334,362.89833333333337,45.40191893769819,2.7798672188037017,4.12576603673577,-1.345898817932068,343.9075,359.3973119743302,328.41768802566986,0.09008126879658143,0.31576600124460674,3.415605109546857,356.5,323.5,356.5,315.1,0.005350772889417321,-0.037015945330296174,0.04544049459041721,0.011666168112473674
2025-03-06,338.2,338.2,338.2,338.2,250,342.84,347.49,344.1925,334.0075,341.3495833333333,362.74791666666664,45.40191893769819,2.010752836817062,3.702763396752028,-1.6920105599349662,344.1925,359.0282094538853,329.35679054611467,0.08620588452035026,0.2980379698514981,3.171633316007796,356.5,332.5,356.5,315.1,0.0,-0.033852306813312416,0.017142857142857126,0.030783297775068386
2025-03-07,342.95,342.95,342.95,342.95,0,341.15,346.555,344.71500000000003,334.26500000000004,341.08416666666665,362.6147916666667,51.04364957559187,1.7641731604820734,3.3150453494980376,-1.5508721890159642,344.71500000000003,358.5703996694467,330.85960033055335,0.08038756462264005,0.4363064205252721,3.284373793435811,356.5,332.5,356.5,315.1,0.014044943820224809,-0.024046670461013053,0.03142857142857136,0.047175572519083886
2025-03-10,341.1,341.1,341.1,341.1,0,339.37,345.435,344.9,334.4075,340.8041666666667,362.45104166666664,48.923271706645025,1.4033010703565196,2.9326964936697344,-1.5293954233132148,344.9,358.45533105461107,331.3446689453889,0.07860441318997442,0.3598337442040076,3.1819185224761077,356.5,335.8,356.5,315.1,-0.00539437235748641,-0.025428571428571356,0.010966212211025672,0.025710419485791558
2025-03-11,332.8,336.0,332.8,336.0,2,339.28999999999996,343.55,344.91,334.60249999999996,340.5125,362.3235416666667,43.55215791349956,0.697736884983442,2.485704571932476,-1.7879676869490342,344.91,358.4387323870385,331.38126761296155,0.07844789879701065,0.17070085559026713,3.5474957708706727,356.5,335.8,356.5,315.1,-0.014951627088830355,-0.0011890606420926764,0.0005955926146514745,0.03607770582793712
2025-03-12,336.0,336.0,336.0,336.0,200,338.85,342.03,344.89,334.79749999999996,340.3333333333333,362.1960416666667,43.55215791349956,0.13699301456307467,2.015962260458596,-1.8789692458955214,344.89,358.470081001235,331.309918998765,0.07875021601806366,0.17268236473731194,3.294103215808482,356.5,332.8,356.5,315.1,0.0,-0.006505026611472453,-0.0011890606420926764,0.03607770582793712
2025-03-13,343.9,343.9,343.9,343.9,5,339.99,341.415,345.265,335.12416666666667,340.3120833333333,362.0383333333333,52.85133544974569,0.32630202760060456,1.6780302138869978,-1.3517281862863932,345.265,358.2894424064949,332.24055759350506,0.07544606262722794,0.44759852447428683,3.6230958432507316,356.5,332.8,356.5,315.1,0.02351190476190479,0.016853932584269593,0.022294887039238986,0.06043786617329627
2025-03-14,343.9,343.9,343.9,343.9,0,340.18,340.665,345.43999999999994,335.6041666666667,340.3120833333333,361.86958333333337,52.85133544974569,0.47090251328410204,1.4366046737664186,-0.9657021604823166,345.43999999999994,358.29117115286004,332.58882884713984,0.07440465002813865,0.44008328183936657,3.3643032830185366,356.5,332.8,356.5,315.1,0.0,0.0027700831024930483,0.010282021151586385,0.09139955569660407
2025-03-17,348.0,348.0,348.0,348.0,1,341.56000000000006,340.46500000000003,345.6875,336.0408333333333,340.34624999999994,361.75125,57.10470382768979,0.9058926087536747,1.3304622607638699,-0.42456965201019514,345.6875,358.535685669584,332.839314330416,0.0743341062062353,0.589993251166757,3.4168530485172144,356.5,332.8,356.5,317.65,0.011922070369293492,0.020228671943711474,0.014429383471797008,0.08141702921068994
2025-03-18,348.0,348.0,348.0,348.0,0,343.96000000000004,341.625,345.935,336.4191666666666,340.33625,361.62458333333336,57.10470382768979,1.236373252113026,1.311644459033701,-0.07527120692067513,345.935,358.76111008841355,333.10888991158646,0.0741532952052469,0.5804998548182357,3.1727921164802706,356.5,332.8,356.5,317.65,0.0,0.03571428571428581,0.014429383471797008,0.06978173993237013
2025-03-19,351.1,351.1,351.1,351.1,0,346.98,342.915,346.1175,336.755,340.38125,361.5289583333333,60.249237632373244,1.7285005567151757,1.395015678569996,0.3334848781451796,346.1175,359.12719926632064,333.10780073367937,0.07517504469621235,0.6914917438906008,3.1675926795888243,356.5,332.8,356.5,317.65,0.00890804597701167,0.044940476190476364,0.010505108648726447,0.06088533011028874
2025-03-20,353.85,353.85,353.85,353.85,0,348.96999999999997,344.47999999999996,345.985,337.1175,340.37625,361.4166666666667,62.85089799651799,2.3137455895890753,1.578761660773812,0.7349839288152633,345.985,358.6175413120284,333.35245868797165,0.07302363577628143,0.8112991996515843,3.1377646310467657,356.5,332.8,356.5,317.65,0.007832526345770363,0.028932829310846397,-0.0074333800841513975,0.06549232158988261
2025-03-21,356.5,356.5,356.5,356.5,0,351.48999999999995,345.835,346.19500000000005,337.55333333333334,340.3941666666667,361.26958333333334,65.21361802751713,2.9572994405348823,1.854469216726026,1.1028302238088563,346.19500000000005,359.36853027855875,333.02146972144135,0.07610468249719782,0.8911252254368146,3.1029243002577096,354.85,332.8,356.5,317.65,0.00748904903207559,0.036638557720267695,0.01192165767811515,0.07915846829120632
2025-03-24,358.35,358.35,358.35,358.35,0,353.56,347.56000000000006,346.4975,338.0366666666667,340.42791666666665,361.13958333333335,66.80106292815104,3.57538522756613,2.1986524188940466,1.3767328086720836,346.4975,360.4714212463826,332.5235787536174,0.08065813604070787,0.9240935593890034,3.0134297073821608,356.5,332.8,356.5,317.65,0.005189340813464227,0.02974137931034493,0.01717286403633267,0.08805222407772884
2025-03-25,357.05,357.05,357.05,357.05,0,355.37,349.665,346.60749999999996,338.58583333333337,340.44291666666663,361.00645833333334,64.57116825581643,3.9151916393134343,2.5419602629779243,1.37323137633551,346.60749999999996,360.8742541858722,332.34074581412773,0.08232224741745191,0.8659732222182963,2.8910418711405788,358.35,332.8,358.35,317.65,-0.0036277382447328366,0.026005747126436773,0.006199802733549253,0.10166615242209187
2025-03-26,357.0,357.0,357.0,357.0,1,356.55,351.765,346.8975,339.2416666666667,340.45,360.8575,64.48201219049929,4.132815561459438,2.860131322674227,1.272684238785211,346.8975,361.7496538842049,332.04534611579504,0.08562848613325226,0.8401021858096922,2.6881103089162526,358.35,332.8,358.35,317.65,-0.00014003640946647078,0.016804329250925676,0.016514806378132185,0.12387848260664258
2025-03-27,357.0,357.0,357.0,357.0,0,357.18,353.075,347.245,339.89750000000004,340.46999999999997,360.708125,64.48201219049929,4.256221021129875,3.1393492623653567,1.116871758764518,347.245,362.6893484809202,331.8006515190798,0.08895361189316023,0.8158113148007253,2.496102429707949,358.35,332.8,358.35,317.65,0.0,0.008902077151335286,0.019854306527638865,0.12387848260664258
2025-03-28,349.5,349.5,348.0,348.0,2,355.48,353.485,347.075,340.2816666666667,340.41499999999996,360.5239583333333,50.05435045230311,3.586453549120904,3.2287701197164664,0.35768342940443754,347.075,362.4071068350081,331.74289316499187,0.08835039593752428,0.5301654563835917,2.960666541871667,358.35,332.8,358.35,319.85,-0.025210084033613467,-0.02384291725105192,-0.009675583380762576,0.07093398984459154
2025-03-31,348.0,348.0,348.0,348.0,0,353.40999999999997,353.485,346.975,340.66,340.24875,360.3339583333333,50.05435045230311,3.0208356887250716,3.1871832335181876,-0.16634754479311598,346.975,362.25549410196226,331.6945058980378,0.08807835781806893,0.5335394913659354,2.749190360309405,358.35,332.8,358.35,319.85,0.0,-0.02888237756383427,-0.005714285714285672,0.06978173993237013
2025-04-01,336.05,336.05,336.05,336.05,0,349.21000000000004,352.29,346.95750000000004,340.83916666666664,340.1375,360.0939583333333,37.22758844182525,1.5899859611929514,2.8677437790531406,-1.2777578178601892,346.95750000000004,362.2871208368017,331.6278791631984,0.08836598624789298,0.1442345144697088,3.4063910488587323,358.35,332.8,358.35,319.85,-0.03433908045977008,-0.05881529197591373,-0.0010404280618310224,0.03304641869043956
2025-04-02,342.6,342.6,342.6,342.6,300,346.33000000000004,351.44,347.17749999999995,341.1766666666666,340.09583333333336,359.87437500000004,45.47518626937188,0.9733374742525029,2.488862518093013,-1.5155250438405101,347.17749999999995,362.11947025161345,332.23552974838645,0.08607683534568628,0.34682408267056913,3.6309345453688238,358.35,332.8,358.35,319.85,0.019491147150721755,-0.04033613445378148,0.013010053222945128,0.06281991624011174
2025-04-03,339.85,339.85,339.85,339.85,0,342.9,350.04,347.26,341.4816666666667,340.03125,359.66895833333336,42.92514887337397,0.25974293349571553,2.0430386011735537,-1.7832956676778382,347.26,362.0198983736373,332.50010162636266,0.08500776578723336,0.24898201151455832,3.568010649271051,358.35,332.8,358.35,319.85,-0.008026853473438456,-0.04803921568627445,0.004878769958604368,0.056911833307417226
2025-04-04,334.3,334.3,334.3,334.3,0,340.16,347.82000000000005,346.8275,341.72249999999997,339.87916666666666,359.416875,38.26194810647369,-0.745036184572939,1.4854236440242552,-2.230459828597194,346.8275,362.54320790642606,331.1117920935739,0.09062550061010777,0.10143379876392516,3.7095813171802625,358.35,332.8,358.35,319.85,-0.016330734147418036,-0.039367816091953944,-0.02522233561743692,0.04517742691886828
2025-04-07,311.05,311.05,311.0,311.0,502,332.76000000000005,343.08500000000004,345.3225,341.4533333333333,339.4870833333333,359.0879166666667,25.659243187165416,-3.3824553091614575,0.5118478533871126,-3.89430316254857,345.3225,367.41513395342673,323.22986604657325,0.127953631480293,-0.27678605621119934,5.108896937381673,358.35,332.8,358.35,323.5,-0.06969787615913858,-0.10632183908045978,-0.08824391673995902,-0.049365734372611936
2025-04-08,314.0,314.0,314.0,314.0,1,328.35,338.78000000000003,344.22249999999997,341.12666666666667,339.1479166666667,358.76666666666665,28.906213744922823,-5.170946585586535,-0.6247110344076168,-4.546235551178918,344.22249999999997,369.9534633515752,318.49153664842476,0.14950192594368594,-0.08727882798351952,4.958261441854411,358.35,311.0,358.35,311.0,0.009646302250803762,-0.06561523582800177,-0.06547619047619047,-0.058752997601918544
2025-04-09,309.0,312.75,308.0,308.0,3,321.43,333.88,342.8225,340.69,338.7525,358.4320833333333,26.42073032769008,-6.991890502038302,-1.898146927933754,-5.093743574104549,342.8225,372.8746958432343,312.7703041567657,0.17532219059854182,-0.07936698172821931,5.0326713388648106,358.35,311.0,358.35,311.0,-0.019108280254777066,-0.10099241097489786,-0.08333333333333337,-0.07839616995810883
2025-04-10,323.0,323.0,320.0,322.0,6,317.86,330.38,341.7275,340.43833333333333,338.47083333333336,358.15520833333335,39.493884947895964,-7.222067182995772,-2.962930978946158,-4.259136204049614,341.7275,373.1093653843284,310.34563461567166,0.1836660226895896,0.18568630706937453,5.744623386088753,358.35,308.0,358.35,308.0,0.045454545454545414,-0.05252317198764167,-0.06368130270427441,-0.044793829724117495
2025-04-11,322.0,322.0,322.0,322.0,0,315.4,327.78000000000003,340.63250000000005,340.1941666666667,338.16083333333336,357.89395833333333,39.493884947895964,-7.320102278526576,-3.834365238862242,-3.4857370396643343,340.63250000000005,373.14274876865926,308.12225123134084,0.19088166143077484,0.21343652070170713,5.334293144225271,358.35,308.0,358.35,308.0,0.0,-0.03679329943164822,-0.06368130270427441,-0.04351700579236595
2025-04-14,323.05,323.05,323.05,323.05,0,317.81,325.285,339.38500000000005,340.06499999999994,337.8454166666667,357.6472916666667,40.41474651201863,-7.229729749059004,-4.513438140901595,-2.716291608157409,339.38500000000005,372.57632567403886,306.19367432596124,0.1955968924615926,0.25392667107634165,5.028272205352038,358.35,308.0,358.35,308.0,0.003260869565217428,0.038745980707395544,-0.07169540229885052,-0.02342805320435304
2025-04-15,326.65,326.65,326.65,326.65,0,320.34,324.34499999999997,338.3175,339.99583333333334,337.59041666666667,357.45645833333333,43.58495553216384,-6.78935549093984,-4.968621610909245,-1.8207338800305957,338.3175,371.7045974329921,304.9304025670079,0.19737138890534547,0.3252693271193058,4.926252762112604,358.35,308.0,358.35,308.0,0.011143785791672967,0.040286624203821564,-0.06135057471264371,-0.012545344619105281
2025-04-16,329.5,329.5,329.5,329.5,300,324.64,323.03499999999997,337.2375,339.92,337.35249999999996,357.2933333333333,46.03291978021943,-6.139610924140641,-5.202819473555524,-0.9367914505851163,337.2375,370.2965967057497,304.1784032942503,0.1960582480047427,0.382974721468202,4.777948993390277,358.35,308.0,358.35,308.0,0.008724934945660623,0.06980519480519476,-0.06152093420677873,-0.013620715461757249
2025-04-17,324.5,324.5,324.5,324.5,300,325.14,321.5,335.77,339.7708333333333,337.09125,357.0839583333333,42.544985126772666,-5.959445113410254,-5.35414460152647,-0.605300511883784,335.77,368.3513351475981,303.18866485240187,0.1940693638359479,0.32704821719329075,4.793809779576685,358.35,308.0,358.35,308.0,-0.015174506828528056,0.007763975155279601,-0.08294475060053697,-0.026840605787974203
2025-04-18,327.1,327.1,327.1,327.1,0,326.15999999999997,320.78000000000003,334.3,339.61583333333334,336.8491666666667,356.91395833333337,44.883651556581015,-5.542968251859008,-5.391909331592978,-0.1510589202660304,334.3,365.63667180796506,302.96332819203496,0.18747634943443042,0.38511862325197666,4.637109081035495,358.35,308.0,358.35,308.0,0.008012326656394508,0.015838509316770333,-0.08246844319775593,-0.027645659928656197
2025-04-21,329.75,329.75,329.75,329.75,300,327.5,322.65500000000003,332.87,339.505,336.66875,356.73354166666667,47.24084581230738,-4.942104975693667,-5.301948460413116,0.35984348471944916,332.87,362.23438999877425,303.50561000122576,0.17643157988869074,0.44687442851477177,4.495172718104387,358.35,308.0,358.35,308.0,0.008101498012839992,0.02073982355672488,-0.07981024138412174,-0.01976813317479187
2025-04-22,329.45,329.45,329.45,329.45,0,328.06,324.2,331.49,339.3833333333333,336.44916666666666,356.553125,46.99580742996765,-4.438954488946592,-5.129349666119811,0.6903951771732189,331.49,358.69394456692106,304.28605543307896,0.16413131356554378,0.4625054374930505,4.1955175239540745,357.05,308.0,358.35,308.0,-0.000909780136467031,0.008571865911526144,-0.07730009802548665,-0.021677802524127765
2025-04-23,329.15,329.15,329.15,329.15,200,327.99,326.315,330.09749999999997,339.2566666666667,336.25458333333336,356.3435416666667,46.73474701052889,-4.018093515125486,-4.907098435920946,0.8890049207954602,330.09749999999997,354.6584746345725,305.53652536542745,0.14881042500820224,0.480711270336433,3.91726627224307,357.0,308.0,358.35,308.0,-0.0009106085900744132,-0.0010622154779970083,-0.07801120448179277,-0.022568671121009687
2025-04-24,335.65,335.65,335.65,335.65,0,330.21999999999997,327.67999999999995,329.03000000000003,339.1666666666667,336.1116666666667,356.1891666666667,52.84658523396602,-3.1240503759194667,-4.5504888239206505,1.4264384480011838,329.03000000000003,350.4799510488979,307.5800489511022,0.13038295018021362,0.6543127064697917,4.101747252797137,357.0,308.0,358.35,308.0,0.019747835333434605,0.03436055469953758,-0.05980392156862746,-0.01583345550505799
2025-04-25,334.4,334.4,334.4,334.4,300,331.67999999999995,328.91999999999996,328.35,339.1275,335.93125,356.01416666666665,51.61991871354285,-2.4877026129981914,-4.137931581736159,1.6502289687379674,328.35,348.1501515145747,308.54984848542534,0.12060393795994931,0.6527766086927823,3.898051020454484,349.5,308.0,358.35,308.0,-0.0037241173841799924,0.022317334148578283,-0.039080459770114984,-0.006978470675575443
2025-04-28,338.25,338.25,338.25,338.25,0,333.38,330.43999999999994,327.8625,339.12166666666667,335.7708333333333,355.8385416666667,55.07850920196252,-1.6536671564302878,-3.6410786966749846,1.9874115402446968,327.8625,346.12373968957513,309.6012603104249,0.11139572039849095,0.7844138781533532,3.894618804707737,348.0,308.0,358.35,308.0,0.011513157894736947,0.02577710386656551,-0.028017241379310387,-0.0010336680448908009
2025-04-29,338.35,338.35,338.35,338.35,200,335.15999999999997,331.61,327.9775,339.3691666666666,335.6375,355.65562500000004,55.168157714633935,-0.9733981559120934,-3.1075425885224064,2.134144432610313,327.9775,346.4710252183059,309.48397478169414,0.11277313363450771,0.7804359871240976,3.6235746043714716,342.6,308.0,358.35,308.0,0.00029563932002973914,0.02701472150553963,0.006844219610177005,0.04590417310664607
2025-04-30,340.65,340.65,340.65,340.65,0,337.46,332.725,327.88,339.655,335.5725,355.4916666666667,57.2798666015862,-0.24585522780341762,-2.535205116378609,2.2893498885751913,327.88,346.08240094053843,309.67759905946156,0.1110308706876811,0.8507779012701562,3.529033561202078,342.6,308.0,358.35,308.0,0.006797694694842482,0.03493847789761517,-0.005691768826620147,0.05301391035548675
2025-05-02,339.65,339.65,339.65,339.65,0,338.26,334.24,327.87,339.77416666666664,335.5225,355.32729166666667,56.04382781426302,0.2471867270145367,-1.9787267476999797,2.2259134747145164,327.87,346.0462867495018,309.6937132504982,0.11087496110959709,0.8240485849048034,3.348388306830501,340.65,308.0,358.35,308.0,-0.0029355643622486216,0.011917175629375887,-0.0005884949242314086,0.021503759398496136
2025-05-07,340.2,340.2,340.2,340.2,0,339.41999999999996,335.55,328.165,339.9025,335.45416666666665,355.123125,56.59855779138952,0.6745308599686837,-1.448075226166247,2.1226060861349305,328.165,346.9310890970952,309.39891090290484,0.11436983893526229,0.8206581813006227,3.14850342777118,340.65,308.0,358.35,308.0,0.0016193139997056072,0.01734449760765555,0.01764881842656285,0.023157894736842044
2025-05-08,341.95,341.95,341.95,341.95,0,340.15999999999997,336.77000000000004,329.7125,339.97833333333335,335.40708333333333,354.9191666666667,58.39759541233769,1.1412588175826954,-0.9302084174164587,2.071467234999154,329.7125,347.64751812098643,311.7774818790135,0.10879186030852005,0.8411621866632084,3.0486103257875246,340.65,308.0,358.35,308.0,0.005144032921810648,0.010938654841093909,0.09951768488745971,0.013485477178423189
2025-05-09,342.25,342.25,342.25,342.25,0,340.93999999999994,338.05,331.125,340.08583333333337,335.3691666666667,354.73645833333336,58.71354050577008,1.5178546952849956,-0.44059579487616785,1.9584504901611635,331.125,348.32225268756935,313.92774731243065,0.10387166591208363,0.8234528270914302,2.8522810168027024,341.95,308.0,358.35,308.0,0.0008773212457962032,0.01152652578690705,0.08996815286624193,0.019207861822513328
2025-05-12,342.5,342.5,342.5,342.5,0,341.31,339.385,332.85,340.1875,335.34000000000003,354.54791666666665,58.99302284884642,1.815553976159606,0.010634159330986936,1.8049198168286191,332.85,347.08966291736255,318.6103370826375,0.08556204246575047,0.8388422905795636,2.666403801316795,342.25,308.0,358.35,308.0,0.0007304601899196239,0.0054307940701601165,0.11201298701298712,0.018133174791914453
2025-05-13,347.6,347.6,347.6,347.6,0,342.9,340.58000000000004,334.13,340.3741666666666,335.3616666666667,354.3839583333334,64.30194268003976,2.4349416865181865,0.4954956647684269,1.9394460217497596,334.13,348.8331425212472,319.42685747875277,0.08800851477716595,0.9580653414919562,2.84023210122274,342.5,320.0,358.35,308.0,0.014890510948905256,0.0234064478139262,0.07950310559006213,0.03329369797859694
2025-05-14,352.5,352.5,352.5,352.5,1,345.36,342.39,335.655,340.5758333333333,335.46625,354.2391666666667,68.51898298914138,3.283351525841681,1.0530668369830778,2.230284688858603,335.655,351.30568369113973,320.0043163088602,0.09325458396949107,1.0381554037008747,2.987358379706828,347.6,322.0,358.35,308.0,0.014096662830839879,0.03615520282186946,0.09472049689440998,0.035546415981198676
2025-05-15,352.5,352.5,352.2,352.2,2,347.41,343.78499999999997,337.1125,340.72833333333335,335.6383333333334,354.07395833333334,67.98942394530106,3.886711354077022,1.6197957404018668,2.266915613675155,337.1125,353.2189234080725,321.0060765919275,0.09555518355488145,0.9683690356866619,2.79540420972777,352.5,323.05,358.35,308.0,-0.0008510638297872797,0.02997514256470235,0.09023370995201985,0.026672496720594685
2025-05-16,352.2,352.2,352.2,352.2,0,349.4,345.17,338.39,340.8808333333333,335.8883333333333,353.92958333333337,67.98942394530107,4.315136161337421,2.1588638245889777,2.156272336748443,338.39,355.018968699234,321.761031300766,0.09828286119113454,0.9152392204766174,2.5957324804615007,352.5,324.5,358.35,308.0,0.0,0.029072315558801964,0.07821827644267576,0.026672496720594685
2025-05-19,352.05,352.05,352.05,352.05,0,351.31000000000006,346.31,339.51750000000004,340.95750000000004,336.14375,353.76979166666666,67.68607521296715,4.589655470030436,2.6450221536772696,1.9446333163531668,339.51750000000004,356.63329022423756,322.4017097757625,0.10082420036809597,0.866109301288725,2.4210373032856776,352.5,324.5,358.35,308.0,-0.0004258943781941804,0.02788321167883212,0.06843702579666155,0.013239315009353936
2025-05-20,347.7,347.7,347.7,347.7,0,351.33,347.115,340.6775,340.81083333333333,336.34083333333336,353.5985416666666,59.40801559174365,4.405422387439216,2.997102200429659,1.4083201870095574,340.6775,356.6729204383662,324.6820795616338,0.09390359174507375,0.7195159554279674,2.558820353050988,352.5,324.5,358.35,308.0,-0.012356199403493862,0.0002876869965475759,0.07149460708782729,-0.02468443197755965
2025-05-21,349.0,349.0,349.0,349.0,0,350.63,347.995,341.7725,340.7558333333333,336.48625,353.434375,60.94525600005126,4.314579688686081,3.260597698080944,1.0539819906051369,341.7725,356.8735090722475,326.6714909277525,0.08836877789902645,0.7393052002492553,2.468904613547347,352.5,327.1,358.35,308.0,0.0037388553350590215,-0.009929078014184411,0.06695200244573507,-0.009367016747090617
2025-05-22,350.85,350.85,350.85,350.85,300,350.36,348.885,342.8275,340.7316666666666,336.63374999999996,353.278125,63.08758901660952,4.341815982384503,3.476841354941656,0.8649746274428471,342.8275,357.3588617737671,328.29613822623287,0.08477360639836137,0.7760408874577307,2.4246971411511096,352.5,329.15,358.35,308.0,0.0053008595988539575,-0.0038330494037477347,0.06398786959818059,-0.004115810388873098
2025-05-23,346.1,346.1,346.1,346.1,0,349.14,349.27,343.65999999999997,340.58583333333337,336.73791666666665,353.13,54.778890813073026,3.934758195596828,3.5684247230726904,0.3663334725241376,343.65999999999997,356.87887287177307,330.44112712822687,0.07692994745837806,0.5922922863268586,2.590790202497459,352.5,329.15,358.35,308.0,-0.013538549237565922,-0.017319704713231077,0.050538776749127434,-0.02465830632661692
2025-05-26,346.85,346.85,346.85,346.85,0,348.1,349.705,344.545,340.5133333333333,336.84708333333333,352.9614583333333,55.76941274623883,3.6308267877649882,3.5809051360111503,0.04992165175383789,344.545,356.0137793596397,333.0762206403603,0.06657347725051713,0.6004902059634888,2.4593051880333547,352.5,329.15,358.35,308.0,0.0021670037561398736,-0.014770629171992566,0.05377487467719888,-0.012386104783599028
2025-05-27,351.95,351.95,351.95,351.95,0,348.95,350.14,345.36,340.545,336.9791666666667,352.8125,61.883474099538255,3.7581645532782773,3.616357019464576,0.14180753381370126,345.36,356.4963638590025,334.22363614099754,0.0644913357598012,0.7958775451052058,2.64792624603097,352.5,334.4,358.35,308.0,0.014703762433328382,0.01222318090307728,0.04856249068970664,0.005427796029138676
2025-05-28,353.35,353.35,353.35,353.35,0,349.82000000000005,350.225,346.3075,340.5775,337.0875,352.69520833333337,63.37994614497763,3.926783434483525,3.678442302468366,0.24834113201515917,346.3075,356.7560058740519,335.85899412594813,0.06034235974705645,0.8370099076792199,2.55878865702876,352.5,334.4,358.35,308.0,0.003977837761045766,0.01246418338108879,0.056668660287081396,0.005549231644849328
2025-05-29,358.65,358.65,358.65,358.65,0,351.38,350.87,347.3275,340.72166666666664,337.2495833333333,352.62874999999997,68.43267102543474,4.436934598567575,3.8301407616882077,0.6067938368793673,347.3275,358.39513186052443,336.25986813947554,0.0637302365089113,1.0115141225642226,2.7545894672409883,353.35,338.25,358.35,308.0,0.014999292486203242,0.022231722958529154,0.060310421286031035,0.02471428571428569
2025-05-30,365.35,365.35,365.35,365.35,0,355.23,352.185,348.67749999999995,341.20416666666665,337.4891666666666,352.5910416666667,73.42461646928982,5.320535258763698,4.128219661103306,1.192315597660392,348.67749999999995,361.4855238522612,335.8694761477387,0.07346630540979142,1.1508615299407223,3.0364045052952067,358.65,338.35,358.65,308.0,0.018681165481667428,0.05561976307425609,0.07979902467858735,0.08605826397146266
2025-06-02,362.1,362.1,362.1,362.1,700,358.28000000000003,353.19,349.75,341.6025,337.72083333333336,352.51145833333334,67.82194119672765,5.692922838589595,4.4411602966005645,1.2517625419890308,349.75,363.26254972239116,336.23745027760884,0.07726976252975644,0.9569825922466463,3.0516613263455494,365.35,339.65,365.35,308.0,-0.008895579581223445,0.04396713276632558,0.06296785557023354,0.07066824364281499
2025-06-04,361.0,361.0,361.0,361.0,0,360.09000000000003,354.52,350.8175,341.9825,337.99499999999995,352.43999999999994,65.98665463816644,5.832053588155816,4.719338954911615,1.1127146332442006,350.8175,364.34307854585495,337.29192145414504,0.0771089158656849,0.8764164307456013,2.9122569458922976,365.35,339.65,365.35,308.0,-0.0030378348522508425,0.025713879812473417,0.06285882526129849,0.0674157303370786
2025-06-05,373.45,373.45,373.45,373.45,1,364.11,356.96500000000003,352.47999999999996,342.49083333333334,338.37791666666664,352.4060416666667,74.42285788235323,6.867759405187428,5.149023044966778,1.7187363602206496,352.47999999999996,368.34774716209233,336.6122528379076,0.09003487949439612,1.160774330022626,3.59352430689999,365.35,340.2,365.35,308.0,0.03448753462603871,0.05688410924012999,0.09773662551440321,0.08893424697477759
2025-06-09,385.7,385.7,385.7,385.7,1,369.52000000000004,360.45,354.6675,343.2341666666667,338.8208333333333,352.39875000000006,79.74592090098588,8.578152744398096,5.834848984853042,2.7433037595450545,354.6675,375.4324289668925,333.90257103310756,0.11709518896934427,1.2472334735524042,4.211843999264277,373.45,341.95,373.45,308.0,0.03280224929709474,0.07542172034016459,0.127942681678608,0.13075344473761352
2025-06-10,385.7,385.7,385.7,385.7,0,373.59000000000003,364.40999999999997,356.84000000000003,344.0625,339.33250000000004,352.40916666666664,79.74592090098588,9.82044777945606,6.631968743773646,3.1884790356824144,356.84000000000003,380.79970784463137,332.8802921553687,0.13428824035775885,1.10226109990875,3.9109979993168285,385.7,342.25,385.7,308.0,0.0,0.05570001368550703,0.12695398100803512,0.1479166666666667
2025-06-11,387.5,387.5,387.5,387.5,0,378.66999999999996,368.475,359.09000000000003,344.92083333333335,339.85916666666674,352.42333333333335,80.43965321498555,10.82543166413734,7.470661327846385,3.3547703362909553,359.09000000000003,385.5606932285516,332.61930677144846,0.14743208236682484,1.03663120483291,3.760212427937056,385.7,342.5,385.7,308.0,0.004666839512574628,0.07014636840651756,0.13138686131386867,0.15327380952380953
2025-06-12,393.25,393.25,393.25,393.25,0,385.12,372.60499999999996,361.37250000000006,345.7433333333333,340.43375000000003,352.4485416666667,82.50151646861956,11.948134916646723,8.366156045606454,3.5819788710402687,361.37250000000006,391.1522829911517,331.5927170088484,0.16481488210171855,1.0352204885017393,3.9023401116558376,387.5,346.1,387.5,308.0,0.014838709677419404,0.08933518005540164,0.13132911392405067,0.1435010177377145
2025-06-13,388.4,388.4,386.65,386.65,4,387.76,375.935,363.08000000000004,346.4558333333334,341.03,352.4579166666666,72.99081992236523,12.165088918850415,9.125942620255246,3.0391462985951687,363.08000000000004,394.5000477402579,331.65995225974217,0.17307506742457787,0.875078997251175,4.095030103680422,393.25,346.1,393.25,308.0,-0.016783216783216814,0.03534609720176718,0.09687943262411336,0.12430939226519344
2025-06-16,386.65,386.65,386.65,386.65,240,387.95,378.735,364.80249999999995,347.1,341.57041666666663,352.4672916666667,72.99081992236523,12.196433633752406,9.740040822954679,2.456392810797727,364.80249999999995,397.4028907185187,332.2021092814812,0.1787289874302875,0.8350803398130671,3.8025279534175347,393.25,346.1,393.25,308.0,0.0,0.0024630541871921707,0.09781374219193628,0.11106321839080446
2025-06-17,398.9,404.0,398.9,404.0,3,391.61,382.6,367.3925,348.03333333333336,342.22625,352.5268750000001,80.01480636211221,13.466046346182793,10.485241927600303,2.9808044185824905,367.3925,403.6068241687606,331.17817583123934,0.19714242489305384,1.0054284573889485,4.770204528173426,393.25,346.1,393.25,308.0,0.04487262381999235,0.04744620171117453,0.1470755252697331,0.16091954022988508
2025-06-18,404.0,404.0,404.0,404.0,0,394.90999999999997,386.79,369.98999999999995,348.91499999999996,342.835,352.5820833333334,80.01480636211221,14.30729794314459,11.249653130709161,3.057644812435429,369.98999999999995,408.78990463905905,331.19009536094086,0.2097348827755296,0.938274273047605,4.4294756333038965,404.0,346.1,404.0,308.0,0.0,0.04258064516129023,0.1475642664394261,0.15066932497863839
2025-06-19,402.15,402.15,402.15,402.15,45,396.68999999999994,390.90500000000003,372.7125,349.72,343.41875,352.62958333333336,77.52172023898174,14.655773719189938,11.930877248405316,2.7248964707846213,372.7125,412.50281132072325,332.9221886792767,0.21351745015647866,0.8699078874091215,4.245227373782192,404.0,346.1,404.0,308.0,-0.004579207920792139,0.022631913541004467,0.1566005176876617,0.1364985163204746
2025-06-20,402.05,402.05,402.05,402.05,0,399.77,393.765,375.365,350.4791666666667,344.01625,352.68375000000003,77.3813689884618,14.753801478550997,12.495462094434453,2.2583393841165442,375.365,415.54966249702835,335.18033750297167,0.21410979977903288,0.8320296643274453,3.9491397042263188,404.0,346.1,404.0,308.0,-0.00024866343404195135,0.03982930298719789,0.1520057306590259,0.12776998597475453
2025-06-23,408.15,408.15,408.15,408.15,0,404.07,396.01,378.23,351.30916666666667,344.67291666666665,352.7633333333333,79.78556073732548,15.149079050944351,13.026185485736432,2.122893565207919,378.23,419.17811839389054,337.2818816061095,0.2165249630853741,0.8653403522988743,4.102772582495865,404.0,346.1,404.0,308.0,0.015172242258425506,0.05560584507952937,0.1633176571184265,0.13897028045207183
2025-06-24,416.7,418.8,416.7,418.8,5,407.03,399.32000000000005,381.865,352.3383333333333,345.4620833333333,352.86333333333334,83.15254798008914,16.13570302873461,13.648088994336067,2.4876140343985433,381.865,423.65750052342014,340.0724994765799,0.2188862583552833,0.941885500238278,4.570431683746163,408.15,346.1,408.15,308.0,0.026093348033811248,0.036633663366336666,0.21005489742848882,0.17294496569107976
2025-06-25,418.8,418.8,418.8,418.8,0,409.98999999999995,402.45,385.4625,353.3683333333333,346.30500000000006,352.95770833333336,83.15254798008914,16.724816367131723,14.263434468895198,2.4613818982365245,385.4625,426.9651972015081,343.95980279849186,0.21533973967121633,0.9016305234107607,4.2439722777642945,418.8,346.85,418.8,308.0,0.0,0.036633663366336666,0.20743837393686038,0.17310924369747904
2025-06-26,420.0,420.0,420.0,420.0,401,413.56000000000006,405.125,388.865,354.4183333333333,347.1579166666667,353.084375,83.51143976087783,17.091502699298985,14.829048114975958,2.2624545843230273,388.865,429.97602163654005,347.75397836345996,0.21144109979833642,0.8786697430589607,4.026545686495416,418.8,351.95,418.8,308.0,0.002865329512893977,0.044386422976501416,0.19335132831368096,0.17647058823529416
2025-06-27,420.0,420.0,420.0,420.0,0,417.15,408.46,392.19750000000005,355.6183333333333,347.95,353.2110416666667,83.51143976087783,17.18401760114739,15.300042012210245,1.883975588937144,392.19750000000005,432.0385400843159,352.3564599156842,0.20316825111998857,0.8489178487956305,3.738935280317172,420.0,353.35,420.0,308.0,0.0,0.04464618828503908,0.18862317815197382,0.2068965517241379
2025-06-30,416.4,416.4,416.4,416.4,0,418.8,411.43500000000006,395.085,356.7583333333333,348.70916666666665,353.27520833333335,77.74889723356938,16.773492038764857,15.594732017521169,1.1787600212436882,395.085,433.11161041954773,357.05838958045223,0.19249837589150565,0.7802642644825757,3.72901133172309,420.0,358.65,420.0,308.0,-0.008571428571428674,0.020213156927600062,0.1610204935173567,0.19655172413793087
2025-07-01,419.15,419.15,419.15,419.15,0,418.87,412.95,397.775,358.1433333333333,349.49125,353.349375,78.94413976325964,16.480077515088908,15.771801117034716,0.708276398054192,397.775,434.59984894741666,360.9501510525833,0.18515416477866475,0.7902252230623134,3.659081950885727,420.0,361.0,420.0,308.0,0.0066042267050911985,0.0008357211079272897,0.14725605583686852,0.24728463026335357
2025-07-02,419.95,419.95,419.95,419.95,0,419.1,414.54499999999996,400.6675,359.4325,350.30458333333337,353.44125,79.29261485115663,16.12620485391733,15.842681864411238,0.2835229895060909,400.6675,434.8202198770472,366.51478012295286,0.17047911236647426,0.782298160577235,3.4548618115367473,420.0,361.0,420.0,308.0,0.0019086245973995997,0.002745940783190015,0.15976249654791475,0.2257734967892584
2025-07-03,418.1,418.1,418.1,418.1,0,418.71999999999997,416.14,403.5225,360.7366666666667,351.1091666666667,353.5170833333333,76.15386210887662,15.517601431587252,15.777665777846442,-0.26006434625919006,403.5225,433.18527928650735,373.8597207134926,0.14701920852744207,0.7457204002901857,3.3402288249984062,420.0,361.0,420.0,308.0,-0.004405286343612258,-0.0045238095238094855,0.15817174515235455,0.23024863910548765
2025-07-04,424.8,424.8,424.8,424.8,0,419.67999999999995,418.41499999999996,406.09000000000003,362.245,351.98375,353.59583333333336,79.34303864352368,15.398409560170933,15.701814534311342,-0.3034049741404097,406.09000000000003,433.71585021316173,378.46414978683833,0.13605777149480014,0.8386321118740815,3.5802124803556623,420.0,373.45,420.0,308.0,0.016024874431953995,0.011428571428571566,0.1375016735841479,0.2707149267125337
2025-07-07,413.5,415.0,413.5,415.0,3,419.4,419.1,407.555,363.97833333333335,352.7158333333333,353.60249999999996,65.53663400842632,14.347778782734565,15.431007383995986,-1.0832286012614212,407.555,433.77197732386486,381.33802267613515,0.12865491687681346,0.6419881458497304,4.131625874615973,424.8,385.7,424.8,308.0,-0.02306967984934094,-0.003362151777137279,0.07596577651024106,0.33440514469453375
2025-07-08,415.0,415.0,415.0,415.0,0,418.57,418.71999999999997,409.02,365.6616666666667,353.39416666666665,353.655,65.53663400842632,13.361127560723276,15.017031419341444,-1.655903858618169,409.02,433.3983182356791,384.6416817643209,0.11920355110106647,0.622649969989479,3.836509740714832,424.8,385.7,424.8,308.0,0.0,-0.009900990099009799,0.07596577651024106,0.32165605095541405
2025-07-09,422.5,423.5,422.5,423.5,2,419.28000000000003,419.18999999999994,410.82,367.5866666666667,354.1383333333333,353.7429166666667,70.67044081104952,13.11390933765773,14.636407003004702,-1.5224976653469717,410.82,433.85593714178003,387.78406285821995,0.1121461328162214,0.7752221436001929,4.169616187806629,424.8,386.65,424.8,308.0,0.02048192771084345,0.008453387308012816,0.09290322580645172,0.375
2025-07-10,423.5,423.5,423.5,423.5,0,420.36,419.53999999999996,412.3325,369.27833333333336,354.85833333333335,353.78416666666664,70.67044081104952,12.77077358639383,14.26328031968253,-1.4925067332886996,412.3325,434.51175325614093,390.15324674385903,0.10757945714267468,0.7517555453970927,3.871786460106156,424.8,386.65,424.8,320.0,0.0,0.012915570437694202,0.07692307692307687,0.3152173913043479
2025-07-11,428.5,428.5,428.45,428.45,502,421.09,420.38500000000005,414.4225,371.0525,355.62333333333333,353.89854166666663,73.35152151285162,12.751270948379101,13.960878445421844,-1.209607497042743,414.4225,434.28410806682166,394.56089193317837,0.09585197747140488,0.8531310242555986,3.9523731415271453,424.8,386.65,424.8,322.0,0.011688311688311748,0.008592278719397273,0.10810810810810811,0.3305900621118012
2025-07-14,428.45,428.45,428.45,428.45,0,423.78000000000003,421.59,416.5125,372.80916666666667,356.4370833333333,354.0129166666667,73.35152151285163,12.590677474739266,13.68683825128533,-1.0961607765460641,416.5125,432.7020915637187,400.3229084362813,0.077738802862909,0.8686782323388644,3.6700607742752065,428.5,386.65,428.5,323.05,0.0,0.032409638554216746,0.10810810810810811,0.3262652840117628
2025-07-15,436.0,436.0,436.0,436.0,0,427.98,423.275,418.1125,374.6316666666666,357.31375,354.111875,77.06083159557912,12.923652075451855,13.534201016118637,-0.6105489406667814,418.1125,435.33175884003225,400.8932411599678,0.08236663022527305,1.0194038885812609,3.947199290398407,428.5,398.9,428.5,324.5,0.017621659470183237,0.050602409638554224,0.07920792079207928,0.33476197765192106
2025-07-16,433.0,433.0,433.0,433.0,1,429.88,424.58000000000004,419.5625,376.3566666666666,358.1383333333333,354.1987500000001,72.7288516342512,12.797935285976507,13.38694787009021,-0.5890125841137035,419.5625,436.66770023267856,402.45729976732144,0.08153827013938832,0.8927899064966333,3.8795421982270923,436.0,402.05,436.0,324.5,-0.006880733944954143,0.022432113341204207,0.07178217821782185,0.3141122913505312
2025-07-17,433.0,433.0,433.0,433.0,0,431.78000000000003,426.07,421.105,378.16499999999996,358.96791666666667,354.36125000000004,72.7288516342512,12.553593809481868,13.220277057968543,-0.6666832484866756,421.105,437.18433145376457,405.02566854623547,0.07636732621918312,0.8698847814103329,3.6024320412108715,436.0,402.05,436.0,324.5,0.0,0.022432113341204207,0.07671266940196442,0.33436055469953785
2025-07-18,435.25,435.25,435.25,435.25,0,433.14,427.11499999999995,422.765,379.9675,359.7916666666667,354.53312500000004,74.0001687865121,12.398584461122937,13.055938538599422,-0.6573540774764854,422.765,437.4251534780513,408.1048465219487,0.069353676288488,0.9258140959674171,3.5058297525529523,436.0,402.05,436.0,327.1,0.0051963048498844255,0.015871163496324003,0.08257679393110307,0.33063283399571985
2025-07-21,435.0,435.0,435.0,435.0,0,434.45,429.11499999999995,424.10749999999996,381.72166666666664,360.61333333333334,354.679375,73.5896722258143,12.11590096071501,12.86793102302254,-0.7520300623075311,424.10749999999996,438.06924326508033,410.1457567349196,0.06584058647904305,0.8900838094925869,3.2732704845134557,436.0,408.15,436.0,329.15,-0.0005743825387708457,0.015287664838370851,0.06578463800073497,0.3191811978771797
2025-07-22,438.1,438.1,438.1,438.1,150,434.87000000000006,431.425,425.07250000000005,383.5325,361.4579166666666,354.88374999999996,75.41114032502503,12.00364578562943,12.695073975543918,-0.6914281899144878,425.07250000000005,440.06347978785965,410.08152021214045,0.07053375500819084,0.9345112922689102,3.260894021333925,436.0,413.5,436.0,329.15,0.007126436781609291,0.0048165137614679665,0.04608404966571156,0.32979207770526653
2025-07-23,432.2,432.2,432.2,432.2,125,434.71000000000004,432.29499999999996,425.7425,385.25,362.25333333333333,355.0745833333333,66.07137197917987,11.308247619558017,12.41770870434674,-1.1094610847887232,425.7425,440.7500072880214,410.73499271197863,0.07050039537054145,0.7151423243070554,3.449401591238647,438.1,413.5,438.1,329.15,-0.013467244921250954,-0.0018475750577366945,0.031996179560649374,0.31307914324775954
2025-07-24,437.7,437.7,437.7,437.7,1,435.65,433.715,426.62749999999994,386.9508333333333,363.05875,355.31937500000004,69.82340146674362,11.073297516572666,12.148826466791927,-1.0755289502192618,426.62749999999994,442.250991127146,411.0040088728539,0.07324183803034758,0.8543542192295744,3.595872906150172,438.1,413.5,438.1,334.4,0.012725590004627474,0.010854503464203136,0.04214285714285704,0.3040369432444512
2025-07-25,437.7,437.7,437.7,437.7,0,436.14000000000004,434.64000000000004,427.5125,388.67249999999996,363.9,355.5641666666667,69.82340146674362,10.76302837586826,11.871666848607195,-1.1086384727389351,427.5125,443.5342313359078,411.4907686640922,0.07495327662188973,0.8179275630832678,3.33902484142516,438.1,413.5,438.1,334.4,0.0,0.005628948879954132,0.04214285714285704,0.30891148325358864
2025-07-28,434.1,434.5,434.1,434.5,2,436.0400000000001,435.245,428.4175,390.27666666666664,364.69916666666666,355.76979166666666,64.97495517957827,10.142013768468871,11.52573623257953,-1.383722464110658,428.4175,443.8605332188987,412.97446678110134,0.07209338189452427,0.6969334622862955,3.3576659241805036,438.1,413.5,438.1,338.25,-0.007310943568654249,-0.0011494252873562871,0.043467819404418906,0.2845528455284554
2025-07-29,434.5,434.5,434.5,434.5,0,435.32,435.09499999999997,429.18500000000006,391.87916666666666,365.62416666666667,355.9754166666667,64.97495517957827,9.53988535790279,11.128566057644182,-1.588680699741392,429.18500000000006,444.2300357261127,414.1399642738874,0.0701097928684024,0.6766363369538252,3.117832643881896,438.1,413.5,438.1,338.35,0.0,-0.008217301985848025,0.03662173446260297,0.2841731934387468
2025-07-30,439.6,439.6,439.6,439.6,0,436.8,435.755,430.1675,393.52833333333336,366.59166666666664,356.18291666666664,68.95902146091926,9.366253294263686,10.776103504968084,-1.4098502107043984,430.1675,445.23830870424695,415.0966912957531,0.070069490160214,0.812939411053036,3.2594160264617624,438.1,413.5,438.1,339.65,0.011737629459148469,0.017121702915317005,0.04679128467674731,0.2904740936445034
2025-07-31,443.5,443.5,443.5,443.5,0,437.96000000000004,436.805,431.4375,395.2591666666667,367.51666666666665,356.4120833333333,71.6177488433669,9.434589958999311,10.50780079577433,-1.0732108367750186,431.4375,446.50746599199886,416.36753400800114,0.06985932373518229,0.9002165634084504,3.305172024571635,439.6,413.5,439.6,339.65,0.008871701546860677,0.013251085218185965,0.06075101650322878,0.30575592521713535
2025-08-01,424.0,424.0,424.0,424.0,7,435.21999999999997,435.68,431.39750000000004,396.65583333333336,368.27916666666664,356.6370833333333,49.01283285625462,7.825057830698142,9.971252202759093,-2.1461943720609504,431.39750000000004,446.5417885273625,416.2532114726376,0.07021036759537293,0.25576601084183137,4.4619454513879475,443.5,413.5,443.5,340.2,-0.04396843291995489,-0.03129997715330135,-0.0018832391713747842,0.24632569077013522
2025-08-04,424.0,424.0,424.0,424.0,0,433.12,434.58000000000004,431.8475,398.02333333333337,369.00083333333333,356.9916666666667,49.01283285625462,6.474853937234911,9.271972549654258,-2.7971186124193466,431.8475,445.47498968078867,418.2200103192114,0.06311250930381045,0.21207096157030886,4.143235062003094,443.5,413.5,443.5,341.95,0.0,-0.024165707710011475,0.02168674698795181,0.23994736072525225
2025-08-05,428.45,428.45,428.45,428.45,0,431.91,433.61499999999995,432.5200000000001,399.46,369.7729166666667,357.2985416666667,52.94375352999541,5.698200129681197,8.557218065659645,-2.859017935978448,432.5200000000001,443.89718770171265,421.14281229828754,0.05260883983035492,0.32113330171271287,4.1651468432885865,443.5,415.0,443.5,342.25,0.010495283018867818,-0.013924050632911467,0.032409638554216746,0.25186267348429503
2025-08-06,434.9,434.9,434.9,434.9,0,430.96999999999997,433.88500000000005,433.09000000000003,401.0,370.59375,357.6322916666667,57.99832554129895,5.539303840233913,7.953635220574499,-2.4143313803405864,433.09000000000003,443.72022107013765,422.4597789298624,0.049090124778395354,0.5851346358677615,4.328350640196544,443.5,422.5,443.5,342.5,0.015054265375189502,-0.010691537761601588,0.02691853600944505,0.26978102189781006
2025-08-07,433.0,433.0,432.8,432.8,9,428.83000000000004,433.395,433.55499999999995,402.42,371.39708333333334,357.9308333333334,55.89323576397914,5.184165108157288,7.399741198091057,-2.2155760899337693,433.55499999999995,443.23796958582415,423.87203041417575,0.04466777957040836,0.461014026053265,4.16918273732536,443.5,423.5,443.5,346.1,-0.004828696252011877,-0.02412626832018039,0.021959858323494785,0.2451093210586881
2025-08-08,432.8,432.8,432.8,432.8,300,430.59,432.90500000000003,433.77250000000004,403.7583333333333,372.1670833333333,358.24833333333333,55.89323576397914,4.84684370714956,6.8891616999027585,-2.0423179927531985,433.77250000000004,443.17848081010146,424.3665191898986,0.043368267052897196,0.44830416839913056,3.871383970373549,443.5,424.0,443.5,346.1,0.0,0.020754716981132182,0.010152876648383824,0.22780141843971635
2025-08-11,437.1,437.1,437.1,437.1,0,433.21000000000004,433.16499999999996,434.2049999999999,405.17333333333335,372.9508333333333,358.55375,59.39326569552716,4.870345815110397,6.485398522944287,-1.6150527078338897,434.2049999999999,443.38502723307477,425.0249727669251,0.0422842999646473,0.657679270796151,3.901999401061153,443.5,424.0,443.5,346.1,0.009935304990757787,0.030896226415094485,0.020189053565176973,0.24105621805792166
2025-08-12,436.8,436.8,436.8,436.8,0,434.88,433.395,434.245,406.5833333333333,373.7320833333333,358.84479166666665,59.041251967403106,4.80932500721525,6.15018381979848,-1.34085881258323,434.245,443.46285766867743,425.0271423313226,0.042454640438818754,0.6385896860114243,3.644713729556786,443.5,424.0,443.5,346.1,-0.0006863417982155839,0.019488855175633146,0.0018348623853210455,0.2402044293015333
2025-08-13,435.45,435.45,435.45,435.45,300,434.98999999999995,432.98,434.36749999999995,407.97333333333336,374.46541666666667,359.12375,57.392797385973495,4.599017251659632,5.839950506170711,-1.240933254511079,434.36749999999995,443.58103759421397,425.15396240578593,0.04242277607884576,0.5587450796684128,3.480805606017017,443.5,424.0,443.5,346.1,-0.0030906593406594407,0.0012646585421935974,0.00565819861431871,0.23689816787388152
2025-08-14,440.45,440.45,440.45,440.45,0,436.52,432.675,434.73999999999995,409.5191666666667,375.165,359.40645833333326,61.662221430710346,4.780696163954701,5.62809963772751,-0.8474034737728084,434.73999999999995,444.2982215919068,425.1817784080931,0.04397212859137337,0.798695732521771,3.589319491301516,443.5,424.0,443.5,346.1,0.011482374555058072,0.017675600739371466,0.017205542725173162,0.26675294794362947
2025-08-18,439.25,439.25,439.25,439.25,24,437.80999999999995,434.2,434.93999999999994,411.02333333333337,375.88958333333335,359.64666666666665,60.105550643312334,4.772829828414274,5.457045675864863,-0.6842158474505888,434.93999999999994,444.6978481234334,425.1821518765665,0.04486985847902452,0.7208478726805349,3.418653813351407,443.5,424.0,443.5,346.1,-0.0027244863208082393,0.014902957486136792,0.009190120620333087,0.25859598853868193
2025-08-19,433.1,433.1,433.1,433.1,0,437.01000000000005,435.11,434.84499999999997,412.3941666666667,376.5629166666667,359.88979166666667,52.75500125708815,4.221677231299566,5.209971986951804,-0.9882947556522383,434.84499999999997,444.63560263722275,425.0543973627772,0.04503031028169935,0.41088393306017484,3.613749969540591,443.5,424.0,443.5,346.1,-0.01400113830392713,-0.009151223976206824,-0.004367816091954024,0.23443066837679916
2025-08-20,429.75,429.75,429.75,429.75,0,435.6,435.23999999999995,434.42749999999995,413.7883333333333,377.1870833333333,360.11895833333335,49.22370697633254,3.4745157693857323,4.86288074343859,-1.388364974052858,434.42749999999995,444.33867929410997,424.51632070588994,0.04562869198708652,0.26402908971792677,3.5949106860019793,443.5,424.0,443.5,346.1,-0.007734934195335996,-0.016140109890109944,-0.019059575439397403,0.24169315226813048
2025-08-21,427.3,427.3,427.3,427.3,0,433.96999999999997,434.48,434.1825,415.12916666666666,377.82125,360.30916666666667,46.75858941723313,2.654095640884748,4.421123722927822,-1.7670280820430744,434.1825,444.5342764176008,423.83072358239923,0.047683987344495804,0.16756913391705835,3.5131313512875515,443.5,424.0,443.5,346.85,-0.005700988947062169,-0.01871627052474445,-0.011337343822304446,0.2319446446590745
2025-08-22,428.7,428.7,428.7,428.7,5,431.62,434.07,433.73249999999996,416.40833333333336,378.47666666666663,360.5035416666667,48.35034854244913,2.092751145439422,3.955449207430142,-1.86269806199072,433.73249999999996,444.2151654530227,423.24983454697724,0.04833700704015825,0.2599608600239728,3.3621933976241536,443.5,424.0,443.5,351.95,0.0032763866136202857,-0.02667726189124764,-0.020562028786840325,0.21807074868589282
2025-08-25,428.7,428.7,428.7,428.7,0,429.51000000000005,433.66,433.2825000000001,417.6641666666667,379.12083333333334,360.7397916666667,48.35034854244913,1.6291023111681397,3.490179828177742,-1.8610775170096021,433.2825000000001,443.81783459364243,422.74716540635774,0.0486303259127352,0.2825175859737074,3.1220367263652857,443.5,424.0,443.5,353.35,0.0,-0.024018212862834454,-0.020562028786840325,0.21324465827083627
2025-08-26,437.3,437.3,437.3,437.3,0,430.35,433.68,433.4225,418.975,379.84833333333336,361.01187500000003,57.41970107109828,1.9333192950163607,3.1788077215454655,-1.2454884265291049,433.4225,444.0923863630311,422.75261363696893,0.04923549821724106,0.6817029660894385,3.5133198173391955,443.5,424.0,443.5,358.65,0.020060648472125076,0.009697529438928543,0.00644418872266983,0.2192945768855432
2025-08-27,432.8,432.8,432.8,432.8,0,430.96000000000004,433.28000000000003,433.3375,420.0991666666667,380.6516666666667,361.238125,52.24969130920301,1.7906594470910022,2.9011780666545732,-1.110518619563571,433.3375,443.99877923844025,422.6762207615597,0.04920543104827195,0.4747919556378395,3.5837969732435386,443.5,424.0,443.5,361.0,-0.01029041847701806,0.007097149505526534,-0.0039125431530494525,0.18461749007800732
2025-08-28,432.0,433.25,432.0,433.25,6,432.15,433.06000000000006,433.02,421.28499999999997,381.44375,361.5154166666667,52.70825583058996,1.6943799713992007,2.6598184476034987,-0.965438476204298,433.02,443.28729759966063,422.75270240033933,0.047421817004575546,0.5112006103732505,3.417097189440429,443.5,424.0,443.5,361.0,0.0010397412199629752,0.01392464310788677,-0.014444949954504183,0.19649268157967414
2025-08-29,433.25,433.25,433.25,433.25,20,433.06000000000006,432.34000000000003,432.5075,422.4891666666666,382.23583333333335,361.79270833333334,52.70825583058996,1.5996381602856218,2.447782390139923,-0.8481442298543014,432.5075,441.5855655979123,423.4294344020877,0.04197876613891002,0.5408952762012845,3.173018818766113,443.5,424.0,443.5,361.0,0.0,0.010613482621880221,-0.023111612175873764,0.20013850415512469
2025-09-01,433.9,433.9,433.9,433.9,0,434.1,431.805,433.00249999999994,423.49666666666667,382.99375,362.0389583333333,53.457026124317856,1.5590326027432297,2.2700324326605843,-0.7109998299173546,433.00249999999994,441.20880702569656,424.7961929743033,0.037904201595587175,0.5546835499323673,2.9928031888542463,440.45,424.0,443.5,373.45,0.0015002885170225522,0.012129694425005777,0.02334905660377351,0.16186905877627522
2025-09-02,426.45,426.45,426.45,426.45,0,431.93,431.14,433.125,424.1758333333334,383.705,362.2545833333333,44.71782816865933,0.9151503841245585,1.9990560229533794,-1.0839056388288208,433.125,440.849085706412,425.400914293588,0.0356667738247018,0.06791002497169965,3.3111743896503705,440.45,424.0,443.5,385.7,-0.01716985480525468,-0.02481134232792137,0.005778301886792514,0.10565206118745141
2025-09-03,431.25,431.25,431.25,431.25,100,431.62,431.28999999999996,433.265,424.93500000000006,384.49875,362.50562499999995,50.349764573998996,0.7831611771256917,1.7558770537878419,-0.9727158766621502,433.265,440.74264000203254,425.7873599979674,0.03451762778914779,0.36526497668701136,3.4175190761039165,440.45,426.45,443.5,385.7,0.011255715793176302,-0.0035813308687615564,0.006535184969074681,0.11809696655431678
2025-09-04,433.2,433.2,433.2,433.2,0,431.60999999999996,431.88,433.18,425.69666666666666,385.30875,362.8210416666667,52.46829215342441,0.8263814716180491,1.5699779373538836,-0.7435964657358345,433.18,440.6199193544015,425.74008064559854,0.03435024402974037,0.5013441005908317,3.312696284953636,440.45,426.45,443.5,386.65,0.004521739130434854,-0.00011540680900179456,-0.0039089445849620486,0.11793548387096764
2025-09-05,434.55,434.55,434.55,434.55,350,431.87,432.465,433.26750000000004,426.38500000000005,386.0641666666667,363.18812499999996,53.93377021076108,0.958518380731789,1.4476860260294646,-0.48916764529767565,433.26750000000004,440.728617543639,425.80638245636106,0.034441159531416396,0.5859455699832375,3.172503693171235,440.45,426.45,443.5,386.65,0.0031163434903047627,0.0030005770340451043,0.004043438077633965,0.10502225047679592
2025-09-08,430.5,436.9,430.5,434.45,4,431.98,433.03999999999996,433.35,427.1816666666666,386.81875,363.5654166666667,53.80144555875358,1.0431439547584773,1.3667776117752672,-0.3236336570167899,433.35,440.82509197267814,425.8749080273219,0.03449909760091434,0.573577690015088,3.403039143659002,440.45,426.45,443.5,386.65,-0.00023012311586700918,0.0012675731735423135,0.0038123844731976497,0.12362601836286058
2025-09-09,438.65,442.3,438.65,442.3,152,435.15,433.53999999999996,433.61,428.10916666666674,387.6045833333334,363.9754166666666,61.73754577232816,1.7237691884858464,1.438175927117383,0.2855932613684633,433.61,441.9054565877953,425.3145434122047,0.03826229370999417,1.0237806929630122,3.720679204826218,440.45,426.45,443.5,386.65,0.018068822649326854,0.037167311525384106,0.011896591169068937,0.14392861761282827
2025-09-10,449.3,451.15,449.0,451.15,11,439.13,435.375,434.3275,428.89500000000004,388.4641666666667,364.40020833333335,68.340535463234,2.943361389400536,1.7392130195740136,1.2041483698265225,434.3275,445.5636236643245,423.0913763356755,0.05174032804427309,1.2485900165647261,4.087059261624343,442.3,426.45,443.5,398.9,0.020009043635541346,0.04614492753623178,0.0328525641025641,0.11670792079207915
2025-09-11,452.95,457.2,452.95,455.5,6,443.59000000000003,437.6,435.3299999999999,429.75333333333333,389.3341666666667,364.85770833333333,70.9904924367004,4.212348311605524,2.233840077980316,1.9785082336252082,435.3299999999999,449.87762523575543,420.7823747642444,0.06683493090646409,1.1932402943136644,4.227269314365462,451.15,426.45,451.15,402.05,0.009642025933724874,0.05147737765466309,0.04604432196578245,0.12747524752475248
2025-09-12,460.0,463.5,460.0,463.5,3,449.38,440.625,436.48249999999996,430.7758333333333,390.24791666666664,365.31208333333336,75.11570239354472,5.796741503514227,2.946420363087098,2.8503211404271287,436.48249999999996,455.45055933668453,417.5144406633154,0.08691326381554622,1.212184085900335,4.496750077625072,457.2,426.45,457.2,402.05,0.01756311745334793,0.06662064204349316,0.05233284141219219,0.15255501678478178
2025-09-15,466.7,467.3,463.8,467.3,4,455.95,443.965,437.88500000000005,431.86333333333334,391.17125,365.78270833333335,76.80308737824657,7.275149371778696,3.8121661648254177,3.462983206953278,437.88500000000005,461.13002312324045,414.63997687675965,0.10616953365947862,1.1327160838698158,4.446982214937568,463.5,426.45,463.5,402.05,0.00819848975188786,0.07561284382552658,0.06385885031303351,0.16229324710856852
2025-09-16,467.3,474.6,467.3,474.6,7,462.41,448.78000000000003,439.96000000000004,432.97083333333336,392.14,366.2839583333333,79.656925470867,8.93287463185169,4.836307858230672,4.096566773621017,439.96000000000004,468.03361038413084,411.88638961586923,0.12761892164801708,1.1169495039295154,4.650769199584886,467.3,426.45,467.3,408.15,0.01562165632356094,0.07302735699751306,0.09582082659893798,0.16280779125321576
2025-09-17,470.4,470.4,468.0,468.0,4,465.78000000000003,452.45500000000004,441.87250000000006,433.79083333333335,393.06458333333336,366.75374999999997,71.13586723855646,9.603367361175515,5.789719758819641,3.813647602355874,441.87250000000006,472.036990299025,411.70800970097514,0.1365302900679491,0.9330837309199375,4.789999971043111,474.6,426.45,474.6,413.5,-0.01390644753476622,0.03734899700764727,0.08900523560209428,0.11747851002865328
2025-09-18,468.0,468.0,468.0,468.0,200,468.28000000000003,455.93500000000006,443.9075000000001,434.61083333333335,393.9895833333333,367.21979166666665,71.13586723855646,10.019242093709238,6.63562422579756,3.3836178679116777,443.9075000000001,475.33025091394717,412.484749086053,0.14157341749777635,0.8833607704490696,4.447857115968603,474.6,426.45,474.6,413.5,0.0,0.027442371020856227,0.09524923941025043,0.11747851002865328
2025-09-19,478.6,478.6,478.6,478.6,0,471.3,460.34,446.4025,435.5875,395.0029166666667,367.73645833333336,75.93154048082711,11.076474524113564,7.523794285460761,3.552680238652803,446.4025,480.4164600017398,412.38853999826017,0.15239144046791767,0.9732983163141421,4.887295893399418,474.6,426.45,474.6,413.5,0.02264957264957279,0.032578209277238424,0.11639841380919069,0.1395238095238096
2025-09-22,477.3,477.3,477.3,477.3,0,473.3,464.625,448.8325,436.54249999999996,396.0804166666667,368.2477083333334,74.3010870129277,11.674859197232536,8.354007267815117,3.320851929417419,448.8325,484.3513017112057,413.3136982887943,0.15827196876877542,0.9007384628493663,4.631060472442318,478.6,426.45,478.6,413.5,-0.0027162557459256,0.021399529210357482,0.11336599020293914,0.13642857142857157
2025-09-23,481.7,481.7,481.7,481.7,0,474.71999999999997,468.56499999999994,451.05249999999995,437.6308333333333,397.19458333333336,368.72166666666664,76.1664722497521,12.361629420362988,9.155531698324692,3.2060977220382956,451.05249999999995,488.88537558460155,413.21962441539836,0.16775375631263145,0.905037940236215,4.614556152982151,478.6,426.45,478.6,413.5,0.009218520846427714,0.014959966287399817,0.10153212897324493,0.1568203650336215
2025-09-24,485.85,485.85,485.85,485.85,0,478.28999999999996,472.035,453.70500000000004,438.74250000000006,398.4429166666667,369.2902083333333,77.8030168213901,13.089878120304377,9.94240098272063,3.1474771375837474,453.70500000000004,493.43818386437135,413.9718161356287,0.17514986109640102,0.9045107498775646,4.581373570626285,481.7,426.45,481.7,413.5,0.00861532073904936,0.03814102564102573,0.12257393715341958,0.15913157580818327
2025-09-25,484.1,484.1,484.1,484.1,0,481.51000000000005,474.895,456.24750000000006,439.81166666666667,399.62208333333336,369.8589583333333,75.4502713323719,13.371669801223675,10.628254746421238,2.743415054802437,456.24750000000006,496.91638829314047,415.57861170685965,0.17827555567160547,0.8424300634829232,4.3791326012958365,485.85,426.45,485.85,413.5,-0.0036019347535247714,0.0344017094017095,0.11736872475476057,0.15275628050958456
2025-09-26,472.0,472.0,467.4,467.7,7,479.33000000000004,475.31500000000005,457.9700000000001,440.6383333333333,400.6875,370.359375,57.807923990857454,12.13180094950826,10.928963987038642,1.2028369624696182,457.9700000000001,497.49904501755555,418.4409549824446,0.17262722456735355,0.6230740585268207,5.259194558346137,485.85,426.45,485.85,413.5,-0.03387729807890938,-0.022774759715837978,0.0795152914021926,0.11863190624252562
2025-09-29,467.7,467.7,467.7,467.7,0,477.41,475.355,459.65999999999997,441.35333333333335,401.7991666666667,370.83916666666664,57.807923990857454,11.022139587628544,10.947599107156623,0.07454048047192074,459.65999999999997,497.793746209885,421.52625379011494,0.1659215342204457,0.6054184390349235,4.883537804178556,485.85,426.45,485.85,413.5,0.0,-0.020113136392206243,0.07789813321041716,0.10098870056497167
2025-09-30,480.25,480.25,480.25,480.25,0,477.12000000000006,475.9200000000001,462.35,442.44083333333333,403.20958333333334,371.3483333333333,65.05896791286739,11.028277955527585,10.963734876830816,0.06454307869676867,462.35,498.2588707703252,426.44112922967486,0.15533198127100753,0.7492420342941055,5.431142246737232,485.85,426.45,485.85,413.5,0.026833440239469875,-0.00301017230641476,0.1261578145151836,0.15722891566265051
2025-10-01,479.0,479.0,479.0,479.0,0,475.75,477.0200000000001,464.7375,443.5075,404.58458333333334,371.86625,63.88137584214185,10.807693737151965,10.932526648895047,-0.12483291174308242,464.7375,498.3328698446662,431.1421301553338,0.1445778309031064,0.7122688344546441,5.132489229113144,485.85,430.5,485.85,415.0,-0.0026028110359187506,-0.014099001749511175,0.11072463768115948,0.15421686746987961
2025-10-02,483.8,483.8,483.8,483.8,0,475.69000000000005,478.6000000000001,467.26750000000004,444.5125,406.0495833333333,372.4010416666667,66.39665462099009,10.894612725750562,10.924943864266151,-0.030331138515588663,467.26750000000004,498.5212721723299,436.0137278276702,0.1337725057802215,0.7644880737730089,5.108739998462206,485.85,430.5,485.85,422.5,0.010020876826722258,-0.0006197066721751465,0.11680517082179143,0.14238488783943337
2025-10-10,498.8,498.8,498.8,498.8,0,481.91,480.62,470.48,445.7675,407.5229166666667,372.996875,72.77677896008579,12.035137714245081,11.146982634261938,0.888155079983143,470.48,500.8162885007361,440.14371149926393,0.12895888667206296,0.9667677128550651,5.81525857000062,485.85,430.5,485.85,423.5,0.03100454733360891,0.06649561684840721,0.1478541019445403,0.17780401416765046
2025-10-13,511.9,511.9,511.9,511.9,0,490.75,484.08000000000004,474.35249999999996,447.15833333333336,409.10541666666666,373.633125,76.9015043746712,13.83657310164972,11.684900727739496,2.1516723739102233,474.35249999999996,505.07377072566953,443.6312292743304,0.12952928771607433,1.1110993964944733,6.3355972435720025,498.8,430.5,498.8,424.0,0.026263031275060023,0.09450502458841137,0.1782713776038669,0.19477185202474034
2025-10-14,505.45,505.45,505.45,505.45,0,495.78999999999996,486.45500000000004,477.51000000000005,448.44166666666666,410.62541666666664,374.23541666666665,71.18272618384667,14.575742443899514,12.2630690709715,2.312673372928014,477.51000000000005,507.3739515134866,447.6460484865135,0.12508199415085144,0.9677880619278104,6.343768869031144,511.9,438.65,511.9,424.0,-0.01260011721039267,0.05247267048412274,0.14277639611123671,0.17971758664955062
2025-10-15,500.95,500.95,500.95,500.95,125,500.18,487.965,480.0,449.5241666666667,412.07791666666674,374.83416666666665,67.41596033326091,14.629784037469562,12.736412064271114,1.8933719731984482,480.0,508.94774602624295,451.05225397375705,0.12061560844267898,0.8618589160794677,6.212071092671776,511.9,449.0,511.9,424.0,-0.0089029577604115,0.04582463465553244,0.110384572758506,0.14896788990825693
2025-10-16,515.45,515.45,515.45,515.45,0,506.51000000000005,491.1,482.99750000000006,450.89833333333337,413.6275,375.49,72.47100046691854,15.662098288415109,13.321549309099913,2.340548979315196,482.99750000000006,513.5478269213255,452.44717307867467,0.12650304368583862,1.031131795799978,6.804066014623796,511.9,452.95,511.9,424.0,0.02894500449146631,0.06541959487391491,0.13161361141602645,0.19041570438799083
2025-10-17,526.0,530.0,525.1,530.0,5,512.75,497.3299999999999,486.32250000000005,452.51500000000004,415.34000000000003,376.215625,76.42355348937497,17.453089815071394,14.14785741029421,3.3052324047771844,486.32250000000005,521.7473002817214,450.8976997182786,0.14568439782951195,1.1164819512410464,7.357347013579236,515.45,460.0,515.45,424.0,0.028227762149577895,0.06255012028869289,0.1434735706580368,0.22401847575057743
2025-10-20,530.0,530.0,530.0,530.0,0,516.3700000000001,503.55999999999995,489.4575,454.0941666666667,417.0308333333333,376.94,76.42355348937497,18.657392694188786,15.049764467073127,3.6076282271156597,489.4575,528.5058965739931,450.4091034260068,0.15955786385536297,1.0191314312122353,6.831822226895006,530.0,463.8,530.0,424.0,0.0,0.03535846845086943,0.13417504814894077,0.2176909821941413
2025-10-21,539.1,549.2,539.1,539.45,20,523.17,509.48,492.7,455.83500000000004,418.7783333333333,377.7235416666666,78.72449383502325,20.14216113003073,16.06824379966465,4.073917330366079,492.7,536.7275254812241,448.6724745187759,0.17871940524142116,1.0309178688674765,7.715263496402509,530.0,467.3,530.0,424.0,0.01783018867924535,0.06726679196755381,0.1366413822166035,0.24011494252873566
2025-10-22,540.4,544.0,540.4,544.0,11,531.78,515.98,496.5,457.6,420.56624999999997,378.5077083333333,79.74927662664658,21.43886390876696,17.142367821485113,4.296496087281849,496.5,544.301495792494,448.69850420750595,0.1925538601913154,0.9968463770066648,7.489173246659469,549.2,467.4,549.2,424.0,0.008434516637315648,0.08593672023155996,0.16239316239316248,0.2417256334170279
2025-10-23,542.3,547.5,542.3,547.5,2,538.1899999999999,522.35,500.475,459.52166666666665,422.3858333333333,379.3202083333333,80.5263131556961,22.48968387605305,18.211831032398702,4.2778528436543475,500.475,551.264078550411,449.68592144958905,0.20296349887771006,0.962944016136511,7.325660871898082,549.2,467.4,549.2,424.0,0.006433823529411686,0.06217867882432815,0.16987179487179493,0.2667746413697363
2025-10-24,548.5,554.3,548.5,554.0,17,542.99,527.8700000000001,504.24500000000006,461.46000000000004,424.2054166666666,380.1585416666667,81.91424319951601,23.575201697988746,19.284505165516713,4.290696532472033,504.24500000000006,559.0168988168186,449.47310118318154,0.217243200495071,0.9542018907031381,7.288113666762501,549.2,467.4,549.2,424.0,0.01187214611872145,0.04528301886792452,0.15754283326368568,0.2657071053232809
2025-10-27,560.0,568.0,560.0,568.0,2,550.5899999999999,533.48,508.78000000000003,463.6316666666667,426.15208333333334,381.0416666666667,84.47997457851932,25.27382447360236,20.482369027133842,4.791455446468518,508.78000000000003,568.6584552238934,448.90154477610673,0.2353805386371057,0.9945017350445053,7.7675341191366085,554.3,467.4,554.3,424.0,0.025270758122743597,0.07169811320754715,0.19002723653886444,0.2976924834361434
2025-10-28,559.6,559.6,559.6,559.6,1,554.6200000000001,538.895,512.675,465.71666666666664,427.9966666666667,381.88375,77.38625131134435,25.646548021748515,21.515204826056777,4.131343195691738,512.675,575.0818465795203,450.2681534204796,0.24345578223833944,0.8759603518838841,7.812710253483992,568.0,467.4,568.0,424.0,-0.014788732394366177,0.03735285939382704,0.16171891218600787,0.2879171461449943
2025-10-29,559.6,559.6,559.6,559.6,0,557.74,544.76,516.3625,467.8016666666667,429.84041666666667,382.7389583333333,77.38625131134435,25.646299542128077,22.34142376927104,3.304875772857038,516.3625,580.6796740284022,452.0453259715977,0.24911636313017413,0.8361271748421852,7.254659521092279,568.0,467.4,568.0,424.0,0.0,0.028676470588235414,0.15179582175568584,0.2879171461449943
2025-10-30,579.25,579.25,579.25,579.25,0,564.09,551.1400000000001,521.12,470.12916666666666,431.82875,383.700625,81.58204803178778,26.921360710036538,23.25741115742414,3.6639495526123973,521.12,589.1564417058959,453.0835582941041,0.2611162177843717,0.9271975322525031,8.140040983871401,568.0,467.4,568.0,424.0,0.03511436740528939,0.05799086757990857,0.19655029952489156,0.3176751592356688
2025-10-31,580.65,580.65,580.65,580.65,0,569.4200000000001,556.205,526.7674999999999,472.41499999999996,433.8370833333334,384.6797916666667,81.84056812237873,27.72522503577636,24.150973933094587,3.5742511026817745,526.7674999999999,594.8806798919985,458.65432010800134,0.2586081331593107,0.8955365179355673,7.658609485023443,579.25,467.4,579.25,424.0,0.0024169184290030454,0.04810469314079424,0.24150096215522776,0.3092446448703494
2025-11-03,587.7,587.7,587.7,587.7,0,573.36,561.975,532.7675,475.1433333333333,435.8995833333333,385.676875,83.125086393649,28.601469450122067,25.041073036500087,3.56039641362198,532.7675,600.1482485488234,465.38675145117674,0.2529461671322794,0.9076275581904266,7.615137378950345,580.65,467.7,580.65,424.0,0.012141565486954331,0.03468309859154939,0.2565747273893524,0.38608490566037745
2025-11-04,605.9,605.9,605.9,605.9,300,582.62,568.62,539.05,478.175,438.0991666666667,386.753125,85.89826335164891,30.413894909223472,26.115637411044766,4.298257498178707,539.05,609.0524356719088,469.047564328091,0.2597252042367458,0.9774833858161461,8.3711989947396,587.7,479.0,587.7,424.0,0.03096818104475063,0.08273766976411712,0.26163456533055696,0.4290094339622641
2025-11-05,589.95,589.95,589.95,589.95,0,588.6899999999999,573.2149999999999,544.5975000000001,480.8666666666667,440.1633333333333,387.76625,74.36439346536244,30.21492460043703,26.93549484892322,3.2794297515138098,544.5975000000001,612.2303579538064,476.9646420461938,0.24837740883425402,0.8352845153385059,8.912541923686767,605.9,479.0,605.9,426.45,-0.026324475986136187,0.054235167977126464,0.23162839248434253,0.37694013303769425
2025-11-06,571.75,571.75,571.75,571.75,0,587.1899999999999,575.64,548.995,483.1475,442.07374999999996,388.706875,63.83205359663672,28.262854704944175,27.200966820127412,1.0618878848167626,548.995,611.4852864451727,486.5047135548273,0.22765339008614915,0.6820682964860836,9.575931786280572,605.9,483.8,605.9,426.45,-0.03085007204000345,-0.01294777729823049,0.18178999586606026,0.3146700390894459
2025-11-07,566.9,566.9,566.9,566.9,1,584.44,576.93,552.4,485.3825,443.90125,389.63145833333334,61.33889003045713,26.02447681297747,26.965668818697424,-0.9411920057199552,552.4,610.8711039745252,493.9288960254748,0.2116984213415106,0.6239928701048415,9.238365230117676,605.9,498.8,605.9,426.45,-0.008482728465238343,-0.023680358219237085,0.13652766639935843,0.30984288354898326
2025-11-10,566.9,566.9,566.9,566.9,0,580.28,576.8199999999999,555.15,487.61750000000006,445.6879166666667,390.57708333333335,61.33889003045713,23.97418670601803,26.367372396161546,-2.3931856901435147,555.15,610.851166953662,499.44883304633794,0.20067069063734852,0.6054735532720068,8.578481999394985,605.9,500.95,605.9,426.45,0.0,-0.035392206908286705,0.10744285993358083,0.30984288354898326
2025-11-11,583.85,583.85,583.85,583.85,0,575.87,579.2450000000001,559.0699999999999,490.06333333333333,447.6183333333333,391.62833333333333,66.62283967840116,23.446760705340125,25.78325005799726,-2.3364893526571358,559.0699999999999,611.1456603414658,506.99433965853405,0.18629388213091705,0.7379230511674252,9.176447570866774,605.9,500.95,605.9,426.45,0.02989945316634346,-0.036392143918138276,0.15510930853694727,0.33573552962708764
2025-11-12,588.6,588.6,588.6,588.6,0,575.6,582.145,563.4525000000001,492.5933333333333,449.5883333333333,392.7383333333334,67.94501346075872,23.145253032953292,25.25565065298847,-2.1103976200351795,563.4525000000001,609.6462926024669,517.2587073975333,0.16396694522596605,0.7721956629152918,8.860272744376289,605.9,500.95,605.9,426.45,0.008135651280294587,-0.0022883295194507935,0.17496756163289762,0.3475274725274726
2025-11-13,594.8,594.8,594.8,594.8,0,580.21,583.7,567.42,495.24916666666667,451.61125,393.87749999999994,69.63578149211357,23.13985240036584,24.832491002463946,-1.692638602098107,567.42,609.9239692264111,524.9160307735888,0.14981484341902362,0.8220875661535461,8.67025326263512,605.9,515.45,605.9,426.45,0.010533469249065508,0.04031482291211175,0.15394315646522427,0.365943277069698
2025-11-14,598.3,598.3,598.3,598.3,0,586.49,585.465,570.835,497.88,453.6995833333333,395.0202083333333,70.5791990588756,23.151121393063818,24.496217080583925,-1.3450956875201072,570.835,611.707999645239,529.962000354761,0.14320425217528363,0.8359797450442215,8.300949458161183,605.9,525.1,605.9,426.45,0.005884330867518495,0.05538895748809303,0.12886792452830176,0.35838347144965366
2025-11-17,570.35,570.35,570.35,570.35,0,587.18,583.73,572.8525,500.06499999999994,455.5441666666667,396.01520833333336,55.696864894009266,20.66649030309145,23.730271725085434,-3.0637814219939834,572.8525,609.1962542777256,536.5087457222743,0.12688695354467575,0.4655718011287889,9.704453068292523,605.9,530.0,605.9,426.45,-0.04671569446765822,0.0060857294055389755,0.07613207547169809,0.29846328969834945
2025-11-18,583.35,583.35,583.35,583.35,0,587.08,581.475,575.0474999999999,502.5691666666667,457.4816666666667,397.0577083333333,59.92909877725682,19.521363491254647,22.88849007831928,-3.3671265870646323,575.0474999999999,608.2211412683276,541.8738587316722,0.11537704717724274,0.6251370015857569,9.9398492777002,605.9,539.1,605.9,426.45,0.022793021828701576,-0.0008563843452941144,0.08137918250069509,0.34691757099976916
2025-11-19,563.55,563.55,563.55,563.55,600,582.0699999999999,578.835,576.025,504.7991666666667,459.29375,398.0158333333333,51.8108486657222,16.822231504872434,21.67523836362991,-4.853006858757475,576.025,606.5261065372996,545.5238934627004,0.10590202347918795,0.2954992225487882,10.644145757864475,605.9,540.4,605.9,426.45,-0.03394188737464654,-0.042558613659531175,0.035937499999999956,0.31134380453752164
2025-11-20,560.25,560.25,560.25,560.25,0,575.16,577.6850000000001,576.6625,507.01500000000004,461.0720833333333,398.95958333333334,50.581017001374924,14.252572751953267,20.19070524129458,-5.938132489341314,576.6625,605.2234326703401,548.1015673296599,0.09905597353856058,0.21267569953967144,10.11956391801701,605.9,542.3,605.9,426.45,-0.005855735959542141,-0.058086751849361073,0.023287671232876672,0.3111397144863093
2025-11-21,544.0,545.0,544.0,545.0,4,564.5,575.4950000000001,576.2125,508.9533333333333,462.6808333333333,399.83,45.23709336076482,10.860360649216545,18.324636322878973,-7.464275673662428,576.2125,606.423456207967,546.001543792033,0.10486046799736903,-0.016575837340905755,10.557452209587222,605.9,548.5,605.9,426.45,-0.02721999107541273,-0.08908574293832516,-0.016245487364620947,0.27128528108234207
2025-11-24,570.0,570.0,544.2,544.2,5,559.27,573.225,575.0224999999999,510.87833333333333,464.27125,400.67937499999994,44.96869012284148,8.015062156767954,16.26272148965677,-8.247659332888816,575.0224999999999,608.1662546907362,541.8787453092636,0.11527811412852985,0.03501798019560514,11.646205623188132,605.9,544.0,605.9,426.45,-0.0014678899082567476,-0.04584904006311907,-0.041901408450704114,0.2694191742477259
2025-11-25,544.2,544.2,544.2,544.2,0,551.4399999999999,569.26,574.2525,512.66,465.8175,401.5335416666667,44.96869012284148,5.694499951496141,14.149077182024644,-8.454577230528503,574.2525,609.4458441860774,539.0591558139228,0.12257097421805667,0.07303716519373907,10.81433379296041,605.9,544.0,605.9,426.45,0.0,-0.06711236821805089,-0.02751965689778413,0.24445460782071815
2025-11-26,561.0,561.9,561.0,561.9,2,551.11,566.5899999999999,574.3675000000001,514.8116666666667,467.4554166666667,402.4722916666667,52.23996177880501,5.223466885240327,12.363955122667782,-7.140488237427455,574.3675000000001,609.3831575691462,539.3518424308539,0.12192771202808698,0.3219724993686002,11.306167093463232,605.9,544.0,605.9,426.45,0.03252480705622918,-0.0029278679797710705,0.004110078627591163,0.2982902033271717
2025-11-27,561.9,561.9,561.9,561.9,0,551.44,563.3,573.5,516.9558333333333,469.1204166666667,403.420625,52.239961778805,4.794897196461761,10.850143537426579,-6.055246340964818,573.5,608.8469376325546,538.1530623674454,0.12326743725389577,0.3359122348789221,10.49858372964443,605.9,544.0,605.9,426.45,0.0,0.0029451137884872747,-0.02995252481657318,0.2969417195614541
2025-11-28,560.0,560.0,559.0,559.0,402,554.24,559.37,572.4175,519.0516666666667,470.7704166666667,404.3827083333333,50.960497177806594,4.1731414893394,9.514743127809144,-5.341601638469744,572.4175,608.146259774161,536.6887402258391,0.12483461729999851,0.31223109779333064,9.95582774895554,605.9,544.0,605.9,426.45,-0.005161060686954988,0.025688073394495303,-0.03728580039610774,0.2902481246393538
2025-12-01,559.0,559.0,559.0,559.0,0,557.2,558.235,570.9825,521.1366666666667,472.31666666666666,405.34729166666665,50.96049717780658,3.63845378160147,8.33948525856761,-4.70103147696614,570.9825,606.445188490859,535.5198115091409,0.12421637612662043,0.33105482818810245,9.244697195458716,605.9,544.0,605.9,426.45,0.0,0.027195883866225623,-0.04883443933979925,0.2883152800184374
2025-12-02,560.55,560.55,560.55,560.55,500,560.47,555.955,568.715,523.3716666666667,473.77375,406.29729166666664,51.69387985649959,3.301721773754366,7.331932561604962,-4.030210787850596,568.715,600.5733913592591,536.856608640741,0.11203640262436908,0.37185479787843906,8.695075967211661,605.9,544.0,605.9,426.45,0.002772808586761988,0.03004410143329639,-0.07484733454365411,0.3144565599718607
2025-12-03,572.9,572.9,572.9,572.9,0,562.67,556.89,567.8625,525.7325,475.33374999999995,407.33312500000005,57.187684924218736,3.9854591263100474,6.66263787454598,-2.6771787482359324,567.8625,598.282359878042,537.4426401219579,0.10713811839324512,0.5827995266940107,8.956141969553686,598.3,544.0,605.9,430.5,0.02203193292302208,0.019576437088449916,-0.028900754301212084,0.3284637681159419
2025-12-04,578.85,578.85,578.85,578.85,0,566.06,558.75,568.2175,528.1600000000001,476.9283333333333,408.39375,59.5731635909778,4.9503763213173215,6.320185563900249,-1.3698092425829271,568.2175,598.974389878525,537.4606101214749,0.10825745380430925,0.6728474504735902,8.741417543156997,598.3,544.0,605.9,430.5,0.010385756676557945,0.030165509877202457,0.012418014866637517,0.3362188365650971
2025-12-05,577.8,577.8,577.8,577.8,0,569.8199999999999,562.03,568.7625,530.5475,478.46625,409.45,58.94894047894821,5.566190347931979,6.169386520706595,-0.6031961727746165,568.7625,599.7917744839403,537.7332255160597,0.10911153419552203,0.6456286063774616,8.192030575788644,598.3,544.0,605.9,430.5,-0.0018139414356052042,0.03363148479427536,0.019227376962427156,0.32965136347946133
2025-12-08,582.0,594.7,582.0,594.7,2,576.9599999999999,567.08,570.1525,533.2183333333334,480.2,410.61499999999995,65.25875567028116,7.333381504420004,6.402185517449277,0.9311959869707263,570.1525,603.1516587013928,537.1533412986073,0.11575555207209555,0.8719413004150919,8.814028391803749,598.3,544.0,605.9,430.5,0.029248875043267786,0.06386404293381043,0.049038631151878675,0.36885717573944077
2025-12-09,591.8,591.8,591.8,591.8,1,583.21,571.8399999999999,570.55,535.7099999999999,481.90958333333333,411.74,63.45630646269094,8.403022649766172,6.802352943912657,1.6006697058535142,570.55,604.3806222230644,536.7193777769355,0.11858950915104527,0.8140645752816298,8.391597792389202,598.3,544.0,605.9,438.65,-0.004876408273079003,0.05574881812505583,0.013616511090177141,0.3380058783631019
2025-12-10,591.8,591.8,591.8,591.8,0,586.99,574.83,570.7099999999999,538.0541666666667,483.4745833333334,412.8504166666667,63.45630646269094,9.145299642276655,7.270942283585457,1.8743573586911975,570.7099999999999,604.9088391615812,536.5111608384186,0.11984664422064203,0.8083437993370892,7.792197950075688,598.3,544.0,605.9,449.0,0.0,0.03299005061965432,0.0054366292898402335,0.3117588385237726
2025-12-11,593.4,593.4,593.4,593.4,0,589.9,577.9799999999999,570.64,540.3525000000001,485.05291666666665,413.94395833333334,64.09093514106671,9.750271079231766,7.766808042714719,1.9834630365170467,570.64,604.6465082006328,536.6334917993672,0.11918725711703619,0.8346418259957735,7.349898096498855,598.3,544.0,605.9,452.95,0.0027036160865157033,0.025136045607670354,-0.002353732347007309,0.30274423710208564
2025-12-12,587.9,591.5,587.9,589.2,15,592.18,581.0,570.185,542.4475,486.6116666666667,415.0152083333333,61.09174648042906,9.778094614404722,8.16906535705272,1.6090292573520024,570.185,602.9186844855525,537.4513155144474,0.11481776786675393,0.7904500409722075,7.2177625181775085,598.3,544.0,605.9,460.0,-0.007077856420626749,0.01973001038421618,-0.015209760989470023,0.27119741100323624
2025-12-15,589.2,589.2,589.2,589.2,0,591.08,584.02,571.1275,544.4791666666666,488.17125,416.09375,61.09174648042906,9.688462402766504,8.472944766195477,1.2155176365710272,571.1275,604.8950802360741,537.359919763926,0.11824883318024111,0.7676013482999449,6.702208052593401,594.7,544.0,605.9,463.8,0.0,-0.009248360517908227,0.033049881651617374,0.2608602610742565
2025-12-16,576.15,576.15,568.7,568.85,8,586.49,584.85,570.4025,546.05,489.5104166666667,417.09166666666664,48.37183173558226,7.884466084214978,8.355249029799378,-0.4707829455843999,570.4025,603.708752791326,537.0962472086741,0.11678158069547717,0.47669356547362285,7.687764620265302,594.7,544.0,605.9,467.3,-0.03453835709436526,-0.03877999324095971,-0.024856432673352136,0.19858828487147062
2025-12-17,576.95,577.0,576.95,577.0,2,583.53,585.26,571.075,547.8666666666667,490.82874999999996,418.1454166666666,52.6260443167404,7.031369639945638,8.09047315182863,-1.0591035118829932,571.075,604.343776653188,537.8062233468121,0.11651281058770899,0.5890474582483963,7.720781433103493,594.7,544.0,605.9,467.4,0.01432715127010642,-0.02500844880027031,0.023866560198740228,0.23290598290598297
2025-12-18,577.0,577.0,577.0,577.0,0,580.25,585.075,571.9125,549.6833333333333,492.1470833333333,419.2260416666667,52.6260443167404,6.282859666344848,7.728950454731875,-1.4460907883870266,571.9125,604.891142710089,538.9338572899111,0.11532758143977945,0.5771332532500434,7.169297045024672,594.7,544.0,605.9,467.4,0.0,-0.027637344118638274,0.02989736724676484,0.23290598290598297
2025-12-19,572.6,572.6,572.6,572.6,0,576.9300000000001,584.5550000000001,573.2924999999999,551.25,493.41875,420.2883333333333,50.04408351066442,5.27382353698431,7.237925071182362,-1.9641015341980523,573.2924999999999,603.8737242233643,542.7112757766355,0.10668628744790633,0.4886776932973337,6.971490113237194,594.7,544.0,605.9,467.4,-0.007625649913344801,-0.028173794976238953,0.050642201834862455,0.19640618470539062
2025-12-22,577.4,577.4,577.4,577.4,0,574.5699999999999,582.825,574.9525000000001,552.9183333333333,494.7304166666666,421.3402083333333,52.766605051598475,4.8060735947560715,6.751554775897104,-1.9454811811410329,574.9525000000001,602.4895382394275,547.4154617605727,0.0957889155692944,0.5444401460084324,6.8163836765773915,594.7,544.2,605.9,467.4,0.008382815228780816,-0.020027155465037416,0.061006982726938386,0.20972134925623287
2025-12-23,594.0,594.0,594.0,594.0,4,579.6,583.0450000000001,577.4425,554.7900000000001,496.2104166666667,422.4597916666666,60.73607807991843,5.709049297058641,6.543053680129413,-0.8340043830707717,577.4425,602.2800980118785,552.6049019881215,0.0860262208336883,0.8333152423209647,7.515213413964723,594.7,544.2,605.9,467.4,0.02874956702459297,0.044212006680144134,0.0915104740904078,0.23313265517957227
2025-12-24,594.0,594.0,594.0,594.0,0,583.0,583.2650000000001,579.0475,556.5925000000001,497.66749999999996,423.579375,60.73607807991843,6.351448502030166,6.504732644509565,-0.15328414247939826,579.0475,603.8087292707706,554.2862707292294,0.08552400026170781,0.8019337173548701,6.978412455824386,594.7,559.0,605.9,467.4,0.0,0.029462738301559765,0.057127602776294806,0.2225995677678294
2025-12-26,591.5,591.5,591.5,591.5,0,585.9,583.075,580.5275,558.3825,499.0970833333333,424.7008333333333,58.99741779362681,6.582941343508878,6.520374384309428,0.06256695919944999,580.5275,604.5392153697869,556.5157846302131,0.0827237826624471,0.7284822185966415,6.65852585183693,594.7,559.0,605.9,467.4,-0.004208754208754217,0.02512998266897748,0.052678412528919694,0.2218549886387109
2025-12-29,596.85,596.85,596.85,596.85,0,590.75,583.8399999999999,582.42,560.535,500.5866666666667,425.84791666666666,61.53506612103594,7.116071731066086,6.63951385366076,0.47655787740532585,582.42,605.2855723741972,559.5544276258028,0.07851918675250576,0.8155398816144154,6.565059719562865,594.7,559.0,605.9,467.4,0.009044801352493748,0.0423506811037373,0.06771019677996426,0.2761385503527902
2025-12-30,611.5,611.5,611.25,611.25,2,597.5200000000001,586.045,585.0325,562.9275,502.14041666666674,427.06208333333336,67.3859143120286,8.601389593328236,7.031889001594255,1.5695005917339806,585.0325,608.5286331924987,561.5363668075014,0.0803241980317286,1.0579109503935347,7.142555453879802,596.85,559.0,605.9,467.7,0.02412666499120375,0.058624870107377935,0.09347048300536676,0.30692751763951254
2026-01-02,611.25,611.25,609.8,609.8,103,600.6800000000001,590.14,587.495,565.0866666666667,503.76375,428.2397916666667,66.29244135656947,9.551409119677942,7.535793025210993,2.0156160944669486,587.495,610.5301882996347,564.4598117003653,0.07841832968666859,0.984150589738259,6.735944350031248,611.5,560.55,611.5,479.0,-0.0023721881390593724,0.02659932659932651,0.0878601373650878,0.26975533576262345
2026-01-05,635.8,650.0,635.8,650.0,8,611.88,597.4399999999999,591.35,567.9366666666667,505.72208333333333,429.5581250000001,77.29345515888754,13.39371605206395,8.707377630581586,4.686338421482365,591.35,626.134306806369,556.5656931936311,0.11764371964612812,1.343052591596583,9.126234039314735,611.5,568.7,611.5,479.0,0.06592325352574613,0.09427609427609429,0.13457846046430455,0.35699373695198333
2026-01-06,650.0,666.4,645.0,666.4,206,626.86,606.3799999999999,595.7275,570.9799999999999,507.74625000000003,430.9422916666666,80.14096956837142,17.559697653767444,10.477841635218759,7.0818560185486845,595.7275,642.9350044352016,548.5199955647984,0.1584869069673688,1.2485303538657413,10.002931607935109,650.0,568.7,650.0,483.8,0.025230769230769168,0.12662721893491113,0.15124816446402334,0.3774286895411325
2026-01-07,674.6,674.6,662.0,662.0,9,639.89,615.3199999999999,599.9375,573.7,509.73375000000004,432.29604166666667,77.3387289865166,20.272535687537584,12.436780445682523,7.835755241855061,599.9375,654.4515520875082,545.4234479124918,0.18173243742059186,1.0692339646700153,10.188436493082603,666.4,568.7,666.4,498.8,-0.006602641056422498,0.10915640445673103,0.1457251644167532,0.3271852445870087
2026-01-08,678.95,678.95,678.95,678.95,1,653.43,625.475,604.15,576.4841666666667,511.82124999999996,433.72229166666665,80.20956205511018,23.519089295904223,14.653242215726863,8.86584708017736,604.15,668.5232087129383,539.7767912870617,0.2131033972124086,1.080987040226302,10.671405315005279,674.6,568.7,674.6,500.95,0.025604229607250728,0.11075664621676906,0.1416680679334117,0.3263332682164486
2026-01-09,678.95,678.95,678.95,678.95,0,667.26,633.97,608.5074999999999,579.3758333333333,513.90875,435.17291666666665,80.20956205511018,25.794661618175496,16.88152609621659,8.913135521958907,608.5074999999999,680.3160111598861,536.6989888401138,0.23601520493958142,0.9904885149558069,9.909162078219188,678.95,568.7,678.95,500.95,0.0,0.11339783535585446,0.14726258871240305,0.34325848254031066
2026-01-12,671.25,680.6,671.25,679.6,3,673.1800000000001,642.53,612.8975,582.3533333333332,515.93875,436.62625,80.32044175498149,27.335413020317446,18.97230348103676,8.363109539280686,612.8975,690.5787363122489,535.2162636877512,0.25348850766155473,0.9293346962957788,9.869221929774962,678.95,568.7,678.95,500.95,0.0009573606303852067,0.04553846153846153,0.1483609327475499,0.356622417406927
2026-01-13,683.05,688.0,682.6,688.0,6,677.5,652.18,617.6274999999999,585.2291666666666,518.06375,438.1010416666667,81.74393199710228,28.901125224043312,20.958067829638072,7.9430573944052405,617.6274999999999,701.275150744055,533.9798492559448,0.270867637027351,0.9206483946293105,9.764277506219607,680.6,568.7,680.6,515.45,0.012360211889346662,0.032412965186074505,0.1594202898550725,0.334756038413037
2026-01-14,688.0,688.0,688.0,688.0,0,682.7,661.2950000000001,622.5675,587.8625,520.18875,439.5783333333333,81.74393199710228,29.798465267144252,22.726147317139308,7.072317950004944,622.5675,710.4773872425587,534.6576127574413,0.2824107819394965,0.8721566598047175,9.066829112918207,688.0,568.7,688.0,525.1,0.0,0.0392749244712991,0.16768499660556668,0.29811320754716975
2026-01-15,699.5,699.5,699.5,699.5,401,686.8100000000001,670.1200000000001,628.0825,590.6875,522.3908333333334,441.09125,83.62462661400257,31.079304728067996,24.396778799325045,6.682525928742951,628.0825,720.6434597778639,535.5215402221361,0.29474140667146087,0.8857862978700424,9.24062703342405,688.0,568.7,688.0,530.0,0.01671511627906974,0.030267324545253604,0.18720298710115402,0.3198113207547171
2026-01-16,720.0,720.0,720.0,720.0,2,695.02,681.14,635.64,593.6966666666667,524.7658333333334,442.68958333333336,86.32840413394177,33.363958952688336,26.190214829997707,7.1737441226906284,635.64,732.2170966637498,539.0629033362502,0.30387356574082747,0.9367495136746254,10.044867959608045,699.5,568.7,699.5,539.1,0.029306647605432445,0.060461005965093184,0.26571152324865954,0.334692742608212
2026-01-19,720.0,720.0,720.0,720.0,0,703.1,688.14,642.79,596.63,527.115,444.2864583333333,86.32840413394177,34.773714154853224,27.906914694968812,6.866799459884412,642.79,742.0786579625246,543.5013420374753,0.3089303130494397,0.8888158103070647,9.327377391064614,720.0,572.6,720.0,540.4,0.0,0.059446733372572114,0.24783362218370875,0.32352941176470584
2026-01-20,725.4,725.4,725.4,725.4,0,710.58,694.0400000000001,650.2099999999999,599.5949999999999,529.5583333333333,445.9058333333333,86.98490650535993,35.91271080435729,29.508073916846506,6.404636887510783,650.2099999999999,750.8938100192834,549.5261899807165,0.3096962827987372,0.8733966761170406,9.046850434559998,720.0,572.6,720.0,542.3,0.007500000000000062,0.05436046511627901,0.25719237435008657,0.32493150684931504
2026-01-21,717.3,717.3,717.3,717.3,400,716.4399999999999,699.57,657.445,602.3166666666667,531.8883333333333,447.4735416666666,80.72321750887933,35.74967158896163,30.75639345126953,4.993278137692101,657.445,755.5439291480754,559.3460708519247,0.2984247477677232,0.8050746859308311,8.979218260662858,725.4,572.6,725.4,544.0,-0.011166253101737023,0.042587209302325624,0.2527069507509605,0.2947653429602888
2026-01-22,725.25,725.25,725.25,725.25,300,721.5899999999999,704.2,664.8375,604.9375,534.2845833333333,449.09229166666665,82.08623450188037,35.84871868129892,31.77485849727541,4.073860184023509,664.8375,759.9314896891442,569.7435103108558,0.2860668650283542,0.8176462581782737,8.905702670615515,725.4,577.4,725.4,544.0,0.011083228774571463,0.0368120085775554,0.25606165569795647,0.27684859154929575
2026-01-23,733.7,733.7,733.7,733.7,0,724.33,709.675,671.8225,607.8391666666666,536.7779166666667,450.73854166666666,83.4275407473894,36.1918613470184,32.65825906722401,3.533602279794394,671.8225,765.5909620488094,578.0540379511906,0.27914653661885214,0.8299483570914862,8.873152479857266,725.4,591.5,725.4,544.0,0.011651154774215744,0.019027777777777866,0.23518518518518516,0.3111150822015727
2026-01-26,729.35,731.7,729.35,731.7,2,726.67,714.885,678.7075,610.7075000000001,539.2545833333332,452.43937500000004,81.86512022035332,35.88871829198922,33.30435091217706,2.5843673798121642,678.7075,768.7558552042955,588.6591447957045,0.2653524683440083,0.7942446859788518,8.550070159867463,733.7,591.5,733.7,544.0,-0.0027259097723865144,0.016250000000000098,0.23181818181818192,0.30754110078627583
2026-01-27,735.5,748.85,735.5,748.85,7,731.36,720.97,686.575,613.5341666666667,541.8316666666666,454.2116666666667,84.53901579708936,36.610315974892615,33.96554392472017,2.644772050172442,686.575,772.1558418981662,600.9941581018339,0.2492978681081196,0.8638372713959854,9.164350862734072,733.7,591.5,733.7,544.0,0.02343856771901054,0.03232699200441136,0.2660185967878277,0.29279240397065176
2026-01-28,748.85,748.85,748.85,748.85,0,737.6700000000001,727.0550000000001,694.175,616.3375,544.37625,455.9464583333334,84.53901579708936,36.75845870679814,34.52412688113577,2.234331825662366,694.175,773.2860643336244,615.0639356663755,0.22792830146180554,0.8455584908416006,8.509754372538781,748.85,596.85,748.85,544.0,0.0,0.04398438589153786,0.2546703526849292,0.2896753638164127
2026-01-29,756.9,776.55,756.9,776.55,3,747.9300000000001,734.76,702.44,619.4850000000001,547.3141666666667,457.79666666666674,87.88508636461833,38.66531174510817,35.35236385393026,3.312947891177913,702.44,779.6872433165016,625.1927566834985,0.21993976230425819,0.9796934933739474,9.88048620307172,748.85,609.8,748.85,544.0,0.03699005141216527,0.07073422957600828,0.2704294478527607,0.3213374170495149
2026-01-30,776.55,776.55,776.55,776.55,0,756.5,740.4150000000001,710.7774999999999,622.3291666666667,550.2520833333333,459.6264583333333,87.88508636461833,39.71865458999366,36.22562200114294,3.493032588850724,710.7774999999999,781.9891947909452,639.5658052090546,0.20037689654201304,0.9618096802293989,9.174737188566597,776.55,609.8,776.55,544.0,0.0,0.05840261687338133,0.2734503115775664,0.2816471364911701
2026-02-02,733.7,736.4,733.7,736.4,2,757.4399999999999,742.055,715.0975,624.77,552.8183333333333,461.295625,64.44091825016994,36.88843995746822,36.35818559240799,0.5302543650602303,715.0975,781.3468582987692,648.8481417012307,0.1852876238520461,0.6607751421827414,11.580113103668978,776.55,635.8,776.55,544.0,-0.05170304552185945,0.006423397567308919,0.13292307692307692,0.24824137638782928
2026-02-03,736.4,736.4,736.4,736.4,0,754.9499999999999,743.155,718.5975000000001,627.5141666666666,555.3308333333334,462.96229166666666,64.44091825016994,34.25065424870934,35.936679323668265,-1.686025074958927,718.5975000000001,781.497797892766,655.6972021072341,0.1750640599021453,0.641513638221158,10.752962167692623,776.55,645.0,776.55,544.0,0.0,-0.016625492421713406,0.10504201680672276,0.2879755137735023
2026-02-04,788.45,788.45,788.45,788.45,0,762.87,750.27,724.92,631.2066666666666,558.2945833333334,464.84583333333336,74.62012060854994,35.94582892989581,35.938509244913774,0.007319684982036279,724.92,789.1988487762393,660.6411512237606,0.17734053075163972,0.9941749985376523,13.702750584286012,776.55,662.0,776.55,544.0,0.0706816947311244,0.05288108432930505,0.19101208459214503,0.39080966660786753
2026-02-05,802.0,802.0,802.0,802.0,0,767.96,757.9449999999999,731.0725,635.125,561.37125,466.76916666666665,76.50563626666641,37.945229846154234,36.339853365161865,1.6053764809923692,731.0725,799.9635333425084,662.1814666574916,0.1884656674748631,1.0147803462851748,13.69183982826558,788.45,671.25,788.45,544.0,0.01718561735049784,0.032773163350718004,0.18123573164445084,0.41471158934556374
2026-02-06,770.45,770.45,770.45,770.45,226,766.74,761.62,735.6475,638.235,564.1491666666666,468.55,64.491610396183,36.562478656941835,36.38437842351786,0.17810023342397585,735.6475,802.1983713316256,669.0966286683745,0.18093141438426844,0.7614729101485224,14.967422697675179,802.0,671.25,802.0,544.0,-0.03933915211970074,-0.007855257227480372,0.13476691950806385,0.3196026376637835
2026-02-09,759.5,759.5,759.5,759.5,0,771.36,764.4,739.6425,641.0833333333334,566.8383333333334,470.2852083333334,60.91618852459437,34.18895588867633,35.94529391654956,-1.7563380278732268,739.6425,801.6965270651193,677.5884729348808,0.16779464961821222,0.6600017028641958,14.680463933555528,802.0,671.25,802.0,544.0,-0.014212473229930578,0.03136882129277563,0.1175691583284284,0.2903499830105334
2026-02-10,794.65,794.65,794.65,794.65,153,783.01,768.9799999999999,744.975,644.4141666666668,569.8316666666666,472.14854166666663,67.2020725645551,34.74372915127549,35.70498096349475,-0.9612518122192597,744.975,806.6899536174055,683.2600463825945,0.16568328767382937,0.9024551351683272,16.142573652587274,802.0,682.6,802.0,544.0,0.04628044766293615,0.07910103204780006,0.15501453488372086,0.335995292535306
2026-02-11,794.65,794.65,794.65,794.65,350,784.25,773.5600000000001,750.3075,647.6866666666666,572.7833333333333,473.97416666666663,67.2020725645551,34.78244063449381,35.52047289769456,-0.7380322632007505,750.3075,809.799384110343,690.815615889657,0.15858000649158643,0.8726768841087249,14.989532677402469,802.0,688.0,802.0,544.0,0.0,0.007863529710190775,0.15501453488372086,0.32817984288818325
2026-02-12,815.3,815.4,815.3,815.4,2,786.93,777.4449999999999,756.1025,651.7708333333334,575.9179166666667,475.90375000000006,70.45527808309983,36.0716597095568,35.63071026006701,0.44094944948978565,756.1025,817.2260018221178,694.9789981778821,0.1616804648103078,0.9850630136716324,15.40099462901658,802.0,699.5,802.0,544.0,0.02611212483483305,0.016708229426433796,0.16568977841315213,0.42964846147102653
2026-02-13,815.4,815.4,815.4,815.4,0,795.92,781.33,760.8725000000001,655.6383333333334,579.1037500000001,477.8333333333333,70.45527808309983,36.67065858934052,35.838699925921716,0.8319586634188028,760.8725000000001,824.8070874703077,696.9379125296924,0.16805598170602204,0.9264319373713287,14.300923584086824,815.4,717.3,815.4,544.0,0.0,0.05834252709455501,0.13250000000000006,0.39778863461043956
2026-02-19,826.1,826.1,826.1,826.1,0,809.24,790.3,766.1775,660.0141666666666,582.4066666666666,479.796875,72.10972536743841,37.575621716358,36.18608428400898,1.389537432349023,766.1775,833.1989329524398,699.1560670475602,0.17495014654551927,0.947039830098251,14.043714756652054,815.4,717.3,815.4,544.0,0.01312239391709591,0.08768926925608955,0.14736111111111105,0.46588590187206114
2026-02-20,852.9,852.9,852.9,852.9,0,820.89,801.95,772.5525,664.8916666666667,585.9533333333334,481.88729166666667,75.76962270644052,39.99431793591464,36.947731014390115,3.046586921524522,772.5525,846.7206028137996,698.3843971862004,0.19200792907614583,1.041658050777663,14.954877988319762,826.1,717.3,826.1,544.0,0.0324415930274784,0.0733027118857359,0.17576509511993388,0.5223560910307898
2026-02-23,872.6,872.6,872.6,872.6,0,836.4799999999999,810.365,780.3174999999999,670.3516666666667,589.6525,484.06458333333336,78.04980995661407,43.005042120058306,38.15919323552375,4.845848884534554,780.3174999999999,861.8715267246092,698.7634732753905,0.20902780400185655,1.0657752517335446,15.293815274868354,852.9,717.3,852.9,544.0,0.023097666783913784,0.09809350028314356,0.21650634323156281,0.6011009174311928
2026-02-24,880.55,880.55,880.55,880.55,0,849.51,818.22,788.0825,675.9575000000001,593.4179166666667,486.269375,78.91224476062563,45.5079736931616,39.62894932705132,5.879024366110279,788.0825,876.4719975378763,699.6930024621237,0.22431534144680618,1.0230683654490522,14.769257040949181,872.6,725.25,872.6,544.2,0.00911070364428146,0.07989943585970072,0.21413305756635626,0.6180632120543916
2026-02-25,900.8,900.8,900.8,900.8,0,866.5899999999999,831.2549999999999,796.4375,681.9008333333333,597.2804166666667,488.564375,80.96391776548747,48.565735196952915,41.41630650103164,7.149428695921273,796.4375,893.8183753041283,699.0566246958717,0.24454116061618963,1.0358470011389171,15.160738680881384,880.55,729.35,880.55,544.2,0.022996990517290428,0.1047338729457934,0.22774976148289472,0.6552737963983828
2026-02-26,921.4,921.4,921.4,921.4,0,885.65,847.445,805.9224999999999,687.8924999999999,601.3520833333333,491.001875,82.7974841370498,52.05126645836265,43.54329849249785,8.5079679658648,805.9224999999999,912.7312565464467,699.1137434535531,0.26505962185308596,1.04058067771711,15.549257346532716,900.8,729.35,900.8,559.0,0.022868561278863275,0.1153613363999515,0.2592592592592591,0.6397935575725218
2026-02-27,943.5,955.0,931.8,955.0,3,906.07,863.4800000000001,816.2299999999999,694.4441666666667,605.7,493.571875,85.28681438961056,56.869260848830436,46.20849096376437,10.660769885066067,816.2299999999999,937.7886212491654,694.6713787508344,0.29785384327742315,1.0707945622201303,16.838596107494666,921.4,733.7,921.4,559.0,0.036466247015411346,0.11970922734200973,0.2752887761233891,0.6995906744972415
2026-03-03,955.0,955.0,955.0,955.0,0,922.55,879.515,826.5375,701.0441666666667,610.0479166666667,496.141875,85.28681438961056,59.99596003396812,48.96598477780512,11.029975256162999,826.5375,958.0476892440203,695.0273107559798,0.3182195344894097,0.9884127258064955,15.635839242673619,955.0,733.7,955.0,559.0,0.0,0.09443043777217519,0.2752887761233891,0.7084078711985689
2026-03-04,820.0,820.0,780.0,780.0,7,902.4399999999999,875.975,826.71,704.7275000000001,612.9320833333333,497.9629166666667,45.50826378310761,47.80182452336123,48.733152726916344,-0.9313282035551111,826.71,957.9662707073381,695.4537292926619,0.31753884846521296,0.3220656439944525,27.018993582482647,955.0,733.7,955.0,559.0,-0.18324607329842935,-0.11418999488955761,0.004442727448329187,0.39534883720930236
2026-03-05,843.2,843.2,843.2,843.2,1,890.9199999999998,878.7549999999999,830.0424999999999,709.4383333333333,616.405,500.055,53.87518063589943,42.744859954955814,47.53549417252424,-4.7906342175684244,830.0424999999999,959.4061938054799,700.6788061945199,0.3117037833736948,0.5508546857814088,29.60335118373389,955.0,733.7,955.0,560.55,0.08102564102564114,-0.06394316163410296,0.0858283433133733,0.5042369101775044
2026-03-06,843.2,843.2,843.2,843.2,0,875.2800000000001,880.4649999999999,835.3825,713.9433333333333,619.8379166666667,502.1683333333333,53.87518063589943,38.29572976654754,45.6875412913289,-7.39181152478136,835.3825,957.4551966811088,713.3098033188913,0.29225581498561126,0.5320198546134428,27.48882609918147,955.0,733.7,955.0,568.7,0.0,-0.08487084870848705,0.145029875067898,0.4718100890207717
2026-03-09,750.05,782.9,750.05,777.3,5,839.74,872.905,837.4275,717.2508333333333,622.7054166666666,504.0070833333333,45.4380922374287,29.116545376580348,42.37334210837919,-13.256796731798843,837.4275,954.0474960341191,720.8075039658809,0.27851962357128024,0.2422075885579316,32.178909949239944,955.0,736.4,955.0,568.7,-0.07815464895635682,-0.1860732984293194,0.05554046713742533,0.3428349313293597
2026-03-10,777.3,777.3,777.3,777.3,0,804.2,863.375,836.8700000000001,720.5758333333334,625.5616666666666,505.8129166666667,45.4380922374287,21.593064212058152,38.217286529114986,-16.624222317056834,836.8700000000001,954.5232379494844,719.2167620505159,0.28117446664233214,0.2468407965721385,29.880416381437094,955.0,750.05,955.0,568.7,0.0,-0.1860732984293194,-0.014141670365907855,0.3452751817237798
2026-03-11,851.0,855.2,851.0,855.2,2,819.24,860.8399999999999,839.53,724.9174999999999,629.0679166666666,507.9433333333333,55.081865319751955,21.666769120628373,34.90718304741767,-13.240413926789294,839.53,956.3118324911796,722.7481675088203,0.27820764592374225,0.5670909150238912,33.31038663990588,955.0,750.05,955.0,568.7,0.10021870577640568,0.09641025641025647,0.0663341645885287,0.438035984530015
2026-03-12,855.2,855.2,855.2,855.2,285,821.64,856.28,843.7674999999999,729.3075000000001,632.5087500000001,510.0566666666666,55.081865319751955,21.47760038380295,32.221266514694726,-10.743666130891775,843.7674999999999,956.2880371254417,731.2469628745581,0.26670981550117023,0.5508018371226524,30.93107330848403,955.0,750.05,955.0,568.7,0.0,0.014231499051233332,0.11000064897138029,0.44508279824264974
2026-03-13,816.7,816.7,816.7,816.7,1,816.34,845.8100000000001,846.6274999999999,733.0558333333333,635.5550000000001,512.0095833333332,50.01488360710026,18.0134072095517,29.379694653666125,-11.366287444114423,846.6274999999999,953.1849045995767,740.0700954004232,0.2517220491882836,0.3595709978463629,31.4717109293066,955.0,750.05,955.0,568.7,-0.04501870907390082,-0.03142789373814037,0.0753127057274523,0.3800270361608653
2026-03-16,818.2,845.0,818.2,845.0,2,829.8799999999999,834.8100000000001,849.1450000000001,737.2491666666666,638.8008333333333,514.0675,53.40773552968503,17.35156461195254,26.97406864532341,-9.62250403337087,849.1450000000001,953.0166847846318,745.2733152153684,0.24465005337046491,0.48004749798468,31.24516014864184,955.0,750.05,955.0,568.7,0.03465164687155631,0.08709635919207526,0.06336122821367907,0.42399730367374455
2026-03-17,845.3,845.3,845.3,845.3,201,843.4800000000001,823.8399999999999,851.6775,741.5175,641.9825000000001,516.1152083333333,53.44381175711383,16.659219960136056,24.911098908285943,-8.251878948149887,851.6775,952.5372465543012,750.8177534456988,0.23684962102274906,0.46838431476443126,29.03479156659599,955.0,750.05,955.0,568.7,0.00035502958579880506,0.08748231056220246,0.06373875291008613,0.4346571622539035
2026-03-18,865.2,887.5,865.2,887.5,2,849.9399999999999,834.5899999999999,855.2825,746.4891666666666,645.4841666666667,518.3277083333334,58.33137456561993,19.293317797486225,23.787542686126002,-4.494224888639778,855.2825,955.8515970179103,754.7134029820897,0.23517164683694633,0.6601759434822329,29.975163597553422,955.0,750.05,955.0,568.7,0.04992310422335278,0.03776894293732447,0.08842285994603882,0.5062797012898845
2026-03-19,887.5,887.5,887.5,887.5,301,856.4,839.0200000000001,858.8875,751.8,648.925,520.5325,58.33137456561993,21.137202794868927,23.25747470787459,-2.120271913005663,858.8875,958.6453562069065,759.1296437930936,0.2322955129907152,0.643409757827269,27.834080483442463,955.0,750.05,955.0,568.7,0.0,0.03776894293732447,0.08842285994603882,0.5601652456710908
2026-03-20,887.5,887.5,887.5,887.5,0,870.5600000000001,843.45,861.9575000000001,756.975,652.4208333333333,522.7427083333333,58.33137456561993,22.340962233902587,23.07417221308019,-0.7332099791776017,861.9575000000001,961.2684323035376,762.6465676964626,0.2304311576928966,0.6285986316286454,25.84593187748229,955.0,750.05,955.0,572.6,0.0,0.08669033916982971,0.0743251422345963,0.5381282495667243
2026-03-23,873.45,873.45,873.45,873.45,0,876.25,853.0649999999999,862.985,761.9158333333332,655.7995833333333,524.8945833333333,55.8914401143098,21.9086830225026,22.841074374964673,-0.9323913524620728,862.985,962.325052848777,763.644947151223,0.2302242862825587,0.5526726113983986,25.00336531480498,955.0,750.05,955.0,572.6,-0.015830985915492923,0.03366863905325457,0.02409426661976788,0.5137781629116118
2026-03-24,815.4,815.4,815.4,815.4,1,870.2700000000001,856.875,860.125,765.9625,658.60625,526.8045833333333,47.121346591441636,16.689561896505552,21.610771879272853,-4.9212099827673015,860.125,961.4665240658923,758.7834759341077,0.23564371240434184,0.2793352704518247,27.363839220890345,955.0,750.05,955.0,572.6,-0.06646058732612059,-0.035372057257778255,-0.06555122622049059,0.42403073698917204
2026-03-25,815.4,815.4,815.4,815.4,0,855.85,852.8950000000001,856.8675,769.9291666666667,661.42375,528.7520833333333,47.121346591441636,12.410312445692966,19.77067999255688,-7.3603675468639125,856.8675,959.5528849142994,754.1821150857005,0.23967622745476858,0.29808470292725453,25.409279276541035,955.0,750.05,955.0,577.4,0.0,-0.08123943661971833,-0.07398784850377604,0.41219258746103216
2026-03-26,851.55,851.55,851.3,851.4,7,848.6299999999999,852.515,854.3975,774.2191666666666,664.5045833333334,530.8495833333334,52.48387476028382,11.787990939264887,18.174142181898482,-6.386151242633595,854.3975,955.094324552703,753.700675447297,0.23571423032652364,0.48511621387608295,26.17647361393096,955.0,750.05,955.0,591.5,0.04415011037527594,-0.04067605633802818,-0.0548401420959147,0.43333333333333335
2026-03-27,792.0,818.4,788.0,818.4,7,834.8100000000001,852.6850000000001,849.2475000000001,777.9591666666666,667.2758333333333,532.859375,47.70776405527693,8.53360239788367,16.24603422509552,-7.7124318272118515,849.2475000000001,946.1756046704096,752.3193953295905,0.22826821314259868,0.3408743258475305,28.835296927221606,955.0,750.05,955.0,591.5,-0.03875968992248058,-0.07785915492957751,-0.11178641198176686,0.37777777777777777
2026-03-30,775.05,791.7,770.0,791.7,10,818.4599999999999,847.3549999999999,841.0825000000001,781.2958333333333,669.8391666666668,534.7306249999999,44.20282459396728,3.756704225600515,13.74816822519652,-9.991463999596006,841.0825000000001,927.9963267193313,754.1686732806689,0.20667134726814823,0.2159111394354443,30.23277571813435,955.0,750.05,955.0,591.5,-0.032624633431085015,-0.09359436716469172,-0.17099476439790573,0.3384615384615386
2026-03-31,770.0,783.0,763.55,763.55,707,808.0899999999999,839.18,831.51,784.0741666666667,672.3045833333332,536.4960416666667,40.79953798654395,-2.274275302263277,10.543679519704563,-12.81795482196784,831.51,907.6303034675899,755.3896965324101,0.18308932777137957,0.05360135926851842,30.084006023981903,955.0,750.05,955.0,596.85,-0.03555639762536322,-0.06358842285994604,-0.20047120418848174,0.27929965653011624
2026-04-01,763.55,763.55,763.55,763.55,0,797.72,826.7850000000001,830.6875,786.6125,674.77,538.2845833333333,40.79953798654395,-6.973484045720511,7.040246806619548,-14.013730852340059,830.6875,909.3300513001581,752.0449486998419,0.18934328805996975,0.07314774959580242,27.93514845084034,887.5,750.05,955.0,609.8,0.0,-0.06358842285994604,-0.021089743589743692,0.24916155419222896
2026-04-02,790.0,790.0,788.0,788.0,4,785.04,816.8349999999999,827.9275,789.5825,677.3345833333333,540.2720833333334,45.06045787908331,-8.62530304363463,3.907136836568712,-12.532439880203343,827.9275,908.471354358964,747.383645641036,0.19456740924528787,0.252138134450004,27.829066418637463,887.5,750.05,955.0,609.8,0.0320214786196058,-0.07446558609349307,-0.0654648956356737,0.29222695965890466
2026-04-03,807.0,810.0,807.0,810.0,2,783.3599999999999,809.0849999999999,826.2674999999999,792.2491666666666,680.0929166666666,542.33875,48.64234549421524,-8.066183420420543,1.5124727851708608,-9.578656205591404,826.2674999999999,906.8523576036342,745.6826423963656,0.1950575512255639,0.39906602503404887,27.41270453159193,887.5,750.05,955.0,635.8,0.027918781725888353,-0.01026392961876832,-0.03937381404174578,0.24615384615384617
2026-04-06,810.0,810.0,810.0,810.0,0,787.02,802.74,827.9024999999999,794.6425,682.81125,544.4304166666667,48.64234549421524,-7.536204417384738,-0.2972626553402591,-7.238941762044479,827.9024999999999,905.7265931524294,750.0784068475705,0.1880030393734273,0.3849809919086667,25.454654207906795,887.5,750.05,955.0,645.0,0.0,0.02311481621826439,0.0420686993438828,0.21548619447779105
2026-04-07,822.0,822.0,822.0,822.0,0,798.7099999999999,803.4,830.1375,797.3091666666667,685.5045833333334,546.51375,50.676611566670466,-6.07783107406749,-1.4533763390857053,-4.624454734981784,830.1375,904.5112445272052,755.7637554727949,0.17918415811165062,0.44529319417940944,24.493607478770596,887.5,763.55,955.0,662.0,0.014814814814814836,0.07655032414380214,0.057506754148977324,0.2416918429003021
2026-04-08,880.0,897.2,880.0,897.2,2,825.4399999999999,811.5799999999999,832.2375,800.9466666666666,688.7154166666666,548.9104166666667,61.080413395258205,1.1328925547317112,-0.9361225603222221,2.0690151150539333,832.2375,911.5322909701385,752.9427090298614,0.19055808220643408,0.9096265290898121,28.115492658858415,887.5,763.55,955.0,671.25,0.091484184914842,0.17503765306790653,0.04911131898971011,0.32145224243316894
2026-04-09,888.0,888.0,878.0,878.0,4,843.4399999999999,814.24,833.3774999999999,804.2641666666666,691.8199999999999,551.2227083333333,57.732110979356236,5.237785511144352,0.2986590539710928,4.939126457173259,833.3774999999999,914.5923476265145,752.1626523734853,0.19490530432250597,0.7747188556285116,27.478671754654247,897.2,763.55,955.0,671.25,-0.02139991083370496,0.1142131979695431,0.02666043030869969,0.29317328227409956
2026-04-10,878.0,878.0,878.0,878.0,0,857.04,820.2,836.4424999999999,807.5708333333333,694.9620833333333,553.52,57.732110979356236,8.394179872879135,1.9177632177527015,6.4764166551264335,836.4424999999999,919.5140370930256,753.3709629069741,0.1986305982611495,0.750130799635156,25.515909486464658,897.2,763.55,955.0,671.25,0.0,0.08395061728395059,0.07505816089139206,0.2919364331959977
2026-04-13,868.0,879.0,868.0,879.0,3,870.8399999999999,828.93,838.1424999999999,810.7541666666667,697.9916666666667,555.8095833333333,57.871608255237625,10.851250328678589,3.704460639937879,7.146789688740709,838.1424999999999,923.2124845715158,753.072515428484,0.20299647034129847,0.7401405161044338,24.47905880886004,897.2,763.55,955.0,682.6,0.001138952164009055,0.08518518518518525,0.04023668639053257,0.2776162790697674
2026-04-14,910.0,910.0,908.0,908.0,3,888.04,843.375,841.2774999999999,814.4208333333333,701.1416666666667,558.2408333333333,61.80809810231865,14.966034870074964,5.956775485965297,9.009259384109667,841.2774999999999,931.6288003503431,750.9261996496567,0.21479547557219397,0.8692392900892357,24.944840322512896,897.2,763.55,955.0,688.0,0.03299203640500559,0.1046228710462287,0.07417484916597661,0.319767441860465
2026-04-15,942.0,945.15,928.0,931.0,15,894.8,860.1200000000001,843.4525,818.2791666666667,704.4833333333333,560.7570833333334,64.63085416387743,19.854073643304787,8.736235117433194,11.117838525871592,843.4525,940.0297047379604,746.8752952620396,0.22900448985084618,0.9532513662905218,25.816637442333402,910.0,763.55,955.0,699.5,0.025330396475770955,0.03767275969683448,0.049014084507042144,0.3309506790564689
2026-04-16,937.0,951.75,937.0,951.75,3,909.55,876.4950000000001,846.665,822.1416666666667,707.9191666666666,563.34875,67.00050472805356,25.112747056595367,12.011537505265629,13.101209551329738,846.665,952.7004143670779,740.629585632922,0.2504778498392586,0.9955184106519936,25.454734767881018,945.15,763.55,955.0,717.3,0.022287862513426404,0.08399772209567202,0.07239436619718309,0.3218749999999999
2026-04-17,949.0,951.6,949.0,951.6,302,924.2700000000001,890.655,849.8699999999999,826.0016666666668,711.3158333333333,565.9410416666667,66.96557709193696,28.934639365508588,15.396157877314222,13.538481488194366,849.8699999999999,964.1993155756556,735.5406844243441,0.2690513033185211,0.9448990160038253,23.83296799874666,951.75,763.55,955.0,717.3,-0.0001576044129235621,0.08382687927107058,0.07222535211267611,0.32166666666666677
2026-04-20,949.0,956.0,949.0,956.0,2,939.6700000000001,905.2549999999999,853.9975000000001,829.845,714.7199999999999,568.5529166666668,67.50076992945874,31.950257107642756,18.70697772337993,13.243279384262827,853.9975000000001,977.0607336443256,730.9342663556745,0.28820513794086183,0.9144312520456156,22.630613141693328,951.75,763.55,955.0,717.3,0.004623791509037467,0.08759954493742894,0.09451027534489653,0.3178935759580921
2026-04-21,972.0,972.0,972.0,972.0,1,952.47,920.2549999999999,861.8275,834.09,718.2033333333333,571.204375,69.43966232152644,35.22516836307386,22.01061585131872,13.214552511755144,861.8275,993.684575938297,729.9704240617029,0.3059941251312984,0.9177724222079504,22.156997917286663,956.0,763.55,956.0,717.3,0.01673640167364021,0.07048458149779746,0.19205298013245042,0.35508155583437895
2026-04-22,970.7,970.7,970.0,970.0,2,960.2700000000001,927.5349999999999,869.5574999999999,838.1691666666667,721.5533333333333,573.8527083333333,68.8864281501265,37.23001144510022,25.05449497007502,12.175516475025198,869.5574999999999,1007.6025371255619,731.5124628744379,0.3175064032581215,0.8638033720424168,20.717212351766186,972.0,763.55,972.0,725.25,-0.002057613168724326,0.04189044038668088,0.18960019622271274,0.337469837986901
2026-04-23,992.0,994.0,970.0,970.0,6,963.9200000000001,936.7349999999999,875.4875,842.1075000000001,724.9733333333334,576.485,68.8864281501265,38.37648381483484,27.718892739026987,10.657591075807854,875.4875,1019.9436278554763,731.0313721445236,0.33000157707671746,0.8271321937085173,20.951697183782887,972.0,763.55,972.0,729.35,0.0,0.019175203572366684,0.13929997650927883,0.32206623960746894
2026-04-24,988.0,989.0,892.45,989.0,3,971.4,947.8349999999998,884.0174999999999,846.3958333333334,728.5516666666666,579.1960416666667,71.39717697419533,40.35304782172284,30.24572375556616,10.107324066156679,884.0174999999999,1034.0233341365351,734.0116658634648,0.33937299688419104,0.8499280564796068,26.35157595636982,994.0,763.55,994.0,729.35,0.019587628865979312,0.039302227826818026,0.20845552297165204,0.35164684980183125
2026-04-27,989.0,989.0,989.0,989.0,0,978.0,958.8349999999998,893.8824999999999,850.3983333333333,731.96625,581.8974999999999,71.39717697419533,41.441774062769355,32.4849338170068,8.956840245762557,893.8824999999999,1044.2561621719296,743.5088378280703,0.3364506233692452,0.816270477908716,24.469320530914835,994.0,763.55,994.0,733.7,0.0,0.03451882845188292,0.24921055955538707,0.32069172731521656
2026-04-28,1009.75,1009.75,1009.75,1009.75,800,985.55,969.0099999999999,906.1924999999999,854.7466666666667,735.5420833333334,584.6895833333333,74.0495364486473,43.47776443324426,34.68349994025429,8.794264492989967,906.1924999999999,1052.11658051791,760.2684194820897,0.3220597842465264,0.8548334847561019,24.203654778706635,994.0,763.55,994.0,733.7,0.02098078867542963,0.03883744855967075,0.32244122847226775,0.34840088135140546
2026-04-29,1014.7,1014.7,1014.7,1014.7,0,994.49,977.3799999999999,918.75,858.7158333333333,739.1004166666667,587.5,74.65336762440593,44.97231227981865,36.74126240816717,8.231049871651486,918.75,1056.4034525538589,781.0965474461411,0.29965377426690365,0.8485201359641097,22.828393723084737,1009.75,763.55,1009.75,733.7,0.0049022035157217925,0.046082474226804226,0.32892410451181986,0.3066769686433586
2026-04-30,1018.2,1018.2,1018.2,1018.2,0,1004.1299999999999,984.025,930.26,862.7433333333335,742.53625,590.3177083333334,75.09464401710947,45.90995162081208,38.57500025069615,7.334951370115931,930.26,1060.5577382766,799.9622617233998,0.2801318734044248,0.837457891300148,21.447794171435827,1014.7,788.0,1014.7,733.7,0.003449295358233906,0.049690721649484626,0.2921319796954316,0.31118408344601134
2026-05-04,1011.25,1011.25,1011.25,1011.25,0,1008.5799999999999,989.9900000000001,940.3225,867.3241666666667,746.0470833333333,593.1052083333333,72.39922798501831,45.56696305183755,39.97339281092443,5.593570240913117,940.3225,1062.7637817435252,817.8812182564748,0.2604240178099008,0.7896388333657357,20.4122374449047,1018.2,807.0,1018.2,733.7,-0.006825770968375555,0.02249747219413556,0.2484567901234569,0.3732346550787615
2026-05-06,1130.0,1144.85,1127.0,1144.85,213,1039.75,1008.875,957.0649999999999,874.1316666666667,750.8229166666666,596.4483333333334,84.16532360672966,55.43650804136655,43.06601585701286,12.370492184353694,957.0649999999999,1094.324357058079,819.805642941921,0.28683392885139253,1.1840517252333547,28.4970776274115,1018.2,810.0,1018.2,736.4,0.13211372064276872,0.15758341759352867,0.413395061728395,0.5546577946768061
2026-05-07,1175.75,1175.75,1175.75,1175.75,401,1072.95,1029.25,974.7524999999999,880.5866666666667,755.8966666666668,599.8989583333333,85.68527866314496,65.00225972214992,47.45326463004027,17.548995092109642,974.7524999999999,1128.0654331628518,821.439566837148,0.3145679198829485,1.155513843005328,28.668714939739257,1144.85,822.0,1144.85,750.05,0.026990435428222215,0.1643971280019807,0.430352798053528,0.4912169446382142
2026-05-08,1175.75,1175.75,1175.75,1175.75,0,1105.16,1049.825,988.68,886.8158333333334,760.9704166666667,603.3291666666667,85.68527866314496,71.75602802222647,52.31381730847752,19.442210713748956,988.68,1160.7441607075598,816.6158392924401,0.34806845634089867,1.0436053598574317,26.62094958690074,1175.75,868.0,1175.75,750.05,0.0,0.15871686212673697,0.31046589389210877,0.46602244389027425
2026-05-11,1168.1,1168.1,1168.1,1168.1,0,1135.14,1069.635,1003.1850000000001,893.4433333333333,765.8391666666668,606.7287500000001,83.38705386331975,75.61945300921252,56.97494444862452,18.644508560588,1003.1850000000001,1184.1623192971897,822.2076807028105,0.36080547316235706,0.9556233914847273,25.26588175926498,1175.75,868.0,1175.75,750.05,-0.006506485222198655,0.14722058534669014,0.3304100227790432,0.5161269388019987
2026-05-12,1230.0,1230.0,1230.0,1230.0,0,1178.89,1093.735,1020.7850000000001,901.285,771.1841666666667,610.38625,86.53429069615655,82.72248451742996,62.12445246238561,20.59803205504435,1020.7850000000001,1217.4280830209818,824.1419169790182,0.38527815949682215,1.031966334095964,27.882604490746058,1175.75,868.0,1175.75,750.05,0.0529920383528808,0.21631644004944373,0.40091116173120733,0.6194865042791311
2026-05-13,1176.1,1200.5,1176.1,1200.3,3,1189.98,1114.865,1036.85,908.0458333333332,776.2299999999999,613.9206250000001,78.81880779014544,84.97560054788596,66.69468207948569,18.280918468400273,1036.85,1237.0016799829484,836.6983200170514,0.38607644303987754,0.9083153336857448,29.740989884264202,1230.0,868.0,1230.0,750.05,-0.024146341463414656,0.048434292702100645,0.3655290102389077,0.5104763103253005
2026-05-14,1200.3,1200.3,1200.3,1200.3,600,1194.8899999999999,1133.92,1051.465,914.8066666666667,781.2466666666666,617.473125,78.81880779014544,85.77247948288277,70.5102415601651,15.262237922717674,1051.465,1254.5142996786656,848.4157003213343,0.3862216995880332,0.8664996634697532,27.616633463959616,1230.0,892.45,1230.0,750.05,0.0,0.020880289177120925,0.3219162995594713,0.5104763103253005
2026-05-15,1261.7,1261.7,1261.7,1261.7,0,1212.08,1158.6200000000001,1068.0,922.245,787.0079166666667,621.2760416666666,82.54932037339738,90.31735637516954,74.47166452316598,15.845691852003554,1068.0,1282.6457104160165,853.3542895839834,0.40195825920602357,0.9512086442924472,30.029731073676796,1230.0,892.45,1230.0,750.05,0.051153878197117475,0.07310227514352552,0.35520945220193356,0.5473387294579348
2026-05-18,1187.95,1187.95,1187.95,1187.95,0,1216.05,1175.5949999999998,1079.81,928.4541666666667,792.04625,624.7639583333333,67.23229645427969,86.965708853455,76.97047338922378,9.995235464231214,1079.81,1293.561408416404,866.0585915835959,0.3959055915696355,0.7529573975703008,33.15260742555702,1261.7,892.45,1261.7,750.05,-0.058452881033526194,0.01699340809862182,0.24817441555030206,0.4568923227863626
2026-05-19,1187.3,1187.3,1187.3,1187.3,0,1207.5099999999998,1193.2,1091.595,934.4741666666666,797.2441666666666,628.2689583333333,67.11409830852259,83.29686012443676,78.23575073626638,5.0611093881703795,1091.595,1301.7315720192378,881.4584279807623,0.3850083080615755,0.7277209509043439,30.830992609445815,1261.7,892.45,1261.7,750.05,-0.0005471610758028822,-0.03471544715447161,0.24768810424548127,0.43723520154944917
2026-05-20,1151.6,1151.6,1151.6,1151.6,124,1197.77,1193.875,1101.375,939.4525,802.1720833333333,631.6220833333334,60.79256107213165,76.62529077692193,77.9136587443975,-1.2883679674755655,1101.375,1303.4089191818944,899.3410808181056,0.3668758037578379,0.6242984351424217,31.178778851628262,1261.7,892.45,1261.7,750.05,-0.03006822201633963,-0.04057319003582438,0.2046025104602509,0.3502169070230976
2026-05-21,1140.5,1140.5,1140.5,1140.5,0,1185.81,1190.35,1109.8,943.9175,807.1345833333332,634.9077083333334,58.93384454754231,69.63958498297825,76.25884399211365,-6.619259009135405,1109.8,1303.4294321635948,916.1705678364051,0.34894473267903203,0.579275138229146,29.744580362226237,1261.7,892.45,1261.7,750.05,-0.009638763459534516,-0.04982087811380487,0.1733539094650205,0.30701352280540917
2026-05-22,1244.0,1244.0,1244.0,1244.0,1,1182.27,1197.175,1123.5,949.975,812.96625,638.61875,68.58028377995498,71.6292504152675,75.33292527674442,-3.7036748614769124,1123.5,1314.3788018612754,932.6211981387245,0.33979314973079744,0.8156453174082043,35.01282462206722,1261.7,892.45,1261.7,750.05,0.0907496711968434,-0.014028691448046304,0.2824742268041238,0.4127533927658851
2026-05-26,1244.0,1244.0,1244.0,1244.0,500,1193.48,1204.7649999999999,1137.2,955.695,818.7979166666667,642.3077083333334,68.58028377995498,72.37181734466503,74.74070369032854,-2.368886345663512,1137.2,1321.253136349251,953.1468636507491,0.32369528024841887,0.7901336052142601,32.51190857763385,1261.7,892.45,1261.7,750.05,0.0,0.04718212045961523,0.2824742268041238,0.3809946714031973
2026-05-27,1350.0,1350.0,1332.7,1336.2,8,1223.26,1215.385,1154.56,962.6083333333333,825.2504166666666,646.3529166666666,74.7162665019558,79.48383625123347,75.68933020250954,3.7945060487239317,1154.56,1344.8167491575418,964.3032508424579,0.3295744684685802,0.9773549448424385,37.761057964945714,1261.7,892.45,1261.7,750.05,0.07411575562700978,0.12541059546871058,0.351061678463094,0.45018450184501857
2026-05-28,1273.25,1313.7,1264.9,1313.7,6,1255.6799999999998,1226.725,1170.795,968.5866666666666,831.5154166666666,650.3179166666666,71.06875350114557,82.35526033756241,77.02251622952012,5.3327441080422915,1170.795,1357.1452479204033,984.4447520795968,0.31833113042061717,0.8834312043980744,40.156696681735305,1350.0,989.0,1350.0,750.05,-0.016838796587337224,0.1407606807919417,0.3283114256825077,0.3756020942408378
2026-05-29,1335.0,1364.1,1335.0,1364.1,105,1300.4,1243.105,1188.5125,975.4050000000001,838.2245833333333,654.4975,74.11686761174141,87.68694290847452,79.155401565311,8.531541343163525,1188.5125,1377.6078248364317,999.4171751635683,0.31820502491380054,0.9642830280227284,40.88836120446849,1350.0,1009.75,1350.0,750.05,0.0383649234985155,0.1960543621218762,0.3509284476355532,0.42837696335078523
2026-06-01,1400.0,1439.35,1400.0,1439.35,452,1339.4699999999998,1260.87,1209.7450000000001,986.3941666666667,845.5608333333333,658.93875,77.8663975987539,96.86775469014674,82.69787219027815,14.169882499868592,1209.7450000000001,1410.9799345913764,1008.5100654086239,0.3326898389187411,1.0704899113720767,43.34276397557788,1364.1,1011.25,1364.1,750.05,0.05516457737702507,0.15703376205787767,0.41849807824972873,0.8453205128205128
2026-06-02,1420.0,1434.1,1405.05,1434.1,1256,1377.49,1285.4850000000001,1230.54,996.2425000000001,852.8404166666666,663.3070833333333,77.02800749359949,102.53798893857743,86.665895539938,15.872093398639421,1230.54,1434.2429862323952,1026.8370137676047,0.33107901609438983,0.999649032557058,42.696852263036604,1439.35,1011.25,1439.35,750.05,-0.0036474797651717683,0.15281350482315115,0.40846592025142403,0.7007827324478177
2026-06-04,1434.1,1434.1,1434.1,1434.1,321,1397.07,1310.165,1251.6825,1006.0908333333333,860.0170833333334,667.6754166666667,77.02800749359949,105.81195606838992,90.4951076456284,15.316848422761524,1251.6825,1447.5819621610667,1055.783037838933,0.3130178174753851,0.9655895886279104,39.64707710139113,1439.35,1011.25,1439.35,750.05,0.0,0.07326747492890284,0.41814585908529045,0.7007827324478177
2026-06-05,1400.55,1400.55,1400.55,1400.55,0,1414.44,1335.06,1264.4675000000002,1016.4783333333334,866.8645833333334,671.8964583333334,71.335490926322,104.4948424969507,93.29505461589285,11.199787881057844,1264.4675000000002,1464.1483560553445,1064.786643944656,0.3158339080369314,0.8407499914821144,39.21157159414891,1439.35,1127.0,1439.35,750.05,-0.02339446342653928,0.06611098424297768,0.22334803686072413,0.8018139714395986
2026-06-08,1316.0,1316.0,1316.0,1316.0,0,1404.82,1352.6100000000001,1271.48,1025.4566666666667,873.0162500000001,675.7412500000002,59.41812320706528,95.5273621489921,93.7415161225127,1.7858460264793905,1271.48,1468.0320399283485,1074.9279600716516,0.3091704783847932,0.6132524496215592,42.450030765995415,1439.35,1140.5,1439.35,763.55,-0.060369140694726986,-0.03526134447621132,0.11928556240697419,0.6930400102920367
2026-06-09,1250.0,1304.9,1247.0,1302.65,11,1377.48,1358.475,1277.825,1032.9141666666667,878.9158333333332,679.5579166666666,57.77684998808032,86.34797028493313,92.26280695499679,-5.914836670063664,1277.825,1469.7446068670292,1085.9053931329709,0.3003848052229831,0.5646755180600176,44.34645713985289,1439.35,1140.5,1439.35,763.55,-0.01014437689969594,-0.09497342550456789,0.10793110780352966,0.523210944808232
2026-06-10,1279.1,1279.1,1247.65,1247.65,4,1340.19,1358.8400000000001,1281.8025,1039.455,884.38125,683.1454166666666,51.46909789134727,73.78465221155466,88.56717600630837,-14.782523794753715,1281.8025,1467.6627821341747,1095.9422178658253,0.2899983143022028,0.4081231890755852,45.107424487006256,1439.35,1140.5,1439.35,763.55,-0.04222162514873529,-0.13001185412453797,0.06810204605770065,0.458898503274088
2026-06-11,1215.0,1242.0,1215.0,1241.85,18,1301.7400000000002,1349.405,1282.395,1046.5408333333335,889.7983333333334,686.6364583333333,50.838771069774594,62.63806794082711,83.38135439321212,-20.743286452385007,1282.395,1467.6655613420412,1097.1244386579588,0.2889446096437388,0.390578946524734,44.2176084522201,1439.35,1140.5,1439.35,763.55,-0.004648739630505494,-0.1340562024963392,0.009634146341463312,0.5205705889555527
2026-06-12,1335.1,1365.35,1314.9,1314.9,216,1284.6100000000001,1349.525,1288.125,1054.3725,895.8108333333332,690.431875,57.84169325690213,59.01851538751271,78.50878659207224,-19.490271204559534,1288.125,1469.9415187764714,1106.3084812235286,0.28229639014299296,0.5736319234912801,49.88063641991866,1439.35,1140.5,1439.35,763.55,0.05882352941176494,-0.06115454642818885,0.09547613096725827,0.5560946745562132
2026-06-15,1372.85,1393.8,1372.85,1381.6,414,1297.73,1351.275,1297.19,1063.3108333333334,902.4141666666667,694.5129166666667,63.02131797895838,60.83090566183864,74.97321040602553,-14.142304744186887,1297.19,1478.6656694435785,1115.7143305564216,0.2797981320293534,0.7325656112987733,51.95344810421018,1439.35,1140.5,1439.35,763.55,0.05072629097269732,0.04984802431610946,0.1510455719403483,0.6344493079380102
2026-06-16,1421.05,1421.05,1398.65,1417.4,407,1320.68,1349.08,1304.975,1072.1425,909.3158333333333,698.7435416666667,65.47327259630507,64.41348031366897,72.86126438755423,-8.44778407388526,1304.975,1492.935566343036,1117.0144336569638,0.2880676891787753,0.7990653895850146,51.06034466819517,1439.35,1140.5,1439.35,763.55,0.025911986103068996,0.08808966337849777,0.12340492985654272,0.5970704225352115
2026-06-17,1406.8,1442.55,1397.75,1439.75,673,1359.1,1349.645,1317.565,1081.3466666666666,916.5733333333333,703.041875,66.94678531272868,68.26919002306681,71.94284951465676,-3.6736594915899445,1317.565,1506.215555525275,1128.914444474725,0.28636242693950575,0.823839491645785,50.61317719189552,1439.35,1140.5,1439.35,763.55,0.0157683081698885,0.1539694625896686,0.2119617829033209,0.6222535211267606
2026-06-18,1457.65,1488.95,1452.85,1487.9,170,1408.31,1355.025,1332.595,1091.3533333333332,924.1641666666667,707.4964583333333,69.92469772879163,74.35307438201858,72.42489448812913,1.9281798938894497,1332.595,1525.1941612131131,1139.995838786887,0.28905880813467427,0.9031819220337968,50.51223596390299,1442.55,1140.5,1442.55,763.55,0.0334433061295365,0.19813181946289826,0.25317948286027137,0.6765070422535213
2026-06-19,1525.05,1547.05,1459.0,1494.05,74,1444.1399999999999,1364.375,1349.7175000000002,1101.6966666666667,931.80625,711.9766666666668,70.2928460049342,78.76292025433668,73.69249964137065,5.070420612966032,1349.7175000000002,1535.6836858376266,1163.7513141623738,0.2755631246355277,0.8880611395827129,53.1935048236242,1488.95,1140.5,1488.95,763.55,0.0041333422945089016,0.13624610236519885,0.29736887808266776,0.7105157707939778
2026-06-22,1457.85,1520.1,1457.85,1503.1,31,1468.44,1383.085,1367.8475,1113.1583333333333,939.5604166666667,716.4895833333334,70.85815763700438,82.04228188929437,75.36245609095539,6.679825798338982,1367.8475,1538.7845658312426,1196.9104341687575,0.24993585298250356,0.8956207489062897,53.84039733622247,1547.05,1140.5,1547.05,763.55,0.006057360864763606,0.08794151708164444,0.3179307321350284,0.8433897473632572
2026-06-23,1505.45,1505.45,1339.25,1342.2,39,1453.4,1387.0400000000002,1372.7575000000002,1121.9383333333333,945.9337499999999,720.3320833333333,51.93546143065398,70.84129990085057,74.45822485293444,-3.6169249520838633,1372.7575000000002,1534.581374242939,1210.9336257570612,0.23576469149567772,0.4055840797813136,61.86608324077802,1547.05,1215.0,1547.05,763.55,-0.10704543942518785,-0.05305488923380841,0.07893890675241155,0.6460632818248713
2026-06-24,1369.8,1403.2,1324.7,1384.95,33,1442.44,1400.77,1379.805,1130.8308333333332,952.525,724.3677083333333,55.34742530951657,64.66854991103423,72.5002898645544,-7.83173995352017,1379.805,1530.4779235795022,1229.132076420498,0.21839741641681562,0.5170734060167261,63.05422015215102,1547.05,1215.0,1547.05,763.55,0.031850692892266386,-0.0380621635700642,0.1133038585209003,0.6266737138830163
2026-06-25,1484.8,1494.4,1466.05,1471.0,15,1439.06,1423.685,1386.545,1141.7075,959.8333333333334,728.7504166666666,61.3022003370074,65.95977370920059,71.19218663348364,-5.232412924283054,1386.545,1540.8293021826732,1232.260697817327,0.22254496202095592,0.7736992642971704,66.36820442699738,1547.05,1215.0,1547.05,763.55,0.062132206938878554,-0.011358290207675314,0.10088310133213585,0.7974095796676441
2026-06-26,1430.0,1430.0,1346.9,1394.75,27,1419.2,1431.67,1390.5975,1151.7583333333334,966.5270833333333,732.8120833333335,54.381589806270064,60.137116870622094,68.98117268091134,-8.844055810289248,1390.5975,1541.2299681965824,1239.9650318034178,0.21664423846092387,0.5137835489576548,70.49190411078328,1547.05,1215.0,1547.05,763.55,-0.05183548606390209,-0.06646363910177033,0.06169597320545028,0.7617152961980547
2026-06-29,1356.5,1387.5,1345.5,1387.5,9,1396.08,1432.26,1391.7675000000002,1162.1575,973.1158333333334,736.85125,53.76013218833218,54.31153539457773,66.04724522364462,-11.735709829066892,1391.7675000000002,1541.9212887467193,1241.613711253281,0.21577424210109675,0.4857895693621204,68.97462524572732,1547.05,1215.0,1547.05,763.55,-0.005198064169205985,-0.0769077240369902,0.017154167583021795,0.8171697989653592
2026-06-30,1378.9,1411.45,1349.45,1411.45,59,1409.9299999999998,1431.6650000000002,1390.3725,1172.9558333333334,979.7841666666667,740.9622916666666,55.566564545061844,51.038939817681694,63.04558414245204,-12.006644324770349,1390.3725,1539.2450544719186,1241.4999455280813,0.21414772583882183,0.5707904155832023,68.47643772817538,1547.05,1215.0,1547.05,763.55,0.017261261261261263,0.05159439725823267,-0.01938374960919853,0.8485364416213741
2026-07-01,1416.35,1416.35,1345.7,1372.3,337,1407.4,1424.92,1387.2825,1182.6941666666667,986.1383333333334,744.9510416666667,51.991003078043796,44.770223171194175,59.39051194820047,-14.620288777006294,1387.2825,1534.9569706271006,1239.6080293728994,0.21289747492252029,0.44927186826410553,68.63169217616284,1547.05,1215.0,1547.05,788.0,-0.027737433136136636,-0.009133903751038064,-0.04309322920298442,0.7414974619289338
2026-07-02,1270.9,1313.0,1262.55,1262.55,118,1365.71,1402.3849999999998,1378.7050000000002,1190.2366666666667,991.2429166666666,748.4825,43.53399622449388,30.593647756752944,53.63113910991097,-23.037491353158025,1378.7050000000002,1534.2257989305435,1223.1842010694568,0.22560417047960712,0.12656120339287932,71.56871416357978,1547.05,1215.0,1547.05,807.0,-0.07997522407636815,-0.14170632222977564,-0.11962206261766961,0.5587037037037037
2026-07-03,1220.9,1327.4,1220.9,1326.3,14,1352.02,1385.6100000000001,1374.9924999999998,1198.8416666666667,996.7420833333333,752.2441666666666,48.74896235640818,24.22346875390872,47.74960503871052,-23.5261362848018,1374.9924999999998,1531.7898350379223,1218.1951649620773,0.22807009498295083,0.3447279094755556,74.06380600903837,1547.05,1215.0,1547.05,810.0,0.050493049780206745,-0.04907689550098582,-0.05301488700867518,0.6374074074074074
2026-07-06,1325.0,1334.5,1285.75,1314.1,12,1337.34,1366.71,1374.8974999999998,1207.0433333333335,1002.1762500000001,755.9549999999999,47.83840880996689,17.983317469584563,41.796347524885334,-23.81303005530077,1374.8974999999998,1531.839924076457,1217.9550759235426,0.2282969080625388,0.3063063561119033,72.25567700839278,1547.05,1215.0,1547.05,822.0,-0.009198522204629467,-0.05290090090090094,-0.001443768996960526,0.598661800486618
2026-07-07,1270.05,1270.05,1209.0,1245.9,15,1304.23,1357.0800000000002,1372.06,1212.855,1006.9008333333333,759.3610416666667,43.002850887749034,7.4489161218136815,34.92686124427101,-27.477945122457328,1372.06,1536.0199024151775,1208.1000975848224,0.23899815228951732,0.11527178858481262,74.60170007922187,1547.05,1215.0,1547.05,868.0,-0.05189863785100057,-0.11729072939176022,-0.04356504049437682,0.38865358894337954
2026-07-08,1245.9,1262.0,1166.25,1166.25,28,1263.02,1335.21,1367.99,1217.6591666666668,1010.9616666666666,762.4352083333332,38.15244256850438,-7.243266314437506,26.492835732529308,-33.73610204696681,1367.99,1547.41288482798,1188.56711517202,0.2623160766204138,-0.06219138431927566,76.11229293070602,1547.05,1209.0,1547.05,868.0,-0.06392968938117027,-0.15014938424542734,-0.06524265619364411,0.3283029612756265
2026-07-09,1230.7,1235.9,1162.05,1190.3,21,1248.5700000000002,1307.1399999999999,1365.4125,1222.8641666666667,1015.2175,765.578125,40.3405774107892,-16.75317259566623,17.843634066890203,-34.59680666255643,1365.4125,1553.2914101389365,1177.5335898610633,0.27519729039969476,0.0339751016479068,75.95070057851274,1547.05,1166.25,1547.05,868.0,0.020621650589496276,-0.0572254564175676,-0.04151064943431171,0.3556947608200456
2026-07-10,1215.45,1258.0,1215.0,1226.6,24,1228.6299999999999,1290.325,1360.9975,1228.6575,1019.7058333333334,768.8847916666667,43.5848935618496,-21.11730802858733,10.051445647794697,-31.16875367638203,1360.9975,1557.3746765633537,1164.6203234366462,0.2885783060782312,0.1578077392903097,75.36136482290469,1547.05,1162.05,1547.05,868.0,0.030496513483995624,-0.07517152981979947,-0.06715339569549028,0.39544937428896465
2026-07-13,1211.95,1224.35,1099.5,1100.0,43,1185.81,1261.575,1346.9175,1231.8574999999998,1023.1391666666667,771.6639583333333,36.192649969634274,-34.39499467228802,1.1621575837781526,-35.557152256066175,1346.9175,1573.434731739651,1120.400268260349,0.33634908112731615,-0.04503027894097761,79.05698162126863,1547.05,1162.05,1547.05,892.45,-0.10321213109408112,-0.16292519595160182,-0.20382165605095537,0.21145374449339216
2026-07-14,1096.95,1133.55,1041.1,1111.55,23,1158.94,1231.5849999999998,1331.625,1234.8666666666666,1026.5729166666667,774.481875,37.23849323269046,-43.48440734558858,-7.767155402095194,-35.71725194349339,1331.625,1577.5124325783952,1085.7375674216048,0.3693043200276282,0.05248831204532074,80.01362579117801,1547.05,1099.5,1547.05,892.45,0.010499999999999954,-0.10783369451801916,-0.2157824185127699,0.19393125671321165
2026-07-15,1180.0,1206.5,1180.0,1206.5,205,1166.99,1215.0049999999999,1319.9625,1239.1125,1030.6270833333333,777.6964583333333,45.19166195917342,-42.53583428511979,-14.720891178700114,-27.814943106419676,1319.9625,1566.3557301728174,1073.5692698271828,0.37333368208993406,0.26975321131912017,81.08050966323673,1547.05,1041.1,1547.05,892.45,0.08542125860285199,0.03451232583065389,-0.1620072929328008,0.26766482794851587
2026-07-16,1114.3,1122.0,1092.3,1097.2,326,1148.37,1198.47,1300.4275,1241.5391666666665,1033.7704166666667,780.4427083333334,39.0562069701413,-50.02699973022095,-21.78211288900428,-28.24488684121667,1300.4275,1552.3544427333945,1048.5005572666055,0.3874524996332276,0.09665389935075638,83.44618754443411,1547.05,1041.1,1547.05,892.45,-0.09059262329050966,-0.07821557590523387,-0.26258485113246854,0.15300546448087426
2026-07-20,1051.0,1093.45,1045.55,1045.55,14,1112.16,1170.395,1278.0025,1243.0316666666665,1036.4383333333333,782.9983333333333,36.53215332912109,-59.446266107662495,-29.314943532735924,-30.13132257492657,1278.0025,1536.7499356877674,1019.2550643122328,0.4049247723502377,0.05081197349429483,81.17503129126025,1547.05,1041.1,1547.05,892.45,-0.04707437112650392,-0.14760313060492414,-0.3001907566681169,0.09367154811715483
2026-07-21,1048.5,1104.3,1048.5,1094.15,27,1110.99,1148.4,1257.5549999999998,1245.0675,1039.57875,785.7335416666666,40.433050509341335,-62.271659809559196,-35.90628678810058,-26.365373021458616,1257.5549999999998,1506.3609603385644,1008.7490396614352,0.39569793820320326,0.17162161272654985,79.57324334188452,1520.1,1041.1,1547.05,892.45,0.04648271244799407,-0.0053181818181817775,-0.27207105315680913,0.12566872427983555
2026-07-22,1147.5,1159.3,1094.95,1094.95,99,1107.67,1133.3049999999998,1245.1924999999999,1247.15,1042.6595833333333,788.4720833333334,40.497881337633274,-63.711821145124304,-41.467393659505326,-22.244427485618978,1245.1924999999999,1500.4339587699174,989.9510412300824,0.4099630519295892,0.20568554825681148,78.54301167460706,1505.45,1041.1,1547.05,892.45,0.0007311611753415548,-0.014934101030093072,-0.18421248696170467,0.12881443298969075
2026-07-23,1121.95,1145.15,1121.9,1142.5,152,1094.8700000000001,1130.9299999999998,1233.07,1250.025,1046.06625,791.4220833333334,44.37318403047672,-60.3209296428447,-45.238100856173205,-15.082828786671499,1233.07,1483.5956481879562,982.5443518120437,0.40634456792875706,0.31924006453013937,76.51851084070655,1494.4,1041.1,1547.05,892.45,0.043426640485866974,-0.05304600082884381,-0.17506047149716597,0.1778350515463918
2026-07-24,1126.0,1126.05,1062.8,1071.25,83,1089.6799999999998,1119.025,1213.0825,1251.3958333333333,1048.8958333333333,794.0752083333334,40.1531860572949,-62.66059094854745,-48.72259887464806,-13.937992073899395,1213.0825,1447.7740108711769,978.390989128823,0.3869341299889776,0.19783206159967942,76.74576006637038,1494.4,1041.1,1547.05,892.45,-0.06236323851203496,-0.02365111192125413,-0.27175390890550644,0.0831648129423661
2026-07-27,1074.95,1087.55,1055.05,1073.85,48,1095.34,1103.75,1197.0375,1252.81,1051.6041666666667,796.7179166666667,40.37602226460868,-63.572170707163195,-51.69251324115109,-11.879657466012105,1197.0375,1423.5918177143087,970.4831822856912,0.37852501315006215,0.22812811240405734,73.58534863305822,1430.0,1041.1,1547.05,989.0,0.002427071178529694,0.027067093874037607,-0.23007707474457795,0.08579373104145582
2026-07-28,1025.0,1025.0,957.0,964.95,87,1069.5,1090.2450000000001,1175.9099999999999,1252.0633333333333,1053.405,798.890625,34.56994710530327,-72.24908167807689,-55.80382692853625,-16.445254749540638,1175.9099999999999,1406.2556155432442,945.5643844567555,0.3917742268426059,0.042079410753110516,76.67568087355406,1416.35,1041.1,1547.05,1009.75,-0.10141081156586107,-0.11808252981766676,-0.30454054054054047,-0.04436741767764296
2026-07-29,970.65,994.0,835.0,901.35,111,1030.78,1069.225,1150.4050000000002,1250.1741666666667,1054.445,800.8795833333334,31.702674755239045,-83.2973842145127,-61.302538385731545,-21.99484582878116,1150.4050000000002,1383.724315317006,917.0856846829945,0.4056298700318682,-0.03372135020543574,82.55598938258592,1416.35,957.0,1547.05,957.0,-0.06591015078501483,-0.17681172656285682,-0.3614013957277976,-0.11170789395880554
2026-07-30,910.0,945.8,880.0,880.95,65,978.47,1036.67,1125.8375,1247.8866666666665,1055.315,802.7835416666668,30.819684016405276,-92.63155418790802,-67.56834154616683,-25.06321264174119,1125.8375,1363.9496077874803,887.7253922125199,0.4229955171816185,-0.01422731560246191,81.3591329981155,1416.35,835.0,1547.05,835.0,-0.02263271759028118,-0.22892778993435448,-0.358048531662173,-0.13479670005892752
2026-07-31,951.4,1052.55,951.4,1050.05,97,974.2299999999999,1031.955,1115.2125,1248.5333333333333,1057.92875,805.3735416666666,44.59514623118825,-85.3995613842958,-71.13458551379263,-14.264975870503164,1115.2125,1346.8512292207345,883.5737707792657,0.41541630715354133,0.35934454868748406,87.80490921253582,1334.5,835.0,1547.05,835.0,0.19195187014018944,-0.019789964994165743,-0.16831016593402237,0.038368355995055614
2026-08-03,1020.0,1022.1,991.25,1000.75,54,959.61,1027.475,1098.935,1246.1316666666667,1060.1316666666667,807.73125,41.97115400561574,-82.69301931440805,-73.44627227391572,-9.246747040492323,1098.935,1314.1219398917992,883.7480601082005,0.39162814887468206,0.271861154656111,85.73312998306898,1334.5,835.0,1547.05,835.0,-0.04695014523117946,-0.06807282208874599,-0.24545728718992688,-0.12586801764423283
2026-08-04,1007.2,1014.35,964.35,1009.1,50,968.4400000000002,1018.9699999999999,1083.685,1243.3541666666667,1061.9704166666666,810.1325,42.58733303341024,-78.96404168911818,-74.54982615695621,-4.414215532161961,1083.685,1277.9272176047139,889.442782395286,0.358484647484673,0.308010326180013,83.1807635557069,1334.5,835.0,1547.05,835.0,0.008343742193354986,0.045753665993056636,-0.232098013849783,-0.14173931533064
2026-08-05,1057.85,1061.25,1043.3,1051.15,355,998.4,1014.5900000000001,1073.9475,1241.2775,1064.0466666666666,812.7089583333333,45.713546687658045,-71.78818694920028,-73.99749831540504,2.2093113662047585,1073.9475,1253.6687493696754,894.2262506303246,0.3346928027108875,0.4365753908345394,80.96428044458497,1270.05,835.0,1547.05,835.0,0.04167079575859689,0.16619515171686916,-0.15631270567461275,-0.10597490963214962
2026-08-06,1022.8,1022.8,987.15,987.15,387,1019.64,999.0550000000001,1064.9924999999998,1238.2616666666668,1065.8525,815.0008333333333,41.96789984038771,-70.45339264357563,-73.28867718103916,2.8352845374635365,1064.9924999999998,1243.2669240630078,886.718075936992,0.33479000849866625,0.28167788113989956,79.75254612711463,1262.0,835.0,1547.05,835.0,-0.060885696617989926,0.12055167716669501,-0.1535691318327974,-0.1549096823902063
2026-08-07,1013.45,1013.45,979.0,987.1,44,1007.05,990.6400000000001,1054.8325,1234.2133333333334,1067.7491666666667,817.29375,41.965006870434145,-68.60871456773225,-72.35268465837778,3.743970090645533,1054.8325,1226.4189862831488,883.2460137168512,0.32533409102042044,0.3026286875289554,76.51664997517787,1258.0,835.0,1547.05,835.0,-5.0650863597123674e-05,-0.059949526213037396,-0.17071326556330335,-0.197479674796748
2026-08-10,988.0,1008.0,986.0,988.15,30,1004.53,982.07,1042.9099999999999,1230.6775000000002,1069.3616666666667,819.5966666666666,42.05533938254533,-66.29782759016007,-71.14171324473425,4.84388565457418,1042.9099999999999,1197.3827632950135,888.4372367049862,0.29623412048022113,0.32275192457255825,72.62260354837944,1258.0,835.0,1547.05,835.0,0.001063722013980195,-0.01259055708218837,-0.19439915212783299,-0.17674747979671745
2026-08-11,978.5,1009.2,972.9,1004.2,21,1003.55,985.9949999999999,1038.12,1227.4091666666668,1071.1079166666666,821.9456250000001,43.5029453965623,-62.45143092579258,-69.40365678094591,6.95222585515333,1038.12,1191.149073708225,885.0909262917748,0.294819623373454,0.38917138691999836,70.02813186635234,1224.35,835.0,1547.05,835.0,0.016242473308708316,-0.0048558121098007945,-0.087090909090909,-0.16337582271098883
2026-08-12,1010.0,1054.8,1010.0,1040.35,933,1001.39,999.8950000000001,1034.56,1223.72,1072.9825,824.4502083333334,46.730919933170604,-55.84241438333038,-66.6914083014228,10.848993918092418,1034.56,1183.8577046039134,885.2622953960865,0.2886206785569004,0.5193907870699045,68.64040816161288,1206.5,835.0,1547.05,835.0,0.03599880501892039,-0.010274461304285998,-0.06405469839413436,-0.175437901244353
2026-08-13,1083.0,1087.6,1070.05,1077.5,463,1019.4599999999998,1019.55,1028.1100000000001,1221.8791666666666,1075.1666666666667,827.1352083333334,49.898929596148406,-47.064496415494204,-62.766025924237084,15.70152950874288,1028.1100000000001,1156.8713707600127,899.3486292399874,0.25048170090751504,0.6917888871036242,67.11252186435482,1206.5,835.0,1547.05,835.0,0.035709136348344384,0.09152611052018433,-0.10692084542063818,-0.09297529357296186
2026-08-14,1106.85,1110.5,1090.0,1105.8,847,1043.1999999999998,1025.125,1028.54,1220.5208333333333,1077.4975,829.9520833333333,52.22960827989036,-37.39331286330935,-57.69148331205154,20.29817044874219,1028.54,1158.2751633135651,898.8048366864348,0.25227052582022125,0.7977604453052769,64.67591315975805,1159.3,835.0,1547.05,835.0,0.026264501160092824,0.12025124100901619,0.007838133430550398,-0.06864313989724591
2026-08-18,1106.25,1149.85,1078.0,1090.1,564,1063.59,1034.06,1030.7675,1219.4958333333334,1079.4741666666666,832.7137500000001,50.81725133283146,-30.642461785520027,-52.28167900674524,21.639217221225216,1030.7675,1163.098238209221,898.4367617907787,0.2567615649682808,0.7241826079221008,65.18834793406104,1159.3,835.0,1547.05,835.0,-0.014197865798517006,0.103172595253757,0.0426091530773276,-0.053403959708231974
2026-08-19,1036.7,1041.8,1011.6,1020.5,249,1066.85,1035.2,1027.085,1217.4958333333334,1080.7066666666667,835.1795833333333,45.00691564865694,-30.556268356647706,-47.93659687672574,17.38032852007803,1027.085,1156.2159300671124,897.9540699328877,0.2514513016295873,0.4745026230486466,66.13918022448524,1159.3,835.0,1547.05,835.0,-0.06384735345381154,0.016231826329416332,-0.0673125257048851,-0.10521701008329676
2026-08-20,1056.55,1096.5,1043.1,1084.05,1093,1075.5899999999997,1038.4899999999998,1026.54,1214.8300000000002,1082.4025,837.9102083333332,50.56489021192642,-25.071002640504048,-43.3634780294814,18.29247538897735,1026.54,1154.6082614858085,898.4717385141913,0.24951441051650905,0.724528697948995,66.84352449416487,1159.3,835.0,1547.05,835.0,0.062273395394414566,0.042005094439371504,-0.009954792456276618,-0.12857717041800643
2026-08-21,1076.25,1107.1,1076.25,1102.8,4758,1080.6499999999999,1050.0549999999998,1024.555,1212.4766666666665,1084.0858333333333,840.683125,52.10299949802788,-18.991993858448495,-38.48918119527482,19.49718733682632,1024.555,1146.4545155855735,902.6554844144266,0.2379560210736826,0.820940569878934,64.27255845886737,1149.85,835.0,1547.05,835.0,0.017296250172962546,0.023480278422273848,-0.034748358862144446,-0.11350482315112542
2026-08-24,1081.0,1090.45,1054.95,1056.15,764,1070.72,1056.96,1023.8,1207.8091666666667,1085.20875,843.2804166666667,48.093645114099026,-17.734172233094796,-34.33817940283882,16.604007169744023,1023.8,1144.7164008726586,902.8835991273413,0.23621098041152305,0.6337701079693443,63.09951856894826,1149.85,835.0,1547.05,835.0,-0.04230141458106629,-0.04489962018448168,-0.014095682613768923,-0.20958688819039062
2026-08-25,1028.15,1067.1,1009.8,1064.15,309,1065.53,1064.56,1023.3149999999999,1203.65,1086.1183333333333,845.9091666666667,48.82096726611586,-15.908423982654313,-30.65222831880192,14.743804336147608,1023.3149999999999,1143.5001034862369,903.129896513763,0.23489366126019248,0.6698837826631168,62.68526724259482,1149.85,835.0,1547.05,835.0,0.00757468162666286,-0.023805155490321805,-0.009032918936536571,-0.18995965593362252
2026-08-26,1059.45,1089.1,1057.0,1075.7,354,1076.5700000000002,1071.71,1028.8525000000002,1198.8433333333332,1087.1241666666667,848.5860416666668,49.91219393962198,-13.37533433934459,-27.196849522910455,13.821515183565865,1028.8525000000002,1147.9715432928233,909.7334567071772,0.2315570857685101,0.6966415222326687,60.500605296695184,1149.85,835.0,1547.05,835.0,0.010853733026358947,0.05409113179813829,0.11477278615472297,-0.21142145004031954
2026-08-27,1109.5,1110.0,1081.0,1091.2,450,1078.0000000000002,1076.795,1038.3449999999998,1193.0408333333335,1089.7175,851.3247916666666,51.4094935866122,-10.001827247414212,-23.757845067811207,13.756017820396995,1038.3449999999998,1144.904752721172,931.7852472788277,0.2052492239499822,0.7480063938319303,58.62913348978838,1149.85,835.0,1547.05,835.0,0.014409221902017322,0.0065956367326232,0.2106285016919065,-0.24188001528467706
2026-08-28,1075.4,1087.5,1069.8,1070.4,178,1071.52,1076.085,1047.8174999999999,1186.9791666666667,1091.6108333333334,854.0079166666667,49.28052920273134,-8.904044457469581,-20.787084945742883,11.883040488273302,1047.8174999999999,1126.8550561046598,968.7799438953399,0.15086130190545574,0.6428593007740332,55.96990966908921,1149.85,880.0,1547.05,835.0,-0.019061583577712593,-0.029379760609357874,0.21505193257279087,-0.2536085349696673
2026-08-31,1038.45,1075.0,1027.9,1070.0,234,1074.29,1072.505,1048.815,1180.9108333333331,1093.5008333333333,856.669375,49.238300332474104,-7.9743964658325694,-18.22454724976082,10.250150783928252,1048.815,1128.4414472395779,969.1885527604223,0.15184078648680227,0.6330274094501483,55.33634469272569,1149.85,951.4,1547.05,835.0,-0.00037369207772808277,0.013113667566160059,0.01899909528117716,-0.25388745554703296
2026-09-01,1069.8,1080.95,1059.3,1076.95,1194,1076.85,1071.19,1052.625,1175.5175000000002,1095.9979166666667,859.3516666666667,50.039372206408906,-6.600747509811299,-15.899787301770917,9.299039791959618,1052.625,1129.946235763516,975.3037642364841,0.14691126614609365,0.6572983137155046,52.93017721467386,1149.85,964.35,1547.05,835.0,0.006495327102803872,0.012028379457783123,0.07614289283037734,-0.2310520866802327
2026-09-02,1041.15,1052.15,1030.1,1030.1,880,1067.73,1072.15,1053.675,1170.7525,1098.1045833333335,861.833125,44.89595220443753,-9.186626561249568,-14.557155153666649,5.370528592417081,1053.675,1129.151840818871,978.1981591811289,0.14326398712861385,0.3438262668109334,52.49587884219717,1149.85,964.35,1547.05,835.0,-0.04350248386647493,-0.042391001208515466,0.02081062332771766,-0.21724924012158064
2026-09-03,1047.2,1051.1,1010.0,1033.75,1877,1056.24,1067.1200000000001,1052.8049999999998,1166.2708333333333,1099.5925,864.3302083333333,45.36710557192084,-10.816741184897637,-13.809072359912847,2.9923311750152095,1052.8049999999998,1128.7777049669628,976.8322950330368,0.1443243619985905,0.37459311861881245,51.681887496325935,1149.85,972.9,1547.05,835.0,0.003543345306280976,-0.05264846041055726,-0.016553298768016034,-0.20642536368172582
2026-09-04,1044.15,1064.45,1044.15,1058.95,2167,1053.95,1062.7350000000001,1056.395,1163.1258333333333,1101.2904166666667,866.8995833333333,48.63266924189416,-9.96037240074861,-13.03933236808,3.0789599673313894,1056.395,1126.1498270730933,986.6401729269066,0.13206201671362197,0.5183141447496012,50.18318124658837,1149.85,972.9,1547.05,835.0,0.024377267230955235,-0.010696935724962664,0.07273464012561415,-0.15124433935799309
2026-09-07,1093.6,1111.0,1086.0,1111.0,6549,1062.15,1068.22,1062.59,1160.945,1103.7429166666668,869.6489583333333,54.66080013506446,-5.023782927118873,-11.436222479887775,6.412439552768902,1062.59,1128.530925076898,996.6490749231018,0.12411358111199638,0.8670709801503842,50.31652544326063,1149.85,972.9,1547.05,835.0,0.04915246234477544,0.03831775700934581,0.12551919764968078,-0.10536699279301032
2026-09-08,1113.0,1140.6,1099.75,1100.2,18158,1066.8,1071.825,1068.1925,1157.3666666666666,1105.8695833333334,872.3352083333334,53.26405362392675,-1.9603719956187433,-9.541052383033968,7.580680387415224,1068.1925,1126.4788043518547,1009.9061956481456,0.10913071258570817,0.7745713624832132,49.6403450544563,1149.85,972.9,1547.05,835.0,-0.00972097209720968,0.021588745995635872,0.113393715529019,-0.16328237888812835
2026-09-09,1109.95,1130.2,1102.5,1119.0,24258,1084.58,1076.155,1073.9325000000001,1152.99,1108.1504166666666,875.0664583333333,55.40049239932628,1.961791805364328,-7.240483545354309,9.202275350718637,1073.9325000000001,1128.3638813438254,1019.5011186561748,0.10136834734738971,0.9139845332541096,48.23746326485228,1149.85,972.9,1547.05,835.0,0.017087802217778503,0.08630230074750034,0.11431985660227051,-0.1900694846554719
2026-09-10,1113.1,1120.85,1090.2,1112.0,68822,1100.23,1078.235,1077.5149999999999,1147.9,1110.02125,877.7527083333333,54.40327616937752,4.45395100208475,-4.901596635866497,9.355547637951247,1077.5149999999999,1132.0650513290032,1022.9649486709966,0.1012515859714311,0.8160858620646712,46.9812158887914,1149.85,1009.8,1547.05,835.0,-0.006255585344057235,0.07569528415961302,0.06887105301100593,-0.2154649357979399
2026-09-11,1080.75,1098.65,1071.35,1088.3,104371,1106.1,1080.025,1078.0549999999998,1142.0425,1111.6945833333334,880.3097916666666,51.05262815967792,4.465141814306435,-3.0282489458319106,7.493390760138345,1078.0549999999998,1132.80721365385,1023.3027863461494,0.10157591895376458,0.5935578611010162,46.52898618244916,1149.85,1009.8,1547.05,835.0,-0.021312949640287848,0.027716133906227736,0.010023201856148356,-0.24410487931932634
